query,no,token,pos
경주 여행,1,지경,NNG
경주 여행,1,방파제,NNG
경주 여행,1,포토,NNG
경주 여행,1,양남,NNG
경주 여행,1,주상,NNG
경주 여행,1,절리,NNG
경주 여행,1,아점,NNG
경주 여행,1,걸어가,VV+EC
경주 여행,1,거리,NNG
경주 여행,1,이스트,NNP
경주 여행,1,1779,SN
경주 여행,1,여기,NP
경주 여행,1,계획,NNG
경주 여행,1,면서,EC
경주 여행,1,추천,NNG
경주 여행,1,정말,MAG
경주 여행,1,많이,MAG
경주 여행,1,이쁘,VA
경주 여행,1,특이,NNG
경주 여행,1,사진,NNG
경주 여행,1,나오,VV
경주 여행,1,공간,NNG
경주 여행,1,중간중간,MAG
경주 여행,1,스타일,NNG
경주 여행,1,조형물,NNG
경주 여행,1,소금,NNG
경주 여행,1,모나카,NNP
경주 여행,1,노을,NNG
경주 여행,1,새벽,NNG
경주 여행,2,아이,NNG
경주 여행,2,동리,NNG
경주 여행,2,문학관,NNG
경주 여행,2,신라,NNG
경주 여행,2,빛낸,VV+ETM
경주 여행,2,인물,NNG
경주 여행,2,초등,NNG
경주 여행,2,이번,NNG
경주 여행,2,에서,JKB
경주 여행,2,숙소,NNG
경주 여행,2,클래시,NNP
경주 여행,2,에서,JKB
경주 여행,2,머물,VV
경주 여행,2,근처,NNG
경주 여행,2,위치,NNG
경주 여행,2,유용,XR
경주 여행,2,정보,NNG
경주 여행,2,다면,EC
경주 여행,2,솔직,XR
경주 여행,2,후기,NNG
경주 여행,2,다시,MAG
경주 여행,2,찾아올,VV+ETM
경주 여행,2,게요,NNB+VCP+EC
경주 여행,2,정보,NNG
경주 여행,2,매장,MAG
경주 여행,2,동리,NNG
경주 여행,2,문학관,NNG
경주 여행,2,신라,NNG
경주 여행,2,빛낸,VV+ETM
경주 여행,2,인물,NNG
경주 여행,2,주소,NNG
경주 여행,2,경상북도,NNP
경주 여행,3,황리,NNG
경주 여행,3,카페,NNG
경주 여행,3,양지,NNG
경주 여행,3,다방,NNG
경주 여행,3,감성,NNG
경주 여행,3,특별,NNG
경주 여행,3,영감,NNG
경주 여행,3,만나,VV
경주 여행,3,모금,NNBC
경주 여행,3,마시,VV
경주 여행,3,자마자,EC
경주 여행,3,입안,NNG
경주 여행,3,가득,MAG
경주 여행,3,퍼지,VV
경주 여행,3,달콤,XR
경주 여행,3,피로,NNG
경주 여행,3,마법,NNG
경주 여행,3,습니다,EF
경주 여행,3,함께,MAG
경주 여행,3,이번,NNG
경주 여행,3,에서,JKB
경주 여행,3,만난,VV+ETM
경주 여행,3,양지,NNG
경주 여행,3,다방,NNG
경주 여행,3,에게,JKB
경주 여행,3,단순,NNG
경주 여행,3,카페,NNG
경주 여행,3,이상,NNG
경주 여행,3,의미,NNG
경주 여행,3,다가왔,VV+EP
경주 여행,3,습니다,EF
경주 여행,3,디자이너,NP
경주 여행,3,로서,JKB
경주 여행,4,캘리포니아,NNP
경주 여행,4,비치,NNG
경주 여행,4,후기,NNG
경주 여행,4,놀이,NNG
경주 여행,4,기구,NNG
경주 여행,4,부터,JX
경주 여행,4,물놀이,NNG
경주 여행,4,까지,JX
경주 여행,4,솔직,XR
경주 여행,4,이젠,NNG+JX
경주 여행,4,아마,MAG
경주 여행,4,캘리포니아,NNP
경주 여행,4,비치,NNG
경주 여행,4,후기,NNG
경주 여행,4,려고,EC
경주 여행,4,진짜,MAG
경주 여행,4,간다고,VV+EC
경주 여행,4,바다,NNG
경주 여행,4,많이,MAG
경주 여행,4,아서,EC
경주 여행,4,여름,NNG
경주 여행,4,니까,EC
경주 여행,4,물놀이,NNG
경주 여행,4,다구,EC
경주 여행,4,생각,NNG
경주 여행,4,해서,VV+EC
경주 여행,4,는데,EC
경주 여행,4,월드,NNG
경주 여행,5,데이트,NNG
경주 여행,5,코스,NNG
경주 여행,5,양식,NNG
경주 여행,5,맛집,NNG
경주 여행,5,미담,NNG
경주 여행,5,키친,NNG
경주 여행,5,솔직,XR
경주 여행,5,후기,NNG
경주 여행,5,03,SN
경주 여행,5,목요일,NNG
경주 여행,5,이번,NNG
경주 여행,5,동안,NNG
경주 여행,5,줄곧,MAG
경주 여행,5,한식,NNG
경주 여행,5,위주,NNG
경주 여행,5,식사,NNG
경주 여행,5,더니,EC
경주 여행,5,슬슬,MAG
경주 여행,5,입맛,NNG
경주 여행,5,돋워줄,VV+EC+VX+ETM
경주 여행,5,부드럽,VA
경주 여행,5,진한,VA+ETM
경주 여행,5,양식,NNG
경주 여행,5,생각났,VV+EP
경주 여행,5,기분,NNG
경주 여행,5,데이트,NNG
경주 여행,5,코스,NNG
경주 여행,5,양식,NNG
경주 여행,5,맛집,NNG
경주 여행,5,미담,NNG
경주 여행,5,키친,NNG
경주 여행,5,분위기,NNG
경주 여행,5,들어서,VV
경주 여행,5,자마자,EC
경주 여행,6,보문호,NNP
경주 여행,6,보트,NNG
경주 여행,6,이색,NNG
경주 여행,6,수상,NNG
경주 여행,6,레저,NNG
경주 여행,6,최대,NNG
경주 여행,6,까지,JX
경주 여행,6,탑승,NNG
경주 여행,6,아이,NNG
경주 여행,6,함께,MAG
경주 여행,6,가족,NNG
경주 여행,6,어울리,VV
경주 여행,6,는데요,EF
경주 여행,6,직접,MAG
경주 여행,6,힘들,VA
경주 여행,6,보트,NNG
경주 여행,6,보문호,NNP
경주 여행,6,보문관광단지,NNP
경주 여행,6,데이트,NNG
경주 여행,6,코스,NNG
경주 여행,6,야경,NNG
경주 여행,7,셀렉,NNP
경주 여행,7,최저,NNG
경주 여행,7,특가,NNG
경주 여행,7,조식,NNG
경주 여행,7,뷔페,NNG
경주 여행,7,사우,NNG
경주 여행,7,체크,NNG
경주 여행,7,까지,JX
경주 여행,7,셀렉,NNP
경주 여행,7,셀렉,NNP
경주 여행,7,호텔,NNG
경주 여행,7,숙소,NNG
경주 여행,7,호텔,NNG
경주 여행,7,추천,NNP
경주 여행,7,보문,NNG
경주 여행,7,단지,MAG
경주 여행,7,보문관광단지,NNP
경주 여행,7,가족,NNG
경주 여행,7,아이,NNG
경주 여행,7,리조트,NNG
경주 여행,7,수영장,NNG
경주 여행,7,호텔,NNG
경주 여행,8,황리,NNG
경주 여행,8,기념품,NNG
경주 여행,8,디저트,NNG
경주 여행,8,수제,NNG
경주 여행,8,초콜릿,NNG
경주 여행,8,오르,NNP
경주 여행,8,신라,NNP
경주 여행,8,기념품,NNG
경주 여행,8,어요,EF
경주 여행,8,오르,NNP
경주 여행,8,신라,NNP
경주 여행,8,오르,NNP
경주 여행,8,신라,NNP
경주 여행,8,기념품,NNG
경주 여행,8,초콜릿,NNG
경주 여행,8,수제,NNG
경주 여행,8,초콜릿,NNG
경주 여행,8,황리,NNG
경주 여행,8,간식,NNG
경주 여행,8,황리,NNG
경주 여행,8,기념품,NNG
경주 여행,8,황리,NNG
경주 여행,8,초콜릿,NNG
경주 여행,8,선물,NNG
경주 여행,8,기념품,NNG
경주 여행,8,간식,NNG
경주 여행,8,황리,NNG
경주 여행,8,기념품,NNG
경주 여행,9,카페,NNG
경주 여행,9,신상,NNG
경주 여행,9,랜덤,NNG
경주 여행,9,퀴시,NNP
경주 여행,9,아이스크림,NNG
경주 여행,9,솔직,XR
경주 여행,9,준비,NNG
경주 여행,9,다면,EC
경주 여행,9,같이,MAG
경주 여행,9,출발,NNG
경주 여행,9,볼게요,VX+EF
경주 여행,9,위치,NNG
경주 여행,9,방문,NNG
경주 여행,9,정보,NNG
경주 여행,9,방문,NNG
경주 여행,9,일자,NNG
경주 여행,9,2026,SN
경주 여행,9,24,SN
경주 여행,9,장명,NNG
경주 여행,9,아이스크림,NNG
경주 여행,9,보리스,NNG
경주 여행,9,황리,NNG
경주 여행,9,카페,NNG
경주 여행,9,카페,NNG
경주 여행,9,리리,NNP
경주 여행,9,기록,NNG
경주 여행,10,기념품,NNG
경주 여행,10,파티,NNG
경주 여행,10,으로,JKB
경주 여행,10,체리,NNP
경주 여행,10,스파클,NNP
경주 여행,10,귀여운,VA+ETM
경주 여행,10,체리,NNG
경주 여행,10,총평,NNG
경주 여행,10,요약,NNG
경주 여행,10,체리,NNG
경주 여행,10,스파클,NNP
경주 여행,10,상큼,XR
경주 여행,10,달콤,XR
경주 여행,10,해서,XSA+EC
경주 여행,10,기분,NNG
경주 여행,10,내기,NNP
경주 여행,10,파티,NNG
경주 여행,10,강력,XR
경주 여행,10,추천,NNP
경주 여행,10,체리,NNG
경주 여행,10,코스,NNG
경주 여행,10,체리,NNG
경주 여행,10,기념품,NNG
경주 여행,10,선물,NNG
경주 여행,10,체리,NNG
경주 여행,10,스파클,NNP
경주 여행,10,황리,NNG
경주 여행,11,여유,NNG
경주 여행,11,33,SN
경주 여행,11,개월,NNBC
경주 여행,11,아기,NNG
경주 여행,11,가족,NNG
경주 여행,11,다녀온,VV+ETM
경주 여행,11,키즈,NNP
경주 여행,11,솔직,XR
경주 여행,11,후기,NNG
경주 여행,11,이번,NNG
경주 여행,11,숙소,NNG
경주 여행,11,여유,NNG
경주 여행,11,빌라,NNG
경주 여행,11,아이,NNG
경주 여행,11,숙소,NNG
경주 여행,11,고를,VV+ETM
경주 여행,11,수영장,NNG
경주 여행,11,는지,EC
경주 여행,11,아무래도,MAG
경주 여행,11,개수,NNG
경주 여행,11,중요,NNG
경주 여행,11,한데,XSA+EC
경주 여행,11,여유,NNG
경주 여행,11,침실,NNG
경주 여행,11,부분,NNG
경주 여행,11,어요,EF
경주 여행,11,저희,NP
경주 여행,12,키덜트,NNP
경주 여행,12,뮤지엄,NNP
경주 여행,12,아이,NNG
경주 여행,12,어른,NNG
경주 여행,12,추억,NNG
경주 여행,12,빠지,VV
경주 여행,12,장난,NNG
경주 여행,12,저희,NP
경주 여행,12,처럼,JKB
경주 여행,12,자동차,NNG
경주 여행,12,박물관,NNG
경주 여행,12,먼저,MAG
경주 여행,12,키덜트,NNP
경주 여행,12,뮤지엄,NNP
경주 여행,12,으로,JKB
경주 여행,12,넘어가,VV
경주 여행,12,동선,NNG
경주 여행,12,아주,MAG
경주 여행,12,깔끔,XR
경주 여행,12,답니다,EC
경주 여행,12,키덜트,NNP
경주 여행,12,뮤지엄,NNP
경주 여행,12,아이,NNG
경주 여행,12,아이,NNG
경주 여행,12,가족,NNG
경주 여행,13,황리,NNG
경주 여행,13,제로,NR
경주 여행,13,스페이스,NNG
경주 여행,13,소품,NNG
경주 여행,13,후기,NNG
경주 여행,13,맛집,NNG
경주 여행,13,이나,JC
경주 여행,13,카페,NNG
경주 여행,13,아니,VCN
경주 여행,13,추억,NNG
경주 여행,13,오래,MAG
경주 여행,13,간직,NNG
경주 여행,13,기념품,NNG
경주 여행,13,하나,NR
경주 여행,13,잖아요,EC+VX+EF
경주 여행,13,이번,NNG
경주 여행,13,에서,JKB
경주 여행,13,황리,NNG
경주 여행,13,근처,NNG
경주 여행,13,제로,NNG
경주 여행,13,스페이스,NNG
경주 여행,14,황리,NNG
경주 여행,14,디저트,NNG
경주 여행,14,선물,NNG
경주 여행,14,도쿄,NNP
경주 여행,14,파이,NNG
경주 여행,14,간식,NNG
경주 여행,14,으로,JKB
경주 여행,14,프리,NNG
경주 여행,14,엄마,NNG
경주 여행,14,마치,VV
경주 여행,14,돌아가,VV
경주 여행,14,선물,NNG
경주 여행,14,도쿄,NNP
경주 여행,14,파이,NNG
경주 여행,14,들렀,VV+EP
경주 여행,14,어요,EF
경주 여행,14,요즘,MAG
경주 여행,14,신상,NNG
경주 여행,14,플로,NNG
경주 여행,14,총평,NNG
경주 여행,14,도쿄,NNP
경주 여행,14,파이,NNG
경주 여행,14,마무리,NNG
경주 여행,14,선물,NNG
경주 여행,14,파이,NNG
경주 여행,14,들렀,VV+EP
경주 여행,14,에요,EF
경주 여행,15,황리,NNG
경주 여행,15,맛집,NNG
경주 여행,15,디저트,NNG
경주 여행,15,타르,NNG
경주 여행,15,생초,NNG
경주 여행,15,무화과,NNG
경주 여행,15,복숭아,NNG
경주 여행,15,크림,NNG
경주 여행,15,임신,NNG
경주 여행,15,안정기,NNG
경주 여행,15,찾아와,VV+EC
경주 여행,15,모처럼,MAG
경주 여행,15,떠난,VV+ETM
경주 여행,15,그런데,MAJ
경주 여행,15,장날,NNG
경주 여행,15,라고,EC
경주 여행,15,내내,MAG
경주 여행,15,진심,NNG
경주 여행,15,타르,NNG
경주 여행,15,황리,NNG
경주 여행,15,맛집,NNG
경주 여행,15,디저트,NNG
경주 여행,15,생초,NNG
경주 여행,15,무화과,NNG
경주 여행,15,복숭아,NNG
경주 여행,15,크림,NNG
경주 여행,15,모찌,NNG
경주 여행,15,후기,NNG
경주 여행,15,타르,NNG
경주 여행,15,경북,NNP
경주 여행,15,경주시,NNP
경주 여행,15,사정,NNG
경주 여행,16,한식,NNG
경주 여행,16,맛집,NNG
경주 여행,16,황리,NNG
경주 여행,16,소소,NNG
경주 여행,16,함박,NNG
경주 여행,16,숯불,NNG
경주 여행,16,함박,NNG
경주 여행,16,육회,NNG
경주 여행,16,메밀,NNG
경주 여행,16,소바,NNP
경주 여행,16,한옥,NNP
경주 여행,16,황리,NNG
경주 여행,16,에서,JKB
경주 여행,16,한옥,NNG
경주 여행,16,천마총,NNG
경주 여행,16,바라보,VV
경주 여행,16,불향,NNG
경주 여행,16,가득,MAG
경주 여행,16,함박,NNG
경주 여행,16,스테이크,NNG
경주 여행,16,맛볼,VV+ETM
경주 여행,16,한식,NNG
경주 여행,16,맛집,NNG
경주 여행,16,소소,NNG
경주 여행,16,함박,NNG
경주 여행,16,다녀왔,VV+EP
경주 여행,16,어요,EF
경주 여행,16,안녕,IC
경주 여행,16,세요,EP+EF
경주 여행,16,아윤,NNG
경주 여행,16,예요,EC
경주 여행,17,코스,NNG
경주 여행,17,추천,NNP
경주 여행,17,불국사,NNP
경주 여행,17,주차,NNG
경주 여행,17,석가탑,NNG
경주 여행,17,다보탑,NNG
경주 여행,17,직접,MAG
경주 여행,17,느끼,VV
경주 여행,17,불국사,NNP
경주 여행,17,고즈넉,XR
경주 여행,17,여행자,NNG
경주 여행,17,에게,JKB
경주 여행,17,여운,NNG
경주 여행,17,전해,VV+EC
경주 여행,17,줍니다,VX+EF
경주 여행,17,결론,NNG
경주 여행,17,으로,JKB
경주 여행,17,추천,NNG
경주 여행,17,불국사,NNP
경주 여행,17,역사,NNG
경주 여행,17,숨결,NNG
경주 여행,17,정교,XR
경주 여행,17,건축,NNG
경주 여행,17,미학,NNG
경주 여행,17,흐르,VV
경주 여행,17,유네스코,NNG
경주 여행,18,꾸준,XR
경주 여행,18,야경,NNG
경주 여행,18,대릉원,NNG
경주 여행,18,이유,NNG
경주 여행,18,야경,NNG
경주 여행,18,대릉원,NNG
경주 여행,18,대릉원,NNG
경주 여행,18,야경,NNG
경주 여행,18,추천,NNP
경주 여행,18,산책,NNG
경주 여행,18,데이트,NNG
경주 여행,18,코스,NNG
경주 여행,18,첨성대,NNG
경주 여행,18,야경,NNG
경주 여행,18,산책,NNG
경주 여행,18,추천,NNG
경주 여행,19,코스,NNG
경주 여행,19,보다,JKB
경주 여행,19,저녁,NNG
경주 여행,19,예쁜,VA+ETM
경주 여행,19,한낮,NNG
경주 여행,19,부터,JX
경주 여행,19,부지런히,MAG
경주 여행,19,돌아다니,VV
경주 여행,19,보다,JKB
경주 여행,19,오후,NNG
경주 여행,19,부터,JX
경주 여행,19,천천히,MAG
경주 여행,19,시작,NNG
경주 여행,19,어울려요,VV+EF
경주 여행,19,특히,MAG
경주 여행,19,남겨,VV+EC
경주 여행,19,세요,EP+EF
경주 여행,19,코스,NNG
경주 여행,19,황리,NNG
경주 여행,20,황리,NNG
경주 여행,20,근처,NNG
경주 여행,20,부모,NNG
경주 여행,20,모시,VV
경주 여행,20,정갈,XR
경주 여행,20,돌솥,NNG
경주 여행,20,정식,NNG
경주 여행,20,전체,NNG
경주 여행,20,으로,JKB
경주 여행,20,따뜻,XR
경주 여행,20,정겨운,VA+ETM
경주 여행,20,한식집,NNG
경주 여행,20,분위기,NNG
경주 여행,20,부모,NNG
경주 여행,20,모시,VV
경주 여행,20,거나,EC
경주 여행,20,와서,VV+EC
경주 여행,20,들르,VV
경주 여행,20,어요,EF
경주 여행,20,맛집,NNG
경주 여행,20,정식,NNG
경주 여행,20,능수버들,NNG
경주 여행,20,돌솥,NNG
경주 여행,20,육회,NNG
경주 여행,20,물회,NNG
경주 여행,20,포석,NNG
경주 여행,20,맛집,NNG
경주 여행,20,한옥,NNG
경주 여행,20,맛집,NNG
경주 여행,20,맛집,NNG
경주 여행,21,2026,SN
경주 여행,21,황금,NNG
경주 여행,21,카니발,NNG
경주 여행,21,19,SN
경주 여행,21,일정,NNG
경주 여행,21,라인업,NNG
경주 여행,21,티켓,NNG
경주 여행,21,정리,NNG
경주 여행,21,가을,NNG
경주 여행,21,아요,EF
경주 여행,21,한눈,NNG
경주 여행,21,2026,SN
경주 여행,21,황금,NNG
경주 여행,21,카니발,NNG
경주 여행,21,일정,NNG
경주 여행,21,2026,SN
경주 여행,21,19,SN
경주 여행,21,운영,NNG
경주 여행,21,시간,NNG
경주 여행,21,11,SN
경주 여행,21,이나,JC
경주 여행,21,축제,NNG
경주 여행,21,다면,EC
경주 여행,21,황리,NNG
경주 여행,21,금리,NNG
경주 여행,21,공연장,NNG
경주 여행,21,으로,JKB
경주 여행,21,변하,VV
경주 여행,21,하루,NNG
경주 여행,22,춘재,NNG
경주 여행,22,너무,MAG
경주 여행,22,맛있,VA
경주 여행,22,육회,NNG
경주 여행,22,비빔밥,NNG
경주 여행,22,만족,NNG
경주 여행,22,에서,JKB
경주 여행,22,일정,NNG
경주 여행,22,으로,JKB
경주 여행,22,방문,NNG
경주 여행,22,불국사,NNP
경주 여행,22,비빔밥,NNG
경주 여행,22,전문점,NNG
경주 여행,22,춘재,NNG
경주 여행,22,후기,NNG
경주 여행,22,남겨,VV+EC
경주 여행,22,본다,VV+EC
경주 여행,22,부모,NNG
경주 여행,22,아이,NNG
경주 여행,22,까지,JX
경주 여행,22,함께,MAG
경주 여행,22,가족,NNG
경주 여행,22,메뉴,NNG
경주 여행,22,선정,NNG
경주 여행,22,제일,MAG
경주 여행,22,중요,NNG
경주 여행,22,는데,EC
경주 여행,22,모두,NNG
경주 여행,22,입맛,NNG
경주 여행,22,완벽,NNG
경주 여행,22,사로잡,VV
경주 여행,23,단체,NNG
경주 여행,23,숙소,NNG
경주 여행,23,비교,NNG
경주 여행,23,선택,NNG
경주 여행,23,12,SN
경주 여행,23,한옥,NNG
경주 여행,23,독채,NNG
경주 여행,23,거랑,NNG
경주 여행,23,위치,NNG
경주 여행,23,거랑,NNG
경주 여행,23,단체,NNG
경주 여행,23,펜션,NNG
경주 여행,23,단체,NNG
경주 여행,23,숙소,NNG
경주 여행,23,가족,NNG
경주 여행,23,펜션,NNG
경주 여행,23,가족,NNG
경주 여행,23,숙소,NNG
경주 여행,23,인숙,NNG
경주 여행,23,12,SN
경주 여행,23,인숙,NNG
경주 여행,23,숙소,NNG
경주 여행,23,추천,NNP
경주 여행,23,한옥,NNG
경주 여행,23,독채,NNG
경주 여행,23,국내,NNG
경주 여행,23,가족,NNG
경주 여행,23,단체,NNG
경주 여행,23,여행지,NNG
경주 여행,23,추천,NNG
경주 여행,23,추석,NNG
경주 여행,23,가족,NNG
경주 여행,23,추석,NNG
경주 여행,23,숙소,NNG
경주 여행,23,거랑,NNG
경주 여행,23,한옥,NNP
경주 여행,23,스테이,NNP
경주 여행,24,조식,NNG
경주 여행,24,황리,NNG
경주 여행,24,까지,JX
경주 여행,24,바로,MAG
경주 여행,24,한옥,NNP
경주 여행,24,스테이,NNP
경주 여행,24,어용,EC
경주 여행,24,날짜,NNG
경주 여행,24,숙소,NNG
경주 여행,24,한참,MAG
경주 여행,24,는데,EC
경주 여행,24,이상,NNG
경주 여행,24,마음,NNG
경주 여행,24,들어오,VV
경주 여행,24,더라구요,EF
경주 여행,24,괜히,MAG
경주 여행,24,분위기,NNG
경주 여행,24,가라앉,VV
경주 여행,24,아닌가,VCN+EC
경주 여행,24,어요,EF
경주 여행,24,그런데,MAJ
경주 여행,24,도착,NNG
경주 여행,24,니까,EC
경주 여행,24,오히려,MAJ
경주 여행,24,흐린,VA+ETM
경주 여행,24,하늘,NNG
경주 여행,24,한옥,NNG
경주 여행,24,이랑,JKB
경주 여행,25,소바,NNP
경주 여행,25,카게,NNP
경주 여행,25,분위기,NNG
경주 여행,25,모두,MAG
경주 여행,25,마제,NNG
경주 여행,25,소바,NNP
경주 여행,25,맛집,NNG
경주 여행,25,황리,NNG
경주 여행,25,에서,JKB
경주 여행,25,색다른,VA+ETM
경주 여행,25,요리,NNG
경주 여행,25,마제,NNG
경주 여행,25,소바,NNP
경주 여행,25,맛집,NNG
경주 여행,25,는다면,EC
경주 여행,25,소바,NNP
경주 여행,25,카게,NNP
경주 여행,25,방문,NNG
경주 여행,25,세요,EP+EF
경주 여행,25,소바,NNP
경주 여행,25,카게,NNP
경주 여행,25,맛집,NNG
경주 여행,25,마제,NNP
경주 여행,25,소바,NNP
경주 여행,25,아부,NNG
경주 여행,25,소바,NNP
경주 여행,25,도니,NNP
경주 여행,25,마제,NNP
경주 여행,25,소바,NNP
경주 여행,25,아부,NNP
경주 여행,25,라소,NNP
경주 여행,25,데이트,NNG
경주 여행,26,맛집,NNG
경주 여행,26,전현무,NNP
경주 여행,26,계획,NNG
경주 여행,26,나온,VV+ETM
경주 여행,26,단골,NNG
경주 여행,26,식당,NNG
경주 여행,26,오징어,NNG
경주 여행,26,불고기,NNG
경주 여행,26,후기,NNG
경주 여행,26,다음,NNG
경주 여행,26,인분,NNG
경주 여행,26,주문,NNG
경주 여행,26,해서,XSV+EC
경주 여행,26,막창,NNG
경주 여행,26,불고기,NNG
경주 여행,26,까지,JX
경주 여행,26,같이,MAG
경주 여행,26,네요,EF
경주 여행,26,맛집,NNG
경주 여행,26,단골,NNG
경주 여행,26,식당,NNG
경주 여행,26,오징어,NNG
경주 여행,26,불고기,NNG
경주 여행,26,맛집,NNG
경주 여행,26,추천,NNG
경주 여행,26,맛집,NNG
경주 여행,26,현지,NNG
경주 여행,26,맛집,NNG
경주 여행,26,불고기,NNG
경주 여행,26,웨이팅,NNG
경주 여행,26,맛집,NNG
경주 여행,27,황리,NNG
경주 여행,27,맛집,NNG
경주 여행,27,손님,NNG
경주 여행,27,불향,NNG
경주 여행,27,가득,MAG
경주 여행,27,고추장,NNG
경주 여행,27,석쇠,NNG
경주 여행,27,불고기,NNG
경주 여행,27,다면,EC
경주 여행,27,빼놓,VV
경주 여행,27,하나,NR
경주 여행,27,바로,MAG
경주 여행,27,황리,NNG
경주 여행,27,바로,MAG
경주 여행,27,황리,NNG
경주 여행,27,위치,NNG
경주 여행,27,입니다,VCP+EF
경주 여행,27,황리,NNG
경주 여행,27,한식,NNG
경주 여행,27,매일,MAG
경주 여행,27,한식,NNG
경주 여행,27,식상,NNG
경주 여행,27,지만,EC
경주 여행,27,한식,NNG
경주 여행,27,생각나,VV
경주 여행,27,거나,EC
경주 여행,28,황리,NNG
경주 여행,28,숙소,NNG
경주 여행,28,스테이,NNG
경주 여행,28,호텔,NNG
경주 여행,28,가성,NNG
경주 여행,28,숙소,NNG
경주 여행,28,으시,EP
경주 여행,28,스탠다드,NNG
경주 여행,28,만족,NNG
경주 여행,28,후기,NNG
경주 여행,28,무료,NNG
경주 여행,28,조식,NNG
경주 여행,28,여행지,NNG
경주 여행,28,에서,JKB
경주 여행,28,제일,MAG
경주 여행,28,중요,NNG
경주 여행,28,생각,NNG
경주 여행,28,바로,MAG
경주 여행,28,숙소,NNG
경주 여행,28,인데요,VCP+EF
경주 여행,28,황리,NNG
경주 여행,28,숙소,NNG
경주 여행,28,터미널,NNG
경주 여행,28,숙소,NNG
경주 여행,28,숙소,NNG
경주 여행,28,내산,NNP
경주 여행,28,이추,NNG
경주 여행,29,빌라,NNG
경주 여행,29,추천,NNG
경주 여행,29,스테이,NNG
경주 여행,29,다움,XSA+ETN
경주 여행,29,아이,NNG
경주 여행,29,독채,NNG
경주 여행,29,수영장,NNG
경주 여행,29,펜션,NNG
경주 여행,29,소개,NNG
경주 여행,29,시켜,VV+EC
경주 여행,29,드릴까,VX+EC
경주 여행,29,합니다,VX+EF
경주 여행,29,경주로,NNG
경주 여행,29,가족,NNG
경주 여행,29,마다,JX
경주 여행,29,항상,MAG
경주 여행,29,고민,NNG
경주 여행,29,하나,NR
경주 여행,29,바로,MAG
경주 여행,29,숙소,NNG
경주 여행,29,인데요,VCP+EF
경주 여행,29,이번,NNG
경주 여행,29,에서,JKB
경주 여행,29,정말,MAG
경주 여행,29,오랜만,NNG
경주 여행,29,여기,NP
경주 여행,29,다음,NNG
경주 여행,29,라는,ETM
경주 여행,29,생각,NNG
경주 여행,29,펜션,NNG
경주 여행,30,숙소,NNG
경주 여행,30,힐튼,NNP
경주 여행,30,호텔,NNG
경주 여행,30,프리미엄,NNG
경주 여행,30,레이크,NNP
경주 여행,30,컨디션,NNG
경주 여행,30,숙소,NNG
경주 여행,30,힐튼,NNP
경주 여행,30,호텔,NNG
경주 여행,30,프리미엄,NNG
경주 여행,30,레이크,NNP
경주 여행,30,컨디션,NNG
경주 여행,30,안녕,NNG
경주 여행,30,세요,EP+EF
경주 여행,30,오늘,NNG
경주 여행,30,사랑,NNG
경주 여행,30,먹여,VV+EC
경주 여행,30,입니다,VCP+EF
경주 여행,30,부산,NNP
경주 여행,30,에서,JKB
경주 여행,30,시작,NNG
경주 여행,30,까지,JX
경주 여행,30,이어지,VV
경주 여행,30,일정,NNG
경주 여행,30,에서,JKB
경주 여행,30,조금,MAG
경주 여행,30,여유,NNG
경주 여행,31,대말,NNG
경주 여행,31,체험,NNG
경주 여행,31,전시관,NNG
경주 여행,31,후기,NNG
경주 여행,31,감포,NNP
경주 여행,31,바다,NNG
경주 여행,31,함께,MAG
경주 여행,31,즐기,VV
경주 여행,31,라고,EC
경주 여행,31,보통,NNG
경주 여행,31,불국사,NNG
경주 여행,31,대릉원,NNG
경주 여행,31,황리,NNG
경주 여행,31,부터,JX
경주 여행,31,떠올리,VV
경주 여행,31,는데요,EC
경주 여행,31,이번,NNG
경주 여행,31,조금,MAG
경주 여행,31,다른,MM
경주 여행,31,그런,MM
경주 여행,31,에서,JKB
경주 여행,31,대말,NNG
경주 여행,31,체험,NNG
경주 여행,31,전시관,NNG
경주 여행,31,가족,NNG
경주 여행,31,중간,NNG
경주 여행,31,괜찮,VA
경주 여행,31,코스,NNG
경주 여행,31,습니다,EF
경주 여행,31,아이,NNG
경주 여행,32,CELL,SL
경주 여행,32,27,SN
경주 여행,32,독채,NNG
경주 여행,32,Deluxe,SL
경주 여행,32,여름휴가,NNG
경주 여행,32,내산,NNP
경주 여행,32,솔직,XR
경주 여행,32,후기,NNG
경주 여행,32,떠났,VV+EP
경주 여행,32,에서,JKB
경주 여행,32,숙소,NNG
경주 여행,32,바다,NNG
경주 여행,32,에서,JKB
경주 여행,32,근처,NNG
경주 여행,32,마트,NNG
경주 여행,32,수산,NNG
경주 여행,32,시장,NNG
경주 여행,32,어서,EC
경주 여행,32,어요,EF
경주 여행,32,CELL,SL
경주 여행,32,27,SN
경주 여행,32,독채,NNG
경주 여행,32,빌라,NNG
경주 여행,32,소개,NNG
경주 여행,32,어도,EC
경주 여행,32,널널,XR
경주 여행,32,슴니다,EF
경주 여행,32,액체,NNG
경주 여행,32,훨씬,MAG
경주 여행,33,대릉원,NNG
경주 여행,33,미디어,NNG
경주 여행,33,아트,NNG
경주 여행,33,2026,SN
경주 여행,33,봐야,VX+EC
경주 여행,33,야경,NNG
경주 여행,33,명소,NNG
경주 여행,33,코스,NNG
경주 여행,33,야경,NNG
경주 여행,33,야경,NNG
경주 여행,33,명소,NNG
경주 여행,33,데이트,NNG
경주 여행,33,아이,NNG
경주 여행,33,가족,NNG
경주 여행,33,축제,NNG
경주 여행,33,행사,NNG
경주 여행,33,축제,NNG
경주 여행,33,가을,NNG
경주 여행,33,볼거리,NNG
경주 여행,33,2026,SN
경주 여행,34,반일,NNG
경주 여행,34,투어,NNG
경주 여행,34,중앙,NNG
경주 여행,34,시장,NNG
경주 여행,34,에서,JKB
경주 여행,34,알찬,VA+ETM
경주 여행,34,하루,NNG
경주 여행,34,이미지,NNG
경주 여행,34,클릭,NNG
경주 여행,34,상세,NNG
경주 여행,34,페이지,NNG
경주 여행,34,바로,MAG
경주 여행,34,계획,NNG
경주 여행,34,면서,EC
경주 여행,34,반일,NNG
경주 여행,34,투어,NNG
경주 여행,34,대해,VV+EC
경주 여행,34,여러,MM
경주 여행,34,가지,NNBC
경주 여행,34,반일,NNG
경주 여행,34,투어,NNG
경주 여행,34,중앙,NNG
경주 여행,34,시장,NNG
경주 여행,34,에서,JKB
경주 여행,34,알찬,VA+ETM
경주 여행,34,하루,NNG
경주 여행,34,하지만,MAJ
경주 여행,34,모든,MM
경주 여행,34,여행자,NNG
경주 여행,34,에게,JKB
경주 여행,34,선택,NNG
경주 여행,34,아닐,VCN+ETM
경주 여행,34,으니,EC
경주 여행,35,한옥,NNG
경주 여행,35,펜션,NNG
경주 여행,35,포레,NNP
경주 여행,35,독채,NNG
경주 여행,35,수영장,NNG
경주 여행,35,가족,NNG
경주 여행,35,숙소,NNG
경주 여행,35,객실,NNG
경주 여행,35,따라,VV+EC
경주 여행,35,최대,NNG
경주 여행,35,부터,JX
경주 여행,35,10,SN
경주 여행,35,까지,JX
경주 여행,35,머물,VV+ETM
경주 여행,35,어서,EC
경주 여행,35,가족,NNG
경주 여행,35,이나,JC
경주 여행,35,여러,MM
경주 여행,35,함께,MAG
경주 여행,35,비교,NNG
경주 여행,35,아요,EF
경주 여행,35,기본,NNG
경주 여행,35,정보,NNG
경주 여행,35,주소,NNG
경주 여행,35,경상북도,NNP
경주 여행,35,경주시,NNP
경주 여행,35,거랑,NNG
경주 여행,35,110,SN
경주 여행,35,체크인,NNG
경주 여행,35,15,SN
경주 여행,35,00,SN
경주 여행,35,체크아웃,NNG
경주 여행,35,11,SN
경주 여행,35,00,SN
경주 여행,36,조용,XR
경주 여행,36,휴식,NNG
경주 여행,36,즐거움,NNG
경주 여행,36,공존,NNG
경주 여행,36,판타지,NNG
경주 여행,36,키즈,NNP
경주 여행,36,빌라,NNG
경주 여행,36,에서,JKB
경주 여행,36,최근,NNG
경주 여행,36,가족,NNG
경주 여행,36,함께,MAG
경주 여행,36,계획,NNG
경주 여행,36,면서,EC
경주 여행,36,아이,NNG
경주 여행,36,위한,VV+ETM
경주 여행,36,숙소,NNG
경주 여행,36,판타지,NNG
경주 여행,36,키즈,NNP
경주 여행,36,빌라,NNG
경주 여행,36,월드,NNG
경주 여행,36,관광,NNG
경주 여행,36,연계,NNG
경주 여행,36,계획,NNG
경주 여행,36,여러,MM
경주 여행,36,차례,NNG
경주 여행,36,아이,NNG
경주 여행,36,휴식,NNG
경주 여행,36,물놀,NNG
경주 여행,36,시간,NNG
경주 여행,36,고려,NNG
경주 여행,36,더욱,MAG
경주 여행,37,커플,NNG
경주 여행,37,펜션,NNG
경주 여행,37,으로,JKB
경주 여행,37,추천,NNG
경주 여행,37,공간,NNG
경주 여행,37,어디,NP
경주 여행,37,일까,VCP+EC
경주 여행,37,카프리,NNP
경주 여행,37,펜션,NNG
경주 여행,37,에서,JKB
경주 여행,37,계획,NNG
경주 여행,37,면서,EC
경주 여행,37,숙소,NNG
경주 여행,37,선정,NNG
경주 여행,37,고민,NNG
경주 여행,37,으신,EP+ETM
경주 여행,37,오늘,NNG
경주 여행,37,카프리,NNP
경주 여행,37,펜션,NNG
경주 여행,37,이야기,NNG
경주 여행,37,전해,VV+EC
경주 여행,37,드리,VX
경주 여행,37,특히,MAG
경주 여행,37,가족,NNG
경주 여행,37,펜션,NNG
경주 여행,37,에게,JKB
경주 여행,37,가족,NNG
경주 여행,37,동선,NNG
경주 여행,37,맞아떨어질,VV+ETM
경주 여행,37,아서,EC
경주 여행,37,추천,NNG
경주 여행,37,어요,EF
경주 여행,37,아울러,MAG
경주 여행,38,서울,NNP
경주 여행,38,국립,NNG
경주 여행,38,중앙,NNG
경주 여행,38,박물관,NNG
경주 여행,38,후기,NNG
경주 여행,38,으로,JKB
경주 여행,38,들어가,VV+EC
경주 여행,38,국립,NNG
경주 여행,38,박물관,NNG
경주 여행,38,에서,JKB
경주 여행,38,유물,NNG
경주 여행,38,여기,NP
경주 여행,38,에서,JKB
경주 여행,38,하나,NR
경주 여행,38,들어왔,VV+EP
경주 여행,38,에서,JKB
경주 여행,38,그냥,MAG
경주 여행,38,신기,XR
경주 여행,38,는데,EC
경주 여행,38,서울,NNP
경주 여행,38,에서,JKB
경주 여행,38,다시,MAG
경주 여행,38,반가웠,VA+EP
경주 여행,38,역시,MAJ
경주 여행,38,사람,NNG
경주 여행,39,여행지,NNG
경주 여행,39,추천,NNP
경주 여행,39,한국,NNP
경주 여행,39,불교,NNG
경주 여행,39,무술,NNG
경주 여행,39,본산,NNG
경주 여행,39,굴암,NNG
경주 여행,39,마애,NNG
경주 여행,39,여래,NNG
경주 여행,39,여행지,NNG
경주 여행,39,추천,NNP
경주 여행,39,감포,NNP
경주 여행,39,여행지,NNG
경주 여행,39,추천,NNG
경주 여행,39,굴암,NNG
경주 여행,39,응회암,NNG
경주 여행,39,타포,NNG
경주 여행,39,니지,NNP
경주 여행,39,선무도,NNP
경주 여행,39,선무도,NNP
경주 여행,39,공연,NNG
경주 여행,39,시간,NNG
경주 여행,39,주차,NNG
경주 여행,39,정보,NNG
경주 여행,39,암벽,NNG
경주 여행,39,사찰,NNG
경주 여행,39,한국,NNP
경주 여행,39,불교,NNG
경주 여행,39,무술,NNG
경주 여행,39,본산,NNG
경주 여행,39,마애,NNG
경주 여행,39,여래좌,NNG
경주 여행,39,굴암,NNG
경주 여행,39,타포,NNG
경주 여행,40,숙소,NNG
경주 여행,40,추천,NNG
경주 여행,40,소노,NNG
경주 여행,40,레이크,NNP
경주 여행,40,가족,NNG
경주 여행,40,객실,NNG
경주 여행,40,후기,NNG
경주 여행,40,소노,NNG
경주 여행,40,소노,NNP
경주 여행,40,숙소,NNG
경주 여행,40,추천,NNP
경주 여행,40,가족,NNG
경주 여행,40,숙소,NNG
경주 여행,40,아이,NNG
경주 여행,40,숙소,NNG
경주 여행,40,보문,NNG
경주 여행,40,단지,MAG
경주 여행,40,숙소,NNG
경주 여행,40,리조트,NNG
경주 여행,40,레이크,NNP
경주 여행,40,보문호,NNP
경주 여행,40,숙소,NNG
경주 여행,40,가족,NNG
경주 여행,40,호텔,NNG
경주 여행,40,추천,NNG
경주 여행,41,디스,NNP
경주 여행,41,커피,NNG
경주 여행,41,분위기,NNG
경주 여행,41,완벽,NNG
경주 여행,41,대형,NNG
경주 여행,41,베이커리,NNP
경주 여행,41,카페,NNG
경주 여행,41,잠봉,NNG
경주 여행,41,피자,NNG
경주 여행,41,분위기,NNG
경주 여행,41,맛있,VA
경주 여행,41,디저트,NNG
경주 여행,41,브런치,NNP
경주 여행,41,까지,JX
경주 여행,41,즐길,VV+ETM
경주 여행,41,디스,NNP
경주 여행,41,커피,NNG
경주 여행,41,SODIS,SL
경주 여행,41,COFFEE,SL
경주 여행,41,경북,NNP
경주 여행,41,경주시,NNP
경주 여행,41,현곡면,NNP
경주 여행,41,형산로,NNP
경주 여행,41,161,SN
경주 여행,41,카페,NNG
경주 여행,41,디스,NNP
경주 여행,41,커피,NNG
경주 여행,41,영업시간,NNG
경주 여행,41,매일,MAG
경주 여행,41,11,SN
경주 여행,41,00,SN
경주 여행,41,22,SN
경주 여행,41,00,SN
경주 여행,41,라스트,NNG
경주 여행,41,오더,NNG
경주 여행,41,21,SN
경주 여행,41,00,SN
경주 여행,41,연락처,NNG
경주 여행,42,분황사,NNG
경주 여행,42,백일홍,NNG
경주 여행,42,황화,NNG
경주 여행,42,코스모스,NNG
경주 여행,42,가을꽃,NNG
경주 여행,42,실시간,NNG
경주 여행,42,셋째,NR
경주 여행,42,정도,NNG
경주 여행,42,돼야,VV+EC
경주 여행,42,예쁜,VA+ETM
경주 여행,42,가을,NNG
경주 여행,42,코스모스,NNG
경주 여행,42,만날,VV+ETM
경주 여행,42,어요,EF
경주 여행,42,분황사,NNG
경주 여행,42,가을꽃,NNG
경주 여행,42,가을,NNG
경주 여행,42,분황사,NNG
경주 여행,42,코스모스,NNG
경주 여행,42,실시간,NNG
경주 여행,42,분황사,NNG
경주 여행,42,백일홍,NNG
경주 여행,42,가족,NNG
경주 여행,42,여행지,NNG
경주 여행,42,코스,NNG
경주 여행,43,한옥,NNG
경주 여행,43,펜션,NNG
경주 여행,43,교촌,NNG
경주 여행,43,마을,NNG
경주 여행,43,한옥,NNG
경주 여행,43,펜션,NNG
경주 여행,43,한옥,NNP
경주 여행,43,스테이,NNP
경주 여행,43,매정,NNG
경주 여행,43,에서,JKB
경주 여행,43,조용,XR
경주 여행,43,한옥,NNP
경주 여행,43,스테이,NNP
경주 여행,43,한옥,NNG
경주 여행,43,숙소,NNG
경주 여행,43,매정,NNG
경주 여행,43,한옥,NNP
경주 여행,43,스테이,NNP
경주 여행,43,매정,NNG
경주 여행,43,한옥,NNG
경주 여행,43,펜션,NNG
경주 여행,43,추천,NNP
경주 여행,43,한옥,NNG
경주 여행,43,펜션,NNG
경주 여행,43,감성,NNG
경주 여행,43,숙소,NNG
경주 여행,43,독채,NNG
경주 여행,43,펜션,NNG
경주 여행,43,쿠지,NNP
경주 여행,43,펜션,NNG
경주 여행,43,가족,NNG
경주 여행,43,숙소,NNG
경주 여행,44,한옥,NNG
경주 여행,44,독채,NNG
경주 여행,44,감성,NNG
경주 여행,44,온전히,MAG
경주 여행,44,느낀,VV+ETM
경주 여행,44,신라,NNG
경주 여행,44,후기,NNG
경주 여행,44,포스팅,NNP
경주 여행,44,소정,NNG
경주 여행,44,광고료,NNG
경주 여행,44,작성,NNG
경주 여행,44,습니다,EF
경주 여행,44,에서,JKB
경주 여행,44,느낄,VV+ETM
경주 여행,44,고즈넉,XR
경주 여행,44,분위기,NNG
경주 여행,44,가족,NNG
경주 여행,44,알맞,VA
경주 여행,44,아요,EF
경주 여행,44,창밖,NNG
경주 여행,44,정원,NNG
경주 여행,44,침실,NNG
경주 여행,44,에서,JKB
경주 여행,44,감상,NNG
경주 여행,44,한옥,NNG
경주 여행,44,독채,NNG
경주 여행,44,특유,NNG
경주 여행,44,차경,NNG
경주 여행,44,느끼,VV
경주 여행,45,일광,NNG
경주 여행,45,맛집,NNG
경주 여행,45,브런치,NNP
경주 여행,45,기장,NNG
경주 여행,45,스몰,NNP
경주 여행,45,웨딩,NNG
경주 여행,45,칼리,NNG
경주 여행,45,빌라,NNG
경주 여행,45,남편,NNG
경주 여행,45,다녀오,VV
경주 여행,45,면서,EC
경주 여행,45,들린,VV+ETM
경주 여행,45,브런치,NNP
경주 여행,45,맛집,NNG
경주 여행,45,칼리,NNG
경주 여행,45,빌라,NNG
경주 여행,45,입니다,VCP+EF
경주 여행,45,며칠,NNG
경주 여행,45,부터,JX
경주 여행,45,스파게티,NNG
경주 여행,45,그래서,MAJ
경주 여행,45,미리,MAG
경주 여행,45,예약,NNG
경주 여행,45,에서,JKB
경주 여행,45,돌아오,VV
경주 여행,45,경치,NNG
경주 여행,45,소문난,VV+ETM
경주 여행,45,일광,NNG
경주 여행,45,브런치,NNP
경주 여행,45,맛집,NNG
경주 여행,45,칼리,NNG
경주 여행,45,빌라,NNG
경주 여행,46,황리,NNG
경주 여행,46,도토리,NNG
경주 여행,46,캐리,NNP
경주 여행,46,커쳐,NNP
경주 여행,46,가족,NNG
경주 여행,46,아크릴,NNG
경주 여행,46,액자,NNG
경주 여행,46,만들,VV
경주 여행,46,안녕,NNG
경주 여행,46,세요,EP+EF
경주 여행,46,보보,NNG
경주 여행,46,윤보,NNG
경주 여행,46,입니다,VCP+EF
경주 여행,46,저번,NNG
경주 여행,46,날씨,NNG
경주 여행,46,너무,MAG
경주 여행,46,더워서,VA+EC
경주 여행,46,황리,NNG
경주 여행,46,다니,VV
경주 여행,46,내내,MAG
경주 여행,46,가족,NNG
경주 여행,46,캐리,NNP
경주 여행,46,커쳐,NNP
경주 여행,46,황리,NNG
경주 여행,46,황리,NNG
경주 여행,46,캐리,NNP
경주 여행,46,커쳐,NNP
경주 여행,46,데이트,NNG
경주 여행,47,황리,NNG
경주 여행,47,이색,NNG
경주 여행,47,카페,NNG
경주 여행,47,후프,NNG
경주 여행,47,후프,NNG
경주 여행,47,황리,NNG
경주 여행,47,카페,NNG
경주 여행,47,이색,NNG
경주 여행,47,카페,NNG
경주 여행,47,황리,NNG
경주 여행,47,이색,NNG
경주 여행,47,카페,NNG
경주 여행,47,카페,NNG
경주 여행,47,황리,NNG
경주 여행,47,프레첼,NNP
경주 여행,47,디저트,NNG
경주 여행,47,카페,NNG
경주 여행,47,애견,NNG
경주 여행,47,동반,NNG
경주 여행,47,카페,NNG
경주 여행,47,황리,NNG
경주 여행,47,애견,NNG
경주 여행,47,동반,NNG
경주 여행,47,키즈,NNP
경주 여행,47,카페,NNP
경주 여행,47,아이,NNG
경주 여행,47,황리,NNG
경주 여행,48,황리,NNG
경주 여행,48,한식,NNG
경주 여행,48,맛집,NNG
경주 여행,48,향몽,NNG
경주 여행,48,웨이팅,NNG
경주 여행,48,가격,NNG
경주 여행,48,내산,NNP
경주 여행,48,후기,NNG
경주 여행,48,그동안,NNG
경주 여행,48,평창,NNP
경주 여행,48,한우,NNG
경주 여행,48,한우,NNG
경주 여행,48,유명,XR
경주 여행,48,는데,EC
경주 여행,48,이번,NNG
경주 여행,48,준비,NNG
경주 여행,48,면서,EC
경주 여행,48,신라,NNP
경주 여행,48,전통,NNG
경주 여행,48,우리나라,NNG
경주 여행,48,대표,NNG
경주 여행,48,한우,NNG
경주 여행,48,생산지,NNG
경주 여행,48,라는,VCP+ETM
경주 여행,48,처음,MAG
경주 여행,48,어요,EF
경주 여행,48,목차,NNG
경주 여행,48,식당,NNG
경주 여행,48,소개,NNG
경주 여행,48,식당,NNG
경주 여행,49,판타지,NNG
경주 여행,49,키즈,NNP
경주 여행,49,빌라,NNG
경주 여행,49,에서,JKB
경주 여행,49,경험,NNG
경주 여행,49,아늑,XR
경주 여행,49,키즈,NNP
경주 여행,49,펜션,NNG
경주 여행,49,특별,NNG
경주 여행,49,계획,NNG
경주 여행,49,면서,EC
경주 여행,49,아이,NNG
경주 여행,49,함께,MAG
경주 여행,49,즐길,VV+ETM
경주 여행,49,숙소,NNG
경주 여행,49,판타지,NNG
경주 여행,49,키즈,NNP
경주 여행,49,빌라,NNG
경주 여행,49,이번,NNG
경주 여행,49,통해,VV+EC
경주 여행,49,판타지,NNG
경주 여행,49,키즈,NNP
경주 여행,49,빌라,NNP
경주 여행,49,장점,NNG
경주 여행,49,아이,NNG
경주 여행,49,가족,NNG
경주 여행,49,모두,NNG
경주 여행,49,함께,MAG
경주 여행,49,머무르,VV
경주 여행,49,기에,EC
경주 여행,49,적절,XR
경주 여행,50,황리,NNG
경주 여행,50,선물,NNG
경주 여행,50,다면,EC
경주 여행,50,첨성대,NNG
경주 여행,50,초콜릿,NNG
경주 여행,50,가격,NNG
경주 여행,50,후기,NNG
경주 여행,50,한참,NNG
경주 여행,50,달콤,XR
경주 여행,50,간식,NNG
경주 여행,50,생각나,VV
경주 여행,50,마지막,NNG
경주 여행,50,주변,NNG
경주 여행,50,사람,NNG
경주 여행,50,에게,JKB
경주 여행,50,선물,NNG
경주 여행,50,고민,NNG
경주 여행,50,는데요,EC
경주 여행,50,이번,NNG
경주 여행,50,에서,JKB
경주 여행,50,대표,NNG
경주 여행,50,첨성대,NNG
경주 여행,50,그대로,MAG
경주 여행,50,첨성대,NNG
경주 여행,50,초콜릿,NNG
경주 여행,50,발견,NNG
경주 여행,50,해서,XSV+EC
경주 여행,50,그냥,MAG
경주 여행,50,지나칠,VV+ETM
경주 여행,51,키즈,NNP
경주 여행,51,빌라,NNG
경주 여행,51,에서,JKB
경주 여행,51,가족,NNG
경주 여행,51,함께,MAG
경주 여행,51,누린,VV+ETM
경주 여행,51,여유,NNG
경주 여행,51,재미,NNG
경주 여행,51,청담,NNG
경주 여행,51,빌라,NNG
경주 여행,51,가족,NNG
경주 여행,51,계획,NNG
경주 여행,51,면서,EC
경주 여행,51,아이,NNG
경주 여행,51,함께,MAG
경주 여행,51,즐길,VV+ETM
경주 여행,51,공간,NNG
경주 여행,51,는다면,EC
경주 여행,51,키즈,NNP
경주 여행,51,빌라,NNP
경주 여행,51,라는,VCP+ETM
경주 여행,51,자연,NNG
경주 여행,51,스럽,XSA
경주 여행,51,떠오르,VV
경주 여행,51,텐데요,NNB+VCP+EF
경주 여행,51,역시,MAJ
경주 여행,51,그런,MM
경주 여행,51,기대,NNG
경주 여행,51,준비,NNG
경주 여행,51,청담,NNP
경주 여행,51,빌라,NNP
경주 여행,51,펜션,NNG
경주 여행,51,방문,NNG
경주 여행,51,습니다,EF
경주 여행,52,한옥,NNG
경주 여행,52,펜션,NNG
경주 여행,52,새로움,VA+ETN
경주 여행,52,20,SN
경주 여행,52,에서,JKB
경주 여행,52,만난,VV+ETM
경주 여행,52,특별,NNG
경주 여행,52,휴식,NNG
경주 여행,52,공간,NNG
경주 여행,52,최근,NNG
경주 여행,52,황리,NNG
경주 여행,52,인근,NNG
경주 여행,52,위치,NNG
경주 여행,52,20,SN
경주 여행,52,한옥,NNG
경주 여행,52,빌라,NNG
경주 여행,52,방문,NNG
경주 여행,52,기회,NNG
경주 여행,52,습니다,EF
경주 여행,52,이곳,NP
경주 여행,52,전통,NNG
경주 여행,52,여행자,NNG
경주 여행,52,로서,JKB
경주 여행,52,역사,NNG
경주 여행,52,자연,NNG
경주 여행,52,에서,JKB
경주 여행,52,한옥,NNG
경주 여행,52,휴식,NNG
경주 여행,52,경험,NNG
경주 여행,52,얼마나,MAG
경주 여행,52,소중,XR
경주 여행,52,인지,VCP+EC
경주 여행,53,일상,NNG
경주 여행,53,기록,NNG
경주 여행,53,언니,NNG
경주 여행,53,부처,NNP
경주 여행,53,가피,NNG
경주 여행,53,자매,NNG
경주 여행,53,엄마,NNG
경주 여행,53,사랑,NNG
경주 여행,53,만난,VV+ETM
경주 여행,53,이야기,NNG
경주 여행,53,지난,VV+ETM
경주 여행,53,이어서,VV+EC
경주 여행,53,해외여행,NNG
경주 여행,53,대신,NNG
경주 여행,53,선택,NNG
경주 여행,53,수많,VA
경주 여행,53,이날,NNG
경주 여행,53,골랐,VV+EP
경주 여행,53,으며,EC
경주 여행,53,하필,MAG
경주 여행,53,불국사,NNG
경주 여행,53,도착,NNG
경주 여행,53,순간,NNG
경주 여행,53,사시,NNG
경주 여행,53,예불,NNG
경주 여행,54,국립,NNG
경주 여행,54,박물관,NNG
경주 여행,54,황룡사,NNG
경주 여행,54,특별,NNG
경주 여행,54,후기,NNG
경주 여행,54,도굴,NNG
경주 여행,54,비화,NNG
경주 여행,54,관람,NNG
경주 여행,54,부산,NNP
경주 여행,54,일부러,MAG
경주 여행,54,에서,JKB
경주 여행,54,이번,NNG
경주 여행,54,에서,JKB
경주 여행,54,전시,NNG
경주 여행,54,때문,NNB
경주 여행,54,바로,MAG
경주 여행,54,국립,NNG
경주 여행,54,박물관,NNG
경주 여행,54,에서,JKB
경주 여행,54,열리,VV
경주 여행,54,황룡사,NNG
경주 여행,54,부처,NNG
경주 여행,54,사리,NNG
경주 여행,54,모시,VV
경주 여행,54,황룡,NNG
경주 여행,54,봉불,NNG
경주 여행,55,부모,NNG
경주 여행,55,함께,MAG
경주 여행,55,무리,NNG
경주 여행,55,일정,NNG
경주 여행,55,그래서,MAJ
경주 여행,55,부모,NNG
경주 여행,55,함께,MAG
경주 여행,55,라면,EC
경주 여행,55,군데,NNBC
경주 여행,55,는지,EC
경주 여행,55,다는,ETM
경주 여행,55,얼마나,MAG
경주 여행,55,편안,NNG
경주 여행,55,반대,NNG
경주 여행,55,관광지,NNG
경주 여행,55,천천히,MAG
경주 여행,55,식사,NNG
경주 여행,55,카페,NNG
경주 여행,55,에서,JKB
경주 여행,55,좋아하,VV
경주 여행,55,가족,NNG
경주 여행,55,라면,EC
경주 여행,55,일정,NNG
경주 여행,55,여유,NNG
경주 여행,56,한옥,NNG
경주 여행,56,숙소,NNG
경주 여행,56,고운,VA+ETM
경주 여행,56,한옥,NNP
경주 여행,56,덕분,NNG
경주 여행,56,매력,NNG
경주 여행,56,흠뻑,MAG
경주 여행,56,느끼,VV
경주 여행,56,편안,NNG
경주 여행,56,이번,NNG
경주 여행,56,에서,JKB
경주 여행,56,머물렀,VV+EP
경주 여행,56,한옥,NNG
경주 여행,56,숙소,NNG
경주 여행,56,고운,VA+ETM
경주 여행,56,한옥,NNP
경주 여행,56,덕분,NNG
경주 여행,56,고즈넉,XR
경주 여행,56,매력,NNG
경주 여행,56,흠뻑,MAG
경주 여행,56,빠져,VV+EC
경주 여행,56,완벽,NNG
경주 여행,56,코스,NNG
경주 여행,56,완성,NNG
경주 여행,56,어요,EF
경주 여행,56,오랜만,NNG
경주 여행,56,떠난,VV+ETM
경주 여행,56,에서,JKB
경주 여행,56,편안,NNG
경주 여행,56,아늑,XR
경주 여행,56,보금자리,NNG
경주 여행,57,셀렉,NNP
경주 여행,57,수영장,NNG
경주 여행,57,뷔페,NNG
경주 여행,57,조식,NNG
경주 여행,57,후기,NNG
경주 여행,57,셀렉,NNP
경주 여행,57,예약,NNG
경주 여행,57,출처,NNG
경주 여행,57,셀렉,NNP
경주 여행,57,셀렉,NNP
경주 여행,57,호텔,NNG
경주 여행,57,숙소,NNG
경주 여행,57,보문,NNG
경주 여행,57,호수,NNG
경주 여행,57,뷔페,NNG
경주 여행,57,조식,NNG
경주 여행,57,셀렉,NNP
경주 여행,57,조식,NNG
경주 여행,57,성호,NNG
경주 여행,57,보문,NNG
경주 여행,57,단지,MAG
경주 여행,57,숙소,NNG
경주 여행,57,숙소,NNG
경주 여행,57,호텔,NNG
경주 여행,57,추천,NNG
경주 여행,58,봉식,NNG
경주 여행,58,생일,NNG
경주 여행,58,축하,NNG
경주 여행,58,떠난,VV+ETM
경주 여행,58,2026,SN
경주 여행,58,09,SN
경주 여행,58,02,SN
경주 여행,58,09,SN
경주 여행,58,03,SN
경주 여행,58,안녕,NNG
경주 여행,58,세요,EP+EF
경주 여행,58,봉식,NNG
경주 여행,58,맞이,XR
경주 여행,58,해서,XSA+EC
경주 여행,58,경주로,NNG
경주 여행,58,다녀왔,VV+EP
경주 여행,58,어요,EF
경주 여행,58,작년,NNG
경주 여행,58,숙소,NNG
경주 여행,58,파티,NNG
경주 여행,58,에서,JKB
경주 여행,58,파티,NNG
경주 여행,58,했었,XSV+EP
경주 여행,58,는데,EC
경주 여행,58,우리,NP
경주 여행,58,겁쟁이,NNG
경주 여행,58,하루,NNG
경주 여행,58,종일,NNG
경주 여행,58,신발장,NNG
경주 여행,58,어서,EC
경주 여행,58,시간,NNBC
경주 여행,58,퇴실,NNG
경주 여행,58,기억,NNG
경주 여행,59,국립,NNG
경주 여행,59,박물관,NNG
경주 여행,59,도슨,NNP
경주 여행,59,입장료,NNG
경주 여행,59,차비,NNG
경주 여행,59,정리,NNG
경주 여행,59,위치,NNG
경주 여행,59,경상북도,NNP
경주 여행,59,경주시,NNP
경주 여행,59,일정,NNG
경주 여행,59,186,SN
경주 여행,59,시간,NNBC
경주 여행,59,매일,MAG
경주 여행,59,10,SN
경주 여행,59,00,SN
경주 여행,59,18,SN
경주 여행,59,00,SN
경주 여행,59,토요일,NNG
경주 여행,59,20,SN
경주 여행,59,00,SN
경주 여행,59,이번,NNG
경주 여행,59,당일치기,NNG
경주 여행,59,다녀오,VV
경주 여행,59,면서,EC
경주 여행,59,신라,NNP
경주 여행,59,역사,NNG
경주 여행,59,문화,NNG
경주 여행,59,한눈,NNG
경주 여행,59,살펴볼,VV+ETM
경주 여행,59,국립,NNG
경주 여행,59,박물관,NNG
경주 여행,59,나들이,NNG
경주 여행,59,다녀왔,VV+EP
경주 여행,59,어요,EF
경주 여행,60,숙소,NNG
경주 여행,60,추천,NNP
경주 여행,60,그리,VV
경주 여행,60,호텔,NNG
경주 여행,60,내산,NNG
경주 여행,60,숙박,NNG
경주 여행,60,후기,NNG
경주 여행,60,황리,NNG
경주 여행,60,황리,NNG
경주 여행,60,호텔,NNG
경주 여행,60,황리,NNG
경주 여행,60,중앙,NNG
경주 여행,60,시장,NNG
경주 여행,60,중앙,NNG
경주 여행,60,시장,NNG
경주 여행,60,근처,NNG
경주 여행,60,숙소,NNG
경주 여행,60,숙박,NNG
경주 여행,60,데이트,NNG
경주 여행,60,데이트,NNG
경주 여행,60,코스,NNG
경주 여행,60,코스,NNG
경주 여행,60,추천,NNP
경주 여행,60,경북,NNP
경주 여행,60,경북,NNP
경주 여행,60,숙소,NNG
경주 여행,60,경북,NNP
경주 여행,60,호텔,NNG
경주 여행,60,국내,NNG
경주 여행,60,국내,NNG
경주 여행,60,숙소,NNG
경주 여행,60,추천,NNG
경주 여행,60,국내,NNG
경주 여행,60,추천,NNG
경주 여행,61,빌라,NNP
경주 여행,61,키즈,NNP
경주 여행,61,펜션,NNG
경주 여행,61,실내,NNG
경주 여행,61,수영장,NNG
경주 여행,61,숙소,NNG
경주 여행,61,추천,NNG
경주 여행,61,빌라,NNG
경주 여행,61,이번,NNG
경주 여행,61,에서,JKB
경주 여행,61,관광지,NNG
경주 여행,61,많이,MAG
경주 여행,61,돌아다니,VV
경주 여행,61,보다,JKB
경주 여행,61,숙소,NNG
경주 여행,61,에서,JKB
경주 여행,61,여유,NNG
경주 여행,61,시간,NNG
경주 여행,61,보내,VV
경주 여행,61,와서,VV+EC
경주 여행,61,인가,VCP+EC
경주 여행,61,순간,NNG
경주 여행,61,에서,JKB
경주 여행,61,여유,NNG
경주 여행,61,로운,XSA+ETM
경주 여행,61,하루,NNG
경주 여행,61,보내,VV
경주 여행,61,다면,EC
경주 여행,61,특히,MAG
경주 여행,61,가족,NNG
경주 여행,61,혹은,MAJ
경주 여행,61,아이,NNG
경주 여행,62,2026,SN
경주 여행,62,축제,NNG
경주 여행,62,행사,NNG
경주 여행,62,정리,NNG
경주 여행,62,날짜,NNG
경주 여행,62,장소,NNG
경주 여행,62,일정,NNG
경주 여행,62,그래서,MAJ
경주 여행,62,하루,NNG
경주 여행,62,코스,NNG
경주 여행,62,대릉원,NNG
경주 여행,62,첨성대,NNG
경주 여행,62,계림,NNG
경주 여행,62,교촌,NNG
경주 여행,62,마을,NNG
경주 여행,62,정교,NNG
경주 여행,62,으로,JKB
경주 여행,62,으면,EC
경주 여행,62,핵심,NNG
경주 여행,62,여행지,NNG
경주 여행,62,야간,NNG
경주 여행,62,행사,NNG
경주 여행,62,함께,MAG
경주 여행,62,즐길,VV+ETM
경주 여행,62,습니다,EF
경주 여행,62,18,SN
경주 여행,62,20,SN
경주 여행,62,예정,NNG
경주 여행,62,라면,EC
경주 여행,62,저장,NNG
경주 여행,62,일정,NNG
경주 여행,63,황리,NNG
경주 여행,63,맛집,NNG
경주 여행,63,추천,NNG
경주 여행,63,완벽,NNG
경주 여행,63,조화,NNG
경주 여행,63,포석,NNG
경주 여행,63,소갈비,NNG
경주 여행,63,주말,NNG
경주 여행,63,웨이팅,NNG
경주 여행,63,전혀,MAG
경주 여행,63,아깝,VA
경주 여행,63,최고,NNG
경주 여행,63,맛집,NNG
경주 여행,63,습니다,EF
경주 여행,63,계획,NNG
경주 여행,63,라면,EC
경주 여행,63,포석,NNG
경주 여행,63,소갈비,NNG
경주 여행,63,방문,NNG
경주 여행,63,셔서,EP+EC
경주 여행,63,든든,XR
경주 여행,63,만족,NNG
경주 여행,63,스러운,XSA+ETM
경주 여행,63,경험,NNG
경주 여행,63,세요,EP+EF
경주 여행,63,고추,NNG
경주 여행,63,장소,NNG
경주 여행,63,갈비찜,NNG
경주 여행,63,세트,NNG
경주 여행,63,메뉴,NNG
경주 여행,64,2025,SN
경주 여행,64,초보,NNG
경주 여행,64,위한,VV+ETM
경주 여행,64,관광,NNG
경주 여행,64,필수,NNG
경주 여행,64,명소,NNG
경주 여행,64,방촌,NNG
경주 여행,64,탐험,NNG
경주 여행,64,매력,NNG
경주 여행,64,요소,NNG
경주 여행,64,떠나,VV
경주 여행,64,매력,NNG
경주 여행,64,고민,NNG
경주 여행,64,나요,EF
경주 여행,64,관광,NNG
경주 여행,64,역사,NNG
경주 여행,64,문화,NNG
경주 여행,64,숨쉬,VV
경주 여행,64,으로,JKB
경주 여행,64,초보,NNG
경주 여행,64,여행자,NNG
경주 여행,64,즐길,VV+ETM
경주 여행,64,다양,NNG
경주 여행,64,소가,NNG
경주 여행,65,소노,NNP
경주 여행,65,호텔,NNG
경주 여행,65,디럭스,NNP
경주 여행,65,객실,NNG
경주 여행,65,숙박,NNG
경주 여행,65,수영장,NNG
경주 여행,65,후기,NNG
경주 여행,65,가족,NNG
경주 여행,65,으로,JKB
경주 여행,65,안녕,NNG
경주 여행,65,세요,EP+EF
경주 여행,65,여름,NNG
경주 여행,65,휴가,NNG
경주 여행,65,가족,NNG
경주 여행,65,다녀온,VV+ETM
경주 여행,65,어니언,NNP
경주 여행,65,입니다,VCP+EF
경주 여행,65,이번,NNG
경주 여행,65,에서,JKB
경주 여행,65,보문관광단지,NNP
경주 여행,65,위치,NNG
경주 여행,65,소노,NNG
경주 여행,65,에서,JKB
경주 여행,65,어요,EF
경주 여행,65,계획,NNG
경주 여행,65,면서,EC
경주 여행,65,숙소,NNG
경주 여행,65,선택,NNG
경주 여행,65,고민,NNG
경주 여행,65,는데,EC
경주 여행,65,객실,NNG
경주 여행,65,에서,JKB
경주 여행,66,쌈밥,NNG
경주 여행,66,맛집,NNG
경주 여행,66,쌈밥,NNG
경주 여행,66,에서,JKB
경주 여행,66,든든,XR
경주 여행,66,https,SL
경주 여행,66,place,SL
경주 여행,66,naver,SL
경주 여행,66,com,SL
경주 여행,66,restaurant,SL
경주 여행,66,15742693,SN
경주 여행,66,계획,NNG
경주 여행,66,세우,VV
경주 여행,66,면서,EC
경주 여행,66,어디,NP
경주 여행,66,식사,NNG
경주 여행,66,할지,XSV+EC
경주 여행,66,고민,NNG
경주 여행,66,는데요,EF
경주 여행,66,으로,JKB
경주 여행,66,계획,NNG
경주 여행,66,라면,EC
경주 여행,66,쌈밥,NNG
경주 여행,66,맛집,NNG
경주 여행,66,쌈밥,NNG
경주 여행,66,추천,NNG
경주 여행,66,드리,VV
경주 여행,66,어요,EF
경주 여행,66,현지,NNG
경주 여행,67,황리,NNG
경주 여행,67,피스토어,NNP
경주 여행,67,내산,NNG
경주 여행,67,주차,NNG
경주 여행,67,맛집,NNG
경주 여행,67,피스토어,NNP
경주 여행,67,피스토어,NNP
경주 여행,67,피스토어,NNP
경주 여행,67,황리,NNG
경주 여행,67,황리,NNG
경주 여행,67,황리,NNG
경주 여행,67,기념품,NNG
경주 여행,67,기념품,NNG
경주 여행,68,밤바다,NNG
경주 여행,68,Horror,SL
경주 여행,68,Soundtrack,SL
경주 여행,68,SUPER,SL
경주 여행,68,갑작,XR
경주 여행,68,스러운,XSA+ETM
경주 여행,68,울릉도,NNP
경주 여행,68,바다,NNG
경주 여행,68,요시,NNG
경주 여행,68,워너,NNP
경주 여행,68,브롱크호스트,NNP
경주 여행,68,스타일,NNG
경주 여행,68,어제,NNG
경주 여행,68,까지,JX
경주 여행,68,푸른,VA+ETM
경주 여행,68,울릉도,NNP
경주 여행,68,바다,NNG
경주 여행,68,당장,NNG
경주 여행,68,라도,VCP+EC
경주 여행,68,뛰어들,VV
경주 여행,68,갈증,NNG
경주 여행,68,느껴서,VV+EC
경주 여행,68,복귀,NNG
경주 여행,68,자마자,EC
경주 여행,68,바다,NNG
경주 여행,69,아이,NNG
경주 여행,69,대산,NNG
경주 여행,69,도자기,NNG
경주 여행,69,만들,VV
경주 여행,69,파이리,NNP
경주 여행,69,접시,NNG
경주 여행,69,만들,VV
경주 여행,69,어요,EF
경주 여행,69,이번,NNG
경주 여행,69,에서,JKB
경주 여행,69,아이,NNG
경주 여행,69,함께,MAG
경주 여행,69,도자기,NNG
경주 여행,69,만들,VV
경주 여행,69,시간,NNG
경주 여행,69,가져서,VV+EC
경주 여행,69,기억,NNG
경주 여행,69,어요,EF
경주 여행,69,야호,NNG
경주 여행,69,완성,NNG
경주 여행,69,작품,NNG
경주 여행,69,에서,JKB
경주 여행,69,다시,MAG
경주 여행,69,마다,JX
경주 여행,69,시간,NNG
경주 여행,69,자연,NNG
경주 여행,69,스럽,XSA
경주 여행,69,떠오르,VV
경주 여행,69,아이,NNG
경주 여행,70,경북,NNP
경주 여행,70,소노,NNP
경주 여행,70,디럭스,NNP
경주 여행,70,레이크,NNP
경주 여행,70,니스,NNP
경주 여행,70,스파,NNP
경주 여행,70,소노,NNP
경주 여행,70,이번,NNG
경주 여행,70,여름휴가,NNG
경주 여행,70,국내,NNG
경주 여행,70,어요,EF
경주 여행,70,봐서,VX+EC
경주 여행,70,이번,NNG
경주 여행,70,기회,NNG
경주 여행,70,습니다,EF
경주 여행,70,체크인,NNG
경주 여행,70,는데,EC
경주 여행,70,대기,NNG
경주 여행,70,엄청,MAG
경주 여행,70,어서,EC
경주 여행,70,거의,MAG
경주 여행,70,시간,NNG
경주 여행,70,걸렸,VV+EP
경주 여행,70,습니다,EF
경주 여행,70,미리,MAG
경주 여행,70,체크인,NNG
경주 여행,71,소노,NNG
경주 여행,71,보문,NNG
경주 여행,71,단지,MAG
경주 여행,71,주변,NNG
경주 여행,71,야경,NNG
경주 여행,71,찜질방,NNG
경주 여행,71,머물렀,VV+EP
경주 여행,71,소노,NNG
경주 여행,71,주변,NNG
경주 여행,71,풍경,NNG
경주 여행,71,소개,NNG
경주 여행,71,한다,XSV+EC
경주 여행,71,보문호,NNP
경주 여행,71,보문,NNG
경주 여행,71,단지,NNG
경주 여행,71,가족,NNG
경주 여행,71,여행객,NNG
경주 여행,71,부터,JX
경주 여행,71,커플,NNG
경주 여행,71,까지,JX
경주 여행,71,다양,XR
경주 여행,71,고객,NNG
경주 여행,71,스타일,NNG
경주 여행,71,맞춘,VV+ETM
경주 여행,71,폭넓,VA
경주 여행,71,객실,NNG
경주 여행,71,옵션,NNG
경주 여행,71,제공,NNG
경주 여행,71,한다,XSV+EC
경주 여행,71,42,SN
경주 여행,71,평방,NNG
경주 여행,71,미터,NNG
경주 여행,72,단향,NNG
경주 여행,72,솔직,XR
경주 여행,72,후기,NNG
경주 여행,72,고기,NNG
경주 여행,72,육회,NNG
경주 여행,72,비빔밥,NNG
경주 여행,72,생각,NNG
경주 여행,72,보다,JKB
경주 여행,72,맛있,VA
경주 여행,72,단향,NNG
경주 여행,72,솔직,XR
경주 여행,72,후기,NNG
경주 여행,72,고기,NNG
경주 여행,72,육회,NNG
경주 여행,72,비빔밥,NNG
경주 여행,72,생각,NNG
경주 여행,72,보다,JKB
경주 여행,72,맛있,VA
경주 여행,72,면서,EC
경주 여행,72,조금,MAG
경주 여행,72,라는,VCP+ETM
경주 여행,72,지역,NNG
경주 여행,72,특성,NNG
경주 여행,72,어울리,VV
경주 여행,72,외관,NNG
경주 여행,72,방문,NNG
경주 여행,72,다는,ETM
경주 여행,72,생각,NNG
경주 여행,72,어요,EF
경주 여행,72,그냥,MAG
경주 여행,73,셀렉,NNP
경주 여행,73,키즈,NNP
경주 여행,73,카페,NNP
경주 여행,73,원더랜드,NNP
경주 여행,73,후기,NNG
경주 여행,73,가격,NNG
경주 여행,73,투숙객,NNG
경주 여행,73,할인,NNG
경주 여행,73,이번,NNG
경주 여행,73,에서,JKB
경주 여행,73,아이,NNG
경주 여행,73,셀렉,NNP
경주 여행,73,키즈,NNP
경주 여행,73,카페,NNP
경주 여행,73,원더랜드,NNP
경주 여행,73,다시,MAG
경주 여행,73,다녀왔,VV+EP
경주 여행,73,어요,EF
경주 여행,73,방문,NNG
경주 여행,73,인데,VCP+EC
경주 여행,73,보다,JKB
경주 여행,73,야무지,VA
경주 여행,73,모습,NNG
경주 여행,73,데려오,VV
경주 여행,73,더라고요,EC
경주 여행,73,오늘,NNG
경주 여행,73,원더랜드,NNP
경주 여행,73,가격,NNG
경주 여행,74,애견,NNG
경주 여행,74,동반,NNG
경주 여행,74,호텔,NNG
경주 여행,74,반려,NNG
경주 여행,74,파크,NNG
경주 여행,74,가족,NNG
경주 여행,74,시간,NNG
경주 여행,74,으로,JKB
경주 여행,74,활동,NNG
경주 여행,74,어서,EC
경주 여행,74,나눠서,VV+EC
경주 여행,74,포스팅,NNP
경주 여행,74,어요,EF
경주 여행,74,조금,MAG
경주 여행,74,파크,NNG
경주 여행,74,후기,NNG
경주 여행,74,라운드,NNP
경주 여행,74,야외,NNG
경주 여행,74,파크,NNG
경주 여행,74,10,SN
경주 여행,74,00,SN
경주 여행,74,21,SN
경주 여행,74,00,SN
경주 여행,74,500,SN
경주 여행,74,규모,NNG
경주 여행,74,야외,NNG
경주 여행,74,파크,NNG
경주 여행,74,예요,VCP+EF
경주 여행,74,초원,NNG
경주 여행,75,한우,NNG
경주 여행,75,맛집,NNG
경주 여행,75,가든,NNG
경주 여행,75,시청,NNG
경주 여행,75,근처,NNG
경주 여행,75,돼지갈비,NNG
경주 여행,75,주차,NNG
경주 여행,75,가든,NNG
경주 여행,75,시청,NNG
경주 여행,75,한우,NNG
경주 여행,75,맛집,NNG
경주 여행,75,회식,NNG
경주 여행,75,추천,NNP
경주 여행,75,경북,NNP
경주 여행,75,경주시,NNP
경주 여행,75,양정,NNG
경주 여행,75,249,SN
경주 여행,75,동천동,NNP
경주 여행,75,801,SN
경주 여행,75,054,SN
경주 여행,75,751,SN
경주 여행,75,4910,SN
경주 여행,75,안녕,NNG
경주 여행,75,세요,EP+EF
경주 여행,75,입니다,VCP+EF
경주 여행,75,마지막,NNG
경주 여행,75,소고기,NNG
경주 여행,75,어야죠,EC
경주 여행,75,한우,NNG
경주 여행,75,행복,NNG
경주 여행,75,해져야,XSA+EC+VX+EC+VX
경주 여행,75,주차,NNG
경주 여행,75,건물,NNG
경주 여행,76,빵집,NNG
경주 여행,76,얼굴,NNG
경주 여행,76,맛집,NNG
경주 여행,76,빵집,NNG
경주 여행,76,필수,NNG
경주 여행,76,코스,NNG
경주 여행,76,대릉원,NNG
경주 여행,76,맛집,NNG
경주 여행,76,관광객,NNG
경주 여행,76,물론,MAG
경주 여행,76,손님,NNG
경주 여행,76,발길,NNG
경주 여행,76,끊이,VV
경주 여행,76,역시,MAJ
경주 여행,76,홀린,VV+ETM
경주 여행,76,발걸음,NNG
경주 여행,76,대릉원,NNG
경주 여행,76,인증,NNG
경주 여행,76,필수,NNG
경주 여행,76,코스,NNG
경주 여행,76,얼굴,NNG
경주 여행,76,주문,NNG
경주 여행,76,키오스,NNP
경주 여행,76,크로,NNP
경주 여행,77,불국사,NNP
경주 여행,77,맛집,NNG
경주 여행,77,정담,NNG
경주 여행,77,후기,NNG
경주 여행,77,feat,SL
경주 여행,77,한우,NNG
경주 여행,77,불고기,NNG
경주 여행,77,정식,NNG
경주 여행,77,불국사,NNG
경주 여행,77,들르,VV
경주 여행,77,밥맛,NNG
경주 여행,77,예약,NNG
경주 여행,77,없이,MAG
경주 여행,77,편하,VA
경주 여행,77,어서,EC
경주 여행,77,어요,EF
경주 여행,77,정담,NNP
경주 여행,77,밥맛,NNG
경주 여행,77,불국사,NNP
경주 여행,77,맛집,NNG
경주 여행,77,불국사,NNP
경주 여행,77,근처,NNG
경주 여행,77,맛집,NNG
경주 여행,77,맛집,NNG
경주 여행,77,가족,NNG
경주 여행,78,기념품,NNG
경주 여행,78,추천,NNG
경주 여행,78,첨성대,NNG
경주 여행,78,모양,NNG
경주 여행,78,프리미엄,NNG
경주 여행,78,초콜릿,NNG
경주 여행,78,첨성대,NNG
경주 여행,78,초콜릿,NNG
경주 여행,78,이름,NNG
경주 여행,78,부터,JX
경주 여행,78,대표,NNG
경주 여행,78,문화유산,NNG
경주 여행,78,첨성대,NNG
경주 여행,78,어서,EC
경주 여행,78,기념,NNG
경주 여행,78,으로,JKB
경주 여행,78,가져오,VV
경주 여행,78,더라고요,EC
경주 여행,78,선물,NNG
경주 여행,78,기념품,NNG
경주 여행,78,추천,NNP
경주 여행,78,선물,NNG
경주 여행,78,추천,NNP
경주 여행,78,특산품,NNG
경주 여행,78,추천,NNP
경주 여행,78,초콜릿,NNG
경주 여행,78,초콜렛,NNG
경주 여행,79,아이,NNG
경주 여행,79,나오,VV
경주 여행,79,소노,NNP
경주 여행,79,물놀,NNG
경주 여행,79,숙소,NNG
경주 여행,79,반전,NNG
경주 여행,79,다만,MAJ
경주 여행,79,상품,NNG
경주 여행,79,마다,JX
경주 여행,79,포함,NNG
경주 여행,79,조건,NNG
경주 여행,79,달라서,VA+EC
경주 여행,79,예약,NNG
경주 여행,79,꼼꼼히,MAG
경주 여행,79,확인,NNG
경주 여행,79,아요,EF
경주 여행,79,함께,MAG
경주 여행,79,으면,EC
경주 여행,79,가족,NNG
경주 여행,79,숙소,NNG
경주 여행,79,리조트,NNG
경주 여행,79,보문,NNG
경주 여행,79,단지,MAG
경주 여행,79,물놀,NNG
경주 여행,79,가족,NNG
경주 여행,79,여행지,NNG
경주 여행,79,숙소,NNG
경주 여행,79,추천,NNG
경주 여행,80,이곳저곳,NNG
경주 여행,80,돌아다녔,VV+EP
경주 여행,80,어요,EF
경주 여행,80,아주,MAG
경주 여행,80,무더운,VA+ETM
경주 여행,80,여름,NNG
경주 여행,80,엄마,NNG
경주 여행,80,같이,MAG
경주 여행,80,다녀왔,VV+EP
경주 여행,80,는데요,EF
경주 여행,80,강동,NNP
경주 여행,80,먼저,MAG
경주 여행,80,점심,NNG
경주 여행,80,부터,JX
경주 여행,80,와인,NNG
경주 여행,80,쏴악,MAG
경주 여행,80,마셔,VV+EC
경주 여행,80,기분,NNG
경주 여행,80,그렇게,MAG
경주 여행,80,그등요,EF
경주 여행,80,원래,MAG
경주 여행,80,음주,NNG
경주 여행,80,간단,XR
경주 여행,80,와인,NNG
경주 여행,81,황리,NNG
경주 여행,81,대릉원,NNG
경주 여행,81,포토,NNG
경주 여행,81,첨성대,NNG
경주 여행,81,뚜벅,MAG
경주 여행,81,코스,NNG
경주 여행,81,뜨거웠,VA+EP
경주 여행,81,휴가,NNG
경주 여행,81,기록,NNG
경주 여행,81,영상,NNG
경주 여행,81,함께,MAG
경주 여행,81,이야기,NNG
경주 여행,81,세요,EP+EF
경주 여행,81,여름,NNG
경주 여행,81,여름휴가,NNG
경주 여행,81,다녀왔,VV+EP
경주 여행,81,어요,EF
경주 여행,81,오후,NNG
경주 여행,81,황리,NNG
경주 여행,81,대릉원,NNG
경주 여행,81,첨성대,NNG
경주 여행,81,코스,NNG
경주 여행,81,입니다,VCP+EC
경주 여행,81,2026,SN
경주 여행,81,남편,NNG
경주 여행,81,떠나,VV
경주 여행,81,국내,NNG
경주 여행,82,보문,NNG
경주 여행,82,단지,MAG
경주 여행,82,수영장,NNG
경주 여행,82,펜션,NNG
경주 여행,82,펜션,NNG
경주 여행,82,예약,NNG
경주 여행,82,완벽,NNG
경주 여행,82,쾌적,XR
경주 여행,82,객실,NNG
경주 여행,82,단체,NNG
경주 여행,82,모임,NNG
경주 여행,82,이나,JC
경주 여행,82,가족,NNG
경주 여행,82,여행객,NNG
경주 여행,82,모두,MAG
경주 여행,82,편안,NNG
경주 여행,82,머물,VV+ETM
경주 여행,82,해줘요,VX+EC+VX+EF
경주 여행,82,트인,VV+ETM
경주 여행,82,전망,NNG
경주 여행,82,수영장,NNG
경주 여행,82,펜션,NNG
경주 여행,82,가족,NNG
경주 여행,82,펜션,NNG
경주 여행,82,숙소,NNG
경주 여행,82,보문,NNG
경주 여행,82,단지,MAG
경주 여행,82,숙소,NNG
경주 여행,82,구들방,NNG
경주 여행,82,펜션,NNG
경주 여행,82,가마솥,NNG
경주 여행,82,펜션,NNG
경주 여행,83,소품,NNG
경주 여행,83,황리,NNG
경주 여행,83,거리,EC
경주 여행,83,피스토어,NNP
경주 여행,83,가격,NNG
경주 여행,83,언서,NNG
경주 여행,83,린린,NNP
경주 여행,83,입니다,VCP+EF
경주 여행,83,지난,VV+ETM
경주 여행,83,먹거리,NNG
경주 여행,83,볼거리,NNG
경주 여행,83,가득,MAG
경주 여행,83,플레이스,NNG
경주 여행,83,황리,NNG
경주 여행,83,다녀왔,VV+EP
경주 여행,83,어요,EF
경주 여행,83,골목,NNG
경주 여행,83,마다,JX
경주 여행,83,예쁜,VA+ETM
경주 여행,83,한옥,NNG
경주 여행,83,카페,NNG
경주 여행,83,맛집,NNG
경주 여행,83,줄지,VV
경주 여행,83,지만,EC
경주 여행,83,아기자기,XR
경주 여행,83,감성,NNG
경주 여행,83,아이템,NNG
경주 여행,83,구경,NNG
경주 여행,84,황리,NNG
경주 여행,84,한옥,NNG
경주 여행,84,맛집,NNG
경주 여행,84,온담,VV+EF
경주 여행,84,에서,JKB
경주 여행,84,사진,NNG
경주 여행,84,어도,EC
경주 여행,84,느낌,MAG
경주 여행,84,해서,XSV+EC
경주 여행,84,기분,NNG
경주 여행,84,제대로,MAG
경주 여행,84,어용,EC
경주 여행,84,육회,NNG
경주 여행,84,물회,NNG
경주 여행,84,맛집,NNG
경주 여행,84,코스,NNG
경주 여행,84,데이트,NNG
경주 여행,84,데이트,NNG
경주 여행,84,맛집,NNG
경주 여행,84,황남동,NNP
경주 여행,84,맛집,NNG
경주 여행,85,대릉원,NNG
경주 여행,85,에서,JKB
경주 여행,85,얼굴,NNG
경주 여행,85,인증,NNG
경주 여행,85,면서,EC
경주 여행,85,미리,MAG
경주 여행,85,찾아보,VV
경주 여행,85,다녀왔,VV+EP
경주 여행,85,는데,EC
경주 여행,85,황리,NNG
경주 여행,85,뭔갈,NP+VCP+EF+JKO
경주 여행,85,사진,NNG
경주 여행,85,으실,EP+ETM
경주 여행,85,에요,EF
경주 여행,85,석굴암,NNG
경주 여행,85,부처,NNP
경주 여행,85,얼굴,NNG
경주 여행,85,신라,NNP
경주 여행,85,미소,NNG
경주 여행,85,얼굴,NNG
경주 여행,85,대릉원,NNG
경주 여행,85,에서,JKB
경주 여행,85,특히,MAG
경주 여행,85,사진,NNG
경주 여행,86,센텀시티역,NNP
경주 여행,86,맛집,NNG
경주 여행,86,케이크,NNG
경주 여행,86,시즈니,NNP
경주 여행,86,후기,NNG
경주 여행,86,신세계,NNG
경주 여행,86,백화점,NNG
경주 여행,86,지하,NNG
경주 여행,86,안녕,NNG
경주 여행,86,세요,EP+EF
경주 여행,86,에요,EF
경주 여행,86,이번,NNG
경주 여행,86,잠깐,MAG
경주 여행,86,센텀,NNP
경주 여행,86,시티,NNP
경주 여행,86,신세계백화점,NNP
경주 여행,86,들렀,VV+EP
경주 여행,86,다가,EC
경주 여행,86,가족,NNG
경주 여행,86,할머니,NNG
경주 여행,86,할아버지,NNG
경주 여행,86,함께,MAG
경주 여행,86,생일,NNG
경주 여행,86,파티,NNG
경주 여행,86,빌라,NNG
경주 여행,86,와서,VV+EC
경주 여행,86,저녁,NNG
경주 여행,86,들어와서,VV+EC
경주 여행,86,케이크,NNG
경주 여행,87,힐링,NNG
경주 여행,87,카페,NNG
경주 여행,87,커피,NNG
경주 여행,87,명가,NNG
경주 여행,87,제발,MAG
경주 여행,87,우리,NP
경주 여행,87,자제,NNG
경주 여행,87,자고,EC
경주 여행,87,우리,NP
경주 여행,87,언제나,MAG
경주 여행,87,으면서,EC
경주 여행,87,난다,VV+EC
경주 여행,87,카페,NNG
경주 여행,87,명가,NNG
경주 여행,87,무장,NNG
경주 여행,87,산점,NNG
경주 여행,87,내산,NNP
경주 여행,87,카페,NNG
경주 여행,87,추천,NNP
경주 여행,87,카페,NNG
경주 여행,87,아이,NNG
경주 여행,87,커피,NNG
경주 여행,87,명가,NNG
경주 여행,88,가을,NNG
경주 여행,88,10,SN
경주 여행,88,초전,NNG
경주 여행,88,알레프,NNG
경주 여행,88,무화과,NNG
경주 여행,88,소녀,NNG
경주 여행,88,추천,NNG
경주 여행,88,할게요,XSV+EC
경주 여행,88,지금,MAG
경주 여행,88,부산,NNP
경주 여행,88,인데,VCP+EC
경주 여행,88,심심,XR
경주 여행,88,해서,XSA+EC
경주 여행,88,갤러리,NNG
경주 여행,88,올리,VV
경주 여행,88,니까,EC
경주 여행,88,나온,VV+ETM
경주 여행,88,뭉죽,UNKNOWN
경주 여행,88,공주,NNG
경주 여행,88,선곡,NNG
경주 여행,88,텼죠,UNKNOWN
경주 여행,88,야옹,NNG
경주 여행,88,모형,NNG
경주 여행,89,황리,NNG
경주 여행,89,맛집,NNG
경주 여행,89,고도리,NNG
경주 여행,89,감각,NNG
경주 여행,89,공간,NNG
경주 여행,89,에서,JKB
경주 여행,89,만난,VV+ETM
경주 여행,89,전통주,NNG
경주 여행,89,깊이,MAG
경주 여행,89,피로,NNG
경주 여행,89,제대로,MAG
경주 여행,89,다가,EC
경주 여행,89,황리,NNG
경주 여행,89,하나하나,NNG
경주 여행,89,여행객,NNG
경주 여행,89,입장,NNG
경주 여행,89,에서,JKB
경주 여행,89,정말,MAG
경주 여행,89,감동,NNG
경주 여행,89,메뉴,NNG
경주 여행,89,는데,EC
경주 여행,89,고도리,NNG
경주 여행,89,다음,NNG
경주 여행,89,방문,NNG
경주 여행,89,다시,MAG
경주 여행,89,들르,VV
경주 여행,89,황리,NNG
경주 여행,89,맛집,NNG
경주 여행,89,입니다,VCP+EC
경주 여행,90,주렁주렁,MAG
경주 여행,90,실내,NNG
경주 여행,90,동물원,NNG
경주 여행,90,정리,NNG
경주 여행,90,추석,NNG
경주 여행,90,연휴,NNG
경주 여행,90,아이,NNG
경주 여행,90,21,SN
경주 여행,90,가족,NNG
경주 여행,90,실내,NNG
경주 여행,90,놀이터,NNG
경주 여행,90,주렁주렁,MAG
경주 여행,90,입장권,NNG
경주 여행,90,주렁주렁,MAG
경주 여행,90,할인,NNG
경주 여행,90,주렁주렁,MAG
경주 여행,90,정리,NNP
경주 여행,90,쿠팡,NNP
경주 여행,90,파트,NNG
경주 여행,90,너스,NNG
경주 여행,90,보문,NNG
경주 여행,90,단지,MAG
경주 여행,90,실내,NNG
경주 여행,90,동물원,NNG
경주 여행,90,다자녀,NNG
경주 여행,90,혜택,NNG
경주 여행,90,추석,NNG
경주 여행,90,연휴,NNG
경주 여행,91,숯불갈비,NNG
경주 여행,91,맛집,NNG
경주 여행,91,다가,EC
경주 여행,91,만난,VV+ETM
경주 여행,91,54,SN
경주 여행,91,노포,NNG
경주 여행,91,영양,NNG
경주 여행,91,숯불,NNG
경주 여행,91,이야기,NNG
경주 여행,91,입니다,VCP+EF
경주 여행,91,원조,NNG
경주 여행,91,콩국,NNG
경주 여행,91,에서,JKB
경주 여행,91,부드럽,VA
경주 여행,91,달래,VV
경주 여행,91,저녁,NNG
경주 여행,91,시간,NNG
경주 여행,91,짝꿍,NNG
경주 여행,91,로리,NNG
경주 여행,91,고기,NNG
경주 여행,91,먹자,NNG
경주 여행,91,외치,VV
경주 여행,91,미리,MAG
경주 여행,91,갈비,NNG
경주 여행,91,군데,NNBC
경주 여행,91,보문,NNG
경주 여행,91,갈비,NNG
경주 여행,91,한우,NNG
경주 여행,91,식당,NNG
경주 여행,92,DAY,SL
경주 여행,92,피스토어,NNP
경주 여행,92,오픈,NNG
경주 여행,92,보문관광단지,NNP
경주 여행,92,가족,NNG
경주 여행,92,DAY,SL
경주 여행,92,피스토어,NNP
경주 여행,92,한정,NNG
경주 여행,92,보문관광단지,NNP
경주 여행,92,호문,NNG
경주 여행,92,문장,NNG
경주 여행,92,단팥빵,NNP
경주 여행,92,단팥빵,NNP
경주 여행,92,코스,NNG
경주 여행,92,마지막,NNG
경주 여행,92,국내,NNG
경주 여행,92,추천,NNG
경주 여행,92,부모,NNG
경주 여행,92,티티,NNG
경주 여행,93,실패,NNG
경주 여행,93,맛집,NNG
경주 여행,93,BEST,SL
경주 여행,93,정리,NNG
경주 여행,93,그리고,MAJ
경주 여행,93,현지,NNG
경주 여행,93,즐겨,VV+EC
경주 여행,93,노포,NNG
경주 여행,93,까지,JX
경주 여행,93,알차,VA
경주 여행,93,준비,NNG
경주 여행,93,했으니,XSV+EP+EC
경주 여행,93,일정,NNG
경주 여행,93,참고,NNG
경주 여행,93,세요,EP+EF
경주 여행,93,화정,NNG
경주 여행,93,계획,NNG
경주 여행,93,라면,EC
경주 여행,93,동선,NNG
경주 여행,93,맞춰,VV+EC
경주 여행,93,맛집,NNG
경주 여행,93,방문,NNG
경주 여행,93,세요,EP+EF
경주 여행,93,여러분,NP
경주 여행,93,맛있,VA
경주 여행,94,황리,NNG
경주 여행,94,맛집,NNG
경주 여행,94,추천,NNG
경주 여행,94,천마총,NNG
경주 여행,94,예쁜,VA+ETM
경주 여행,94,한옥,NNG
경주 여행,94,식당,NNG
경주 여행,94,소소,NNG
경주 여행,94,함박,NNG
경주 여행,94,소소,NNG
경주 여행,94,함박,NNG
경주 여행,94,소소,NNG
경주 여행,94,함박,NNG
경주 여행,94,맛집,NNG
경주 여행,94,맛집,NNG
경주 여행,94,추천,NNP
경주 여행,94,황리,NNG
경주 여행,94,맛집,NNG
경주 여행,94,황리,NNG
경주 여행,94,맛집,NNG
경주 여행,94,한식,NNG
경주 여행,94,맛집,NNG
경주 여행,94,함박,NNG
경주 여행,94,스테이크,NNG
경주 여행,94,숯불,NNG
경주 여행,94,함박,NNG
경주 여행,94,맛집,NNG
경주 여행,94,데이트,NNG
경주 여행,94,황리,NNG
경주 여행,94,데이트,NNG
경주 여행,95,소노,NNP
경주 여행,95,수영장,NNG
경주 여행,95,스파,NNP
경주 여행,95,조식,NNG
경주 여행,95,할인,NNG
경주 여행,95,소노,NNG
경주 여행,95,소노,NNP
경주 여행,95,소노,NNP
경주 여행,95,보문,NNG
경주 여행,95,단지,MAG
경주 여행,95,호텔,NNG
경주 여행,95,리조트,NNG
경주 여행,95,추천,NNP
경주 여행,95,가족,NNG
경주 여행,95,소노,NNG
경주 여행,95,스파,NNP
경주 여행,95,스파,NNP
경주 여행,95,리조트,NNG
경주 여행,95,보문,NNG
경주 여행,95,호수,NNG
경주 여행,95,호텔,NNG
경주 여행,95,추천,NNG
경주 여행,95,소노,NNG
경주 여행,95,후기,NNG
경주 여행,95,숙소,NNG
경주 여행,95,프렌들리,NNP
경주 여행,96,소노,NNG
경주 여행,96,감포,NNP
경주 여행,96,호텔,NNG
경주 여행,96,최대,NNG
경주 여행,96,78,SN
경주 여행,96,할인,NNG
경주 여행,96,웰컴,NNP
경주 여행,96,드링크,NNG
경주 여행,96,조식,NNG
경주 여행,96,포함,NNG
경주 여행,96,이나,JC
경주 여행,96,감포,NNP
경주 여행,96,으로,JKB
경주 여행,96,계획,NNG
경주 여행,96,다면,EC
경주 여행,96,내일,MAG
경주 여행,96,저녁,NNG
경주 여행,96,기억,NNG
경주 여행,96,어요,EF
경주 여행,96,소노,NNG
경주 여행,96,감포,NNP
경주 여행,96,오후,NNG
경주 여행,96,부터,JX
경주 여행,96,10,SN
경주 여행,96,동안,NNG
경주 여행,96,라이브,NNG
경주 여행,96,특가,NNG
경주 여행,96,진행,NNG
경주 여행,96,는데요,EC
경주 여행,96,정상,NNG
경주 여행,96,396,SN
경주 여행,96,000,SN
경주 여행,96,원인,NNG
경주 여행,97,소노,NNP
경주 여행,97,스파,NNP
경주 여행,97,후기,NNG
경주 여행,97,가격,NNG
경주 여행,97,시간,NNG
경주 여행,97,물품,NNG
경주 여행,97,보관,NNG
경주 여행,97,에서,JKB
경주 여행,97,숙소,NNG
경주 여행,97,소노,NNG
경주 여행,97,으로,JKB
경주 여행,97,정했,VV+EP
경주 여행,97,이유,NNG
경주 여행,97,하나,NR
경주 여행,97,바로,MAG
경주 여행,97,스파,NNP
경주 여행,97,어요,EF
경주 여행,97,일반,NNG
경주 여행,97,호텔,NNG
경주 여행,97,가족,NNG
경주 여행,97,으로,JKB
경주 여행,97,특히,MAG
경주 여행,97,어요,EF
경주 여행,97,처럼,JKB
경주 여행,97,방문,NNG
경주 여행,97,소노,NNP
경주 여행,97,스파,NNP
경주 여행,97,시간,NNG
경주 여행,97,이나,JC
경주 여행,97,가격,NNG
경주 여행,97,준비물,NNG
경주 여행,97,궁금,XR
경주 여행,98,필수,NNG
경주 여행,98,코스,NNG
경주 여행,98,과일,NNG
경주 여행,98,산도,NNG
경주 여행,98,디저트,NNG
경주 여행,98,맛집,NNG
경주 여행,98,타르,NNG
경주 여행,98,포장,NNG
경주 여행,98,솔직,XR
경주 여행,98,후기,NNG
경주 여행,98,03,SN
경주 여행,98,목요일,NNG
경주 여행,98,에서,JKB
경주 여행,98,지금,MAG
경주 여행,98,숙소,NNG
경주 여행,98,들어가,VV
경주 여행,98,물놀,NNG
경주 여행,98,면서,EC
경주 여행,98,가볍,VA
경주 여행,98,간식거리,NNG
경주 여행,98,필수,NNG
경주 여행,98,간식,NNG
경주 여행,98,과일,NNG
경주 여행,98,모찌,NNG
경주 여행,98,맛집,NNG
경주 여행,98,타르,NNG
경주 여행,98,분위기,NNG
경주 여행,98,매장,NNG
경주 여행,98,멀리,MAG
경주 여행,98,하얀,VA+ETM
경주 여행,98,주황색,NNG
경주 여행,99,호텔,NNG
경주 여행,99,어때,VA+EC
경주 여행,99,남관,NNP
경주 여행,99,한옥,NNG
경주 여행,99,호텔,NNG
경주 여행,99,에서,JKB
경주 여행,99,보내,VV
경주 여행,99,가장,MAG
경주 여행,99,남관,NNP
경주 여행,99,한옥,NNG
경주 여행,99,호텔,NNG
경주 여행,99,에서,JKB
경주 여행,99,한복,NNG
경주 여행,99,체험,NNG
경주 여행,99,무료,NNG
경주 여행,99,즐기,VV
경주 여행,99,계획,NNG
경주 여행,99,어떤,MM
경주 여행,99,숙소,NNG
경주 여행,99,에서,JKB
경주 여행,99,을지,EC
경주 여행,99,시간,NNG
경주 여행,99,느낌,NNG
경주 여행,99,답니다,EF
경주 여행,99,특히,MAG
경주 여행,99,호텔,NNG
경주 여행,99,내부,NNG
경주 여행,99,전통,NNG
경주 여행,99,살리,VV
경주 여행,99,면서,EC
경주 여행,99,현대,NNG
경주 여행,100,마지막,NNG
경주 여행,100,황리,NNG
경주 여행,100,부터,JX
경주 여행,100,이색,NNG
경주 여행,100,카페,NNG
경주 여행,100,카페,NNG
경주 여행,100,후프,NNG
경주 여행,100,오늘,NNG
경주 여행,100,지난,VV+ETM
경주 여행,100,마지막,NNG
경주 여행,100,이야기,NNG
경주 여행,100,려고,EC
경주 여행,100,해요,VX+EF
경주 여행,100,친정,NNG
경주 여행,100,엄마,NNG
경주 여행,100,동생,NNG
경주 여행,100,그리고,MAJ
경주 여행,100,우리,NP
경주 여행,100,방문,NNG
경주 여행,100,카페,NNG
경주 여행,100,에서,JKB
경주 여행,100,만나,VV
경주 여행,100,반가움,VA+ETN
경주 여행,100,어요,EF
경주 여행,100,시원,XR
경주 여행,100,커피,NNG
경주 여행,100,맛있,VA
경주 여행,100,어서,EC
경주 여행,100,제대로,MAG
경주 여행,101,초등,NNG
경주 여행,101,여름,NNG
경주 여행,101,방학,NNG
경주 여행,101,아이,NNG
경주 여행,101,야경,NNG
경주 여행,101,투어,NNG
경주 여행,101,즐기,VV
경주 여행,101,동궁,NNG
경주 여행,101,초등,NNG
경주 여행,101,여름,NNG
경주 여행,101,방학,NNG
경주 여행,101,아이,NNG
경주 여행,101,함께,MAG
경주 여행,101,야경,NNG
경주 여행,101,투어,NNG
경주 여행,101,다녀왔,VV+EP
경주 여행,101,시티투어,NNP
경주 여행,101,버스,NNG
경주 여행,101,야경,NNG
경주 여행,101,관람,NNG
경주 여행,101,인상,NNG
경주 여행,101,고즈넉,XR
경주 여행,101,화려,XR
경주 여행,101,영상,NNG
경주 여행,101,아이,NNG
경주 여행,101,신기,XR
경주 여행,101,한참,NNG
경주 여행,101,바라봤,VV+EP
경주 여행,101,다네,EC
경주 여행,102,설렘,VV+ETN
경주 여행,102,이랑,JC
경주 여행,102,국내,NNG
경주 여행,102,이틀,NNG
경주 여행,102,갑자기,MAG
경주 여행,102,갈까,VV+EC
경주 여행,102,곤이,NNG
경주 여행,102,기념품,NNG
경주 여행,102,까지,JX
경주 여행,102,이제,MAG
경주 여행,102,다시,MAG
경주 여행,102,돌아갈,VV+ETM
경주 여행,102,시간,NNG
경주 여행,102,다음,NNG
경주 여행,102,어디,NP
경주 여행,102,갈지,VV+EC
경주 여행,103,금리,NNG
경주 여행,103,카페,NNG
경주 여행,103,선물,NNG
경주 여행,103,디저트,NNG
경주 여행,103,맛집,NNG
경주 여행,103,추천,NNG
경주 여행,103,카초,NNP
경주 여행,103,디저트,NNG
경주 여행,103,카페,NNG
경주 여행,103,선물,NNG
경주 여행,103,세트,NNG
경주 여행,103,금리,NNG
경주 여행,103,맛집,NNG
경주 여행,103,위치,NNG
경주 여행,103,주소,NNG
경주 여행,103,경북,NNP
경주 여행,103,경주시,NNP
경주 여행,103,원효로,NNP
경주 여행,103,120,SN
경주 여행,103,다녀온,VV+ETM
경주 여행,103,에서,JKB
경주 여행,103,발견,NNG
경주 여행,103,금리,NNG
경주 여행,103,카페,NNG
경주 여행,103,초코,NNP
경주 여행,103,흔하,VA
경주 여행,103,은데,EC
경주 여행,104,야경,NNG
경주 여행,104,명소,NNG
경주 여행,104,BEST,SL
경주 여행,104,동궁,NNG
경주 여행,104,월지,NNG
경주 여행,104,vs,SL
경주 여행,104,정교,NNG
경주 여행,104,감성,NNG
경주 여행,104,야경,NNG
경주 여행,104,촬영,NNG
경주 여행,104,완전히,MAG
경주 여행,104,다른,MM
경주 여행,104,신비,NNG
경주 여행,104,웅장,XR
경주 여행,104,도시,NNG
경주 여행,104,변신,NNG
경주 여행,104,합니다,XSV+EF
경주 여행,104,하이라이트,NNG
경주 여행,104,불리,VV
경주 여행,104,야경,NNG
경주 여행,104,스팟,NNG
경주 여행,104,다음,NNG
경주 여행,104,포스팅,NNP
경주 여행,104,에서,JKB
경주 여행,104,제주도,NNP
경주 여행,104,서귀포,NNG
경주 여행,104,힐링,NNG
경주 여행,104,코스,NNG
경주 여행,104,현지,NNG
경주 여행,104,가성,NNG
경주 여행,105,기념품,NNG
경주 여행,105,얼굴,NNG
경주 여행,105,SNS,SL
경주 여행,105,에서,JKB
경주 여행,105,인증,NNG
경주 여행,105,방법,NNG
경주 여행,105,기념품,NNG
경주 여행,105,얼굴,NNG
경주 여행,105,사진,NNG
경주 여행,105,안녕,NNG
경주 여행,105,세요,EP+EF
경주 여행,105,언서,NNG
경주 여행,105,입니다,NNB+VCP+EF
경주 여행,105,최근,NNG
경주 여행,105,SNS,SL
경주 여행,105,에서,JKB
경주 여행,105,대릉원,NNG
경주 여행,105,인증,NNG
경주 여행,105,아시나,NNP
경주 여행,105,상징,NNG
경주 여행,105,석굴암,NNG
경주 여행,105,신라,NNP
경주 여행,105,미소,NNG
경주 여행,105,모양,NNG
경주 여행,106,코스,NNG
경주 여행,106,맛집,NNG
경주 여행,106,박용자,NNP
경주 여행,106,명동,NNG
경주 여행,106,불국사,NNP
경주 여행,106,석굴암,NNG
경주 여행,106,동굴,NNG
경주 여행,106,월지,NNG
경주 여행,106,첨성대,NNG
경주 여행,106,미디어,NNG
경주 여행,106,아트,NNG
경주 여행,106,야경,NNG
경주 여행,106,명소,NNG
경주 여행,106,정교,NNG
경주 여행,107,황리,NNG
경주 여행,107,먹거리,NNG
경주 여행,107,얼굴,NNG
경주 여행,107,기념품,NNG
경주 여행,107,추천,NNG
경주 여행,107,먹거리,NNG
경주 여행,107,기념품,NNG
경주 여행,107,얼굴,NNG
경주 여행,107,소개,NNG
경주 여행,107,드립니다,VV+EC
경주 여행,107,얼굴,NNG
경주 여행,107,위치,NNG
경주 여행,107,영업시간,NNG
경주 여행,107,얼굴,NNG
경주 여행,107,는데요,EF
경주 여행,107,에서,JKB
경주 여행,107,남길,VV+ETM
경주 여행,107,특별,NNG
경주 여행,107,사진,NNG
경주 여행,107,재미,NNG
경주 여행,107,추억,NNG
경주 여행,107,동시,NNG
경주 여행,107,챙길,VV+ETM
경주 여행,107,더라구요,EF
경주 여행,108,한우,NNG
경주 여행,108,취하,VV
경주 여행,108,보문,NNG
경주 여행,108,갈비,NNG
경주 여행,108,탐방기,NNG
경주 여행,108,오늘,NNG
경주 여행,108,들러야,VV+EC
경주 여행,108,한다는,VX+ETM
경주 여행,108,한우,NNG
경주 여행,108,맛집,NNG
경주 여행,108,보문,NNG
경주 여행,108,갈비,NNG
경주 여행,108,방문,NNG
경주 여행,108,어요,EF
경주 여행,108,맛집,NNG
경주 여행,108,포스팅,NNP
경주 여행,108,창밖,NNG
경주 여행,108,으로,JKB
경주 여행,108,고즈넉,XR
경주 여행,108,풍경,NNG
경주 여행,108,바라보,VV
경주 여행,108,오늘,NNG
경주 여행,108,미식,NNG
경주 여행,108,되돌,VV
경주 여행,108,습니다,EF
경주 여행,108,다음,NNG
경주 여행,108,가족,NNG
경주 여행,108,함께,MAG
경주 여행,109,보문,NNG
경주 여행,109,단지,MAG
경주 여행,109,맛집,NNG
경주 여행,109,보문,NNG
경주 여행,109,갈비찜,NNG
경주 여행,109,후기,NNG
경주 여행,109,보문,NNG
경주 여행,109,단지,MAG
경주 여행,109,맛집,NNG
경주 여행,109,다가,EC
경주 여행,109,한우,NNG
경주 여행,109,물회,NNG
경주 여행,109,갈비찜,NNG
경주 여행,109,으로,JKB
경주 여행,109,유명,XR
경주 여행,109,보문,NNG
경주 여행,109,다녀왔,VV+EP
경주 여행,109,어요,EF
경주 여행,109,에서,JKB
경주 여행,109,든든,XR
경주 여행,109,직접,MAG
경주 여행,109,메뉴,NNG
경주 여행,109,솔직,XR
경주 여행,109,후기,NNG
경주 여행,109,남겨,VV+EC
경주 여행,109,볼게요,VX+EF
경주 여행,109,보문,NNG
경주 여행,109,주문,NNG
경주 여행,110,현지,NNG
경주 여행,110,맛집,NNG
경주 여행,110,진성,NNG
경주 여행,110,닭갈비,NNG
경주 여행,110,신라,NNP
경주 여행,110,끼니,NNG
경주 여행,110,완전,MAG
경주 여행,110,첫날,NNG
경주 여행,110,숙소,NNG
경주 여행,110,자마자,EC
경주 여행,110,고파서,VA+EC
경주 여행,110,급하,VA
경주 여행,110,찾아간,VV+ETM
경주 여행,110,바로,MAG
경주 여행,110,진성,NNG
경주 여행,110,닭갈비,NNG
경주 여행,110,신라,NNP
경주 여행,110,예감,NNG
경주 여행,110,답니다,EC
경주 여행,110,현지,NNG
경주 여행,110,맛집,NNG
경주 여행,110,으로,JKB
경주 여행,110,진짜,MAG
경주 여행,110,강추,NNG
경주 여행,110,한번,MAG
경주 여행,110,들려,VV+EC
경주 여행,110,세요,EP+EF
경주 여행,111,황리,NNG
경주 여행,111,근처,NNG
경주 여행,111,독채,NNG
경주 여행,111,펜션,NNG
경주 여행,111,후기,NNG
경주 여행,111,주차,NNG
경주 여행,111,부터,JX
경주 여행,111,바베큐,NNG
경주 여행,111,까지,JX
경주 여행,111,면서,EC
경주 여행,111,하루,NNG
경주 여행,111,정도,NNG
경주 여행,111,관광지,NNG
경주 여행,111,근처,NNG
경주 여행,111,보다,JKB
경주 여행,111,조용,XR
경주 여행,111,에서,JKB
경주 여행,111,어서,EC
경주 여행,111,독채,NNG
경주 여행,111,숙소,NNG
경주 여행,111,커플,NNG
경주 여행,111,조용,XR
경주 여행,111,숙소,NNG
경주 여행,111,바베큐,NNG
경주 여행,111,숙소,NNG
경주 여행,111,TIP,SL
경주 여행,111,주변,NNG
경주 여행,111,마트,NNG
경주 여행,111,가까운,VA+ETM
경주 여행,111,아니,VCN
경주 여행,111,라서,EC
경주 여행,111,체크,NNG
경주 여행,112,맛집,NNG
경주 여행,112,여미,VV
경주 여행,112,황리,NNG
경주 여행,112,길점,NNG
경주 여행,112,육회,NNG
경주 여행,112,비빔밥,NNG
경주 여행,112,비빔면,NNP
경주 여행,112,육전,NNG
경주 여행,112,다녀온,VV+ETM
경주 여행,112,에서,JKB
경주 여행,112,다녀온,VV+ETM
경주 여행,112,식당,NNG
경주 여행,112,바로,MAG
경주 여행,112,여미,VV
경주 여행,112,황리,NNG
경주 여행,112,길점,NNG
경주 여행,112,황리,NNG
경주 여행,112,엄청,MAG
경주 여행,112,여행지,NNG
경주 여행,112,웨이팅,NNG
경주 여행,112,맛집,NNG
경주 여행,112,라고,EC
경주 여행,112,더라구요,EF
경주 여행,112,강경,NNG
경주 여행,112,전라도,NNP
경주 여행,112,입맛,NNG
경주 여행,112,맛집,NNG
경주 여행,112,후기,NNG
경주 여행,112,시작,NNG
경주 여행,112,할게요,XSV+EC
경주 여행,112,미온,NNG
경주 여행,113,코스,NNG
경주 여행,113,추천,NNG
경주 여행,113,데이트,NNG
경주 여행,113,코스,NNG
경주 여행,113,맛집,NNG
경주 여행,113,카페,NNG
경주 여행,113,정리,NNP
경주 여행,113,닭강정,NNP
경주 여행,113,마지막,NNG
경주 여행,113,코스,NNG
경주 여행,113,가져갈,VV+ETM
경주 여행,113,간식,NNG
경주 여행,113,으로,JKB
경주 여행,113,닭강정,NNP
경주 여행,113,포장,NNG
경주 여행,113,뭔가,NP+VCP+EC
경주 여행,113,하나,NR
경주 여행,113,잖아요,EC+VX+EF
경주 여행,113,저희,NP
경주 여행,113,닭강정,NNP
경주 여행,113,포장,NNG
경주 여행,113,해서,XSV+EC
경주 여행,113,으로,JKB
경주 여행,113,가져왔,VV+EP
경주 여행,113,어요,EF
경주 여행,113,보통,MAJ
경주 여행,113,닭강정,NNP
경주 여행,114,필수,NNG
경주 여행,114,코스,NNG
경주 여행,114,얼굴,NNG
경주 여행,114,황리,NNG
경주 여행,114,깔끔,XR
경주 여행,114,고급,NNG
경주 여행,114,스러운,XSA+ETM
경주 여행,114,박스,NNG
경주 여행,114,포장,NNG
경주 여행,114,셔서,EP+EC
경주 여행,114,가족,NNG
경주 여행,114,이나,JC
경주 여행,114,친구,NNG
경주 여행,114,에게,JKB
경주 여행,114,선물,NNG
경주 여행,114,기념품,NNG
경주 여행,114,으로,JKB
경주 여행,114,제격,NNG
경주 여행,114,으로,JKB
경주 여행,114,추천,NNG
경주 여행,114,드리,VX
경주 여행,114,어요,EF
경주 여행,114,에서,JKB
경주 여행,114,색다른,VA+ETM
경주 여행,114,추억,NNG
경주 여행,114,맛있,VA
경주 여행,114,디저트,NNG
경주 여행,115,황리,NNG
경주 여행,115,아침,NNG
경주 여행,115,식사,NNG
경주 여행,115,순두부,NNG
경주 여행,115,짬뽕,NNG
경주 여행,115,동궁,NNG
경주 여행,115,황리,NNG
경주 여행,115,길점,NNG
경주 여행,115,해장,NNG
경주 여행,115,오세,NNG
경주 여행,115,안녕,NNG
경주 여행,115,세요,EP+EF
경주 여행,115,포항,NNP
경주 여행,115,맛집,NNG
경주 여행,115,찾아다니,VV
경주 여행,115,쭌이,NNP
경주 여행,115,입니다,VCP+EF
경주 여행,115,다음,NNG
경주 여행,115,아침,NNG
경주 여행,115,식사,NNG
경주 여행,115,찾아보,VV
경주 여행,115,잖아요,EC
경주 여행,115,오전,NNG
경주 여행,115,오픈,NNG
경주 여행,115,라서,EC
경주 여행,115,아침,NNG
경주 여행,115,식사,NNG
경주 여행,115,주차,NNG
경주 여행,115,어려운,VA+ETM
경주 여행,115,황리,NNG
경주 여행,115,전용주,NNP
경주 여행,115,차장,NNG
경주 여행,115,어서,EC
경주 여행,116,혼자,NNG
경주 여행,116,DAY,SL
경주 여행,116,https,SL
경주 여행,116,www,SL
경주 여행,116,youtube,SL
경주 여행,116,com,SL
경주 여행,116,watch,SL
경주 여행,116,UHHSdhBSfgQ,SL
경주 여행,116,list,SL
경주 여행,116,RDUHHSdhBSfgQ,SL
경주 여행,116,start,SL
경주 여행,116,radio,SL
경주 여행,116,음악,NNG
경주 여행,116,함께,MAG
경주 여행,116,사람,NNG
경주 여행,116,자기,NP
경주 여행,116,시간,NNG
경주 여행,116,무엇,NP
경주 여행,116,으로,JKB
경주 여행,116,채우,VV
경주 여행,116,는가,EC
경주 여행,116,중요,NNG
경주 여행,116,무엇,NP
경주 여행,116,으로,JKB
경주 여행,116,시간,NNG
경주 여행,116,채우,VV
경주 여행,116,는가,EC
경주 여행,116,누구,NP
경주 여행,116,함께,MAG
경주 여행,116,시간,NNG
경주 여행,116,채우,VV
경주 여행,116,는가,EC
경주 여행,116,소속,NNG
경주 여행,117,감성,NNG
경주 여행,117,숙소,NNG
경주 여행,117,한옥,NNG
경주 여행,117,독채,NNG
경주 여행,117,숙소,NNG
경주 여행,117,추천,NNG
경주 여행,117,스테이,NNG
경주 여행,117,소개,NNG
경주 여행,117,요즘,NNG
경주 여행,117,다녀오,VV
경주 여행,117,계획,NNG
경주 여행,117,라면,EC
경주 여행,117,한옥,NNG
경주 여행,117,펜션,NNG
경주 여행,117,스테이,NNG
경주 여행,117,에서,JKB
경주 여행,117,연인,NNG
경주 여행,117,함께,MAG
경주 여행,117,시간,NNG
경주 여행,117,보내,VV
경주 여행,117,어떠실까,VA+EP+EC
경주 여행,117,시내,NNG
경주 여행,117,인접,NNG
경주 여행,117,시내,NNG
경주 여행,117,숙소,NNG
경주 여행,117,교통,NNG
경주 여행,117,이동,NNG
경주 여행,117,동선,NNG
경주 여행,117,매우,MAG
경주 여행,117,편리,NNG
경주 여행,117,한데,XSA+EC
경주 여행,117,황리,NNG
경주 여행,117,차량,NNG
경주 여행,118,배꼽,NNG
경주 여행,118,실종,NNG
경주 여행,118,사무소,NNG
경주 여행,118,친구,NNG
경주 여행,118,오사카,NNP
경주 여행,118,지만,NNG
경주 여행,118,아쉬웠,VV+EP
경주 여행,118,는데,EC
경주 여행,118,이번,NNG
경주 여행,118,같이,MAG
경주 여행,118,돼서,VV+EC
경주 여행,118,제각각,NNG
경주 여행,118,비행기,NNG
경주 여행,118,어떤데,VA+EC
경주 여행,118,오전,NNG
경주 여행,118,비행기,NNG
경주 여행,118,위해,VV+EC
경주 여행,118,당일,NNG
경주 여행,118,어서,EC
경주 여행,118,전날,NNG
경주 여행,118,11,SN
경주 여행,118,공항,NNG
경주 여행,118,에서,JKB
경주 여행,118,노숙,XR
경주 여행,118,저기,NP
경주 여행,119,보문,NNG
경주 여행,119,호수,NNG
경주 여행,119,셀렉,NNP
경주 여행,119,베니키아,NNP
경주 여행,119,스위스,NNP
경주 여행,119,호텔,NNG
경주 여행,119,비교,NNG
경주 여행,119,숙소,NNG
경주 여행,119,결국,MAG
경주 여행,119,근처,NNG
경주 여행,119,좁혀,VV+EC
경주 여행,119,아요,EF
경주 여행,119,셀렉,NNP
경주 여행,119,베니키아,NNP
경주 여행,119,스위스,NNP
경주 여행,119,한참,NNG
경주 여행,119,비교,NNG
경주 여행,119,어요,EF
경주 여행,119,뒤져,VV+EC
경주 여행,119,습니다,EF
경주 여행,119,기준,NNG
경주 여행,119,가지,NNBC
경주 여행,119,보문,NNG
경주 여행,119,단지,MAG
경주 여행,119,에서,JKB
경주 여행,120,한옥,NNG
경주 여행,120,펜션,NNG
경주 여행,120,너머,NNG
경주 여행,120,너머,NNG
경주 여행,120,하루,NNG
경주 여행,120,특별,NNG
경주 여행,120,독채,NNG
경주 여행,120,숙소,NNG
경주 여행,120,한옥,NNG
경주 여행,120,펜션,NNG
경주 여행,120,너머,NNG
경주 여행,120,너머,NNG
경주 여행,120,하루,NNG
경주 여행,120,특별,NNG
경주 여행,120,독채,NNG
경주 여행,120,숙소,NNG
경주 여행,120,이번,NNG
경주 여행,120,조금,MAG
경주 여행,120,여유,NNG
경주 여행,120,보내,VV
경주 여행,120,어서,EC
경주 여행,120,숙소,NNG
경주 여행,120,정말,MAG
경주 여행,120,신중,NNG
경주 여행,120,걸어서,VV+EC
경주 여행,120,다는,ETM
경주 여행,120,가장,MAG
경주 여행,120,장점,NNG
경주 여행,120,어요,EF
경주 여행,120,황리,NNG
경주 여행,120,도보,NNG
경주 여행,121,정교,NNG
경주 여행,121,산책,NNG
경주 여행,121,코스,NNG
경주 여행,121,추천,NNG
경주 여행,121,방문,NNG
경주 여행,121,신다면,EP+EC
경주 여행,121,산책,NNG
경주 여행,121,코스,NNG
경주 여행,121,한번,MAG
경주 여행,121,고려,NNG
경주 여행,121,바랍니다,VV+EF
경주 여행,121,정교,NNP
경주 여행,121,야경,NNG
경주 여행,121,산책,NNG
경주 여행,121,코스,NNG
경주 여행,121,국내,NNG
경주 여행,121,산책,NNG
경주 여행,122,들르,VV
경주 여행,122,대게,NNG
경주 여행,122,유명,XR
경주 여행,122,감포,NNP
경주 여행,122,물회,NNG
경주 여행,122,맛집,NNG
경주 여행,122,맛집,NNG
경주 여행,122,탐방,NNG
경주 여행,122,돌고래,NNG
경주 여행,122,횟집,NNG
경주 여행,122,오늘,NNG
경주 여행,122,맛집,NNG
경주 여행,122,이번,NNG
경주 여행,122,들렀,VV+EP
경주 여행,122,감포,NNP
경주 여행,122,물회,NNG
경주 여행,122,맛집,NNG
경주 여행,122,어서,EC
경주 여행,122,후기,NNG
경주 여행,122,작성,NNG
경주 여행,122,려고,EC
경주 여행,122,해요,VX+EF
경주 여행,122,맛집,NNG
경주 여행,122,으로,JKB
경주 여행,122,들르,VV
경주 여행,122,식당,NNG
경주 여행,122,하나,NR
경주 여행,122,에메랄드,NNG
경주 여행,123,황오동,NNP
경주 여행,123,카페,NNG
경주 여행,123,연화,NNG
경주 여행,123,방문,NNG
경주 여행,123,후기,NNG
경주 여행,123,고즈넉,XR
경주 여행,123,한옥,NNG
경주 여행,123,감성,NNG
경주 여행,123,차정,NNG
경주 여행,123,꾸준히,MAG
경주 여행,123,국내,NNG
경주 여행,123,여행지,NNG
경주 여행,123,플레이스,NNG
경주 여행,123,사랑,NNG
경주 여행,123,요즘,NNG
경주 여행,123,입니다,VCP+EF
경주 여행,123,계획,NNG
경주 여행,123,카페,NNG
경주 여행,123,너무,MAG
경주 여행,123,매번,MAG
경주 여행,123,어디,NP
경주 여행,123,할지,VX+EC
경주 여행,123,고민,NNG
경주 여행,123,네요,EC
경주 여행,123,이번,NNG
경주 여행,123,네이버,NNP
경주 여행,123,지도,NNG
경주 여행,124,여행지,NNG
경주 여행,124,숙소,NNG
경주 여행,124,추천,NNG
경주 여행,124,유온,NNG
경주 여행,124,스테이,NNG
경주 여행,124,보문관광단지,NNP
경주 여행,124,시내,NNG
경주 여행,124,차량,NNG
경주 여행,124,으로,JKB
경주 여행,124,이동,NNG
경주 여행,124,위치,NNG
경주 여행,124,숙소,NNG
경주 여행,124,괜찮,VA
경주 여행,124,유온,NNG
경주 여행,124,에서,JKB
경주 여행,124,즐겨야,VV+EC
경주 여행,124,스파,NNP
경주 여행,124,프라이빗,NNG
경주 여행,124,개별,NNG
경주 여행,124,에서,JKB
경주 여행,124,음료,NNG
경주 여행,124,함께,MAG
경주 여행,124,즐길,VV+ETM
경주 여행,124,스파,NNP
경주 여행,124,입니다,VCP+EF
경주 여행,124,면서,EC
경주 여행,125,선물,NNG
경주 여행,125,추천,NNG
경주 여행,125,첨성대,NNG
경주 여행,125,초콜릿,NNG
경주 여행,125,프리미엄,NNG
경주 여행,125,별자리,NNG
경주 여행,125,12,SN
경주 여행,125,안녕,NNG
경주 여행,125,세요,EP+EF
경주 여행,125,릴리에,NNP
경주 여행,125,오늘,NNG
경주 여행,125,선물,NNG
경주 여행,125,첨성대,NNG
경주 여행,125,초콜릿,NNG
경주 여행,125,구매,NNG
경주 여행,125,후기,NNG
경주 여행,125,포스팅,NNP
경주 여행,125,볼게요,VX+EF
경주 여행,125,선물,NNG
경주 여행,125,선물,NNG
경주 여행,125,추천,NNG
경주 여행,125,첨성대,NNG
경주 여행,125,초콜릿,NNG
경주 여행,125,첨성대,NNG
경주 여행,125,초콜릿,NNG
경주 여행,125,경북,NNP
경주 여행,125,경주시,NNP
경주 여행,125,포석로,NNP
경주 여행,125,1058,SN
경주 여행,125,황남,NNG
경주 여행,125,시장,NNG
경주 여행,126,지금,MAG
경주 여행,126,떠나,VV
경주 여행,126,이유,NNG
경주 여행,126,불국사,NNP
경주 여행,126,석굴암,NNG
경주 여행,126,드라이브,NNG
경주 여행,126,다면,EC
경주 여행,126,망설이,VV
경주 여행,126,지금,MAG
경주 여행,126,바로,MAG
경주 여행,126,계획,NNG
경주 여행,126,추천,NNG
경주 여행,126,한다,XSV+EC
경주 여행,126,불국사,NNG
경주 여행,126,석굴암,NNG
경주 여행,126,드라이브,NNG
경주 여행,126,10,SN
경주 여행,126,여행지,NNG
경주 여행,126,가족,NNG
경주 여행,126,데이트,NNG
경주 여행,126,코스,NNG
경주 여행,126,토함산,NNP
경주 여행,126,드라이브,NNG
경주 여행,127,황리,NNG
경주 여행,127,맛집,NNG
경주 여행,127,탐방,MAG
경주 여행,127,한옥,NNP
경주 여행,127,정취,NNG
경주 여행,127,황남,NNG
경주 여행,127,두꺼비,NNG
경주 여행,127,식당,NNG
경주 여행,127,황남,NNG
경주 여행,127,02,SN
경주 여행,127,수요일,NNG
경주 여행,127,저녁,NNG
경주 여행,127,시간,NNG
경주 여행,127,맞춰,VV+EC
경주 여행,127,많이,MAG
경주 여행,127,황리,NNG
경주 여행,127,거리,NNG
경주 여행,127,천천히,MAG
경주 여행,127,골목,NNG
경주 여행,127,황리,NNG
경주 여행,127,맛집,NNG
경주 여행,127,황남,NNG
경주 여행,127,두꺼비,NNG
경주 여행,127,식당,NNG
경주 여행,127,황남,NNG
경주 여행,127,본점,NNG
경주 여행,127,분위기,NNG
경주 여행,127,가게,NNG
경주 여행,127,입구,NNG
경주 여행,127,조명,NNG
경주 여행,127,아치,NNG
경주 여행,127,청사초롱,NNG
경주 여행,127,으로,JKB
경주 여행,128,대가족,NNG
경주 여행,128,추천,NNG
경주 여행,128,코스,NNG
경주 여행,128,맛집,NNG
경주 여행,128,소노,NNG
경주 여행,128,안녕,NNG
경주 여행,128,세요,EP+EF
경주 여행,128,제나리,NNP
경주 여행,128,에요,JX
경주 여행,128,석가,NNP
경주 여행,128,탄신일,NNP
경주 여행,128,황금연휴,NNG
경주 여행,128,다녀온,VV+ETM
경주 여행,128,여행기,NNG
경주 여행,128,이제서야,MAG
경주 여행,128,올립니다,VV+EF
경주 여행,128,가족,NNG
경주 여행,128,함께,MAG
경주 여행,128,2026,SN
경주 여행,128,기간,NNG
경주 여행,128,2026,SN
경주 여행,128,23,SN
경주 여행,128,토요일,NNG
경주 여행,128,25,SN
경주 여행,128,월요일,NNG
경주 여행,129,보문,NNG
경주 여행,129,단지,MAG
경주 여행,129,야경,NNG
경주 여행,129,가득,MAG
경주 여행,129,보문,NNG
경주 여행,129,호수,NNG
경주 여행,129,산책,NNG
경주 여행,129,선선,XR
경주 여행,129,밤공기,NNG
경주 여행,129,마시,VV
경주 여행,129,호수,NNG
경주 여행,129,주변,NNG
경주 여행,129,천천히,MAG
경주 여행,129,으로,JKB
경주 여행,129,피로,NNG
경주 여행,129,풀리,VV
경주 여행,129,기분,NNG
경주 여행,129,공연,NNG
경주 여행,129,까지,JX
경주 여행,129,가장,MAG
경주 여행,129,행복,NNG
경주 여행,129,선물,NNG
경주 여행,129,습니다,EF
경주 여행,129,에서,JKB
경주 여행,129,못할,VX+ETM
경주 여행,129,낭만,NNG
경주 여행,129,가득,MAG
경주 여행,129,느끼,VV
경주 여행,130,삼겹살,NNG
경주 여행,130,맛집,NNG
경주 여행,130,AI,SL
경주 여행,130,초벌,NNG
경주 여행,130,고기,NNG
경주 여행,130,땡기,VV
경주 여행,130,고기,NNG
경주 여행,130,모듬,NNG
경주 여행,130,정교,XR
경주 여행,130,초벌,NNG
경주 여행,130,나오,VV
경주 여행,130,니까,EC
경주 여행,130,편하,VA
경주 여행,130,식사,NNG
경주 여행,130,즉흥,NNG
경주 여행,130,으로,JKB
경주 여행,130,떠난,VV+ETM
경주 여행,130,일정,NNG
경주 여행,130,면서,EC
경주 여행,130,숙소,NNG
경주 여행,130,예약,NNG
경주 여행,130,천천히,MAG
경주 여행,130,고기,NNG
경주 여행,130,구워,VV+EC
경주 여행,130,으니까,EC
경주 여행,130,어요,EF
경주 여행,130,이번,NNG
경주 여행,130,려고,EC
경주 여행,130,생각,NNG
경주 여행,130,는데,EC
경주 여행,131,황금,NNG
경주 여행,131,카니발,NNG
경주 여행,131,2026,SN
경주 여행,131,출연진,NNG
경주 여행,131,라인업,NNG
경주 여행,131,가수,NNG
경주 여행,131,금리,NNG
경주 여행,131,골목,NNG
경주 여행,131,다니,VV
경주 여행,131,즐기,VV
경주 여행,131,방식,NNG
경주 여행,131,평소,NNG
경주 여행,131,코스,NNG
경주 여행,131,자연,NNG
경주 여행,131,스럽,XSA
경주 여행,131,끼워,VV+EC
경주 여행,131,아요,EF
경주 여행,131,가을,NNG
경주 여행,131,계획,NNG
경주 여행,131,다면,EC
경주 여행,131,황금,NNG
경주 여행,131,카니발,NNG
경주 여행,131,일정,NNG
경주 여행,131,라인업,NNG
경주 여행,131,부터,JX
경주 여행,131,확인,NNG
경주 여행,131,세요,EP+EF
경주 여행,132,감포,NNP
경주 여행,132,에서,JKB
경주 여행,132,봐야,VX+EC
경주 여행,132,신라,NNP
경주 여행,132,달밤,NNG
경주 여행,132,포차,NNG
경주 여행,132,거리,NNG
경주 여행,132,바다,NNG
경주 여행,132,즐기,VV
경주 여행,132,감성,NNG
경주 여행,132,계획,NNG
경주 여행,132,면서,EC
경주 여행,132,어디,NP
경주 여행,132,볼까,EC+VX+EC
경주 여행,132,다가,EC
경주 여행,132,다음,NNG
경주 여행,132,감포,NNP
경주 여행,132,다시,MAG
경주 여행,132,된다면,VV+EC
경주 여행,132,다른,MM
경주 여행,132,포차,NNG
경주 여행,132,하나,NR
경주 여행,132,어요,EF
경주 여행,132,감포,NNP
경주 여행,132,코스,NNG
경주 여행,133,북적이,VV
경주 여행,133,황리,NNG
경주 여행,133,2026,SN
경주 여행,133,가을,NNG
경주 여행,133,명소,NNG
경주 여행,133,여기,NP
경주 여행,133,어때요,VA+EF
경주 여행,133,가을,NNG
경주 여행,133,고르기,NNP
경주 여행,133,체크,NNG
경주 여행,133,포인트,NNG
경주 여행,133,계획,NNG
경주 여행,133,가장,MAG
경주 여행,133,먼저,MAG
경주 여행,133,고민,NNG
경주 여행,133,해야,XSV+EC
경주 여행,133,동선,NNG
경주 여행,133,테마,NNG
경주 여행,133,입니다,VCP+EF
경주 여행,133,생각,NNG
경주 여행,133,보다,JKB
경주 여행,133,어서,EC
경주 여행,133,황리,NNG
경주 여행,133,중심,NNG
경주 여행,133,벗어나,VV
경주 여행,133,대중교통,NNG
경주 여행,133,으로,JKB
경주 여행,133,시간,NNG
경주 여행,133,부족,NNG
경주 여행,134,황리,NNG
경주 여행,134,맛집,NNG
경주 여행,134,군데,NNBC
경주 여행,134,는데,EC
경주 여행,134,여기,NP
경주 여행,134,제일,MAG
경주 여행,134,더라,EF
경주 여행,134,치향,NNG
경주 여행,134,이번,NNG
경주 여행,134,에서,JKB
경주 여행,134,식사,NNG
경주 여행,134,가장,MAG
경주 여행,134,기억,NNG
경주 여행,134,치향,NNG
경주 여행,134,본점,NNG
경주 여행,134,어요,EF
경주 여행,134,마지막,NNG
경주 여행,134,만큼,NNB
경주 여행,134,분위기,NNG
경주 여행,134,일식집,NNG
경주 여행,134,는데,EC
경주 여행,134,황리,NNG
경주 여행,134,초입,NNG
경주 여행,134,어서,EC
경주 여행,134,한옥,NNG
경주 여행,134,특유,NNG
경주 여행,135,황리,NNG
경주 여행,135,한식,NNG
경주 여행,135,맛집,NNG
경주 여행,135,손님,NNG
경주 여행,135,석쇠,NNG
경주 여행,135,불고기,NNG
경주 여행,135,상차림,NNG
경주 여행,135,아이,NNG
경주 여행,135,황리,NNG
경주 여행,135,불고기,NNG
경주 여행,135,간장,NNG
경주 여행,135,불고기,NNG
경주 여행,135,고등어구이,NNG
경주 여행,135,가족,NNG
경주 여행,135,식사,NNG
경주 여행,135,황리,NNG
경주 여행,135,가족,NNG
경주 여행,135,식사,NNG
경주 여행,135,아이,NNG
경주 여행,135,맛집,NNG
경주 여행,135,아이,NNG
경주 여행,135,맛집,NNG
경주 여행,135,점심,NNG
경주 여행,135,맛집,NNG
경주 여행,135,황리,NNG
경주 여행,135,대릉원,NNG
경주 여행,135,맛집,NNG
경주 여행,135,첨성대,NNG
경주 여행,135,맛집,NNG
경주 여행,136,첨성대,NNG
경주 여행,136,근처,NNG
경주 여행,136,해바라기,NNG
경주 여행,136,오늘,NNG
경주 여행,136,필수,NNG
경주 여행,136,코스,NNG
경주 여행,136,첨성대,NNG
경주 여행,136,만나,VV
경주 여행,136,후기,NNG
경주 여행,136,작성,NNG
경주 여행,136,습니다,EF
경주 여행,136,첨성대,NNG
경주 여행,136,세계,NNG
경주 여행,136,에서,JKB
경주 여행,136,가장,MAG
경주 여행,136,오래,MAG
경주 여행,136,천문대,NNG
경주 여행,136,하나,NR
경주 여행,136,삼국유사,NNP
경주 여행,136,신라,NNP
경주 여행,136,선덕여왕,NNP
경주 여행,136,633,SN
경주 여행,136,만들,VV
경주 여행,136,다고,EC
경주 여행,136,적혀,VV+EC
경주 여행,136,다고,EC
경주 여행,137,데이트,NNG
경주 여행,137,코스,NNG
경주 여행,137,추천,NNG
경주 여행,137,대릉원,NNG
경주 여행,137,첨성대,NNG
경주 여행,137,부터,JX
경주 여행,137,정교,NNG
경주 여행,137,동궁,NNG
경주 여행,137,월지,NNG
경주 여행,137,특히,MAG
경주 여행,137,함께,MAG
경주 여행,137,라면,EC
경주 여행,137,관광지,NNG
경주 여행,137,바쁘,VA
경주 여행,137,다니,VV
경주 여행,137,보다,JKB
경주 여행,137,산책,NNG
경주 여행,137,사진,NNG
경주 여행,137,남기,VV
경주 여행,137,저녁,NNG
경주 여행,137,장면,NNG
경주 여행,137,한층,MAG
경주 여행,137,다양,NNG
경주 여행,137,해집니다,XSV+EC+VX+EC
경주 여행,137,경주시,NNP
경주 여행,137,공식,NNG
경주 여행,137,사진,NNG
경주 여행,137,참고,NNG
경주 여행,137,AI,SL
경주 여행,137,재현,NNG
경주 여행,137,이미지,NNG
경주 여행,137,동궁,NNG
경주 여행,138,황리,NNG
경주 여행,138,얼굴,NNG
경주 여행,138,후기,NNG
경주 여행,138,신라,NNG
경주 여행,138,미소,NNG
경주 여행,138,석굴암,NNG
경주 여행,138,가격,NNG
경주 여행,138,황리,NNG
경주 여행,138,하나,NR
경주 여행,138,다니,VV
경주 여행,138,잖아요,EC+VX+EF
경주 여행,138,근데,MAJ
경주 여행,138,이번,NNG
경주 여행,138,얼굴,NNG
경주 여행,138,라는,ETM
경주 여행,138,그래서,MAJ
경주 여행,138,얼굴,NNG
경주 여행,138,다녀왔,VV+EP
경주 여행,138,답니다,EF
경주 여행,138,매장,MAG
경주 여행,138,생각,NNG
경주 여행,138,보다,JKB
경주 여행,138,훨씬,MAG
경주 여행,138,아요,EF
경주 여행,138,들어가,VV
경주 여행,139,황남,NNG
경주 여행,139,본점,NNG
경주 여행,139,에서,JKB
경주 여행,139,빼놓,VV
경주 여행,139,아쉬운,VA+ETM
경주 여행,139,대표,NNG
경주 여행,139,먹거리,NNG
경주 여행,139,분위기,NNG
경주 여행,139,먹거리,NNG
경주 여행,139,거나,EC
경주 여행,139,달달,MAG
경주 여행,139,간식,NNG
경주 여행,139,생각날,VV+ETM
경주 여행,139,떠올려볼,VV+EC+VX+ETM
경주 여행,139,둘러보,VV
경주 여행,139,생각,NNG
경주 여행,139,난다면,VV+EC
경주 여행,139,황남,NNG
경주 여행,139,본점,NNG
경주 여행,139,들러,VV+EC
경주 여행,139,맛있,VA
경주 여행,139,추억,NR
경주 여행,139,하나,NR
경주 여행,139,챙겨,VV+EC
경주 여행,139,세요,EP+EF
경주 여행,140,동선,NNG
경주 여행,140,에서,JKB
경주 여행,140,발견,NNG
경주 여행,140,보문,NNG
경주 여행,140,단지,MAG
경주 여행,140,맛집,NNG
경주 여행,140,수제,NNG
경주 여행,140,호문,NNG
경주 여행,140,보문,NNG
경주 여행,140,단지,MAG
경주 여행,140,맛집,NNG
경주 여행,140,에서,JKB
경주 여행,140,단연,MAG
경주 여행,140,디저트,NNG
경주 여행,140,선물,NNG
경주 여행,140,라는,ETM
경주 여행,140,마리,NNBC
경주 여행,140,토끼,NNG
경주 여행,140,모두,MAG
경주 여행,140,수제,NNG
경주 여행,140,호문,NNG
경주 여행,140,방문,NNG
경주 여행,140,이번,NNG
경주 여행,140,아주,MAG
경주 여행,140,선택,NNG
경주 여행,140,월드,NNG
경주 여행,140,보문,NNG
경주 여행,140,호수,NNG
경주 여행,140,근처,NNG
경주 여행,140,지나가,VV
경주 여행,140,거나,EC
경주 여행,141,힐튼,NNP
경주 여행,141,호텔,NNG
경주 여행,141,디럭스,NNP
경주 여행,141,트윈,NNP
경주 여행,141,내산,NNP
경주 여행,141,후기,NNP
경주 여행,141,월드,NNG
경주 여행,141,전망,NNG
경주 여행,141,추천,NNG
경주 여행,141,입니다,VCP+EF
경주 여행,141,여름,NNG
경주 여행,141,끝자락,NNG
경주 여행,141,가을,NNG
경주 여행,141,시작,NNG
경주 여행,141,다녀온,VV+ETM
경주 여행,141,힐튼,NNP
경주 여행,141,호텔,NNG
경주 여행,141,디럭스,NNP
경주 여행,141,트윈,NNP
경주 여행,141,부터,JX
경주 여행,141,계속,MAG
경주 여행,141,와서,VV+EC
경주 여행,141,당일,NNG
경주 여행,141,무족,NNG
경주 여행,141,으면서,EC
경주 여행,141,다니,VV
경주 여행,141,구나,EC
경주 여행,141,는데,EC
경주 여행,141,이게,NP+JKS
경주 여행,141,왠걸,MAG+VCP+EC
경주 여행,142,국내,NNG
경주 여행,142,황리,NNG
경주 여행,142,맛집,NNG
경주 여행,142,외가,NNG
경주 여행,142,말차,NNG
경주 여행,142,카페,NNP
경주 여행,142,재밌,VA
경주 여행,142,본격,NNG
경주 여행,142,으로,JKB
경주 여행,142,시작,NNG
경주 여행,142,황리,NNG
경주 여행,142,니께,EC
경주 여행,142,황리,NNG
경주 여행,142,맛집,NNG
경주 여행,142,다고,EC
경주 여행,142,해서,VV+EC
경주 여행,142,점심,NNG
경주 여행,142,으로,JKB
경주 여행,142,바로,MAG
경주 여행,142,출발,NNG
경주 여행,142,가장,MAG
경주 여행,142,맛집,NNG
경주 여행,143,경북,NNP
경주 여행,143,모든,MM
경주 여행,143,갈만,NNG
경주 여행,143,모든,MM
경주 여행,143,완벽,NNG
경주 여행,143,가이드,NNG
경주 여행,143,고도,NNG
경주 여행,143,만큼,NNB
경주 여행,143,즐거운,VA+ETM
경주 여행,143,여행지,NNG
경주 여행,143,예요,VCP+EF
경주 여행,143,유네스코,NNP
경주 여행,143,세계,NNG
경주 여행,143,문화유산,NNG
경주 여행,143,도시,NNG
경주 여행,143,전체,NNG
경주 여행,143,야외,NNG
경주 여행,143,박물관,NNG
경주 여행,143,역사,NNG
경주 여행,143,감성,NNG
경주 여행,143,야경,NNG
경주 여행,143,맛집,NNG
경주 여행,143,까지,JX
경주 여행,143,모든,MM
경주 여행,143,갖춰진,VV+EC+VX+ETM
경주 여행,143,국내,NNG
경주 여행,144,선물,NNG
경주 여행,144,추천,NNP
경주 여행,144,황남,NNG
경주 여행,144,본점,NNG
경주 여행,144,챙겨,VV+EC
경주 여행,144,간식,NNG
경주 여행,144,처럼,JKB
경주 여행,144,여행지,NNG
경주 여행,144,에서,JKB
경주 여행,144,먹거리,NNG
경주 여행,144,선물,NNG
경주 여행,144,챙기,VV
경주 여행,144,라면,EC
경주 여행,144,선물,NNG
경주 여행,144,추천,NNG
경주 여행,144,목록,NNG
경주 여행,144,어두,EC
경주 여행,144,셔도,VV+EP+EC
경주 여행,144,해요,XSA+EF
경주 여행,144,다음,NNG
경주 여행,144,계획,NNG
경주 여행,144,다면,EC
경주 여행,144,선물,NNG
경주 여행,144,추천,NNG
경주 여행,144,으로,JKB
경주 여행,144,황남,NNG
경주 여행,144,본점,NNG
경주 여행,144,기억,NNG
경주 여행,144,세요,EP+EF
경주 여행,145,황리,NNG
경주 여행,145,볼거리,NNG
경주 여행,145,갈만,NNG
경주 여행,145,기념품,NNG
경주 여행,145,서점,NNG
경주 여행,145,어서어서,MAG
경주 여행,145,안녕,NNG
경주 여행,145,세요,EP+EF
경주 여행,145,언서,NNG
경주 여행,145,규리,NNG
경주 여행,145,입니다,VCP+EF
경주 여행,145,황리,NNG
경주 여행,145,볼거리,NNG
경주 여행,145,갈만,NNG
경주 여행,145,으로,JKB
경주 여행,145,이곳,NP
경주 여행,145,빼놓,VV
경주 여행,145,는데요,EF
경주 여행,145,기념품,NNG
경주 여행,145,으로,JKB
경주 여행,145,구매,NNG
경주 여행,145,황리,NNG
경주 여행,145,필수,NNG
경주 여행,145,코스,NNG
경주 여행,145,구경거리,NNG
경주 여행,145,지금,NNG
경주 여행,145,부터,JX
경주 여행,145,함께,MAG
경주 여행,146,필수,NNG
경주 여행,146,코스,NNG
경주 여행,146,즐길,VV+ETM
경주 여행,146,거리,NNG
경주 여행,146,정리,NNP
경주 여행,146,역사,NNG
경주 여행,146,유적지,NNG
경주 여행,146,아니,VCN
경주 여행,146,다양,XR
경주 여행,146,문화,NNG
경주 여행,146,체험,NNG
경주 여행,146,자연,NNG
경주 여행,146,경관,NNG
경주 여행,146,즐길,VV+ETM
경주 여행,146,정말,MAG
경주 여행,146,매력,NNG
경주 여행,146,명소,NNG
경주 여행,146,불국사,NNP
경주 여행,146,석굴암,NNG
경주 여행,146,역사,NNG
경주 여행,146,유적지,NNG
경주 여행,146,관심,NNG
경주 여행,146,다른,MM
경주 여행,146,이야기,NNG
경주 여행,146,https,SL
경주 여행,146,tour,SL
경주 여행,146,bts,SL
경주 여행,146,ever,SL
경주 여행,146,com,SL
경주 여행,146,https,SL
경주 여행,147,부모,NNG
경주 여행,147,식사,NNG
경주 여행,147,가족,NNG
경주 여행,147,함께,MAG
경주 여행,147,나누,VV
경주 여행,147,수리,NNG
경주 여행,147,명인,NNG
경주 여행,147,홍게,NNP
경주 여행,147,순두,NNG
경주 여행,147,부정,NNG
경주 여행,147,부모,NNG
경주 여행,147,모시,VV
경주 여행,147,려고,EC
경주 여행,147,는데요,EC
경주 여행,147,가족,NNG
경주 여행,147,함께,MAG
경주 여행,147,어떤,MM
경주 여행,147,가요,NNG
경주 여행,147,신라,NNP
경주 여행,147,반상,NNG
경주 여행,147,수리,NNG
경주 여행,147,가운데,NNG
경주 여행,147,가족,NNG
경주 여행,147,부모,NNG
경주 여행,147,함께,MAG
경주 여행,147,식사,NNG
경주 여행,147,거나,EC
경주 여행,147,생일,NNG
경주 여행,147,가족,NNG
경주 여행,147,자리,NNG
경주 여행,147,모여,VV+EC
경주 여행,148,얼굴,NNG
경주 여행,148,황리,NNG
경주 여행,148,맛집,NNG
경주 여행,148,완전,MAG
경주 여행,148,부드러워서,VA+EC
경주 여행,148,구리,NNG
경주 여행,148,국내,NNG
경주 여행,148,마다,JX
경주 여행,148,지역,NNG
경주 여행,148,유명,NNG
경주 여행,148,는데,EC
경주 여행,148,모양,NNG
경주 여행,148,이쁘,VA
경주 여행,148,처음,NNG
경주 여행,148,기념품,NNG
경주 여행,148,선물,NNG
경주 여행,148,완전,MAG
경주 여행,148,좋아할,VV+ETM
경주 여행,148,코스,NNG
경주 여행,148,강추,NNG
경주 여행,149,황오동,NNP
경주 여행,149,카페,NNG
경주 여행,149,골목길,NNG
경주 여행,149,너머,NNG
경주 여행,149,만난,VV+ETM
경주 여행,149,고즈넉,XR
경주 여행,149,한옥,NNG
경주 여행,149,카페,NNG
경주 여행,149,연화,NNG
경주 여행,149,한옥,NNG
경주 여행,149,카페,NNG
경주 여행,149,황오동,NNP
경주 여행,149,카페,NNG
경주 여행,149,카페,NNG
경주 여행,149,연화,NNG
경주 여행,149,카페,NNG
경주 여행,149,추천,NNP
경주 여행,149,데이트,NNG
경주 여행,149,코스,NNG
경주 여행,149,한옥,NNG
경주 여행,149,카페,NNG
경주 여행,149,분위기,NNG
경주 여행,149,카페,NNG
경주 여행,149,황리,NNG
경주 여행,149,근처,NNG
경주 여행,149,카페,NNG
경주 여행,149,골목,NNG
경주 여행,149,카페,NNG
경주 여행,149,힐링,NNG
경주 여행,149,찻집,NNG
경주 여행,149,코스,NNG
경주 여행,150,가족,NNG
경주 여행,150,함께,MAG
경주 여행,150,동궁,NNG
경주 여행,150,월지,NNG
경주 여행,150,야경,NNG
경주 여행,150,아름다운,VA+ETM
경주 여행,150,다녀왔,VV+EP
경주 여행,150,조카,NNG
경주 여행,150,태어나,VV
경주 여행,150,같이,MAG
경주 여행,150,처음,MAG
경주 여행,150,은근,NNG
경주 여행,150,부모,NNG
경주 여행,150,동궁,NNG
경주 여행,150,월지,NNG
경주 여행,150,경북,NNP
경주 여행,150,경주시,NNP
경주 여행,150,원화,NNG
경주 여행,150,102,SN
경주 여행,150,안압지,NNP
경주 여행,150,매일,MAG
경주 여행,150,10,SN
경주 여행,150,입장,NNG
경주 여행,150,매표,NNG
경주 여행,150,마감,NNG
경주 여행,150,어른,NNG
경주 여행,151,26,SN
경주 여행,151,블로그,NNG
경주 여행,151,블로그,NNG
경주 여행,151,꼬박꼬박,MAG
경주 여행,151,올리,VV
경주 여행,151,성실,NNG
경주 여행,151,해야,VV+EC
경주 여행,151,군요,VCP+EF
경주 여행,151,한번,MAG
경주 여행,151,미루,VV
경주 여행,151,니까,EC
경주 여행,151,없이,MAG
경주 여행,151,미뤄,VV+EC
경주 여행,151,일본,NNP
경주 여행,151,블로그,NNG
경주 여행,151,올려야,VV+EC
경주 여행,151,는데,EC
경주 여행,151,이거,NP
경주 여행,152,맛집,NNG
경주 여행,152,하동,NNG
경주 여행,152,갯벌,NNG
경주 여행,152,낙지,NNG
경주 여행,152,애견,NNG
경주 여행,152,동반,NNG
경주 여행,152,가능,NNG
경주 여행,152,불국사,NNP
경주 여행,152,근처,NNG
경주 여행,152,맛집,NNG
경주 여행,152,추천,NNG
경주 여행,152,오늘,NNG
경주 여행,152,이번,NNG
경주 여행,152,여름,NNG
경주 여행,152,에서,JKB
경주 여행,152,정말,MAG
경주 여행,152,맛있,VA
경주 여행,152,함께,MAG
경주 여행,152,어서,EC
경주 여행,152,애견,NNG
경주 여행,152,동반,NNG
경주 여행,152,가능,NNG
경주 여행,152,해야,XSV+EC
경주 여행,152,이왕이면,MAG
경주 여행,152,하동,NNG
경주 여행,152,갯벌,NNG
경주 여행,152,낙지,NNG
경주 여행,152,위치,NNG
경주 여행,152,경북,NNP
경주 여행,152,경주시,NNP
경주 여행,152,보불로,NNP
경주 여행,152,164,SN
경주 여행,152,하동,NNG
경주 여행,152,갯벌,NNG
경주 여행,152,낙지,NNG
경주 여행,152,영업시간,NNG
경주 여행,153,최영화,NNP
경주 여행,153,보관,NNG
경주 여행,153,유통,NNG
경주 여행,153,기한,NNG
경주 여행,153,택배,NNG
경주 여행,153,정보,NNG
경주 여행,153,내산,NNP
경주 여행,153,후기,NNG
경주 여행,153,GYEONGJU,SL
경주 여행,153,최영화,NNP
경주 여행,153,내산,NNP
경주 여행,153,후기,NNP
경주 여행,153,여행가,NNG
경주 여행,153,와야,EC+VV+EC
경주 여행,153,간식,NNG
경주 여행,153,떠오르,VV
경주 여행,153,나요,EF
경주 여행,153,마지막,NNG
경주 여행,153,일정,NNG
경주 여행,153,으로,JKB
경주 여행,153,방문,NNG
경주 여행,153,해서,XSV+EC
경주 여행,153,구매,NNG
경주 여행,153,한가득,MAG
경주 여행,153,까말까,EC+VV+EC
경주 여행,153,고민,NNG
경주 여행,153,는데,EC
경주 여행,153,부피,NNG
경주 여행,153,기념품,NNG
경주 여행,154,매장,NNG
경주 여행,154,에서,JKB
경주 여행,154,직접,MAG
경주 여행,154,만든,VV+ETM
경주 여행,154,순두부,NNG
경주 여행,154,맛볼,VV+ETM
경주 여행,154,전통,NNG
경주 여행,154,맷돌,NNG
경주 여행,154,순두부,NNG
경주 여행,154,전통,NNG
경주 여행,154,맷돌,NNG
경주 여행,154,순두부,NNG
경주 여행,154,후기,NNG
경주 여행,154,안녕,NNG
경주 여행,154,세요,EP+EF
경주 여행,154,ecloria,SL
경주 여행,154,로리아,NNP
경주 여행,154,입니다,VCP+EF
경주 여행,154,더위,NNG
경주 여행,154,꺾이,VV
경주 여행,154,면서,EC
경주 여행,154,계획,NNG
경주 여행,154,으실,EP+ETM
경주 여행,154,은데요,EC
경주 여행,154,모두,MAG
경주 여행,154,아름다운,VA+ETM
경주 여행,154,계획,NNG
경주 여행,154,에게,JKB
경주 여행,154,맛집,NNG
경주 여행,155,호텔,NNG
경주 여행,155,실패,NNG
경주 여행,155,없이,MAG
경주 여행,155,고르,VV
경주 여행,155,보문관광단지,NNP
경주 여행,155,놀라운,VA+ETM
경주 여행,155,계획,NNG
경주 여행,155,가장,MAG
경주 여행,155,중요,NNG
경주 여행,155,생각,NNG
경주 여행,155,바로,MAG
경주 여행,155,숙소,NNG
경주 여행,155,선택,NNG
경주 여행,155,입니다,VCP+EF
경주 여행,155,최근,MAG
경주 여행,155,보문관광단지,NNP
경주 여행,155,일대,NNG
경주 여행,155,규모,NNG
경주 여행,155,호텔,NNG
경주 여행,155,자리,NNG
경주 여행,155,가족,NNG
경주 여행,155,단위,NNG
경주 여행,155,여행객,NNG
경주 여행,155,위한,VV+ETM
경주 여행,155,훌륭,XR
경주 여행,155,옵션,NNG
경주 여행,155,습니다,EF
경주 여행,156,아이,NNG
경주 여행,156,에서,JKB
경주 여행,156,순위,NNG
경주 여행,156,식당,NNG
경주 여행,156,우마,NNG
경주 여행,156,어요,EF
경주 여행,156,사실,MAG
경주 여행,156,그래서,MAJ
경주 여행,156,우마,NNG
경주 여행,156,포스팅,NNP
경주 여행,156,는데,EC
경주 여행,156,라원,NNP
경주 여행,156,미디어,NNG
경주 여행,156,라원,NNP
경주 여행,156,실내,NNG
경주 여행,156,아이,NNG
경주 여행,156,데이트,NNG
경주 여행,156,가족,NNG
경주 여행,156,배달,NNG
경주 여행,156,맛집,NNG
경주 여행,156,배달,NNG
경주 여행,156,추천,NNG
경주 여행,157,석굴암,NNG
경주 여행,157,후기,NNG
경주 여행,157,주차,NNG
경주 여행,157,부터,JX
경주 여행,157,산책,NNG
경주 여행,157,관람,NNG
경주 여행,157,까지,JX
경주 여행,157,필수,NNG
경주 여행,157,코스,NNG
경주 여행,157,그래도,VV+EC
경주 여행,157,주차,NNG
경주 여행,157,공간,NNG
경주 여행,157,자체,NNG
경주 여행,157,어서,EC
경주 여행,157,차량,NNG
경주 여행,157,가지,VV
경주 여행,157,이용,NNG
경주 여행,157,편해,VA+EC
경주 여행,157,보였,VV+EP
경주 여행,157,습니다,EF
경주 여행,157,특히,MAG
경주 여행,157,불국사,NNG
경주 여행,157,석굴암,NNG
경주 여행,157,함께,MAG
경주 여행,157,때문,NNB
경주 여행,157,가족,NNG
경주 여행,157,이나,JC
경주 여행,157,부모,NNG
경주 여행,157,함께,MAG
경주 여행,158,숙소,NNG
경주 여행,158,추천,NNG
경주 여행,158,방문,NNG
경주 여행,158,영장,NNG
경주 여행,158,빌라,NNG
경주 여행,158,가족,NNG
경주 여행,158,펜션,NNG
경주 여행,158,가족,NNG
경주 여행,158,준비,NNG
경주 여행,158,면서,EC
경주 여행,158,같이,MAG
경주 여행,158,편하,VA
경주 여행,158,머물,VV+ETM
경주 여행,158,으면서,EC
경주 여행,158,수영장,NNG
경주 여행,158,까지,JX
경주 여행,158,숙소,NNG
경주 여행,158,가족,NNG
경주 여행,158,으로,JKB
경주 여행,158,머물,VV
경주 여행,158,숙소,NNG
경주 여행,158,추천,NNG
경주 여행,158,후기,NNG
경주 여행,158,바로,MAG
경주 여행,158,소개,NNG
경주 여행,158,드릴게요,VX+EC
경주 여행,158,기본,NNG
경주 여행,158,정보,NNG
경주 여행,158,위치,NNG
경주 여행,158,경북,NNP
경주 여행,159,황리,NNG
경주 여행,159,카페,NNG
경주 여행,159,아침,NNG
경주 여행,159,일찍,MAG
경주 여행,159,감성,NNG
경주 여행,159,공간,NNG
경주 여행,159,커피,NNG
경주 여행,159,맛있,VA
경주 여행,159,아침,NNG
경주 여행,159,일찍,MAG
경주 여행,159,때문,NNB
경주 여행,159,일정,NNG
경주 여행,159,으로,JKB
경주 여행,159,추가,NNG
경주 여행,159,커피,NNG
경주 여행,159,사랑,NNG
경주 여행,159,라면,EC
경주 여행,159,분명,MAG
경주 여행,159,황리,NNG
경주 여행,159,카페,NNG
경주 여행,159,가배,NNG
경주 여행,159,향주,NNG
경주 여행,159,카페,NNG
경주 여행,159,추천,NNG
경주 여행,159,황리,NNG
경주 여행,159,오픈,NNG
경주 여행,159,카페,NNG
경주 여행,160,260320,SN
경주 여행,160,고양이,NNG
경주 여행,160,사랑,NNG
경주 여행,160,돌담길,NNP
경주 여행,160,한복,NNG
경주 여행,160,신라,NNP
경주 여행,160,한복,NNG
경주 여행,160,대여,NNG
경주 여행,160,추천,NNG
경주 여행,160,이번,NNG
경주 여행,160,에서,JKB
경주 여행,160,제일,MAG
경주 여행,160,즐겁,VA
경주 여행,160,알찬,VA+ETM
경주 여행,160,라면,EC
경주 여행,160,생각,NNG
경주 여행,160,신라,NNP
경주 여행,160,한복,NNG
경주 여행,160,대여,NNG
경주 여행,160,아닐까,VCN+EC
경주 여행,160,습니다,EF
경주 여행,160,예전,NNG
경주 여행,160,부터,JX
경주 여행,160,트위터,NNP
경주 여행,160,에서,JKB
경주 여행,160,에서,JKB
경주 여행,160,신라,NNP
경주 여행,160,한복,NNG
경주 여행,160,대여,NNG
경주 여행,160,해서,XSV+EC
경주 여행,160,입기,NNG
경주 여행,160,항상,MAG
경주 여행,160,거든요,EF
경주 여행,160,다고,EC
경주 여행,161,피스토어,NNP
경주 여행,161,석굴암,NNG
경주 여행,161,에디션,NNP
경주 여행,161,찰보리,NNP
경주 여행,161,보리,NNG
경주 여행,161,피스토어,NNP
경주 여행,161,석굴암,NNG
경주 여행,161,에디션,NNP
경주 여행,161,찰보리,NNP
경주 여행,161,보리스,NNP
경주 여행,161,안녕,NNG
경주 여행,161,세요,EP+EF
경주 여행,161,다가,EC
경주 여행,161,필수,NNG
경주 여행,161,코스,NNG
경주 여행,161,황리,NNG
경주 여행,161,구경,NNG
경주 여행,161,면서,EC
경주 여행,161,귀여운,VA+ETM
경주 여행,161,피스토어,NNP
경주 여행,161,다녀왔,VV+EP
경주 여행,161,어요,EF
경주 여행,161,평소,NNG
경주 여행,161,최애,NNG
경주 여행,162,엄마,NNG
경주 여행,162,엄마,NNG
경주 여행,162,기록,NNG
경주 여행,162,뚜벅,MAG
경주 여행,162,일정,NNG
경주 여행,162,널널,XR
경주 여행,162,엄마,NNG
경주 여행,162,오랜만,NNG
경주 여행,162,계획도,NNG
경주 여행,162,경주역,NNP
경주 여행,162,황리,NNG
경주 여행,162,대릉원,NNG
경주 여행,162,동궁,NNG
경주 여행,162,월지,NNG
경주 여행,162,부모,NNG
경주 여행,162,이랑,JKB
경주 여행,162,복길,NNG
경주 여행,162,추천,NNG
경주 여행,162,피스토어,NNP
경주 여행,162,그게,NP+JKS
경주 여행,163,혼자,NNG
경주 여행,163,코스,NNG
경주 여행,163,황리,NNG
경주 여행,163,대릉원,NNG
경주 여행,163,동궁,NNG
경주 여행,163,월지,NNG
경주 여행,163,국립,NNG
경주 여행,163,국립,NNG
경주 여행,163,박물관,NNG
경주 여행,163,향교,NNP
경주 여행,163,정교,NNG
경주 여행,163,이추,NNG
경주 여행,163,환영,NNG
경주 여행,163,답방,NNG
경주 여행,163,이추,NNG
경주 여행,163,내산,NNP
경주 여행,163,천마총,NNG
경주 여행,163,첨성대,NNG
경주 여행,163,황리,NNG
경주 여행,163,소품,NNG
경주 여행,163,코스,NNG
경주 여행,163,혼자,NNG
경주 여행,163,코스,NNG
경주 여행,163,카페,NNG
경주 여행,163,빵집,NNG
경주 여행,163,황남빵,NNP
경주 여행,164,황리,NNG
경주 여행,164,분위기,NNG
경주 여행,164,한옥,NNG
경주 여행,164,술집,NNG
경주 여행,164,계림,NNG
경주 여행,164,주막,NNG
경주 여행,164,안녕,NNG
경주 여행,164,세요,EP+EF
경주 여행,164,니당,EF
경주 여행,164,오늘,MAG
경주 여행,164,남편,NNG
경주 여행,164,이랑,JC
경주 여행,164,요즘,NNG
경주 여행,164,아여,MAG
경주 여행,164,리센,NNP
경주 여행,164,에서,JKB
경주 여행,164,가장,MAG
경주 여행,164,황리,NNG
경주 여행,164,무조건,MAG
경주 여행,164,말씀,NNG
경주 여행,164,드릴,VV+ETM
경주 여행,164,어요,EF
경주 여행,164,황리,NNG
경주 여행,165,엄마,NNG
경주 여행,165,26,SN
경주 여행,165,08,SN
경주 여행,165,15,SN
경주 여행,165,17,SN
경주 여행,165,마지막,NNG
경주 여행,165,교리,NNG
경주 여행,165,김밥,NNG
경주 여행,165,봉황,NNG
경주 여행,165,대점,NNG
경주 여행,165,안녕,NNG
경주 여행,165,십니까,EP+EF
경주 여행,165,베짱이,NNG
경주 여행,165,입니다,VCP+EF
경주 여행,165,https,SL
경주 여행,165,blog,SL
경주 여행,165,naver,SL
경주 여행,165,com,SL
경주 여행,165,qpwwkddl,SL
경주 여행,165,224390065189,SN
경주 여행,165,https,SL
경주 여행,165,안녕,IC
경주 여행,165,즐거웠,VA+EP
경주 여행,165,최애,NNG
경주 여행,165,여행지,NNG
경주 여행,165,그때,NNG
경주 여행,165,마다,JX
경주 여행,165,다른,MM
경주 여행,165,종류,NNG
경주 여행,166,시음,NNG
경주 여행,166,부터,JX
경주 여행,166,기념품,NNG
경주 여행,166,으로,JKB
경주 여행,166,전통주,NNG
경주 여행,166,탁월,XR
경주 여행,166,2025,SN
경주 여행,166,이번,NNG
경주 여행,166,기념,NNG
경주 여행,166,으로,JKB
경주 여행,166,가져왔,VV+EP
경주 여행,166,어요,EF
경주 여행,166,으로,JKB
경주 여행,166,돌아와,VV+EC
경주 여행,166,떠올리,VV
경주 여행,166,면서,EC
경주 여행,166,마시,VV
경주 여행,166,기억,NNG
경주 여행,166,다시,MAG
경주 여행,166,생각날,VV+ETM
경주 여행,166,아요,EF
경주 여행,166,이런,MM
경주 여행,166,에서,JKB
경주 여행,166,지역,NNG
경주 여행,166,특색,NNG
경주 여행,166,제품,NNG
경주 여행,166,재미,NNG
경주 여행,167,수영장,NNG
경주 여행,167,빌라,NNG
경주 여행,167,헤이,NNG
경주 여행,167,하루,NNG
경주 여행,167,독채,NNG
경주 여행,167,에서,JKB
경주 여행,167,후기,NNG
경주 여행,167,엄마,NNG
경주 여행,167,면서,EC
경주 여행,167,헤이,IC
경주 여행,167,에서,JKB
경주 여행,167,어요,EF
경주 여행,167,이번,NNG
경주 여행,167,숙소,NNG
경주 여행,167,일부,NNG
경주 여행,167,처럼,JKB
경주 여행,167,제대로,MAG
경주 여행,167,즐겨,VV+EC
경주 여행,167,어서,EC
경주 여행,167,수영장,NNG
경주 여행,167,독채,NNG
경주 여행,167,빌라,NNG
경주 여행,167,골랐,VV+EP
경주 여행,167,는데요,EF
경주 여행,167,직접,MAG
경주 여행,167,사진,NNG
경주 여행,167,보다,JKB
경주 여행,167,예뻤,VA+EP
경주 여행,167,평소,NNG
경주 여행,168,첨성대,NNG
경주 여행,168,반전,NNG
경주 여행,168,매력,NNG
경주 여행,168,쏟아지,VV
경주 여행,168,스콜,NNG
경주 여행,168,야간,NNG
경주 여행,168,짜리,XSN
경주 여행,168,시리즈,NNG
경주 여행,168,다음,NNG
경주 여행,168,어떤,MM
경주 여행,168,명소,NNG
경주 여행,168,먹거리,NNG
경주 여행,168,만나,VV
경주 여행,168,을까요,EC
경주 여행,168,이어지,VV
경주 여행,168,이야기,NNG
경주 여행,168,풍성,XR
경주 여행,168,준비,NNG
경주 여행,168,해서,XSV+EC
경주 여행,168,가져올,VV+ETM
경주 여행,168,기대,NNG
경주 여행,168,많이,MAG
경주 여행,168,모두,MAG
경주 여행,168,오늘,MAG
경주 여행,168,하루,NNG
경주 여행,168,따뜻,XR
경주 여행,169,엄마,NNG
경주 여행,169,26,SN
경주 여행,169,08,SN
경주 여행,169,15,SN
경주 여행,169,17,SN
경주 여행,169,국립,NNG
경주 여행,169,박물관,NNG
경주 여행,169,황리,NNG
경주 여행,169,안녕,NNG
경주 여행,169,십니까,EP+EF
경주 여행,169,베짱이,NNG
경주 여행,169,입니다,VCP+EF
경주 여행,169,https,SL
경주 여행,169,blog,SL
경주 여행,169,naver,SL
경주 여행,169,com,SL
경주 여행,169,메뉴판,NNG
경주 여행,169,방문,NNG
경주 여행,169,지만,EC
경주 여행,169,쫀드기와,UNKNOWN
경주 여행,169,못했,VX+EP
경주 여행,169,봐야지,VX+EC
경주 여행,169,다가,EC
경주 여행,169,막상,MAG
경주 여행,169,그때,NNG
경주 여행,169,땡기,VV
경주 여행,170,담월,NNG
경주 여행,170,황리,NNG
경주 여행,170,첨성대,NNG
경주 여행,170,동굴,NNG
경주 여행,170,월지,NNG
경주 여행,170,한옥,NNG
경주 여행,170,독채,NNG
경주 여행,170,숙소,NNG
경주 여행,170,친구,NNG
경주 여행,170,숙박,NNG
경주 여행,170,신상,NNG
경주 여행,170,한옥,NNG
경주 여행,170,숙소,NNG
경주 여행,170,담월,NNG
경주 여행,170,후기,NNG
경주 여행,170,가져왔,VV+EP
경주 여행,170,습니다,EF
경주 여행,170,신상,NNG
경주 여행,170,숙소,NNG
경주 여행,170,인데,VCP+EC
경주 여행,170,가격,NNG
경주 여행,170,대비,NNG
경주 여행,170,숙소,NNG
경주 여행,170,컨디션,NNG
경주 여행,170,너무,MAG
경주 여행,170,독채,NNG
경주 여행,170,한옥,NNG
경주 여행,170,숙소,NNG
경주 여행,170,너무,MAG
경주 여행,170,예쁘,VA
경주 여행,170,어서,EC
경주 여행,170,추천,NNG
경주 여행,170,드립니다,VV+EC
경주 여행,171,황리,NNG
경주 여행,171,한정식,NNG
경주 여행,171,맛집,NNG
경주 여행,171,전집,NNG
경주 여행,171,내산,NNP
경주 여행,171,추천,NNP
경주 여행,171,오늘,NNG
경주 여행,171,여기저기,NNG
경주 여행,171,떠나,VV
경주 여행,171,맛살,NNG
경주 여행,171,에요,EF
경주 여행,171,오늘,MAG
경주 여행,171,떠난,VV+ETM
경주 여행,171,맛집,NNG
경주 여행,171,전집,NNG
경주 여행,171,입니다,VCP+EF
경주 여행,171,가족,NNG
경주 여행,171,편하,VA
경주 여행,171,어요,EF
경주 여행,171,메뉴,NNG
경주 여행,171,입니다,VCP+EF
경주 여행,171,고추장,NNG
경주 여행,171,불고기,NNG
경주 여행,171,순두부찌개,NNG
경주 여행,172,맛집,NNG
경주 여행,172,추천,NNG
경주 여행,172,천마,NNG
경주 여행,172,맷돌,NNG
경주 여행,172,순두부,NNG
경주 여행,172,해장,NNG
경주 여행,172,메뉴,NNG
경주 여행,172,강추,NNG
경주 여행,172,내산,NNP
경주 여행,172,솔직,XR
경주 여행,172,맛집,NNG
경주 여행,172,블로그,NNG
경주 여행,172,운영,NNG
경주 여행,172,한지,XSV+EC
경주 여행,172,어연,NNG
경주 여행,172,지나가,VV
경주 여행,172,네요,EF
경주 여행,172,웨이팅,NNG
경주 여행,172,라면,EC
경주 여행,172,이유,NNG
경주 여행,172,라고,EC
경주 여행,172,생각,NNG
경주 여행,172,사람,NNG
경주 여행,172,입니다,VCP+EF
경주 여행,172,그래서,MAJ
경주 여행,172,여행가,NNG
경주 여행,172,웨이팅,NNG
경주 여행,172,유일,NNG
경주 여행,172,정말,MAG
경주 여행,172,맛집,NNG
경주 여행,173,물회,NNG
경주 여행,173,맛집,NNG
경주 여행,173,갈매기,NNG
경주 여행,173,횟집,NNG
경주 여행,173,11,SN
경주 여행,173,가족,NNG
경주 여행,173,아빠,NNG
경주 여행,173,추천,NNG
경주 여행,173,으로,JKB
경주 여행,173,방문,NNG
경주 여행,173,횟집,NNG
경주 여행,173,후기,NNG
경주 여행,173,아빠,NNG
경주 여행,173,바로,MAG
경주 여행,173,으로,JKB
경주 여행,173,올라감,VV+ETN
경주 여행,173,가득,MAG
경주 여행,173,는데,EC
경주 여행,173,잠깐,MAG
경주 여행,173,느라,EC
경주 여행,173,식겁,NNG
경주 여행,173,앞뒤,NNG
경주 여행,173,통창,NNG
경주 여행,173,바다,NNG
경주 여행,173,바로,MAG
경주 여행,173,보여서,VV+EC
경주 여행,174,소노,NNP
경주 여행,174,수영장,NNG
경주 여행,174,실시간,NNG
경주 여행,174,후기,NNG
경주 여행,174,오후,NNG
경주 여행,174,한산,XR
경주 여행,174,는데,EC
경주 여행,174,지금,MAG
경주 여행,174,소노,NNP
경주 여행,174,소노,NNP
경주 여행,174,수영장,NNG
경주 여행,174,소노,NNG
경주 여행,174,후기,NNP
경주 여행,174,소노,NNP
경주 여행,174,수영장,NNG
경주 여행,174,호텔,NNG
경주 여행,174,수영장,NNG
경주 여행,174,가족,NNG
경주 여행,174,아이,NNG
경주 여행,174,아이,NNG
경주 여행,174,숙소,NNG
경주 여행,174,리조트,NNG
경주 여행,174,물놀이,NNG
경주 여행,175,애견,NNG
경주 여행,175,빌라,NNG
경주 여행,175,에서,JKB
경주 여행,175,마주,MAG
경주 여행,175,우리,NP
경주 여행,175,강아지,NNG
경주 여행,175,행복,NNG
경주 여행,175,순간,NNG
경주 여행,175,설레,VV
경주 여행,175,마음,NNG
경주 여행,175,으로,JKB
경주 여행,175,떠난,VV+ETM
경주 여행,175,날씨,NNG
경주 여행,175,정말,MAG
경주 여행,175,화창,XR
경주 여행,175,어느,MM
경주 여행,175,강아지,NNG
경주 여행,175,함께,MAG
경주 여행,175,떠나,VV
경주 여행,175,계획,NNG
경주 여행,175,이런,MM
경주 여행,175,디테일,NNG
경주 여행,175,하나하나,NNG
경주 여행,175,높여,VV+EC
경주 여행,175,네요,EF
경주 여행,175,에서,JKB
경주 여행,175,보낸,VV+ETM
경주 여행,175,고요,NNG
경주 여행,175,쉼표,NNG
경주 여행,175,단체,NNG
경주 여행,175,펜션,NNG
경주 여행,175,으로,JKB
경주 여행,175,손색없,VA
경주 여행,176,프라이빗,NNG
경주 여행,176,빌라,NNG
경주 여행,176,스테이플,NNG
경주 여행,176,여름,NNG
경주 여행,176,물놀이,NNG
경주 여행,176,부터,JX
경주 여행,176,가족,NNG
경주 여행,176,까지,JX
경주 여행,176,햇살,NNG
경주 여행,176,물놀,NNG
경주 여행,176,생각,NNG
경주 여행,176,자연,NNG
경주 여행,176,스럽,XSA
경주 여행,176,여름,NNG
경주 여행,176,조금,MAG
경주 여행,176,다르,VA
경주 여행,176,계획,NNG
경주 여행,176,커플,NNG
경주 여행,176,가족,NNG
경주 여행,176,단체,NNG
경주 여행,176,숙소,NNG
경주 여행,176,수영장,NNG
경주 여행,176,펜션,NNG
경주 여행,176,온수풀,NNG
경주 여행,176,빌라,NNG
경주 여행,176,보문,NNG
경주 여행,176,단지,MAG
경주 여행,177,기념일,NNG
경주 여행,177,황리,NNG
경주 여행,177,코스,NNG
경주 여행,177,요리,NNG
경주 여행,177,타베르나,NNP
경주 여행,177,블루리본,NNG
경주 여행,177,친언니,NNG
경주 여행,177,생일,NNG
경주 여행,177,기념,NNG
경주 여행,177,으로,JKB
경주 여행,177,계획,NNG
경주 여행,177,발견,NNG
경주 여행,177,분위기,NNG
경주 여행,177,황리,NNG
경주 여행,177,맛집,NNG
경주 여행,177,성비,NNG
경주 여행,177,모두,MAG
경주 여행,177,황리,NNG
경주 여행,177,중심가,NNG
경주 여행,177,지만,EC
경주 여행,177,소란,NNG
경주 여행,177,스럽,XSA
경주 여행,177,여유,NNG
경주 여행,177,로운,XSA+ETM
경주 여행,177,식사,NNG
경주 여행,177,가능,NNG
경주 여행,177,해요,XSA+EF
경주 여행,177,타베르나,NNP
경주 여행,177,소개,NNG
경주 여행,177,멋진,VA+ETM
경주 여행,178,플래그,NNG
경주 여행,178,스토어,NNG
경주 여행,178,음양오행,NNG
경주 여행,178,안녕,NNG
경주 여행,178,세요,EP+EF
경주 여행,178,지난주,NNG
경주 여행,178,다녀오,VV
경주 여행,178,면서,EC
경주 여행,178,방문,NNG
경주 여행,178,어요,EF
경주 여행,178,플래그,NNG
경주 여행,178,오랜,MM
경주 여행,178,세월,NNG
경주 여행,178,길흉화복,NNG
경주 여행,178,다스리,VV
경주 여행,178,에너지,NNG
경주 여행,178,현대,NNG
경주 여행,178,감각,NNG
경주 여행,178,으로,JKB
경주 여행,178,해석,NNG
경주 여행,178,특별,NNG
경주 여행,179,안녕,IC
경주 여행,179,한국,NNP
경주 여행,179,패배,NNG
경주 여행,179,요정,NNG
경주 여행,179,광녀,NNG
경주 여행,179,돌아,VV
경주 여행,179,돌아,VV
경주 여행,179,서울,NNP
경주 여행,179,Rawan,SL
경주 여행,179,recipe,SL
경주 여행,179,제육,NNG
경주 여행,179,mustard,SL
경주 여행,179,사진,NNG
경주 여행,179,전문가,NNG
경주 여행,179,꺼드럭,XR
경주 여행,179,오사카,NNP
경주 여행,179,갸루,NNP
경주 여행,179,with,SL
경주 여행,179,Rawan,SL
경주 여행,179,Authorisation,SL
경주 여행,179,My,SL
경주 여행,179,century,SL
경주 여행,179,어깨,NNG
경주 여행,180,애견,NNG
경주 여행,180,동반,NNG
경주 여행,180,숙소,NNG
경주 여행,180,추천,NNG
경주 여행,180,황리,NNG
경주 여행,180,강아지,NNG
경주 여행,180,마음껏,MAG
경주 여행,180,뛰놀,VV+ETM
경주 여행,180,애견,NNG
경주 여행,180,동반,NNG
경주 여행,180,숙소,NNG
경주 여행,180,추천,NNG
경주 여행,180,황리,NNG
경주 여행,180,거리,NNG
경주 여행,180,한옥,NNG
경주 여행,180,독채,NNG
경주 여행,180,스테이,NNG
경주 여행,180,석류,NNG
경주 여행,180,체감,NNG
경주 여행,180,거리,XSV
경주 여행,180,준비,NNG
경주 여행,180,면서,EC
경주 여행,180,이번,NNG
경주 여행,180,모카,NNP
경주 여행,180,함께,MAG
경주 여행,180,편하,VA
경주 여행,180,머물,VV+ETM
경주 여행,180,애견,NNG
경주 여행,180,동반,NNG
경주 여행,180,숙소,NNG
경주 여행,180,어요,EF
경주 여행,180,강아지,NNG
경주 여행,180,함께,MAG
경주 여행,181,셀렉,NNP
경주 여행,181,가을,NNG
경주 여행,181,숙박,NNG
경주 여행,181,보문호,NNP
경주 여행,181,레이크,NNP
경주 여행,181,아침,NNG
경주 여행,181,산책,NNG
경주 여행,181,숙소,NNG
경주 여행,181,에서,JKB
경주 여행,181,서두르,VV
경주 여행,181,습니다,EF
경주 여행,181,셀렉,NNP
경주 여행,181,보문호,NNP
경주 여행,181,저녁,NNG
경주 여행,181,아침,NNG
경주 여행,181,조용,XR
경주 여행,181,라면,EC
경주 여행,181,이용,NNG
경주 여행,181,시간,NNG
경주 여행,181,나눠,VV+EC
경주 여행,181,습니다,EF
경주 여행,181,셀렉,NNP
경주 여행,181,북스,NNG
경주 여행,181,토어,NNG
경주 여행,181,카페,NNG
경주 여행,181,산책,NNG
경주 여행,182,황리,NNG
경주 여행,182,한정식,NNG
경주 여행,182,월계관,NNG
경주 여행,182,소불고기,NNG
경주 여행,182,우렁,NNG
경주 여행,182,쌈장,NNG
경주 여행,182,한상,NNG
경주 여행,182,황리,NNG
경주 여행,182,한정식,NNG
경주 여행,182,월계관,NNG
경주 여행,182,경북,NNP
경주 여행,182,경주시,NNP
경주 여행,182,사정,NNG
경주 여행,182,57,SN
경주 여행,182,월계관,NNG
경주 여행,182,영업시간,NNG
경주 여행,182,매일,MAG
경주 여행,182,11,SN
경주 여행,182,00,SN
경주 여행,182,21,SN
경주 여행,182,00,SN
경주 여행,182,자극,NNG
경주 여행,182,아서,EC
경주 여행,182,오히려,MAJ
경주 여행,182,어요,EF
경주 여행,182,면서,EC
경주 여행,182,계속,MAG
경주 여행,182,외식,NNG
경주 여행,182,생각,NNG
경주 여행,182,보다,JKB
경주 여행,182,자극,NNG
경주 여행,183,Travel,SL
경주 여행,183,느슨,XR
경주 여행,183,월드,NNG
경주 여행,183,단디,NNG
경주 여행,183,얼레,NNG
경주 여행,183,벌레,NNG
경주 여행,183,부림,NNP
경주 여행,183,스타,NNG
경주 여행,183,숙소,NNG
경주 여행,183,10,SN
경주 여행,183,거리,NNG
경주 여행,183,월드,NNG
경주 여행,183,어서,EC
경주 여행,183,느긋,XR
경주 여행,183,시간,NNG
경주 여행,183,추억,NNG
경주 여행,183,으니,EC
경주 여행,183,최고,NNG
경주 여행,183,보람찬,VA+ETM
경주 여행,183,다시,MAG
경주 여행,183,현실,NNG
경주 여행,183,돌아가,VV
경주 여행,183,야지,EF
경주 여행,183,안녕,IC
경주 여행,184,아이,NNG
경주 여행,184,Day,SL
경주 여행,184,셀렉,NNP
경주 여행,184,체크,NNG
경주 여행,184,아이,NNG
경주 여행,184,수영,NNG
경주 여행,184,짜장면,NNG
경주 여행,184,다고,EC
경주 여행,184,해서,VV+EC
경주 여행,184,간신히,MAG
경주 여행,184,먹였,VV+EP
경주 여행,184,instagram,SL
경주 여행,184,superlucky,SL
경주 여행,184,js,SL
경주 여행,184,아이,NNG
경주 여행,184,가족,NNG
경주 여행,184,아이,NNG
경주 여행,184,셀렉,NNP
경주 여행,184,셀렉,NNP
경주 여행,184,셀렉,NNP
경주 여행,184,수영장,NNG
경주 여행,184,호텔,NNG
경주 여행,184,아이,NNG
경주 여행,185,추석,NNG
경주 여행,185,국내,NNG
경주 여행,185,숙소,NNG
경주 여행,185,추천,NNG
경주 여행,185,힐튼,NNP
경주 여행,185,호텔,NNG
경주 여행,185,70,SN
경주 여행,185,14,SN
경주 여행,185,홈페이지,NNG
경주 여행,185,추석,NNG
경주 여행,185,국내,NNG
경주 여행,185,숙소,NNG
경주 여행,185,힐튼,NNP
경주 여행,185,호텔,NNG
경주 여행,185,힐튼,NNP
경주 여행,185,호텔,NNG
경주 여행,185,호텔,NNG
경주 여행,185,추천,NNP
경주 여행,185,숙소,NNG
경주 여행,185,추천,NNP
경주 여행,185,가족,NNG
경주 여행,185,추석,NNG
경주 여행,185,연휴,NNG
경주 여행,185,추석,NNG
경주 여행,185,숙소,NNG
경주 여행,185,추천,NNG
경주 여행,185,국내,NNG
경주 여행,185,호텔,NNG
경주 여행,185,추천,NNG
경주 여행,185,국내,NNG
경주 여행,185,숙소,NNG
경주 여행,185,할인,NNG
경주 여행,186,여행가,NNG
경주 여행,186,얼굴,NNG
경주 여행,186,사진,NNG
경주 여행,186,필수,NNG
경주 여행,186,황리,NNG
경주 여행,186,무엇,NP
경주 여행,186,보다,JKB
경주 여행,186,면서,EC
경주 여행,186,에서,JKB
경주 여행,186,기념품,NNG
경주 여행,186,아요,EF
경주 여행,186,그리고,MAJ
경주 여행,186,아서,EC
경주 여행,186,다음,NNG
경주 여행,186,는데요,EF
경주 여행,186,프라이,NNG
경주 여행,186,데워,VV+EC
경주 여행,186,으니깐,EC
경주 여행,186,맛있,VA
경주 여행,186,습니다,EF
경주 여행,186,쫄깃,XR
경주 여행,186,추억,NNG
경주 여행,186,사진,NNG
경주 여행,187,황리,NNG
경주 여행,187,필수,NNG
경주 여행,187,코스,NNG
경주 여행,187,사진,NNG
경주 여행,187,디저트,NNG
경주 여행,187,선물,NNG
경주 여행,187,추천,NNP
경주 여행,187,재밌,VA
경주 여행,187,사진,NNG
경주 여행,187,얼굴,NNG
경주 여행,187,가격,NNG
경주 여행,187,부담,NNG
경주 여행,187,으니,EC
경주 여행,187,디저트,NNG
경주 여행,187,선물,NNG
경주 여행,187,어요,EF
경주 여행,187,추억,NR
경주 여행,187,으시,EP
경주 여행,187,즐거운,VA+ETM
경주 여행,187,먹거리,NNG
경주 여행,187,세요,EP+EF+VCP
경주 여행,187,맛집,NNG
경주 여행,187,디저트,NNG
경주 여행,187,맛집,NNG
경주 여행,187,선물,NNG
경주 여행,187,디저트,NNG
경주 여행,188,29,SN
경주 여행,188,30,SN
경주 여행,188,다녀왔,VV+EP
경주 여행,188,습니다,EF
경주 여행,188,이번,NNG
경주 여행,188,으로,JKB
경주 여행,188,일정,NNG
경주 여행,188,거나,EC
경주 여행,188,괜찮,VA
경주 여행,188,아요,EF
경주 여행,188,이런,MM
경주 여행,188,에서,JKB
경주 여행,188,커피,NNG
경주 여행,188,내리,VV
경주 여행,188,그리고,MAJ
경주 여행,188,드라이브,NNG
경주 여행,188,다가,EC
경주 여행,188,경주타워,NNP
경주 여행,188,황룡,NNG
경주 여행,188,크다,NNP
경주 여행,189,황리,NNG
경주 여행,189,맛집,NNG
경주 여행,189,닭강정,NNP
경주 여행,189,즐긴,VV+ETM
경주 여행,189,야식,NNG
경주 여행,189,포장,NNG
경주 여행,189,후기,NNG
경주 여행,189,황리,NNG
경주 여행,189,맛집,NNG
경주 여행,189,즐긴,VV+ETM
경주 여행,189,야식,NNG
경주 여행,189,포장,NNG
경주 여행,189,후기,NNG
경주 여행,189,닭강정,NNP
경주 여행,189,푸드,NNG
경주 여행,189,언서,NNG
경주 여행,189,주부,NNG
경주 여행,189,얼마,NNG
경주 여행,189,다녀왔,VV+EP
경주 여행,189,는데요,EF
경주 여행,189,숙소,NNG
경주 여행,189,에서,JKB
경주 여행,189,즐길,VV+ETM
경주 여행,189,야식,NNG
경주 여행,189,알아보,VV
경주 여행,189,다가,EC
경주 여행,189,에서,JKB
경주 여행,189,유명,XR
경주 여행,189,먹거리,NNG
경주 여행,189,포장,NNG
경주 여행,189,어서,EC
경주 여행,190,돌아오,VV
경주 여행,190,들른,VV+ETM
경주 여행,190,속초,NNG
경주 여행,190,방향,NNG
경주 여행,190,옥계,NNG
경주 여행,190,휴게소,NNG
경주 여행,190,바다,NNG
경주 여행,190,식당,NNG
경주 여행,190,배고플,VA+ETM
경주 여행,190,들러서,VV+EC
경주 여행,190,옥계,NNG
경주 여행,190,휴게소,NNG
경주 여행,190,어요,EF
경주 여행,190,후기,NNG
경주 여행,190,코스,NNG
경주 여행,190,추천,NNG
경주 여행,190,옥계,NNG
경주 여행,190,휴게소,NNG
경주 여행,190,옥계,NNG
경주 여행,190,휴게소,NNG
경주 여행,190,식당,NNG
경주 여행,190,옥계,NNG
경주 여행,190,휴게소,NNG
경주 여행,190,맛집,NNG
경주 여행,190,속초,NNG
경주 여행,190,방향,NNG
경주 여행,190,옥계,NNG
경주 여행,190,휴게소,NNG
경주 여행,190,속초,NNG
경주 여행,190,방향,NNG
경주 여행,190,휴게소,NNG
경주 여행,191,맛집,NNG
경주 여행,191,추천,NNP
경주 여행,191,도정,NNG
경주 여행,191,저번,NNG
경주 여행,191,는데,EC
경주 여행,191,예약,NNG
경주 여행,191,더니,EC
경주 여행,191,자리,NNG
경주 여행,191,버림,VX+ETN
경주 여행,191,최소,NNG
경주 여행,191,50,SN
경주 여행,191,성동,NNG
경주 여행,191,시장,NNG
경주 여행,191,맛집,NNG
경주 여행,191,성동,NNG
경주 여행,191,시장,NNG
경주 여행,191,데이트,NNG
경주 여행,191,코스,NNG
경주 여행,191,추천,NNG
경주 여행,191,코스,NNG
경주 여행,191,밥맛,NNG
경주 여행,192,현지,NNG
경주 여행,192,맛집,NNG
경주 여행,192,추천,NNG
경주 여행,192,가족,NNG
경주 여행,192,모임,NNG
경주 여행,192,친구,NNG
경주 여행,192,모임,NNG
경주 여행,192,으로,JKB
경주 여행,192,제격,NNG
경주 여행,192,장수,NNG
경주 여행,192,두부,NNG
경주 여행,192,마을,NNG
경주 여행,192,전국,NNG
경주 여행,192,각지,NNG
경주 여행,192,에서,JKB
경주 여행,192,모인,VV+ETM
경주 여행,192,친구,NNG
경주 여행,192,에서,JKB
경주 여행,192,마지막,NNG
경주 여행,192,일정,NNG
경주 여행,192,으로,JKB
경주 여행,192,현지,NNG
경주 여행,192,추천,NNG
경주 여행,192,맛집,NNG
경주 여행,192,장수,NNG
경주 여행,192,부마,NNG
경주 여행,192,뚜벅,MAG
경주 여행,192,여행객,NNG
경주 여행,192,충분히,MAG
경주 여행,192,습니다,EF
경주 여행,192,주차,NNG
경주 여행,192,공간,NNG
경주 여행,192,들어가,VV
경주 여행,192,입구,NNG
경주 여행,192,으니,EC
경주 여행,193,셀렉,NNP
경주 여행,193,뷔페,NNG
경주 여행,193,가격,NNG
경주 여행,193,석식,NNG
경주 여행,193,예약,NNG
경주 여행,193,보문관광단지,NNP
경주 여행,193,셀렉,NNP
경주 여행,193,성급,NNG
경주 여행,193,호텔,NNG
경주 여행,193,면서,EC
경주 여행,193,뷔페,NNG
경주 여행,193,레스토랑,NNG
경주 여행,193,까지,JX
경주 여행,193,갖추,VV
경주 여행,193,어서,EC
경주 여행,193,요즘,MAG
경주 여행,193,에서,JKB
경주 여행,193,많이,MAG
경주 여행,193,아이,NNG
경주 여행,193,동반,NNG
경주 여행,193,가족,NNG
경주 여행,193,성인,NNG
경주 여행,193,분위기,NNG
경주 여행,193,두루,MAG
경주 여행,194,황리,NNG
경주 여행,194,밥집,NNG
경주 여행,194,황남,NNG
경주 여행,194,양옥,NNG
경주 여행,194,아침,NNG
경주 여행,194,식사,NNG
경주 여행,194,대릉원,NNG
경주 여행,194,근처,NNG
경주 여행,194,애견,NNG
경주 여행,194,동반,NNG
경주 여행,194,가능,NNG
경주 여행,194,사태,NNG
경주 여행,194,국밥,NNG
경주 여행,194,해장,NNG
경주 여행,194,느낌,NNG
경주 여행,194,어요,EF
경주 여행,194,진한,VA+ETM
경주 여행,194,육수,NNG
경주 여행,194,아롱사태,NNG
경주 여행,194,듬뿍,MAG
경주 여행,194,어서,EC
경주 여행,194,아침,NNG
경주 여행,194,식사,NNG
경주 여행,194,이깐,MM
경주 여행,194,엄청,MAG
경주 여행,194,든든,XR
경주 여행,194,더라구요,EF
경주 여행,194,아침,NNG
경주 여행,194,오픈,NNG
경주 여행,194,해서,XSV+EC
경주 여행,194,든든,XR
경주 여행,194,아침,NNG
경주 여행,194,식사,NNG
경주 여행,194,어서,EC
경주 여행,195,10,SN
경주 여행,195,거슬러,VV+EC
경주 여행,195,수학여행,NNG
경주 여행,195,초등학생,NNG
경주 여행,195,중학생,NNG
경주 여행,195,수학여행,NNG
경주 여행,195,라떼,NNG
경주 여행,195,수학여행,NNG
경주 여행,195,모두,MAG
경주 여행,195,제주,NNP
경주 여행,195,아니,VCN
경주 여행,195,32,SN
경주 여행,195,다시,MAG
경주 여행,195,떠난,VV+ETM
경주 여행,195,수학여행,NNG
경주 여행,195,기분,NNG
경주 여행,195,TAK,SL
경주 여행,195,어제,MAG
경주 여행,195,새벽,NNG
경주 여행,195,까지,JX
경주 여행,195,떠들,VV
경주 여행,195,우리,NP
경주 여행,195,아침,NNG
경주 여행,196,황리,NNG
경주 여행,196,무궁,NNG
경주 여행,196,아기자기,XR
경주 여행,196,핸드,NNG
경주 여행,196,메이드,NNP
경주 여행,196,소품,NNG
경주 여행,196,가득,MAG
경주 여행,196,기념,NNG
경주 여행,196,소품,NNG
경주 여행,196,구경,NNG
경주 여행,196,엄마,NNG
경주 여행,196,에게,JKB
경주 여행,196,황리,NNG
경주 여행,196,에서,JKB
경주 여행,196,들러,VV+EC
경주 여행,196,코스,NNG
경주 여행,196,무궁,NNG
경주 여행,196,기념품,NNG
경주 여행,196,기념품,NNG
경주 여행,196,황리,NNG
경주 여행,196,황리,NNG
경주 여행,197,불국사,NNG
경주 여행,197,근처,NNG
경주 여행,197,가성,NNG
경주 여행,197,숙소,NNG
경주 여행,197,란타나,NNG
경주 여행,197,호텔,NNG
경주 여행,197,불국사,NNP
경주 여행,197,가능,NNP
경주 여행,197,불국사,NNP
경주 여행,197,근처,NNG
경주 여행,197,가성,NNG
경주 여행,197,호텔,NNG
경주 여행,197,추천,NNP
경주 여행,197,면서,EC
경주 여행,197,숙소,NNG
경주 여행,197,엄청,MAG
경주 여행,197,고민,NNG
경주 여행,197,어요,EF
경주 여행,197,황리,NNG
경주 여행,197,할까,VV+EF
경주 여행,197,가끔,MAG
경주 여행,197,충전기,NNG
경주 여행,197,까먹,VV
경주 여행,197,가져올,VV+ETM
경주 여행,197,는데,EC
경주 여행,197,란타나,NNG
경주 여행,197,호텔,NNG
경주 여행,197,불국사,NNP
경주 여행,197,객실,NNG
경주 여행,197,충전기,NNG
경주 여행,198,숙소,NNG
경주 여행,198,빌라,NNG
경주 여행,198,펜션,NNG
경주 여행,198,독채,NNG
경주 여행,198,펜션,NNG
경주 여행,198,펜션,NNG
경주 여행,198,숙소,NNG
경주 여행,198,숙소,NNG
경주 여행,198,추천,NNP
경주 여행,198,수영장,NNG
경주 여행,198,펜션,NNG
경주 여행,198,빌라,NNP
경주 여행,198,아기,NNG
경주 여행,198,갈만,NNG
경주 여행,198,아기,NNG
경주 여행,198,펜션,NNG
경주 여행,198,아기,NNG
경주 여행,198,숙소,NNG
경주 여행,198,추천,NNP
경주 여행,198,펜션,NNG
경주 여행,198,국내,NNG
경주 여행,198,여행지,NNG
경주 여행,198,추천,NNG
경주 여행,198,국내,NNG
경주 여행,199,라원,NNP
경주 여행,199,궁원,NNG
경주 여행,199,아이,NNG
경주 여행,199,환상,NNG
경주 여행,199,미디어,NNG
경주 여행,199,아트,NNG
경주 여행,199,안녕,NNG
경주 여행,199,세요,EP+EF
경주 여행,199,루미,NNP
경주 여행,199,입니다,VCP+EF
경주 여행,199,가장,MAG
경주 여행,199,라원,NNP
경주 여행,199,는데요,EF
경주 여행,199,라원,NNP
경주 여행,199,솔직,XR
경주 여행,199,후기,NNG
경주 여행,199,도록,EC
경주 여행,199,습니다,EF
경주 여행,199,라원,NNP
경주 여행,199,미디어,NNG
경주 여행,199,아트,NNG
경주 여행,199,정말,MAG
경주 여행,199,환상,NNG
경주 여행,199,출처,NNG
경주 여행,199,라원,NNP
경주 여행,199,공식,NNG
경주 여행,199,홈페이지,NNG
경주 여행,200,국립,NNG
경주 여행,200,박물관,NNG
경주 여행,200,방문,NNG
경주 여행,200,에밀레종,NNG
경주 여행,200,신라,NNP
경주 여행,200,역사,NNG
경주 여행,200,신라,NNP
경주 여행,200,문화,NNG
경주 여행,200,문화유산,NNG
경주 여행,200,역사,NNG
경주 여행,200,경북,NNP
경주 여행,200,경북,NNP
경주 여행,200,코스,NNG
경주 여행,200,후기,NNG
경주 여행,200,추억,NNG
경주 여행,200,가족,NNG
경주 여행,200,데이트,NNG
경주 여행,200,추천,NNG
경주 여행,200,볼거리,NNG
경주 여행,201,영수증,NNG
경주 여행,201,일기,NNG
경주 여행,201,26,SN
경주 여행,201,08,SN
경주 여행,201,29,SN
경주 여행,201,31,SN
경주 여행,201,비오,NNG
경주 여행,201,마지막,NNG
경주 여행,201,여름,NNG
경주 여행,201,갑오징어,NNG
경주 여행,201,비빔국수,NNG
경주 여행,201,주말,NNG
경주 여행,201,내내,MAG
경주 여행,201,소식,NNG
경주 여행,201,어서,EC
경주 여행,201,상당히,MAG
경주 여행,201,우울,NNG
경주 여행,201,는데,EC
경주 여행,201,진짜,MAG
경주 여행,201,기상청,NNG
경주 여행,201,날씨,NNG
경주 여행,201,므느므,UNKNOWN
경주 여행,201,아요,EF
경주 여행,201,이번,NNG
경주 여행,201,떠나,VV
경주 여행,201,사실,MAG
경주 여행,201,혼자,MAG
경주 여행,201,답답,XR
경주 여행,201,는데,EC
경주 여행,201,역시,MAJ
경주 여행,201,혼자,NNG
경주 여행,201,고민,NNG
경주 여행,201,해서,XSV+EC
경주 여행,201,해결,NNG
경주 여행,201,아무것,NP
경주 여행,202,아기,NNG
경주 여행,202,황리,NNG
경주 여행,202,포토,NNG
경주 여행,202,이즘,MAG
경주 여행,202,점보,NNG
경주 여행,202,미니,NNG
경주 여행,202,안녕,NNG
경주 여행,202,세요,EP+EF
경주 여행,202,제제,NNG
경주 여행,202,입니다,VCP+EF
경주 여행,202,에서,JKB
경주 여행,202,빠질,VV+ETM
경주 여행,202,황리,NNG
경주 여행,202,이번,NNG
경주 여행,202,10,SN
경주 여행,202,개월,NNBC
경주 여행,202,아기,NNG
경주 여행,202,함께,MAG
경주 여행,202,해서,VV+EC
경주 여행,202,아기,NNG
경주 여행,202,검색,NNG
경주 여행,202,다가,EC
경주 여행,202,포토,NNG
경주 여행,202,이즘,MAG
경주 여행,202,점보,NNG
경주 여행,202,발견,NNG
경주 여행,202,어요,EF
경주 여행,202,귀여운,VA+ETM
경주 여행,202,아기,NNG
경주 여행,202,니까,EC
경주 여행,203,아이,NNG
경주 여행,203,스토리,NNG
경주 여행,203,키즈,NNP
경주 여행,203,빌라,NNP
경주 여행,203,숙소,NNG
경주 여행,203,내산,NNP
경주 여행,203,후기,NNG
경주 여행,203,장단점,NNG
경주 여행,203,안녕,NNG
경주 여행,203,세요,EP+EF
경주 여행,203,이번,NNG
경주 여행,203,지인,NNG
경주 여행,203,같이,MAG
경주 여행,203,빌라,NNG
경주 여행,203,예약,NNG
경주 여행,203,해서,XSV+EC
경주 여행,203,방문,NNG
경주 여행,203,어요,EF
경주 여행,203,스타,NNG
경주 여행,203,광고,NNG
경주 여행,203,에서,JKB
경주 여행,203,할인,NNG
경주 여행,203,혜택,NNG
경주 여행,203,온수풀,NNG
경주 여행,203,무료,NNG
경주 여행,203,서비스,NNG
경주 여행,203,아서,EC
경주 여행,203,예약,NNG
경주 여행,203,답니다,EF
경주 여행,203,숯불,NNG
경주 여행,203,그릴,VV+ETM
경주 여행,203,이용,NNG
경주 여행,203,인원,NNG
경주 여행,203,추가,NNG
경주 여행,203,66,SN
경주 여행,204,황리,NNG
경주 여행,204,기념품,NNG
경주 여행,204,기념품,NNG
경주 여행,204,선물,NNG
경주 여행,204,첨성대,NNG
경주 여행,204,초콜릿,NNG
경주 여행,204,황리,NNG
경주 여행,204,기념품,NNG
경주 여행,204,기념품,NNG
경주 여행,204,선물,NNG
경주 여행,204,첨성대,NNG
경주 여행,204,초콜릿,NNG
경주 여행,204,사진,NNG
경주 여행,204,영상,NNG
경주 여행,204,안녕,NNG
경주 여행,204,세요,EP+EF
경주 여행,204,입니다,VCP+EF
경주 여행,204,남편,NNG
경주 여행,204,아이,NNG
경주 여행,204,함께,MAG
경주 여행,204,연휴,NNG
경주 여행,204,경주로,NNG
경주 여행,204,어요,EF
경주 여행,204,항상,MAG
경주 여행,205,황리,NNG
경주 여행,205,밥집,NNG
경주 여행,205,가성,NNG
경주 여행,205,확실,XR
경주 여행,205,황리,NNG
경주 여행,205,한정식,NNG
경주 여행,205,맛집,NNG
경주 여행,205,도솔,NNG
경주 여행,205,에서,JKB
경주 여행,205,황리,NNG
경주 여행,205,맛있,VA
경주 여행,205,디저트,NNG
경주 여행,205,카페,NNG
경주 여행,205,지만,EC
경주 여행,205,중간,NNG
경주 여행,205,이렇게,MAG
경주 여행,205,다운,XSA+ETM
경주 여행,205,훨씬,MAG
경주 여행,205,든든,XR
경주 여행,205,느낌,NNG
경주 여행,205,에요,EF
경주 여행,205,그래서,MAJ
경주 여행,205,황리,NNG
경주 여행,205,밥집,NNG
경주 여행,205,에게,JKB
경주 여행,205,이런,MM
경주 여행,205,스타,NNG
경주 여행,205,일의,NNG
경주 여행,206,사진,NNG
경주 여행,206,어디,NP
경주 여행,206,을까,EC
경주 여행,206,사진,NNG
경주 여행,206,촬영,NNG
경주 여행,206,장소,NNG
경주 여행,206,Studio,SL
경주 여행,206,CHO,SL
경주 여행,206,한복,NNG
경주 여행,206,복대,NNG
경주 여행,206,한복,NNG
경주 여행,206,스냅,NNG
경주 여행,206,스냅,NNG
경주 여행,206,사진,NNG
경주 여행,206,촬영,NNG
경주 여행,206,명소,NNG
경주 여행,206,코스,NNG
경주 여행,206,대릉원,NNG
경주 여행,206,봉황대,NNG
경주 여행,206,황남동,NNP
경주 여행,206,고분군,NNP
경주 여행,206,분황사,NNG
경주 여행,206,카페,NNG
경주 여행,206,센트,NNG
경주 여행,206,정원,NNG
경주 여행,208,명물,NNG
경주 여행,208,신라,NNP
경주 여행,208,명가,NNG
경주 여행,208,20,SN
경주 여행,208,국산,NNG
경주 여행,208,앙금,NNG
경주 여행,208,가족,NNG
경주 여행,208,아이,NNG
경주 여행,208,간식,NNG
경주 여행,208,구매,NNG
경주 여행,208,특히,MAG
경주 여행,208,명물,NNG
경주 여행,208,다시,MAG
경주 여행,208,거나,EC
경주 여행,208,부모,NNG
경주 여행,208,이나,JC
경주 여행,208,지인,NNG
경주 여행,208,에게,JKB
경주 여행,208,부담,NNG
경주 여행,208,없이,MAG
경주 여행,208,보낼,VV+ETM
경주 여행,208,간식,NNG
경주 여행,208,경우,NNG
경주 여행,208,라면,VCP+EC
경주 여행,208,일반,NNG
경주 여행,208,비교,NNG
경주 여행,208,합니다,XSA+EF
경주 여행,208,구매,NNG
경주 여행,208,확인,NNG
경주 여행,208,20,SN
경주 여행,208,라는,ETM
경주 여행,208,수량,NNG
경주 여행,209,황리,NNG
경주 여행,209,맛집,NNG
경주 여행,209,복길,NNG
경주 여행,209,본점,NNG
경주 여행,209,아이,NNG
경주 여행,209,한정식,NNG
경주 여행,209,가족,NNG
경주 여행,209,기록,NNG
경주 여행,209,희담,NNG
경주 여행,209,맛집,NNG
경주 여행,209,황리,NNG
경주 여행,209,맛집,NNG
경주 여행,209,아이,NNG
경주 여행,209,맛집,NNG
경주 여행,209,가족,NNG
경주 여행,209,가족,NNG
경주 여행,209,식사,NNG
경주 여행,209,정식,NNG
경주 여행,209,복길,NNG
경주 여행,209,본점,NNG
경주 여행,209,황리,NNG
경주 여행,209,맛집,NNG
경주 여행,209,황리,NNG
경주 여행,209,정식,NNG
경주 여행,209,아이,NNG
경주 여행,210,260320,SN
경주 여행,210,고양이,NNG
경주 여행,210,사랑,NNG
경주 여행,210,북카페,NNP
경주 여행,210,우연히,MAG
경주 여행,210,책방,NNG
경주 여행,210,다음,NNG
경주 여행,210,독립,NNG
경주 여행,210,서점,NNG
경주 여행,210,북카페,NNP
경주 여행,210,우연히,MAG
경주 여행,210,책방,NNG
경주 여행,210,다녀왔,VV+EP
경주 여행,210,어요,EC
경주 여행,210,반대,NNG
경주 여행,210,방향,NNG
경주 여행,210,지만,EC
경주 여행,210,아주,MAG
경주 여행,210,니까,EC
경주 여행,210,기분,NNG
경주 여행,210,네요,EF
경주 여행,210,책장,NNG
경주 여행,210,추억,NNG
경주 여행,210,생기,VV
경주 여행,210,느낌,NNG
경주 여행,210,분위기,NNG
경주 여행,210,멋진,VA+ETM
경주 여행,211,아기,NNG
경주 여행,211,황리,NNG
경주 여행,211,맛집,NNG
경주 여행,211,이사부,NNP
경주 여행,211,피자,NNG
경주 여행,211,웨이팅,NNG
경주 여행,211,후기,NNG
경주 여행,211,사진,NNG
경주 여행,211,elog,SL
경주 여행,211,안녕,NNG
경주 여행,211,세요,EP+EF
경주 여행,211,로그,NNG
경주 여행,211,입니다,VCP+EF
경주 여행,211,아이,NNG
경주 여행,211,함께,MAG
경주 여행,211,사실,MAG
경주 여행,211,이번,NNG
경주 여행,211,에서,JKB
경주 여행,211,마음,NNG
경주 여행,211,으로,JKB
경주 여행,211,황리,NNG
경주 여행,211,에서,JKB
경주 여행,211,유명,XR
경주 여행,211,다는,ETM
경주 여행,211,이사부,NNP
경주 여행,211,피자,NNG
경주 여행,211,다녀왔,VV+EP
경주 여행,211,어요,EF
경주 여행,211,결론,NNG
경주 여행,211,부터,JX
경주 여행,211,이야기,NNG
경주 여행,211,자면,EC
경주 여행,211,웨이팅,NNG
경주 여행,212,세계,NNG
경주 여행,212,문화유산,NNG
경주 여행,212,시티투어,NNP
경주 여행,212,당일,NNG
경주 여행,212,기차,NNG
경주 여행,212,으로,JKB
경주 여행,212,특별,NNG
경주 여행,212,주말,NNG
경주 여행,212,보내,VV+EC
경주 여행,212,명소,NNG
경주 여행,212,하루,NNG
경주 여행,212,배워,VV+EC
경주 여행,212,돌아보,VV
경주 여행,212,적극,NNG
경주 여행,212,추천,NNG
경주 여행,212,합니다,XSV+EF
경주 여행,212,당일,NNG
경주 여행,212,고민,NNG
경주 여행,212,살펴보,VV
경주 여행,212,세요,EP+EF
경주 여행,212,시티투어,NNP
경주 여행,212,기차,NNG
경주 여행,212,당일,NNG
경주 여행,212,가족,NNG
경주 여행,212,세계,NNG
경주 여행,212,문화유산,NNG
경주 여행,212,아이,NNG
경주 여행,213,대구,NNP
경주 여행,213,근교,NNG
경주 여행,213,애견,NNG
경주 여행,213,동반,NNG
경주 여행,213,빌라,NNG
경주 여행,213,독채,NNG
경주 여행,213,숙소,NNG
경주 여행,213,미온수,NNG
경주 여행,213,개별,NNG
경주 여행,213,수영장,NNG
경주 여행,213,친구,NNG
경주 여행,213,가족,NNG
경주 여행,213,이랑,JKB
경주 여행,213,같이,MAG
경주 여행,213,계획,NNG
경주 여행,213,면서,EC
경주 여행,213,제일,MAG
경주 여행,213,오래,MAG
경주 여행,213,찾아본,VV+ETM
경주 여행,213,바로,MAG
경주 여행,213,숙소,NNG
경주 여행,213,어요,EF
경주 여행,213,어린이,NNG
경주 여행,213,예전,NNG
경주 여행,213,보다,JKB
경주 여행,213,반려,NNG
경주 여행,213,견과,NNG
경주 여행,213,함께,MAG
경주 여행,213,다니,VV
경주 여행,213,정말,MAG
경주 여행,213,잖아요,EC
경주 여행,213,대구,NNP
경주 여행,213,근교,NNG
경주 여행,213,나리,NNP
경주 여행,213,한옥,NNG
경주 여행,213,펜션,NNG
경주 여행,213,현재,NNG
경주 여행,214,그래도,MAJ
경주 여행,214,으니까,EC
경주 여행,214,https,SL
경주 여행,214,youtu,SL
경주 여행,214,be,SL
경주 여행,214,97,SN
경주 여행,214,WYVM,SL
경주 여행,214,OI,SL
경주 여행,214,si,SL
경주 여행,214,UzOepL,SL
경주 여행,214,37,SN
경주 여행,214,vOnK,SL
경주 여행,214,Kxl,SL
경주 여행,214,31,SN
경주 여행,214,포트,NNG
경주 여행,214,따로,MAG
경주 여행,214,올려,VV+EC
경주 여행,214,습니다,EF
경주 여행,214,조금,MAG
경주 여행,214,기다려,VV+EC
경주 여행,214,세요,EP+EF
경주 여행,214,진짜,MAG
경주 여행,214,계속,MAG
경주 여행,214,요양,NNG
경주 여행,214,포트,NNG
경주 여행,214,아니,VCN
경주 여행,214,에서부터,JKB
경주 여행,214,피로,NNG
경주 여행,214,쌓여,VV+EC
경주 여행,214,상태,NNG
경주 여행,214,그냥,MAG
경주 여행,215,포항,NNP
경주 여행,215,피플,NNP
경주 여행,215,당일치기,NNG
경주 여행,215,술술,MAG
경주 여행,215,방앗간,NNG
경주 여행,215,신라,NNP
경주 여행,215,제면,NNG
경주 여행,215,맛집,NNG
경주 여행,215,추천,NNG
경주 여행,215,당일치기,NNG
경주 여행,215,코스,NNG
경주 여행,215,당일치기,NNG
경주 여행,215,황리,NNG
경주 여행,215,맛집,NNG
경주 여행,215,추천,NNG
경주 여행,215,술술,MAG
경주 여행,215,방앗간,NNG
경주 여행,215,후기,NNG
경주 여행,215,버터,NNG
경주 여행,215,희후,NNP
경주 여행,215,술술,MAG
경주 여행,215,방앗간,NNG
경주 여행,215,신라,NNP
경주 여행,215,제면,NNG
경주 여행,215,후기,NNG
경주 여행,215,신라,NNP
경주 여행,215,제면,NNG
경주 여행,215,조르바,NNP
경주 여행,215,조르바,NNP
경주 여행,216,내산,NNP
경주 여행,216,황리,NNG
경주 여행,216,단골,NNG
경주 여행,216,맛집,NNG
경주 여행,216,전화,NNG
경주 여행,216,주문,NNG
경주 여행,216,돼요,VV+EF
경주 여행,216,쫀득,XR
경주 여행,216,찰보리빵,NNP
경주 여행,216,맛있,VA
경주 여행,216,어요,EF
경주 여행,216,드셔,VV+EP+EC
경주 여행,216,추천,NNG
경주 여행,216,드리,VV
경주 여행,216,인사,NNG
경주 여행,216,드리,VV
경주 여행,216,습니다,EF
경주 여행,216,그럼,MAJ
경주 여행,216,오늘,NNG
경주 여행,216,즐거운,VA+ETM
경주 여행,216,하루,NNG
경주 여행,216,즐거운,VA+ETM
경주 여행,216,세요,EP+EF
경주 여행,217,실내,NNG
경주 여행,217,동물원,NNG
경주 여행,217,버드,NNP
경주 여행,217,파크,NNG
경주 여행,217,동궁,NNG
경주 여행,217,볼거리,NNG
경주 여행,217,에서,JKB
경주 여행,217,색다른,VA+ETM
경주 여행,217,다면,EC
경주 여행,217,내산,NNG
경주 여행,217,만족,NNG
경주 여행,217,후기,NNG
경주 여행,217,실내,NNG
경주 여행,217,동궁,NNG
경주 여행,217,동궁,NNG
경주 여행,217,버드,NNP
경주 여행,217,파크,NNG
경주 여행,217,실내,NNG
경주 여행,217,거리,EC
경주 여행,217,테마파크,NNG
경주 여행,217,내산,NNG
경주 여행,218,국내,NNG
경주 여행,218,맛집,NNG
경주 여행,218,추천,NNG
경주 여행,218,퇴근길,NNG
경주 여행,218,숯불갈비,NNG
경주 여행,218,방문,NNG
경주 여행,218,후기,NNG
경주 여행,218,퇴근길,NNG
경주 여행,218,숯불갈비,NNG
경주 여행,218,방문,NNG
경주 여행,218,추천,NNG
경주 여행,218,드리,VV
경주 여행,218,포스팅,NNP
경주 여행,218,마쳐,VV+EC
경주 여행,218,본다,VV+EC
경주 여행,218,국내,NNG
경주 여행,218,맛집,NNG
경주 여행,218,국내,NNG
경주 여행,218,맛집,NNG
경주 여행,218,소고기,NNG
경주 여행,218,맛집,NNG
경주 여행,218,추천,NNG
경주 여행,218,국내,NNG
경주 여행,218,추천,NNG
경주 여행,218,퇴근길,NNG
경주 여행,218,숯불갈비,NNG
경주 여행,218,퇴근길,NNG
경주 여행,218,숯불갈비,NNG
경주 여행,218,데이트,NNG
경주 여행,219,커피,NNG
경주 여행,219,템플,NNG
경주 여행,219,김사홍,NNP
경주 여행,219,선생,NNG
경주 여행,219,습니,EC
경주 여행,219,데굴,XR
경주 여행,219,사실,MAG
경주 여행,219,처음,NNG
경주 여행,219,두근두근,MAG
경주 여행,219,커피,NNG
경주 여행,219,템플,NNG
경주 여행,219,사실,MAG
경주 여행,219,옛날,NNG
경주 여행,219,MBC,SL
경주 여행,219,서울,NNP
경주 여행,219,총평,NNG
경주 여행,219,커피,NNG
경주 여행,219,템플,NNG
경주 여행,219,진지,VX+EC
경주 여행,219,개월,NNBC
경주 여행,219,정도,NNG
경주 여행,219,습니다,EF
경주 여행,219,여러분,NP
경주 여행,219,시간,NNG
경주 여행,219,한번,MAG
경주 여행,219,들려서,VV+EC
경주 여행,219,김득구,NNP
경주 여행,219,블랜딩,NNG
경주 여행,220,2026,SN
경주 여행,220,대릉원,NNG
경주 여행,220,미디어,NNG
경주 여행,220,아트,NNG
경주 여행,220,개막,NNG
경주 여행,220,시간,NNG
경주 여행,220,기간,NNG
경주 여행,220,볼거리,NNG
경주 여행,220,대릉원,NNG
경주 여행,220,행사,NNG
경주 여행,220,울산,NNP
경주 여행,220,아이,NNG
경주 여행,220,아이,NNG
경주 여행,220,울산,NNP
경주 여행,220,행사,NNG
경주 여행,220,울산,NNP
경주 여행,220,축제,NNG
경주 여행,220,대릉원,NNG
경주 여행,220,미디어,NNG
경주 여행,220,아트,NNG
경주 여행,220,미디어,NNG
경주 여행,220,아트,NNG
경주 여행,220,야경,NNG
경주 여행,220,야간,NNG
경주 여행,220,관광,NNG
경주 여행,220,황리,NNG
경주 여행,221,얼굴,NNG
경주 여행,221,대릉원,NNG
경주 여행,221,에서,JKB
경주 여행,221,얼굴,NNG
경주 여행,221,분위기,NNG
경주 여행,221,특별,NNG
경주 여행,221,간식,NNG
경주 여행,221,얼굴,NNG
경주 여행,221,함께,MAG
경주 여행,221,기억,NNG
경주 여행,221,하나,NR
경주 여행,221,만들,VV
경주 여행,221,세요,EP+EF
경주 여행,221,맛집,NNG
경주 여행,221,얼굴,NNG
경주 여행,221,황리,NNG
경주 여행,221,맛집,NNG
경주 여행,221,황리,NNG
경주 여행,221,간식,NNG
경주 여행,221,먹거리,NNG
경주 여행,222,260320,SN
경주 여행,222,고양이,NNG
경주 여행,222,사랑,NNG
경주 여행,222,아늑,XR
경주 여행,222,카페,NNG
경주 여행,222,차차,MAG
경주 여행,222,감성,NNG
경주 여행,222,맛있,VA
경주 여행,222,다과,NNG
경주 여행,222,정말,MAG
경주 여행,222,만족,NNG
경주 여행,222,습니다,EF
경주 여행,222,카페,NNG
경주 여행,222,너무,MAG
경주 여행,222,많이,MAG
경주 여행,222,다면,EC
경주 여행,222,대만,NNP
경주 여행,222,우롱차,NNG
경주 여행,222,매력,NNG
경주 여행,222,느껴,VV+EC
경주 여행,222,어떨까,VA+EC
경주 여행,222,차차,MAG
경주 여행,222,찻집,NNG
경주 여행,222,추천,NNG
경주 여행,222,드려요,VV+EC
경주 여행,223,황리,NNG
경주 여행,223,오픈,NNG
경주 여행,223,점심,NNG
경주 여행,223,분위기,NNG
경주 여행,223,맛집,NNG
경주 여행,223,료코,NNP
경주 여행,223,안녕,NNG
경주 여행,223,세용,EP+EF
경주 여행,223,오랜만,NNG
경주 여행,223,다녀왔,VV+EP
경주 여행,223,마다,JX
경주 여행,223,너무,MAG
경주 여행,223,아요,EF
경주 여행,223,사계절,NNG
경주 여행,223,맛있,VA
경주 여행,223,식사,NNG
경주 여행,223,즐거운,VA+ETM
경주 여행,223,세요,EP+EF+VCP
경주 여행,223,맛집,NNG
경주 여행,223,황리,NNG
경주 여행,223,맛집,NNG
경주 여행,223,황리,NNG
경주 여행,223,식당,NNG
경주 여행,223,황리,NNG
경주 여행,224,맛집,NNG
경주 여행,224,파이,NNG
경주 여행,224,월드,NNG
경주 여행,224,근처,NNG
경주 여행,224,기념품,NNG
경주 여행,224,맛집,NNG
경주 여행,224,수제,NNG
경주 여행,224,호문,NNG
경주 여행,224,패키지,NNG
경주 여행,224,박스,NNG
경주 여행,224,고급,NNG
경주 여행,224,스럽,XSA
경주 여행,224,스러운,XSA+ETM
경주 여행,224,느낌,NNG
경주 여행,224,가득,MAG
경주 여행,224,어서,EC
경주 여행,224,기념품,NNG
경주 여행,224,선물,NNG
경주 여행,224,추천,NNG
경주 여행,224,어요,EF
경주 여행,224,월드,NNG
경주 여행,224,보문,NNG
경주 여행,224,단지,MAG
경주 여행,224,둘러보,VV
경주 여행,224,마지막,NNG
경주 여행,224,들르,VV
경주 여행,224,동선,NNG
경주 여행,224,더라구요,EF
경주 여행,224,월드,NNG
경주 여행,224,근처,NNG
경주 여행,225,추천,NNG
경주 여행,225,사진,NNG
경주 여행,225,촬영,NNG
경주 여행,225,얼굴,NNG
경주 여행,225,황리,NNG
경주 여행,225,그래서,MAJ
경주 여행,225,사진,NNG
경주 여행,225,촬영,NNG
경주 여행,225,석굴암,NNG
경주 여행,225,모양,NNG
경주 여행,225,으로,JKB
경주 여행,225,찰칵,MAG
경주 여행,225,추천,NNG
경주 여행,225,드려요,VV+EC
경주 여행,225,맛집,NNG
경주 여행,225,필수,NNG
경주 여행,225,코스,NNG
경주 여행,225,궁금,XR
경주 여행,225,얼굴,NNG
경주 여행,225,황리,NNG
경주 여행,225,맛집,NNG
경주 여행,225,어떠실까,VA+EP+EC
경주 여행,226,황리,NNG
경주 여행,226,에서,JKB
경주 여행,226,만나,VV
경주 여행,226,우마,NNG
경주 여행,226,물회,NNG
경주 여행,226,매장,NNG
경주 여행,226,한우,NNG
경주 여행,226,육회,NNG
경주 여행,226,물회,NNG
경주 여행,226,아니,VCN
경주 여행,226,선물,NNG
경주 여행,226,우마,NNG
경주 여행,226,한우,NNG
경주 여행,226,육포,NNG
경주 여행,226,한우,NNG
경주 여행,226,샌드,NNG
경주 여행,226,만나,VV+EC
경주 여행,226,습니다,EF
경주 여행,226,바로,MAG
경주 여행,226,즐길,VV+ETM
경주 여행,226,메뉴,NNG
경주 여행,226,물론,MAG
경주 여행,226,으로,JKB
경주 여행,226,돌아가,VV
경주 여행,226,가족,NNG
경주 여행,226,이나,JC
경주 여행,226,지인,NNG
경주 여행,226,위한,VV+ETM
경주 여행,226,선물,NNG
경주 여행,226,준비,NNG
경주 여행,227,첨성대,NNG
경주 여행,227,핑크,NNG
경주 여행,227,야경,NNG
경주 여행,227,뒤늦,VA
경주 여행,227,올리,VV
경주 여행,227,후기,NNG
경주 여행,227,입니다,VCP+EF
경주 여행,227,방문,NNG
경주 여행,227,최신,NNG
경주 여행,227,정보,NNG
경주 여행,227,다시,MAG
경주 여행,227,확인,NNG
경주 여행,227,세요,EP+EF
경주 여행,227,첨성대,NNG
경주 여행,227,성대,NNG
경주 여행,227,핑크,NNG
경주 여행,227,주차,NNG
경주 여행,227,위치,NNG
경주 여행,227,안녕,NNG
경주 여행,227,세요,EP+EF
경주 여행,227,오늘,MAG
경주 여행,227,면서,EC
경주 여행,227,들려야,VV+EC
경주 여행,227,첨성대,NNG
경주 여행,227,포스팅,NNP
경주 여행,227,볼게요,VX+EF
경주 여행,227,첨성대,NNG
경주 여행,228,황리,NNG
경주 여행,228,먹거리,NNG
경주 여행,228,얼굴,NNG
경주 여행,228,내산,NNP
경주 여행,228,가격,NNG
경주 여행,228,주차,NNG
경주 여행,228,솔직,XR
경주 여행,228,맛집,NNG
경주 여행,228,맛집,NNG
경주 여행,228,디저트,NNG
경주 여행,228,간식,NNG
경주 여행,228,얼굴,NNG
경주 여행,228,황리,NNG
경주 여행,228,황리,NNG
경주 여행,228,맛집,NNG
경주 여행,228,황리,NNG
경주 여행,228,디저트,NNG
경주 여행,228,황리,NNG
경주 여행,228,간식,NNG
경주 여행,228,황리,NNG
경주 여행,228,기념품,NNG
경주 여행,228,기념품,NNG
경주 여행,229,유명,NNG
경주 여행,229,맛집,NNG
경주 여행,229,교리,NNG
경주 여행,229,김밥,NNG
경주 여행,229,본점,NNG
경주 여행,229,에서,JKB
경주 여행,229,빼놓,VV
경주 여행,229,어려운,VA+ETM
경주 여행,229,대표,NNG
경주 여행,229,먹거리,NNG
경주 여행,229,하나,NR
경주 여행,229,입니다,VCP+EF
경주 여행,229,김밥,NNG
경주 여행,229,한다면,VV+EC
경주 여행,229,황리,NNG
경주 여행,229,가까운,VA+ETM
경주 여행,229,에서,JKB
경주 여행,229,다운,XSA+ETM
경주 여행,229,음식,NNG
경주 여행,229,다면,EC
경주 여행,229,식사,NNG
경주 여행,229,코스,NNG
경주 여행,229,함께,MAG
경주 여행,229,고려,NNG
경주 여행,230,아이,NNG
경주 여행,230,다녀온,VV+ETM
경주 여행,230,마지막,NNG
경주 여행,230,일정,NNG
경주 여행,230,불국사,NNP
경주 여행,230,불국사,NNP
경주 여행,230,까지,JX
경주 여행,230,는데,EC
경주 여행,230,불국사,NNG
경주 여행,230,빠뜨리,VV
경주 여행,230,모녀,NNG
경주 여행,230,친정,NNG
경주 여행,230,엄마,NNG
경주 여행,230,함께,MAG
경주 여행,230,못할,VX+ETM
경주 여행,230,추억,NNG
경주 여행,230,한가득,MAG
경주 여행,230,돌아간다,VV+EC
경주 여행,230,이번,NNG
경주 여행,231,일본어,NNG
경주 여행,231,일기,NNG
경주 여행,231,90,SN
경주 여행,231,둘째,NR
경주 여행,231,이야기,NNG
경주 여행,231,2026,SN
경주 여행,231,둘째,NR
경주 여행,231,아침,NNG
경주 여행,231,30,SN
경주 여행,231,분경,NNG
경주 여행,231,미리,MAG
경주 여행,231,예약,NNG
경주 여행,231,호텔,NNG
경주 여행,231,지하,NNG
경주 여행,231,43,SN
경주 여행,231,수학,NNG
경주 여행,231,추억,NNG
경주 여행,231,학교,NNG
경주 여행,231,에서,JKB
경주 여행,231,배운,VV+ETM
경주 여행,231,지식,NNG
경주 여행,231,되살리,VV
경주 여행,231,햇빛,NNG
경주 여행,231,따갑,VA
경주 여행,231,줄줄,MAG
경주 여행,231,33,SN
경주 여행,231,너무,MAG
경주 여행,231,더웠,VA+EP
경주 여행,232,혼자,NNG
경주 여행,232,DAY,SL
경주 여행,232,https,SL
경주 여행,232,www,SL
경주 여행,232,youtube,SL
경주 여행,232,com,SL
경주 여행,232,watch,SL
경주 여행,232,fjcwSlOkySI,SL
경주 여행,232,list,SL
경주 여행,232,RDfjcwSlOkySI,SL
경주 여행,232,start,SL
경주 여행,232,radio,SL
경주 여행,232,음악,NNG
경주 여행,232,함께,MAG
경주 여행,232,여름,NNG
경주 여행,232,진다,VX+EC
경주 여행,232,내리,NNP
경주 여행,232,정말,MAG
경주 여행,232,신비,NNG
경주 여행,232,이번,NNG
경주 여행,232,여름,NNG
경주 여행,232,혼자,MAG
경주 여행,232,에서,JKB
경주 여행,232,은지,EC
경주 여행,233,애견,NNG
경주 여행,233,동반,NNG
경주 여행,233,호텔,NNG
경주 여행,233,애견,NNG
경주 여행,233,동반,NNG
경주 여행,233,호텔,NNG
경주 여행,233,안녕하,VA
경주 여행,233,세요,EP+EF
경주 여행,233,지난,VV+ETM
경주 여행,233,저희,NP
경주 여행,233,가족,NNG
경주 여행,233,애견,NNG
경주 여행,233,동반,NNG
경주 여행,233,으로,JKB
경주 여행,233,다녀왔,VV+EP
경주 여행,233,어요,EF
경주 여행,233,가족,NNG
경주 여행,233,으로,JKB
경주 여행,233,처음,NNG
경주 여행,233,준비,NNG
경주 여행,233,부터,JX
경주 여행,233,무척,MAG
경주 여행,233,설레였,VV+EP
경주 여행,233,아요,EF
경주 여행,233,숙소,NNG
경주 여행,233,부터,JX
경주 여행,234,무화과,NNG
경주 여행,234,08,SN
경주 여행,234,04,SN
경주 여행,234,우리,NNBC
경주 여행,234,행복,NNG
경주 여행,234,일월,NNG
경주 여행,234,다녀오,VV
경주 여행,234,자마자,EC
경주 여행,234,출근,NNG
경주 여행,234,가족,NNG
경주 여행,234,행사,NNG
경주 여행,234,스타트,NNG
경주 여행,234,다니,VV
경주 여행,234,챙겼,VV+EP
경주 여행,234,는데,EC
경주 여행,234,오빠,NNG
경주 여행,234,과일,NNG
경주 여행,234,야무지,VA
경주 여행,234,주문,NNG
경주 여행,234,둬서,VX+EC
경주 여행,234,어쩌다,MAJ
경주 여행,234,잠깐,MAG
경주 여행,234,귀염둥이,NNG
경주 여행,234,오전,NNG
경주 여행,234,업무,NNG
경주 여행,235,260320,SN
경주 여행,235,고양이,NNG
경주 여행,235,사랑,NNG
경주 여행,235,신라,NNP
경주 여행,235,갤러리,NNG
경주 여행,235,민화,NNG
경주 여행,235,작가,NNG
경주 여행,235,이연정,NNP
경주 여행,235,이렇게,MAG
경주 여행,235,기념사진,NNG
경주 여행,235,어요,EF
경주 여행,235,우연히,MAG
경주 여행,235,들리,VV
경주 여행,235,는데,EC
경주 여행,235,정말,MAG
경주 여행,235,추억,NNG
경주 여행,235,경험,NNG
경주 여행,235,습니다,EF
경주 여행,235,여행가,NNG
경주 여행,235,이렇게,MAG
경주 여행,235,전시회,NNG
경주 여행,235,관람,NNG
경주 여행,235,특별,NNG
경주 여행,235,추억,NNG
경주 여행,235,네요,EC
경주 여행,235,추천,NNG
경주 여행,235,드립니다,VV+EC
경주 여행,236,힐튼,NNP
경주 여행,236,오픈,NNG
경주 여행,236,특가,NNG
경주 여행,236,138,SN
경주 여행,236,800,SN
경주 여행,236,유레카,NNG
경주 여행,236,힐튼,NNP
경주 여행,236,호텔,NNG
경주 여행,236,수영장,NNG
경주 여행,236,조식,NNG
경주 여행,236,이렇게,MAG
경주 여행,236,생각,NNG
경주 여행,236,가장,MAG
경주 여행,236,간단,XR
경주 여행,236,해요,XSA+EF
경주 여행,236,계획,NNG
경주 여행,236,추천,NNG
경주 여행,236,숙박,NNG
경주 여행,236,저렴,XR
경주 여행,236,138,SN
경주 여행,236,800,SN
경주 여행,236,객실,NNG
경주 여행,236,호텔,NNG
경주 여행,236,조식,NNG
경주 여행,236,이용,NNG
경주 여행,236,203,SN
경주 여행,236,가지,VX
경주 여행,236,한다면,VV+EC
경주 여행,236,부분,NNG
경주 여행,236,편해요,VA+EF
경주 여행,236,힐튼,NNP
경주 여행,236,셀프,NNG
경주 여행,236,주차,NNG
경주 여행,236,무료,NNG
경주 여행,236,예요,VCP+EF
경주 여행,236,호텔,NNG
경주 여행,236,공식,NNG
경주 여행,236,안내,NNG
경주 여행,236,기준,NNG
경주 여행,237,필수,NNG
경주 여행,237,간식,NNG
경주 여행,237,얼굴,NNG
경주 여행,237,황리,NNG
경주 여행,237,맛집,NNG
경주 여행,237,대릉원,NNG
경주 여행,237,인증,NNG
경주 여행,237,맛집,NNG
경주 여행,237,추천,NNP
경주 여행,237,추천,NNG
경주 여행,237,코스,NNG
경주 여행,237,필수,NNG
경주 여행,237,코스,NNG
경주 여행,237,필수,NNG
경주 여행,237,코스,NNG
경주 여행,237,간식,NNG
경주 여행,237,먹거리,NNG
경주 여행,237,얼굴,NNG
경주 여행,237,특산품,NNG
경주 여행,237,황리,NNG
경주 여행,238,힐튼,NNP
경주 여행,238,디너,NNP
경주 여행,238,조식,NNG
경주 여행,238,뷔페,NNG
경주 여행,238,가격,NNG
경주 여행,238,비교,NNG
경주 여행,238,수영장,NNG
경주 여행,238,힐튼,NNP
경주 여행,238,힐튼,NNP
경주 여행,238,조식,NNP
경주 여행,238,힐튼,NNP
경주 여행,238,뷔페,NNG
경주 여행,238,힐튼,NNP
경주 여행,238,힐튼,NNP
경주 여행,238,조식,NNG
경주 여행,238,힐튼,NNP
경주 여행,238,뷔페,NNG
경주 여행,238,호텔,NNG
경주 여행,238,추천,NNP
경주 여행,238,성급,NNG
경주 여행,238,호텔,NNG
경주 여행,238,보문,NNG
경주 여행,238,단지,MAG
경주 여행,238,호텔,NNG
경주 여행,238,가족,NNG
경주 여행,238,숙소,NNG
경주 여행,238,리조트,NNG
경주 여행,238,추천,NNG
경주 여행,238,숙소,NNG
경주 여행,238,힐튼,NNP
경주 여행,238,가격,NNG
경주 여행,239,황리,NNG
경주 여행,239,술집,NNG
경주 여행,239,계림,NNG
경주 여행,239,주막,NNG
경주 여행,239,에서,JKB
경주 여행,239,저녁,NNG
경주 여행,239,막걸리,NNG
경주 여행,239,한잔,NNG
경주 여행,239,편안,NNG
경주 여행,239,해서,XSA+EC
경주 여행,239,들르,VV
경주 여행,239,에요,EF
경주 여행,239,황리,NNG
경주 여행,239,에서,JKB
경주 여행,239,한식,NNG
경주 여행,239,주점,NNG
경주 여행,239,계림,NNG
경주 여행,239,주막,NNG
경주 여행,239,황리,NNG
경주 여행,239,한참,NNG
경주 여행,239,술집,NNG
경주 여행,239,에요,EF
경주 여행,239,황리,NNG
경주 여행,239,구경,NNG
경주 여행,239,맛있,VA
경주 여행,239,음식,NNG
경주 여행,239,한잔,NNG
경주 여행,239,까지,JX
경주 여행,239,곁들이,VV
경주 여행,239,하루,NNG
경주 여행,240,카페,NNG
경주 여행,240,테라,NNG
경주 여행,240,유모차,NNG
경주 여행,240,가지,VV
경주 여행,240,아기,NNG
경주 여행,240,즐긴,VV+ETM
경주 여행,240,대릉,NNG
경주 여행,240,라로사,NNP
경주 여행,240,09,SN
경주 여행,240,00,SN
경주 여행,240,21,SN
경주 여행,240,00,SN
경주 여행,240,라스트,NNG
경주 여행,240,오더,NNG
경주 여행,240,20,SN
경주 여행,240,30,SN
경주 여행,240,예쁜,VA+ETM
경주 여행,240,많이,MAG
경주 여행,240,테라,NNG
경주 여행,240,드립,NNG
경주 여행,240,커피,NNG
경주 여행,240,자몽,NNG
경주 여행,240,이드,NNG
경주 여행,240,카페,NNG
경주 여행,240,투어,NNG
경주 여행,240,가족,NNG
경주 여행,240,한옥,NNG
경주 여행,240,감성,NNG
경주 여행,240,카페,NNG
경주 여행,240,이추,NNG
경주 여행,241,황리,NNG
경주 여행,241,한우,NNG
경주 여행,241,육회,NNG
경주 여행,241,물회,NNG
경주 여행,241,비프,NNP
경주 여행,241,선물,NNG
경주 여행,241,추천,NNG
경주 여행,241,한우,NNG
경주 여행,241,샌드,NNG
경주 여행,241,돌담,NNG
경주 여행,241,이번,NNG
경주 여행,241,소개,NNG
경주 여행,241,기념품,NNG
경주 여행,241,추천,NNG
경주 여행,241,경북,NNP
경주 여행,241,경주시,NNP
경주 여행,241,황리,NNG
경주 여행,241,위치,NNG
경주 여행,241,한우,NNG
경주 여행,241,샌드,NNG
경주 여행,241,돌담,NNG
경주 여행,241,시원,XR
경주 여행,241,호로록,MAG
경주 여행,241,마시,VV
경주 여행,241,관광,NNG
경주 여행,241,답니다,EC
경주 여행,241,선물,NNG
경주 여행,241,기념품,NNG
경주 여행,241,답례품,NNG
경주 여행,241,황리,NNG
경주 여행,241,선물,NNG
경주 여행,241,으시,EP
경주 여행,242,박물관,NNG
경주 여행,242,혼자,MAG
경주 여행,242,20260830,SN
경주 여행,242,국립,NNG
경주 여행,242,박물관,NNG
경주 여행,242,주차장,NNG
경주 여행,242,무료,NNG
경주 여행,242,주차,NNG
경주 여행,242,입장료,NNG
경주 여행,242,무료,NNG
경주 여행,242,아래,NNG
경주 여행,242,사진,NNG
경주 여행,242,네이버,NNP
경주 여행,242,업체,NNG
경주 여행,242,제공,NNG
경주 여행,242,사진,NNG
경주 여행,242,퍼온,VV+EC+VV+ETM
경주 여행,242,건데,NNB+VCP+EC
경주 여행,242,고즈넉,XR
경주 여행,242,분위기,NNG
경주 여행,242,만세,IC
경주 여행,242,국립,NNG
경주 여행,242,박물관,NNG
경주 여행,242,만세,NNG
경주 여행,242,전시,NNG
경주 여행,242,해설,NNG
경주 여행,242,시간,NNG
경주 여행,242,많이,MAG
경주 여행,242,도슨,NNP
경주 여행,242,시간,NNG
경주 여행,243,독채,NNG
경주 여행,243,빌라,NNG
경주 여행,243,휴식,NNG
경주 여행,243,취하,VV
경주 여행,243,다면,EC
경주 여행,243,래태리,NNP
경주 여행,243,펜션,NNG
경주 여행,243,독채,NNG
경주 여행,243,빌라,NNG
경주 여행,243,휴식,NNG
경주 여행,243,취하,VV
경주 여행,243,다면,EC
경주 여행,243,래태리,NNP
경주 여행,243,펜션,NNG
경주 여행,243,이번,NNG
경주 여행,243,관광지,NNG
경주 여행,243,많이,MAG
경주 여행,243,돌아다니,VV
경주 여행,243,보다,JKB
경주 여행,243,숙소,NNG
경주 여행,243,에서,JKB
경주 여행,243,편하,VA
경주 여행,243,목표,NNG
경주 여행,243,어요,EF
경주 여행,243,그래서,MAJ
경주 여행,243,숙소,NNG
경주 여행,243,고를,VV+ETM
경주 여행,243,독채,NNG
경주 여행,243,인지,VCP+EC
경주 여행,243,주변,NNG
경주 여행,243,조용,XR
경주 여행,243,한지,XSA+EC
경주 여행,244,아이,NNG
경주 여행,244,엑스포,NNG
경주 여행,244,대공원,NNG
경주 여행,244,실내,NNG
경주 여행,244,놀이터,NNG
경주 여행,244,화랑,NNG
경주 여행,244,경북,NNP
경주 여행,244,경주시,NNP
경주 여행,244,경감로,NNP
경주 여행,244,614,SN
경주 여행,244,엑스,NNG
경주 여행,244,포대,NNG
경주 여행,244,공원,NNG
경주 여행,244,매일,MAG
경주 여행,244,10,SN
경주 여행,244,00,SN
경주 여행,244,19,SN
경주 여행,244,00,SN
경주 여행,244,주차장,NNG
경주 여행,244,완비,NNG
경주 여행,244,엑스,NNG
경주 여행,244,포대,NNG
경주 여행,244,공원,NNG
경주 여행,244,화랑,NNG
경주 여행,244,놀자,NNP
경주 여행,244,아이,NNG
경주 여행,244,아이,NNG
경주 여행,244,가족,NNG
경주 여행,245,캘리,NNP
경주 여행,245,포니,NNP
경주 여행,245,아비치,NNP
경주 여행,245,성동,NNG
경주 여행,245,시장,NNG
경주 여행,245,일찍,MAG
경주 여행,245,품절,NNG
경주 여행,245,보다,JKB
경주 여행,245,국내,NNG
경주 여행,245,시장,NNG
경주 여행,245,들러,VV+EC
경주 여행,245,인데,VCP+EC
경주 여행,245,주전부리,NNG
경주 여행,245,시장,NNG
경주 여행,245,재밌,VA
경주 여행,245,국내,NNG
경주 여행,245,캘리,NNP
경주 여행,245,포니,NNP
경주 여행,245,아비치,NNP
경주 여행,245,성동,NNG
경주 여행,245,시장,NNG
경주 여행,245,순대,NNG
경주 여행,246,맛집,NNG
경주 여행,246,정식,NNG
경주 여행,246,블루리본,NNG
경주 여행,246,맛집,NNG
경주 여행,246,석쇠,NNG
경주 여행,246,구이,NNG
경주 여행,246,후기,NNG
경주 여행,246,산해,NNG
경주 여행,246,머리,NNG
경주 여행,246,위치,NNG
경주 여행,246,들리,VV
경주 여행,246,에요,EF
경주 여행,246,외관,NNG
경주 여행,246,여긴,VV+ETM
경주 여행,246,블루리본,NNG
경주 여행,246,맛집,NNG
경주 여행,246,으로,JKB
경주 여행,246,이미,MAG
경주 여행,246,유명,XR
경주 여행,246,더라구요,EF
경주 여행,246,맛집,NNG
경주 여행,246,으로,JKB
경주 여행,246,유명,NNG
경주 여행,246,해서,XSV+EC
경주 여행,246,부터,JX
경주 여행,246,궁금,XR
경주 여행,246,어요,EF
경주 여행,246,한정식,NNG
경주 여행,247,백제,NNG
경주 여행,247,역사,NNG
경주 여행,247,부여,NNP
경주 여행,247,익산,NNP
경주 여행,247,공주,NNG
경주 여행,247,초중,NNG
경주 여행,247,한국사,NNP
경주 여행,247,마스터,NNG
경주 여행,247,방법,NNG
경주 여행,247,신라,NNG
경주 여행,247,향기,NNG
경주 여행,247,느낄,VV+ETM
경주 여행,247,이어서,VV+EC
경주 여행,247,백제,NNG
경주 여행,247,향기,NNG
경주 여행,247,느끼,VV
경주 여행,247,다녀왔,VV+EP
경주 여행,247,어요,EF
경주 여행,247,반면,NNG
경주 여행,247,서울,NNP
경주 여행,247,비하,VV
경주 여행,247,관광객,NNG
경주 여행,247,상대,NNG
경주 여행,247,으로,JKB
경주 여행,247,다는,ETM
경주 여행,247,는데요,EF
경주 여행,247,겨울,NNG
경주 여행,247,어서,EC
경주 여행,247,그랬,VV+EP
경주 여행,247,어요,EF
경주 여행,248,황리,NNG
경주 여행,248,맛집,NNG
경주 여행,248,한식,NNG
경주 여행,248,아침,NNG
경주 여행,248,식사,NNG
경주 여행,248,너무,MAG
경주 여행,248,만족,NNG
경주 여행,248,황남,NNG
경주 여행,248,양옥,NNG
경주 여행,248,위치,NNG
경주 여행,248,동선,NNG
경주 여행,248,더라고요,EC
경주 여행,248,특히,MAG
경주 여행,248,여기,NP
경주 여행,248,오전,NNG
경주 여행,248,부터,JX
경주 여행,248,어요,EF
경주 여행,248,황리,NNG
경주 여행,248,에서,JKB
경주 여행,248,공간,NNG
경주 여행,248,다는,ETM
경주 여행,248,분위기,NNG
경주 여행,248,충분히,MAG
경주 여행,248,느껴,VV+EC
경주 여행,248,면서,EC
경주 여행,248,식사,NNG
경주 여행,248,깔끔,XR
경주 여행,248,편안,NNG
경주 여행,248,느낌,NNG
경주 여행,248,에요,EF
경주 여행,249,보문,NNG
경주 여행,249,단지,MAG
경주 여행,249,맛집,NNG
경주 여행,249,40,SN
경주 여행,249,전통,NNG
경주 여행,249,원조,NNG
경주 여행,249,떡갈비,NNG
경주 여행,249,아침,NNG
경주 여행,249,식사,NNG
경주 여행,249,애견,NNG
경주 여행,249,동반,NNG
경주 여행,249,정식,NNG
경주 여행,249,보문,NNG
경주 여행,249,단지,MAG
경주 여행,249,맛집,NNG
경주 여행,249,아침,NNG
경주 여행,249,식사,NNG
경주 여행,249,애견,NNG
경주 여행,249,동반,NNG
경주 여행,249,식당,NNG
경주 여행,249,떡갈비,NNG
경주 여행,249,떡갈비,NNG
경주 여행,249,정식,NNG
경주 여행,249,원조,NNG
경주 여행,249,떡갈비,NNG
경주 여행,249,불국사,NNP
경주 여행,249,정식,NNG
경주 여행,249,맛집,NNG
경주 여행,249,맛집,NNG
경주 여행,249,가족,NNG
경주 여행,249,외식,NNG
경주 여행,249,가족,NNG
경주 여행,250,힐튼,NNP
경주 여행,250,호텔,NNG
경주 여행,250,최대,NNG
경주 여행,250,70,SN
경주 여행,250,할인,NNG
경주 여행,250,보문,NNG
경주 여행,250,호수,NNG
경주 여행,250,성급,NNG
경주 여행,250,13,SN
경주 여행,250,가을,NNG
경주 여행,250,이나,JC
경주 여행,250,아이,NNG
경주 여행,250,함께,MAG
경주 여행,250,가족,NNG
경주 여행,250,계획,NNG
경주 여행,250,다면,EC
경주 여행,250,날짜,NNG
경주 여행,250,가격,NNG
경주 여행,250,부터,JX
경주 여행,250,확인,NNG
경주 여행,250,해요,XSA+EF
경주 여행,250,힐튼,NNP
경주 여행,250,최대,NNG
경주 여행,250,70,SN
경주 여행,250,할인,NNG
경주 여행,250,오픈,NNG
경주 여행,250,객실,NNG
경주 여행,250,특가,NNG
경주 여행,250,13,SN
경주 여행,250,특가,NNG
경주 여행,250,에서,JKB
경주 여행,250,가장,MAG
경주 여행,250,먼저,MAG
경주 여행,251,빌리지,NNG
경주 여행,251,방문,NNG
경주 여행,251,어요,EF
경주 여행,251,이번,NNG
경주 여행,251,보다,JKB
경주 여행,251,다음,NNG
경주 여행,251,된다면,VV+EC
경주 여행,251,방문,NNG
경주 여행,251,아요,EF
경주 여행,251,빌리지,NNG
경주 여행,251,빌리,VV
경주 여행,251,숙소,NNG
경주 여행,251,펜션,NNG
경주 여행,251,가족,NNG
경주 여행,251,숙소,NNG
경주 여행,251,아이,NNG
경주 여행,251,가족,NNG
경주 여행,251,펜션,NNG
경주 여행,251,추천,NNP
경주 여행,251,숙소,NNG
경주 여행,251,추천,NNP
경주 여행,251,숙소,NNG
경주 여행,252,260320,SN
경주 여행,252,고양이,NNG
경주 여행,252,사랑,NNG
경주 여행,252,가마솥,NNG
경주 여행,252,족발,NNG
경주 여행,252,족보,NNG
경주 여행,252,세트,NNG
경주 여행,252,후기,NNG
경주 여행,252,갔으니,VV+EP+EC
경주 여행,252,맛있,VA
경주 여행,252,어야,EC
경주 여행,252,합니다,VX+EF
경주 여행,252,제대로,MAG
경주 여행,252,첫날,NNG
경주 여행,252,무엇,NP
경주 여행,252,을까,EC
경주 여행,252,아주,MAG
경주 여행,252,이야기,NNG
경주 여행,252,나왔,VV+EP
경주 여행,252,는데요,EF
경주 여행,252,부터,JX
경주 여행,252,이른,VA+ETM
경주 여행,252,저녁,NNG
경주 여행,252,까지,JX
경주 여행,252,가마솥,NNG
경주 여행,252,족발,NNG
경주 여행,252,습니다,EF
경주 여행,252,현지,NNG
경주 여행,252,맛집,NNG
경주 여행,252,으로,JKB
경주 여행,253,한식,NNG
경주 여행,253,맛집,NNG
경주 여행,253,는다면,EC
경주 여행,253,한옥,NNG
경주 여행,253,연못,NNG
경주 여행,253,예쁜,VA+ETM
경주 여행,253,소소,NNG
경주 여행,253,함박,NNG
경주 여행,253,이번,NNG
경주 여행,253,에서,JKB
경주 여행,253,예쁜,VA+ETM
경주 여행,253,카페,NNG
경주 여행,253,디저트,NNG
경주 여행,253,많이,MAG
경주 여행,253,찾아다녔,VV+EP
경주 여행,253,지만,EC
경주 여행,253,역시,MAJ
경주 여행,253,든든,XR
경주 여행,253,제일,MAG
경주 여행,253,중요,NNG
경주 여행,253,잖아요,EC
경주 여행,253,특히,MAG
경주 여행,253,여기,NP
경주 여행,253,에서,JKB
경주 여행,253,분위기,NNG
경주 여행,253,까지,JX
경주 여행,253,챙길,VV+ETM
경주 여행,253,한식,NNG
경주 여행,253,맛집,NNG
경주 여행,253,라면,EC
경주 여행,254,2026,SN
경주 여행,254,대릉원,NNG
경주 여행,254,미디어,NNG
경주 여행,254,아트,NNG
경주 여행,254,일정,NNG
경주 여행,254,시간,NNG
경주 여행,254,체험,NNG
경주 여행,254,개막,NNG
경주 여행,254,현장,NNG
경주 여행,254,미리,MAG
경주 여행,254,에서,JKB
경주 여행,254,대릉원,NNG
경주 여행,254,어요,EF
경주 여행,254,마침,MAG
경주 여행,254,2026,SN
경주 여행,254,국가,NNG
경주 여행,254,유산,NNG
경주 여행,254,미디어,NNG
경주 여행,254,아트,NNG
경주 여행,254,대릉원,NNG
경주 여행,254,개막,NNG
경주 여행,254,저희,NP
경주 여행,254,마지막,NNG
경주 여행,254,는데요,EF
경주 여행,254,행사,NNG
경주 여행,254,저녁,NNG
경주 여행,254,30,SN
경주 여행,254,부터,JX
경주 여행,254,시작,NNG
경주 여행,254,마지막,NNG
경주 여행,254,저녁,NNG
경주 여행,254,까지,JX
경주 여행,254,머물,VV
경주 여행,255,260319,SN
경주 여행,255,고양이,NNG
경주 여행,255,사랑,NNG
경주 여행,255,내산,NNP
경주 여행,255,복길,NNG
경주 여행,255,솔직,XR
경주 여행,255,후기,NNG
경주 여행,255,드디어,MAG
경주 여행,255,퇴근,NNG
경주 여행,255,대구,NNP
경주 여행,255,에서,JKB
경주 여행,255,넘어온,VV+ETM
경주 여행,255,뀰님과,UNKNOWN
경주 여행,255,에서,JKB
경주 여행,255,합류,NNG
경주 여행,255,습니다,EF
경주 여행,255,포근,XR
경주 여행,255,다면,EC
경주 여행,255,복길,NNG
경주 여행,255,정말,MAG
경주 여행,255,추천,NNG
경주 여행,255,드려요,VV+EC
경주 여행,255,다음,NNG
경주 여행,255,신라,NNP
경주 여행,255,한복,NNG
경주 여행,255,으로,JKB
경주 여행,255,돌아다니,VV
경주 여행,255,이야기,NNG
경주 여행,255,이어집니다,VV+EC
경주 여행,256,국내,NNG
경주 여행,256,여름,NNG
경주 여행,256,휴가지,NNP
경주 여행,256,추천,NNP
경주 여행,256,BEST,SL
경주 여행,256,여름,NNG
경주 여행,256,국내,NNG
경주 여행,256,여행지,NNG
경주 여행,256,고민,NNG
경주 여행,256,다면,EC
경주 여행,256,역사,NNG
경주 여행,256,경주로,NNG
경주 여행,256,떠나,VV+EC
경주 여행,256,세요,EP+EF
경주 여행,256,영화,NNG
경주 여행,256,코스,NNG
경주 여행,256,불국사,NNP
경주 여행,256,불국사,NNP
경주 여행,256,첨성대,NNG
경주 여행,256,첨성대,NNG
경주 여행,256,황리,NNG
경주 여행,257,아이,NNG
경주 여행,257,주렁주렁,MAG
경주 여행,257,동물원,NNG
경주 여행,257,먹이,NNG
경주 여행,257,주기,NNG
경주 여행,257,주렁주렁,MAG
경주 여행,257,동물원,NNG
경주 여행,257,경북,NNP
경주 여행,257,경주시,NNP
경주 여행,257,엑스포,NNG
경주 여행,257,80,SN
경주 여행,257,주렁주렁,MAG
경주 여행,257,보문,NNG
경주 여행,257,단지,MAG
경주 여행,257,월드,NNG
경주 여행,257,근처,NNG
경주 여행,257,위치,NNG
경주 여행,257,어요,EF
경주 여행,257,방문,NNG
경주 여행,257,위치,NNG
경주 여행,257,근처,NNG
경주 여행,257,식당,NNG
경주 여행,257,카페,NNG
경주 여행,257,이동,NNG
경주 여행,257,편한,VA+ETM
경주 여행,257,위치,NNG
경주 여행,257,어요,EF
경주 여행,257,https,SL
경주 여행,257,link,SL
경주 여행,258,코스,NNG
경주 여행,258,고민,NNG
경주 여행,258,들르,VV
경주 여행,258,근교,NNG
경주 여행,258,코스,NNG
경주 여행,258,고민,NNG
경주 여행,258,들르,VV
경주 여행,258,근교,NNG
경주 여행,258,루지,NNG
경주 여행,258,월드,NNG
경주 여행,258,계획,NNG
경주 여행,258,마다,JX
경주 여행,258,고민,NNG
경주 여행,258,동선,NNG
경주 여행,258,에요,EF
경주 여행,258,황리,NNG
경주 여행,258,이나,JC
경주 여행,258,시내,NNG
경주 여행,258,돌기,NNG
경주 여행,258,조금,MAG
경주 여행,258,아쉽,VA
경주 여행,258,그렇,VA
경주 여행,258,다고,EC
경주 여행,258,멀리,MAG
경주 여행,258,이동만,NNP
경주 여행,259,월드,NNG
경주 여행,259,할인,NNG
경주 여행,259,43,SN
경주 여행,259,21,SN
경주 여행,259,500,SN
경주 여행,259,자유이용,NNP
경주 여행,259,권경주,NNP
경주 여행,259,월드,NNG
경주 여행,259,드라,NNP
경주 여행,259,파에톤,NNG
경주 여행,259,놀이,NNG
경주 여행,259,세요,EP+EF
경주 여행,259,이랑,JC
경주 여행,259,어떻게,MAG
경주 여행,259,을까요,EC
경주 여행,259,월드,NNG
경주 여행,259,주소,NNG
경주 여행,259,경북,NNP
경주 여행,259,경주시,NNP
경주 여행,259,보문,NNG
경주 여행,259,544,SN
경주 여행,259,보문관광단지,NNP
경주 여행,259,에요,EF
경주 여행,259,그래서,MAJ
경주 여행,259,숙소,NNG
경주 여행,259,보문,NNG
경주 여행,259,단지,MAG
경주 여행,259,근처,NNG
경주 여행,259,으면,EC
경주 여행,259,동선,NNG
경주 여행,259,편해요,VA+EF
경주 여행,259,월드,NNG
경주 여행,259,에서,JKB
경주 여행,259,하루,NNG
경주 여행,259,보내,VV
경주 여행,259,저녁,NNG
경주 여행,259,보문호,NNP
경주 여행,260,소노,NNP
경주 여행,260,디럭스,NNP
경주 여행,260,스위트,NNP
경주 여행,260,레이크,NNP
경주 여행,260,스파,NNP
경주 여행,260,소노,NNP
경주 여행,260,디럭스,NNP
경주 여행,260,스위트,NNP
경주 여행,260,이번,NNG
경주 여행,260,에서,JKB
경주 여행,260,선택,NNG
경주 여행,260,객실,NNG
경주 여행,260,디럭스,NNP
경주 여행,260,스위트,NNP
경주 여행,260,친구,NNG
경주 여행,260,끼리,XSN
경주 여행,260,거나,EC
경주 여행,260,연인,NNG
경주 여행,260,끼리,XSN
경주 여행,260,넉넉,XR
경주 여행,260,머물,VV
경주 여행,260,또는,MAJ
경주 여행,260,아이,IC
경주 여행,260,함께,MAG
경주 여행,260,가족,NNG
경주 여행,261,한옥,NNP
경주 여행,261,카페,NNP
경주 여행,261,경보,NNP
경주 여행,261,라파,NNP
경주 여행,261,후기,NNG
경주 여행,261,특유,NNG
경주 여행,261,조용,XR
경주 여행,261,고즈넉,XR
경주 여행,261,분위기,NNG
경주 여행,261,마음껏,MAG
경주 여행,261,느끼,VV
경주 여행,261,으신,EP+ETM
경주 여행,261,적극,NNG
경주 여행,261,추천,NNG
경주 여행,261,에요,EF
경주 여행,261,바쁜,VA+ETM
경주 여행,261,일상,NNG
경주 여행,261,에서,JKB
경주 여행,261,벗어나,VV+EC
경주 여행,261,예쁜,VA+ETM
경주 여행,261,한옥,NNP
경주 여행,261,마운,NNP
경주 여행,261,바라보,VV
경주 여행,261,힐링,NNG
경주 여행,261,완벽,NNG
경주 여행,261,공간,NNG
경주 여행,261,답니다,EC
경주 여행,262,셀렉,NNP
경주 여행,262,마켓,NNP
경주 여행,262,338,SN
경주 여행,262,수영장,NNG
경주 여행,262,가이드,NNG
경주 여행,262,셀렉,NNP
경주 여행,262,호텔,NNG
경주 여행,262,보문,NNG
경주 여행,262,단지,MAG
경주 여행,262,호텔,NNG
경주 여행,262,수영장,NNG
경주 여행,262,호텔,NNG
경주 여행,262,셀렉,NNP
경주 여행,262,수영장,NNG
경주 여행,262,마켓,NNP
경주 여행,262,338,SN
경주 여행,262,성급,NNG
경주 여행,262,호텔,NNG
경주 여행,262,보문,NNG
경주 여행,262,관광단,NNG
경주 여행,262,지숙소,NNG
경주 여행,262,숙소,NNG
경주 여행,262,추천,NNP
경주 여행,262,가족,NNG
경주 여행,262,커플,NNG
경주 여행,263,야간,NNG
경주 여행,263,데이트,NNG
경주 여행,263,추천,NNG
경주 여행,263,황리,NNG
경주 여행,263,근처,NNG
경주 여행,263,한적,XR
경주 여행,263,향수,NNG
경주 여행,263,공방,NNG
경주 여행,263,에서,JKB
경주 여행,263,만드,VV
경주 여행,263,여러분,NP
경주 여행,263,어떤,MM
경주 여행,263,가장,MAG
경주 여행,263,기대,NNG
경주 여행,263,나요,EC
경주 여행,263,신나,VV
경주 여행,263,월드,NNG
경주 여행,263,부터,JX
경주 여행,263,황리,NNG
경주 여행,263,구경,NNG
경주 여행,263,숙소,NNG
경주 여행,263,들어가,VV
경주 여행,263,조금,MAG
경주 여행,263,특별,NNG
경주 여행,263,야간,NNG
경주 여행,263,데이트,NNG
경주 여행,263,멀리,MAG
경주 여행,263,까지,JX
경주 여행,263,는데,EC
경주 여행,263,숙소,NNG
경주 여행,263,에서,JKB
경주 여행,263,편안,NNG
경주 여행,263,물론,MAG
경주 여행,264,예뻤,VA+EP
경주 여행,264,한옥,NNP
경주 여행,264,스테이,NNP
경주 여행,264,한옥,NNG
경주 여행,264,펜션,NNG
경주 여행,264,에서,JKB
경주 여행,264,주변,NNG
경주 여행,264,둘러보,VV
경주 여행,264,숙소,NNG
경주 여행,264,돌아오,VV
경주 여행,264,동선,NNG
경주 여행,264,괜찮,VA
경주 여행,264,아서,EC
경주 여행,264,이번,NNG
경주 여행,264,에서,JKB
경주 여행,264,가장,MAG
경주 여행,264,기억,NNG
경주 여행,264,오히려,MAJ
경주 여행,264,이런,MM
경주 여행,264,느긋,XR
경주 여행,264,시간,NNG
경주 여행,264,는데요,EF
경주 여행,264,조용,XR
경주 여행,264,보내,VV
경주 여행,264,한옥,NNP
경주 여행,264,스테이,NNP
경주 여행,264,한옥,NNG
경주 여행,264,펜션,NNG
경주 여행,265,황리,NNG
경주 여행,265,디저트,NNG
경주 여행,265,모찌,NNG
경주 여행,265,타르,NNG
경주 여행,265,모찌,NNG
경주 여행,265,타르,NNG
경주 여행,265,후기,NNG
경주 여행,265,안쪽,NNG
경주 여행,265,달콤,XR
경주 여행,265,조각,NNG
경주 여행,265,타르,NNG
경주 여행,265,오늘,NNG
경주 여행,265,타르트,NNG
경주 여행,265,당신,NP
경주 여행,265,달콤,XR
경주 여행,265,만들,VV
경주 여행,265,바랍니다,VV+EF
경주 여행,265,라는,ETM
경주 여행,265,문구,NNG
경주 여행,265,적혀,VV+EC
경주 여행,265,어서,EC
경주 여행,265,디저트,NNG
경주 여행,265,라는,VCP+ETM
경주 여행,265,느낌,NNG
경주 여행,265,더라고요,EC
경주 여행,265,복숭아,NNG
경주 여행,265,거트,NNG
경주 여행,266,인데,VCP+EC
경주 여행,266,고등학교,NNG
경주 여행,266,수학여행,NNG
경주 여행,266,이후,NNG
경주 여행,266,처음,NNG
경주 여행,266,본다,VV+EC
경주 여행,266,비오,VV
경주 여행,266,불국사,NNG
경주 여행,266,15,SN
경주 여행,266,16,SN
경주 여행,266,예정,NNG
경주 여행,266,다녀왔,VV+EP
경주 여행,266,는데,EC
경주 여행,266,사유,NNG
경주 여행,266,친오빠,NNG
경주 여행,266,혼자,MAG
경주 여행,266,여름휴가,NNG
경주 여행,266,수학여행,NNG
경주 여행,266,처음,MAG
경주 여행,266,와서,VV+EC
경주 여행,266,아직,MAG
경주 여행,266,여긴,NP+JX
경주 여행,266,홀리,NNP
경주 여행,266,하고,JKB
경주 여행,266,신기,XR
경주 여행,266,멋있,VA
경주 여행,266,그렇,VA
경주 여행,266,구나,EC
경주 여행,266,석굴암,NNG
경주 여행,267,경북,NNP
경주 여행,267,추천,NNG
경주 여행,267,왕릉,NNG
경주 여행,267,소금,NNG
경주 여행,267,맛집,NNG
경주 여행,267,베이커리,NNP
경주 여행,267,카페,NNP
경주 여행,267,쥬니,NNP
경주 여행,267,입니다,VCP+EF
경주 여행,267,치즈,NNG
경주 여행,267,에서,JKB
경주 여행,267,치즈케이크,NNP
경주 여행,267,구매,NNG
경주 여행,267,다니,VV
경주 여행,267,좋아하,VV
경주 여행,267,지만,VCP+EC
경주 여행,267,에서,JKB
경주 여행,267,커피,NNG
경주 여행,267,마시,VV
경주 여행,267,이런,MM
경주 여행,267,다는,ETM
경주 여행,267,갈래,VV+EC
경주 여행,268,경북,NNP
경주 여행,268,불국사,NNP
경주 여행,268,맛집,NNG
경주 여행,268,고색창연,NNG
경주 여행,268,에서,JKB
경주 여행,268,든든,XR
경주 여행,268,돼지,NNG
경주 여행,268,떡갈비,NNG
경주 여행,268,정식,NNG
경주 여행,268,불국사,NNP
경주 여행,268,근처,NNG
경주 여행,268,에서,JKB
경주 여행,268,방문,NNG
경주 여행,268,떡갈비,NNG
경주 여행,268,고색창연,NNG
경주 여행,268,에요,EF
경주 여행,268,내내,MAG
경주 여행,268,한식,NNG
경주 여행,268,어서,EC
경주 여행,268,가게,NNG
경주 여행,268,도착,NNG
경주 여행,268,해서,XSV+EC
경주 여행,268,가장,MAG
경주 여행,268,먼저,MAG
경주 여행,268,마음,NNG
경주 여행,268,역시,MAJ
경주 여행,268,주차장,NNG
경주 여행,268,어요,EF
경주 여행,268,다니,VV
경주 여행,268,음식점,NNG
경주 여행,268,주차,NNG
경주 여행,268,은근,NNG
경주 여행,269,친구,NNG
경주 여행,269,뜨개,NNG
경주 여행,269,선물,NNG
경주 여행,269,약속,NNG
경주 여행,269,취소,NNG
경주 여행,269,지만,EC
경주 여행,269,서울,NNP
경주 여행,269,만나,VV+EC
경주 여행,269,시간,NNG
경주 여행,269,보내,VV
경주 여행,269,여름내,MAG
경주 여행,269,제작,NNG
경주 여행,269,친구,NNG
경주 여행,269,선물,NNG
경주 여행,269,더운,VA+ETM
경주 여행,269,와중,NNG
경주 여행,269,느라,EC
경주 여행,269,힘들,VA
경주 여행,269,지만,EC
경주 여행,269,친구,NNG
경주 여행,269,생각,NNG
경주 여행,269,기쁨,NNG
경주 여행,269,점점,MAG
경주 여행,269,각자,MAG
경주 여행,269,신의,NNG
경주 여행,270,맛집,NNG
경주 여행,270,교촌,NNG
경주 여행,270,퓨전,NNG
경주 여행,270,한식,NNG
경주 여행,270,맛집,NNG
경주 여행,270,교촌,NNG
경주 여행,270,퓨전,NNG
경주 여행,270,한식,NNG
경주 여행,270,마지막,NNG
경주 여행,270,들른,VV+ETM
경주 여행,270,교촌,NNG
경주 여행,270,마을,NNG
경주 여행,270,부자,NNG
경주 여행,270,우리나라,NNG
경주 여행,270,이런,MM
경주 여행,270,훌륭,XR
경주 여행,270,부자,NNG
경주 여행,270,어른,NNG
경주 여행,270,구나,EF
경주 여행,270,살짝,MAG
경주 여행,270,감동,NNG
경주 여행,270,으러,EC
경주 여행,270,습니다,EF
경주 여행,270,교촌,NNG
경주 여행,270,마을,NNG
경주 여행,270,위치,NNG
경주 여행,270,교촌,NNG
경주 여행,271,황리,NNG
경주 여행,271,맛집,NNG
경주 여행,271,카페,NNG
경주 여행,271,타르,NNG
경주 여행,271,과일,NNG
경주 여행,271,가득,MAG
경주 여행,271,들어간,VV+ETM
경주 여행,271,황리,NNG
경주 여행,271,카페,NNG
경주 여행,271,디저트,NNG
경주 여행,271,디저트,NNG
경주 여행,271,맛집,NNG
경주 여행,271,타르,NNG
경주 여행,271,타르,NNG
경주 여행,271,황리,NNG
경주 여행,271,타르,NNG
경주 여행,271,과일,NNG
경주 여행,271,모찌,NNG
경주 여행,271,황리,NNG
경주 여행,271,과일,NNG
경주 여행,271,모찌,NNG
경주 여행,271,과일,NNG
경주 여행,271,맛집,NNG
경주 여행,271,황리,NNG
경주 여행,271,먹거리,NNG
경주 여행,271,간식,NNG
경주 여행,271,코스,NNG
경주 여행,272,가성,NNG
경주 여행,272,숙소,NNG
경주 여행,272,추천,NNG
경주 여행,272,성호,NNG
경주 여행,272,리조트,NNG
경주 여행,272,할인,NNG
경주 여행,272,예약,NNG
경주 여행,272,준비,NNG
경주 여행,272,훨씬,MAG
경주 여행,272,수월,XR
경주 여행,272,더라고요,EC
경주 여행,272,성호,NNG
경주 여행,272,리조트,NNG
경주 여행,272,대해,VV+EC
경주 여행,272,자주,MAG
경주 여행,272,질문,NNG
경주 여행,272,사우나,NNP
경주 여행,272,무료,NNG
경주 여행,272,혜택,NNG
경주 여행,272,어떻게,MAG
경주 여행,272,사용,NNG
경주 여행,272,나요,EC
경주 여행,272,예약,NNG
경주 여행,272,상품,NNG
경주 여행,272,사우나,NNP
경주 여행,272,무료,NNG
경주 여행,272,포함,NNG
경주 여행,272,어서,EC
경주 여행,272,체크,NNG
경주 여행,273,카페,NNG
경주 여행,273,연화,NNG
경주 여행,273,한옥,NNG
경주 여행,273,카페,NNG
경주 여행,273,연화,NNG
경주 여행,273,웨이팅,NNG
경주 여행,273,첫째,NR
경주 여행,273,연화,NNG
경주 여행,273,다녀왔,VV+EP
경주 여행,273,대구,NNP
경주 여행,273,연화,NNG
경주 여행,273,초창기,NNG
경주 여행,273,생기,VV
경주 여행,273,자마자,EC
경주 여행,273,다녀왔,VV+EP
경주 여행,273,는데,EC
경주 여행,273,이사,NNG
경주 여행,273,한지,XSA+EC
경주 여행,273,오래,MAG
경주 여행,273,는데,EC
경주 여행,273,이제,MAG
경주 여행,273,다녀와,VV+EC
경주 여행,273,사진,NNG
경주 여행,273,대구,NNP
경주 여행,273,연화,NNG
경주 여행,273,근데,MAJ
경주 여행,273,연화,NNG
경주 여행,273,퍼스널,NNG
경주 여행,274,족욕,NNG
경주 여행,274,카페,NNG
경주 여행,274,고분,NNG
경주 여행,274,힐링,NNG
경주 여행,274,이색,NNG
경주 여행,274,데이트,NNG
경주 여행,274,족욕,NNG
경주 여행,274,황리,NNG
경주 여행,274,대릉원,NNG
경주 여행,274,첨성대,NNG
경주 여행,274,으로,JKB
경주 여행,274,계획,NNG
경주 여행,274,다면,EC
경주 여행,274,중간,NNG
경주 여행,274,이나,JC
경주 여행,274,마지막,NNG
경주 여행,274,족욕,NNG
경주 여행,274,카페,NNG
경주 여행,274,세요,EP+EF
경주 여행,274,많이,MAG
경주 여행,274,에서,JKB
경주 여행,274,생각,NNG
경주 여행,274,보다,JKB
경주 여행,274,만족도,NNG
경주 여행,274,코스,NNG
경주 여행,274,아요,EF
경주 여행,274,데이트,NNG
경주 여행,274,다운,XSA+ETM
경주 여행,274,특별,NNG
경주 여행,275,국내,NNG
경주 여행,275,숙소,NNG
경주 여행,275,예약,NNG
경주 여행,275,신규,NNG
경주 여행,275,회원,NNG
경주 여행,275,할인,NNG
경주 여행,275,쿠폰,NNG
경주 여행,275,정리,NNG
경주 여행,275,그래서,MAJ
경주 여행,275,이번,NNG
경주 여행,275,직접,MAG
경주 여행,275,가입,NNG
경주 여행,275,쿠폰,NNG
경주 여행,275,숙소,NNG
경주 여행,275,예약,NNG
경주 여행,275,는데요,EF
경주 여행,275,이번,NNG
경주 여행,275,숙소,NNG
경주 여행,275,예약,NNG
경주 여행,275,면서,EC
경주 여행,275,국내,NNG
경주 여행,275,숙소,NNG
경주 여행,275,여기,NP
경주 여행,275,어때,VA+EC
경주 여행,275,신규,NNG
경주 여행,275,회원,NNG
경주 여행,275,혜택,NNG
경주 여행,275,대해,VV+EC
경주 여행,275,정리,NNG
경주 여행,275,어요,EF
경주 여행,275,여기,NP
경주 여행,275,어때,VA+EC
경주 여행,276,교동,NNP
경주 여행,276,순두부,NNG
경주 여행,276,황리,NNG
경주 여행,276,길점,NNG
경주 여행,276,현지,NNG
경주 여행,276,맛집,NNG
경주 여행,276,으로,JKB
경주 여행,276,소문난,VV+ETM
경주 여행,276,그곳,NP
경주 여행,276,교동,NNP
경주 여행,276,순두부,NNG
경주 여행,276,황리,NNG
경주 여행,276,길점,NNG
경주 여행,276,맛집,NNG
경주 여행,276,황리,NNG
경주 여행,276,맛집,NNG
경주 여행,276,순두부,NNG
경주 여행,276,정식,NNG
경주 여행,276,현지,NNG
경주 여행,276,맛집,NNG
경주 여행,276,데이트,NNG
경주 여행,276,먹방,NNG
경주 여행,276,밥집,NNG
경주 여행,276,불고기,NNG
경주 여행,276,경북,NNP
경주 여행,276,경주시,NNP
경주 여행,276,황남동,NNP
경주 여행,276,328,SN
경주 여행,277,필수,NNG
경주 여행,277,코스,NNG
경주 여행,277,에서,JKB
경주 여행,277,만난,VV+ETM
경주 여행,277,황리,NNG
경주 여행,277,수플레,NNG
경주 여행,277,맛집,NNG
경주 여행,277,황리,NNG
경주 여행,277,숨겨진,VV+EC+VX+ETM
경주 여행,277,보석,NNG
경주 여행,277,카페,NNP
경주 여행,277,더욱,MAG
경주 여행,277,달콤,XR
경주 여행,277,만들,VV
경주 여행,277,으로,JKB
경주 여행,277,강력,NNG
경주 여행,277,추천,NNG
경주 여행,277,합니다,XSV+EF
경주 여행,277,카페,NNG
경주 여행,277,황리,NNG
경주 여행,277,카페,NNG
경주 여행,277,수플레,NNG
경주 여행,277,수플레,NNG
경주 여행,277,맛집,NNG
경주 여행,277,황리,NNG
경주 여행,278,경보,NNP
경주 여행,278,라파,NNP
경주 여행,278,내리,VV
경주 여행,278,대형,NNG
경주 여행,278,한옥,NNG
경주 여행,278,카페,NNG
경주 여행,278,경보,NNP
경주 여행,278,라파,NNP
경주 여행,278,내리,VV
경주 여행,278,대형,NNG
경주 여행,278,한옥,NNG
경주 여행,278,카페,NNG
경주 여행,278,끝내,VV
경주 여행,278,대구,NNP
경주 여행,278,돌아오,VV
경주 여행,278,어느,MM
경주 여행,278,이대로,NNP
경주 여행,278,우래,NNP
경주 여행,278,사진,NNG
경주 여행,278,으로,JKB
경주 여행,278,마무리,NNG
경주 여행,278,대형,NNG
경주 여행,278,한옥,NNG
경주 여행,278,카페,NNG
경주 여행,278,으신다면,EP+EC
경주 여행,278,IC,SL
경주 여행,278,근처,NNG
경주 여행,278,전후,NNG
경주 여행,278,들르,VV
경주 여행,279,에서,JKB
경주 여행,279,발견,NNG
경주 여행,279,한우,NNG
경주 여행,279,맛집,NNG
경주 여행,279,청마,NNG
경주 여행,279,한우,NNG
경주 여행,279,에서,JKB
경주 여행,279,갈비,NNG
경주 여행,279,맛보,VV
경주 여행,279,으면,EC
경주 여행,279,찾아가,VV
경주 여행,279,살짝,MAG
경주 여행,279,힘든,VA+ETM
경주 여행,279,위치,NNG
경주 여행,279,지만,EC
경주 여행,279,자차,NNG
경주 여행,279,다면,EC
경주 여행,279,무조건,MAG
경주 여행,279,들러봐야,VV+EC+VX+EC
경주 여행,279,맛집,NNG
경주 여행,279,한우,NNG
경주 여행,279,맛집,NNG
경주 여행,279,청마,NNG
경주 여행,279,한우,NNG
경주 여행,279,청마,NNG
경주 여행,279,한우,NNG
경주 여행,279,코스,NNG
경주 여행,279,한우,NNG
경주 여행,279,갈비,NNG
경주 여행,280,남정,NNG
경주 여행,280,황리,NNG
경주 여행,280,돼지갈비,NNG
경주 여행,280,갈비,NNG
경주 여행,280,가성,NNG
경주 여행,280,저녁,NNG
경주 여행,280,식당,NNG
경주 여행,280,추천,NNP
경주 여행,280,경북,NNP
경주 여행,280,경주시,NNP
경주 여행,280,포석로,NNP
경주 여행,280,1050,SN
경주 여행,280,33,SN
경주 여행,280,매일,NNG
경주 여행,280,10,SN
경주 여행,280,30,SN
경주 여행,280,오후,NNG
경주 여행,280,10,SN
경주 여행,280,까지,JX
경주 여행,280,운영,NNG
경주 여행,280,멋드러진,VA+ETM
경주 여행,280,한옥,NNG
경주 여행,280,돼지갈비,NNG
경주 여행,280,갈비,NNG
경주 여행,280,남정,NNG
경주 여행,280,실은,MAG
경주 여행,280,와서,VV+EC
경주 여행,280,남편,NNG
경주 여행,280,어떻,VA
경주 여행,280,평범,XR
경주 여행,280,돼지갈비,NNG
경주 여행,280,지만,VCP+EC
경주 여행,280,와서,VV+EC
경주 여행,280,으면,EC
경주 여행,280,또한,MAJ
경주 여행,281,파일,NNG
경주 여행,281,첨부,NNG
경주 여행,281,파일,NNG
경주 여행,281,summer,SL
경주 여행,281,leaflet,SL
경주 여행,281,pdf,SL
경주 여행,282,신상,NNG
경주 여행,282,한옥,NNG
경주 여행,282,카페,NNG
경주 여행,282,추천,NNG
경주 여행,282,디스,NNP
경주 여행,282,에스프레소,NNP
경주 여행,282,황오,NNP
경주 여행,282,후기,NNG
경주 여행,282,다녀온,VV+ETM
경주 여행,282,에서,JKB
경주 여행,282,이미,MAG
경주 여행,282,유명,XR
경주 여행,282,다는,ETM
경주 여행,282,디스,NNP
경주 여행,282,에스프레소,NNP
경주 여행,282,바에,NNP
경주 여행,282,방문,NNG
경주 여행,282,어요,EF
경주 여행,282,지점,NNG
경주 여행,282,시내,NNG
경주 여행,282,여러,MM
경주 여행,282,더라고요,EC
경주 여행,282,에서,JKB
경주 여행,282,가장,MAG
경주 여행,282,최근,NNG
경주 여행,282,생긴,VV+ETM
경주 여행,282,황오,NNP
경주 여행,282,방문,NNG
경주 여행,282,습니다,EF
경주 여행,282,위치,NNG
경주 여행,283,경북,NNP
경주 여행,283,숭문대,NNG
경주 여행,283,백일홍,NNP
경주 여행,283,락지,NNG
경주 여행,283,드론,NNP
경주 여행,283,26,SN
경주 여행,283,숭문대,NNG
경주 여행,283,백일홍,NNP
경주 여행,283,락지,NNG
경주 여행,283,드론,NNP
경주 여행,283,숭문대,NNG
경주 여행,283,놋점,NNG
경주 여행,283,백일홍,NNP
경주 여행,283,락지,NNG
경주 여행,283,꽃구경,NNG
경주 여행,283,명소,NNG
경주 여행,283,가을,NNG
경주 여행,283,문턱,NNG
경주 여행,283,들어선,VV+ETM
경주 여행,283,신라,NNP
경주 여행,283,역사,NNG
경주 여행,283,고즈넉,XR
경주 여행,283,면서,EC
경주 여행,283,꽃구경,NNG
경주 여행,283,다면,EC
경주 여행,283,요즘,NNG
경주 여행,284,경주시,NNP
경주 여행,284,청년,NNG
경주 여행,284,센터,NNG
경주 여행,284,아리아,NNP
경주 여행,284,한적,XR
경주 여행,284,역사,NNG
경주 여행,284,공간,NNG
경주 여행,284,읍성,NNG
경주 여행,284,산책,NNG
경주 여행,284,코스,NNG
경주 여행,284,산책,NNG
경주 여행,284,코스,NNG
경주 여행,284,읍성,NNG
경주 여행,284,어떠세요,VA+EP+EC
경주 여행,284,읍성,NNG
경주 여행,284,경북,NNP
경주 여행,284,경주시,NNP
경주 여행,284,북부동,NNP
경주 여행,284,번지,NNBC
경주 여행,284,읍성,NNG
경주 여행,284,향일,NNG
경주 여행,284,향해,VV+EC
경주 여행,284,다가가,VV
경주 여행,284,아래,NNG
경주 여행,284,에서,JKB
경주 여행,284,바라보,VV
경주 여행,284,시선,NNG
경주 여행,284,에서,JKB
경주 여행,284,스러운,XSA+ETM
경주 여행,284,광경,NNG
경주 여행,285,코스,NNG
경주 여행,285,야경,NNG
경주 여행,285,시간대,NNG
경주 여행,285,주차,NNG
경주 여행,285,무료,NNG
경주 여행,285,코스,NNG
경주 여행,285,일정,NNG
경주 여행,285,그만큼,MAG
경주 여행,285,줄여,VV+EC
경주 여행,285,아야,EC
경주 여행,285,합니다,VX+EC
경주 여행,285,에서,JKB
경주 여행,285,시간,NNG
경주 여행,285,대로,JX
경주 여행,285,아이,NNG
경주 여행,285,코스,NNG
경주 여행,285,월드,NNG
경주 여행,285,보문,NNG
경주 여행,285,544,SN
경주 여행,285,입니다,VCP+EF
경주 여행,285,타임,NNG
경주 여행,285,라이더,NNG
경주 여행,285,좌우,NNG
경주 여행,285,흔들리,VV
경주 여행,285,회전,NNG
경주 여행,286,경북,NNP
경주 여행,286,코스,NNG
경주 여행,286,들르,VV
경주 여행,286,빵집,NNG
경주 여행,286,추천,NNG
경주 여행,286,마지막,NNG
경주 여행,286,시간,NNG
경주 여행,286,떠서,VV+EC
경주 여행,286,들른,VV+ETM
경주 여행,286,시작,NNG
경주 여행,286,는데,EC
경주 여행,286,아예,MAG
경주 여행,286,동선,NNG
경주 여행,286,다닙니다,VV+EF
경주 여행,286,코스,NNG
경주 여행,286,들를,VV+ETM
경주 여행,286,으시,EP
경주 여행,286,여기,NP
경주 여행,286,부터,JX
경주 여행,286,추천,NNG
경주 여행,286,해요,XSV+EC
경주 여행,286,대릉원,NNG
경주 여행,286,에서,JKB
경주 여행,286,걸어가,VV
경주 여행,286,경북,NNP
경주 여행,286,경주시,NNP
경주 여행,286,북정,NNG
경주 여행,286,09,SN
경주 여행,286,00,SN
경주 여행,287,셀렉,NNP
경주 여행,287,내산,NNP
경주 여행,287,후기,NNG
경주 여행,287,사실,MAG
경주 여행,287,너무,MAG
경주 여행,287,후기,NNG
경주 여행,287,포스팅,NNP
경주 여행,287,경상북도,NNP
경주 여행,287,경주시,NNP
경주 여행,287,보문,NNG
경주 여행,287,338,SN
경주 여행,287,셀렉,NNP
경주 여행,287,셀렉,NNP
경주 여행,287,보문,NNG
경주 여행,287,단지,NNG
경주 여행,287,위치,NNG
경주 여행,287,어요,EF
경주 여행,287,보문관광단지,NNP
경주 여행,287,에서,JKB
경주 여행,287,조금,MAG
경주 여행,287,많이,MAG
경주 여행,288,불국사,NNP
경주 여행,288,봐야,VX+EC
경주 여행,288,숙소,NNG
경주 여행,288,추천,NNG
경주 여행,288,행복,NNG
경주 여행,288,전복죽,NNG
경주 여행,288,깨끗,XR
경주 여행,288,카페테리아,NNG
경주 여행,288,시설,NNG
경주 여행,288,까지,JX
경주 여행,288,완벽,NNG
경주 여행,288,란타나,NNG
경주 여행,288,불국사,NNP
경주 여행,288,적극,NNG
경주 여행,288,추천,NNG
경주 여행,288,합니다,XSV+EF
경주 여행,288,커플,NNG
경주 여행,288,물론,MAG
경주 여행,288,가족,NNG
경주 여행,288,숙소,NNG
경주 여행,288,손색없,VA
경주 여행,288,에요,EF
경주 여행,288,불국사,NNP
경주 여행,288,불국사,NNP
경주 여행,288,숙소,NNG
경주 여행,288,가족,NNG
경주 여행,288,커플,NNG
경주 여행,289,경북,NNP
경주 여행,289,숭문대,NNG
경주 여행,289,백일홍,NNP
경주 여행,289,락지,NNG
경주 여행,289,드론,NNP
경주 여행,289,26,SN
경주 여행,289,숭문대,NNG
경주 여행,289,백일홍,NNP
경주 여행,289,락지,NNG
경주 여행,289,드론,NNP
경주 여행,289,숭문대,NNG
경주 여행,289,놋점,NNG
경주 여행,289,백일홍,NNP
경주 여행,289,락지,NNG
경주 여행,289,꽃구경,NNG
경주 여행,289,명소,NNG
경주 여행,289,가을,NNG
경주 여행,289,문턱,NNG
경주 여행,289,들어선,VV+ETM
경주 여행,289,신라,NNP
경주 여행,289,역사,NNG
경주 여행,289,고즈넉,XR
경주 여행,289,면서,EC
경주 여행,289,꽃구경,NNG
경주 여행,289,다면,EC
경주 여행,289,요즘,NNG
경주 여행,290,역사,NNG
경주 여행,290,동궁,NNG
경주 여행,290,월지,NNG
경주 여행,290,안압지,NNP
경주 여행,290,야경,NNG
경주 여행,290,명소,NNG
경주 여행,290,투어,NNG
경주 여행,290,갈만,NNG
경주 여행,290,역사,NNG
경주 여행,290,동궁,NNG
경주 여행,290,월지,NNG
경주 여행,290,안압지,NNP
경주 여행,290,야경,NNG
경주 여행,290,명소,NNG
경주 여행,290,투어,NNG
경주 여행,290,갈만,NNG
경주 여행,290,사진,NNG
경주 여행,290,영상,NNG
경주 여행,290,봉봉,NNG
경주 여행,290,보다,JKB
경주 여행,290,어여쁜,VA+ETM
경주 여행,290,도시,NNG
경주 여행,290,경주로,NNG
경주 여행,290,역사,NNG
경주 여행,290,계획,NNG
경주 여행,290,계신,VX+ETM
경주 여행,290,가요,NNG
경주 여행,290,단연코,MAG
경주 여행,290,야경,NNG
경주 여행,290,투어,NNG
경주 여행,290,라고,VCP+EC
경주 여행,291,창조,NNG
경주 여행,291,영감,NNG
경주 여행,291,관하,VV
경주 여행,291,20,SN
경주 여행,291,대책,NNG
경주 여행,291,추천,NNG
경주 여행,291,새로운,VA+ETM
경주 여행,291,경험,NNG
경주 여행,291,풍요,NNG
경주 여행,291,다녀온,VV+ETM
경주 여행,291,이날,NNG
경주 여행,291,마지막,NNG
경주 여행,291,코스,NNG
경주 여행,291,엑스포,NNG
경주 여행,291,공원,NNG
경주 여행,291,엑스포,NNG
경주 여행,291,공원,NNG
경주 여행,291,워낙,MAG
경주 여행,291,안내,NNG
경주 여행,291,요원,NNG
경주 여행,291,께서,JKS
경주 여행,291,추천,NNG
경주 여행,291,경로,NNG
경주 여행,291,알려,VV+EC
경주 여행,291,여러,MM
경주 여행,291,에서,JKB
경주 여행,291,방문,NNG
경주 여행,291,해야,XSV+EC
경주 여행,291,으로,JKB
경주 여행,292,가슴,NNG
경주 여행,292,벅찬,VA+ETM
경주 여행,292,추억,NNG
경주 여행,292,만드,VV
경주 여행,292,스쿠터,NNG
경주 여행,292,대여,NNG
경주 여행,292,만족도,NNG
경주 여행,292,이런,MM
경주 여행,292,주소,NNG
경주 여행,292,연락처,NNG
경주 여행,292,주소,NNG
경주 여행,292,경상북도,NNP
경주 여행,292,경주시,NNP
경주 여행,292,태종로,NNP
경주 여행,292,685,SN
경주 여행,292,연락처,NNG
경주 여행,292,010,SN
경주 여행,292,스쿠터,NNG
경주 여행,292,가격,NNG
경주 여행,292,중요,NNG
경주 여행,292,지만,EC
경주 여행,292,솔직히,MAG
경주 여행,292,진짜,MAG
경주 여행,292,만족,NNG
경주 여행,292,스러운,XSA+ETM
경주 여행,292,위해선,VV+EC+JX
경주 여행,292,마음,NNG
경주 여행,292,어떻게,MAG
경주 여행,292,움직이,VV
경주 여행,292,는지,EC
경주 여행,292,다고,EC
경주 여행,293,현지,NNG
경주 여행,293,추천,NNG
경주 여행,293,숨겨진,VV+EC+VX+ETM
경주 여행,293,스타,NNG
경주 여행,293,감성,NNG
경주 여행,293,카페,NNG
경주 여행,293,발견,NNG
경주 여행,293,오늘,MAG
경주 여행,293,소개,NNG
경주 여행,293,드릴,VX+ETM
경주 여행,293,저마다,NNG
경주 여행,293,개성,NNG
경주 여행,293,스토리,NNG
경주 여행,293,가지,VV
경주 여행,293,어서,EC
경주 여행,293,분명,MAG
경주 여행,293,여러분,NP
경주 여행,293,더욱,MAG
경주 여행,293,풍성,XR
경주 여행,293,만들,VV
경주 여행,293,예요,VCP+EF
경주 여행,293,1894,SN
경주 여행,293,사랑채,NNG
경주 여행,293,고택,NNG
경주 여행,293,에서,JKB
경주 여행,293,만나,VV
경주 여행,293,시간,NNG
경주 여행,293,황남동,NNP
경주 여행,293,조용,XR
경주 여행,294,황리,NNG
경주 여행,294,올드,NNP
경주 여행,294,패션,NNP
경주 여행,294,델리,NNP
경주 여행,294,화덕,NNG
경주 여행,294,피자,NNG
경주 여행,294,인생,NNG
경주 여행,294,피자,NNG
경주 여행,294,맛집,NNG
경주 여행,294,추천,NNG
경주 여행,294,화덕,NNG
경주 여행,294,피자,NNG
경주 여행,294,맛있,VA
경주 여행,294,황리,NNG
경주 여행,294,맛집,NNG
경주 여행,294,올드,NNP
경주 여행,294,패션,NNP
경주 여행,294,델리,NNP
경주 여행,294,즐거웠,VA+EP
경주 여행,294,국립,NNG
경주 여행,294,박물관,NNG
경주 여행,294,다가,EC
경주 여행,294,점심,NNG
경주 여행,294,으러,EC
경주 여행,294,황리,NNG
경주 여행,294,어요,EF
경주 여행,294,점심,NNG
경주 여행,294,사진,NNG
경주 여행,294,다가,EC
경주 여행,294,숙소,NNG
경주 여행,294,피자,NNG
경주 여행,294,포장,NNG
경주 여행,295,황리,NNG
경주 여행,295,생선,NNG
경주 여행,295,구이,NNG
경주 여행,295,맛집,NNG
경주 여행,295,한다,VV+EC
경주 여행,295,화덕,NNG
경주 여행,295,생선,NNG
경주 여행,295,구이,NNG
경주 여행,295,황리,NNG
경주 여행,295,정식,NNG
경주 여행,295,정식,NNG
경주 여행,295,맛집,NNG
경주 여행,295,황리,NNG
경주 여행,295,한식,NNG
경주 여행,295,황리,NNG
경주 여행,295,밥집,NNG
경주 여행,295,한식,NNG
경주 여행,295,맛집,NNG
경주 여행,295,밥집,NNG
경주 여행,295,맛집,NNG
경주 여행,295,가족,NNG
경주 여행,295,식사,NNG
경주 여행,295,부모,NNG
경주 여행,295,맛집,NNG
경주 여행,295,대릉원,NNG
경주 여행,295,맛집,NNG
경주 여행,295,첨성대,NNG
경주 여행,295,맛집,NNG
경주 여행,295,황리,NNG
경주 여행,296,황리,NNG
경주 여행,296,거리,NNG
경주 여행,296,구경,NNG
경주 여행,296,부터,JX
경주 여행,296,소품,NNG
경주 여행,296,황리,NNG
경주 여행,296,바실라,NNP
경주 여행,296,에서,JKB
경주 여행,296,예쁜,VA+ETM
경주 여행,296,풍경,NNG
경주 여행,296,팥빙수,NNP
경주 여행,296,야무지,VA
경주 여행,296,으니,EC
경주 여행,296,이제,MAG
경주 여행,296,다음,NNG
경주 여행,296,함께,MAG
경주 여행,296,어른,NNG
경주 여행,296,구경,NNG
경주 여행,296,아이,NNG
경주 여행,296,지루,XR
경주 여행,296,돌아다닐,VV+ETM
경주 여행,296,어서,EC
경주 여행,296,아요,EF
경주 여행,296,다만,MAJ
경주 여행,297,정육점,NNG
경주 여행,297,에서,JKB
경주 여행,297,한우,NNG
경주 여행,297,고르,VV
경주 여행,297,숨겨진,VV+EC+VX+ETM
경주 여행,297,비밀,NNG
경주 여행,297,그냥,MAG
경주 여행,297,지나쳤으면,VV+EP+EC
경주 여행,297,진짜,MAG
경주 여행,297,후회,NNG
경주 여행,297,어요,EF
경주 여행,297,자주,MAG
경주 여행,297,시작,NNG
경주 여행,297,거든요,EF
경주 여행,297,정육점,NNG
경주 여행,297,라고,EC
경주 여행,297,그냥,MAG
경주 여행,297,동네,NNG
경주 여행,297,마트,NNG
경주 여행,297,정육,NNG
경주 여행,297,코너,NNG
경주 여행,297,함정,NNG
경주 여행,297,어요,EF
경주 여행,297,여행지,NNG
경주 여행,297,에서,JKB
경주 여행,297,뭔가,NP+VCP+EC
경주 여행,297,특별,NNG
경주 여행,297,유명,XR
경주 여행,297,식당,NNG
경주 여행,298,유익,NNG
경주 여행,298,전시,NNG
경주 여행,298,공연,NNG
경주 여행,298,축제,NNG
경주 여행,298,정보,NNG
경주 여행,298,해양,NNG
경주 여행,298,역사관,NNG
경주 여행,298,2026,SN
경주 여행,298,정식,NNG
경주 여행,298,개관,NNG
경주 여행,298,주최,NNG
경주 여행,298,주관,NNG
경주 여행,298,문화,NNG
경주 여행,298,재단,NNG
경주 여행,298,054,SN
경주 여행,298,777,SN
경주 여행,298,6784,SN
경주 여행,298,우리,NP
경주 여행,298,가족,NNG
경주 여행,298,프라이빗,NNG
경주 여행,298,가족,NNG
경주 여행,298,원하,VV
경주 여행,298,다면,EC
경주 여행,298,네이버,NNP
경주 여행,298,스마트,NNP
경주 여행,298,스토어,NNG
경주 여행,298,스토리,NNG
경주 여행,298,검색,NNG
경주 여행,298,세요,EP+EF
경주 여행,299,황리,NNG
경주 여행,299,디저트,NNG
경주 여행,299,기념품,NNG
경주 여행,299,포장,NNG
경주 여행,299,얼굴,NNG
경주 여행,299,솔직,XR
경주 여행,299,후기,NNG
경주 여행,299,쥬얼,NNP
경주 여행,299,대비,NNG
경주 여행,299,쫄깃,XR
경주 여행,299,식감,NNG
경주 여행,299,난리난,VV+ETM
경주 여행,299,기념품,NNG
경주 여행,299,간식,NNG
경주 여행,299,얼굴,NNG
경주 여행,299,식감,NNG
경주 여행,299,어떤지,VA+EC
경주 여행,299,당도,NNG
경주 여행,299,어떤지,VA+EC
경주 여행,299,선물,NNG
경주 여행,299,이나,JC
경주 여행,299,기념품,NNG
경주 여행,299,간식,NNG
경주 여행,299,으로,JKB
경주 여행,299,괜찮,VA
경주 여행,299,은지,EC
경주 여행,299,주차,NNG
경주 여행,299,어떤지,VA+EC
경주 여행,299,알아볼,VV+ETM
경주 여행,299,디저트,NNG
경주 여행,299,포장,NNG
경주 여행,300,황리,NNG
경주 여행,300,가성,NNG
경주 여행,300,숙소,NNG
경주 여행,300,추천,NNG
경주 여행,300,한옥,NNP
경주 여행,300,스테이,NNP
경주 여행,300,라온,NNP
경주 여행,300,후기,NNG
경주 여행,300,숙소,NNG
경주 여행,300,숙소,NNG
경주 여행,300,추천,NNP
경주 여행,300,한옥,NNG
경주 여행,300,숙소,NNG
경주 여행,300,한옥,NNP
경주 여행,300,스테이,NNP
경주 여행,300,황리,NNG
경주 여행,300,숙소,NNG
경주 여행,300,황리,NNG
경주 여행,300,한옥,NNG
경주 여행,300,숙소,NNG
경주 여행,300,성비,NNG
경주 여행,300,숙소,NNG
경주 여행,300,가족,NNG
경주 여행,300,숙소,NNG
경주 여행,300,아이,NNG
경주 여행,300,숙소,NNG
경주 여행,300,숙소,NNG
경주 여행,300,황리,NNG
경주 여행,300,숙소,NNG
경주 여행,300,추천,NNP
경주 여행,300,한옥,NNP
경주 여행,301,소노,NNP
경주 여행,301,부대시설,NNG
경주 여행,301,정리,NNP
경주 여행,301,북카페,NNP
경주 여행,301,마트,NNP
경주 여행,301,스파,NNP
경주 여행,301,조식,NNG
경주 여행,301,플레,NNP
경주 여행,301,에서,JKB
경주 여행,301,숙소,NNG
경주 여행,301,소노,NNG
경주 여행,301,다면,EC
경주 여행,301,객실,NNG
경주 여행,301,아니,VCN
경주 여행,301,리조트,NNG
경주 여행,301,부대시설,NNG
경주 여행,301,사실,MAG
경주 여행,301,라면,EC
경주 여행,301,소노,NNP
경주 여행,301,에서,JKB
경주 여행,301,보내,VV+EC
경주 여행,301,전혀,MAG
경주 여행,301,아쉽,VA
경주 여행,301,습니다,EF
경주 여행,301,오히려,MAJ
경주 여행,302,만난,VV+ETM
경주 여행,302,불국사,NNP
경주 여행,302,이번,NNG
경주 여행,302,천천히,MAG
경주 여행,302,바퀴,NNBC
경주 여행,302,돌아봤,VV+EP
경주 여행,302,어요,EF
경주 여행,302,https,SL
경주 여행,302,www,SL
경주 여행,302,youtube,SL
경주 여행,302,com,SL
경주 여행,302,shorts,SL
경주 여행,302,nn,SL
경주 여행,302,vJbJpA,SL
경주 여행,302,00,SN
경주 여행,302,불국사,NNP
경주 여행,302,불국사,NNP
경주 여행,302,불국사,NNP
경주 여행,302,코스,NNG
경주 여행,302,반나절,NNG
경주 여행,302,코스,NNG
경주 여행,302,가을,NNG
경주 여행,302,데이트,NNG
경주 여행,302,아이,NNG
경주 여행,302,청운교,NNG
경주 여행,302,백운교,NNG
경주 여행,302,석가탑,NNG
경주 여행,303,셀렉,NNP
경주 여행,303,조식,NNG
경주 여행,303,부제,NNG
경주 여행,303,수영장,NNG
경주 여행,303,요금,NNG
경주 여행,303,정보,NNG
경주 여행,303,보문,NNG
경주 여행,303,단지,MAG
경주 여행,303,성급,NNG
경주 여행,303,숙소,NNG
경주 여행,303,셀렉,NNP
경주 여행,303,고민,NNG
경주 여행,303,계신,VX+ETM
경주 여행,303,으시,EP
경주 여행,303,보문,NNG
경주 여행,303,단지,MAG
경주 여행,303,가운데,NNG
경주 여행,303,자리,NNG
경주 여행,303,오션,NNP
경주 여행,303,플레이,NNG
경주 여행,303,루지,NNG
경주 여행,303,월드,NNG
경주 여행,303,스프링,NNG
경주 여행,303,까지,JX
경주 여행,303,전부,MAG
경주 여행,303,km,SL
경주 여행,303,내외,NNG
경주 여행,303,모여,VV+EC
경주 여행,303,어서,EC
경주 여행,303,보문,NNG
경주 여행,303,단지,MAG
경주 여행,303,위주,NNG
경주 여행,303,계획,NNG
경주 여행,304,보문,NNG
경주 여행,304,갈비,NNG
경주 여행,304,에서,JKB
경주 여행,304,인생,NNG
경주 여행,304,갈비,NNG
경주 여행,304,만나,VV
경주 여행,304,다녀온,VV+ETM
경주 여행,304,거의,MAG
경주 여행,304,네요,EF
경주 여행,304,다녀온,VV+ETM
경주 여행,304,하나,NR
경주 여행,304,포스팅,NNP
경주 여행,304,하려,NNG
경주 여행,304,는데,EC
경주 여행,304,보문,NNG
경주 여행,304,갈비,NNG
경주 여행,304,다시,MAG
경주 여행,304,네요,EF
경주 여행,304,지금,NNG
경주 여행,304,까지,JX
경주 여행,304,갈비,NNG
경주 여행,304,한테,JKB
경주 여행,304,미안,NNG
경주 여행,304,영업시간,NNG
경주 여행,304,매일,MAG
경주 여행,304,11,SN
경주 여행,304,30,SN
경주 여행,305,가성,NNG
경주 여행,305,깔끔,XR
경주 여행,305,한옥,NNG
경주 여행,305,숙소,NNG
경주 여행,305,칠불암,NNG
경주 여행,305,펜션,NNG
경주 여행,305,가성,NNG
경주 여행,305,깔끔,XR
경주 여행,305,한옥,NNG
경주 여행,305,숙소,NNG
경주 여행,305,칠불암,NNG
경주 여행,305,펜션,NNG
경주 여행,305,에서,JKB
경주 여행,305,후기,NNG
경주 여행,305,입니다,VCP+EF
경주 여행,305,칠불암,NNG
경주 여행,305,펜션,NNG
경주 여행,305,가격,NNG
경주 여행,305,저렴,XR
경주 여행,305,해서,XSA+EC
경주 여행,305,그런지,VA+EC
경주 여행,305,여행객,NNG
경주 여행,305,시내,NNG
경주 여행,305,거리,NNG
경주 여행,305,떨어져,VV+EC
경주 여행,305,합니다,VV+EF
경주 여행,305,그래도,MAJ
경주 여행,306,필수,NNG
경주 여행,306,코스,NNG
경주 여행,306,파이,NNG
경주 여행,306,맛있,VA
경주 여행,306,보문,NNG
경주 여행,306,단지,MAG
경주 여행,306,파이,NNG
경주 여행,306,매일,MAG
경주 여행,306,매장,NNG
경주 여행,306,에서,JKB
경주 여행,306,직접,MAG
경주 여행,306,구워,VV+EC
경주 여행,306,수제,NNG
경주 여행,306,페이스트리,NNP
경주 여행,306,파이,VV
경주 여행,306,기념,NNG
경주 여행,306,선물,NNG
경주 여행,306,이나,JC
경주 여행,306,답례,NNG
경주 여행,306,으로,JKB
경주 여행,306,인기,NNG
경주 여행,306,디저트,NNG
경주 여행,306,선물,NNG
경주 여행,306,월드,NNG
경주 여행,306,맛집,NNG
경주 여행,306,기념품,NNG
경주 여행,306,보문,NNG
경주 여행,306,단지,MAG
경주 여행,306,맛집,NNG
경주 여행,306,맛집,NNG
경주 여행,306,파이,NNG
경주 여행,306,기념품,NNG
경주 여행,307,한식,NNG
경주 여행,307,맛집,NNG
경주 여행,307,소소,NNG
경주 여행,307,함박,NNG
경주 여행,307,황리,NNG
경주 여행,307,길점,NNG
경주 여행,307,대릉원,NNG
경주 여행,307,천마총,NNG
경주 여행,307,코스,NNG
경주 여행,307,추천,NNG
경주 여행,307,대릉원,NNG
경주 여행,307,천마총,NNG
경주 여행,307,코스,NNG
경주 여행,307,추천,NNP
경주 여행,307,한식,NNG
경주 여행,307,맛집,NNG
경주 여행,307,소소,NNG
경주 여행,307,함박,NNG
경주 여행,307,황리,NNG
경주 여행,307,길점,NNG
경주 여행,307,푸드,NNG
경주 여행,307,언서,NNG
경주 여행,307,주부,NNG
경주 여행,307,둘째,NR
경주 여행,307,신랑,NNG
경주 여행,307,아들,NNG
경주 여행,307,함께,MAG
경주 여행,307,대릉원,NNG
경주 여행,307,천마총,NNG
경주 여행,307,천천히,MAG
경주 여행,307,둘러봤,VV+EP
경주 여행,307,는데요,EF
경주 여행,307,풍경,NNG
경주 여행,307,실컷,MAG
경주 여행,307,감상,NNG
경주 여행,307,어느새,MAG
경주 여행,308,코오롱,NNP
경주 여행,308,호텔,NNG
경주 여행,308,수영장,NNG
경주 여행,308,조식,NNG
경주 여행,308,온돌,NNG
경주 여행,308,할인,NNG
경주 여행,308,예약,NNG
경주 여행,308,코오롱,NNP
경주 여행,308,호텔,NNG
경주 여행,308,예약,NNG
경주 여행,308,바로,MAG
경주 여행,308,코오롱,NNP
경주 여행,308,호텔,NNG
경주 여행,308,호텔,NNG
경주 여행,308,숙소,NNG
경주 여행,308,코오롱,NNP
경주 여행,308,호텔,NNG
경주 여행,308,코오롱,NNP
경주 여행,308,온돌방,NNG
경주 여행,308,조식,NNG
경주 여행,308,불국사,NNP
경주 여행,308,근처,NNG
경주 여행,308,숙소,NNG
경주 여행,308,가족,NNG
경주 여행,308,숙소,NNG
경주 여행,308,호텔,NNG
경주 여행,308,추천,NNP
경주 여행,308,코오롱,NNP
경주 여행,308,호텔,NNG
경주 여행,308,조식,NNG
경주 여행,309,실내,NNG
경주 여행,309,데이트,NNG
경주 여행,309,코스,NNG
경주 여행,309,플래시백,NNG
경주 여행,309,계림,NNG
경주 여행,309,미디어,NNG
경주 여행,309,아트,NNG
경주 여행,309,전시장,NNG
경주 여행,309,오늘,NNG
경주 여행,309,에서,JKB
경주 여행,309,플래시백,NNG
경주 여행,309,계림,NNG
경주 여행,309,습니다,EF
경주 여행,309,아이,NNG
경주 여행,309,어른,NNG
경주 여행,309,데이트,NNG
경주 여행,309,어요,EF
경주 여행,309,주소,NNG
경주 여행,309,경상북도,NNP
경주 여행,309,경주시,NNP
경주 여행,309,북남,NNG
경주 여행,309,14,SN
경주 여행,309,플래시백,NNG
경주 여행,309,계림,NNG
경주 여행,309,전화,NNG
경주 여행,309,번호,NNG
경주 여행,309,054,SN
경주 여행,309,705,SN
경주 여행,309,3700,SN
경주 여행,310,가을,NNG
경주 여행,310,숙소,NNG
경주 여행,310,여기,NP
경주 여행,310,힐튼,NNP
경주 여행,310,호텔,NNG
경주 여행,310,조식,NNG
경주 여행,310,수영장,NNG
경주 여행,310,패키지,NNG
경주 여행,310,특가,NNG
경주 여행,310,우양,NNG
경주 여행,310,미술관,NNG
경주 여행,310,선선,NNG
경주 여행,310,바람,NNG
경주 여행,310,불어오,VV
경주 여행,310,가을,NNG
경주 여행,310,다가오,VV
경주 여행,310,먼저,MAG
경주 여행,310,떠오르,VV
경주 여행,310,여행지,NNG
경주 여행,310,바로,MAG
경주 여행,310,고즈넉,XR
경주 여행,310,인기,NNG
경주 여행,310,날짜,NNG
경주 여행,310,주말,NNG
경주 여행,310,수량,NNG
경주 여행,310,빠르,VA
경주 여행,310,마감,NNG
경주 여행,310,가을,NNG
경주 여행,310,염두,NNG
경주 여행,310,계시,VX
경주 여행,310,다면,EC
경주 여행,310,미리,MAG
경주 여행,310,혜택,NNG
경주 여행,311,맛집,NNG
경주 여행,311,이탈리아,NNP
경주 여행,311,기억,NNG
경주 여행,311,떠올리,VV
경주 여행,311,도미,NNG
경주 여행,311,DOMi,SL
경주 여행,311,Kitchen,SL
경주 여행,311,Pub,SL
경주 여행,311,무엇,NP
경주 여행,311,보다,JKB
경주 여행,311,올해,NNG
경주 여행,311,다녀온,VV+ETM
경주 여행,311,이탈리아,NNP
경주 여행,311,기억,NNG
경주 여행,311,다시,MAG
경주 여행,311,떠올리,VV
경주 여행,311,에게,JKB
경주 여행,311,조금,MAG
경주 여행,311,특별,NNG
경주 여행,311,해시,NNG
경주 여행,311,태그,NNG
경주 여행,311,맛집,NNG
경주 여행,311,이탈리아,NNP
경주 여행,311,음식,NNG
경주 여행,311,피자,NNG
경주 여행,311,피자,NNG
경주 여행,311,맛집,NNG
경주 여행,311,데이트,NNG
경주 여행,312,가족,NNG
경주 여행,312,추천,NNG
경주 여행,312,뽀로로,NNP
경주 여행,312,워터,NNG
경주 여행,312,파크,NNG
경주 여행,312,코코,NNG
경주 여행,312,까지,JX
경주 여행,312,켄싱,NNP
경주 여행,312,리조트,NNG
경주 여행,312,켄싱,NNP
경주 여행,312,리조트,NNG
경주 여행,312,특가,NNG
경주 여행,312,확인,NNG
경주 여행,312,가족,NNG
경주 여행,312,켄싱,NNP
경주 여행,312,리조트,NNG
경주 여행,312,켄싱,NNP
경주 여행,312,리조트,NNG
경주 여행,312,뽀로로,NNP
경주 여행,312,아쿠아,NNP
경주 여행,312,빌리지,NNG
경주 여행,312,코코,NNG
경주 여행,312,몽키즈,NNP
경주 여행,312,플레이,NNG
경주 여행,312,아이,NNG
경주 여행,313,아이,NNG
경주 여행,313,식당,NNG
경주 여행,313,한식,NNG
경주 여행,313,뷔페,NNG
경주 여행,313,후기,NNG
경주 여행,313,풀잎,NNG
경주 여행,313,보문,NNG
경주 여행,313,아이,NNG
경주 여행,313,어디,NP
경주 여행,313,식당,NNG
경주 여행,313,할까,VX+EC
경주 여행,313,엄마,NNG
경주 여행,313,고민,NNG
경주 여행,313,잖아요,EC
경주 여행,313,맛집,NNG
경주 여행,313,너무,MAG
경주 여행,313,은데,EC
경주 여행,313,메뉴,NNG
경주 여행,313,너무,MAG
경주 여행,313,다양,NNG
경주 여행,313,결정,NNG
경주 여행,313,장애,NNG
경주 여행,313,와요,VV+EC
경주 여행,313,메뉴,NNG
경주 여행,313,중요,NNG
경주 여행,313,지만,EC
경주 여행,313,아이,NNG
경주 여행,313,와서,VV+EC
경주 여행,313,맛집,NNG
경주 여행,313,찾아다니,VV
경주 여행,313,려면,EC
경주 여행,313,숙소,NNG
경주 여행,314,기념품,NNG
경주 여행,314,지인,NNG
경주 여행,314,선물,NNG
경주 여행,314,디저트,NNG
경주 여행,314,수제,NNG
경주 여행,314,가득,MAG
경주 여행,314,파이,NNG
경주 여행,314,호문,NNG
경주 여행,314,기념품,NNG
경주 여행,314,선물,NNG
경주 여행,314,추천,NNP
경주 여행,314,파이,NNG
경주 여행,314,수제,NNG
경주 여행,314,가득,MAG
경주 여행,314,어요,EF
경주 여행,314,파이,NNG
경주 여행,314,에서,JKB
경주 여행,314,지인,NNG
경주 여행,314,선물,NNG
경주 여행,314,기념,NNG
경주 여행,314,아이,NNG
경주 여행,314,간식,NNG
경주 여행,314,으로,JKB
경주 여행,314,추천,NNG
경주 여행,314,10,SN
경주 여행,314,으로,JKB
경주 여행,314,판매,NNG
경주 여행,314,주차장,NNG
경주 여행,314,어서,EC
경주 여행,315,불국사,NNP
경주 여행,315,다보탑,NNG
경주 여행,315,대웅전,NNG
경주 여행,315,주차장,NNG
경주 여행,315,혼자,MAG
경주 여행,315,불국사,NNP
경주 여행,315,다보탑,NNG
경주 여행,315,대웅전,NNG
경주 여행,315,주차장,NNG
경주 여행,315,혼자,MAG
경주 여행,315,맞이,XR
경주 여행,315,해서,XSA+EC
경주 여행,315,다녀왔,VV+EP
경주 여행,315,습니다,EF
경주 여행,315,혼자,MAG
경주 여행,315,는데요,EF
경주 여행,315,아침,NNG
경주 여행,315,불국사,NNP
경주 여행,315,풍경,NNG
경주 여행,315,궁금,XR
경주 여행,315,해서,XSA+EC
경주 여행,315,달려갔,VV+EP
경주 여행,315,네요,EC
경주 여행,316,단순,NNG
경주 여행,316,뻔해,VA+EC
경주 여행,316,황리,NNG
경주 여행,316,운세,NNG
경주 여행,316,특별,NNG
경주 여행,316,경험,NNG
경주 여행,316,달빛,NNG
경주 여행,316,단순,NNG
경주 여행,316,되돌아보,VV
경주 여행,316,특별,NNG
경주 여행,316,의미,NNG
경주 여행,316,으로,JKB
경주 여행,316,추천,NNG
경주 여행,316,드립니다,VV+EC
경주 여행,316,황리,NNG
경주 여행,316,길운,NNG
경주 여행,316,황리,NNG
경주 여행,316,타로,NNG
경주 여행,316,달빛,NNG
경주 여행,316,서재,NNG
경주 여행,316,사주,NNG
경주 여행,316,타로,NNG
경주 여행,316,바로,MAG
경주 여행,316,출발,NNG
경주 여행,316,합니다,XSV+EF
경주 여행,316,취업,NNG
경주 여행,316,이직,NNG
경주 여행,316,연애,NNG
경주 여행,316,생의,NNG
경주 여행,317,선물,NNG
경주 여행,317,맥주,NNG
경주 여행,317,석빙고,NNG
경주 여행,317,동궁,NNG
경주 여행,317,월지,NNG
경주 여행,317,IPA,SL
경주 여행,317,맥주,NNG
경주 여행,317,석빙고,NNG
경주 여행,317,동궁,NNG
경주 여행,317,월지,NNG
경주 여행,317,IPA,SL
경주 여행,317,선물,NNG
경주 여행,317,맥주,NNG
경주 여행,317,오늘,NNG
경주 여행,317,포스팅,NNP
경주 여행,317,지난번,NNG
경주 여행,317,07,SN
경주 여행,317,사이즈,NNG
경주 여행,317,330,SN
경주 여행,317,ml,SL
경주 여행,317,그냥,MAG
경주 여행,317,으로,JKB
경주 여행,317,마셔,VV+EC
경주 여행,317,지만,EC
경주 여행,317,저희,NP
경주 여행,317,따라,VV+EC
경주 여행,317,마셔,VV+EC
경주 여행,317,습니다,EF
경주 여행,317,여행지,NNG
경주 여행,317,에서,JKB
경주 여행,317,잔이,NNP
경주 여행,318,새로워진,VA+EC+VX+ETM
경주 여행,318,국립,NNG
경주 여행,318,박물관,NNG
경주 여행,318,지관,NNG
경주 여행,318,개관,NNG
경주 여행,318,방문,NNG
경주 여행,318,후기,NNG
경주 여행,318,지관,NNG
경주 여행,318,국립,NNG
경주 여행,318,박물관,NNG
경주 여행,318,위치,NNG
경주 여행,318,지관,NNG
경주 여행,318,동궁,NNG
경주 여행,318,월지,NNG
경주 여행,318,에서,JKB
경주 여행,318,나온,VV+ETM
경주 여행,318,유물,NNG
경주 여행,318,통해,VV+EC
경주 여행,318,통일,NNG
경주 여행,318,신라,NNG
경주 여행,318,왕실,NNG
경주 여행,318,경북,NNP
경주 여행,318,경주시,NNP
경주 여행,318,일정,NNG
경주 여행,318,186,SN
경주 여행,318,국립,NNG
경주 여행,318,박물관,NNG
경주 여행,318,운영,NNG
경주 여행,318,시간,NNG
경주 여행,318,10,SN
경주 여행,318,00,SN
경주 여행,318,18,SN
경주 여행,318,00,SN
경주 여행,318,부터,JX
경주 여행,318,10,SN
경주 여행,318,까지,JX
경주 여행,318,매주,MAG
경주 여행,318,토요일,NNG
경주 여행,318,20,SN
경주 여행,319,소고기,NNG
경주 여행,319,오가,NNG
경주 여행,319,한우,NNG
경주 여행,319,용강동,NNP
경주 여행,319,한우,NNG
경주 여행,319,제대로,MAG
경주 여행,319,즐긴,VV+ETM
경주 여행,319,든든,XR
경주 여행,319,식사,NNG
경주 여행,319,가족,NNG
경주 여행,319,외식,NNG
경주 여행,319,단체,NNG
경주 여행,319,모임,NNG
경주 여행,319,계획,NNG
경주 여행,319,소고기,NNG
경주 여행,319,오가,NNG
경주 여행,319,한우,NNG
경주 여행,319,기억,NNG
경주 여행,319,아요,EF
경주 여행,319,오가,NNG
경주 여행,319,한우,NNG
경주 여행,319,주소,NNG
경주 여행,319,경상북도,NNP
경주 여행,319,경주시,NNP
경주 여행,319,다불,NNP
경주 여행,319,204,SN
경주 여행,319,전화,NNG
경주 여행,319,054,SN
경주 여행,319,771,SN
경주 여행,319,9077,SN
경주 여행,320,아이,NNG
경주 여행,320,뽀로로,NNP
경주 여행,320,아쿠아,NNP
경주 여행,320,빌리지,NNG
경주 여행,320,아이,NNG
경주 여행,320,안녕,NNG
경주 여행,320,세요,EP+EF
경주 여행,320,에요,JX
경주 여행,320,여름,NNG
경주 여행,320,가을,NNG
경주 여행,320,마지막,NNG
경주 여행,320,물놀,NNG
경주 여행,320,장소,NNG
경주 여행,320,뽀로로,NNP
경주 여행,320,아쿠아,NNP
경주 여행,320,빌리지,NNG
경주 여행,320,나와,VV+EC
경주 여행,320,관광지,NNG
경주 여행,320,구경,NNG
경주 여행,320,많이,MAG
경주 여행,320,너무,MAG
경주 여행,320,아쉬웠,VA+EP
경주 여행,320,어요,EF
경주 여행,320,준비물,NNG
경주 여행,320,이렇게,MAG
경주 여행,320,챙겨,VV+EC
경주 여행,320,세요,EP+EF
경주 여행,320,수영복,NNG
경주 여행,320,수영모,NNG
경주 여행,321,원조,NNG
경주 여행,321,콩국,NNG
경주 여행,321,40,SN
경주 여행,321,기다려,VV+EC
경주 여행,321,만큼,NNB
경주 여행,321,맛있,VA
경주 여행,321,을까,EC
경주 여행,321,이번,NNG
경주 여행,321,사실,MAG
경주 여행,321,맛집,NNG
경주 여행,321,떠난,VV+ETM
경주 여행,321,아니,VCN
경주 여행,321,어요,EF
경주 여행,321,부산,NNP
경주 여행,321,으로,JKB
경주 여행,321,내려가,VV
경주 여행,321,잠깐,MAG
경주 여행,321,들른,VV+ETM
경주 여행,321,이유,NNG
경주 여행,321,국립,NNG
경주 여행,321,박물관,NNG
경주 여행,321,에서,JKB
경주 여행,321,열리,VV
경주 여행,321,황룡사,NNG
경주 여행,321,특별,NNG
경주 여행,321,위해서,VV+EC
경주 여행,321,어요,EF
경주 여행,321,이번,NNG
경주 여행,322,아이,NNG
경주 여행,322,데이트,NNG
경주 여행,322,도자기,NNG
경주 여행,322,체험,NNG
경주 여행,322,후기,NNG
경주 여행,322,세인,NNG
경주 여행,322,연구,NNG
경주 여행,322,아요,EF
경주 여행,322,제일,MAG
경주 여행,322,기억,NNG
경주 여행,322,추억,NNG
경주 여행,322,아요,EF
경주 여행,322,하동,NNG
경주 여행,322,민속,NNG
경주 여행,322,예촌,NNP
경주 여행,322,데이트,NNG
경주 여행,322,아이,NNG
경주 여행,322,세인,NNG
경주 여행,322,연구소,NNG
경주 여행,322,아이,VCN
경주 여행,322,랑가,EC
경주 여행,322,실내,NNG
경주 여행,322,데이트,NNG
경주 여행,322,물레,NNG
경주 여행,322,체험,NNG
경주 여행,323,숙소,NNG
경주 여행,323,추천,NNG
경주 여행,323,호텔,NNG
경주 여행,323,미온,NNG
경주 여행,323,황리,NNG
경주 여행,323,접근성,NNG
경주 여행,323,신상,NNG
경주 여행,323,하이,NNG
경주 여행,323,이번,NNG
경주 여행,323,진짜,MAG
경주 여행,323,진짜,MAG
경주 여행,323,드디어,MAG
경주 여행,323,습니다,EF
경주 여행,323,무니,NNG
경주 여행,323,함께,MAG
경주 여행,323,엄마,NNG
경주 여행,323,퇴직,NNG
경주 여행,323,가족,NNG
경주 여행,323,는데,EC
경주 여행,323,생각,NNG
경주 여행,323,보다,JKB
경주 여행,323,엄마,NNG
경주 여행,323,기억,NNG
경주 여행,323,예요,VCP+EF
경주 여행,323,정도,NNG
경주 여행,324,아이,NNG
경주 여행,324,비오,NNG
경주 여행,324,갈만,NNG
경주 여행,324,국립,NNG
경주 여행,324,박물관,NNG
경주 여행,324,입장료,NNG
경주 여행,324,주차,NNG
경주 여행,324,둘째,NR
경주 여행,324,새벽,NNG
경주 여행,324,부터,JX
경주 여행,324,많이,MAG
경주 여행,324,내렸,VV+EP
경주 여행,324,어요,EF
경주 여행,324,원래,MAG
경주 여행,324,불국사,NNP
경주 여행,324,석굴암,NNG
경주 여행,324,려고,EC
경주 여행,324,는데,EC
경주 여행,324,실내,NNG
경주 여행,324,국립,NNG
경주 여행,324,박물관,NNG
경주 여행,324,으로,JKB
경주 여행,324,향했,VV+EP
경주 여행,324,습니다,EF
경주 여행,324,국립,NNG
경주 여행,324,박물관,NNG
경주 여행,324,신라,NNP
경주 여행,324,문화유산,NNG
경주 여행,324,살펴볼,VV+ETM
경주 여행,324,한국,NNP
경주 여행,324,대표,NNG
경주 여행,325,황리,NNG
경주 여행,325,데이트,NNG
경주 여행,325,티라미수,NNP
경주 여행,325,디저트,NNG
경주 여행,325,맛집,NNG
경주 여행,325,어마,NNG
경주 여행,325,무시,NNG
경주 여행,325,황리,NNG
경주 여행,325,길점,NNG
경주 여행,325,어마,NNG
경주 여행,325,무시,NNG
경주 여행,325,황리,NNG
경주 여행,325,길점,NNG
경주 여행,325,전화,NNG
경주 여행,325,번호,NNG
경주 여행,325,0507,SN
경주 여행,325,1345,SN
경주 여행,325,6930,SN
경주 여행,325,영업시간,NNG
경주 여행,325,10,SN
경주 여행,325,00,SN
경주 여행,325,18,SN
경주 여행,325,00,SN
경주 여행,325,매주,NNG
경주 여행,325,정기,NNG
경주 여행,325,휴무,NNG
경주 여행,325,주소,NNG
경주 여행,325,경북,NNP
경주 여행,325,경주시,NNP
경주 여행,325,첨성,NNG
경주 여행,325,99,SN
경주 여행,325,25,SN
경주 여행,325,친구,NNG
경주 여행,325,카페,NNG
경주 여행,325,는데,EC
경주 여행,325,세상,NNG
경주 여행,325,웨이팅,NNG
경주 여행,326,한정식,NNG
경주 여행,326,맛집,NNG
경주 여행,326,느티나무,NNG
경주 여행,326,휴무,NNG
경주 여행,326,주차,NNG
경주 여행,326,매장,NNG
경주 여행,326,주변,NNG
경주 여행,326,주차,NNG
경주 여행,326,가능,NNG
경주 여행,326,에서,JKB
경주 여행,326,정갈,XR
경주 여행,326,편한,VA+ETM
경주 여행,326,한정식,NNG
경주 여행,326,으신다면,EP+EC
경주 여행,326,한번,MAG
경주 여행,326,방문,NNG
경주 여행,326,세요,EP+EF
경주 여행,326,저희,NP
경주 여행,326,부부,NNG
경주 여행,326,면서,EC
경주 여행,326,차분히,MAG
경주 여행,326,음식,NNG
경주 여행,326,즐기,VV
경주 여행,326,정리,NNG
경주 여행,326,기분,NNG
경주 여행,326,답니다,EC
경주 여행,327,19,SN
경주 여행,327,개월,NNBC
경주 여행,327,아기,NNG
경주 여행,327,Day,SL
경주 여행,327,펜션,NNG
경주 여행,327,퇴실,NNG
경주 여행,327,주렁주렁,MAG
경주 여행,327,카페,NNG
경주 여행,327,맛집,NNG
경주 여행,327,마무리,NNG
경주 여행,327,출발,NNG
경주 여행,327,자마자,EC
경주 여행,327,잠든,VV+ETM
경주 여행,327,보름,NNG
경주 여행,327,19,SN
경주 여행,327,개월,NNBC
경주 여행,327,아기,NNG
경주 여행,327,아기,NNG
경주 여행,327,아기,NNG
경주 여행,327,코스,NNG
경주 여행,327,이솝,NNP
경주 여행,327,키즈,NNP
경주 여행,327,주렁주렁,MAG
경주 여행,327,카페,NNG
경주 여행,327,괘릉,NNG
경주 여행,327,정보,NNG
경주 여행,328,맛집,NNG
경주 여행,328,메밀,NNG
경주 여행,328,막국수,NNG
경주 여행,328,정직,NNG
경주 여행,328,솔직,XR
경주 여행,328,후기,NNG
경주 여행,328,비빔,NNG
경주 여행,328,vs,SL
경주 여행,328,곱빼기,NNG
경주 여행,328,맛집,NNG
경주 여행,328,막국수,NNG
경주 여행,328,메밀,NNG
경주 여행,328,막국수,NNG
경주 여행,328,메밀,NNG
경주 여행,328,막국수,NNG
경주 여행,328,맛집,NNG
경주 여행,328,추천,NNG
경주 여행,328,코스,NNG
경주 여행,328,비빔,NNG
경주 여행,328,막국수,NNG
경주 여행,328,막국수,NNG
경주 여행,328,점심,NNG
경주 여행,328,추천,NNP
경주 여행,328,식당,NNG
경주 여행,328,내산,NNP
경주 여행,328,솔직,XR
경주 여행,328,후기,NNG
경주 여행,329,필수,NNG
경주 여행,329,코스,NNG
경주 여행,329,웨이팅,NNG
경주 여행,329,아깝,VA
경주 여행,329,맛집,NNG
경주 여행,329,한우,NNG
경주 여행,329,육회,NNG
경주 여행,329,물회,NNG
경주 여행,329,그래서,MAJ
경주 여행,329,이번,NNG
경주 여행,329,에서,JKB
경주 여행,329,메뉴,NNG
경주 여행,329,바로,MAG
경주 여행,329,바로,MAG
경주 여행,329,뼛속,NNG
경주 여행,329,까지,JX
경주 여행,329,시원,XR
경주 여행,329,한우,NNG
경주 여행,329,육회,NNG
경주 여행,329,물회,NNG
경주 여행,329,이번,NNG
경주 여행,329,가을,NNG
경주 여행,329,계획,NNG
경주 여행,329,계신다면,VX+EC
경주 여행,329,웨이팅,NNG
경주 여행,329,시간,NNG
경주 여행,329,아깝,VA
경주 여행,329,맛집,NNG
경주 여행,329,코스,NNG
경주 여행,330,용산,NNP
경주 여행,330,회식,NNG
경주 여행,330,오픈,NNG
경주 여행,330,초장,NNG
경주 여행,330,까지,JX
경주 여행,330,회덮밥,NNG
경주 여행,330,맛집,NNG
경주 여행,330,아침,NNG
경주 여행,330,식사,NNG
경주 여행,330,용산,NNP
경주 여행,330,식당,NNG
경주 여행,330,다녀왔,VV+EP
경주 여행,330,어요,EF
경주 여행,330,대표,NNG
경주 여행,330,메뉴,NNG
경주 여행,330,유명,XR
경주 여행,330,으면,EC
경주 여행,330,재료,NNG
경주 여행,330,기준,NNG
경주 여행,330,에서,JKB
경주 여행,330,10,SN
경주 여행,330,정도,NNG
경주 여행,330,뚜벅,MAG
경주 여행,330,보다,JKB
경주 여행,330,차량,NNG
경주 여행,330,일정,NNG
경주 여행,330,편한,VA+ETM
경주 여행,330,위치,NNG
경주 여행,330,입니다,VCP+EF
경주 여행,330,영업시간,NNG
경주 여행,330,오전,NNG
경주 여행,331,버터,NNG
경주 여행,331,링스,NNP
경주 여행,331,경북,NNP
경주 여행,331,황리,NNG
경주 여행,331,디저트,NNG
경주 여행,331,맛집,NNG
경주 여행,331,수제,NNG
경주 여행,331,선물,NNG
경주 여행,331,세트,NNG
경주 여행,331,즐겁,VA
경주 여행,331,즐거운,VA+ETM
경주 여행,331,다음,NNG
경주 여행,331,리라,EC
경주 여행,331,다짐,NNG
경주 여행,331,다시,MAG
경주 여행,331,방문,NNG
경주 여행,331,어요,EF
경주 여행,331,버터,NNG
경주 여행,331,링스,NNP
경주 여행,331,황리,NNG
경주 여행,331,디저트,NNG
경주 여행,331,맛집,NNG
경주 여행,331,아이스크림,NNG
경주 여행,331,선물,NNG
경주 여행,331,세트,NNG
경주 여행,331,내산,NNG
경주 여행,332,골목,NNG
경주 여행,332,식당,NNG
경주 여행,332,부잣집,NNG
경주 여행,332,쌈밥,NNG
경주 여행,332,가성,NNG
경주 여행,332,쌈밥,NNG
경주 여행,332,정식,NNG
경주 여행,332,후기,NNG
경주 여행,332,면서,EC
경주 여행,332,어디,NP
경주 여행,332,을까,EC
경주 여행,332,다가,EC
경주 여행,332,이번,NNG
경주 여행,332,처음,NNG
경주 여행,332,가본,NNG
경주 여행,332,골목,NNG
경주 여행,332,식당,NNG
경주 여행,332,부잣집,NNG
경주 여행,332,골목,NNG
경주 여행,332,식당,NNG
경주 여행,332,부잣집,NNG
경주 여행,332,쌈밥,NNG
경주 여행,332,골목,NNG
경주 여행,332,식당,NNG
경주 여행,332,부잣집,NNG
경주 여행,332,쌈밥,NNG
경주 여행,332,주소,NNG
경주 여행,332,경북,NNP
경주 여행,332,경주시,NNP
경주 여행,332,유림,NNG
경주 여행,332,13,SN
경주 여행,332,161,SN
경주 여행,332,영업시간,NNG
경주 여행,332,매일,MAG
경주 여행,332,09,SN
경주 여행,332,00,SN
경주 여행,332,23,SN
경주 여행,332,00,SN
경주 여행,332,14,SN
경주 여행,332,30,SN
경주 여행,332,17,SN
경주 여행,332,30,SN
경주 여행,333,신라,NNP
경주 여행,333,반상,NNG
경주 여행,333,수리,NNG
경주 여행,333,웨이팅,NNG
경주 여행,333,후기,NNG
경주 여행,333,가장,MAG
경주 여행,333,오래,MAG
경주 여행,333,기다린,VV+ETM
경주 여행,333,엄마,NNG
경주 여행,333,맛집,NNG
경주 여행,333,찾아보,VV
경주 여행,333,거든,EF
경주 여행,333,그래서,MAJ
경주 여행,333,이번,NNG
경주 여행,333,한식,NNG
경주 여행,333,위주,NNG
경주 여행,333,많이,MAG
경주 여행,333,는데,EC
경주 여행,333,다구,EC
경주 여행,333,해서,VV+EC
경주 여행,333,마지막,NNG
경주 여행,333,들렸,VV+EP
경주 여행,333,는데,EC
경주 여행,333,캐치,NNG
경주 여행,333,테이블,NNG
경주 여행,333,시간,NNG
경주 여행,333,에요,EF
경주 여행,333,근데도,MAJ
경주 여행,333,거의,MAG
경주 여행,333,시간,NNG
경주 여행,334,첨성대,NNG
경주 여행,334,직접,MAG
경주 여행,334,500,SN
경주 여행,334,유적,NNG
경주 여행,334,이렇게,MAG
경주 여행,334,가까이,MAG
경주 여행,334,이번,NNG
경주 여행,334,면서,EC
경주 여행,334,빼놓,VV
경주 여행,334,하나,NR
경주 여행,334,첨성대,NNG
경주 여행,334,다녀왔,VV+EP
경주 여행,334,어요,EF
경주 여행,334,불국사,NNG
경주 여행,334,괜히,MAG
경주 여행,334,기분,NNG
경주 여행,334,여기,NP
경주 여행,334,진짜,MAG
경주 여행,334,구나,VCP+EC
경주 여행,334,느낌,NNG
경주 여행,334,어요,EF
경주 여행,334,첨성대,NNG
경주 여행,334,주변,NNG
경주 여행,335,황리,NNG
경주 여행,335,이자카야,NNP
경주 여행,335,모모치,NNP
경주 여행,335,마라,NNP
경주 여행,335,모츠,NNP
경주 여행,335,나베,NNP
경주 여행,335,메가,NNP
경주 여행,335,하이볼,NNG
경주 여행,335,매장,NNG
경주 여행,335,위치,NNG
경주 여행,335,경북,NNP
경주 여행,335,경주시,NNP
경주 여행,335,첨성,NNG
경주 여행,335,81,SN
경주 여행,335,영업시간,NNG
경주 여행,335,매일,MAG
경주 여행,335,16,SN
경주 여행,335,00,SN
경주 여행,335,다음,NNG
경주 여행,335,02,SN
경주 여행,335,00,SN
경주 여행,335,전화,NNG
경주 여행,335,번호,NNG
경주 여행,335,054,SN
경주 여행,335,776,SN
경주 여행,335,8965,SN
경주 여행,335,매장,NNG
경주 여행,335,공터,NNG
경주 여행,335,무료,NNG
경주 여행,335,꾸리,NNG
경주 여행,335,꾸리,NNG
경주 여행,335,저녁,NNG
경주 여행,335,마지막,NNG
경주 여행,335,코스,NNG
경주 여행,335,모모,MM
경주 여행,335,리전,NNG
경주 여행,335,에서,JKB
경주 여행,335,모츠,NNP
경주 여행,335,나베,NNG
경주 여행,336,필수,NNG
경주 여행,336,코스,NNG
경주 여행,336,아이,NNG
경주 여행,336,불국사,NNP
경주 여행,336,유모차,NNG
경주 여행,336,후기,NNG
경주 여행,336,불국사,NNP
경주 여행,336,불국사,NNP
경주 여행,336,아이,NNG
경주 여행,336,아이,NNG
경주 여행,336,가족,NNG
경주 여행,336,아이,NNG
경주 여행,336,코스,NNG
경주 여행,336,필수,NNG
경주 여행,336,코스,NNG
경주 여행,336,불국사,NNP
경주 여행,336,다보탑,NNG
경주 여행,336,다보탑,NNG
경주 여행,336,문화,NNG
경주 여행,336,유적지,NNG
경주 여행,336,아이,NNG
경주 여행,337,신라,NNP
경주 여행,337,들른,VV+ETM
경주 여행,337,황리,NNG
경주 여행,337,한옥,NNG
경주 여행,337,카페,NNG
경주 여행,337,후기,NNG
경주 여행,337,신라,NNP
경주 여행,337,들른,VV+ETM
경주 여행,337,황리,NNG
경주 여행,337,한옥,NNG
경주 여행,337,카페,NNG
경주 여행,337,후기,NNG
경주 여행,337,안녕,NNG
경주 여행,337,세요,EP+EF
경주 여행,337,여러분,NP
경주 여행,337,지난주,NNG
경주 여행,337,화요일,NNG
경주 여행,337,친구,NNG
경주 여행,337,함께,MAG
경주 여행,337,다녀왔,VV+EP
경주 여행,337,어요,EF
경주 여행,337,조금,MAG
경주 여행,337,선선,XR
경주 여행,337,해졌,XSA+EC+VX+EP
경주 여행,337,라고,VCP+EC
경주 여행,337,생각,NNG
경주 여행,337,는데,EC
경주 여행,337,생각,NNG
경주 여행,337,보다,JKB
경주 여행,337,날씨,NNG
경주 여행,337,너무,MAG
경주 여행,338,황리,NNG
경주 여행,338,카페,NNG
경주 여행,338,스터브,NNP
경주 여행,338,황남,NNP
경주 여행,338,고분군,NNP
경주 여행,338,소금,NNG
경주 여행,338,원조,NNG
경주 여행,338,콩국,NNG
경주 여행,338,에서,JKB
경주 여행,338,콩국,NNG
경주 여행,338,잠시,MAG
경주 여행,338,다가,EC
경주 여행,338,스터브,NNP
경주 여행,338,창밖,NNG
경주 여행,338,으로,JKB
경주 여행,338,보이,VV
경주 여행,338,초록,NNG
경주 여행,338,풍경,NNG
경주 여행,338,바라보,VV
경주 여행,338,으니,EC
경주 여행,338,쌓인,VV+ETM
경주 여행,338,피로,NNG
경주 여행,338,잠시,MAG
경주 여행,338,풀리,VV
경주 여행,338,자연,NNG
경주 여행,338,스럽,XSA
경주 여행,338,사진,NNG
경주 여행,339,불국사,NNP
경주 여행,339,입장료,NNG
경주 여행,339,주차장,NNG
경주 여행,339,요금,NNG
경주 여행,339,평일,NNG
경주 여행,339,방문,NNG
경주 여행,339,솔직,XR
경주 여행,339,후기,NNG
경주 여행,339,계획,NNG
경주 여행,339,빠질,VV+ETM
경주 여행,339,필수,NNG
경주 여행,339,코스,NNG
경주 여행,339,바로,MAG
경주 여행,339,세계,NNG
경주 여행,339,문화유산,NNG
경주 여행,339,불국사,NNP
경주 여행,339,입니다,VCP+EF
경주 여행,339,오랜만,NNG
경주 여행,339,마음,NNG
경주 여행,339,여유,NNG
경주 여행,339,다녀왔,VV+EP
경주 여행,339,는데,EC
경주 여행,339,방문,NNG
경주 여행,339,어야,EC
경주 여행,339,불국사,NNP
경주 여행,339,입장료,NNG
경주 여행,339,정보,NNG
경주 여행,339,불국사,NNP
경주 여행,340,숙소,NNG
경주 여행,340,공구,NNG
경주 여행,340,빌라,NNG
경주 여행,340,공구,NNG
경주 여행,340,공구,NNG
경주 여행,340,까지,JX
경주 여행,340,이번,NNG
경주 여행,340,알차,VA
경주 여행,340,다녀오,VV
경주 여행,340,바래요,VV+EF
경주 여행,340,라는,ETM
경주 여행,340,사장,NNG
경주 여행,340,직접,MAG
경주 여행,340,관리,NNG
경주 여행,340,으로,JKB
경주 여행,340,어서,EC
경주 여행,340,동선,NNG
경주 여행,340,관광지,NNG
경주 여행,340,가까우,VA
경주 여행,340,면서,EC
경주 여행,340,자연,NNG
경주 여행,340,느낄,VV+ETM
경주 여행,340,에요,EF
경주 여행,340,그리고,MAJ
경주 여행,340,무엇,NP
경주 여행,340,보다,JKB
경주 여행,341,아이,NNG
경주 여행,341,웃음,NNG
경주 여행,341,소리,NNG
경주 여행,341,온종일,NNG
경주 여행,341,머물렀,VV+EP
경주 여행,341,파미,NNP
경주 여행,341,키즈,NNP
경주 여행,341,펜션,NNG
경주 여행,341,방문기,NNG
경주 여행,341,설레,VV
경주 여행,341,마음,NNG
경주 여행,341,으로,JKB
경주 여행,341,시작,NNG
경주 여행,341,오랜만,NNG
경주 여행,341,가족,NNG
경주 여행,341,함께,MAG
경주 여행,341,며칠,NNG
경주 여행,341,부터,JX
경주 여행,341,아이,NNG
경주 여행,341,챙기,VV
경주 여행,341,어찌나,MAG
경주 여행,341,설레,VV
경주 여행,341,는지,EC
경주 여행,341,몰라요,VV+EC
경주 여행,341,언제,MAG
경주 여행,341,방문,NNG
경주 여행,341,해도,XSV+EC
경주 여행,341,마음,NNG
경주 여행,341,편안,NNG
경주 여행,341,매력,NNG
경주 여행,341,인데,VCP+EC
경주 여행,342,보문,NNG
경주 여행,342,단지,MAG
경주 여행,342,소노,NNP
경주 여행,342,객실,NNG
경주 여행,342,타입,NNG
경주 여행,342,조식,NNG
경주 여행,342,가격,NNG
경주 여행,342,관광지,NNG
경주 여행,342,거리,NNG
경주 여행,342,안녕,NNG
경주 여행,342,세요,EP+EF
경주 여행,342,여러분,NP
경주 여행,342,직장인,NNG
경주 여행,342,블러,NNP
경주 여행,342,예요,VCP+EF
경주 여행,342,오늘,MAG
경주 여행,342,숙소,NNG
경주 여행,342,많이,MAG
경주 여행,342,검색,NNG
경주 여행,342,소노,NNG
경주 여행,342,이야기,NNG
경주 여행,342,정리,NNG
경주 여행,342,볼게요,VX+EF
경주 여행,342,예약,NNG
경주 여행,342,비교,NNG
경주 여행,342,는데요,EF
경주 여행,342,객실,NNG
경주 여행,342,타입,NNG
경주 여행,342,워낙,MAG
경주 여행,342,다양,NNG
경주 여행,342,조식,NNG
경주 여행,342,가격,NNG
경주 여행,343,첨성대,NNG
경주 여행,343,야경,NNG
경주 여행,343,투어,NNG
경주 여행,343,동양,NNG
경주 여행,343,최고,NNG
경주 여행,343,천문대,NNG
경주 여행,343,반전,NNG
경주 여행,343,매력,NNG
경주 여행,343,가지,NNBC
경주 여행,343,인근,NNG
경주 여행,343,황리,NNG
경주 여행,343,에서,JKB
경주 여행,343,맛있,VA
경주 여행,343,간식,NNG
경주 여행,343,즐기,VV
경주 여행,343,묘미,NNG
경주 여행,343,세요,EP+EF
경주 여행,343,첨성대,NNG
경주 여행,343,첨성대,NNG
경주 여행,343,야경,NNG
경주 여행,343,야경,NNG
경주 여행,343,명소,NNG
경주 여행,343,신라,NNP
경주 여행,343,역사,NNG
경주 여행,343,코스,NNG
경주 여행,343,첨성대,NNG
경주 여행,343,조명,NNG
경주 여행,343,경주인,NNG
경주 여행,343,천문대,NNG
경주 여행,343,아이,NNG
경주 여행,343,함께,MAG
경주 여행,344,불국사,NNP
경주 여행,344,맛집,NNG
경주 여행,344,고즈넉,XR
경주 여행,344,한옥,NNG
경주 여행,344,에서,JKB
경주 여행,344,즐기,VV
경주 여행,344,명품,NNG
경주 여행,344,맛집,NNG
경주 여행,344,불국사,NNP
경주 여행,344,맛집,NNG
경주 여행,344,명동,NNP
경주 여행,344,쫄면,NNG
경주 여행,344,명동,NNP
경주 여행,344,쫄면,NNG
경주 여행,344,국점,NNG
경주 여행,344,명동,NNG
경주 여행,344,쫄면,NNG
경주 여행,344,맛집,NNG
경주 여행,344,백종원,NNP
경주 여행,344,맛집,NNG
경주 여행,344,불국사,NNP
경주 여행,344,맛집,NNG
경주 여행,344,불국사,NNP
경주 여행,344,근처,NNG
경주 여행,344,맛집,NNG
경주 여행,344,한옥,NNG
경주 여행,344,식당,NNG
경주 여행,344,코스,NNG
경주 여행,344,비빔,NNG
경주 여행,344,쫄면,NNG
경주 여행,344,유부,NNG
경주 여행,345,황리,NNG
경주 여행,345,맛집,NNG
경주 여행,345,추천,NNG
경주 여행,345,정갈,XR
경주 여행,345,매력,NNG
경주 여행,345,우물집,NNG
경주 여행,345,편한,VA+ETM
경주 여행,345,는다면,EC
경주 여행,345,황리,NNG
경주 여행,345,워낙,MAG
경주 여행,345,다양,XR
경주 여행,345,맛집,NNG
경주 여행,345,어서,EC
경주 여행,345,무엇,NP
경주 여행,345,을지,EC
경주 여행,345,고민,NNG
경주 여행,345,는데요,EC
경주 여행,345,개인,NNG
경주 여행,345,으로,JKB
경주 여행,345,우물집,NNG
경주 여행,345,부모,NNG
경주 여행,345,함께,MAG
경주 여행,345,깔끔,XR
경주 여행,345,식사,NNG
경주 여행,345,선호,NNG
경주 여행,346,불국사,NNP
경주 여행,346,석굴암,NNG
경주 여행,346,운영,NNG
경주 여행,346,시간,NNG
경주 여행,346,입장료,NNG
경주 여행,346,이거,NP
경주 여행,346,나면,EC
경주 여행,346,불국사,NNP
경주 여행,346,석굴암,NNG
경주 여행,346,모두,MAG
경주 여행,346,입장료,NNG
경주 여행,346,무료,NNG
경주 여행,346,관람,NNG
경주 여행,346,시간,NNG
경주 여행,346,09,SN
경주 여행,346,부터,JX
경주 여행,346,18,SN
경주 여행,346,까지,JX
경주 여행,346,입장,NNG
경주 여행,346,마감,NNG
경주 여행,346,18,SN
경주 여행,346,연중무휴,NNG
경주 여행,346,운영,NNG
경주 여행,346,된다,XSV+EC
경주 여행,346,코스,NNG
경주 여행,346,불국사,NNP
경주 여행,346,석굴암,NNG
경주 여행,346,순서,NNG
경주 여행,346,가장,MAG
경주 여행,346,많이,MAG
경주 여행,347,추석,NNG
경주 여행,347,한가,XSA+EC
경주 여행,347,명절,NNG
경주 여행,347,연휴,NNG
경주 여행,347,문전,NNG
경주 여행,347,정보,NNG
경주 여행,347,셔서,EP+EC
경주 여행,347,감사,NNG
경주 여행,347,합니다,XSV+EF
경주 여행,347,추석,NNG
경주 여행,347,여행지,NNG
경주 여행,347,추석,NNG
경주 여행,347,연휴,NNG
경주 여행,347,수학,NNG
경주 여행,347,여행지,NNG
경주 여행,347,추억,NNG
경주 여행,347,수학여행,NNG
경주 여행,347,신라,NNG
경주 여행,347,관광지,NNG
경주 여행,347,불국사,NNP
경주 여행,347,어떤,MM
경주 여행,347,대릉원,NNG
경주 여행,347,첨성대,NNG
경주 여행,347,한가,XSA+EC
경주 여행,347,첨성대,NNG
경주 여행,347,유적지,NNG
경주 여행,347,교촌,NNG
경주 여행,347,마을,NNG
경주 여행,347,국립,NNG
경주 여행,347,박물관,NNG
경주 여행,348,맛집,NNG
경주 여행,348,추천,NNG
경주 여행,348,웰빙,NNP
경주 여행,348,황토,NNG
경주 여행,348,우렁,NNG
경주 여행,348,쌈밥,NNG
경주 여행,348,본점,NNG
경주 여행,348,채소,NNG
경주 여행,348,가득,MAG
경주 여행,348,건강,NNG
경주 여행,348,고기,NNG
경주 여행,348,종류,NNG
경주 여행,348,보다,JKB
경주 여행,348,오랜만,NNG
경주 여행,348,제대로,MAG
경주 여행,348,한식,NNG
경주 여행,348,당길,VV+ETM
경주 여행,348,잖아요,EC
경주 여행,348,이번,NNG
경주 여행,348,친구,NNG
경주 여행,348,부부,NNG
경주 여행,348,함께,MAG
경주 여행,348,점심,NNG
경주 여행,348,으러,EC
경주 여행,348,웰빙,NNP
경주 여행,348,황토,NNG
경주 여행,348,우렁,NNG
경주 여행,348,쌈밥,NNG
경주 여행,348,본점,NNG
경주 여행,348,다녀왔,VV+EP
경주 여행,348,어요,EF
경주 여행,348,여기,NP
경주 여행,349,추천,NNG
경주 여행,349,켄싱,NNP
경주 여행,349,리조트,NNG
경주 여행,349,뽀로로,NNP
경주 여행,349,아쿠아,NNP
경주 여행,349,빌리지,NNG
경주 여행,349,아이,NNG
경주 여행,349,가족,NNG
경주 여행,349,으로,JKB
경주 여행,349,인데요,VCP+EF
경주 여행,349,이번,NNG
경주 여행,349,특가,NNG
경주 여행,349,투숙,NNG
경주 여행,349,기간,NNG
경주 여행,349,부터,JX
경주 여행,349,11,SN
경주 여행,349,까지,JX
경주 여행,349,가을,NNG
경주 여행,349,준비,NNG
경주 여행,349,다면,EC
경주 여행,349,타이밍,NNG
경주 여행,349,괜찮,VA
경주 여행,349,아요,EF
경주 여행,349,사진,NNG
경주 여행,349,출처,NNG
경주 여행,349,마이,MAG
경주 여행,349,리얼,NNG
경주 여행,349,트립,NNG
경주 여행,349,리조트,NNG
경주 여행,349,위치,NNG
경주 여행,349,경상북도,NNP
경주 여행,349,경주시,NNP
경주 여행,349,보문,NNG
경주 여행,349,182,SN
경주 여행,349,29,SN
경주 여행,350,황리,NNG
경주 여행,350,숙소,NNG
경주 여행,350,깔끔,XR
경주 여행,350,만족,NNG
경주 여행,350,스러웠,XSA+EP
경주 여행,350,베르니,NNP
경주 여행,350,호텔,NNG
경주 여행,350,어요,EF
경주 여행,350,면서,EC
경주 여행,350,쌓인,VV+ETM
경주 여행,350,피로,NNG
경주 여행,350,안마기,NNG
경주 여행,350,장기간,NNG
경주 여행,350,에게,JKB
경주 여행,350,유용,NNG
경주 여행,350,추천,NNG
경주 여행,350,드려요,VV+EC
경주 여행,350,숙소,NNG
경주 여행,350,호텔,NNG
경주 여행,350,숙소,NNG
경주 여행,350,추천,NNP
경주 여행,350,황리,NNG
경주 여행,350,숙소,NNG
경주 여행,350,황리,NNG
경주 여행,350,숙소,NNG
경주 여행,350,터미널,NNG
경주 여행,350,숙소,NNG
경주 여행,351,아이,NNG
경주 여행,351,키즈,NNP
경주 여행,351,공방,NNG
경주 여행,351,데이,NNG
경주 여행,351,클래스,NNP
경주 여행,351,실내,NNG
경주 여행,351,거리,EC
경주 여행,351,체험,NNG
경주 여행,351,후기,NNG
경주 여행,351,욕조,NNG
경주 여행,351,에서,JKB
경주 여행,351,입욕제,NNG
경주 여행,351,만들,VV
경주 여행,351,체험,NNG
경주 여행,351,어용,EC
경주 여행,351,start,SL
경주 여행,351,향료,NNG
경주 여행,351,컬러,NNG
경주 여행,351,선택,NNG
경주 여행,351,애플,NNP
경주 여행,351,캔들,NNP
경주 여행,351,하우스,NNP
경주 여행,351,면서,EC
경주 여행,351,아이,NNG
경주 여행,351,함께,MAG
경주 여행,351,실내,NNG
경주 여행,351,거리,EC
경주 여행,351,계시,VX
경주 여행,351,거나,EC
경주 여행,351,매일,MAG
경주 여행,351,비슷,XR
경주 여행,351,데이트,NNG
경주 여행,352,경북,NNP
경주 여행,352,버드,NNP
경주 여행,352,파크,NNG
경주 여행,352,가장,MAG
경주 여행,352,가까이,NNG
경주 여행,352,에서,JKB
경주 여행,352,체험,NNG
경주 여행,352,아이,NNG
경주 여행,352,함께,MAG
경주 여행,352,방문,NNG
경주 여행,352,버드,NNP
경주 여행,352,파크,NNG
경주 여행,352,동궁,NNG
경주 여행,352,내부,NNG
경주 여행,352,버드,NNP
경주 여행,352,파크,NNG
경주 여행,352,뒤쪽,NNG
경주 여행,352,으로,JKB
경주 여행,352,주차장,NNG
경주 여행,352,제법,MAG
경주 여행,352,궁원,NNG
경주 여행,352,시설,NNG
경주 여행,352,마다,JX
경주 여행,352,입장료,NNG
경주 여행,352,따로,MAG
경주 여행,352,버드,NNP
경주 여행,352,파크,NNG
경주 여행,352,대인,NNG
경주 여행,352,20,SN
경주 여행,352,000,SN
경주 여행,353,기록,NNG
경주 여행,353,황리,NNG
경주 여행,353,소품,NNG
경주 여행,353,대릉원,NNG
경주 여행,353,첨성대,NNG
경주 여행,353,요즘,NNG
경주 여행,353,포스팅,NNP
경주 여행,353,재미,NNG
경주 여행,353,들려서,VV+EC
경주 여행,353,앨범,NNG
경주 여행,353,는데,EC
경주 여행,353,초여름,NNG
경주 여행,353,다녀온,VV+ETM
경주 여행,353,사진,NNG
경주 여행,353,걸림,VV+ETN
경주 여행,353,그럼,MAJ
경주 여행,353,시작,NNG
경주 여행,353,동탄,NNP
경주 여행,353,에서,JKB
경주 여행,353,SRT,SL
경주 여행,353,미국,NNP
경주 여행,353,젤리,NNG
경주 여행,353,너무,MAG
경주 여행,353,맛있,VA
경주 여행,353,특히,MAG
경주 여행,353,당근,NNG
경주 여행,353,이랑,JC
경주 여행,353,토끼,NNG
경주 여행,353,인거,NNG
경주 여행,353,존기,NNG
경주 여행,354,편안,NNG
경주 여행,354,즐거움,NNG
경주 여행,354,공존,NNG
경주 여행,354,판타지,NNG
경주 여행,354,키즈,NNP
경주 여행,354,빌라,NNG
경주 여행,354,에서,JKB
경주 여행,354,키즈,NNP
경주 여행,354,가족,NNG
경주 여행,354,계획,NNG
경주 여행,354,가장,MAG
경주 여행,354,중요,NNG
경주 여행,354,요소,NNG
경주 여행,354,하나,NR
경주 여행,354,아이,NNG
경주 여행,354,함께,MAG
경주 여행,354,머무르,VV
경주 여행,354,숙소,NNG
경주 여행,354,입니다,VCP+EF
경주 여행,354,최근,MAG
경주 여행,354,판타지,NNG
경주 여행,354,키즈,NNP
경주 여행,354,빌라,NNG
경주 여행,354,방문,NNG
경주 여행,354,기회,NNG
경주 여행,354,는데,EC
경주 여행,354,아이,NNG
경주 여행,354,함께,MAG
경주 여행,354,편안,NNG
경주 여행,354,머물,VV
경주 여행,355,야경,NNG
경주 여행,355,동궁,NNG
경주 여행,355,월지,NNG
경주 여행,355,시간,NNG
경주 여행,355,아이,NNG
경주 여행,355,가족,NNG
경주 여행,355,동궁,NNG
경주 여행,355,월지,NNG
경주 여행,355,야경,NNG
경주 여행,355,동궁,NNG
경주 여행,355,월지,NNG
경주 여행,355,시간,NNG
경주 여행,355,동궁,NNG
경주 여행,355,월지,NNG
경주 여행,355,경가,NNG
경주 여행,355,아이,NNG
경주 여행,355,아이,NNG
경주 여행,355,가족,NNG
경주 여행,355,가족,NNG
경주 여행,355,코스,NNG
경주 여행,355,야경,NNG
경주 여행,355,명소,NNG
경주 여행,355,코스,NNG
경주 여행,355,아이,NNG
경주 여행,356,고즈넉,XR
경주 여행,356,한옥,NNG
경주 여행,356,인테리어,NNG
경주 여행,356,정취,NNG
경주 여행,356,제대로,MAG
경주 여행,356,느껴,VV+EC
경주 여행,356,한옥,NNP
경주 여행,356,스테이,NNP
경주 여행,356,따뜻,XR
경주 여행,356,햇살,NNG
경주 여행,356,마당,NNG
경주 여행,356,내려앉,VV
경주 여행,356,기와지붕,NNG
경주 여행,356,들어오,VV
경주 여행,356,한옥,NNG
경주 여행,356,에서,JKB
경주 여행,356,하루,NNG
경주 여행,356,마무리,NNG
경주 여행,356,한다면,XSV+EC
경주 여행,356,그것,NP
경주 여행,356,자체,NNG
경주 여행,356,장면,NNG
경주 여행,356,거든요,EF
경주 여행,356,그래서,MAJ
경주 여행,356,이번,NNG
경주 여행,356,가을,NNG
경주 여행,356,에서,JKB
경주 여행,356,한옥,NNG
경주 여행,356,스테이,NNG
경주 여행,356,라면,EC
경주 여행,357,한옥,NNG
경주 여행,357,펜션,NNG
경주 여행,357,교촌,NNG
경주 여행,357,마을,NNG
경주 여행,357,한옥,NNG
경주 여행,357,펜션,NNG
경주 여행,357,매력,NNG
경주 여행,357,느낄,VV+ETM
경주 여행,357,분위기,NNG
경주 여행,357,느끼,VV
경주 여행,357,어서,EC
경주 여행,357,계획,NNG
경주 여행,357,특유,NNG
경주 여행,357,분위기,NNG
경주 여행,357,고즈넉,XR
경주 여행,357,느낄,VV+ETM
경주 여행,357,한옥,NNG
경주 여행,357,펜션,NNG
경주 여행,357,추천,NNP
경주 여행,357,한옥,NNG
경주 여행,357,펜션,NNG
경주 여행,357,감성,NNG
경주 여행,357,숙소,NNG
경주 여행,357,독채,NNG
경주 여행,357,펜션,NNG
경주 여행,357,쿠지,NNP
경주 여행,357,펜션,NNG
경주 여행,357,가족,NNG
경주 여행,357,숙소,NNG
경주 여행,358,청담,NNP
경주 여행,358,빌라,NNP
경주 여행,358,펜션,NNG
경주 여행,358,에서,JKB
경주 여행,358,만나,VV
경주 여행,358,여유,NNG
경주 여행,358,로운,XSA+ETM
경주 여행,358,키즈,NNP
경주 여행,358,펜션,NNG
경주 여행,358,휴식,NNG
경주 여행,358,공간,NNG
경주 여행,358,최근,NNG
경주 여행,358,가족,NNG
경주 여행,358,함께,MAG
경주 여행,358,계획,NNG
경주 여행,358,청담,NNP
경주 여행,358,빌라,NNP
경주 여행,358,펜션,NNG
경주 여행,358,방문,NNG
경주 여행,358,습니다,EF
경주 여행,358,키즈,NNP
경주 여행,358,펜션,NNG
경주 여행,358,으로,JKB
경주 여행,358,청담,NNG
경주 여행,358,빌라,NNG
경주 여행,358,펜션,NNG
경주 여행,358,에서,JKB
경주 여행,358,펜션,NNG
경주 여행,358,새로운,VA+ETM
경주 여행,358,매력,NNG
경주 여행,358,또한,MAJ
경주 여행,358,발견,NNG
경주 여행,358,는데요,EF
경주 여행,358,키즈,NNP
경주 여행,358,제품,NNG
경주 여행,358,시설,NNG
경주 여행,359,카프리,NNP
경주 여행,359,펜션,NNG
경주 여행,359,에서,JKB
경주 여행,359,느끼,VV
경주 여행,359,펜션,NNG
경주 여행,359,세심,XR
경주 여행,359,매력,NNG
경주 여행,359,여유,NNG
경주 여행,359,로운,XSA+ETM
경주 여행,359,휴식,NNG
경주 여행,359,계획,NNG
경주 여행,359,면서,EC
경주 여행,359,숙소,NNG
경주 여행,359,선택,NNG
경주 여행,359,가장,MAG
경주 여행,359,중요,NNG
경주 여행,359,부분,NNG
경주 여행,359,라는,ETM
경주 여행,359,생각,NNG
경주 여행,359,묻어나,VV+EC
경주 여행,359,여행자,NNG
경주 여행,359,에게,JKB
경주 여행,359,특별,NNG
경주 여행,359,경험,NNG
경주 여행,359,선사,NNG
경주 여행,359,합니다,XSV+EF
경주 여행,359,이런,MM
경주 여행,359,세심,XR
경주 여행,359,공간,NNG
경주 여행,359,구성,NNG
경주 여행,359,덕분,NNG
경주 여행,359,펜션,NNG
경주 여행,359,자연,NNG
경주 여행,359,편안,NNG
경주 여행,359,분위기,NNG
경주 여행,359,동시,NNG
경주 여행,360,가족,NNG
경주 여행,360,특별,NNG
경주 여행,360,추억,NNG
경주 여행,360,선사,NNG
경주 여행,360,투스,NNP
경주 여행,360,함께,MAG
경주 여행,360,키즈,NNP
경주 여행,360,숙소,NNG
경주 여행,360,으로,JKB
경주 여행,360,경주로,NNG
경주 여행,360,가족,NNG
경주 여행,360,계획,NNG
경주 여행,360,투스,NNP
경주 여행,360,선택지,NNG
경주 여행,360,기억,NNG
경주 여행,360,합니다,XSA+EF
경주 여행,360,가족,NNG
경주 여행,360,단위,NNG
경주 여행,360,머무르,VV
경주 여행,360,아이,NNG
경주 여행,360,함께,MAG
경주 여행,360,여유,NNG
경주 여행,360,즐기,VV
경주 여행,360,부드러운,VA+ETM
경주 여행,360,방향,NNG
경주 여행,360,제시,NNG
경주 여행,360,공간,NNG
경주 여행,360,으로,JKB
경주 여행,360,본인,NNG
경주 여행,361,켄싱,NNP
경주 여행,361,리조트,NNG
경주 여행,361,특가,NNG
경주 여행,361,뽀로로,NNP
경주 여행,361,아쿠아,NNP
경주 여행,361,빌리지,NNG
경주 여행,361,조식,NNG
경주 여행,361,패키지,NNG
경주 여행,361,까지,JX
경주 여행,361,아이,NNG
경주 여행,361,준비,NNG
경주 여행,361,단순,NNG
경주 여행,361,숙소,NNG
경주 여행,361,보다,JKB
경주 여행,361,물놀이,NNG
경주 여행,361,키즈,NNP
경주 여행,361,시설,NNG
경주 여행,361,함께,MAG
경주 여행,361,경우,NNG
경주 여행,361,다는,ETM
경주 여행,361,으로,JKB
경주 여행,361,습니다,EF
경주 여행,361,특히,MAG
경주 여행,361,가을,NNG
경주 여행,361,관광지,NNG
경주 여행,361,돌아보,VV
경주 여행,361,아이,NNG
경주 여행,361,지치,VV
경주 여행,361,리조트,NNG
경주 여행,362,지상,NNG
경주 여행,362,낙원,NNG
경주 여행,362,빌라,NNG
경주 여행,362,선택,NNG
경주 여행,362,기준,NNG
경주 여행,362,특히,MAG
경주 여행,362,편안,NNG
경주 여행,362,휴식,NNG
경주 여행,362,원하,VV
경주 여행,362,신다면,EP+EC
경주 여행,362,지상,NNG
경주 여행,362,낙원,NNG
경주 여행,362,빌라,NNG
경주 여행,362,제격,NNG
경주 여행,362,아요,EC
경주 여행,362,함께,MAG
경주 여행,362,원하,VV
경주 여행,362,에게,JKB
경주 여행,362,인기,NNG
경주 여행,362,예요,VCP+EF
경주 여행,362,지상,NNG
경주 여행,362,낙원,NNG
경주 여행,362,빌라,NNG
경주 여행,362,함께,MAG
경주 여행,362,선택,NNG
경주 여행,362,기준,NNG
경주 여행,362,숙소,NNG
경주 여행,363,호텔,NNG
경주 여행,363,공간,NNG
경주 여행,363,솔직,XR
경주 여행,363,리뷰,NNP
경주 여행,363,호텔,NNG
경주 여행,363,공간,NNG
경주 여행,363,솔직,XR
경주 여행,363,리뷰,NNP
경주 여행,363,요즘,NNG
경주 여행,363,숙박,NNG
경주 여행,363,선택,NNG
경주 여행,363,중요,XR
경주 여행,363,아요,EF
경주 여행,363,특히,MAG
경주 여행,363,호텔,NNG
경주 여행,363,공간,NNG
경주 여행,363,라는,ETM
경주 여행,363,숙소,NNG
경주 여행,363,후기,NNG
경주 여행,363,무척,MAG
경주 여행,363,더라고요,EC
경주 여행,363,평점,NNG
경주 여행,363,으로,JKB
경주 여행,363,상당히,MAG
경주 여행,363,다양,XR
경주 여행,363,고객,NNG
경주 여행,363,후기,NNG
경주 여행,364,가을,NNG
경주 여행,364,야경,NNG
경주 여행,364,추천,NNP
경주 여행,364,루지,NNG
경주 여행,364,월드,NNG
경주 여행,364,자매,NNG
경주 여행,364,체험,NNG
경주 여행,364,가족,NNG
경주 여행,364,친화,NNG
경주 여행,364,스릴,NNG
경주 여행,364,바람,NNG
경주 여행,364,으며,EC
경주 여행,364,보문호,NNP
경주 여행,364,전망대,NNG
경주 여행,364,스쳐,VV+EC
경주 여행,364,지나가,VV
경주 여행,364,경치,NNG
경주 여행,364,니까,EC
경주 여행,364,루지,NNG
경주 여행,364,부터,JX
경주 여행,364,이미,MAG
경주 여행,364,야외,NNG
경주 여행,364,km,SL
경주 여행,364,화랑,NNG
경주 여행,364,코스,NNG
경주 여행,364,브레이크,NNG
경주 여행,364,속도,NNG
경주 여행,364,조절,NNG
경주 여행,364,루지,NNG
경주 여행,364,월드,NNG
경주 여행,364,거리,EC
경주 여행,364,데이트,NNG
경주 여행,365,롯데,NNP
경주 여행,365,렌터카,NNG
경주 여행,365,지점,NNG
경주 여행,365,에서,JKB
경주 여행,365,직접,MAG
경주 여행,365,이용,NNG
경주 여행,365,과정,NNG
경주 여행,365,느낌,MAG
경주 여행,365,여행자,NNG
경주 여행,365,에게,JKB
경주 여행,365,이용,NNG
경주 여행,365,방식,NNG
경주 여행,365,경주시,NNP
경주 여행,365,에서,JKB
경주 여행,365,여러,MM
경주 여행,365,장소,NNG
경주 여행,365,연결,NNG
경주 여행,365,이동,NNG
경주 여행,365,려는,ETM
경주 여행,365,여행자,NNG
경주 여행,365,라면,VCP+EC
경주 여행,365,렌터카,NNG
경주 여행,365,활용,NNG
경주 여행,365,아요,EF
경주 여행,365,반대,NNG
경주 여행,365,이동,NNG
경주 여행,365,동선,NNG
경주 여행,365,한두,MM
경주 여행,365,으로,JKB
경주 여행,365,제한,NNG
경주 여행,365,대중교통,NNG
경주 여행,365,이용,NNG
경주 여행,365,쉬운,VA+ETM
경주 여행,365,일정,NNG
경주 여행,365,라면,EC
경주 여행,366,효니,NNP
경주 여행,366,민박,NNG
경주 여행,366,솔직,XR
경주 여행,366,리뷰,NNP
경주 여행,366,효니,NNP
경주 여행,366,민박,NNG
경주 여행,366,솔직,XR
경주 여행,366,리뷰,NNP
경주 여행,366,계획,NNG
경주 여행,366,신다면,EP+EC
경주 여행,366,효니,NNP
경주 여행,366,민박,NNG
경주 여행,366,고려,NNG
경주 여행,366,세요,EP+EF
경주 여행,366,이곳,NP
경주 여행,366,특히,MAG
경주 여행,366,숙소,NNG
경주 여행,366,만족도,NNG
경주 여행,366,여행자,NNG
경주 여행,366,추천,NNG
경주 여행,366,어요,EF
경주 여행,366,효니,NNP
경주 여행,366,민박,NNG
경주 여행,366,효니,NNP
경주 여행,367,체스터,NNP
경주 여행,367,테라스,NNG
경주 여행,367,호텔,NNG
경주 여행,367,수영장,NNG
경주 여행,367,부터,JX
경주 여행,367,객실,NNG
경주 여행,367,까지,JX
경주 여행,367,솔직,XR
경주 여행,367,후기,NNG
경주 여행,367,체스터,NNP
경주 여행,367,가격,NNG
경주 여행,367,부담,NNG
경주 여행,367,면서,EC
경주 여행,367,편안,NNG
경주 여행,367,머물,VV+ETM
경주 여행,367,으신다면,EP+EC
경주 여행,367,가족,NNG
경주 여행,367,이나,JC
경주 여행,367,숙소,NNG
경주 여행,367,추천,NNG
경주 여행,367,드려요,VV+EC
경주 여행,367,여름휴가,NNG
경주 여행,367,여름,NNG
경주 여행,367,숙소,NNG
경주 여행,367,추천,NNG
경주 여행,367,가성,NNG
경주 여행,367,숙소,NNG
경주 여행,367,호텔,NNG
경주 여행,368,더품,NNG
경주 여행,368,펜션,NNG
경주 여행,368,추천,NNG
경주 여행,368,대상,NNG
경주 여행,368,더품,NNG
경주 여행,368,펜션,NNG
경주 여행,368,추천,NNG
경주 여행,368,대상,NNG
경주 여행,368,요즘,NNG
경주 여행,368,많이,MAG
경주 여행,368,숙소,NNG
경주 여행,368,더품,NNG
경주 여행,368,펜션,NNG
경주 여행,368,편안,NNG
경주 여행,368,휴식,NNG
경주 여행,368,원한다면,VV+EC
경주 여행,368,고려,NNG
경주 여행,368,세요,EP+EF
경주 여행,368,더품,NNG
경주 여행,368,펜션,NNG
경주 여행,369,옛길,NNG
경주 여행,369,펜션,NNG
경주 여행,369,감성,NNG
경주 여행,369,숙소,NNG
경주 여행,369,황리,NNG
경주 여행,369,인근,NNG
경주 여행,369,주차,NNG
경주 여행,369,여유,NNG
경주 여행,369,선택,NNG
경주 여행,369,기준,NNG
경주 여행,369,옛길,NNG
경주 여행,369,펜션,NNG
경주 여행,369,감성,NNG
경주 여행,369,숙소,NNG
경주 여행,369,황리,NNG
경주 여행,369,인근,NNG
경주 여행,369,주차,NNG
경주 여행,369,여유,NNG
경주 여행,369,선택,NNG
경주 여행,369,기준,NNG
경주 여행,369,요즘,MAG
경주 여행,369,계획,NNG
경주 여행,369,신다면,EP+EC
경주 여행,369,여행자,NNG
경주 여행,369,에게,JKB
경주 여행,369,인기,NNG
경주 여행,369,아요,EF
경주 여행,369,주차,NNG
경주 여행,369,공간,NNG
경주 여행,369,여유,NNG
경주 여행,369,로워,XSA+EC
경주 여행,369,차량,NNG
경주 여행,369,이용,NNG
경주 여행,369,불편,NNG
경주 여행,369,가격,NNG
경주 여행,369,124,SN
경주 여행,370,한옥,NNG
경주 여행,370,펜션,NNG
경주 여행,370,너머,NNG
경주 여행,370,너머,NNG
경주 여행,370,하루,NNG
경주 여행,370,머무,VV
경주 여행,370,프라이빗,NNG
경주 여행,370,함께,MAG
경주 여행,370,한결,MAG
경주 여행,370,편안,NNG
경주 여행,370,느껴,VV+EC
경주 여행,370,어요,EF
경주 여행,370,조용,XR
경주 여행,370,한옥,NNP
경주 여행,370,분위기,NNG
경주 여행,370,그대로,MAG
경주 여행,370,살리,VV
경주 여행,370,면서,EC
경주 여행,370,우리,NP
경주 여행,370,가족,NNG
경주 여행,370,끼리,XSN
경주 여행,370,오롯,NNG
경주 여행,370,보내,VV
경주 여행,370,이번,NNG
경주 여행,370,숙박,NNG
경주 여행,370,특별,NNG
경주 여행,370,느껴졌,VV+EC+VX+EP
경주 여행,370,답니다,EC
경주 여행,370,한옥,NNG
경주 여행,370,펜션,NNG
경주 여행,371,세계,NNG
경주 여행,371,문화유산,NNG
경주 여행,371,시티투어,NNP
경주 여행,371,당일,NNG
경주 여행,371,기차,NNG
경주 여행,371,으로,JKB
경주 여행,371,주말,NNG
경주 여행,371,알차,VA
경주 여행,371,다녀,VV+EC
경주 여행,371,그래도,VV+EC
경주 여행,371,시간,NNG
경주 여행,371,여유,NNG
경주 여행,371,없이,MAG
경주 여행,371,알차,VA
경주 여행,371,다녀오,VV
경주 여행,371,추천,NNG
경주 여행,371,합니다,XSV+EF
경주 여행,371,계획,NNG
경주 여행,371,다면,EC
경주 여행,371,살펴보,VV
경주 여행,371,세요,EP+EF
경주 여행,371,시티투어,NNP
경주 여행,371,기차,NNG
경주 여행,371,당일,NNG
경주 여행,371,불국사,NNG
경주 여행,371,주말,NNG
경주 여행,372,기념품,NNG
경주 여행,372,오르,NNP
경주 여행,372,신라,NNP
경주 여행,372,에서,JKB
경주 여행,372,선물,NNG
경주 여행,372,챙기,VV
경주 여행,372,대표,NNG
경주 여행,372,문화재,NNG
경주 여행,372,모양,NNG
경주 여행,372,초콜릿,NNG
경주 여행,372,으로,JKB
경주 여행,372,만들,VV
경주 여행,372,어서,EC
경주 여행,372,그런지,VA+EC
경주 여행,372,그냥,MAG
경주 여행,372,디저트,NNG
경주 여행,372,라기,VCP+ETN
경주 여행,372,보다,JKB
경주 여행,372,달콤,XR
경주 여행,372,아요,EF
경주 여행,372,기념품,NNG
경주 여행,372,오르,NNP
경주 여행,372,신라,NNP
경주 여행,372,초코,NNP
경주 여행,372,나머지,NNG
경주 여행,372,다음,NNG
경주 여행,372,어요,EF
경주 여행,372,포장,NNG
경주 여행,373,파크스,NNP
경주 여행,373,테이,NNP
경주 여행,373,추천,NNP
경주 여행,373,계획,NNG
경주 여행,373,면서,EC
경주 여행,373,숙소,NNG
경주 여행,373,선택,NNG
경주 여행,373,고민,NNG
경주 여행,373,으셨,EP+EP
경주 여행,373,특히,MAG
경주 여행,373,성비,NNG
경주 여행,373,뛰어난,VA+ETM
경주 여행,373,숙소,NNG
경주 여행,373,으신다면,EP+EC
경주 여행,373,파크,NNG
경주 여행,373,스테이,NNG
경주 여행,373,고려,NNG
경주 여행,373,세요,EP+EF
경주 여행,373,이곳,NP
경주 여행,373,합리,NNG
경주 여행,373,가격,NNG
경주 여행,373,다양,NNG
경주 여행,373,시설,NNG
경주 여행,373,제공,NNG
경주 여행,373,여행객,NNG
경주 여행,374,호텔,NNG
경주 여행,374,나무,NNG
경주 여행,374,추천,NNG
경주 여행,374,후기,NNG
경주 여행,374,황리,NNG
경주 여행,374,근처,NNG
경주 여행,374,완벽,NNG
경주 여행,374,위치,NNG
경주 여행,374,깔끔,XR
경주 여행,374,이번,NNG
경주 여행,374,에서,JKB
경주 여행,374,호텔,NNG
경주 여행,374,정말,MAG
경주 여행,374,만족,NNG
경주 여행,374,스러웠,XSA+EP
경주 여행,374,어요,EF
경주 여행,374,건물,NNG
경주 여행,374,외관,NNG
경주 여행,374,달리,MAG
경주 여행,374,내부,NNP
경주 여행,374,인테리어,NNG
경주 여행,374,너무,MAG
경주 여행,374,덕분,NNG
경주 여행,374,편하,VA
경주 여행,374,도보,NNG
경주 여행,374,즐기,VV
경주 여행,374,분위기,NNG
경주 여행,374,만끽,NNG
경주 여행,374,습니다,EF
경주 여행,374,겉모습,NNG
경주 여행,374,판단,NNG
경주 여행,375,황리,NNG
경주 여행,375,초밥,NNG
경주 여행,375,맛집,NNG
경주 여행,375,치향,NNG
경주 여행,375,초밥,NNG
경주 여행,375,토마,NNP
경주 여행,375,세트,NNG
경주 여행,375,추천,NNG
경주 여행,375,황리,NNG
경주 여행,375,맛집,NNG
경주 여행,375,초밥,NNG
경주 여행,375,황리,NNG
경주 여행,375,일식,NNG
경주 여행,375,황리,NNG
경주 여행,375,치향,NNG
경주 여행,375,황리,NNG
경주 여행,375,토마,NNP
경주 여행,375,초밥,NNG
경주 여행,375,맛집,NNG
경주 여행,375,맛집,NNG
경주 여행,375,일식,NNG
경주 여행,375,토마,NNP
경주 여행,375,황리,NNG
경주 여행,375,데이트,NNG
경주 여행,375,데이트,NNG
경주 여행,375,맛집,NNG
경주 여행,375,황리,NNG
경주 여행,375,밥집,NNG
경주 여행,375,맛집,NNG
경주 여행,375,가족,NNG
경주 여행,375,식사,NNG
경주 여행,376,셀렉,NNP
경주 여행,376,수영장,NNG
경주 여행,376,식당,NNG
경주 여행,376,카페,NNG
경주 여행,376,가족,NNG
경주 여행,376,호텔,NNG
경주 여행,376,이용,NNG
경주 여행,376,경북,NNP
경주 여행,376,셀렉,NNP
경주 여행,376,수영장,NNG
경주 여행,376,식당,NNG
경주 여행,376,카페,NNG
경주 여행,376,가족,NNG
경주 여행,376,호텔,NNG
경주 여행,376,이용,NNG
경주 여행,376,안녕,NNG
경주 여행,376,세요,EP+EF
경주 여행,376,언서,NNG
경주 여행,376,아름,NNG
경주 여행,376,촌장,NNG
경주 여행,376,에요,EF
경주 여행,376,가족,NNG
경주 여행,376,숙소,NNG
경주 여행,376,보문,NNG
경주 여행,376,단지,MAG
경주 여행,376,호텔,NNG
경주 여행,376,많이,MAG
경주 여행,376,비교,NNG
경주 여행,377,보문,NNG
경주 여행,377,호수,NNG
경주 여행,377,달리,VV
경주 여행,377,지난주,NNG
경주 여행,377,가족,NNG
경주 여행,377,습니다,EF
경주 여행,377,알아보,VV
경주 여행,377,보문호,NNP
경주 여행,377,러닝,NNG
경주 여행,377,유명,XR
경주 여행,377,더라고요,EC
경주 여행,377,보문호,NNP
경주 여행,377,일출,NNG
경주 여행,377,너무,MAG
경주 여행,377,이쁘,VA
경주 여행,377,더라고요,EC
경주 여행,377,보문호,NNP
경주 여행,377,달리기,NNG
경주 여행,377,일출,NNG
경주 여행,377,추천,NNG
경주 여행,377,합니다,XSV+EF
경주 여행,377,달리,VV
경주 여행,377,면서,EC
경주 여행,378,소노,NNG
경주 여행,378,감포,NNP
경주 여행,378,조식,NNG
경주 여행,378,수영장,NNG
경주 여행,378,객실,NNG
경주 여행,378,예약,NNG
경주 여행,378,정리,NNP
경주 여행,378,경북,NNP
경주 여행,378,소노,NNG
경주 여행,378,감포,NNP
경주 여행,378,조식,NNG
경주 여행,378,수영장,NNG
경주 여행,378,객실,NNG
경주 여행,378,예약,NNG
경주 여행,378,정리,NNG
경주 여행,378,안녕,NNG
경주 여행,378,세요,EP+EF
경주 여행,378,언서,NNG
경주 여행,378,아름,NNG
경주 여행,378,촌장,NNG
경주 여행,378,에요,EF
경주 여행,378,보통,NNG
경주 여행,378,황리,NNG
경주 여행,378,이나,JC
경주 여행,378,보문,NNG
경주 여행,378,단지,NNG
경주 여행,378,숙소,NNG
경주 여행,378,먼저,MAG
경주 여행,378,는데요,EC
경주 여행,379,스파,NNP
경주 여행,379,펜션,NNG
경주 여행,379,후기,NNG
경주 여행,379,스파,NNP
경주 여행,379,펜션,NNG
경주 여행,379,이름,NNG
경주 여행,379,처럼,JKB
경주 여행,379,스파,NNP
경주 여행,379,시설,NNG
경주 여행,379,정말,MAG
경주 여행,379,뛰어나,VA
경주 여행,379,다고,EC
경주 여행,379,해요,VX+EF
경주 여행,379,특히,MAG
경주 여행,379,가족,NNG
경주 여행,379,단위,NNG
경주 여행,379,여행객,NNG
경주 여행,379,에게,JKB
경주 여행,379,안성맞춤,NNG
경주 여행,379,으로,JKB
경주 여행,379,유명,XR
경주 여행,379,쾌적,XR
경주 여행,379,공간,NNG
경주 여행,379,인상,NNG
경주 여행,379,어요,EF
경주 여행,379,호텔,NNG
경주 여행,379,넘버,NNG
경주 여행,379,25,SN
경주 여행,379,주터,NNP
경주 여행,380,술술,MAG
경주 여행,380,방앗간,NNG
경주 여행,380,평일,NNG
경주 여행,380,웨이팅,NNG
경주 여행,380,후기,NNG
경주 여행,380,휴무일,NNG
경주 여행,380,해서,XSV+EC
경주 여행,380,다녀온,VV+ETM
경주 여행,380,소금,NNG
경주 여행,380,추천,NNG
경주 여행,380,첫날,NNG
경주 여행,380,일단,MAG
경주 여행,380,만큼,NNB
경주 여행,380,적당히,MAG
경주 여행,380,돌아가,VV
경주 여행,380,구매,NNG
경주 여행,380,다면,EC
경주 여행,380,냉동,NNG
경주 여행,380,보관,NNG
경주 여행,380,니까,EC
경주 여행,380,느낌,MAG
경주 여행,380,아이,NNG
경주 여행,380,이랑,JKB
경주 여행,380,디저트,NNG
경주 여행,380,간식,NNG
경주 여행,380,다면,EC
경주 여행,380,술술,MAG
경주 여행,380,방앗간,NNG
경주 여행,380,들러,VV+EC
경주 여행,381,보문,NNG
경주 여행,381,단지,MAG
경주 여행,381,맛집,NNG
경주 여행,381,아침,NNG
경주 여행,381,식사,NNG
경주 여행,381,해장,NNG
경주 여행,381,으로,JKB
경주 여행,381,완벽,NNG
경주 여행,381,전복,NNG
경주 여행,381,해물,NNG
경주 여행,381,뚝배,NNG
경주 여행,381,싱싱,XR
경주 여행,381,해산물,NNG
경주 여행,381,따뜻,XR
경주 여행,381,국물,NNG
경주 여행,381,덕분,NNG
경주 여행,381,속도,NNG
경주 여행,381,편안,NNG
경주 여행,381,풀리,VV
경주 여행,381,시작,NNG
경주 여행,381,기분,NNG
경주 여행,381,맛집,NNG
경주 여행,381,아침,NNG
경주 여행,381,식사,NNG
경주 여행,381,장맛,NNG
경주 여행,381,부모,NNG
경주 여행,381,맛집,NNG
경주 여행,381,보문,NNG
경주 여행,381,단지,MAG
경주 여행,381,아침,NNG
경주 여행,381,식사,NNG
경주 여행,381,코스,NNG
경주 여행,381,보문,NNG
경주 여행,381,단지,MAG
경주 여행,381,한식,NNG
경주 여행,382,얼굴,NNG
경주 여행,382,후기,NNG
경주 여행,382,재미있,VA
경주 여행,382,인증,NNG
경주 여행,382,으로,JKB
경주 여행,382,특별,NNG
경주 여행,382,만들,VV
경주 여행,382,무엇,NP
경주 여행,382,보다,JKB
경주 여행,382,너무,MAG
경주 여행,382,맛있,VA
경주 여행,382,어린아이,NNG
경주 여행,382,부터,JX
경주 여행,382,어른,NNG
경주 여행,382,간식거리,NNG
경주 여행,382,필수,NNG
경주 여행,382,코스,NNG
경주 여행,382,으로,JKB
경주 여행,382,얼굴,NNG
경주 여행,382,솔직,XR
경주 여행,382,추천,NNG
경주 여행,382,영상,NNG
경주 여행,382,으로,JKB
경주 여행,382,살펴보,VV
경주 여행,382,위치,NNG
경주 여행,382,정보,NNG
경주 여행,383,소노,NNP
경주 여행,383,스파,NNP
경주 여행,383,조식,NNP
경주 여행,383,스위트,NNP
경주 여행,383,객실,NNG
경주 여행,383,리조트,NNG
경주 여행,383,추천,NNP
경주 여행,383,경북,NNP
경주 여행,383,소노,NNG
경주 여행,383,스파,NNP
경주 여행,383,조식,NNP
경주 여행,383,스위트,NNP
경주 여행,383,객실,NNG
경주 여행,383,리조트,NNG
경주 여행,383,추천,NNG
경주 여행,383,안녕,NNG
경주 여행,383,세요,EP+EF
경주 여행,383,언서,NNG
경주 여행,383,아름,NNG
경주 여행,383,촌장,NNG
경주 여행,383,에요,EF
경주 여행,383,숙소,NNG
경주 여행,383,보문관광단지,NNP
경주 여행,383,리조트,NNG
경주 여행,383,비교,NNG
경주 여행,384,데이트,NNG
경주 여행,384,한정식,NNG
경주 여행,384,유명,XR
경주 여행,384,맛집,NNG
경주 여행,384,맛집,NNG
경주 여행,384,산해,NNG
경주 여행,384,식당,NNG
경주 여행,384,후기,NNG
경주 여행,384,산해,NNG
경주 여행,384,식당,NNG
경주 여행,384,에요,EF
경주 여행,384,보문,NNG
경주 여행,384,단지,NNG
경주 여행,384,가까운,VA+ETM
경주 여행,384,동선,NNG
경주 여행,384,무엇,NP
경주 여행,384,보다,JKB
경주 여행,384,느낌,NNG
경주 여행,384,물씬,MAG
경주 여행,384,외관,NNG
경주 여행,384,실내,NNG
경주 여행,384,분위기,NNG
경주 여행,384,분위기,NNG
경주 여행,384,정말,MAG
경주 여행,384,어울리,VV
경주 여행,384,더라구요,EF
경주 여행,384,산해,NNP
경주 여행,384,식당,NNG
경주 여행,384,영업시간,NNG
경주 여행,384,매일,NNG
경주 여행,385,택시,NNG
경주 여행,385,경험담,NNG
경주 여행,385,솔직,XR
경주 여행,385,전해요,VV+EF
경주 여행,385,최근,MAG
경주 여행,385,택시,NNG
경주 여행,385,느낀,VV+ETM
경주 여행,385,솔직,XR
경주 여행,385,나누,VV
경주 여행,385,고자,EC
경주 여행,385,합니다,VX+EF
경주 여행,385,편리,NNG
경주 여행,385,지역,NNG
경주 여행,385,특색,NNG
경주 여행,385,함께,MAG
경주 여행,385,만족,NNG
경주 여행,385,스러운,XSA+ETM
경주 여행,385,예요,VCP+EF
경주 여행,385,에서,JKB
경주 여행,385,택시,NNG
경주 여행,385,면서,EC
경주 여행,385,느꼈,VV+EP
경주 여행,385,공유,NNG
경주 여행,385,면서,EC
경주 여행,385,으로,JKB
경주 여행,385,방문,NNG
경주 여행,386,태교,NNG
경주 여행,386,으로,JKB
경주 여행,386,다녀온,VV+ETM
경주 여행,386,임산부,NNG
경주 여행,386,pick,SL
경주 여행,386,맛집,NNG
경주 여행,386,연말,NNG
경주 여행,386,태교,NNG
경주 여행,386,으로,JKB
경주 여행,386,남편,NNG
경주 여행,386,이랑,JC
경주 여행,386,다녀왔,VV+EP
경주 여행,386,입덧,NNG
경주 여행,386,아기,NNG
경주 여행,386,먹성,NNG
경주 여행,386,으로,JKB
경주 여행,386,배고픈,VA+ETM
경주 여행,386,그래서,MAJ
경주 여행,386,는데,EC
경주 여행,386,습니다,EF
경주 여행,386,밑반찬,NNG
경주 여행,386,아주,MAG
경주 여행,386,정갈,XR
경주 여행,386,합니다,XSA+EF
경주 여행,386,감자,NNG
경주 여행,386,샐러드,NNG
경주 여행,387,힐튼,NNP
경주 여행,387,호텔,NNG
경주 여행,387,여름,NNG
경주 여행,387,수영장,NNG
경주 여행,387,아기,NNG
경주 여행,387,온돌,NNG
경주 여행,387,조식,NNG
경주 여행,387,16,SN
경주 여행,387,개월,NNBC
경주 여행,387,아기,NNG
경주 여행,387,으로,JKB
경주 여행,387,다녀왔,VV+EP
경주 여행,387,어요,EF
경주 여행,387,작년,NNG
경주 여행,387,2025,SN
경주 여행,387,후기,NNG
경주 여행,387,참고,NNG
경주 여행,387,세요,EP+EF
경주 여행,387,엄마,NNG
경주 여행,387,아빠,NNG
경주 여행,387,따라,VV+EC
경주 여행,387,끌려가,VV
경주 여행,387,찰떡,NNG
경주 여행,387,우리,NP
경주 여행,387,가족,NNG
경주 여행,387,너무,MAG
경주 여행,387,설렜,VV+EP
경주 여행,387,다는,ETM
경주 여행,387,고작,MAG
경주 여행,387,인데,VCP+EC
경주 여행,387,이만큼,MAG
경주 여행,388,추천,NNG
경주 여행,388,황남,NNG
경주 여행,388,두꺼비,NNG
경주 여행,388,식당,NNG
경주 여행,388,코스,NNG
경주 여행,388,필수,NNG
경주 여행,388,첨성대,NNG
경주 여행,388,추천,NNG
경주 여행,388,황남,NNG
경주 여행,388,두꺼비,NNG
경주 여행,388,식당,NNG
경주 여행,388,코스,NNG
경주 여행,388,필수,NNG
경주 여행,388,첨성대,NNG
경주 여행,388,세트,NNG
경주 여행,388,한상,NNG
경주 여행,388,후기,NNG
경주 여행,388,이나,JC
경주 여행,388,코스,NNG
경주 여행,388,황남,NNG
경주 여행,388,두꺼비,NNG
경주 여행,388,식당,NNG
경주 여행,388,스타,NNG
경주 여행,388,에서,JKB
경주 여행,388,워낙,MAG
경주 여행,388,첨성대,NNG
경주 여행,388,모양,NNG
경주 여행,389,황남,NNG
경주 여행,389,찰보리빵,NNP
경주 여행,389,맛집,NNG
경주 여행,389,황리,NNG
경주 여행,389,선물,NNG
경주 여행,389,살펴보,VV
경주 여행,389,황리,NNG
경주 여행,389,간식,NNG
경주 여행,389,황남,NNG
경주 여행,389,여러분,NP
경주 여행,389,안녕하,VA
경주 여행,389,세요,EP+EF
경주 여행,389,준비,NNG
경주 여행,389,황리,NNG
경주 여행,389,이나,JC
경주 여행,389,황리,NNG
경주 여행,389,이나,JC
경주 여행,389,대릉원,NNG
경주 여행,389,인근,NNG
경주 여행,389,에서,JKB
경주 여행,389,간식,NNG
경주 여행,389,선물,NNG
경주 여행,389,함께,MAG
경주 여행,389,준비,NNG
경주 여행,389,다면,EC
경주 여행,389,황남,NNG
경주 여행,389,찰보리,NNP
경주 여행,390,딸기,NNG
경주 여행,390,수플레,NNG
경주 여행,390,유명,XR
경주 여행,390,구릉,NNG
경주 여행,390,내산,NNG
경주 여행,390,다녀온,VV+ETM
경주 여행,390,후기,NNG
경주 여행,390,메뉴,NNG
경주 여행,390,가격,NNG
경주 여행,390,다음,NNG
경주 여행,390,카페,NNG
경주 여행,390,후기,NNG
경주 여행,390,궁금,XR
경주 여행,390,위해,VV+EC
경주 여행,390,저장,NNG
경주 여행,390,습니다,EF
경주 여행,390,카페,NNG
경주 여행,390,카페,NNG
경주 여행,390,구릉,NNG
경주 여행,390,디저트,NNG
경주 여행,390,카페,NNG
경주 여행,390,데이트,NNG
경주 여행,390,코스,NNG
경주 여행,390,딸기,NNG
경주 여행,390,수플레,NNG
경주 여행,390,맛집,NNG
경주 여행,391,힐튼,NNP
경주 여행,391,조식,NNP
경주 여행,391,디럭스,NNP
경주 여행,391,더블,NNG
경주 여행,391,유레카,NNG
경주 여행,391,수영장,NNG
경주 여행,391,후기,NNG
경주 여행,391,숙소,NNG
경주 여행,391,힐튼,NNP
경주 여행,391,항상,MAG
경주 여행,391,상위,NNG
경주 여행,391,나오,VV
경주 여행,391,더라구요,EF
경주 여행,391,보문관광단지,NNP
경주 여행,391,부근,NNG
경주 여행,391,위치,NNG
경주 여행,391,세련,XR
경주 여행,391,면서,EC
경주 여행,391,편안,NNG
경주 여행,391,느낌,NNG
경주 여행,391,비즈니스,NNG
경주 여행,391,출장,NNG
경주 여행,391,으로,JKB
경주 여행,391,목적,NNG
경주 여행,391,으로,JKB
경주 여행,391,스타일,NNG
경주 여행,391,에요,EF
경주 여행,392,황리,NNG
경주 여행,392,맛집,NNG
경주 여행,392,닭강정,NNP
경주 여행,392,새우,NNG
경주 여행,392,세트,NNG
경주 여행,392,간식,NNG
경주 여행,392,야식,NNG
경주 여행,392,포장,NNG
경주 여행,392,주차,NNG
경주 여행,392,계획,NNG
경주 여행,392,맛집,NNG
경주 여행,392,투어,NNG
경주 여행,392,빼놓,VV
경주 여행,392,는데요,EF
경주 여행,392,특히,MAG
경주 여행,392,황리,NNG
경주 여행,392,방문,NNG
경주 여행,392,다면,EC
경주 여행,392,식사,NNG
경주 여행,392,아니,VCN
경주 여행,392,면서,EC
경주 여행,392,가볍,VA
경주 여행,392,즐길,VV+ETM
경주 여행,392,황리,NNG
경주 여행,392,간식,NNG
경주 여행,392,하나,NR
경주 여행,392,맛봐야,VV+EC
경주 여행,392,겠죠,VX+EP+EC
경주 여행,392,이번,NNG
경주 여행,392,에서,JKB
경주 여행,393,황리,NNG
경주 여행,393,맛집,NNG
경주 여행,393,온채,NNG
경주 여행,393,저녁,NNG
경주 여행,393,한식,NNG
경주 여행,393,추천,NNG
경주 여행,393,황리,NNG
경주 여행,393,한식,NNG
경주 여행,393,블루리본,NNG
경주 여행,393,맛집,NNG
경주 여행,393,경북,NNP
경주 여행,393,경주시,NNP
경주 여행,393,포석로,NNP
경주 여행,393,1079,SN
경주 여행,393,정동,NNG
경주 여행,393,29,SN
경주 여행,393,0507,SN
경주 여행,393,1323,SN
경주 여행,393,3904,SN
경주 여행,393,안녕,NNG
경주 여행,393,세요,EP+EF
경주 여행,393,입니다,VCP+EF
경주 여행,393,돌아다니,VV
경주 여행,393,다가,EC
경주 여행,393,저녁,NNG
경주 여행,393,위해,VV+EC
경주 여행,393,습니다,EF
경주 여행,393,이번,NNG
경주 여행,394,이런,MM
경주 여행,394,인생,NNG
경주 여행,394,건지,NNB+VCP+EC
경주 여행,394,지금,MAG
경주 여행,394,이유,NNG
경주 여행,394,여름,NNG
경주 여행,394,끝자락,NNG
경주 여행,394,가을,NNG
경주 여행,394,시작,NNG
경주 여행,394,만나,VV
경주 여행,394,마법,NNG
경주 여행,394,시기,NNG
경주 여행,394,입니다,VCP+EF
경주 여행,394,따스,XR
경주 여행,394,햇볕,NNG
경주 여행,394,내리쬐,VV
경주 여행,394,지만,EC
경주 여행,394,저녁,NNG
경주 여행,394,선선,XR
경주 여행,394,바람,NNG
경주 여행,394,불어와,VV+EC
경주 여행,394,유적지,NNG
경주 여행,394,적의,NNG
경주 여행,395,스타,NNG
경주 여행,395,벅스,NNP
경주 여행,395,보문,NNG
경주 여행,395,호수,NNG
경주 여행,395,DT,SL
경주 여행,395,카페,NNG
경주 여행,395,어서,EC
경주 여행,395,분위기,NNG
경주 여행,395,시간,NNG
경주 여행,395,이어,MAG
경주 여행,395,답니다,EC
경주 여행,395,맛있,VA
경주 여행,395,음료,NNG
경주 여행,395,디저트,NNG
경주 여행,395,으며,EC
경주 여행,395,충분히,MAG
경주 여행,395,휴식,NNG
경주 여행,395,취하,VV
경주 여행,395,다시,MAG
경주 여행,395,에서,JKB
경주 여행,395,갑니다,VX+EC
경주 여행,395,구입,NNG
경주 여행,395,직접,NNG
경주 여행,395,체험,NNG
경주 여행,395,내산,NNG
경주 여행,396,한옥,NNG
경주 여행,396,펜션,NNG
경주 여행,396,고즈넉,XR
경주 여행,396,한옥,NNP
경주 여행,396,스테이,NNP
경주 여행,396,관광지,NNG
경주 여행,396,돌아다니,VV
경주 여행,396,보다,JKB
경주 여행,396,조용,XR
경주 여행,396,에서,JKB
경주 여행,396,시간,NNG
경주 여행,396,복잡,XR
경주 여행,396,여행지,NNG
경주 여행,396,에서,JKB
경주 여행,396,벗어나,VV+EC
경주 여행,396,시간,NNG
경주 여행,396,보내,VV
경주 여행,396,라면,EC
경주 여행,396,커플,NNG
경주 여행,396,펜션,NNG
경주 여행,396,으로,JKB
경주 여행,396,어울릴,VV+ETM
경주 여행,396,아요,EC
경주 여행,397,아이,NNG
경주 여행,397,신상,NNG
경주 여행,397,실내,NNG
경주 여행,397,여행지,NNG
경주 여행,397,문무대왕,NNP
경주 여행,397,해양,NNG
경주 여행,397,역사관,NNG
경주 여행,397,실내,NNG
경주 여행,397,아이,VCN
경주 여행,397,랑가,EC
경주 여행,397,문무대왕,NNP
경주 여행,397,해양,NNG
경주 여행,397,역사관,NNG
경주 여행,397,신상,NNG
경주 여행,397,여행지,NNG
경주 여행,397,아이,NNG
경주 여행,397,아이,NNG
경주 여행,397,거리,EC
경주 여행,397,무료,NNG
경주 여행,397,가족,NNG
경주 여행,397,감포,NNP
경주 여행,397,동해안,NNP
경주 여행,398,황리,NNG
경주 여행,398,카페,NNG
경주 여행,398,설월,NNG
경주 여행,398,황리,NNG
경주 여행,398,카페,NNG
경주 여행,398,황리,NNG
경주 여행,398,카페,NNG
경주 여행,398,추천,NNP
경주 여행,398,황리,NNG
경주 여행,398,카페,NNG
경주 여행,398,한옥,NNG
경주 여행,398,카페,NNG
경주 여행,398,황리,NNG
경주 여행,398,한옥,NNG
경주 여행,398,카페,NNG
경주 여행,398,디저트,NNG
경주 여행,398,카페,NNG
경주 여행,398,황리,NNG
경주 여행,398,디저트,NNG
경주 여행,398,대릉원,NNG
경주 여행,398,타르트,NNG
경주 여행,398,디저트,NNG
경주 여행,398,맛집,NNG
경주 여행,398,황리,NNG
경주 여행,398,대릉원,NNG
경주 여행,398,카페,NNG
경주 여행,399,맛집,NNG
경주 여행,399,추천,NNG
경주 여행,399,가게,NNG
경주 여행,399,터진,VV+ETM
경주 여행,399,주점,NNG
경주 여행,399,에서,JKB
경주 여행,399,맛본,VV+ETM
경주 여행,399,이용,NNG
경주 여행,399,시간,NNG
경주 여행,399,오전,NNG
경주 여행,399,11,SN
경주 여행,399,부터,JX
경주 여행,399,오후,NNG
경주 여행,399,까지,JX
경주 여행,399,아주,MAG
경주 여행,399,넉넉,XR
경주 여행,399,운영,NNG
경주 여행,399,어서,EC
경주 여행,399,주말,NNG
경주 여행,399,가족,NNG
경주 여행,399,외식,NNG
경주 여행,399,이나,JC
경주 여행,399,코스,NNG
경주 여행,399,들르,VV
경주 여행,399,부담,NNG
경주 여행,399,없이,MAG
경주 여행,399,라는,ETM
경주 여행,399,생각,NNG
경주 여행,399,맛집,NNG
경주 여행,399,추천,NNG
경주 여행,399,가게,NNG
경주 여행,399,맛집,NNG
경주 여행,399,터진,VV+ETM
경주 여행,400,야경,NNG
경주 여행,400,명소,NNG
경주 여행,400,동궁,NNG
경주 여행,400,월지,NNG
경주 여행,400,안압지,NNP
경주 여행,400,야경,NNG
경주 여행,400,직접,MAG
경주 여행,400,신라,NNG
경주 여행,400,만나,VV
경주 여행,400,야간,NNG
경주 여행,400,야경,NNG
경주 여행,400,명소,NNG
경주 여행,400,동궁,NNG
경주 여행,400,월지,NNG
경주 여행,400,예쁜,VA+ETM
경주 여행,400,대릉원,NNG
경주 여행,400,이나,JC
경주 여행,400,첨성대,NNG
경주 여행,400,역사,NNG
경주 여행,400,유적지,NNG
경주 여행,400,둘러보,VV
경주 여행,400,저녁,NNG
경주 여행,400,야경,NNG
경주 여행,400,찾아가,VV
경주 여행,401,야경,NNG
경주 여행,401,명소,NNG
경주 여행,401,동궁,NNG
경주 여행,401,월지,NNG
경주 여행,401,안압지,NNP
경주 여행,401,야경,NNG
경주 여행,401,직접,MAG
경주 여행,401,신라,NNG
경주 여행,401,만나,VV
경주 여행,401,야간,NNG
경주 여행,401,야경,NNG
경주 여행,401,명소,NNG
경주 여행,401,동궁,NNG
경주 여행,401,월지,NNG
경주 여행,401,예쁜,VA+ETM
경주 여행,401,대릉원,NNG
경주 여행,401,이나,JC
경주 여행,401,첨성대,NNG
경주 여행,401,역사,NNG
경주 여행,401,유적지,NNG
경주 여행,401,둘러보,VV
경주 여행,401,저녁,NNG
경주 여행,401,야경,NNG
경주 여행,401,찾아가,VV
경주 여행,402,야경,NNG
경주 여행,402,명소,NNG
경주 여행,402,동궁,NNG
경주 여행,402,월지,NNG
경주 여행,402,입장료,NNG
경주 여행,402,주차,NNG
경주 여행,402,까지,JX
경주 여행,402,내산,NNG
경주 여행,402,야경,NNG
경주 여행,402,명소,NNG
경주 여행,402,워낙,MAG
경주 여행,402,유명,XR
경주 여행,402,주말,NNG
경주 여행,402,이나,JC
경주 여행,402,여행객,NNG
경주 여행,402,시기,NNG
경주 여행,402,어느,MM
경주 여행,402,정도,NNG
경주 여행,402,각오,NNG
경주 여행,402,코스,NNG
경주 여행,402,데이트,NNG
경주 여행,402,데이트,NNG
경주 여행,402,코스,NNG
경주 여행,402,야간,NNG
경주 여행,402,관광,NNG
경주 여행,402,동궁,NNG
경주 여행,402,월지,NNG
경주 여행,402,주차,NNG
경주 여행,403,황리,NNG
경주 여행,403,데이트,NNG
경주 여행,403,플래그,NNG
경주 여행,403,스토어,NNG
경주 여행,403,최초,NNG
경주 여행,403,방문,NNG
경주 여행,403,0507,SN
경주 여행,403,1365,SN
경주 여행,403,4007,SN
경주 여행,403,주소,NNG
경주 여행,403,포석,NNG
경주 여행,403,1061,SN
경주 여행,403,매일,MAG
경주 여행,403,11,SN
경주 여행,403,00,SN
경주 여행,403,21,SN
경주 여행,403,30,SN
경주 여행,403,쭈우욱,UNKNOWN
경주 여행,403,플래그,NNG
경주 여행,403,발견,NNG
경주 여행,403,액운,NNG
경주 여행,403,정화,NNG
경주 여행,403,원석,NNG
경주 여행,403,무료,NNG
경주 여행,403,사주,NNG
경주 여행,403,오행,NNG
경주 여행,403,조회,NNG
경주 여행,403,재물,NNG
경주 여행,403,원석,NNG
경주 여행,403,체험,NNG
경주 여행,403,즐길,VV+ETM
경주 여행,403,플래그,NNG
경주 여행,403,스토어,NNG
경주 여행,404,그냥,MAG
경주 여행,404,지나치,VA
경주 여행,404,후회,NNG
경주 여행,404,해요,XSA+EF
경주 여행,404,황리,NNG
경주 여행,404,거리,EC
경주 여행,404,소품,NNG
경주 여행,404,TOP,SL
경주 여행,404,언서,NNG
경주 여행,404,여행가,NNG
경주 여행,404,나연,NNP
경주 여행,404,입니다,VCP+EF
경주 여행,404,역시,MAJ
경주 여행,404,소품,NNG
경주 여행,404,매장,NNG
경주 여행,404,마다,JX
경주 여행,404,분위기,NNG
경주 여행,404,달라서,VA+EC
경주 여행,404,소품,NNG
경주 여행,404,한테,JKB
경주 여행,404,구경,NNG
경주 여행,404,자체,NNG
경주 여행,404,하나,NR
경주 여행,404,코스,NNG
경주 여행,404,어요,EF
경주 여행,404,특히,MAG
경주 여행,405,정교,NNG
경주 여행,405,주간,NNG
경주 여행,405,야경,NNG
경주 여행,405,교촌,NNG
경주 여행,405,마을,NNG
경주 여행,405,바로,MAG
경주 여행,405,동네,NNG
경주 여행,405,보다,JKB
경주 여행,405,외국인,NNG
경주 여행,405,우선,NNG
경주 여행,405,니까요,EF
경주 여행,405,봐도,VV+EC
경주 여행,405,합성,NNG
경주 여행,405,사진,NNG
경주 여행,405,하지만,MAJ
경주 여행,405,리얼,NNG
경주 여행,405,원본,NNG
경주 여행,405,사진,NNG
경주 여행,405,정교,NNG
경주 여행,405,시내,NNG
경주 여행,405,권역,NNG
경주 여행,405,관광지,NNG
경주 여행,405,문화,NNG
경주 여행,405,관광,NNG
경주 여행,405,정교,NNG
경주 여행,405,여행지,NNG
경주 여행,405,열린,VV+ETM
경주 여행,405,관광,NNG
경주 여행,405,모두,NNG
경주 여행,406,26,SN
경주 여행,406,09,SN
경주 여행,406,01,SN
경주 여행,406,02,SN
경주 여행,406,원래,NNG
경주 여행,406,강릉,NNP
경주 여행,406,목적,NNG
경주 여행,406,는데,EC
경주 여행,406,옥수수,NNG
경주 여행,406,이슈,NNG
경주 여행,406,강릉,NNP
경주 여행,406,보다,JKB
경주 여행,406,가까운,VA+ETM
경주 여행,406,경주로,NNG
경주 여행,406,결정,NNG
경주 여행,406,유튜브,NNP
경주 여행,406,검색,NNG
경주 여행,406,통해,VV+EC
경주 여행,406,맛집,NNG
경주 여행,406,여기저기,NNG
경주 여행,406,는데,EC
경주 여행,406,아빠,NNG
경주 여행,406,해산물,NNG
경주 여행,406,아함,IC+ETN
경주 여행,406,엄마,NNG
경주 여행,406,딱히,MAG
경주 여행,406,지만,EC
경주 여행,407,맛집,NNG
경주 여행,407,디저트,NNG
경주 여행,407,맛집,NNG
경주 여행,407,포장,NNG
경주 여행,407,선물,NNG
경주 여행,407,강추,NNG
경주 여행,407,호문,NNG
경주 여행,407,마지막,NNG
경주 여행,407,코스,NNG
경주 여행,407,디저트,NNG
경주 여행,407,선물,NNG
경주 여행,407,아이,NNG
경주 여행,407,어른,NNG
경주 여행,407,없이,MAG
경주 여행,407,정말,MAG
경주 여행,407,괜찮,VA
경주 여행,407,디저트,NNG
경주 여행,407,선물,NNG
경주 여행,407,정말,MAG
경주 여행,407,괜찮,VA
경주 여행,407,파이,NNG
경주 여행,407,인지,VCP+EC
경주 여행,407,주차,NNG
경주 여행,407,어떤지,VA+EC
경주 여행,407,알아볼,VV+ETM
경주 여행,407,맛집,NNG
경주 여행,407,호문,NNG
경주 여행,407,파이,NNG
경주 여행,407,요약,NNG
경주 여행,408,애견,NNG
경주 여행,408,동반,NNG
경주 여행,408,호텔,NNG
경주 여행,408,반려,NNG
경주 여행,408,파크,NNG
경주 여행,408,가족,NNG
경주 여행,408,식구,NNG
경주 여행,408,이랑,JKB
경주 여행,408,강아지,NNG
경주 여행,408,까지,JX
경주 여행,408,같이,MAG
경주 여행,408,그렇게,MAG
경주 여행,408,다가,EC
경주 여행,408,고른,VV+ETM
경주 여행,408,보문관광단지,NNP
경주 여행,408,애견,NNG
경주 여행,408,동반,NNG
경주 여행,408,호텔,NNG
경주 여행,408,저희,NP
경주 여행,408,처럼,JKB
경주 여행,408,성인,NNG
경주 여행,408,강아지,NNG
경주 여행,408,조합,NNG
경주 여행,408,가족,NNG
경주 여행,408,이나,JC
경주 여행,408,조용,XR
경주 여행,408,강아지,NNG
경주 여행,409,황리,NNG
경주 여행,409,한복,NNG
경주 여행,409,대여,NNG
경주 여행,409,화연,NNG
경주 여행,409,한복,NNG
경주 여행,409,신라,NNP
경주 여행,409,후기,NNG
경주 여행,409,얼굴,NNG
경주 여행,409,사진,NNG
경주 여행,409,포즈,NNG
경주 여행,409,모음,NNG
경주 여행,409,특히,MAG
경주 여행,409,라는,VCP+ETM
경주 여행,409,장소,NNG
경주 여행,409,의상,NNG
경주 여행,409,자연,NNG
경주 여행,409,스럽,XSA
경주 여행,409,연결,NNG
경주 여행,409,니까,EC
경주 여행,409,그냥,MAG
경주 여행,409,예쁜,VA+ETM
경주 여행,409,한복,NNG
경주 여행,409,사진,NNG
경주 여행,409,보다,JKB
경주 여행,409,에서,JKB
경주 여행,409,사진,NNG
경주 여행,409,라는,ETM
경주 여행,409,느낌,NNG
경주 여행,409,확실,XR
경주 여행,409,어요,EF
경주 여행,409,합장,NNG
경주 여행,409,야호,NNG
경주 여행,410,황리,NNG
경주 여행,410,맛집,NNG
경주 여행,410,황남,NNG
경주 여행,410,우엉,NNG
경주 여행,410,김밥,NNG
경주 여행,410,생활,NNG
경주 여행,410,달인,NNG
경주 여행,410,우엉조림,NNG
경주 여행,410,이용,NNG
경주 여행,410,숙소,NNG
경주 여행,410,에서,JKB
경주 여행,410,간단,XR
경주 여행,410,아침,NNG
경주 여행,410,식사,NNG
경주 여행,410,려고,EC
경주 여행,410,방문,NNG
경주 여행,410,황리,NNG
경주 여행,410,위치,NNG
경주 여행,410,황남,NNG
경주 여행,410,우엉,NNG
경주 여행,410,김밥,NNG
경주 여행,410,이름,NNG
경주 여행,410,그대로,MAG
경주 여행,410,우엉,NNG
경주 여행,410,김밥,NNG
경주 여행,410,듬뿍,MAG
경주 여행,410,올려,VV+EC
경주 여행,410,김밥,NNG
경주 여행,410,인데,VCP+EC
경주 여행,410,사진,NNG
경주 여행,410,으로,JKB
경주 여행,410,부터,JX
경주 여행,410,일반,NNG
경주 여행,410,김밥,NNG
경주 여행,410,이랑,JKB
경주 여행,411,숙소,NNG
경주 여행,411,추천,NNG
경주 여행,411,BEST,SL
경주 여행,411,황리,NNG
경주 여행,411,부터,JX
경주 여행,411,가성,NNG
경주 여행,411,독채,NNG
경주 여행,411,까지,JX
경주 여행,411,오늘,MAG
경주 여행,411,소개,NNG
경주 여행,411,드린,VX+ETM
경주 여행,411,정보,NNG
경주 여행,411,여러분,NP
경주 여행,411,준비,NNG
경주 여행,411,조금,NNG
경주 여행,411,이나마,JX
경주 여행,411,도움,NNG
경주 여행,411,바랍니다,VV+EF
경주 여행,411,머무,VV
경주 여행,411,숙소,NNG
경주 여행,411,따라,VV+EC
경주 여행,411,색깔,NNG
경주 여행,411,완전히,MAG
경주 여행,411,달라지,VV
경주 여행,411,매력,NNG
경주 여행,411,도시,NNG
경주 여행,411,입니다,VCP+EF
경주 여행,411,에게,JKB
경주 여행,411,숙소,NNG
경주 여행,412,감포,NNP
경주 여행,412,수산,NNG
경주 여행,412,시장,NNG
경주 여행,412,가성,NNG
경주 여행,412,포장,NNG
경주 여행,412,신선,XR
경주 여행,412,부부,NNG
경주 여행,412,수산,NNG
경주 여행,412,방문,NNG
경주 여행,412,감포,NNP
경주 여행,412,까지,JX
경주 여행,412,는데,EC
경주 여행,412,신선,XR
경주 여행,412,그래서,MAJ
경주 여행,412,감포,NNP
경주 여행,412,수산,NNG
경주 여행,412,시장,NNG
경주 여행,412,수협,NNG
경주 여행,412,활어,NNG
경주 여행,412,직판장,NNG
경주 여행,412,역시,MAJ
경주 여행,412,감포,NNP
경주 여행,412,횟집,NNG
경주 여행,412,방문,NNG
경주 여행,412,줘야,VX+EC+VX
경주 여행,412,경북,NNP
경주 여행,412,경주시,NNP
경주 여행,412,감포읍,NNP
경주 여행,412,감포항,NNP
경주 여행,412,구길,VV+ETM
경주 여행,412,91,SN
경주 여행,412,수협,NNG
경주 여행,412,활어,NNG
경주 여행,412,직판장,NNG
경주 여행,412,매주,NNG
경주 여행,412,수요일,NNG
경주 여행,413,코스,NNG
경주 여행,413,추천,NNG
경주 여행,413,맛집,NNG
경주 여행,413,추천,NNG
경주 여행,413,신혼,NNG
경주 여행,413,갔다오,VV
경주 여행,413,지나,VV+EC
경주 여행,413,국내,NNG
경주 여행,413,요즘,NNG
경주 여행,413,볼거리,NNG
경주 여행,413,맛있,VA
경주 여행,413,원두,NNG
경주 여행,413,다양,NNG
경주 여행,413,직원,NNG
경주 여행,413,라떼,NNG
경주 여행,413,신기,XR
경주 여행,413,해서,XSA+EC
경주 여행,413,시켜,VV+EC
경주 여행,413,지만,EC
경주 여행,413,행복,NNG
경주 여행,413,재밌,VA
경주 여행,414,깨끗,XR
경주 여행,414,가격,NNG
경주 여행,414,저렴,XR
경주 여행,414,숙소,NNG
경주 여행,414,추천,NNG
경주 여행,414,메종,NNG
경주 여행,414,미니,NNG
경주 여행,414,호텔,NNG
경주 여행,414,내산,NNP
경주 여행,414,가성,NNG
경주 여행,414,숙소,NNG
경주 여행,414,추천,NNG
경주 여행,414,황리,NNG
경주 여행,414,걸어서,VV+EC
경주 여행,414,15,SN
경주 여행,414,신호등,NNG
경주 여행,414,걸리,VV
경주 여행,414,10,SN
경주 여행,414,황리,NNG
경주 여행,414,중앙,NNG
경주 여행,414,시장,NNG
경주 여행,414,사이,NNG
경주 여행,414,예약,NNG
경주 여행,414,찝찝,XR
경주 여행,414,없이,MAG
경주 여행,414,시작,NNG
경주 여행,414,수건,NNG
경주 여행,414,헤어,NNG
경주 여행,414,드라,VCP+EF
경주 여행,414,이기,NP+JKS
경주 여행,414,위생,NNG
경주 여행,414,가운,NNG
경주 여행,415,불국사,NNP
경주 여행,415,근처,NNG
경주 여행,415,맛집,NNG
경주 여행,415,초원,NNG
경주 여행,415,석쇠,NNG
경주 여행,415,불고기,NNG
경주 여행,415,주소,NNG
경주 여행,415,경북,NNP
경주 여행,415,경주시,NNP
경주 여행,415,진현,NNG
경주 여행,415,54,SN
경주 여행,415,입니다,VCP+EF
경주 여행,415,실제로,MAG
경주 여행,415,불국사,NNP
경주 여행,415,주변,NNG
경주 여행,415,맛집,NNG
경주 여행,415,으로,JKB
경주 여행,415,많이,MAG
경주 여행,415,가족,NNG
경주 여행,415,식사,NNG
경주 여행,415,에게,JKB
경주 여행,415,아요,EF
경주 여행,415,무엇,NP
경주 여행,415,보다,JKB
경주 여행,415,에서,JKB
경주 여행,415,불국사,NNP
경주 여행,415,방문,NNG
경주 여행,415,한다면,XSV+EC
경주 여행,415,관광,NNG
경주 여행,416,맛집,NNG
경주 여행,416,황리,NNG
경주 여행,416,산도,NNG
경주 여행,416,맛집,NNG
경주 여행,416,이치,NNG
경주 여행,416,니산,NNP
경주 여행,416,내산,NNP
경주 여행,416,후기,NNG
경주 여행,416,이용,NNG
경주 여행,416,방문,NNG
경주 여행,416,이치,NNG
경주 여행,416,니산,NNP
경주 여행,416,원래,MAG
경주 여행,416,산도,NNG
경주 여행,416,디저트,NNG
경주 여행,416,별로,MAG
경주 여행,416,좋아하,VV
경주 여행,416,는데,EC
경주 여행,416,에서,JKB
경주 여행,416,엄청,MAG
경주 여행,416,다고,EC
경주 여행,416,해서,VV+EC
경주 여행,416,슬쩍,MAG
경주 여행,416,이치,NP
경주 여행,416,산도,NNG
경주 여행,416,웨이팅,NNG
경주 여행,416,어라,IC
경주 여행,416,이것,NP
경주 여행,416,예요,VCP+EF
경주 여행,416,우리,NP
경주 여행,416,방문,NNG
경주 여행,416,오전,NNG
경주 여행,416,재료,NNG
경주 여행,417,독채,NNG
경주 여행,417,빌라,NNG
경주 여행,417,다가,EC
경주 여행,417,발견,NNG
경주 여행,417,래태리,NNP
경주 여행,417,펜션,NNG
경주 여행,417,가족,NNG
경주 여행,417,끼리,XSN
경주 여행,417,제대,NNG
경주 여행,417,가족,NNG
경주 여행,417,계획,NNG
경주 여행,417,면서,EC
경주 여행,417,이번,NNG
경주 여행,417,관광지,NNG
경주 여행,417,많이,MAG
경주 여행,417,돌아다니,VV
경주 여행,417,보다,JKB
경주 여행,417,숙소,NNG
경주 여행,417,에서,JKB
경주 여행,417,여유,NNG
경주 여행,417,어요,EF
경주 여행,417,여러,MAG
경주 여행,417,독채,NNG
경주 여행,417,펜션,NNG
경주 여행,417,찾아보,VV
경주 여행,417,다가,EC
경주 여행,417,독채,NNG
경주 여행,417,이용,NNG
경주 여행,417,래태리,NNP
경주 여행,417,펜션,NNG
경주 여행,418,테라,NNG
경주 여행,418,주점,NNG
경주 여행,418,한옥,NNG
경주 여행,418,카페,NNG
경주 여행,418,테라,NNG
경주 여행,418,로사,NNG
경주 여행,418,아셨,VV+EP+EP
경주 여행,418,나요,EF
경주 여행,418,이게,NP+JKS
경주 여행,418,강릉,NNP
경주 여행,418,는데,EC
경주 여행,418,다가,EC
경주 여행,418,너무너무,MAG
경주 여행,418,더워서,VA+EC
경주 여행,418,카페,NNG
경주 여행,418,검색,NNG
경주 여행,418,테라,NNG
경주 여행,418,로사,NNG
경주 여행,418,예요,VCP+EF
경주 여행,418,마침,MAG
경주 여행,418,렌트,NNG
경주 여행,418,바로,MAG
경주 여행,418,는데,EC
경주 여행,418,주차장,NNG
경주 여행,418,매장,NNG
경주 여행,419,시외버스,NNG
경주 여행,419,터미널,NNG
경주 여행,419,카페,NNG
경주 여행,419,룸펜,NNG
경주 여행,419,국내,NNG
경주 여행,419,카페,NNG
경주 여행,419,카페,NNG
경주 여행,419,노서동,NNP
경주 여행,419,카페,NNP
경주 여행,419,카페,NNG
경주 여행,419,데이트,NNG
경주 여행,419,행복,NNG
경주 여행,419,힐링,NNG
경주 여행,419,일상,NNG
경주 여행,419,시외버스,NNG
경주 여행,419,터미널,NNG
경주 여행,419,바로,MAG
경주 여행,419,LP,SL
경주 여행,419,감상,NNG
경주 여행,419,독서,NNG
경주 여행,419,즐길,VV+ETM
경주 여행,419,아늑,XR
경주 여행,419,카페,NNG
경주 여행,419,터미널,NNG
경주 여행,420,일상,NNG
경주 여행,420,반기,NNG
경주 여행,420,참맛,NNG
경주 여행,420,Crazy,SL
경주 여행,420,바로,MAG
경주 여행,420,아입니까,VCN+EF
경주 여행,420,연꽃,NNG
경주 여행,420,에서,JKB
경주 여행,420,동궁,NNG
경주 여행,420,월지,NNG
경주 여행,420,마지막,NNG
경주 여행,420,으로,JKB
경주 여행,420,동궁,NNG
경주 여행,420,월지,NNG
경주 여행,420,시원,XR
경주 여행,420,드시,EC
경주 여행,420,39,SN
경주 여행,420,에서,JKB
경주 여행,420,소용없,VA
경주 여행,420,안타,NNG
경주 여행,420,그저,MAG
경주 여행,421,10,SN
경주 여행,421,개월,NNBC
경주 여행,421,아기,NNG
경주 여행,421,국내,NNG
경주 여행,421,한화,NNG
경주 여행,421,리조트,NNG
경주 여행,421,숙소,NNG
경주 여행,421,이용기,NNP
경주 여행,421,약간,MAG
경주 여행,421,여름휴가,NNG
경주 여행,421,결정,NNG
경주 여행,421,어요,EF
경주 여행,421,아기,NNG
경주 여행,421,떠나,VV
경주 여행,421,숙소,NNG
경주 여행,421,알아보,VV
경주 여행,421,다가,EC
경주 여행,421,한화,NNG
경주 여행,421,리조트,NNG
경주 여행,421,선택,NNG
경주 여행,421,어요,EF
경주 여행,421,아기,NNG
경주 여행,421,바닥,NNG
경주 여행,421,에서,JKB
경주 여행,421,온돌,NNG
경주 여행,421,객실,NNG
경주 여행,421,생각,NNG
경주 여행,421,는데,EC
경주 여행,422,맛집,NNG
경주 여행,422,맛집,NNG
경주 여행,422,화정,NNG
경주 여행,422,솔직,XR
경주 여행,422,후기,NNG
경주 여행,422,10,SN
경주 여행,422,전부,MAG
경주 여행,422,맛있,VA
경주 여행,422,다고,EC
경주 여행,422,오늘,NNG
경주 여행,422,소개,NNG
경주 여행,422,드릴,VX+ETM
경주 여행,422,계획,NNG
경주 여행,422,계신다면,VX+EC
경주 여행,422,황리,NNG
경주 여행,422,맛집,NNG
경주 여행,422,화정,NNG
경주 여행,422,이렇게,MAG
경주 여행,422,한옥,NNG
경주 여행,422,건물,NNG
경주 여행,422,골목,NNG
경주 여행,422,으로,JKB
경주 여행,422,기분,NNG
경주 여행,422,제대로,MAG
경주 여행,422,아요,EF
경주 여행,422,사람,NNG
경주 여행,423,셀렉,NNP
경주 여행,423,패밀리,NNP
경주 여행,423,트윈,NNP
경주 여행,423,리버,NNP
경주 여행,423,숙박,NNG
경주 여행,423,후기,NNG
경주 여행,423,려고,EC
경주 여행,423,숙소,NNG
경주 여행,423,알아보,VV
경주 여행,423,다가,EC
경주 여행,423,선택,NNG
경주 여행,423,셀렉,NNP
경주 여행,423,패밀리,NNP
경주 여행,423,트윈,NNP
경주 여행,423,리버,NNP
경주 여행,423,보문호,NNP
경주 여행,423,바로,MAG
경주 여행,423,불편,NNG
경주 여행,423,어요,EF
경주 여행,423,아이,NNG
경주 여행,423,리조트,NNG
경주 여행,423,해야,VV+EC
경주 여행,423,하나,NR
경주 여행,423,생각,NNG
경주 여행,423,답니다,EC
경주 여행,423,제빙기,NNG
경주 여행,423,저희,NP
경주 여행,423,내려서,VV+EC
경주 여행,423,제일,NNG
경주 여행,424,포장,NNG
경주 여행,424,해서,XSV+EC
경주 여행,424,현지,NNG
경주 여행,424,맛집,NNG
경주 여행,424,후기,NNG
경주 여행,424,가마솥,NNG
경주 여행,424,족발,NNG
경주 여행,424,충효,NNG
경주 여행,424,마다,JX
경주 여행,424,현지,NNG
경주 여행,424,에서,JKB
경주 여행,424,맛있,VA
경주 여행,424,잔뜩,MAG
경주 여행,424,온다,VX+EF
경주 여행,424,그래서,MAJ
경주 여행,424,아함,IC+ETN
경주 여행,424,이번,NNG
경주 여행,424,맛있,VA
경주 여행,424,많이,MAG
경주 여행,424,는데,EC
경주 여행,424,신랑,NNG
경주 여행,424,친구,NNG
경주 여행,424,이랑,JC
경주 여행,424,리조트,NNG
경주 여행,424,에서,JKB
경주 여행,424,포장,NNG
경주 여행,424,해서,XSV+EC
경주 여행,424,가마솥,NNG
경주 여행,424,족발,NNG
경주 여행,425,코스,NNG
경주 여행,425,추천,NNG
경주 여행,425,역사,NNG
경주 여행,425,감성,NNG
경주 여행,425,공존,NNG
경주 여행,425,알짜배기,NNG
경주 여행,425,일정,NNG
경주 여행,425,마다,JX
경주 여행,425,새로운,VA+ETM
경주 여행,425,매력,NNG
경주 여행,425,발견,NNG
경주 여행,425,입니다,VCP+EF
경주 여행,425,이번,NNG
경주 여행,425,가이드,NNG
경주 여행,425,여러분,NP
경주 여행,425,성공,NNG
경주 여행,425,도움,NNG
경주 여행,425,바랍니다,VV+EF
경주 여행,425,발견,NNG
경주 여행,425,나만,NNG
경주 여행,425,명소,NNG
경주 여행,425,다면,EC
경주 여행,425,댓글,NNG
경주 여행,425,공유,NNG
경주 여행,425,세요,EP+EF
경주 여행,425,이번,NNG
경주 여행,426,아이,NNG
경주 여행,426,무료,NNG
경주 여행,426,체험,NNG
경주 여행,426,경상북도,NNP
경주 여행,426,교육청,NNG
경주 여행,426,발명인,NNG
경주 여행,426,공지,NNG
경주 여행,426,능교,NNG
경주 여행,426,발명,NNG
경주 여행,426,이날,NNG
경주 여행,426,부터,JX
경주 여행,426,시작,NNG
경주 여행,426,아이,NNG
경주 여행,426,라면,EC
경주 여행,426,아이,NNG
경주 여행,426,위주,NNG
경주 여행,426,돌아가,VV
경주 여행,426,이번,NNG
경주 여행,426,에서,JKB
경주 여행,426,주일,NNBC
경주 여행,426,박물관,NNG
경주 여행,426,이나,JC
경주 여행,426,체험,NNG
경주 여행,426,위주,NNG
경주 여행,426,아이,NNG
경주 여행,426,갈만,NNG
경주 여행,426,이렇게,MAG
경주 여행,426,다니,EC
경주 여행,426,우리,NP
경주 여행,426,가족,NNG
경주 여행,427,황리,NNG
경주 여행,427,야장,NNG
경주 여행,427,분위기,NNG
경주 여행,427,끝판,NNG
경주 여행,427,황남,NNG
경주 여행,427,거북,NNG
경주 여행,427,갖춘,VV+ETM
경주 여행,427,맛집,NNG
경주 여행,427,운영,NNG
경주 여행,427,여행객,NNG
경주 여행,427,흥겨운,VA+ETM
경주 여행,427,파티,NNG
경주 여행,427,분위기,NNG
경주 여행,427,형성,NNG
경주 여행,427,다양,NNG
경주 여행,427,주류,NNG
경주 여행,427,라인업,NNG
경주 여행,427,거북,NNG
경주 여행,427,알라,NNG
경주 여행,427,거북,NNG
경주 여행,427,샤베트,NNG
경주 여행,427,황리,NNG
경주 여행,427,맛집,NNG
경주 여행,427,황남,NNG
경주 여행,427,거북,NNG
경주 여행,427,황리,NNG
경주 여행,427,야장,NNG
경주 여행,427,황리,NNG
경주 여행,427,황리,NNG
경주 여행,427,술집,NNG
경주 여행,427,한옥,NNP
경주 여행,428,소노,NNP
경주 여행,428,디럭스,NNP
경주 여행,428,스위트,NNP
경주 여행,428,레이크,NNP
경주 여행,428,조식,NNG
경주 여행,428,부대시설,NNG
경주 여행,428,직후,NNG
경주 여행,428,숙소,NNG
경주 여행,428,추천,NNG
경주 여행,428,소노,NNG
경주 여행,428,리조트,NNG
경주 여행,428,체크인,NNG
경주 여행,428,15,SN
경주 여행,428,00,SN
경주 여행,428,체크아웃,NNG
경주 여행,428,11,SN
경주 여행,428,00,SN
경주 여행,428,경북,NNP
경주 여행,428,경주시,NNP
경주 여행,428,보문,NNG
경주 여행,428,402,SN
경주 여행,428,12,SN
경주 여행,428,소노,NNG
경주 여행,428,1588,SN
경주 여행,428,4888,SN
경주 여행,428,아기,NNG
경주 여행,428,태어나,VV
경주 여행,428,당분간,MAG
경주 여행,428,장거리,NNG
경주 여행,428,어려울,VA+ETM
경주 여행,428,남편,NNG
경주 여행,428,이랑,JC
경주 여행,428,마지막,NNG
경주 여행,428,으로,JKB
경주 여행,429,플래시백,NNG
경주 여행,429,계림,NNG
경주 여행,429,후기,NNG
경주 여행,429,아이,NNG
경주 여행,429,실내,NNG
경주 여행,429,는데,EC
경주 여행,429,아이,NNG
경주 여행,429,함께,MAG
경주 여행,429,여기,NP
경주 여행,429,아요,EF
경주 여행,429,사람,NNG
경주 여행,429,홀리,VV
경주 여행,429,미디어,NNG
경주 여행,429,아트,NNG
경주 여행,429,집중,NNG
경주 여행,429,시간,NNG
경주 여행,429,금방,MAG
경주 여행,429,지나가,VV+EC
경주 여행,429,버리,VX
경주 여행,429,아이,NNG
경주 여행,429,생각,NNG
경주 여행,429,보다,JKB
경주 여행,429,즐기,VV
경주 여행,429,면서,EC
경주 여행,429,어요,EF
경주 여행,429,플래시백,NNG
경주 여행,429,계림,NNG
경주 여행,429,추천,NNG
경주 여행,430,한옥,NNG
경주 여행,430,카페,NNG
경주 여행,430,카페,NNG
경주 여행,430,경보,NNP
경주 여행,430,라파,NNP
경주 여행,430,고즈넉,XR
경주 여행,430,분위기,NNG
경주 여행,430,반한,VV+ETM
경주 여행,430,한옥,NNG
경주 여행,430,카페,NNG
경주 여행,430,카페,NNG
경주 여행,430,경보,NNP
경주 여행,430,라파,NNP
경주 여행,430,고즈넉,XR
경주 여행,430,분위기,NNG
경주 여행,430,반한,VV+ETM
경주 여행,430,안녕,NNG
경주 여행,430,세요,EP+EF
경주 여행,430,에스더,NNG
경주 여행,430,예요,VCP+EF
경주 여행,430,지난,VV+ETM
경주 여행,430,에서,JKB
경주 여행,430,당연히,MAG
경주 여행,430,카페,NNG
경주 여행,430,여러,MM
경주 여행,430,다녀왔,VV+EP
경주 여행,430,는데요,EF
경주 여행,430,에서,JKB
경주 여행,430,친구,NNG
경주 여행,430,다고,EC
경주 여행,430,어요,EF
경주 여행,431,보문,NNG
경주 여행,431,단지,MAG
경주 여행,431,맛집,NNG
경주 여행,431,어촌,NNG
경주 여행,431,밥상,NNG
경주 여행,431,아이,NNG
경주 여행,431,생선,NNG
경주 여행,431,구이,NNG
경주 여행,431,정식,NNG
경주 여행,431,솔직,XR
경주 여행,431,후기,NNG
경주 여행,431,생선,NNG
경주 여행,431,구이,NNG
경주 여행,431,맛집,NNG
경주 여행,431,한식,NNG
경주 여행,431,한식,NNG
경주 여행,431,맛집,NNG
경주 여행,431,아이,NNG
경주 여행,431,아이,NNG
경주 여행,431,가족,NNG
경주 여행,431,가족,NNG
경주 여행,431,식당,NNG
경주 여행,431,아이,NNG
경주 여행,431,맛집,NNG
경주 여행,431,보문,NNG
경주 여행,431,단지,MAG
경주 여행,431,보문,NNG
경주 여행,431,단지,MAG
경주 여행,431,아이,NNG
경주 여행,431,맛집,NNG
경주 여행,431,재인,NNG
경주 여행,431,로드,NNG
경주 여행,432,88,SN
경주 여행,432,청춘,NNG
경주 여행,432,커플,NNG
경주 여행,432,우리,NP
경주 여행,432,가요,NNG
경주 여행,432,시작,NNG
경주 여행,432,부터,JX
경주 여행,432,난리,NNG
경주 여행,432,지만,EC
경주 여행,432,금방,MAG
경주 여행,432,순한,VA+ETM
경주 여행,432,으로,JKB
경주 여행,432,잠재웠,VV+EP
경주 여행,432,어요,EF
경주 여행,432,아가,NNG
경주 여행,432,조련사,NNG
경주 여행,432,도착,NNG
경주 여행,432,시작,NNG
경주 여행,432,부터,JX
경주 여행,432,배고프,VA
경주 여행,432,떡보,NNG
경주 여행,432,채워요,VV+EF
경주 여행,432,오랜만,NNG
경주 여행,432,신나,VV+EC
경주 여행,432,신나,VV+EC
경주 여행,432,뒤태,NNG
경주 여행,432,부터,JX
경주 여행,433,맛집,NNG
경주 여행,433,코스,NNG
경주 여행,433,추천,NNP
경주 여행,433,노포,NNG
경주 여행,433,감성,NNG
경주 여행,433,부산,NNP
경주 여행,433,숯불갈비,NNG
경주 여행,433,방문,NNG
경주 여행,433,후기,NNG
경주 여행,433,지역,NNG
경주 여행,433,다닐,VV+ETM
경주 여행,433,유명,XR
경주 여행,433,지만,EC
경주 여행,433,현지,NNG
경주 여행,433,실제,NNG
경주 여행,433,맛집,NNG
경주 여행,433,는데요,EC
경주 여행,433,코스,NNG
경주 여행,433,현지,NNG
경주 여행,433,추천,NNP
경주 여행,433,맛집,NNG
경주 여행,433,노포,NNP
경주 여행,433,삼겹살,NNG
경주 여행,433,맛집,NNG
경주 여행,433,고기,NNG
경주 여행,434,교동,NNP
경주 여행,434,한옥,NNP
경주 여행,434,스테이,NNP
경주 여행,434,추천,NNG
경주 여행,434,황리,NNG
경주 여행,434,근처,NNG
경주 여행,434,에서,JKB
경주 여행,434,완벽,NNG
경주 여행,434,한옥,NNG
경주 여행,434,중심,NNG
경주 여행,434,자리,NNG
경주 여행,434,이곳,NP
경주 여행,434,에서,JKB
경주 여행,434,숙박,NNG
경주 여행,434,정말,MAG
경주 여행,434,꿈결,NNG
경주 여행,434,어요,EF
경주 여행,434,내내,MAG
경주 여행,434,설레,VV
경주 여행,434,기분,NNG
경주 여행,434,답니다,EC
경주 여행,434,따뜻,XR
경주 여행,434,아늑,XR
경주 여행,434,한옥,NNG
경주 여행,434,에서,JKB
경주 여행,434,보내,VV
경주 여행,434,완벽,NNG
경주 여행,434,휴식,NNG
경주 여행,434,시간,NNG
경주 여행,434,하루,NNG
경주 여행,434,종일,NNG
경주 여행,434,돌아다니,VV
경주 여행,434,느라,EC
경주 여행,434,많이,MAG
경주 여행,435,황리,NNG
경주 여행,435,에서,JKB
경주 여행,435,주차,NNG
경주 여행,435,걱정,NNG
경주 여행,435,즐기,VV
경주 여행,435,우대,NNG
경주 여행,435,갈비,NNG
경주 여행,435,맛집,NNG
경주 여행,435,계획,NNG
경주 여행,435,면서,EC
경주 여행,435,황리,NNG
경주 여행,435,돌아다니,VV
경주 여행,435,맛집,NNG
경주 여행,435,정말,MAG
경주 여행,435,카페,NNP
경주 여행,435,아서,EC
경주 여행,435,어디,NP
경주 여행,435,에서,JKB
경주 여행,435,식사,NNG
경주 여행,435,가족,NNG
경주 여행,435,끼리,XSN
경주 여행,435,친구,NNG
경주 여행,435,처럼,JKB
경주 여행,435,여러,MM
경주 여행,435,함께,MAG
경주 여행,435,식사,NNG
경주 여행,435,상황,NNG
경주 여행,435,라면,EC
경주 여행,436,여행지,NNG
경주 여행,436,관광지,NNG
경주 여행,436,대릉원,NNG
경주 여행,436,포토,NNG
경주 여행,436,푸른,VA+ETM
경주 여행,436,잔디,NNG
경주 여행,436,둥근,VA+ETM
경주 여행,436,고분,NNG
경주 여행,436,이어지,VV
경주 여행,436,풍경,NNG
경주 여행,436,천천히,MAG
경주 여행,436,여유,NNG
경주 여행,436,제대로,MAG
경주 여행,436,느껴졌,VV+EC+VX+EP
경주 여행,436,특히,MAG
경주 여행,436,대릉원,NNG
경주 여행,436,포토,NNG
경주 여행,436,계절,NNG
경주 여행,436,따라,VV+EC
경주 여행,436,분위기,NNG
경주 여행,436,달라서,VA+EC
경주 여행,436,사진,NNG
경주 여행,436,재미,NNG
경주 여행,436,쏠쏠,XR
경주 여행,436,여행지,NNG
경주 여행,436,관광지,NNG
경주 여행,437,황리,NNG
경주 여행,437,한식,NNG
경주 여행,437,맛집,NNG
경주 여행,437,화정,NNG
경주 여행,437,비빔밥,NNG
경주 여행,437,메뉴,NNG
경주 여행,437,가족,NNG
경주 여행,437,식사,NNG
경주 여행,437,후기,NNG
경주 여행,437,이런,MM
경주 여행,437,추천,NNG
경주 여행,437,해요,XSV+EF
경주 여행,437,황리,NNG
경주 여행,437,에서,JKB
경주 여행,437,한식,NNG
경주 여행,437,메뉴,NNG
경주 여행,437,꼬막,NNG
경주 여행,437,비빔밥,NNG
경주 여행,437,이나,JC
경주 여행,437,육회,NNG
경주 여행,437,비빔밥,NNG
경주 여행,437,황리,NNG
경주 여행,437,에서,JKB
경주 여행,437,든든,XR
경주 여행,437,점심,NNG
경주 여행,437,또는,MAJ
경주 여행,437,식사,NNG
경주 여행,437,장소,NNG
경주 여행,438,소품,NNG
경주 여행,438,한국,NNP
경주 여행,438,가체,NNG
경주 여행,438,연구소,NNG
경주 여행,438,후기,NNG
경주 여행,438,전통,NNG
경주 여행,438,소품,NNG
경주 여행,438,가득,MAG
경주 여행,438,0507,SN
경주 여행,438,1347,SN
경주 여행,438,1177,SN
경주 여행,438,소품,NNG
경주 여행,438,추천,NNP
경주 여행,438,빠질,VX+ETM
경주 여행,438,황리,NNG
경주 여행,438,황리,NNG
경주 여행,438,소품,NNG
경주 여행,438,기념품,NNG
경주 여행,438,으로,JKB
경주 여행,438,제일,MAG
경주 여행,438,많이,MAG
경주 여행,438,모으,VV
경주 여행,438,마그넷,NNG
경주 여행,438,잖아요,EC
경주 여행,438,냉장고,NNG
경주 여행,438,붙여,VV+EC
경주 여행,438,현관,NNG
경주 여행,438,붙여,VV+EC
경주 여행,439,국립,NNG
경주 여행,439,박물관,NNG
경주 여행,439,초등학생,NNG
경주 여행,439,방문,NNG
경주 여행,439,해야,XSV+EC
경주 여행,439,유적지,NNG
경주 여행,439,초등,NNG
경주 여행,439,학교,NNG
경주 여행,439,아이,NNG
경주 여행,439,키우,VV
경주 여행,439,부모,NNG
경주 여행,439,로서,JKB
경주 여행,439,저희,NP
경주 여행,439,아이,NNG
경주 여행,439,함께,MAG
경주 여행,439,많이,MAG
경주 여행,439,다니,VV
경주 여행,439,어요,EF
경주 여행,439,그리고,MAJ
경주 여행,439,지역,NNG
경주 여행,439,삼국,NNG
경주 여행,439,문화유산,NNG
경주 여행,439,의미,NNG
경주 여행,439,답니다,EC
경주 여행,439,박물관,NNG
경주 여행,439,국립,NNG
경주 여행,439,박물관,NNG
경주 여행,439,초등학생,NNG
경주 여행,440,오늘,MAG
경주 여행,440,기억,NNG
경주 여행,440,고도,NNG
경주 여행,440,정교,NNG
경주 여행,440,오늘,NNG
경주 여행,440,기억,NNG
경주 여행,440,경북,NNP
경주 여행,440,정교,NNG
경주 여행,440,낭만,NNG
경주 여행,440,야경,NNG
경주 여행,440,경북,NNP
경주 여행,440,고도,NNG
경주 여행,440,감상,NNG
경주 여행,440,정교,NNG
경주 여행,440,야경,NNG
경주 여행,440,고도,NNG
경주 여행,440,스러움,XSA+ETN
경주 여행,440,고스란히,MAG
경주 여행,440,황금빛,NNG
경주 여행,440,조명,NNG
경주 여행,440,켜진,VV+ETM
경주 여행,440,야간,NNG
경주 여행,440,명소,NNG
경주 여행,441,황리,NNG
경주 여행,441,점심,NNG
경주 여행,441,맛집,NNG
경주 여행,441,취향,NNG
경주 여행,441,솔직,XR
경주 여행,441,후기,NNG
경주 여행,441,항상,MAG
경주 여행,441,코스,NNG
경주 여행,441,정하,VV
경주 여행,441,짝꿍,NNG
경주 여행,441,한테,JKB
경주 여행,441,오늘,MAG
경주 여행,441,점심,NNG
경주 여행,441,콜라,NNG
경주 여행,441,사이다,NNG
경주 여행,441,맥주,NNG
경주 여행,441,소주,NNG
경주 여행,441,막걸리,NNG
경주 여행,441,우리,NP
경주 여행,441,소갈비,NNG
경주 여행,441,공기,NNG
경주 여행,441,사이다,NNG
경주 여행,441,주문,NNG
경주 여행,441,황리,NNG
경주 여행,441,점심,NNG
경주 여행,441,맛집,NNG
경주 여행,441,취향,NNG
경주 여행,441,가옥,NNG
경주 여행,441,매장,NNG
경주 여행,441,내부,NNG
경주 여행,442,2026,SN
경주 여행,442,가을,NNG
경주 여행,442,코스,NNG
경주 여행,442,추천,NNG
경주 여행,442,가을,NNG
경주 여행,442,봐야,VX+EC
경주 여행,442,여행지,NNG
경주 여행,442,BEST,SL
경주 여행,442,2026,SN
경주 여행,442,가을,NNG
경주 여행,442,추천,NNG
경주 여행,442,코스,NNG
경주 여행,442,DAY,SL
경주 여행,442,대릉원,NNG
경주 여행,442,황리,NNG
경주 여행,442,첨성대,NNG
경주 여행,442,계림,NNG
경주 여행,442,교촌,NNG
경주 여행,442,마을,NNG
경주 여행,442,정교,NNP
경주 여행,442,한옥,NNP
경주 여행,442,분위기,NNG
경주 여행,442,카페,NNG
경주 여행,442,식당,NNG
경주 여행,442,다양,NNG
경주 여행,442,소품,NNG
경주 여행,442,모여,VV+EC
경주 여행,442,에서,JKB
경주 여행,442,빠지,VV
경주 여행,442,인기,NNG
경주 여행,442,코스,NNG
경주 여행,442,입니다,VCP+EC
경주 여행,443,필수,NNG
경주 여행,443,코스,NNG
경주 여행,443,이곳,NP
경주 여행,443,황리,NNG
경주 여행,443,에서,JKB
경주 여행,443,만난,VV+ETM
경주 여행,443,하우,NNG
경주 여행,443,계획,NNG
경주 여행,443,이나,JC
경주 여행,443,소품,NNG
경주 여행,443,까지,JX
경주 여행,443,세요,EP+EF
경주 여행,443,건물,NNG
경주 여행,443,자체,NNG
경주 여행,443,느낌,NNG
경주 여행,443,느껴,VV+EC
경주 여행,443,는데,EC
경주 여행,443,인테리어,NNG
경주 여행,443,감성,NNG
경주 여행,443,약간,MAG
경주 여행,443,유럽,NNP
경주 여행,443,처럼,JKB
경주 여행,443,해외여행,NNG
경주 여행,443,기분,NNG
경주 여행,443,느껴,VV+EC
경주 여행,443,더라구요,EF
경주 여행,443,황리,NNG
경주 여행,443,매인,VV+ETM
경주 여행,443,거리,NNG
경주 여행,444,보문,NNG
경주 여행,444,단지,MAG
경주 여행,444,맷돌,NNG
경주 여행,444,순두부,NNG
경주 여행,444,아기,NNG
경주 여행,444,같이,MAG
경주 여행,444,내산,NNP
경주 여행,444,후기,NNG
경주 여행,444,가깝,VA
경주 여행,444,코스,NNG
경주 여행,444,시작,NNG
경주 여행,444,방문,NNG
경주 여행,444,위치,NNG
경주 여행,444,라서,VCP+EC
경주 여행,444,그런지,VA+EC
경주 여행,444,오후,NNG
경주 여행,444,인데,VCP+EC
경주 여행,444,사람,NNG
경주 여행,444,는데,EC
경주 여행,444,에서,JKB
경주 여행,444,안동,NNG
경주 여행,444,까지,JX
경주 여행,444,예정,NNG
경주 여행,444,상할까봐,VV+EC+VX+EC
경주 여행,444,챙기,VV
경주 여행,444,못했,VX+EP
경주 여행,444,어요,EF
경주 여행,444,블루리본,NNG
경주 여행,444,인정,NNG
경주 여행,444,맛집,NNG
경주 여행,444,웨이팅,NNG
경주 여행,445,보문,NNG
경주 여행,445,갈비,NNG
경주 여행,445,보문,NNG
경주 여행,445,단지,MAG
경주 여행,445,맛집,NNG
경주 여행,445,보문,NNG
경주 여행,445,갈비,NNG
경주 여행,445,오픈,NNG
경주 여행,445,주차,NNG
경주 여행,445,점심,NNG
경주 여행,445,특선,NNG
경주 여행,445,에서,JKB
경주 여행,445,빠질,VV+ETM
경주 여행,445,월드,NNG
경주 여행,445,근처,NNG
경주 여행,445,주말,NNG
경주 여행,445,웨이팅,NNG
경주 여행,445,으로,JKB
경주 여행,445,유명,XR
경주 여행,445,보문,NNG
경주 여행,445,단지,MAG
경주 여행,445,맛집,NNG
경주 여행,445,보문,NNG
경주 여행,445,갈비,NNG
경주 여행,445,오픈,NNG
경주 여행,445,으로,JKB
경주 여행,445,다녀온,VV+ETM
경주 여행,445,솔직,XR
경주 여행,445,후기,NNG
경주 여행,445,말씀,NNG
경주 여행,445,드릴,VV+ETM
경주 여행,445,보문,NNG
경주 여행,445,갈비,NNG
경주 여행,445,경북,NNP
경주 여행,445,경주시,NNP
경주 여행,445,보문,NNG
경주 여행,445,529,SN
경주 여행,445,연중무휴,NNG
경주 여행,445,11,SN
경주 여행,445,30,SN
경주 여행,445,21,SN
경주 여행,445,00,SN
경주 여행,446,카페,NNG
경주 여행,446,어마,NNG
경주 여행,446,무시,NNG
경주 여행,446,티라미수,NNP
경주 여행,446,티라미수,NNP
경주 여행,446,맛집,NNG
경주 여행,446,오늘,NNG
경주 여행,446,당시,NNG
경주 여행,446,친구,NNG
경주 여행,446,추천,NNG
경주 여행,446,아서,EC
경주 여행,446,카페,NNP
경주 여행,446,리뷰,NNP
경주 여행,446,돌아왔,VV+EP
경주 여행,446,어요,EF
경주 여행,446,친구,NNG
경주 여행,446,예전,NNG
경주 여행,446,방문,NNG
경주 여행,446,어우러져서,VV+EC
경주 여행,446,느낌,NNG
경주 여행,446,느껴볼,VV+EC+VX+ETM
경주 여행,446,어요,EF
경주 여행,446,내부,NNG
경주 여행,446,엄청,MAG
경주 여행,446,은데,EC
경주 여행,446,사람,NNG
경주 여행,446,너무,MAG
경주 여행,446,많이,MAG
경주 여행,447,고기,NNG
경주 여행,447,현지,NNG
경주 여행,447,맛집,NNG
경주 여행,447,동천,NNG
경주 여행,447,부경,NNG
경주 여행,447,숯불갈비,NNG
경주 여행,447,저녁,NNG
경주 여행,447,식사,NNG
경주 여행,447,후기,NNG
경주 여행,447,저녁,NNG
경주 여행,447,식사,NNG
경주 여행,447,후기,NNG
경주 여행,447,현지,NNG
경주 여행,447,맛집,NNG
경주 여행,447,고기,NNG
경주 여행,447,동천,NNG
경주 여행,447,부경,NNG
경주 여행,447,숯불갈비,NNG
경주 여행,447,푸드,NNG
경주 여행,447,언서,NNG
경주 여행,447,주부,NNG
경주 여행,447,현지,NNG
경주 여행,447,맛집,NNG
경주 여행,447,저녁,NNG
경주 여행,447,식사,NNG
경주 여행,447,후기,NNG
경주 여행,447,저희,NP
경주 여행,447,양념,NNG
경주 여행,447,삼겹살,NNG
경주 여행,447,양념,NNG
경주 여행,447,돼지갈비,NNG
경주 여행,447,선택,NNG
경주 여행,447,는데요,EF
경주 여행,447,양념,NNG
경주 여행,448,맛집,NNG
경주 여행,448,시간,NNBC
경주 여행,448,웨이팅,NNG
경주 여행,448,함양,NNG
경주 여행,448,보문,NNG
경주 여행,448,솔직,XR
경주 여행,448,후기,NNG
경주 여행,448,오늘,NNG
경주 여행,448,34,SN
경주 여행,448,개월,NNBC
경주 여행,448,첫째,NR
경주 여행,448,개월,NNBC
경주 여행,448,둘째,NR
경주 여행,448,아이,NNG
경주 여행,448,함께,MAG
경주 여행,448,다녀온,VV+ETM
경주 여행,448,이야기,NNG
경주 여행,448,들려,VV+EC
경주 여행,448,드릴게요,VX+EC
경주 여행,448,숙박,NNG
경주 여행,448,후기,NNG
경주 여행,448,기대,NNG
경주 여행,448,너무,MAG
경주 여행,448,많이,MAG
경주 여행,448,인지,VCP+EC
경주 여행,448,아니,VCN
경주 여행,448,시간,NNG
경주 여행,448,무더위,NNG
경주 여행,448,웨이팅,NNG
경주 여행,448,지쳐서,VV+EC
경주 여행,448,인지,VCP+EC
경주 여행,448,무조건,MAG
경주 여행,449,경북,NNP
경주 여행,449,내산,NNP
경주 여행,449,카페,NNG
경주 여행,449,모음,NNG
경주 여행,449,밀푀유,NNP
경주 여행,449,맛있,VA
경주 여행,449,월정,NNG
경주 여행,449,기억,NNG
경주 여행,449,휘발,NNG
경주 여행,449,면서,EC
경주 여행,449,다녀온,VV+ETM
경주 여행,449,카페,NNG
경주 여행,449,남겨,VV+EC
경주 여행,449,아요,EC
경주 여행,449,월정,NNG
경주 여행,449,웨이팅,NNG
경주 여행,449,추억,NNG
경주 여행,449,진짜,MAG
경주 여행,449,냐고,VCP+EC
경주 여행,449,외관,NNG
경주 여행,449,사진,NNG
경주 여행,449,내부,NNG
경주 여행,449,사진,NNG
경주 여행,449,지웠,VV+EP
경주 여행,449,네요,EF
경주 여행,449,치즈,NNG
경주 여행,449,떡볶이,NNG
경주 여행,449,자꾸,MAG
경주 여행,450,코스,NNG
경주 여행,450,하루,NNG
경주 여행,450,동안,NNG
경주 여행,450,둘러보,VV
경주 여행,450,코스,NNG
경주 여행,450,신라,NNP
경주 여행,450,역사,NNG
경주 여행,450,문화,NNG
경주 여행,450,대표,NNG
경주 여행,450,국내,NNG
경주 여행,450,여행지,NNG
경주 여행,450,입니다,VCP+EF
경주 여행,450,오래,MAG
경주 여행,450,유적,NNG
경주 여행,450,아름다운,VA+ETM
경주 여행,450,자연,NNG
경주 여행,450,함께,MAG
경주 여행,450,가족,NNG
경주 여행,450,이나,JC
경주 여행,450,친구,NNG
경주 여행,451,황리,NNG
경주 여행,451,한옥,NNG
경주 여행,451,숙소,NNG
경주 여행,451,한옥,NNG
경주 여행,451,스테이,NNG
경주 여행,451,원화,NNG
경주 여행,451,조식,NNG
경주 여행,451,나오,VV
경주 여행,451,가성,NNG
경주 여행,451,계획,NNG
경주 여행,451,한옥,NNG
경주 여행,451,숙소,NNG
경주 여행,451,에서,JKB
경주 여행,451,하루,NNG
경주 여행,451,보내,VV
경주 여행,451,어서,EC
경주 여행,451,서치,NNG
경주 여행,451,잖아요,EC
경주 여행,451,원화,NNG
경주 여행,451,가족,NNG
경주 여행,451,커플,NNG
경주 여행,451,숙소,NNG
경주 여행,451,추천,NNG
경주 여행,451,황리,NNG
경주 여행,451,펜션,NNG
경주 여행,451,한옥,NNG
경주 여행,451,숙소,NNG
경주 여행,451,한옥,NNG
경주 여행,451,숙소,NNG
경주 여행,451,추천,NNG
경주 여행,451,보문,NNG
경주 여행,451,지숙소,NNG
경주 여행,452,한정식,NNG
경주 여행,452,맛집,NNG
경주 여행,452,소소,NNG
경주 여행,452,함박,NNG
경주 여행,452,황리,NNG
경주 여행,452,에서,JKB
경주 여행,452,즐기,VV
경주 여행,452,한옥,NNG
경주 여행,452,연목,NNG
경주 여행,452,맛집,NNG
경주 여행,452,코스,NNG
경주 여행,452,데이트,NNG
경주 여행,452,데이트,NNG
경주 여행,452,코스,NNG
경주 여행,452,가족,NNG
경주 여행,452,식사,NNG
경주 여행,452,가족,NNG
경주 여행,452,모임,NNG
경주 여행,452,웨이팅,NNG
경주 여행,452,맛집,NNG
경주 여행,452,맛집,NNG
경주 여행,452,한옥,NNG
경주 여행,452,맛집,NNG
경주 여행,452,야경,NNG
경주 여행,452,맛집,NNG
경주 여행,452,반주,NNG
경주 여행,452,맛집,NNG
경주 여행,452,소소,NNG
경주 여행,452,함박,NNG
경주 여행,452,소소,NNG
경주 여행,452,함박,NNG
경주 여행,452,황리,NNG
경주 여행,452,밥집,NNG
경주 여행,453,단체,NNG
경주 여행,453,빌라,NNG
경주 여행,453,펜션,NNG
경주 여행,453,에서,JKB
경주 여행,453,만난,VV+ETM
경주 여행,453,여유,NNG
경주 여행,453,로운,XSA+ETM
경주 여행,453,하루,NNG
경주 여행,453,설렘,VV+ETN
경주 여행,453,으로,JKB
경주 여행,453,가득,MAG
경주 여행,453,준비,NNG
경주 여행,453,계획,NNG
경주 여행,453,고민,NNG
경주 여행,453,바로,MAG
경주 여행,453,우리,NP
경주 여행,453,일행,NNG
경주 여행,453,모두,NNG
경주 여행,453,이번,NNG
경주 여행,453,단체,NNG
경주 여행,453,빌라,NNG
경주 여행,453,펜션,NNG
경주 여행,453,선택,NNG
경주 여행,453,는데,EC
경주 여행,453,예약,NNG
경주 여행,453,순간,NNG
경주 여행,453,부터,JX
경주 여행,453,마음,NNG
경주 여행,453,설렜,VV+EP
경주 여행,453,어요,EF
경주 여행,453,경북,NNP
경주 여행,454,황리,NNG
경주 여행,454,맛집,NNG
경주 여행,454,첨성대,NNG
경주 여행,454,근처,NNG
경주 여행,454,고즈넉,XR
경주 여행,454,한옥,NNG
경주 여행,454,에서,JKB
경주 여행,454,즐기,VV
경주 여행,454,든든,XR
경주 여행,454,가족,NNG
경주 여행,454,이나,JC
경주 여행,454,단체,NNG
경주 여행,454,모임,NNG
경주 여행,454,장소,NNG
경주 여행,454,손색,NNG
경주 여행,454,보였,VV+EP
경주 여행,454,습니다,EF
경주 여행,454,특유,NNG
경주 여행,454,온전히,MAG
경주 여행,454,느끼,VV
경주 여행,454,가능,NNG
경주 여행,454,황리,NNG
경주 여행,454,맛집,NNG
경주 여행,454,맛집,NNG
경주 여행,454,남정,NNG
경주 여행,454,황남,NNG
경주 여행,454,갈비,NNG
경주 여행,454,한식,NNG
경주 여행,454,맛집,NNG
경주 여행,454,첨성대,NNG
경주 여행,454,맛집,NNG
경주 여행,454,코스,NNG
경주 여행,455,여름,NNG
경주 여행,455,휴가,NNG
경주 여행,455,하나,NR
경주 여행,455,여서,NR
경주 여행,455,영국,NNP
경주 여행,455,근데,MAJ
경주 여행,455,그날,NNG
경주 여행,455,우리,NP
경주 여행,455,여름,NNG
경주 여행,455,휴가,NNG
경주 여행,455,정해졌,VV+EC+VX+EP
경주 여행,455,슴다,EF
경주 여행,455,다른,MM
경주 여행,455,제치,VV
경주 여행,455,시작,NNG
경주 여행,455,는데,EC
경주 여행,455,바로,MAG
경주 여행,455,에서,JKB
경주 여행,455,얘기,NNG
경주 여행,455,더라,EF
경주 여행,455,얘기,NNG
경주 여행,455,나왔,VV+EP
경주 여행,455,은데,EC
경주 여행,455,아직,MAG
경주 여행,455,평화,NNG
경주 여행,455,로워,XSA+EC
경주 여행,456,경북,NNP
경주 여행,456,분위기,NNG
경주 여행,456,카페,NNG
경주 여행,456,유호,NNG
경주 여행,456,예약,NNG
경주 여행,456,방법,NNG
경주 여행,456,면서,EC
경주 여행,456,여유,NNG
경주 여행,456,즐겼,VV+EP
경주 여행,456,카페,NNG
경주 여행,456,유호,NNG
경주 여행,456,재티,NNG
경주 여행,456,입니다,VCP+EF
경주 여행,456,동아시아,NNP
경주 여행,456,전문,NNG
경주 여행,456,으로,JKB
경주 여행,456,입니다,VCP+EF
경주 여행,456,혼자,NNG
경주 여행,456,카페,NNG
경주 여행,456,추천,NNP
경주 여행,456,유호,NNG
경주 여행,456,재티,NNG
경주 여행,456,유호,NNG
경주 여행,456,재티,NNG
경주 여행,456,황리,NNG
경주 여행,457,황리,NNG
경주 여행,457,한식,NNG
경주 여행,457,맛집,NNG
경주 여행,457,데이트,NNG
경주 여행,457,황리,NNG
경주 여행,457,맛집,NNG
경주 여행,457,동양,NNG
경주 여행,457,백반,NNG
경주 여행,457,에서,JKB
경주 여행,457,닭볶음탕,NNG
경주 여행,457,백반,NNG
경주 여행,457,후기,NNG
경주 여행,457,황리,NNG
경주 여행,457,빼놓,VV
경주 여행,457,코스,NNG
경주 여행,457,아요,EF
경주 여행,457,맛있,VA
경주 여행,457,깔끔,XR
경주 여행,457,편안,NNG
경주 여행,457,분위기,NNG
경주 여행,457,에서,JKB
경주 여행,457,정갈,XR
경주 여행,457,한식,NNG
경주 여행,458,화장실,NNG
경주 여행,458,라고,EC
경주 여행,458,해야,VV+EC
경주 여행,458,하나,NR
경주 여행,458,2026,SN
경주 여행,458,06,SN
경주 여행,458,22,SN
경주 여행,458,시작,NNG
경주 여행,458,전날,NNG
경주 여행,458,새벽,NNG
경주 여행,458,화장실,NNG
경주 여행,458,지만,EC
경주 여행,458,으면,EC
경주 여행,458,괜찮,VA
경주 여행,458,피곤,NNG
경주 여행,458,지만,EC
경주 여행,458,계속,MAG
경주 여행,458,때문,NNB
경주 여행,458,화장실,NNG
경주 여행,458,도착,NNG
경주 여행,458,네이버,NNP
경주 여행,458,일기,NNG
경주 여행,458,예보,NNG
경주 여행,458,에서,JKB
경주 여행,458,내내,NNG
경주 여행,459,소노,NNP
경주 여행,459,완벽,NNG
경주 여행,459,가이드,NNG
경주 여행,459,객실,NNG
경주 여행,459,타입,NNG
경주 여행,459,부터,JX
경주 여행,459,조식,NNG
경주 여행,459,뷔페,NNG
경주 여행,459,부대시설,NNG
경주 여행,459,까지,JX
경주 여행,459,아이,NNG
경주 여행,459,함께,MAG
경주 여행,459,혹은,MAJ
경주 여행,459,연인,NNG
경주 여행,459,함께,MAG
경주 여행,459,역사,NNG
경주 여행,459,전통,NNG
경주 여행,459,숨쉬,VV
경주 여행,459,계획,NNG
경주 여행,459,숙소,NNG
경주 여행,459,선택,NNG
경주 여행,459,에서부터,JKB
경주 여행,459,소노,NNP
경주 여행,459,소노,NNP
경주 여행,459,리조트,NNG
경주 여행,459,숙소,NNG
경주 여행,459,추천,NNG
경주 여행,459,보문,NNG
경주 여행,459,단지,MAG
경주 여행,459,호텔,NNG
경주 여행,459,가족,NNG
경주 여행,459,숙소,NNG
경주 여행,459,소노,NNG
경주 여행,459,조식,NNG
경주 여행,460,폴리오,NNG
경주 여행,460,시절,NNG
경주 여행,460,인연,NNG
경주 여행,460,시절,NNG
경주 여행,460,인연,NNG
경주 여행,460,감성,NNG
경주 여행,460,숙소,NNG
경주 여행,460,코스,NNG
경주 여행,460,추천,NNP
경주 여행,460,터미널,NNG
경주 여행,460,근처,NNG
경주 여행,460,황리,NNG
경주 여행,460,근처,NNG
경주 여행,460,숙소,NNG
경주 여행,460,색색,MAG
경주 여행,460,사계절,NNG
경주 여행,460,생각,NNG
경주 여행,460,사랑,NNG
경주 여행,460,사람,NNG
경주 여행,460,함께,MAG
경주 여행,460,순간,NNG
경주 여행,460,하이라이트,NNG
경주 여행,460,함께,MAG
경주 여행,460,한다는,VV+ETM
경주 여행,460,가장,MAG
경주 여행,460,내적,NNG
경주 여행,461,보문동,NNP
경주 여행,461,맛집,NNG
경주 여행,461,든든,XR
경주 여행,461,밥집,NNG
경주 여행,461,다가,EC
경주 여행,461,다녀온,VV+ETM
경주 여행,461,현생,NNG
경주 여행,461,오리,NNG
경주 여행,461,돌솥,NNG
경주 여행,461,오리,VV
경주 여행,461,보문동,NNP
경주 여행,461,맛집,NNG
경주 여행,461,현생,NNG
경주 여행,461,오리,NNG
경주 여행,461,안녕,NNG
경주 여행,461,세요,EP+EF
경주 여행,461,오늘,MAG
경주 여행,461,가족,NNG
경주 여행,461,함께,MAG
경주 여행,461,다녀온,VV+ETM
경주 여행,461,든든,XR
경주 여행,461,보문동,NNP
경주 여행,461,맛집,NNG
경주 여행,461,후기,NNG
경주 여행,461,남겨,VV+EC
경주 여행,461,볼께요,VX+EF
경주 여행,461,장명,NNG
경주 여행,461,현생,NNG
경주 여행,461,오리,NNG
경주 여행,461,주소,NNG
경주 여행,461,경상북도,NNP
경주 여행,461,경주시,NNP
경주 여행,461,머리,NNG
경주 여행,461,149,SN
경주 여행,461,번호,NNG
경주 여행,461,0507,SN
경주 여행,462,숙소,NNG
경주 여행,462,시외버스,NNG
경주 여행,462,터미널,NNG
경주 여행,462,숙소,NNG
경주 여행,462,추천,NNG
경주 여행,462,디바인,NNP
경주 여행,462,미니,NNG
경주 여행,462,호텔,NNG
경주 여행,462,후기,NNG
경주 여행,462,준비,NNG
경주 여행,462,숙소,NNG
경주 여행,462,어디,NP
경주 여행,462,을지,EC
경주 여행,462,생각,NNG
경주 여행,462,보다,JKB
경주 여행,462,중요,NNG
경주 여행,462,합니다,XSV+EF
경주 여행,462,특히,MAG
경주 여행,462,뚜벅,MAG
경주 여행,462,거나,EC
경주 여행,462,시외버스,NNG
경주 여행,462,이용,NNG
경주 여행,462,해서,XSV+EC
경주 여행,462,도착,NNG
경주 여행,462,한다면,XSV+EC
경주 여행,462,시외버스,NNG
경주 여행,462,터미널,NNG
경주 여행,462,근처,NNG
경주 여행,462,숙소,NNG
경주 여행,463,경북,NNP
경주 여행,463,벚꽃,NNG
경주 여행,463,한우,NNG
경주 여행,463,물회,NNG
경주 여행,463,맛집,NNG
경주 여행,463,너무너무,MAG
경주 여행,463,후기,NNG
경주 여행,463,입니다요,VCP+EC
경주 여행,463,벚꽃,NNG
경주 여행,463,기록,NNG
경주 여행,463,벚꽃,NNG
경주 여행,463,일정,NNG
경주 여행,463,으로,JKB
경주 여행,463,다녀왔,VV+EP
경주 여행,463,처음,NNG
경주 여행,463,부터,JX
경주 여행,463,계획,NNG
경주 여행,463,아니,VCN
경주 여행,463,는데,EC
경주 여행,463,결혼,NNG
경주 여행,463,기념일,NNG
경주 여행,464,순례,NNG
경주 여행,464,황리,NNG
경주 여행,464,투어,NNG
경주 여행,464,필수,NNG
경주 여행,464,얼굴,NNG
경주 여행,464,황리,NNG
경주 여행,464,순례,NNG
경주 여행,464,에요,EF
경주 여행,464,황리,NNG
경주 여행,464,맛있,VA
경주 여행,464,빵집,NNG
경주 여행,464,아서,EC
경주 여행,464,큰일,NNG
경주 여행,464,인데,VCP+EC
경주 여행,464,아직,MAG
경주 여행,464,바로,MAG
경주 여행,464,얼굴,NNG
경주 여행,464,에요,EF
경주 여행,464,필수,NNG
경주 여행,464,는다는,ETM
경주 여행,464,인증,NNG
경주 여행,464,저희,NP
경주 여행,464,려고,EC
경주 여행,465,기념품,NNG
경주 여행,465,추천,NNG
경주 여행,465,황남빵,NNP
경주 여행,465,대신,NNG
경주 여행,465,특별,NNG
경주 여행,465,첨성대,NNG
경주 여행,465,초콜릿,NNG
경주 여행,465,후기,NNG
경주 여행,465,안녕,NNG
경주 여행,465,세요,EP+EF
경주 여행,465,지히,NNG
경주 여행,465,입니다,VCP+EF
경주 여행,465,다녀오,VV
경주 여행,465,기념품,NNG
경주 여행,465,으로,JKB
경주 여행,465,보통,NNG
경주 여행,465,황남빵,NNP
경주 여행,465,이나,JC
경주 여행,465,찰보리빵,NNP
경주 여행,465,많이,MAG
경주 여행,465,황리,NNG
경주 여행,465,구경,NNG
경주 여행,465,다가,EC
경주 여행,465,들르,VV
경주 여행,465,위치,NNG
경주 여행,465,동선,NNG
경주 여행,465,편했,VA+EP
경주 여행,465,외관,NNG
경주 여행,465,깔끔,XR
경주 여행,465,해서,XSA+EC
경주 여행,465,금방,MAG
경주 여행,466,황리,NNG
경주 여행,466,선물,NNG
경주 여행,466,바삭,MAG
경주 여행,466,페스,NNP
경주 여행,466,달콤,XR
경주 여행,466,사과,NNG
경주 여행,466,도쿄,NNP
경주 여행,466,파이,NNP
경주 여행,466,페스,NNP
경주 여행,466,식감,NNG
경주 여행,466,남녀노소,NNG
경주 여행,466,좋아할,VV+ETM
경주 여행,466,황리,NNG
경주 여행,466,한식,NNG
경주 여행,466,맛집,NNG
경주 여행,466,동양,NNG
경주 여행,466,백반,NNG
경주 여행,466,황리,NNG
경주 여행,466,디저트,NNG
경주 여행,466,황리,NNG
경주 여행,466,간식,NNG
경주 여행,466,황리,NNG
경주 여행,466,선물,NNG
경주 여행,466,도쿄,NNP
경주 여행,466,파이,NNG
경주 여행,466,사과,NNG
경주 여행,466,파이,NNG
경주 여행,466,애플파이,NNG
경주 여행,466,황리,NNG
경주 여행,466,먹거리,NNG
경주 여행,467,푸짐,XR
경주 여행,467,성비,NNG
경주 여행,467,들르,VV
경주 여행,467,감포,NNP
경주 여행,467,횟집,NNG
경주 여행,467,부부,NNG
경주 여행,467,맛집,NNG
경주 여행,467,탐방,NNG
경주 여행,467,부부,NNG
경주 여행,467,수산,NNG
경주 여행,467,오늘,NNG
경주 여행,467,맛집,NNG
경주 여행,467,저희,NP
경주 여행,467,부부,NNG
경주 여행,467,항상,MAG
경주 여행,467,해산물,NNG
경주 여행,467,즐기,VV
경주 여행,467,감포,NNP
경주 여행,467,자주,MAG
경주 여행,467,하지만,MAJ
경주 여행,467,들르,VV
경주 여행,467,감포,NNP
경주 여행,467,횟집,NNG
경주 여행,467,으로,JKB
경주 여행,467,항상,MAG
경주 여행,467,방문,NNG
경주 여행,467,에요,EF
경주 여행,467,해산물,NNG
경주 여행,467,새우,NNG
경주 여행,467,전복,NNG
경주 여행,468,여름,NNG
경주 여행,468,야무지,VA
경주 여행,468,계획,NNG
경주 여행,468,우리,NP
경주 여행,468,기차,NNG
경주 여행,468,기차,NNG
경주 여행,468,서울,NNP
경주 여행,468,에서,JKB
경주 여행,468,간식,NNG
경주 여행,468,꾸러미,NNG
경주 여행,468,아니,VCN
경주 여행,468,냐구요,EC
경주 여행,468,서요,NNG
경주 여행,468,경주역,NNP
경주 여행,468,도착,NNG
경주 여행,468,도착,NNG
경주 여행,468,자마자,EC
경주 여행,468,계단,NNG
경주 여행,468,에서,JKB
경주 여행,468,마주친,VV+ETM
경주 여행,468,모형,NNG
경주 여행,468,같이,MAG
경주 여행,468,생긴,VV+ETM
경주 여행,468,개구리,NNG
경주 여행,468,처음,NNG
경주 여행,468,모형,NNG
경주 여행,469,아이,NNG
경주 여행,469,실내,NNG
경주 여행,469,데이트,NNG
경주 여행,469,추천,NNG
경주 여행,469,원더스,NNP
경주 여행,469,페이스,NNP
경주 여행,469,보문,NNG
경주 여행,469,아이,NNG
경주 여행,469,아이,NNG
경주 여행,469,으신다면,EP+EC
경주 여행,469,필수,NNG
경주 여행,469,코스,NNG
경주 여행,469,들려,VV+EC
경주 여행,469,아요,EF
경주 여행,469,특히,MAG
경주 여행,469,전부,MAG
경주 여행,469,내라,NNP
경주 여행,469,비오,NNG
경주 여행,469,어디,NP
경주 여행,469,하나,NR
경주 여행,469,고민,NNG
경주 여행,469,라면,EC
경주 여행,469,무조건,MAG
경주 여행,469,원더,NNP
경주 여행,469,플레이스,NNP
경주 여행,469,라고,VCP+EC
경주 여행,469,할래요,XSV+EC
경주 여행,470,추석,NNG
경주 여행,470,연휴,NNG
경주 여행,470,아이,NNG
경주 여행,470,국립,NNG
경주 여행,470,박물관,NNG
경주 여행,470,국립,NNG
경주 여행,470,박물관,NNG
경주 여행,470,가족,NNG
경주 여행,470,아이,NNG
경주 여행,470,지난,VV+ETM
경주 여행,470,아이,NNG
경주 여행,470,함께,MAG
경주 여행,470,국립,NNG
경주 여행,470,박물관,NNG
경주 여행,470,다녀왔,VV+EP
경주 여행,470,어요,EF
경주 여행,470,이제야,MAG
경주 여행,470,정리,NNG
경주 여행,470,방문,NNG
경주 여행,470,후기,NNG
경주 여행,470,인데,VCP+EC
경주 여행,470,마침,MAG
경주 여행,470,다가오,VV
경주 여행,470,추석,NNG
경주 여행,470,연휴,NNG
경주 여행,470,가족,NNG
경주 여행,470,장소,NNG
경주 여행,471,결혼기념일,NNG
경주 여행,471,이랑,JC
경주 여행,471,이모저모,NNG
경주 여행,471,시댁,NNG
경주 여행,471,너무너무,MAG
경주 여행,471,아서,EC
경주 여행,471,오빠,NNG
경주 여행,471,숙소,NNG
경주 여행,471,너무,MAG
경주 여행,471,예전,NNG
경주 여행,471,잠실,NNP
경주 여행,471,롯데,NNP
경주 여행,471,는데,EC
경주 여행,471,어느,MM
경주 여행,471,순간,NNG
경주 여행,471,사라져,VV+EC
경주 여행,471,버린,VX+ETM
경주 여행,471,다음,NNG
경주 여행,471,가야지,NNG
경주 여행,471,동기,NNG
경주 여행,471,언니,NNG
경주 여행,471,결혼식,NNG
경주 여행,472,26,SN
경주 여행,472,부자,NNG
경주 여행,472,함양,NNG
경주 여행,472,안녕,NNG
경주 여행,472,세요,EP+EF
경주 여행,472,입니다,VCP+EC
경주 여행,472,저녁,NNG
경주 여행,472,날씨,NNG
경주 여행,472,는데,EC
경주 여행,472,아침,NNG
경주 여행,472,흐리,VA
경주 여행,472,네요,EC
경주 여행,472,빌렸,VV+EP
경주 여행,472,습니다,EF
경주 여행,472,시내,NNG
경주 여행,472,도보,NNG
경주 여행,472,충분,XR
경주 여행,472,지만,EC
경주 여행,472,불국사,NNG
경주 여행,472,까지,JX
경주 여행,472,둘러보,VV
경주 여행,472,려면,EC
경주 여행,472,편해서,VA+EC
경주 여행,473,소노,NNP
경주 여행,473,가격,NNG
경주 여행,473,식당,NNG
경주 여행,473,수영장,NNG
경주 여행,473,정보,NNG
경주 여행,473,숙소,NNG
경주 여행,473,보문관광단지,NNP
경주 여행,473,에서,JKB
경주 여행,473,고민,NNG
경주 여행,473,많이,MAG
경주 여행,473,소노,NNP
경주 여행,473,보문,NNG
경주 여행,473,호수,NNG
경주 여행,473,바로,MAG
경주 여행,473,어서,EC
경주 여행,473,소노,NNP
경주 여행,473,후기,NNG
경주 여행,473,숙소,NNG
경주 여행,473,추천,NNP
경주 여행,473,보문관광단지,NNP
경주 여행,473,호텔,NNG
경주 여행,473,가족,NNG
경주 여행,473,숙소,NNG
경주 여행,473,사진,NNG
경주 여행,473,출처,NNG
경주 여행,473,소노,NNG
경주 여행,474,혼자,MAG
경주 여행,474,당일치기,NNG
경주 여행,474,황리,NNG
경주 여행,474,카페,NNG
경주 여행,474,투어,NNG
경주 여행,474,코스,NNG
경주 여행,474,일정,NNG
경주 여행,474,공유,NNG
경주 여행,474,안녕,NNG
경주 여행,474,세요,EP+EF
경주 여행,474,블로거,NNP
경주 여행,474,입니다,VCP+EF
경주 여행,474,여성,NNG
경주 여행,474,혼자,MAG
경주 여행,474,당일치기,NNG
경주 여행,474,코스,NNG
경주 여행,474,일정,NNG
경주 여행,474,공유,NNG
경주 여행,474,합니다,XSA+EF
경주 여행,474,작년,NNG
경주 여행,474,박물관,NNG
경주 여행,474,이나,JC
경주 여행,474,미술관,NNG
경주 여행,474,처럼,JKB
경주 여행,474,문화,NNG
경주 여행,474,생활,NNG
경주 여행,474,즐길,VV+ETM
경주 여행,474,일정,NNG
경주 여행,474,위주,NNG
경주 여행,474,다면,EC
경주 여행,475,2026,SN
경주 여행,475,첨성대,NNG
경주 여행,475,핑크,NNG
경주 여행,475,시기,NNG
경주 여행,475,10,SN
경주 여행,475,11,SN
경주 여행,475,개화,NNP
경주 여행,475,차이,NNG
경주 여행,475,주차,NNG
경주 여행,475,위치,NNG
경주 여행,475,가을,NNG
경주 여행,475,준비,NNG
경주 여행,475,다면,EC
경주 여행,475,핑크,NNG
경주 여행,475,떠올리,VV
경주 여행,475,첨성대,NNG
경주 여행,475,주변,NNG
경주 여행,475,계절,NNG
경주 여행,475,마다,JX
경주 여행,475,황리,NNG
경주 여행,475,방문,NNG
경주 여행,475,여행객,NNG
경주 여행,475,까지,JX
경주 여행,475,몰리,VV
경주 여행,475,오후,NNG
경주 여행,475,주차,NNG
경주 여행,475,대기,NNG
경주 여행,475,시간,NNG
경주 여행,475,거든,EF
경주 여행,475,그래서,MAJ
경주 여행,475,조금,NNG
경주 여행,476,황리,NNG
경주 여행,476,맛집,NNG
경주 여행,476,분위기,NNG
경주 여행,476,한식,NNG
경주 여행,476,맛집,NNG
경주 여행,476,소소,NNG
경주 여행,476,함박,NNG
경주 여행,476,솔직,XR
경주 여행,476,후기,NNG
경주 여행,476,황리,NNG
경주 여행,476,맛집,NNG
경주 여행,476,황리,NNG
경주 여행,476,맛집,NNG
경주 여행,476,한식,NNG
경주 여행,476,맛집,NNG
경주 여행,476,저녁,NNG
경주 여행,476,맛집,NNG
경주 여행,476,정식,NNG
경주 여행,476,맛집,NNG
경주 여행,476,소소,NNG
경주 여행,476,함박,NNG
경주 여행,476,소소,NNP
경주 여행,476,함박,NNP
경주 여행,476,방문,NNG
경주 여행,476,필수,NNG
경주 여행,476,코스,NNG
경주 여행,476,데이트,NNG
경주 여행,476,코스,NNG
경주 여행,476,한식,NNG
경주 여행,476,한옥,NNG
경주 여행,476,식당,NNG
경주 여행,477,서민,NNG
경주 여행,477,식당,NNG
경주 여행,477,보문,NNG
경주 여행,477,단지,MAG
경주 여행,477,맛집,NNG
경주 여행,477,메뉴,NNG
경주 여행,477,주차,NNG
경주 여행,477,주말,NNG
경주 여행,477,웨이팅,NNG
경주 여행,477,후기,NNG
경주 여행,477,떡갈비,NNG
경주 여행,477,떡갈비,NNG
경주 여행,477,맛집,NNG
경주 여행,477,한우,NNG
경주 여행,477,떡갈비,NNG
경주 여행,477,아이,NNG
경주 여행,477,맛집,NNG
경주 여행,477,가족,NNG
경주 여행,477,식사,NNG
경주 여행,477,가족,NNG
경주 여행,477,맛집,NNG
경주 여행,477,점심,NNG
경주 여행,477,맛집,NNG
경주 여행,477,한식,NNG
경주 여행,477,맛집,NNG
경주 여행,477,주말,NNG
경주 여행,477,맛집,NNG
경주 여행,477,맛집,NNG
경주 여행,477,추천,NNP
경주 여행,477,서민식,NNP
경주 여행,477,당주,NNG
경주 여행,477,서민,NNG
경주 여행,477,식당,NNG
경주 여행,477,웨이팅,NNG
경주 여행,478,가족,NNG
경주 여행,478,펜션,NNG
경주 여행,478,소가족,NNG
경주 여행,478,숙소,NNG
경주 여행,478,가족,NNG
경주 여행,478,펜션,NNG
경주 여행,478,소가족,NNG
경주 여행,478,숙소,NNG
경주 여행,478,사리풀,NNG
경주 여행,478,빌라,NNG
경주 여행,478,입니다,VCP+EF
경주 여행,478,아이,NNG
경주 여행,478,함께,MAG
경주 여행,478,준비,NNG
경주 여행,478,숙소,NNG
경주 여행,478,고르,VV
경주 여행,478,생각,NNG
경주 여행,478,보다,JKB
경주 여행,478,습니다,EF
경주 여행,478,객실,NNG
경주 여행,478,너무,MAG
경주 여행,478,으면,EC
경주 여행,478,아이,NNG
경주 여행,478,살피,VV
경주 여행,478,어렵,VA
경주 여행,478,대로,JX
경주 여행,479,개강,NNG
경주 여행,479,일단,MAG
경주 여행,479,이래저래,MAG
경주 여행,479,는데,EC
경주 여행,479,미안,NNG
경주 여행,479,으로,JKB
경주 여행,479,조절,NNG
경주 여행,479,이게,NP+JKS
경주 여행,479,사랑,NNG
경주 여행,479,해서,XSV+EC
경주 여행,479,그런,MM
경주 여행,479,고하,NNG
경주 여행,479,노라,NNG
경주 여행,479,습니다,EF
경주 여행,480,월지,NNG
경주 여행,480,에서,JKB
경주 여행,480,발견,NNG
경주 여행,480,특별,NNG
경주 여행,480,소금,NNG
경주 여행,480,선물,NNG
경주 여행,480,추천,NNG
경주 여행,480,에서,JKB
경주 여행,480,그냥,MAG
경주 여행,480,지나치,VA
경주 여행,480,아쉬워서,VA+EC
경주 여행,480,들러본,VV+EC+VX+ETM
경주 여행,480,인데,VCP+EC
경주 여행,480,에서,JKB
경주 여행,480,간식,NNG
경주 여행,480,이나,JC
경주 여행,480,선물,NNG
경주 여행,480,괜찮,VA
경주 여행,480,다는,ETM
경주 여행,480,생각,NNG
경주 여행,480,에요,EF
경주 여행,480,월지,NNG
경주 여행,480,매장,NNG
경주 여행,480,전통,NNG
경주 여행,480,한옥,NNG
경주 여행,480,스타일,NNG
경주 여행,480,외관,NNG
경주 여행,480,처음,NNG
경주 여행,480,부터,JX
경주 여행,481,셀렉,NNP
경주 여행,481,조식,NNG
경주 여행,481,시간,NNG
경주 여행,481,투숙객,NNG
경주 여행,481,할인,NNG
경주 여행,481,셀렉,NNP
경주 여행,481,조식,NNG
경주 여행,481,조식,NNG
경주 여행,481,뷔페,NNG
경주 여행,481,숙소,NNG
경주 여행,481,추천,NNP
경주 여행,481,가족,NNG
경주 여행,481,숙소,NNG
경주 여행,481,셀렉,NNP
경주 여행,481,보문,NNG
경주 여행,481,단지,MAG
경주 여행,481,호텔,NNG
경주 여행,481,숙소,NNG
경주 여행,481,호텔,NNG
경주 여행,481,추천,NNG
경주 여행,481,여기,NP
경주 여행,481,어때,VA+EC
경주 여행,481,숙소,NNG
경주 여행,481,수영장,NNG
경주 여행,481,호텔,NNG
경주 여행,481,성호,NNG
경주 여행,481,사진,NNG
경주 여행,481,출처,NNG
경주 여행,481,여기,NP
경주 여행,481,어때,VA+EC
경주 여행,482,황리,NNG
경주 여행,482,대릉,NNG
경주 여행,482,갈비,NNG
경주 여행,482,일정,NNG
경주 여행,482,맞춰,VV+EC
경주 여행,482,편하,VA
경주 여행,482,들르,VV
경주 여행,482,시간,NNG
경주 여행,482,일정,NNG
경주 여행,482,식사,NNG
경주 여행,482,시간,NNG
경주 여행,482,이동,NNG
경주 여행,482,동선,NNG
경주 여행,482,주변,NNG
경주 여행,482,관광,NNG
경주 여행,482,시간,NNG
경주 여행,482,함께,MAG
경주 여행,482,고려,NNG
경주 여행,482,한결,MAG
경주 여행,482,여유,NNG
경주 여행,482,습니다,EF
경주 여행,482,황리,NNG
경주 여행,482,맛집,NNG
경주 여행,482,경우,NNG
경주 여행,482,관광지,NNG
경주 여행,482,관람,NNG
경주 여행,482,전후,NNG
경주 여행,482,시간,NNG
경주 여행,482,미리,MAG
경주 여행,482,나눠,VV+EC
경주 여행,482,일정,NNG
경주 여행,482,자연,NNG
경주 여행,482,스럽,XSA
경주 여행,483,황리,NNG
경주 여행,483,간식,NNG
경주 여행,483,추천,NNG
경주 여행,483,기념품,NNG
경주 여행,483,선물,NNG
경주 여행,483,추천,NNG
경주 여행,483,스타,NNG
경주 여행,483,포장,NNG
경주 여행,483,해서,XSV+EC
경주 여행,483,에서,JKB
경주 여행,483,어도,EC
경주 여행,483,맛있,VA
경주 여행,483,간식,NNG
경주 여행,483,여행지,NNG
경주 여행,483,에서,JKB
경주 여행,483,지만,EC
경주 여행,483,맛있,VA
경주 여행,483,어서,EC
경주 여행,483,포장,NNG
경주 여행,483,까지,JX
경주 여행,483,어요,EF
경주 여행,483,끝난,VV+ETM
경주 여행,483,가져와서,VV+EC
경주 여행,483,으려고,EC
경주 여행,483,즐거움,NNG
경주 여행,483,조금,MAG
경주 여행,483,오래,MAG
경주 여행,483,느낄,VV+ETM
경주 여행,484,일본어,NNG
경주 여행,484,일기,NNG
경주 여행,484,89,SN
경주 여행,484,첫째,NR
경주 여행,484,이야기,NNG
경주 여행,484,2026,SN
경주 여행,484,그럼,MAJ
경주 여행,484,어때,VA+EC
경주 여행,484,고등학교,NNG
경주 여행,484,수학여행,NNG
경주 여행,484,으로,JKB
경주 여행,484,밖에,JX
경주 여행,484,는데,EC
경주 여행,484,오랜만,NNG
경주 여행,484,다시,MAG
경주 여행,484,네요,EF
경주 여행,484,결정,NNG
경주 여행,484,어제,MAG
경주 여행,484,출발,MAG
경주 여행,484,남편,NNG
경주 여행,484,이번,NNG
경주 여행,484,무조건,MAG
경주 여행,484,당신,NP
경주 여행,484,마음,NNG
경주 여행,484,대로,JX
경주 여행,485,직접,MAG
경주 여행,485,다녀온,VV+ETM
경주 여행,485,현지,NNG
경주 여행,485,맛집,NNG
경주 여행,485,카페,NNG
경주 여행,485,10,SN
경주 여행,485,내산,NNP
경주 여행,485,리얼,NNG
경주 여행,485,이번,NNG
경주 여행,485,실제로,MAG
경주 여행,485,가본,NNG
경주 여행,485,맛집,NNG
경주 여행,485,카페,NNG
경주 여행,485,10,SN
경주 여행,485,정리,NNG
경주 여행,485,황리,NNG
경주 여행,485,감포,NNP
경주 여행,485,정교,NNG
경주 여행,485,불국사,NNG
경주 여행,485,까지,JX
경주 여행,485,시내,NNG
경주 여행,485,해안,NNG
경주 여행,485,오가,VV
경주 여행,485,다녔,VV+EP
경주 여행,485,시내,NNG
경주 여행,485,황리,NNG
경주 여행,485,대릉원,NNG
경주 여행,486,불국사,NNG
경주 여행,486,석굴암,NNG
경주 여행,486,사실,MAG
경주 여행,486,이번,NNG
경주 여행,486,에서,JKB
경주 여행,486,제일,MAG
경주 여행,486,기대,NNG
경주 여행,486,월드,NNG
경주 여행,486,는데,EC
경주 여행,486,내내,MAG
경주 여행,486,버림,VX+ETN
경주 여행,486,그래서,MAJ
경주 여행,486,오늘,NNG
경주 여행,486,냐고요,EC
경주 여행,486,기존,NNG
경주 여행,486,수학여행,NNG
경주 여행,486,컨셉,NNG
경주 여행,486,맞춰,VV+EC
경주 여행,486,불국사,NNP
경주 여행,486,석굴암,NNG
경주 여행,486,읍니다,EC
경주 여행,486,불국사,NNP
경주 여행,486,발견,NNG
경주 여행,487,감포,NNP
경주 여행,487,견대,NNG
경주 여행,487,카페,NNP
경주 여행,487,조용한,NNP
경주 여행,487,오션,NNP
경주 여행,487,반려,NNG
경주 여행,487,동반,NNG
경주 여행,487,가능,NNG
경주 여행,487,힐링,NNG
경주 여행,487,감포,NNP
경주 여행,487,해안,NNG
경주 여행,487,도로,NNG
경주 여행,487,따라가,VV
경주 여행,487,자연,NNG
경주 여행,487,스럽,XSA
경주 여행,487,만나,VV
경주 여행,487,감포,NNP
경주 여행,487,견대,NNG
경주 여행,487,카페,NNG
경주 여행,487,이름,NNG
경주 여행,487,그대로,MAG
경주 여행,487,관광,NNG
경주 여행,487,카페,NNG
경주 여행,487,함께,MAG
경주 여행,487,즐길,VV+ETM
경주 여행,487,다는,ETM
경주 여행,487,에서,JKB
경주 여행,487,포항,NNP
경주 여행,487,코스,NNG
경주 여행,487,으면,EC
경주 여행,487,만족도,NNG
경주 여행,487,습니다,EF
경주 여행,488,고기,NNG
경주 여행,488,생각,NNG
경주 여행,488,는데,EC
경주 여행,488,분위기,NNG
경주 여행,488,까지,JX
경주 여행,488,대릉,NNG
경주 여행,488,갈비,NNG
경주 여행,488,진짜,MAG
경주 여행,488,황리,NNG
경주 여행,488,에서,JKB
경주 여행,488,을지,EC
경주 여행,488,한참,NNG
경주 여행,488,고민,NNG
경주 여행,488,다가,EC
경주 여행,488,결국,NNG
경주 여행,488,대릉,NNG
경주 여행,488,갈비,NNG
경주 여행,488,부터,JX
경주 여행,488,느낌,NNG
경주 여행,488,제대로,MAG
경주 여행,488,그날,NNG
경주 여행,488,혼자,MAG
경주 여행,488,돌아다니,VV
경주 여행,488,오히려,MAJ
경주 여행,488,장면,NNG
경주 여행,488,처럼,JKB
경주 여행,488,기억,NNG
경주 여행,488,식사,NNG
경주 여행,488,면서,EC
경주 여행,488,주변,NNG
경주 여행,489,황리,NNG
경주 여행,489,신라,NNP
경주 여행,489,제면,NNG
경주 여행,489,프롬,NNP
경주 여행,489,상록,NNP
경주 여행,489,GOGO,SL
경주 여행,489,20260816,SN
경주 여행,489,요일,NNG
경주 여행,489,다녀온,VV+ETM
경주 여행,489,맛집,NNG
경주 여행,489,황리,NNG
경주 여행,489,맛집,NNG
경주 여행,489,황리,NNG
경주 여행,489,맛집,NNG
경주 여행,489,추천,NNP
경주 여행,489,신라,NNP
경주 여행,489,제면,NNG
경주 여행,489,신라,NNP
경주 여행,489,제면,NNG
경주 여행,489,10,SN
경주 여행,489,00,SN
경주 여행,489,21,SN
경주 여행,489,00,SN
경주 여행,489,20,SN
경주 여행,489,20,SN
경주 여행,489,라스트,NNG
경주 여행,489,오더,NNG
경주 여행,489,아침,NNG
경주 여행,489,10,SN
경주 여행,489,오픈,NNG
경주 여행,489,인데,VCP+EC
경주 여행,489,캐치,NNG
경주 여행,489,테이블,NNG
경주 여행,489,웨이팅,NNG
경주 여행,489,10,SN
경주 여행,489,12,SN
경주 여행,489,는데,EC
경주 여행,490,대릉원,NNG
경주 여행,490,미디어,NNG
경주 여행,490,아트,NNG
경주 여행,490,2026,SN
경주 여행,490,시간,NNG
경주 여행,490,간직,NNG
경주 여행,490,대릉원,NNG
경주 여행,490,고분,NNG
경주 여행,490,영상,NNG
경주 여행,490,어우러지,VV
경주 여행,490,모습,NNG
경주 여행,490,만나,VV+EC
경주 여행,490,2026,SN
경주 여행,490,국가,NNG
경주 여행,490,유산,NNG
경주 여행,490,미디어,NNG
경주 여행,490,아트,NNG
경주 여행,490,대릉원,NNG
경주 여행,490,계획,NNG
경주 여행,490,다면,EC
경주 여행,490,대릉원,NNG
경주 여행,490,미디어,NNG
경주 여행,490,아트,NNG
경주 여행,490,일정,NNG
경주 여행,490,참고,NNG
경주 여행,490,해서,XSV+EC
경주 여행,490,가을,NNG
경주 여행,491,보문,NNG
경주 여행,491,산책,NNG
경주 여행,492,아시,NNG
경주 여행,492,아시,NNG
경주 여행,492,후기,NNG
경주 여행,492,니당,EF
경주 여행,492,아시,NNG
경주 여행,492,포석로,NNP
경주 여행,492,1068,SN
경주 여행,492,20,SN
경주 여행,492,매일,NNG
경주 여행,492,11,SN
경주 여행,492,00,SN
경주 여행,492,18,SN
경주 여행,492,00,SN
경주 여행,492,아시,NNG
경주 여행,492,황리,NNG
경주 여행,492,골목,NNG
경주 여행,492,사이,NNG
경주 여행,492,들어오,VV
경주 여행,492,입구,NNG
경주 여행,492,보여요,VV+EC
경주 여행,492,에서,JKB
경주 여행,492,도보,NNP
경주 여행,492,10,SN
경주 여행,492,정도,NNG
경주 여행,492,걸리,NNG
경주 여행,493,바실라,NNP
경주 여행,493,카페,NNP
경주 여행,493,팥빙수,NNP
경주 여행,493,으러,EC
경주 여행,493,다가,EC
경주 여행,493,예쁜,VA+ETM
경주 여행,493,풍경,NNG
경주 여행,493,으로,JKB
경주 여행,493,기분,NNG
경주 여행,493,제대로,MAG
경주 여행,493,더라고요,EC
경주 여행,493,흐린,VV+ETM
경주 여행,493,날씨,NNG
경주 여행,493,지만,EC
경주 여행,493,그래도,VV+EC
경주 여행,493,나름,NNB
경주 여행,493,운치,NNG
경주 여행,493,어요,EF
경주 여행,493,평소,NNG
경주 여행,493,아니,VCN
경주 여행,493,바실라,NNP
경주 여행,493,에서,JKB
경주 여행,493,여유,NNG
경주 여행,493,으니,EC
경주 여행,493,다음,NNG
경주 여행,493,목적지,NNG
경주 여행,493,황리,NNG
경주 여행,493,에서,JKB
경주 여행,493,만나,VV
경주 여행,494,애플,NNP
경주 여행,494,망고,NNG
경주 여행,494,빙수,NNG
경주 여행,494,맛집,NNG
경주 여행,494,후기,NNG
경주 여행,494,스테이,NNG
경주 여행,494,550,SN
경주 여행,494,특히,MAG
경주 여행,494,케이크,NNG
경주 여행,494,단순히,MAG
경주 여행,494,매장,NNG
경주 여행,494,에서,JKB
경주 여행,494,아니,VCN
경주 여행,494,포장,NNG
경주 여행,494,해서,XSV+EC
경주 여행,494,숙소,NNG
경주 여행,494,에서,JKB
경주 여행,494,즐기,VV
경주 여행,494,거나,EC
경주 여행,494,간식,NNG
경주 여행,494,으로,JKB
경주 여행,494,황리,NNG
경주 여행,494,빙수,NNG
경주 여행,494,코스,NNG
경주 여행,494,데이트,NNG
경주 여행,494,맛집,NNG
경주 여행,494,카페,NNG
경주 여행,495,황리,NNG
경주 여행,495,맛집,NNG
경주 여행,495,이사부,NNP
경주 여행,495,피자,NNG
경주 여행,495,내산,NNP
경주 여행,495,솔직,XR
경주 여행,495,후기,NNG
경주 여행,495,웨이,NNG
경주 여행,495,와서,VV+EC
경주 여행,495,까지,JX
경주 여행,495,부지런히,MAG
경주 여행,495,골목골목,NNG
경주 여행,495,누볐,VV+EP
경주 여행,495,더니,EC
경주 여행,495,아니,VCN
경주 여행,495,다를까,VA+EC
경주 여행,495,힌트,NNG
경주 여행,495,들어갑니다,VV+EC
경주 여행,495,다음,NNG
경주 여행,495,에서,JKB
경주 여행,495,배부르,VA
경주 여행,495,식사,NNG
경주 여행,495,마치,VV
경주 여행,495,가볍,VA
경주 여행,495,산책,NNG
경주 여행,495,찾아간,VV+ETM
경주 여행,495,특별,NNG
경주 여행,495,명소,NNG
경주 여행,495,이야기,NNG
경주 여행,495,가져올,VV+ETM
경주 여행,495,게요,NNB+VCP+EC
경주 여행,496,소노,NNP
경주 여행,496,맛집,NNG
경주 여행,496,조식,NNG
경주 여행,496,스파,NNP
경주 여행,496,솔직,XR
경주 여행,496,후기,NNG
경주 여행,496,소노,NNG
경주 여행,496,주말,NNG
경주 여행,496,이나,JC
경주 여행,496,가족,NNG
경주 여행,496,단위,NNG
경주 여행,496,리조트,NNG
경주 여행,496,계신,VX+ETM
경주 여행,496,여기,NP
경주 여행,496,한번,MAG
경주 여행,496,세요,EP+EF
경주 여행,496,소노,NNP
경주 여행,496,에서,JKB
경주 여행,496,리조트,NNG
경주 여행,496,숙소,NNG
경주 여행,496,고민,NNG
경주 여행,496,자주,MAG
경주 여행,496,나오,VV
경주 여행,496,이름,NNG
경주 여행,496,에요,EF
경주 여행,496,스파,NNP
경주 여행,496,조식,NNG
경주 여행,496,까지,JX
경주 여행,496,반려,NNG
경주 여행,496,견도,NNG
경주 여행,497,숙소,NNG
경주 여행,497,추천,NNG
경주 여행,497,황리,NNG
경주 여행,497,가성,NNG
경주 여행,497,숙소,NNG
경주 여행,497,가야미,NNG
경주 여행,497,호텔,NNG
경주 여행,497,온돌,NNG
경주 여행,497,아이,NNG
경주 여행,497,정한,VV+ETM
경주 여행,497,숙소,NNG
경주 여행,497,급하,VA
경주 여행,497,어요,EF
경주 여행,497,성수기,NNG
경주 여행,497,숙박비,NNG
경주 여행,497,생각,NNG
경주 여행,497,보다,JKB
경주 여행,497,비싸,VA
경주 여행,497,황리,NNG
경주 여행,497,이번,NNG
경주 여행,497,관광,NNG
경주 여행,497,일정,NNG
경주 여행,497,숙소,NNG
경주 여행,497,오래,MAG
경주 여행,497,머물,VV+ETM
경주 여행,497,계획,NNG
경주 여행,497,때문,NNB
경주 여행,497,성비,NNG
경주 여행,497,가장,MAG
경주 여행,497,중요,NNG
경주 여행,497,어요,EF
경주 여행,498,황리,NNG
경주 여행,498,맛집,NNG
경주 여행,498,먹방,NNG
경주 여행,498,닭강정,NNP
경주 여행,498,간단,XR
경주 여행,498,포장,NNG
경주 여행,498,해서,XSV+EC
경주 여행,498,숙소,NNG
경주 여행,498,어도,EC
경주 여행,498,간식,NNG
경주 여행,498,으로,JKB
경주 여행,498,아서,EC
경주 여행,498,한번,MAG
경주 여행,498,라는,ETM
경주 여행,498,뿌듯,XR
경주 여행,498,마무리,NNG
경주 여행,498,어요,EF
경주 여행,498,에서,JKB
경주 여행,498,즐길,VV+ETM
경주 여행,498,먹거리,NNG
경주 여행,499,황리,NNG
경주 여행,499,밥집,NNG
경주 여행,499,아기,NNG
경주 여행,499,식당,NNG
경주 여행,499,황남,NNG
경주 여행,499,양옥,NNG
경주 여행,499,함께,MAG
경주 여행,499,다녀오,VV
경주 여행,499,면서,EC
경주 여행,499,방문,NNG
경주 여행,499,황리,NNG
경주 여행,499,밥집,NNG
경주 여행,499,황남,NNG
경주 여행,499,양옥,NNG
경주 여행,499,후기,NNG
경주 여행,499,입니다,VCP+EF
경주 여행,499,고풍,NNG
경주 여행,499,스러운,XSA+ETM
경주 여행,499,한옥,NNG
경주 여행,499,외관,NNG
경주 여행,499,레트,NNG
경주 여행,499,감성,NNG
경주 여행,499,내부,NNG
경주 여행,499,그리고,MAJ
경주 여행,499,아이,IC
경주 여행,499,배려,NNG
경주 여행,499,인상,NNG
경주 여행,499,에요,EF
경주 여행,499,감성,NNG
경주 여행,499,매장,NNG
경주 여행,499,분위기,NNG
경주 여행,499,인테리어,NNG
경주 여행,500,외양간,NNG
경주 여행,500,황리,NNG
경주 여행,500,본점,NNG
경주 여행,500,맛집,NNG
경주 여행,500,고소,XR
경주 여행,500,치즈,NNG
경주 여행,500,규동,NNP
경주 여행,500,반했,VV+EP
경주 여행,500,어요,EF
경주 여행,500,외양간,NNG
경주 여행,500,황리,NNG
경주 여행,500,본점,NNG
경주 여행,500,단순,NNG
경주 여행,500,맛집,NNG
경주 여행,500,필수,NNG
경주 여행,500,코스,NNG
경주 여행,500,자리매김,NNG
경주 여행,500,라고,EC
경주 여행,500,후회,NNG
경주 여행,500,으실,EP+ETM
경주 여행,500,예요,VCP+EF
경주 여행,500,따뜻,XR
경주 여행,500,식사,NNG
경주 여행,500,즐거움,NNG
경주 여행,500,예요,VCP+EF
경주 여행,500,황리,NNG
경주 여행,500,맛집,NNG
경주 여행,500,맛집,NNG
전주 여행,1,레트,NNG
전주 여행,1,감성,NNG
전주 여행,1,까지,JX
전주 여행,1,PNB,SL
전주 여행,1,풍년제,NNP
전주 여행,1,지순,NNP
전주 여행,1,한옥마을,NNP
전주 여행,1,맛집,NNG
전주 여행,1,맛집,NNG
전주 여행,1,추천,NNG
전주 여행,1,빵집,NNG
전주 여행,1,순례,NNG
전주 여행,1,PNB,SL
전주 여행,1,풍년제,NNP
전주 여행,1,풍년제,NNP
전주 여행,1,본점,NNG
전주 여행,1,풍년제,NNP
전주 여행,1,풍년제,NNP
전주 여행,1,초코파이,NNP
전주 여행,1,수제,NNP
전주 여행,1,초코파이,NNP
전주 여행,1,미니,NNP
전주 여행,1,초코파이,NNP
전주 여행,1,선물,NNG
전주 여행,1,추천,NNG
전주 여행,1,기념품,NNG
전주 여행,2,한옥,NNG
전주 여행,2,마을,NNG
전주 여행,2,길거리,NNG
전주 여행,2,음식,NNG
전주 여행,2,모음,NNG
전주 여행,2,먹거리,NNG
전주 여행,2,추천,NNG
전주 여행,2,에서,JKB
전주 여행,2,빼놓,VV
전주 여행,2,한옥마을,NNP
전주 여행,2,그리고,MAJ
전주 여행,2,길거리,NNG
전주 여행,2,음식,NNG
전주 여행,2,저희,NP
전주 여행,2,흐리,VA
전주 여행,2,조금,MAG
전주 여행,2,와서,VV+EC
전주 여행,2,우산,NNG
전주 여행,2,돌아다녔,VV+EP
전주 여행,2,어요,EF
전주 여행,2,캐리커처,NNG
전주 여행,2,옛날,NNG
전주 여행,2,추억,NR
전주 여행,2,길거리,NNG
전주 여행,2,놀이,NNG
전주 여행,2,더라구요,EC
전주 여행,3,한옥,NNG
전주 여행,3,마을,NNG
전주 여행,3,카페,NNG
전주 여행,3,마시,VV
전주 여행,3,랑게,EC
전주 여행,3,경기전,NNG
전주 여행,3,배경,NNG
전주 여행,3,포토,NNG
전주 여행,3,한쪽,NNG
전주 여행,3,판매,NNG
전주 여행,3,물품,NNG
전주 여행,3,진열,NNG
전주 여행,3,는데,EC
전주 여행,3,다면,EC
전주 여행,3,기념품,NNG
전주 여행,3,으로,JKB
전주 여행,3,구매,NNG
전주 여행,3,셔도,EP+EC
전주 여행,3,아요,EF
전주 여행,3,주문,NNG
전주 여행,3,으로,JKB
전주 여행,3,올라가,VV+EC
전주 여행,3,자리,NNG
전주 여행,3,어요,EF
전주 여행,3,분위기,NNG
전주 여행,3,달라요,VA+EC
전주 여행,3,한옥마을,NNP
전주 여행,4,공연,NNG
전주 여행,4,한옥마을,NNP
전주 여행,4,볼거리,NNG
전주 여행,4,뮤지컬,NNG
전주 여행,4,조선,NNP
전주 여행,4,셰프,NNP
전주 여행,4,상궁,NNG
전주 여행,4,이번,NNG
전주 여행,4,둘째,NR
전주 여행,4,금요일,NNG
전주 여행,4,는데,EC
전주 여행,4,마침,MAG
전주 여행,4,그날,NNG
전주 여행,4,28,SN
전주 여행,4,공연,NNG
전주 여행,4,공연,NNG
전주 여행,4,직접,MAG
전주 여행,4,어요,EF
전주 여행,4,이번,NNG
전주 여행,4,에서,JKB
전주 여행,4,뮤지컬,NNG
전주 여행,4,소개,NNG
전주 여행,4,일정,NNG
전주 여행,4,그리고,MAJ
전주 여행,4,직접,MAG
전주 여행,4,느낀,VV+ETM
전주 여행,4,후기,NNG
전주 여행,4,까지,JX
전주 여행,4,자세히,MAG
전주 여행,4,정리,NNG
전주 여행,5,베이커리,NNP
전주 여행,5,맛집,NNG
전주 여행,5,웨이팅,NNG
전주 여행,5,후기,NNG
전주 여행,5,시베이,NNP
전주 여행,5,주로,MAG
전주 여행,5,유명,XR
전주 여행,5,베이커리,NNP
전주 여행,5,가게,NNG
전주 여행,5,찾아보,VV
전주 여행,5,오랜,MM
전주 여행,5,기간,NNG
전주 여행,5,현지인,NNG
전주 여행,5,까지,JX
전주 여행,5,웨이팅,NNG
전주 여행,5,맛집,NNG
전주 여행,5,으로,JKB
전주 여행,5,알려진,VV+EC+VX+ETM
전주 여행,5,어서,EC
전주 여행,5,사전,NNG
전주 여행,5,알아보,VV
전주 여행,5,방문,NNG
전주 여행,5,어요,EF
전주 여행,5,현장,NNG
전주 여행,5,원격,NNG
전주 여행,5,캐치,NNG
전주 여행,5,테이블,NNG
전주 여행,5,가능,NNG
전주 여행,5,베이커리,NNP
전주 여행,5,가게,NNG
전주 여행,5,인데,VCP+EC
전주 여행,6,수정관,NNG
전주 여행,6,많이,MAG
전주 여행,6,별로,MAG
전주 여행,6,짜장,MAG
전주 여행,6,놀라운,VA+ETM
전주 여행,6,토요일,NNG
전주 여행,6,방영,NNG
전주 여행,6,면서,EC
전주 여행,6,수정관,NNG
전주 여행,6,방문,NNG
전주 여행,6,습니당,EF
전주 여행,6,놀라운,VA+ETM
전주 여행,6,토요일,NNG
전주 여행,6,방영,NNG
전주 여행,6,외관,NNG
전주 여행,6,정말,MAG
전주 여행,6,맛집,NNG
전주 여행,6,기대,NNG
전주 여행,6,수정관,NNG
전주 여행,6,많이,MAG
전주 여행,6,별로,MAG
전주 여행,6,짜장,MAG
전주 여행,6,놀라운,VA+ETM
전주 여행,6,토요일,NNG
전주 여행,6,방영,NNG
전주 여행,6,내산,NNP
전주 여행,6,솔직,XR
전주 여행,6,후기,NNG
전주 여행,7,실내,NNG
전주 여행,7,코스,NNG
전주 여행,7,다가,EC
전주 여행,7,감탄,NNG
전주 여행,7,나왔,VV+EP
전주 여행,7,어요,EF
전주 여행,7,여행지,NNG
전주 여행,7,계신다면,VX+EC
전주 여행,7,망설이,VV
전주 여행,7,떠나,VV+EC
전주 여행,7,세요,EP+EF
전주 여행,7,주아,NNG
전주 여행,7,이랑,JC
전주 여행,7,실내,NNG
전주 여행,7,주야간,NNG
전주 여행,7,한옥마을,NNP
전주 여행,7,국립,NNG
전주 여행,7,무형,NNG
전주 여행,7,유산,NNG
전주 여행,7,동물원,NNP
전주 여행,7,청연,NNG
전주 여행,8,가을,NNG
전주 여행,8,뚜벅,MAG
전주 여행,8,추천,NNG
전주 여행,8,코스,NNG
전주 여행,8,기차,NNG
전주 여행,8,고속버스,NNG
전주 여행,8,가을,NNG
전주 여행,8,뚜벅,MAG
전주 여행,8,가을,NNG
전주 여행,8,국내,NNG
전주 여행,8,뚜벅,MAG
전주 여행,8,국내,NNG
전주 여행,8,코스,NNG
전주 여행,8,코스,NNG
전주 여행,8,가을,NNG
전주 여행,8,가을,NNG
전주 여행,8,대중교통,NNG
전주 여행,8,고속버스,NNG
전주 여행,8,시외버스,NNG
전주 여행,8,기차,NNG
전주 여행,9,국내,NNG
전주 여행,9,뚜벅,MAG
전주 여행,9,향교,NNG
전주 여행,9,한옥,NNG
전주 여행,9,마을,NNG
전주 여행,9,거리,NNG
전주 여행,9,남부,NNG
전주 여행,9,시장,NNG
전주 여행,9,주차장,NNG
전주 여행,9,국내,NNG
전주 여행,9,뚜벅,MAG
전주 여행,9,향교,NNG
전주 여행,9,한옥,NNG
전주 여행,9,마을,NNG
전주 여행,9,거리,NNG
전주 여행,9,남부,NNG
전주 여행,9,시장,NNG
전주 여행,9,주차장,NNG
전주 여행,9,뚜벅,MAG
전주 여행,9,가능,NNG
전주 여행,9,여행지,NNG
전주 여행,9,에요,VCP+EF
전주 여행,9,튼튼,XR
전주 여행,9,다리,NNG
전주 여행,9,열심히,MAG
전주 여행,9,댕길,VV+ETM
전주 여행,9,으로,JKB
전주 여행,9,고자,EC
전주 여행,9,여행지,NNG
전주 여행,9,체크,NNG
전주 여행,9,알찬,VA+ETM
전주 여행,10,근교,NNG
전주 여행,10,완주군,NNG
전주 여행,10,삼례,NNP
전주 여행,10,문화예술,NNP
전주 여행,10,2026,SN
전주 여행,10,삼례역,NNP
전주 여행,10,전포,NNG
전주 여행,10,1930,SN
전주 여행,10,삼례,NNP
전주 여행,10,떠나,VV
전주 여행,10,시간,NNG
전주 여행,10,근교,NNG
전주 여행,10,완주군,NNG
전주 여행,10,2026,SN
전주 여행,10,삼례,NNP
전주 여행,10,역전,NNP
전주 여행,10,포차,NNG
전주 여행,10,가장,MAG
전주 여행,10,특징,NNG
전주 여행,10,단순히,MAG
전주 여행,10,먹거리,NNG
전주 여행,10,부스,NNG
전주 여행,10,모아,VV+EC
전주 여행,10,야시장,NNG
전주 여행,10,분위기,NNG
전주 여행,10,다르,VA
전주 여행,10,다는,ETM
전주 여행,10,에요,EF
전주 여행,10,축제,NNG
전주 여행,10,곳곳,NNG
전주 여행,10,1930,SN
전주 여행,10,삼례,NNP
전주 여행,11,한옥마을,NNP
전주 여행,11,코스,NNG
전주 여행,11,맛집,NNG
전주 여행,11,정리,NNG
전주 여행,11,동선,NNG
전주 여행,11,기준,NNG
전주 여행,11,처음,NNG
전주 여행,11,방문,NNG
전주 여행,11,한옥,NNG
전주 여행,11,마을,NNG
전주 여행,11,입구,NNG
전주 여행,11,기준점,NNG
전주 여행,11,으로,JKB
전주 여행,11,역사,NNG
전주 여행,11,명소,NNG
전주 여행,11,먼저,MAG
전주 여행,11,남부,NNG
전주 여행,11,시장,NNG
전주 여행,11,방향,NNG
전주 여행,11,으로,JKB
전주 여행,11,빠지,VV
전주 여행,11,순서,NNG
전주 여행,11,가장,MAG
전주 여행,11,이해,NNG
전주 여행,11,습니다,EF
전주 여행,11,한옥마을,NNP
전주 여행,11,안팎,NNG
전주 여행,11,주요,NNG
전주 여행,11,지점,NNG
전주 여행,11,도보,NNG
전주 여행,11,모여,VV+EC
전주 여행,11,동선,NNG
전주 여행,12,안녕,NNG
전주 여행,12,세용,EP+EF
전주 여행,12,여름휴가,NNG
전주 여행,12,다녀왔,VV+EP
전주 여행,12,어요,EF
전주 여행,12,사실,MAG
전주 여행,12,속초,NNG
전주 여행,12,는데,EC
전주 여행,12,남자,NNG
전주 여행,12,친구,NNG
전주 여행,12,예비군,NNG
전주 여행,12,이슈,NNG
전주 여행,12,다녀왔,VV+EP
전주 여행,12,어요,EF
전주 여행,12,srt,SL
전주 여행,12,주로,MAG
전주 여행,12,이제,MAG
전주 여행,12,ktx,SL
전주 여행,12,통합,NNG
전주 여행,12,된다고,XSV+EC
전주 여행,12,더라구요,EF
전주 여행,12,도착,NNG
전주 여행,12,자마자,EC
전주 여행,13,한옥마을,NNP
전주 여행,13,최명희,NNP
전주 여행,13,문학관,NNG
전주 여행,13,부터,JX
전주 여행,13,전통술,NNG
전주 여행,13,박물관,NNG
전주 여행,13,까지,JX
전주 여행,13,한옥마을,NNP
전주 여행,13,경기전,NNG
전주 여행,13,한옥마을,NNP
전주 여행,13,한옥마을,NNP
전주 여행,13,이어,NNG
전주 여행,13,봅니다,VV+EC
전주 여행,13,보통,NNG
전주 여행,13,태조,NNG
전주 여행,13,어진,NNG
전주 여행,13,모신,VV+ETM
전주 여행,13,경기전,NNG
전주 여행,13,이나,JC
전주 여행,13,어진,NNG
전주 여행,13,박물관,NNG
전주 여행,13,한옥,NNG
전주 여행,13,마을,NNG
전주 여행,13,내려다보,VV
전주 여행,13,오목,MAG
전주 여행,13,은행나무,NNG
전주 여행,13,근사,XR
전주 여행,13,향교,NNG
전주 여행,14,주영,NNG
전주 여행,14,거리,XSV
전주 여행,14,스페인,NNP
전주 여행,14,요리,NNP
전주 여행,14,스타,NNG
전주 여행,14,클라이너,NNP
전주 여행,14,메가,NNP
전주 여행,14,박스,NNG
전주 여행,14,영화,NNG
전주 여행,14,색다른,VA+ETM
전주 여행,14,영화,NNG
전주 여행,14,거리,NNG
전주 여행,14,객사,NNG
전주 여행,14,에서,JKB
전주 여행,14,메가,NNP
전주 여행,14,박스,NNP
전주 여행,14,클라이너,NNP
전주 여행,14,스타,NNG
전주 여행,14,스페인,NNP
전주 여행,14,요리,NNG
전주 여행,14,이용,NNG
전주 여행,14,어요,EF
전주 여행,14,이번,NNG
전주 여행,14,소식,NNG
전주 여행,14,간혹,MAG
전주 여행,14,내린,VV+ETM
전주 여행,14,때문,NNB
전주 여행,14,관광,NNG
전주 여행,14,보다,JKB
전주 여행,14,주변,NNG
전주 여행,14,현지,NNG
전주 여행,14,이용,NNG
전주 여행,14,주된,VV+ETM
전주 여행,14,어요,EF
전주 여행,15,친구,NNG
전주 여행,15,끼리,XSN
전주 여행,15,노송,NNG
전주 여행,15,루프,NNG
전주 여행,15,에서,JKB
전주 여행,15,예약,NNG
전주 여행,15,노송,NNG
전주 여행,15,빌리,VV
전주 여행,15,비앤비,NNP
전주 여행,15,예약,NNG
전주 여행,15,노송,NNG
전주 여행,15,노송,NNG
전주 여행,15,별장,NNG
전주 여행,15,독채,NNG
전주 여행,15,숙소,NNG
전주 여행,15,가족,NNG
전주 여행,15,숙소,NNG
전주 여행,15,단체,NNG
전주 여행,15,숙소,NNG
전주 여행,15,감성,NNG
전주 여행,15,숙소,NNG
전주 여행,15,한옥,NNG
전주 여행,15,마을,NNG
전주 여행,15,숙소,NNG
전주 여행,15,숙소,NNG
전주 여행,15,추천,NNG
전주 여행,15,루프,NNG
전주 여행,15,숙소,NNG
전주 여행,15,친구,NNG
전주 여행,15,모임,NNG
전주 여행,16,26,SN
전주 여행,16,08,SN
전주 여행,16,14,SN
전주 여행,16,진안,NNG
전주 여행,16,다가,EC
전주 여행,16,까지,JX
전주 여행,16,당일,NNG
전주 여행,16,해결,NNG
전주 여행,16,커플,NNG
전주 여행,16,오늘,NNG
전주 여행,16,진안,NNG
전주 여행,16,갑작스럽,VA
전주 여행,16,당일치기,NNG
전주 여행,16,공주,NNG
전주 여행,16,휴게소,NNG
전주 여행,16,들려,VV+EC
전주 여행,16,대왕,NNG
전주 여행,16,다람쥐,NNG
전주 여행,16,구경,NNG
전주 여행,16,어린아이,NNG
전주 여행,16,의도,NNG
전주 여행,16,뭘까,NP+VCP+EC
전주 여행,16,냄새,NNG
전주 여행,16,100,SN
전주 여행,16,라는,ETM
전주 여행,16,리만,NNP
전주 여행,16,이것,NP
전주 여행,17,워커,NNG
전주 여행,17,초코,NNP
전주 여행,17,허니,NNP
전주 여행,17,밀크,NNP
전주 여행,17,카페,NNP
전주 여행,17,라떼,NNG
전주 여행,17,워커,NNG
전주 여행,17,비허,VV
전주 여행,17,커피,NNG
전주 여행,17,후기,NNG
전주 여행,17,우연히,MAG
전주 여행,17,만난,VV+ETM
전주 여행,17,감각,NNG
전주 여행,17,테마,NNG
전주 여행,17,카페,NNG
전주 여행,17,워커,NNG
전주 여행,17,후기,NNG
전주 여행,17,사진,NNG
전주 여행,17,워커,NNG
전주 여행,17,기본,NNG
전주 여행,17,정보,NNG
전주 여행,17,전주시,NNP
전주 여행,17,완산구,NNP
전주 여행,17,팔달,NNG
전주 여행,17,133,SN
전주 여행,17,영업시간,NNG
전주 여행,17,10,SN
전주 여행,17,00,SN
전주 여행,17,18,SN
전주 여행,17,00,SN
전주 여행,17,라스트,NNG
전주 여행,17,오더,NNG
전주 여행,17,17,SN
전주 여행,17,30,SN
전주 여행,17,정기,NNG
전주 여행,17,휴무,NNG
전주 여행,17,매주,NNG
전주 여행,17,화요일,NNG
전주 여행,18,한옥마을,NNP
전주 여행,18,애견,NNG
전주 여행,18,동반,NNG
전주 여행,18,숙소,NNG
전주 여행,18,체험,NNG
전주 여행,18,반려,NNG
전주 여행,18,견과,NNG
전주 여행,18,즐거워졌,VA+EC+VX+EP
전주 여행,18,고민,NNG
전주 여행,18,라면,EC
전주 여행,18,한옥마을,NNP
전주 여행,18,애견,NNG
전주 여행,18,동반,NNG
전주 여행,18,숙소,NNG
전주 여행,18,라고,EC
전주 여행,18,추천,NNG
전주 여행,18,한옥마을,NNP
전주 여행,18,애견,NNG
전주 여행,18,동반,NNG
전주 여행,18,숙소,NNG
전주 여행,18,애견,NNG
전주 여행,18,동반,NNG
전주 여행,18,숙소,NNG
전주 여행,18,체험,NNG
전주 여행,18,절약,NNG
전주 여행,18,강아지,NNG
전주 여행,18,협찬,NNG
전주 여행,18,플러스,NNG
전주 여행,18,체험,NNG
전주 여행,18,단추,NNG
전주 여행,18,숙박,NNG
전주 여행,18,체험,NNG
전주 여행,18,반려,NNG
전주 여행,19,미곡,NNG
전주 여행,19,스터리,NNP
전주 여행,19,대형,NNG
전주 여행,19,감성,NNG
전주 여행,19,카페,NNP
전주 여행,19,테슬라,NNP
전주 여행,19,슈퍼차저,NNP
전주 여행,19,갤러리,NNG
전주 여행,19,저희,NP
전주 여행,19,처럼,JKB
전주 여행,19,마지막,NNG
전주 여행,19,들러서,VV+EC
전주 여행,19,커피,NNG
전주 여행,19,마시,VV
전주 여행,19,동안,NNG
전주 여행,19,충전,NNG
전주 여행,19,충전,NNG
전주 여행,19,고속도,NNG
전주 여행,19,으로,JKB
전주 여행,19,동선,NNG
전주 여행,19,테슬라,NNP
전주 여행,19,라면,EC
전주 여행,19,카페,NNG
전주 여행,19,충전,NNG
전주 여행,19,해결,NNG
전주 여행,19,다는,ETM
전주 여행,19,장점,NNG
전주 여행,20,2026,SN
전주 여행,20,가을,NNG
전주 여행,20,여행지,NNG
전주 여행,20,추천,NNG
전주 여행,20,국내,NNG
전주 여행,20,코스,NNG
전주 여행,20,경비,NNG
전주 여행,20,정리,NNG
전주 여행,20,가을,NNG
전주 여행,20,가을,NNG
전주 여행,20,여행지,NNG
전주 여행,20,추천,NNG
전주 여행,20,국내,NNG
전주 여행,20,가을,NNG
전주 여행,20,국내,NNG
전주 여행,20,국내,NNG
전주 여행,20,여행지,NNG
전주 여행,20,추천,NNG
전주 여행,20,국내,NNG
전주 여행,20,가을,NNG
전주 여행,20,2026,SN
전주 여행,20,가을,NNG
전주 여행,20,단풍,NNG
전주 여행,20,단풍,NNG
전주 여행,20,명소,NNG
전주 여행,20,가을,NNG
전주 여행,20,단풍,NNG
전주 여행,20,명소,NNG
전주 여행,21,한옥마을,NNP
전주 여행,21,어린이,NNG
전주 여행,21,체험,NNG
전주 여행,21,부산,NNP
전주 여행,21,에서,JKB
전주 여행,21,초등학생,NNG
전주 여행,21,아이,NNG
전주 여행,21,어린이,NNG
전주 여행,21,실내,NNG
전주 여행,21,체험,NNG
전주 여행,21,아이,NNG
전주 여행,21,부산,NNP
전주 여행,21,어린이,NNG
전주 여행,21,체험,NNG
전주 여행,21,여름,NNG
전주 여행,21,방학,NNG
전주 여행,21,체험,NNG
전주 여행,21,문화,NNG
전주 여행,21,누리,NNG
전주 여행,21,카드,NNG
전주 여행,21,맹점,NNG
전주 여행,21,물레,NNG
전주 여행,21,체험,NNG
전주 여행,21,한옥마을,NNP
전주 여행,21,온누리,NNP
전주 여행,21,상품권,NNG
전주 여행,21,가맹점,NNG
전주 여행,21,도자기,NNG
전주 여행,21,물레,NNG
전주 여행,21,체험,NNG
전주 여행,21,우도,NNG
전주 여행,21,예공,NNG
전주 여행,22,가족,NNG
전주 여행,22,실속,NNG
전주 여행,22,아이,NNG
전주 여행,22,숙소,NNG
전주 여행,22,노송,NNG
전주 여행,22,별장,NNG
전주 여행,22,비앤비,NNP
전주 여행,22,예약,NNG
전주 여행,22,노송,NNG
전주 여행,22,별장,NNG
전주 여행,22,노송,NNG
전주 여행,22,키즈,NNP
전주 여행,22,숙소,NNG
전주 여행,22,주아,NNG
전주 여행,22,이랑,JC
전주 여행,22,숙소,NNG
전주 여행,22,가족,NNG
전주 여행,22,숙소,NNG
전주 여행,22,독채,NNG
전주 여행,22,숙소,NNG
전주 여행,22,키즈,NNP
전주 여행,22,펜션,NNG
전주 여행,22,아이,NNG
전주 여행,22,가족,NNG
전주 여행,22,키즈,NNP
전주 여행,22,숙소,NNG
전주 여행,22,추천,NNP
전주 여행,22,한옥,NNG
전주 여행,22,마을,NNG
전주 여행,22,숙소,NNG
전주 여행,23,당일치기,NNG
전주 여행,23,코스,NNG
전주 여행,23,따라,VV+EC
전주 여행,23,보인,VV+ETM
전주 여행,23,뜻밖,NNG
전주 여행,23,풍경,NNG
전주 여행,23,당일치기,NNG
전주 여행,23,코스,NNG
전주 여행,23,따라,VV+EC
전주 여행,23,보인,VV+ETM
전주 여행,23,뜻밖,NNG
전주 여행,23,풍경,NNG
전주 여행,23,한옥마을,NNP
전주 여행,23,맛있,VA
전주 여행,23,음식,NNG
전주 여행,23,으로,JKB
전주 여행,23,알려진,VV+EC+VX+ETM
전주 여행,23,도시,NNG
전주 여행,23,라서,VCP+EC
전주 여행,23,시간,NNG
전주 여행,23,동안,NNG
전주 여행,23,알차,VA
전주 여행,23,즐길,VV+ETM
전주 여행,23,입니다,VCP+EF
전주 여행,23,얼마,NNG
전주 여행,23,당일,NNG
전주 여행,23,다녀왔,VV+EP
전주 여행,23,는데,EC
전주 여행,24,메르,NNP
전주 여행,24,진미,NNG
전주 여행,24,한옥마을,NNP
전주 여행,24,맛집,NNG
전주 여행,24,웨이팅,NNG
전주 여행,24,주차,NNG
전주 여행,24,정보,NNG
전주 여행,24,한옥마을,NNP
전주 여행,24,면서,EC
전주 여행,24,평범,XR
전주 여행,24,소바,NNP
전주 여행,24,색다른,VA+ETM
전주 여행,24,메밀,NNG
전주 여행,24,메뉴,NNG
전주 여행,24,다면,EC
전주 여행,24,들러볼,VV+EC+VX+ETM
전주 여행,24,맛집,NNG
전주 여행,24,한옥마을,NNP
전주 여행,24,맛집,NNG
전주 여행,24,메르,NNP
전주 여행,24,진미,NNG
전주 여행,24,메르,NNP
전주 여행,24,진미,NNG
전주 여행,24,본점,NNG
전주 여행,24,소바,NNP
전주 여행,24,메밀,NNG
전주 여행,24,소바,NNP
전주 여행,25,베테랑,NNG
전주 여행,25,칼국수,NNG
전주 여행,25,46,SN
전주 여행,25,전통,NNG
전주 여행,25,한옥마을,NNP
전주 여행,25,터줏대감,NNG
전주 여행,25,맛집,NNG
전주 여행,25,다녀왔,VV+EP
전주 여행,25,어요,EF
전주 여행,25,1977,SN
전주 여행,25,부터,JX
전주 여행,25,자리,NNG
전주 여행,25,지켜온,VV+EC+VX+ETM
전주 여행,25,다니,VV
전주 여행,25,면서,EC
전주 여행,25,이름,NNG
전주 여행,25,많이,MAG
전주 여행,25,는데,EC
전주 여행,25,이번,NNG
전주 여행,25,드디어,MAG
전주 여행,25,직접,MAG
전주 여행,25,어요,EF
전주 여행,25,위치,NNG
전주 여행,25,영업시간,NNG
전주 여행,25,위치,NNG
전주 여행,25,전북,NNP
전주 여행,25,전주시,NNP
전주 여행,25,완산구,NNP
전주 여행,25,경기전,NNG
전주 여행,25,135,SN
전주 여행,25,성심,NNG
전주 여행,25,여고,NNG
전주 여행,25,정문,NNG
전주 여행,25,영업시간,NNG
전주 여행,25,매일,NNG
전주 여행,26,2025,SN
전주 여행,26,전북,NNP
전주 여행,26,위한,VV+ETM
전주 여행,26,필수,NNG
전주 여행,26,문지,NNG+VCP+EC
전주 여행,26,사용,NNG
전주 여행,26,시나리오,NNG
전주 여행,26,서울,NNP
전주 여행,26,에서,JKB
전주 여행,26,전북,NNP
전주 여행,26,으로,JKB
전주 여행,26,주말,NNG
전주 여행,26,계획,NNG
전주 여행,26,친구,NNG
전주 여행,26,함께,MAG
전주 여행,26,한다고,VV+EC
전주 여행,26,가정,NNG
전주 여행,26,세요,EP+EF
전주 여행,26,오전,NNG
전주 여행,26,10,SN
전주 여행,26,출발,NNG
전주 여행,26,도착,NNG
전주 여행,26,비빔밥,NNG
전주 여행,26,점심,NNG
전주 여행,26,으로,JKB
전주 여행,26,오후,NNG
전주 여행,26,막걸리,NNG
전주 여행,26,여유,NNG
전주 여행,26,로운,XSA+ETM
전주 여행,26,시간,NNG
전주 여행,27,방문,NNG
전주 여행,27,칼국수,NNG
전주 여행,27,맛집,NNG
전주 여행,27,베테랑,NNG
전주 여행,27,칼국수,NNG
전주 여행,27,친구,NNG
전주 여행,27,에서,JKB
전주 여행,27,유명,XR
전주 여행,27,베테랑,NNG
전주 여행,27,칼국수,NNG
전주 여행,27,정했,VV+EP
전주 여행,27,습니다,EF
전주 여행,27,완전,MAG
전주 여행,27,더운,VA+ETM
전주 여행,27,여름,NNG
전주 여행,27,방문,NNG
전주 여행,27,는데,EC
전주 여행,27,더라구요,EF
전주 여행,27,시원,XR
전주 여행,27,콩국수,NNG
전주 여행,27,간절,XR
전주 여행,27,매일,MAG
전주 여행,27,00,SN
전주 여행,27,20,SN
전주 여행,27,00,SN
전주 여행,27,매장,MAG
전주 여행,27,바로,MAG
전주 여행,27,전용,NNG
전주 여행,27,주차,NNG
전주 여행,27,공간,NNG
전주 여행,28,동선,NNG
전주 여행,28,여유,NNG
전주 여행,28,모두,MAG
전주 여행,28,숙소,NNG
전주 여행,28,에서,JKB
전주 여행,28,시간,NNG
전주 여행,28,에서,JKB
전주 여행,28,숙소,NNG
전주 여행,28,의미,NNG
전주 여행,28,라는,VCP+ETM
전주 여행,28,도시,NNG
전주 여행,28,골목,NNG
전주 여행,28,마다,JX
전주 여행,28,특유,NNG
전주 여행,28,정취,NNG
전주 여행,28,덕분,NNG
전주 여행,28,계획,NNG
전주 여행,28,없이,MAG
전주 여행,28,해도,VV+EC
전주 여행,28,즐거운,VA+ETM
전주 여행,28,준비,NNG
전주 여행,28,면서,EC
전주 여행,28,가장,MAG
전주 여행,28,고민,NNG
전주 여행,28,부분,NNG
전주 여행,28,역시,NNG
전주 여행,28,잠자리,NNG
전주 여행,28,대한,VV+ETM
전주 여행,28,결정,NNG
전주 여행,28,어요,EF
전주 여행,29,600,SN
전주 여행,29,역사,NNG
전주 여행,29,목대,NNG
전주 여행,29,목대,NNG
전주 여행,29,목대,NNG
전주 여행,29,목대,NNG
전주 여행,29,목대,NNG
전주 여행,29,주이,NNG
전주 여행,29,목대,NNG
전주 여행,29,한옥마을,NNP
전주 여행,29,한옥마을,NNP
전주 여행,29,코스,NNG
전주 여행,29,명소,NNG
전주 여행,29,역사,NNG
전주 여행,29,문화유산,NNG
전주 여행,29,문화재,NNG
전주 여행,29,조선왕조,NNP
전주 여행,29,조선왕조,NNP
전주 여행,29,역사,NNG
전주 여행,29,태조,NNP
전주 여행,29,이성계,NNP
전주 여행,30,남부,NNG
전주 여행,30,시장,NNG
전주 여행,30,한옥,NNG
전주 여행,30,마을,NNG
전주 여행,30,야시장,NNG
전주 여행,30,탐방,NNG
전주 여행,30,거리,XSV
전주 여행,30,조점,NNG
전주 여행,30,피순대,NNG
전주 여행,30,맛집,NNG
전주 여행,30,남부,NNG
전주 여행,30,시장,NNG
전주 여행,30,남부,NNG
전주 여행,30,시장,NNG
전주 여행,30,시장,NNG
전주 여행,30,한옥마을,NNP
전주 여행,30,야시장,NNG
전주 여행,30,먹거리,NNG
전주 여행,30,먹방,NNG
전주 여행,30,거리,XSV
전주 여행,30,거리,XSV
전주 여행,30,바게트,NNG
전주 여행,30,버거,NNG
전주 여행,30,조점,NNG
전주 여행,30,남문,NNG
전주 여행,30,피순대,NNG
전주 여행,30,조점,NNG
전주 여행,30,피순대,NNG
전주 여행,30,피순대,NNG
전주 여행,30,닭강정,NNP
전주 여행,30,코스,NNG
전주 여행,31,부산,NNP
전주 여행,31,전포,NNG
전주 여행,31,소바,NNP
전주 여행,31,맛집,NNG
전주 여행,31,메르,NNP
전주 여행,31,진미,NNG
전주 여행,31,에서,JKB
전주 여행,31,만난,VV+ETM
전주 여행,31,정갈,XR
전주 여행,31,요리,NNG
전주 여행,31,미식,NNG
전주 여행,31,타지,NNG
전주 여행,31,에서,JKB
전주 여행,31,느꼈,VV+EP
전주 여행,31,담백,XR
전주 여행,31,메밀,NNG
전주 여행,31,향기,NNG
전주 여행,31,부산,NNP
전주 여행,31,도심,NNG
전주 여행,31,복판,NNG
전주 여행,31,에서,JKB
전주 여행,31,마주,MAG
전주 여행,31,여유,NNG
전주 여행,31,즐겼,VV+EP
전주 여행,31,습니다,EF
전주 여행,31,기억,NNG
전주 여행,31,머무,VV
전주 여행,31,장소,NNG
전주 여행,31,에서,JKB
전주 여행,31,우연히,MAG
전주 여행,31,마주했,VV+EP
전주 여행,31,메밀,NNG
전주 여행,31,소바,NNP
전주 여행,31,정갈,XR
전주 여행,31,오랫동안,NNG
전주 여행,31,마음,NNG
전주 여행,31,한구석,NNG
전주 여행,32,아늑,XR
전주 여행,32,호텔,NNG
전주 여행,32,숙박,NNG
전주 여행,32,후기,NNG
전주 여행,32,가성,NNG
전주 여행,32,시설,NNG
전주 여행,32,모두,MAG
전주 여행,32,갖춘,VV+ETM
전주 여행,32,완벽,NNG
전주 여행,32,관광지,NNG
전주 여행,32,접근성,NNG
전주 여행,32,까지,JX
전주 여행,32,완벽,NNG
전주 여행,32,위치,NNG
전주 여행,32,이동,NNG
전주 여행,32,편리,NNG
전주 여행,32,어요,EF
전주 여행,32,호텔,NNG
전주 여행,32,위치,NNG
전주 여행,32,정말,MAG
전주 여행,32,아서,EC
전주 여행,32,최적,NNG
전주 여행,32,입니다,VCP+EF
전주 여행,32,유명,XR
전주 여행,32,명소,NNG
전주 여행,32,맛집,NNG
전주 여행,32,가까워서,VA+EC
전주 여행,32,돌아다니,VV
전주 여행,32,아주,MAG
전주 여행,32,편리,NNG
전주 여행,32,더라고요,EC
전주 여행,32,특히,MAG
전주 여행,32,근처,NNG
전주 여행,33,풍미,NNG
전주 여행,33,그대로,MAG
전주 여행,33,이어,MAG
전주 여행,33,부산,NNP
전주 여행,33,전포,NNG
전주 여행,33,콩국수,NNG
전주 여행,33,맛집,NNG
전주 여행,33,복잡,XR
전주 여행,33,서면,NNG
전주 여행,33,중심가,NNG
전주 여행,33,보다,JKB
전주 여행,33,조금,MAG
전주 여행,33,여유,NNG
전주 여행,33,느껴,VV+EC
전주 여행,33,거리,NNG
전주 여행,33,공기,NNG
전주 여행,33,분위기,NNG
전주 여행,33,더욱,MAG
전주 여행,33,만듭니다,VV+EC
전주 여행,33,본점,NNG
전주 여행,33,고스란히,MAG
전주 여행,33,옮겨온,VV+EC+VX+ETM
전주 여행,33,노력,NNG
전주 여행,33,오랜,MM
전주 여행,33,역사,NNG
전주 여행,33,알려진,VV+EC+VX+ETM
전주 여행,33,본점,NNG
전주 여행,33,타지,NNG
전주 여행,33,에서,JKB
전주 여행,33,그대로,MAG
전주 여행,34,추석,NNG
전주 여행,34,KTX,SL
전주 여행,34,예매,NNG
전주 여행,34,노선,NNG
전주 여행,34,부터,JX
전주 여행,34,틀리,VA
전주 여행,34,어쩌,VV
전주 여행,34,2026,SN
전주 여행,34,추석,NNG
전주 여행,34,승차,NNG
전주 여행,34,정보,NNG
전주 여행,34,국제,NNG
전주 여행,34,뉴스,NNG
전주 여행,34,전달,NNG
전주 여행,34,pickpick,SL
전주 여행,34,입니다,VCP+EF
전주 여행,34,전라도,NNP
전주 여행,34,승차,NNG
전주 여행,34,예매,NNG
전주 여행,34,시작,NNG
전주 여행,34,매년,MAG
전주 여행,34,지만,VCP+EC
전주 여행,34,코레,NNG
전주 여행,34,통합,NNG
전주 여행,34,여정,NNG
전주 여행,34,등록,NNG
전주 여행,34,시스템,NNG
전주 여행,34,바꼈,VV+EP
전주 여행,34,사진,NNG
전주 여행,34,훔볼트,NNP
전주 여행,34,자유,NNG
전주 여행,34,2026,SN
전주 여행,34,추석,NNG
전주 여행,34,광주,NNP
전주 여행,34,목포,NNP
전주 여행,34,여수로,NNG
전주 여행,35,본점,NNG
전주 여행,35,풍미,NNG
전주 여행,35,부산,NNP
전주 여행,35,전포,NNG
전주 여행,35,메밀,NNG
전주 여행,35,소바,NNP
전주 여행,35,에서,JKB
전주 여행,35,마주,MAG
전주 여행,35,멀리,MAG
전주 여행,35,아도,EC
전주 여행,35,익숙,XR
전주 여행,35,즐기,VV
전주 여행,35,공간,NNG
전주 여행,35,에서,JKB
전주 여행,35,정갈,XR
전주 여행,35,점심,NNG
전주 여행,35,식사,NNG
전주 여행,35,본점,NNG
전주 여행,35,부산,NNP
전주 여행,35,에서,JKB
전주 여행,35,만나,VV
전주 여행,35,반가움,NNG
전주 여행,35,에서,JKB
전주 여행,35,기억,NNG
전주 여행,35,메밀,NNG
전주 여행,35,가까운,VA+ETM
전주 여행,35,도심,NNG
전주 여행,35,에서,JKB
전주 여행,35,다시,MAG
전주 여행,35,마주,MAG
전주 여행,35,다는,ETM
전주 여행,35,사실,NNG
전주 여행,35,무척,MAG
전주 여행,36,자매,NNG
전주 여행,36,갈비,NNG
전주 여행,36,전골,NNG
전주 여행,36,제일,NNG
전주 여행,36,한옥마을,NNP
전주 여행,36,금암,NNG
전주 여행,36,면옥,NNG
전주 여행,36,당근,NNG
전주 여행,36,많이,MAG
전주 여행,36,맛있,VA
전주 여행,36,근데,MAJ
전주 여행,36,당근,NNG
전주 여행,36,질려서,VV+EC
전주 여행,36,충분,XR
전주 여행,36,이렇게,MAG
전주 여행,36,우리,NP
전주 여행,36,임신,NNG
전주 여행,36,체력,NNG
전주 여행,36,어서,EC
전주 여행,36,많이,MAG
전주 여행,36,돌아다닌,VV+ETM
전주 여행,36,남편,NNG
전주 여행,36,에겐,JKB+JX
전주 여행,37,현지,NNG
전주 여행,37,맛집,NNG
전주 여행,37,BEST,SL
전주 여행,37,집총,NNG
전주 여행,37,정리,NNP
전주 여행,37,먹거리,NNG
전주 여행,37,오늘,NNG
전주 여행,37,여행객,NNG
전주 여행,37,아니,VCN
전주 여행,37,현지,NNG
전주 여행,37,식사,NNG
전주 여행,37,술자리,NNG
전주 여행,37,메뉴,NNG
전주 여행,37,정리,NNG
전주 여행,37,습니다,EF
전주 여행,37,현지,NNG
전주 여행,37,맛집,NNG
전주 여행,37,BEST,SL
전주 여행,37,콩나물국,NNG
전주 여행,37,현대,NNG
전주 여행,37,본점,NNG
전주 여행,37,콩나물국,NNG
전주 여행,37,이야기,NNG
전주 여행,38,크러스트,NNG
전주 여행,38,객리,NNG
전주 여행,38,디저트,NNG
전주 여행,38,맛집,NNG
전주 여행,38,주말,NNG
전주 여행,38,포장,NNG
전주 여행,38,후기,NNG
전주 여행,38,오늘,NNG
전주 여행,38,마지막,NNG
전주 여행,38,돌아오,VV
전주 여행,38,잠시,MAG
전주 여행,38,들러,VV+EC
전주 여행,38,포장,NNG
전주 여행,38,베이커리,NNP
전주 여행,38,맛집,NNG
전주 여행,38,소개,NNG
전주 여행,38,려고,EC
전주 여행,38,합니다,VX+EF
전주 여행,38,객사,NNG
전주 여행,38,객리,NNG
전주 여행,38,위치,NNG
전주 여행,38,디저트,NNG
전주 여행,38,맛집,NNG
전주 여행,38,크러스트,NNG
전주 여행,38,인데요,VCP+EF
전주 여행,38,부터,JX
전주 여행,38,저장,NNG
전주 여행,39,경성,NNP
전주 여행,39,살롱,NNG
전주 여행,39,완주,NNG
전주 여행,39,오늘,NNG
전주 여행,39,근교,NNG
전주 여행,39,에서,JKB
전주 여행,39,아주,MAG
전주 여행,39,특별,NNG
전주 여행,39,시간,NNG
전주 여행,39,떠날,VV+ETM
전주 여행,39,이색,NNG
전주 여행,39,감성,NNG
전주 여행,39,카페,NNG
전주 여행,39,소개,NNG
전주 여행,39,드리,VX
전주 여행,39,려고,EC
전주 여행,39,해요,VX+EF
전주 여행,39,바로,MAG
전주 여행,39,완주,NNP
전주 여행,39,봉동,NNP
전주 여행,39,만경,NNP
전주 여행,39,강변,NNG
전주 여행,39,위치,NNG
전주 여행,39,경성,NNP
전주 여행,39,살롱,NNG
전주 여행,39,완주,NNG
전주 여행,39,입니다,VCP+EF
전주 여행,39,드라마,NNG
전주 여행,39,미스터,NNP
전주 여행,39,샤인,NNP
전주 여행,39,이나,JC
전주 여행,39,경성,NNP
전주 여행,39,크리,NNP
전주 여행,40,26,SN
전주 여행,40,상반기,NNG
전주 여행,40,변천사,NNP
전주 여행,40,책보,NNG
전주 여행,40,책방,NNG
전주 여행,40,사장,NNG
전주 여행,40,오래,VA
전주 여행,40,도록,EC
전주 여행,40,건강,NNG
전주 여행,40,세요,EP+EF
전주 여행,40,돌아가,VV
전주 여행,40,기분,NNG
전주 여행,40,사진,NNG
전주 여행,40,초코파이,NNP
전주 여행,40,한가득,MAG
전주 여행,40,내렸,VV+EP
전주 여행,40,어요,EF
전주 여행,40,설탕,NNG
전주 여행,40,처럼,JKB
전주 여행,40,초코파이,NNP
전주 여행,40,왕창,MAG
전주 여행,40,마라톤,NNG
전주 여행,40,인지,VCP+EC
전주 여행,40,인지,VCP+EC
전주 여행,41,한옥마을,NNP
전주 여행,41,맛집,NNG
전주 여행,41,외할머니,NNG
전주 여행,41,솜씨,NNG
전주 여행,41,인생,NNG
전주 여행,41,수정,NNG
전주 여행,41,흑임자,NNG
전주 여행,41,빙수,NNG
전주 여행,41,외할머니,NNG
전주 여행,41,솜씨,NNG
전주 여행,41,흑임자,NNG
전주 여행,41,빙수,NNG
전주 여행,41,흑임자,NNG
전주 여행,41,빙수,NNG
전주 여행,41,팥빙수,NNP
전주 여행,41,빙수,NNG
전주 여행,41,맛집,NNG
전주 여행,41,디저트,NNG
전주 여행,41,맛집,NNG
전주 여행,41,카페,NNG
전주 여행,41,가족,NNG
전주 여행,41,아이,NNG
전주 여행,41,아이,NNG
전주 여행,41,코스,NNG
전주 여행,41,한옥마을,NNP
전주 여행,41,아이,NNG
전주 여행,42,가을,NNG
전주 여행,42,미식,NNG
전주 여행,42,성지,NNG
전주 여행,42,찌우,VV
전주 여행,42,먹거리,NNG
전주 여행,42,가을,NNG
전주 여행,42,에서,JKB
전주 여행,42,뜨끈,XR
전주 여행,42,국물,NNG
전주 여행,42,생각나,VV
전주 여행,42,는데,EC
전주 여행,42,오늘,NNG
전주 여행,42,필수,NNG
전주 여행,42,먹거리,NNG
전주 여행,42,소개,NNG
전주 여행,42,합니다,XSV+EC
전주 여행,42,01,SN
전주 여행,42,전주비빔밥,NNG
전주 여행,42,가을,NNG
전주 여행,42,미식,NNG
전주 여행,42,메뉴,NNG
전주 여행,42,역시,MAJ
전주 여행,42,전주비빔밥,NNG
전주 여행,42,여러,MM
전주 여행,42,가지,NNBC
전주 여행,42,나물,NNG
전주 여행,42,고소,XR
전주 여행,42,육회,NNG
전주 여행,43,코스,NNG
전주 여행,43,한옥마을,NNP
전주 여행,43,맛집,NNG
전주 여행,43,일정,NNG
전주 여행,43,위스키,NNG
전주 여행,43,첫날,NNG
전주 여행,43,마무리,NNG
전주 여행,43,점심,NNG
전주 여행,43,으로,JKB
전주 여행,43,대국,NNG
전주 여행,43,위해,VV+EC
전주 여행,43,열심히,MAG
전주 여행,43,걸어갑니다,VV+EF
전주 여행,43,피순대,NNG
전주 여행,43,맛집,NNG
전주 여행,43,지만,EC
전주 여행,43,에서,JKB
전주 여행,43,고른,VA+ETM
전주 여행,43,조점,NNG
전주 여행,43,피순대,NNG
전주 여행,43,피순대,NNG
전주 여행,43,으로,JKB
전주 여행,43,시켰,VV+EP
전주 여행,43,어요,EF
전주 여행,44,한옥마을,NNP
전주 여행,44,맛집,NNG
전주 여행,44,먹거리,NNG
전주 여행,44,간식,NNG
전주 여행,44,닭강정,NNP
전주 여행,44,후기,NNG
전주 여행,44,따뜻,XR
전주 여행,44,시간,NNG
전주 여행,44,조금,MAG
전주 여행,44,지난,VV+ETM
전주 여행,44,었었,EP
전주 여행,44,는데,EC
전주 여행,44,개인,NNG
전주 여행,44,으로,JKB
전주 여행,44,맛있,VA
전주 여행,44,다는,ETM
전주 여행,44,와서,VV+EC
전주 여행,44,한옥마을,NNP
전주 여행,44,먹거리,NNG
전주 여행,44,식당,NNG
전주 여행,44,이렇게,MAG
전주 여행,44,간단,XR
전주 여행,44,포장,NNG
전주 여행,44,해서,XSV+EC
전주 여행,44,즐길,VV+ETM
전주 여행,45,여기,NP
전주 여행,45,무조건,MAG
전주 여행,45,들리,VV
전주 여행,45,한옥마을,NNP
전주 여행,45,전동성당,NNP
전주 여행,45,처음,NNG
전주 여행,45,동생,NNG
전주 여행,45,위해서,VV+EC
전주 여행,45,열심히,MAG
전주 여행,45,전동성당,NNP
전주 여행,45,대해서,VV+EC
전주 여행,45,설명,NNG
전주 여행,45,창가,NNG
전주 여행,45,자리,NNG
전주 여행,45,어서,EC
전주 여행,45,거기,NP
전주 여행,45,아서,EC
전주 여행,45,유쾌,XR
전주 여행,45,동생,NNG
전주 여행,45,함께,MAG
전주 여행,45,으면,EC
전주 여행,45,정말,MAG
전주 여행,45,많이,MAG
전주 여행,45,떠들,VV
전주 여행,45,된답니다,VV+EF
전주 여행,45,이날,NNG
전주 여행,45,얼마나,MAG
전주 여행,45,많이,MAG
전주 여행,46,한옥,NNG
전주 여행,46,마을,NNG
전주 여행,46,숙소,NNG
전주 여행,46,교동,NNG
전주 여행,46,아이,NNG
전주 여행,46,함께,MAG
전주 여행,46,한옥,NNG
전주 여행,46,독채,NNG
전주 여행,46,숙소,NNG
전주 여행,46,특히,MAG
전주 여행,46,아이,NNG
전주 여행,46,함께,MAG
전주 여행,46,한옥마을,NNP
전주 여행,46,한옥,NNG
전주 여행,46,숙소,NNG
전주 여행,46,아요,EF
전주 여행,46,이번,NNG
전주 여행,46,다녀온,VV+ETM
전주 여행,46,한옥,NNG
전주 여행,46,마을,NNG
전주 여행,46,숙소,NNG
전주 여행,46,교동,NNG
전주 여행,46,원래,MAG
전주 여행,46,에서,JKB
전주 여행,46,유명,XR
전주 여행,46,교동,NNG
전주 여행,46,94,SN
전주 여행,46,새롭,VA
전주 여행,46,단장,NNG
전주 여행,46,검증,NNG
전주 여행,46,한옥,NNG
전주 여행,46,숙소,NNG
전주 여행,46,라서,VCP+EC
전주 여행,47,어도,EC
전주 여행,47,맛있,VA
전주 여행,47,전라도,NNP
전주 여행,47,군산,NNP
전주 여행,47,페어,NNG
전주 여행,47,마치,VV
전주 여행,47,내려간,VV+ETM
전주 여행,47,여름휴가,NNG
전주 여행,47,변산반도,NNP
전주 여행,47,변산반도,NNP
전주 여행,47,에서,JKB
전주 여행,47,유명,XR
전주 여행,47,다는,ETM
전주 여행,47,제빵,NNG
전주 여행,47,찐빵,NNG
전주 여행,47,으러,EC
전주 여행,47,백합죽,NNG
전주 여행,47,아점,NNG
전주 여행,47,으로,JKB
전주 여행,47,종류,NNG
전주 여행,47,골랐,VV+EP
전주 여행,47,는데,EC
전주 여행,48,전주호,NNP
전주 여행,48,숙소,NNG
전주 여행,48,는다면,EC
전주 여행,48,편안,NNG
전주 여행,48,스테이,NNP
전주 여행,48,복이,NNP
전주 여행,48,떠난,VV+ETM
전주 여행,48,친구,NNG
전주 여행,48,함께,MAG
전주 여행,48,가족,NNG
전주 여행,48,이나,JC
전주 여행,48,동호회,NNG
전주 여행,48,여러,MM
전주 여행,48,함께,MAG
전주 여행,48,방문,NNG
전주 여행,48,편하,VA
전주 여행,48,머무를,VV+ETM
전주 여행,48,도록,EC
전주 여행,48,준비,NNG
전주 여행,48,습니다,EF
전주 여행,48,특히,MAG
전주 여행,48,20,SN
전주 여행,48,객실,NNG
전주 여행,48,운영,NNG
전주 여행,48,최대,NNG
전주 여행,48,40,SN
전주 여행,48,규모,NNG
전주 여행,49,익숙,XR
전주 여행,49,속아,NNG
전주 여행,49,소중,XR
전주 여행,49,17,SN
전주 여행,49,가만,MAG
전주 여행,49,패딩,NNG
전주 여행,49,는데,EC
전주 여행,49,아빠,NNG
전주 여행,49,마다,JX
전주 여행,49,군밤,NNG
전주 여행,49,장수,NNG
전주 여행,49,다고,EC
전주 여행,49,엉엉,MAG
전주 여행,49,나름,NNB
전주 여행,49,커플,NNG
전주 여행,49,으로,JKB
전주 여행,49,맞춰,VV+EC
전주 여행,49,습니다,EF
전주 여행,49,즐기,VV
전주 여행,49,낭랑,NNG
전주 여행,49,28,SN
전주 여행,49,시네,VV+EP+EC
전주 여행,49,누가,NP+JKS
전주 여행,49,다음,NNG
전주 여행,49,사고,NNG
전주 여행,49,이슈,NNG
전주 여행,50,경기전,NNG
전주 여행,50,전동성당,NNP
전주 여행,50,한옥마을,NNP
전주 여행,50,산책,NNG
전주 여행,50,코스,NNG
전주 여행,50,경기전,NNG
전주 여행,50,전동성당,NNP
전주 여행,50,도보,NNG
전주 여행,50,쉬워서,VA+EC
전주 여행,50,한옥마을,NNP
전주 여행,50,산책,NNG
전주 여행,50,코스,NNG
전주 여행,50,습니다,EF
전주 여행,50,운영,NNG
전주 여행,50,시간,NNG
전주 여행,50,입장료,NNG
전주 여행,50,먼저,MAG
전주 여행,50,확인,NNG
전주 여행,50,훨씬,MAG
전주 여행,50,정돈,NNG
전주 여행,50,흐름,NNG
전주 여행,50,으로,JKB
전주 여행,50,움직일,VV+ETM
전주 여행,50,습니다,EF
전주 여행,50,자세,XR
전주 여행,50,정보,NNG
전주 여행,50,아래,NNG
전주 여행,50,에서,JKB
전주 여행,51,주마,NNG
전주 여행,51,운자,NNG
전주 여행,51,장보관,NNG
전주 여행,51,어떻게,MAG
전주 여행,51,해야,VV+EC
전주 여행,51,할까,VX+EC
전주 여행,51,외출,NNG
전주 여행,51,실온,NNG
전주 여행,51,보관,NNG
전주 여행,51,14,SN
전주 여행,51,00,SN
전주 여행,51,주마,NNG
전주 여행,51,운자,NNG
전주 여행,51,장보관,NNG
전주 여행,51,어떻게,MAG
전주 여행,51,해야,VV+EC
전주 여행,51,할까,VX+EC
전주 여행,51,외출,NNG
전주 여행,51,실온,NNG
전주 여행,51,보관,NNG
전주 여행,51,까지,JX
전주 여행,51,정리,NNP
전주 여행,51,마운,NNP
전주 여행,51,자로,NNG
전주 여행,51,는데,EC
전주 여행,51,에서,JKB
전주 여행,51,어디,NP
전주 여행,51,보관,NNG
전주 여행,51,해야,XSV+EC
전주 여행,51,나요,EC
전주 여행,51,냉장고,NNG
전주 여행,51,건가요,NNB+VCP+EC
전주 여행,52,홀로,MAG
전주 여행,52,일기,NNG
전주 여행,52,홀로,MAG
전주 여행,52,생각,NNG
전주 여행,52,보다,JKB
전주 여행,52,별거,NNG
전주 여행,52,생각,NNG
전주 여행,52,어서,EC
전주 여행,52,생각,NNG
전주 여행,52,비우,VV
전주 여행,52,그거,NP
전주 여행,52,대한,VV+ETM
전주 여행,52,생각,NNG
전주 여행,52,힐링,NNG
전주 여행,52,시간,NNG
전주 여행,52,가졌,VV+EP
전주 여행,52,이제,MAG
전주 여행,52,개강,NNG
전주 여행,52,해서,VV+EC
전주 여행,52,시간,NNG
전주 여행,52,아마,MAG
전주 여행,53,아트,NNG
전주 여행,53,동시,NNG
전주 여행,53,시술,NNG
전주 여행,53,가능,NNG
전주 여행,53,네일,NNG
전주 여행,53,에게,JKB
전주 여행,53,효자,NNG
전주 여행,53,안녕,NNG
전주 여행,53,세요,EP+EF
전주 여행,53,여러분,NP
전주 여행,53,파워,NNG
전주 여행,53,블로그,NNG
전주 여행,53,하늘,NNG
전주 여행,53,에요,EF
전주 여행,53,얼마,NNG
전주 여행,53,친언니,NNG
전주 여행,53,함께,MAG
전주 여행,53,다녀왔,VV+EP
전주 여행,53,어요,EF
전주 여행,53,준비,NNG
전주 여행,53,언니,NNG
전주 여행,53,이번,NNG
전주 여행,53,같이,MAG
전주 여행,53,네일,NNG
전주 여행,53,으면,EC
전주 여행,53,라고,VCP+EC
전주 여행,53,더라구요,EC
전주 여행,54,사람,NNG
전주 여행,54,힘들,VA
전주 여행,54,잖아,EC
전주 여행,54,지쳤,VV+EP
전주 여행,54,다잖아,EF
전주 여행,54,그래,IC
전주 여행,54,도대체,MAG
전주 여행,54,그만,MAG
전주 여행,54,해야,VV+EC
전주 여행,54,잖아,EC
전주 여행,54,다음,NNG
전주 여행,54,갈거라,VV+EC
전주 여행,54,칼국수,NNG
전주 여행,54,예습,NNG
전주 여행,54,는디,EC
전주 여행,54,만두,NNG
전주 여행,54,맛집,NNG
전주 여행,54,저녁,NNG
전주 여행,54,으로,JKB
전주 여행,54,참김,NNG
전주 여행,54,까지,JX
전주 여행,54,픽업,NNG
전주 여행,54,해서,XSV+EC
전주 여행,54,갑니다,VV+EC
전주 여행,54,잠깐,MAG
전주 여행,54,누워,VV+EC
전주 여행,54,다가,EC
전주 여행,54,미용실,NNG
전주 여행,54,뷰티,NNG
전주 여행,54,데이,NNG
전주 여행,54,이제,MAG
전주 여행,54,파마,NNG
전주 여행,54,려구,EC
전주 여행,54,파마,NNG
전주 여행,54,머리,NNG
전주 여행,55,베스트,NNP
전주 여행,55,웨스턴,NNP
전주 여행,55,조식,NNG
전주 여행,55,수영장,NNG
전주 여행,55,주차,NNG
전주 여행,55,체크,NNG
전주 여행,55,헬스,NNG
전주 여행,55,호텔,NNG
전주 여행,55,이용,NNG
전주 여행,55,후기,NNG
전주 여행,55,베스트,NNP
전주 여행,55,웨스턴,NNP
전주 여행,55,베스트,NNP
전주 여행,55,웨스턴,NNP
전주 여행,55,플러스,NNP
전주 여행,55,호텔,NNG
전주 여행,55,한옥,NNG
전주 여행,55,마을,NNG
전주 여행,55,숙소,NNG
전주 여행,55,숙소,NNG
전주 여행,55,숙소,NNG
전주 여행,55,한옥,NNG
전주 여행,55,마을,NNG
전주 여행,55,도보,NNG
전주 여행,55,숙소,NNG
전주 여행,55,특급,NNG
전주 여행,55,호텔,NNG
전주 여행,55,주가,NNG
전주 여행,55,전북,NNG
전주 여행,55,객리,NNG
전주 여행,55,숙소,NNG
전주 여행,55,여기,NP
전주 여행,55,어때,VA+EC
전주 여행,56,아이,NNG
전주 여행,56,겨울,NNG
전주 여행,56,한옥마을,NNP
전주 여행,56,가족,NNG
전주 여행,56,연말,NNG
전주 여행,56,그래서,MAJ
전주 여행,56,이번,NNG
전주 여행,56,겨울,NNG
전주 여행,56,에서,JKB
전주 여행,56,아이,NNG
전주 여행,56,다는,ETM
전주 여행,56,은근히,MAG
전주 여행,56,기대,NNG
전주 여행,56,어요,EF
전주 여행,56,이날,NNG
전주 여행,56,내리,VV
전주 여행,56,지만,EC
전주 여행,56,쌓인,VV+ETM
전주 여행,56,니까,EC
전주 여행,56,아이,NNG
전주 여행,56,괜히,MAG
전주 여행,56,같이,MAG
전주 여행,56,설레,VV
전주 여행,56,더라고요,EC
전주 여행,56,약간,MAG
전주 여행,57,호텔,NNG
전주 여행,57,추천,NNG
전주 여행,57,한옥마을,NNP
전주 여행,57,유럽,NNP
전주 여행,57,감성,NNG
전주 여행,57,가득,MAG
전주 여행,57,오늘,NNG
전주 여행,57,면서,EC
전주 여행,57,정말,MAG
전주 여행,57,마음,NNG
전주 여행,57,숙소,NNG
전주 여행,57,하나,NR
전주 여행,57,소개,NNG
전주 여행,57,려고,EC
전주 여행,57,해요,VX+EF
전주 여행,57,보통,NNG
전주 여행,57,한옥,NNG
전주 여행,57,마을,NNG
전주 여행,57,한옥,NNG
전주 여행,57,숙소,NNG
전주 여행,57,전통,NNG
전주 여행,57,분위기,NNG
전주 여행,57,숙박,NNG
전주 여행,57,시설,NNG
전주 여행,57,먼저,MAG
전주 여행,57,떠올리,VV
전주 여행,57,잖아요,EC+VX+EF
전주 여행,57,에서,JKB
전주 여행,57,숙소,NNG
전주 여행,58,주송,NNG
전주 여행,58,천동,NNG
전주 여행,58,맛집,NNG
전주 여행,58,남각,NNG
전주 여행,58,에서,JKB
전주 여행,58,즐기,VV
전주 여행,58,정갈,XR
전주 여행,58,한정식,NNG
전주 여행,58,코스,NNG
전주 여행,58,가족,NNG
전주 여행,58,함께,MAG
전주 여행,58,방문,NNG
전주 여행,58,송천동,NNP
전주 여행,58,맛집,NNG
전주 여행,58,여행객,NNG
전주 여행,58,느낌,NNG
전주 여행,58,만끽,NNG
전주 여행,58,식사,NNG
전주 여행,58,에요,EF
전주 여행,58,이곳,NP
전주 여행,58,블루리본,NNG
전주 여행,58,14,SN
전주 여행,58,연속,NNG
전주 여행,58,으로,JKB
전주 여행,58,는지,EC
전주 여행,58,음식,NNG
전주 여행,58,바로,MAG
전주 여행,59,도파민,NNG
전주 여행,59,충전,NNG
전주 여행,59,무던,XR
전주 여행,59,일상,NNG
전주 여행,59,행복,NNG
전주 여행,59,라지만,VCP+EC
전주 여행,59,고것,NP
전주 여행,59,보다,JKB
전주 여행,59,떠나,VV
전주 여행,59,마음,NNG
전주 여행,59,커져,VA+EC+VX+EC
전주 여행,59,버린,VX+ETM
전주 여행,59,어른,NNG
전주 여행,59,하루,NNG
전주 여행,59,일탈,NNG
전주 여행,59,맛집,NNG
전주 여행,59,동물원,NNG
전주 여행,59,카페,NNG
전주 여행,59,평화,NNG
전주 여행,59,평화,NNG
전주 여행,59,일상,NNG
전주 여행,59,국내,NNG
전주 여행,60,돌아기,NNG
전주 여행,60,함께,MAG
전주 여행,60,떠난,VV+ETM
전주 여행,60,여름날,NNG
전주 여행,60,일본,NNP
전주 여행,60,추천,NNG
전주 여행,60,가지,NNBC
전주 여행,60,이유,NNG
전주 여행,60,복직,NNG
전주 여행,60,앞두,VV
전주 여행,60,엄마,NNG
전주 여행,60,욕심,NNG
전주 여행,60,일까,VCP+EC
전주 여행,60,혼자,MAG
전주 여행,60,일본,NNP
전주 여행,60,다녀온,VV+ETM
전주 여행,60,다시,MAG
전주 여행,60,복직,NNG
전주 여행,60,일본,NNP
전주 여행,60,으로,JKB
전주 여행,60,가족,NNG
전주 여행,60,결정,NNG
전주 여행,60,알밤,NNG
전주 여행,60,떠난,VV+ETM
전주 여행,60,해외여행,NNG
전주 여행,60,걱정,NNG
전주 여행,60,지만,EC
전주 여행,60,비행기,NNG
전주 여행,60,알밤,NNG
전주 여행,61,전주역,NNP
전주 여행,61,수원역,NNP
전주 여행,61,ITX,SL
전주 여행,61,마음,NNG
전주 여행,61,후기,NNG
전주 여행,61,2500,SN
전주 여행,61,으로,JKB
전주 여행,61,다녀온,VV+ETM
전주 여행,61,가성,NNG
전주 여행,61,기차,NNG
전주 여행,61,무려,MAG
전주 여행,61,지나,VV
전주 여행,61,마지막,NNG
전주 여행,61,포스팅,NNP
전주 여행,61,는데,EC
전주 여행,61,이렇게,MAG
전주 여행,61,이번,NNG
전주 여행,61,2025,SN
전주 여행,61,드디어,MAG
전주 여행,61,납니다,VV+EC
전주 여행,61,이용,NNG
전주 여행,61,열차,NNG
전주 여행,61,여수,NNP
전주 여행,61,엑스포,NNG
전주 여행,61,에서,JKB
전주 여행,61,출발,NNG
전주 여행,61,용산,NNP
전주 여행,61,으로,JKB
전주 여행,61,향하,VV
전주 여행,61,ITX,SL
전주 여행,61,마음,NNG
전주 여행,61,1184,SN
전주 여행,61,열차,NNG
전주 여행,61,습니다,EF
전주 여행,61,출발,NNG
전주 여행,62,현지,NNG
전주 여행,62,맛집,NNG
전주 여행,62,솔직,XR
전주 여행,62,후기,NNG
전주 여행,62,주차,NNG
전주 여행,62,순례,NNG
전주 여행,62,맛집,NNG
전주 여행,62,스마트,NNG
전주 여행,62,스토어,NNG
전주 여행,62,https,SL
전주 여행,62,smartstore,SL
전주 여행,62,naver,SL
전주 여행,62,com,SL
전주 여행,62,songheaven,SL
전주 여행,62,스마트,NNG
전주 여행,62,플레이스,NNG
전주 여행,62,https,SL
전주 여행,62,naver,SL
전주 여행,62,me,SL
전주 여행,62,xs,SL
전주 여행,62,aXOYB,SL
전주 여행,62,얼마,NNG
전주 여행,62,지인,NNG
전주 여행,62,다가,EC
전주 여행,62,소개,NNG
전주 여행,62,맛집,NNG
전주 여행,62,요즘,NNG
전주 여행,62,맛집,NNG
전주 여행,62,라고,EC
전주 여행,62,해서,VV+EC
전주 여행,63,여권,NNG
전주 여행,63,사진,NNG
전주 여행,63,스타일,NNG
전주 여행,63,무비,NNG
전주 여행,63,스튜디오,NNG
전주 여행,63,에서,JKB
전주 여행,63,11,SN
전주 여행,63,개월,NNBC
전주 여행,63,아기,NNG
전주 여행,63,여권,NNG
전주 여행,63,사진,NNG
전주 여행,63,윤서,NNG
전주 여행,63,10,SN
전주 여행,63,인생,NNG
전주 여행,63,해외여행,NNG
전주 여행,63,여권,NNG
전주 여행,63,사진,NNG
전주 여행,63,으러,EC
전주 여행,63,어요,EF
전주 여행,63,아기,NNG
전주 여행,63,촬영,NNG
전주 여행,63,니까,EC
전주 여행,63,아기,NNG
전주 여행,63,사진,NNG
전주 여행,63,스타일,NNG
전주 여행,63,무비,NNG
전주 여행,63,스튜디오,NNG
전주 여행,63,위치,NNG
전주 여행,63,전주시,NNP
전주 여행,63,덕진구,NNP
전주 여행,63,명륜,NNP
전주 여행,63,10,SN
전주 여행,63,지하,NNG
전주 여행,63,영업시간,NNG
전주 여행,63,10,SN
전주 여행,63,30,SN
전주 여행,63,19,SN
전주 여행,63,30,SN
전주 여행,64,비빔밥,NNG
전주 여행,64,맛집,NNG
전주 여행,64,정갈,XR
전주 여행,64,반하,VV
전주 여행,64,호남,NNG
전주 여행,64,불고기,NNG
전주 여행,64,비빔밥,NNG
전주 여행,64,정식,NNG
전주 여행,64,에서,JKB
전주 여행,64,빠질,VV+ETM
전주 여행,64,비빔밥,NNG
전주 여행,64,맛집,NNG
전주 여행,64,다가,EC
전주 여행,64,고풍,NNG
전주 여행,64,스러운,XSA+ETM
전주 여행,64,분위기,NNG
전주 여행,64,호남,NNG
전주 여행,64,다녀왔,VV+EP
전주 여행,64,어요,EF
전주 여행,64,한옥,NNP
전주 여행,64,외관,NNG
전주 여행,64,부터,JX
전주 여행,64,내부,NNP
전주 여행,64,공간,NNG
전주 여행,64,까지,JX
전주 여행,64,널찍,XR
전주 여행,64,해서,XSA+EC
전주 여행,64,가족,NNG
전주 여행,64,모임,NNG
전주 여행,64,이나,JC
전주 여행,64,한식당,NNG
전주 여행,64,어요,EF
전주 여행,64,저희,NP
전주 여행,64,남편,NNG
전주 여행,65,카페,NNG
전주 여행,65,한옥,NNG
전주 여행,65,마을,NNG
전주 여행,65,카페,NNG
전주 여행,65,이르,VV
전주 여행,65,실타래,NNG
전주 여행,65,케이크,NNG
전주 여행,65,특별,NNG
전주 여행,65,디저트,NNG
전주 여행,65,한옥마을,NNP
전주 여행,65,특유,NNG
전주 여행,65,고즈넉,XR
전주 여행,65,분위기,NNG
전주 여행,65,어울리,VV
전주 여행,65,공간,NNG
전주 여행,65,카페,NNG
전주 여행,65,에게,JKB
전주 여행,65,소개,NNG
전주 여행,65,에요,EF
전주 여행,65,관광,NNG
전주 여행,65,면서,EC
전주 여행,65,맛있,VA
전주 여행,65,먹거리,NNG
전주 여행,65,즐기,VV
전주 여행,65,예쁜,VA+ETM
전주 여행,65,카페,NNG
전주 여행,65,에서,JKB
전주 여행,65,여유,NNG
전주 여행,65,코스,NNG
전주 여행,65,들르,VV
전주 여행,66,주역,NNG
전주 여행,66,에서,JKB
전주 여행,66,고기,NNG
전주 여행,66,까지,JX
전주 여행,66,야무지,VA
전주 여행,66,면서,EC
전주 여행,66,점심,NNG
전주 여행,66,든든,XR
전주 여행,66,저녁,NNG
전주 여행,66,까지,JX
전주 여행,66,생각,NNG
전주 여행,66,주역,NNG
전주 여행,66,맛집,NNG
전주 여행,66,다가,EC
전주 여행,66,정거장,NNG
전주 여행,66,다녀왔,VV+EP
전주 여행,66,어요,EF
전주 여행,66,주역,NNG
전주 여행,66,근처,NNG
전주 여행,66,찾아가,VV
전주 여행,66,편했,VA+EP
전주 여행,66,가족,NNG
전주 여행,66,끼리,XSN
전주 여행,66,방문,NNG
전주 여행,66,더라고요,EC
전주 여행,66,무엇,NP
전주 여행,66,보다,JKB
전주 여행,66,메뉴,NNG
전주 여행,67,아이,NNG
전주 여행,67,함께,MAG
전주 여행,67,가족,NNG
전주 여행,67,한옥,NNG
전주 여행,67,숙소,NNG
전주 여행,67,모음,NNG
전주 여행,67,아이,NNG
전주 여행,67,함께,MAG
전주 여행,67,에서,JKB
전주 여행,67,한옥,NNG
전주 여행,67,숙소,NNG
전주 여행,67,색다른,VA+ETM
전주 여행,67,경험,NNG
전주 여행,67,편안,NNG
전주 여행,67,동시,NNG
전주 여행,67,선사,NNG
전주 여행,67,합니다,XSV+EF
전주 여행,67,예약,NNG
전주 여행,67,구조,NNG
전주 여행,67,난방,NNG
전주 여행,67,상태,NNG
전주 여행,67,점검,NNG
전주 여행,67,위치,NNG
전주 여행,67,선정,NNG
전주 여행,67,접근성,NNG
전주 여행,67,주차,NNG
전주 여행,67,문제,NNG
전주 여행,67,고려,NNG
전주 여행,67,그리고,MAJ
전주 여행,67,분위기,NNG
전주 여행,67,즐길,VV+ETM
전주 여행,67,방법,NNG
전주 여행,67,까지,JX
전주 여행,68,스테이,NNG
전주 여행,68,산다,VV+EC
전주 여행,68,에서,NNG
전주 여행,68,기록,NNG
전주 여행,68,지난,VV+ETM
전주 여행,68,장마,NNG
전주 여행,68,시작,NNG
전주 여행,68,다녀온,VV+ETM
전주 여행,68,스테이,NNG
전주 여행,68,산다,VV+EC
전주 여행,68,특성,NNG
전주 여행,68,장기간,NNG
전주 여행,68,휴가,NNG
전주 여행,68,떠나,VV
전주 여행,68,어느,MM
전주 여행,68,보다,JKB
전주 여행,68,하루,NNG
전주 여행,68,라도,VCP+EC
전주 여행,68,마음,NNG
전주 여행,68,부터,JX
전주 여행,68,관심,NNG
전주 여행,68,산다,NNG
전주 여행,69,아기,NNG
전주 여행,69,숙소,NNG
전주 여행,69,추천,NNG
전주 여행,69,가성,NNG
전주 여행,69,베스트,NNP
전주 여행,69,웨스턴,NNP
전주 여행,69,플러스,NNP
전주 여행,69,지난,VV+ETM
전주 여행,69,다녀온,VV+ETM
전주 여행,69,익산,NNP
전주 여행,69,에서,JKB
전주 여행,69,호텔,NNG
전주 여행,69,후기,NNG
전주 여행,69,깁니다,ETN+VCP+EF
전주 여행,69,이번,NNG
전주 여행,69,베스트,NNP
전주 여행,69,웨스턴,NNP
전주 여행,69,플러스,NNG
전주 여행,69,에서,JKB
전주 여행,69,는데,EC
전주 여행,69,성비,NNG
전주 여행,69,정말,MAG
전주 여행,69,습니다,EF
전주 여행,69,호텔,NNG
전주 여행,69,베스트,NNG
전주 여행,69,스턴,NNP
전주 여행,69,플러스,NNP
전주 여행,69,위치,NNG
전주 여행,69,전북,NNP
전주 여행,70,주송,NNG
전주 여행,70,천동,NNG
전주 여행,70,맛집,NNG
전주 여행,70,남각,NNG
전주 여행,70,에서,JKB
전주 여행,70,즐기,VV
전주 여행,70,칠순,NR
전주 여행,70,잔치,NNG
전주 여행,70,편안,NNG
전주 여행,70,고급,NNG
전주 여행,70,영업시간,NNG
전주 여행,70,매일,MAG
전주 여행,70,11,SN
전주 여행,70,00,SN
전주 여행,70,21,SN
전주 여행,70,00,SN
전주 여행,70,라스트,NNG
전주 여행,70,오더,NNG
전주 여행,70,20,SN
전주 여행,70,30,SN
전주 여행,70,송천동,NNP
전주 여행,70,맛집,NNG
전주 여행,70,칠순,NR
전주 여행,70,잔치,NNG
전주 여행,70,주한,NNG
전주 여행,70,정식,NNG
전주 여행,70,맛집,NNG
전주 여행,70,전주비빔밥,NNG
전주 여행,70,맛집,NNG
전주 여행,70,가족,NNG
전주 여행,70,모임,NNG
전주 여행,70,환갑잔치,NNG
전주 여행,70,맛집,NNG
전주 여행,70,주한,NNG
전주 여행,70,정식,NNG
전주 여행,70,추천,NNG
전주 여행,70,코스,NNG
전주 여행,70,주한,NNG
전주 여행,70,식당,NNG
전주 여행,70,추천,NNG
전주 여행,71,호텔,NNG
전주 여행,71,수영장,NNG
전주 여행,71,입장료,NNG
전주 여행,71,패밀리,NNP
전주 여행,71,트윈,NNP
전주 여행,71,이용,NNG
전주 여행,71,후기,NNG
전주 여행,71,한옥마을,NNP
전주 여행,71,위치,NNG
전주 여행,71,위치,NNG
전주 여행,71,최강,NNG
전주 여행,71,라는,ETM
전주 여행,71,진짜,NNG
전주 여행,71,수영장,NNG
전주 여행,71,에서,JKB
전주 여행,71,다가,EC
전주 여행,71,저녁,NNG
전주 여행,71,으러,EC
전주 여행,71,나가,VX
전주 여행,71,까지,JX
전주 여행,71,한옥마을,NNP
전주 여행,71,구경,NNG
전주 여행,71,숙소,NNG
전주 여행,71,덕분,NNG
전주 여행,71,제대로,MAG
전주 여행,71,다녀왔,VV+EP
전주 여행,71,어요,EF
전주 여행,71,저희,NP
전주 여행,71,가족,NNG
전주 여행,71,에서,JKB
전주 여행,72,가을,NNG
전주 여행,72,실내,NNG
전주 여행,72,나들이,NNG
전주 여행,72,아이,NNG
전주 여행,72,좋아한,VV+ETM
전주 여행,72,VR,SL
전주 여행,72,체험,NNG
전주 여행,72,부터,JX
전주 여행,72,아이,NNG
전주 여행,72,계획,NNG
전주 여행,72,면서,EC
전주 여행,72,아이,NNG
전주 여행,72,함께,MAG
전주 여행,72,어디,NP
전주 여행,72,볼까,EC+VX+EC
전주 여행,72,고민,NNG
전주 여행,72,생각,NNG
전주 여행,72,보다,JKB
전주 여행,72,선택지,NNG
전주 여행,72,더라고요,EC
전주 여행,72,특히,MAG
전주 여행,72,날씨,NNG
전주 여행,72,무더운,VA+ETM
전주 여행,72,여름,NNG
전주 여행,72,이나,JC
전주 여행,72,갑자기,MAG
전주 여행,72,야외,NNG
전주 여행,73,아이,NNG
전주 여행,73,무료,NNG
전주 여행,73,실내,NNG
전주 여행,73,체험,NNG
전주 여행,73,가득,MAG
전주 여행,73,어린이,NNG
전주 여행,73,박물,NNG
전주 여행,73,아이,NNG
전주 여행,73,으신다면,EP+EC
전주 여행,73,국립,NNG
전주 여행,73,박물관,NNG
전주 여행,73,어린이,NNG
전주 여행,73,박물관,NNG
전주 여행,73,강력,NNG
전주 여행,73,추천,NNG
전주 여행,73,드려요,VV+EC
전주 여행,73,아이,NNG
전주 여행,73,어린이,NNG
전주 여행,73,박물관,NNG
전주 여행,73,국립,NNG
전주 여행,73,박물관,NNG
전주 여행,73,실내,NNG
전주 여행,73,아이,NNG
전주 여행,73,아이,NNG
전주 여행,73,아이,NNG
전주 여행,74,전라,NNP
전주 여행,74,감영,NNG
전주 여행,74,객사,NNG
전주 여행,74,이색,NNG
전주 여행,74,데이트,NNG
전주 여행,74,체험,NNG
전주 여행,74,이킹,NNP
전주 여행,74,클래스,NNP
전주 여행,74,후기,NNG
전주 여행,74,토끼,NNG
전주 여행,74,광주,NNP
전주 여행,74,에서,JKB
전주 여행,74,와서,VV+EC
전주 여행,74,해야,VV+EC
전주 여행,74,기억,NNG
전주 여행,74,많이,MAG
전주 여행,74,을까,EC
전주 여행,74,고민,NNG
전주 여행,74,다가,EC
전주 여행,74,토끼,NNG
전주 여행,74,거북,NNG
전주 여행,74,아기자기,XR
전주 여행,74,공간,NNG
전주 여행,74,월요일,NNG
전주 여행,74,즐겁,VA
전주 여행,74,습니다,EF
전주 여행,74,낭시,NNG
전주 여행,74,12,SN
전주 여행,74,여름,NNG
전주 여행,74,한정,NNG
전주 여행,74,레몬,NNG
전주 여행,74,티그레,NNP
전주 여행,75,에코,NNP
전주 여행,75,시티,NNP
전주 여행,75,카페,NNP
전주 여행,75,유럽,NNP
전주 여행,75,감성,NNG
전주 여행,75,풍기,VV
전주 여행,75,테라스,NNG
전주 여행,75,커피,NNG
전주 여행,75,로드,NNG
전주 여행,75,우드,NNG
전주 여행,75,아요,EF
전주 여행,75,특히,MAG
전주 여행,75,날씨,NNG
전주 여행,75,테라스,NNG
전주 여행,75,자리,NNG
전주 여행,75,으면,EC
전주 여행,75,괜히,MAG
전주 여행,75,과하,VA
전주 여행,75,으면서,EC
전주 여행,75,차분,XR
전주 여행,75,느낌,NNG
전주 여행,75,어요,EF
전주 여행,75,허니,NNP
전주 여행,75,자몽,NNG
전주 여행,75,블랙,NNG
전주 여행,75,시켰,VV+EP
전주 여행,75,어요,EF
전주 여행,75,사진,NNG
전주 여행,75,바로,MAG
전주 여행,75,나온,VV+ETM
전주 여행,75,메뉴,NNG
전주 여행,75,바스크,NNP
전주 여행,76,한옥마을,NNP
전주 여행,76,동락,NNG
전주 여행,76,302,SN
전주 여행,76,숙박,NNG
전주 여행,76,솔직,XR
전주 여행,76,후기,NNG
전주 여행,76,추석,NNG
전주 여행,76,연휴,NNG
전주 여행,76,가족,NNG
전주 여행,76,한옥마을,NNP
전주 여행,76,동락,NNG
전주 여행,76,302,SN
전주 여행,76,숙박,NNG
전주 여행,76,솔직,XR
전주 여행,76,후기,NNG
전주 여행,76,추석,NNG
전주 여행,76,연휴,NNG
전주 여행,76,가족,NNG
전주 여행,76,추천,NNP
전주 여행,76,한옥마을,NNP
전주 여행,76,동락,NNG
전주 여행,76,지난,VV+ETM
전주 여행,76,봄날,NNG
전주 여행,76,따스,XR
전주 여행,76,풍경,NNG
전주 여행,76,다녀왔,VV+EP
전주 여행,76,한옥마을,NNP
전주 여행,76,동락,NNG
전주 여행,76,선선,XR
전주 여행,76,바람,NNG
전주 여행,76,불어오,VV
전주 여행,76,이번,NNG
전주 여행,76,추석,NNG
전주 여행,77,한옥마을,NNP
전주 여행,77,수제,NNG
전주 여행,77,카카오,NNP
전주 여행,77,초콜릿,NNG
전주 여행,77,선물,NNG
전주 여행,77,추천,NNG
전주 여행,77,와서,VV+EC
전주 여행,77,특별,NNG
전주 여행,77,디저트,NNG
전주 여행,77,센스,NNG
전주 여행,77,기념품,NNG
전주 여행,77,선물,NNG
전주 여행,77,으시,EP
전주 여행,77,방문,NNG
전주 여행,77,세요,EP+EF
전주 여행,77,방문,NNG
전주 여행,77,셔서,EP+EC
전주 여행,77,감사,NNG
전주 여행,77,합니다,XSV+EF
전주 여행,77,행복,NNG
전주 여행,77,하루,NNG
전주 여행,77,보내,VV
전주 여행,77,세요,EP+EF
전주 여행,77,블로그,NNG
전주 여행,77,이웃,NNG
전주 여행,77,추가,NNG
전주 여행,77,사진,NNG
전주 여행,77,클릭,NNG
전주 여행,77,네이버,NNP
전주 여행,77,블로그,NNG
전주 여행,78,닭강정,NNP
전주 여행,78,필수,NNG
전주 여행,78,코스,NNG
전주 여행,78,남부,NNG
전주 여행,78,시장,NNG
전주 여행,78,야시장,NNG
전주 여행,78,여행지,NNG
전주 여행,78,손님,NNG
전주 여행,78,편의,NNG
전주 여행,78,위해,VV+EC
전주 여행,78,고민,NNG
전주 여행,78,흔적,NNG
전주 여행,78,보였,VV+EP
전주 여행,78,강정,NNG
전주 여행,78,진열,NNG
전주 여행,78,는데,EC
전주 여행,78,모형,NNG
전주 여행,78,거든,EF
전주 여행,78,모형,NNG
전주 여행,78,아니,VCN
전주 여행,78,윤기,NNG
전주 여행,78,엄청나,VA
전주 여행,78,모형,NNG
전주 여행,78,거든,EF
전주 여행,78,어떻게,MAG
전주 여행,78,생겼,VV+EP
전주 여행,78,는지,EC
전주 여행,78,직접,MAG
전주 여행,79,한옥마을,NNP
전주 여행,79,양식집,NNG
전주 여행,79,제리아,NNG
전주 여행,79,온고,NNG
전주 여행,79,70,SN
전주 여행,79,신상,NNG
전주 여행,79,화덕,NNG
전주 여행,79,피자,NNG
전주 여행,79,맛집,NNG
전주 여행,79,오늘,NNG
전주 여행,79,한옥,NNG
전주 여행,79,마을,NNG
전주 여행,79,새로,MAG
전주 여행,79,생긴,VV+ETM
전주 여행,79,맛집,NNG
전주 여행,79,소개,NNG
전주 여행,79,인데요,VCP+EF
전주 여행,79,한옥마을,NNP
전주 여행,79,떡갈비,NNG
전주 여행,79,비빔밥,NNG
전주 여행,79,많이,MAG
전주 여행,79,생각,NNG
전주 여행,79,텐데,NNB+VCP+EC
전주 여행,79,많이,MAG
전주 여행,79,이나,JC
전주 여행,79,현지,NNG
전주 여행,79,오늘,MAG
전주 여행,79,사람,NNG
전주 여행,80,이런,MM
전주 여행,80,어요,EF
전주 여행,80,명소,NNG
전주 여행,80,가격,NNG
전주 여행,80,날짜,NNG
전주 여행,80,마다,JX
전주 여행,80,달라서,VA+EC
전주 여행,80,에서,JKB
전주 여행,80,프로모션,NNG
전주 여행,80,최신,NNG
전주 여행,80,가격,NNG
전주 여행,80,확인,NNG
전주 여행,80,세요,EP+EF
전주 여행,80,여행지,NNG
전주 여행,80,명소,NNG
전주 여행,80,코스,NNG
전주 여행,80,데이트,NNG
전주 여행,80,아이,NNG
전주 여행,80,산책,NNG
전주 여행,81,독립,NNG
전주 여행,81,서점,NNG
전주 여행,81,추천,NNG
전주 여행,81,부러,MAG
전주 여행,81,잠깐,MAG
전주 여행,81,는다면,EC
전주 여행,81,괜찮,VA
전주 여행,81,많이,MAG
전주 여행,81,사람,NNG
전주 여행,81,이런,MM
전주 여행,81,에서,JKB
전주 여행,81,이상,NNG
전주 여행,81,진다,VX+EC
전주 여행,81,책보,NNG
전주 여행,81,책방,NNG
전주 여행,81,선물,NNG
전주 여행,81,책보,NNG
전주 여행,81,책방,NNG
전주 여행,81,이름,NNG
전주 여행,81,부터,JX
전주 여행,81,조금,NNG
전주 여행,82,서울,NNP
전주 여행,82,KTX,SL
전주 여행,82,요금,NNG
전주 여행,82,소요,NNG
전주 여행,82,시간,NNG
전주 여행,82,최신,NNG
전주 여행,82,정보,NNG
전주 여행,82,정리,NNG
전주 여행,82,역시,MAJ
전주 여행,82,출장,NNG
전주 여행,82,이나,JC
전주 여행,82,으로,JKB
전주 여행,82,서울,NNP
전주 여행,82,자주,MAG
전주 여행,82,오가,VV
전주 여행,82,KTX,SL
전주 여행,82,이용,NNG
전주 여행,82,는데,EC
전주 여행,82,매번,MAG
전주 여행,82,최신,NNG
전주 여행,82,요금,NNG
전주 여행,82,소요,NNG
전주 여행,82,시간,NNG
전주 여행,82,확인,NNG
전주 여행,82,번거롭,VA
전주 여행,82,느껴,VV+EC
전주 여행,82,더라고요,EC
전주 여행,82,특히,MAG
전주 여행,82,명절,NNG
전주 여행,82,이나,JC
전주 여행,82,연휴,NNG
전주 여행,82,기간,NNG
전주 여행,82,미리,MAG
전주 여행,82,정보,NNG
전주 여행,82,으면,EC
전주 여행,83,베스트,NNP
전주 여행,83,웨스턴,NNP
전주 여행,83,수영장,NNG
전주 여행,83,아기,NNG
전주 여행,83,주차,NNG
전주 여행,83,이용,NNG
전주 여행,83,베스트,NNP
전주 여행,83,웨스턴,NNP
전주 여행,83,플러스,NNP
전주 여행,83,객실,NNG
전주 여행,83,베스트,NNG
전주 여행,83,웨스턴,NNP
전주 여행,83,플러스,NNP
전주 여행,83,호텔,NNG
전주 여행,83,숙소,NNG
전주 여행,83,한옥,NNG
전주 여행,83,마을,NNG
전주 여행,83,숙소,NNG
전주 여행,83,수영장,NNG
전주 여행,83,호텔,NNG
전주 여행,83,가족,NNG
전주 여행,83,아기,NNG
전주 여행,83,주차,NNG
전주 여행,83,호텔,NNG
전주 여행,83,특급,NNG
전주 여행,83,호텔,NNG
전주 여행,84,군산,NNG
전주 여행,84,가족,NNG
전주 여행,84,이영춘,NNP
전주 여행,84,가옥,NNG
전주 여행,84,부터,JX
전주 여행,84,국사,NNG
전주 여행,84,까지,JX
전주 여행,84,실제,NNG
전주 여행,84,코스,NNG
전주 여행,84,앞서,VV+EC
전주 여행,84,올린,VV+ETM
전주 여행,84,에서,JKB
전주 여행,84,떠나,VV
전주 여행,84,군산,NNG
전주 여행,84,일정,NNG
전주 여행,84,코스,NNG
전주 여행,84,정리,NNG
전주 여행,84,는데요,EF
전주 여행,84,군산,NNP
전주 여행,84,계획,NNG
전주 여행,84,아이,NNG
전주 여행,84,한마디,NNG
전주 여행,84,시작,NNG
전주 여행,84,가족,NNG
전주 여행,84,이번,NNG
전주 여행,84,부터,JX
전주 여행,84,실제로,MAG
전주 여행,84,다녀온,VV+ETM
전주 여행,84,이야기,NNG
전주 여행,85,숙소,NNG
전주 여행,85,추천,NNP
전주 여행,85,한옥마을,NNP
전주 여행,85,도보,NNP
전주 여행,85,이동과,NNP
전주 여행,85,아이,NNG
전주 여행,85,동반,NNG
전주 여행,85,가족,NNG
전주 여행,85,로스터,NNG
전주 여행,85,호텔,NNG
전주 여행,85,객실,NNG
전주 여행,85,요금,NNG
전주 여행,85,예약,NNG
전주 여행,85,정보,NNG
전주 여행,85,확인,NNG
전주 여행,85,즐거움,NNG
전주 여행,85,숙소,NNG
전주 여행,85,선택,NNG
전주 여행,85,가이드,NNG
전주 여행,85,지금,NNG
전주 여행,85,까지,JX
전주 여행,85,한옥마을,NNP
전주 여행,85,시내,NNG
전주 여행,85,인근,NNG
전주 여행,85,에서,JKB
전주 여행,85,각기,MAG
전주 여행,85,다른,MM
전주 여행,85,매력,NNG
전주 여행,85,지닌,VV+ETM
전주 여행,85,숙소,NNG
전주 여행,85,신라,NNP
전주 여행,85,스테이,NNG
전주 여행,86,지난,VV+ETM
전주 여행,86,맛집,NNG
전주 여행,86,는다면,EC
전주 여행,86,내산,NNP
전주 여행,86,후기,NNG
전주 여행,86,안부,NNG
전주 여행,86,채식,NNG
전주 여행,86,생각,NNG
전주 여행,86,보다,JKB
전주 여행,86,너무,MAG
전주 여행,86,맛있,VA
전주 여행,86,아서,EC
전주 여행,86,사진첩,NNG
전주 여행,86,뒤적거리,VV
전주 여행,86,다가,EC
전주 여행,86,이제야,MAG
전주 여행,86,하나,NR
전주 여행,86,정리,NNG
전주 여행,86,한옥마을,NNP
전주 여행,86,워낙,MAG
전주 여행,86,유명,NNG
전주 여행,86,해서,XSV+EC
전주 여행,86,어디,NP
전주 여행,86,할지,VX+EC
전주 여행,86,고민,NNG
전주 여행,86,다가,EC
전주 여행,86,찾아갔,VV+EP
전주 여행,86,인데,VCP+EC
전주 여행,87,광주,NNP
전주 여행,87,근교,NNG
전주 여행,87,단풍,NNG
전주 여행,87,명소,NNG
전주 여행,87,정리,NNP
전주 여행,87,내장산,NNP
전주 여행,87,부터,JX
전주 여행,87,등산,NNG
전주 여행,87,까지,JX
전주 여행,87,여기,NP
전주 여행,87,광주,NNP
전주 여행,87,감싸,VV
전주 여행,87,등산,NNG
전주 여행,87,까지,JX
전주 여행,87,호남,NNG
전주 여행,87,지역,NNG
전주 여행,87,진한,VA+ETM
전주 여행,87,단풍,NNG
전주 여행,87,코스,NNG
전주 여행,87,완성,NNG
전주 여행,87,됩니다,XSV+EF
전주 여행,87,광주,NNP
전주 여행,87,근교,NNG
전주 여행,87,대표,NNG
전주 여행,87,단풍,NNG
전주 여행,87,명소,NNG
전주 여행,87,정리,NNG
전주 여행,87,습니다,EF
전주 여행,87,내장산,NNP
전주 여행,87,국립,NNG
전주 여행,87,공원,NNG
전주 여행,87,한국,NNP
전주 여행,87,최고,NNG
전주 여행,87,단풍,NNG
전주 여행,87,명소,NNG
전주 여행,88,베스트,NNP
전주 여행,88,웨스턴,NNP
전주 여행,88,플러스,NNP
전주 여행,88,호텔,NNG
전주 여행,88,아이,NNG
전주 여행,88,조식,NNG
전주 여행,88,주차장,NNG
전주 여행,88,예약,NNG
전주 여행,88,처럼,JKB
전주 여행,88,예정,NNG
전주 여행,88,할인,NNG
전주 여행,88,쿠폰,NNG
전주 여행,88,예약,NNG
전주 여행,88,추천,NNG
전주 여행,88,드려요,VV+EC
전주 여행,88,여기,NP
전주 여행,88,어때,VA+EC
전주 여행,88,숙소,NNG
전주 여행,88,할인,NNG
전주 여행,88,쿠폰,NNG
전주 여행,88,다운,XSA+ETM
전주 여행,88,위치,NNG
전주 여행,88,한옥마을,NNP
전주 여행,88,도보,NNP
전주 여행,88,10,SN
전주 여행,88,한옥마을,NNP
전주 여행,88,까지,JX
전주 여행,88,도보,NNG
전주 여행,88,10,SN
전주 여행,88,거리,NNG
전주 여행,88,입니다,VCP+EF
전주 여행,88,걸어갈,VV+ETM
전주 여행,89,코스,NNG
전주 여행,89,산책,NNG
전주 여행,89,한옥,NNG
전주 여행,89,연화,NNG
전주 여행,89,정도,NNG
전주 여행,89,서관,NNP
전주 여행,89,덕진,NNP
전주 여행,89,공원,NNG
전주 여행,89,코스,NNG
전주 여행,89,너무,MAG
전주 여행,89,완벽,NNG
전주 여행,89,연화,NNG
전주 여행,89,정도,NNG
전주 여행,89,서관,NNG
전주 여행,89,덕진,NNP
전주 여행,89,공원,NNG
전주 여행,89,더운,VA+ETM
전주 여행,89,야경,NNG
전주 여행,89,산책,NNG
전주 여행,89,으로,JKB
전주 여행,89,는데,EC
전주 여행,89,정상,NNG
전주 여행,89,숙소,NNG
전주 여행,89,거리,NNG
전주 여행,89,어서,EC
전주 여행,89,조금,MAG
전주 여행,89,일찍,MAG
전주 여행,89,방문,NNG
전주 여행,89,그래도,VV+EC
전주 여행,89,공원,NNG
전주 여행,89,연꽃,NNG
전주 여행,90,현지,NNG
전주 여행,90,추천,NNG
전주 여행,90,으로,JKB
전주 여행,90,입소문,NNG
전주 여행,90,송정,NNG
전주 여행,90,삼겹살,NNG
전주 여행,90,맛집,NNG
전주 여행,90,이번,NNG
전주 여행,90,친구,NNG
전주 여행,90,함께,MAG
전주 여행,90,신나,VV
전주 여행,90,설레,VV
전주 여행,90,마음,NNG
전주 여행,90,으로,JKB
전주 여행,90,떠났,VV+EP
전주 여행,90,다가,EC
전주 여행,90,현지,NNG
전주 여행,90,친구,NNG
전주 여행,90,마르,VV
전주 여행,90,도록,EC
전주 여행,90,강력,XR
전주 여행,90,추천,NNG
전주 여행,90,인생,NNG
전주 여행,90,고깃집,NNG
전주 여행,90,다녀왔,VV+EP
전주 여행,90,어요,EF
전주 여행,90,바로,MAG
전주 여행,90,중화산동,NNP
전주 여행,90,고깃집,NNG
전주 여행,90,으로,JKB
전주 여행,90,입소문,NNG
전주 여행,90,자자,XR
전주 여행,91,맛집,NNG
전주 여행,91,BEST,SL
전주 여행,91,10,SN
전주 여행,91,에서,JKB
전주 여행,91,봐야,VX+EC
전주 여행,91,음식,NNG
전주 여행,91,맛집,NNG
전주 여행,91,BEST,SL
전주 여행,91,10,SN
전주 여행,91,에서,JKB
전주 여행,91,봐야,VX+EC
전주 여행,91,음식,NNG
전주 여행,91,계획,NNG
전주 여행,91,먹거리,NNG
전주 여행,91,빼놓,VV
전주 여행,91,도시,NNG
전주 여행,91,입니다,VCP+EF
전주 여행,91,한옥마을,NNP
전주 여행,91,비롯,XR
전주 여행,91,남부,NNG
전주 여행,91,시장,NNG
전주 여행,91,객리,NNG
전주 여행,91,곳곳,NNG
전주 여행,91,다양,XR
전주 여행,91,음식점,NNG
전주 여행,92,콩나물국,NNG
전주 여행,92,인생,NNG
전주 여행,92,국밥,NNG
전주 여행,92,발견,NNG
전주 여행,92,내산,NNG
전주 여행,92,안녕,NNG
전주 여행,92,세요,EP+EF
전주 여행,92,블링,NNG
전주 여행,92,오늘,NNG
전주 여행,92,입니다,VCP+EF
전주 여행,92,먹거리,NNG
전주 여행,92,볼거리,NNG
전주 여행,92,너무,MAG
전주 여행,92,여러분,NP
전주 여행,92,최애,NNG
전주 여행,92,음식,NNG
전주 여행,92,어떤,MM
전주 여행,92,나요,EF
전주 여행,92,저희,NP
전주 여행,92,맞이,XR
전주 여행,92,날씨,NNG
전주 여행,92,흐린,VV+ETM
전주 여행,93,맛집,NNG
전주 여행,93,추천,NNG
전주 여행,93,도심,NNG
전주 여행,93,스페인,NNP
전주 여행,93,요리,NNG
전주 여행,93,전문점,NNG
전주 여행,93,스타,NNG
전주 여행,93,분위기,NNG
전주 여행,93,맛집,NNG
전주 여행,93,사랑,NNG
전주 여행,93,여러분,NP
전주 여행,93,오늘,MAG
전주 여행,93,에서,JKB
전주 여행,93,마치,MAG
전주 여행,93,스페인,NNP
전주 여행,93,현지,NNG
전주 여행,93,특별,NNG
전주 여행,93,경험,NNG
전주 여행,93,스페인,NNP
전주 여행,93,요리,NNG
전주 여행,93,전문점,NNG
전주 여행,93,스타,NNG
전주 여행,93,소개,NNG
전주 여행,93,드리,VX
전주 여행,93,려고,EC
전주 여행,93,해요,VX+EF
전주 여행,93,객리,NNG
전주 여행,93,에서,JKB
전주 여행,93,우연히,MAG
전주 여행,93,발견,NNG
전주 여행,93,이곳,NP
전주 여행,93,에서,JKB
전주 여행,94,따라,VV+EC
전주 여행,94,따라,VV+EC
전주 여행,94,대명,NNG
전주 여행,94,따라,VV+EC
전주 여행,94,주편,NNG
전주 여행,94,출격,NNG
전주 여행,94,2026,SN
전주 여행,94,블루리본,NNG
전주 여행,94,수제,NNG
전주 여행,94,맥주,NNG
전주 여행,94,맛집,NNG
전주 여행,94,객리,NNG
전주 여행,94,객리,NNG
전주 여행,94,맛집,NNG
전주 여행,94,객리,NNG
전주 여행,94,술집,NNG
전주 여행,94,수제,NNG
전주 여행,94,맥주,NNG
전주 여행,94,노매딕,NNP
전주 여행,94,비어,NNP
전주 여행,94,템플,NNP
전주 여행,94,노매딕,NNP
전주 여행,94,브루잉,NNP
전주 여행,94,따라,VV+EC
전주 여행,94,따라,VV+EC
전주 여행,94,대명,NNG
전주 여행,94,따라,VV+EC
전주 여행,94,블루리본,NNG
전주 여행,94,블루리본,NNG
전주 여행,94,서베이,NNG
전주 여행,94,2026,SN
전주 여행,94,콩나물국,NNG
전주 여행,94,해태,NNG
전주 여행,94,바베큐,NNG
전주 여행,95,당근,NNG
전주 여행,95,김밥,NNG
전주 여행,95,맛집,NNG
전주 여행,95,선모,NNG
전주 여행,95,옛날,NNG
전주 여행,95,김밥,NNG
전주 여행,95,평일,NNG
전주 여행,95,내산,NNP
전주 여행,95,방문,NNG
전주 여행,95,후기,NNG
전주 여행,95,오선,NNG
전주 여행,95,옛날,NNG
전주 여행,95,김밥,NNG
전주 여행,95,후기,NNG
전주 여행,95,입니다,VCP+EF
전주 여행,95,튜버,NNP
전주 여행,95,타니,NNP
전주 여행,95,통해,VV+EC
전주 여행,95,오로지,MAG
전주 여행,95,당근,MAG
전주 여행,95,계란,NNG
전주 여행,95,지단,NNG
전주 여행,95,단무지,NNG
전주 여행,95,들어가,VV
전주 여행,95,김밥,NNG
전주 여행,95,으로,JKB
전주 여행,95,유명,XR
전주 여행,95,라길래,EC
전주 여행,95,너무,MAG
전주 여행,95,궁금,XR
전주 여행,95,더라구요,EC
전주 여행,96,덕진,NNP
전주 여행,96,공원,NNG
전주 여행,96,연화,NNG
전주 여행,96,도서관,NNG
전주 여행,96,뚜벅,MAG
전주 여행,96,코스,NNG
전주 여행,96,무료,NNG
전주 여행,96,뚜벅,MAG
전주 여행,96,코스,NNG
전주 여행,96,추천,NNP
전주 여행,96,덕진,NNP
전주 여행,96,공원,NNG
전주 여행,96,에서,JKB
전주 여행,96,여유,NNG
전주 여행,96,산책,NNG
전주 여행,96,연화,NNG
전주 여행,96,정도,NNG
전주 여행,96,서관,NNG
전주 여행,96,에서,JKB
전주 여행,96,한옥,NNG
전주 여행,96,구경,NNG
전주 여행,96,다시,MAG
전주 여행,96,연못,NNG
전주 여행,96,풍경,NNG
전주 여행,96,감상,NNG
전주 여행,96,코스,NNG
전주 여행,96,여서,VCP+EC
전주 여행,96,에서,JKB
전주 여행,96,조용,XR
전주 여행,96,감성,NNG
전주 여행,96,여행지,NNG
전주 여행,96,사람,NNG
전주 여행,97,가을,NNG
전주 여행,97,아직,MAG
전주 여행,97,한옥마을,NNP
전주 여행,97,나요,EF
전주 여행,97,인생,NNG
전주 여행,97,성지,NNG
전주 여행,97,생각,NNG
전주 여행,97,제일,MAG
전주 여행,97,먼저,MAG
전주 여행,97,떠오르,VV
전주 여행,97,역시,MAJ
전주 여행,97,한옥마을,NNP
전주 여행,97,근데,MAJ
전주 여행,97,솔직히,MAG
전주 여행,97,가을,NNG
전주 여행,97,하나,NR
전주 여행,97,찾아보,VV
전주 여행,97,니까,EC
전주 여행,97,한옥마을,NNP
전주 여행,97,둘러보,VV
전주 여행,97,돌아오,VV
전주 여행,97,조금,MAG
전주 여행,97,아쉽,VA
전주 여행,97,더라구,EF
전주 여행,97,한옥,NNG
전주 여행,97,사이,NNG
전주 여행,97,천천히,MAG
전주 여행,98,백서,NNG
전주 여행,98,남부,NNG
전주 여행,98,시장,NNG
전주 여행,98,주변,NNG
전주 여행,98,풍남문,NNG
전주 여행,98,전동성당,NNP
전주 여행,98,대한민국,NNP
전주 여행,98,에서,JKB
전주 여행,98,전통,NNG
전주 여행,98,역사,NNG
전주 여행,98,미학,NNG
전주 여행,98,현대,NNG
전주 여행,98,미식,NNG
전주 여행,98,가장,MAG
전주 여행,98,조화,NNG
전주 여행,98,어우러진,VV+ETM
전주 여행,98,고도,NNG
전주 여행,98,전라북도,NNP
전주 여행,98,전주시,NNP
전주 여행,98,방문,NNG
전주 여행,98,여행객,NNG
전주 여행,98,에게,JKB
전주 여행,98,도심,NNG
전주 여행,98,에서,JKB
전주 여행,98,수십,NR
전주 여행,98,서민,NNG
전주 여행,98,애환,NNG
전주 여행,99,전북,NNP
전주 여행,99,혁신,NNG
전주 여행,99,도시,NNG
전주 여행,99,호텔,NNG
전주 여행,99,호텔,NNG
전주 여행,99,이노,NNP
전주 여행,99,시티,NNG
전주 여행,99,출장,NNG
전주 여행,99,숙소,NNG
전주 여행,99,그래서,MAJ
전주 여행,99,전북,NNP
전주 여행,99,혁신,NNG
전주 여행,99,도시,NNG
전주 여행,99,호텔,NNG
전주 여행,99,에서,JKB
전주 여행,99,출장,NNG
전주 여행,99,때문,NNB
전주 여행,99,숙소,NNG
전주 여행,99,면서,EC
전주 여행,99,편하,VA
전주 여행,99,에게,JKB
전주 여행,99,아요,EF
전주 여행,99,특히,MAG
전주 여행,99,주변,NNG
전주 여행,99,식당,NNG
전주 여행,99,아서,EC
전주 여행,99,저녁,NNG
전주 여행,99,들어오,VV
전주 여행,99,편하,VA
전주 여행,99,편의점,NNG
전주 여행,100,방문,NNG
전주 여행,100,라면,EC
전주 여행,100,학동,NNG
전주 여행,100,예술,NNG
전주 여행,100,마을,NNG
전주 여행,100,주말,NNG
전주 여행,100,데이트,NNG
전주 여행,100,코스,NNG
전주 여행,100,추천,NNG
전주 여행,100,여행지,NNG
전주 여행,100,한옥마을,NNP
전주 여행,100,중심,NNG
전주 여행,100,으로,JKB
전주 여행,100,경기전,NNG
전주 여행,100,전동성당,NNP
전주 여행,100,기지,NNG
전주 여행,100,수변,NNG
전주 여행,100,공원,NNG
전주 여행,100,다양,NNG
전주 여행,100,볼거리,NNG
전주 여행,100,주말,NNG
전주 여행,100,으로,JKB
전주 여행,100,사람,NNG
전주 여행,100,방문,NNG
전주 여행,100,습니다,EF
전주 여행,100,학동,NNG
전주 여행,101,애견,NNG
전주 여행,101,유치원,NNG
전주 여행,101,산책,NNG
전주 여행,101,수학여행,NNG
전주 여행,101,소풍,NNG
전주 여행,101,명절,NNG
전주 여행,101,시상식,NNG
전주 여행,101,FORLONGDOG,SL
전주 여행,101,월간,NNG
전주 여행,101,세미나,NNG
전주 여행,101,진행,NNG
전주 여행,101,살롱,NNG
전주 여행,101,가정,NNG
전주 여행,101,방문,NNG
전주 여행,101,출장,NNG
전주 여행,101,교육,NNG
전주 여행,101,호텔,NNG
전주 여행,101,단체,NNG
전주 여행,101,강의,NNG
전주 여행,101,서신,NNG
전주 여행,101,센터,NNG
전주 여행,101,금암,NNG
전주 여행,101,센터,NNG
전주 여행,101,스타,NNG
전주 여행,101,그램,NNG
전주 여행,101,월간,NNG
전주 여행,101,세미나,NNG
전주 여행,101,사전,NNG
전주 여행,101,예약,NNG
전주 여행,102,한옥마을,NNP
전주 여행,102,특별,NNG
전주 여행,102,네임,NNG
전주 여행,102,만들,VV
전주 여행,102,상점,NNG
전주 여행,102,한옥마을,NNP
전주 여행,102,한옥마을,NNP
전주 여행,102,데이트,NNG
전주 여행,102,이색,NNG
전주 여행,102,체험,NNG
전주 여행,102,체험,NNG
전주 여행,102,주네,NNP
전주 여행,102,임택,NNP
전주 여행,102,만들,VV
전주 여행,102,코스,NNG
전주 여행,102,한옥마을,NNP
전주 여행,102,소품,NNG
전주 여행,102,내산,NNG
전주 여행,103,박물관,NNG
전주 여행,103,6070,SN
전주 여행,103,골목,NNG
전주 여행,103,난장,NNG
전주 여행,103,입구,NNG
전주 여행,103,관람,NNG
전주 여행,103,동선,NNG
전주 여행,103,시절,NNG
전주 여행,103,동네,NNG
전주 여행,103,바퀴,NNBC
전주 여행,103,다녀온,VV+ETM
전주 여행,103,기분,NNG
전주 여행,103,어요,EF
전주 여행,103,주난,NNP
전주 여행,103,한옥마을,NNP
전주 여행,103,박물관,NNG
전주 여행,103,아이,NNG
전주 여행,103,실내,NNG
전주 여행,103,코스,NNG
전주 여행,103,근대사,NNG
전주 여행,103,박물관,NNG
전주 여행,103,레트,NNG
전주 여행,103,대한민국,NNP
전주 여행,103,여지도,NNG
전주 여행,104,코스,NNG
전주 여행,104,추천,NNG
전주 여행,104,주말,NNG
전주 여행,104,기록,NNG
전주 여행,104,에다가,JKB
전주 여행,104,중간중간,MAG
전주 여행,104,계속,MAG
전주 여행,104,는데,EC
전주 여행,104,재밌,VA
전주 여행,104,와서,VV+EC
전주 여행,104,코스,NNG
전주 여행,104,식당,NNG
전주 여행,104,사진,NNG
전주 여행,104,저장,NNG
전주 여행,104,정보,NNG
전주 여행,104,전달,NNG
전주 여행,104,으로,JKB
전주 여행,104,습니다,EF
전주 여행,104,다시,MAG
전주 여행,104,에서,JKB
전주 여행,104,가장,MAG
전주 여행,104,강추,NNG
전주 여행,104,장소,NNG
전주 여행,105,호텔,NNG
전주 여행,105,부대시설,NNG
전주 여행,105,후기,NNG
전주 여행,105,조식,NNG
전주 여행,105,부터,JX
전주 여행,105,산책,NNG
전주 여행,105,아이,NNG
전주 여행,105,루프,NNG
전주 여행,105,이번,NNG
전주 여행,105,에서,JKB
전주 여행,105,머물렀,VV+EP
전주 여행,105,호텔,NNG
전주 여행,105,호텔,NNG
전주 여행,105,조식,NNG
전주 여행,105,부터,JX
전주 여행,105,북카페,NNP
전주 여행,105,기프트,NNP
전주 여행,105,그리고,MAJ
전주 여행,105,루프,NNG
전주 여행,105,야외,NNG
전주 여행,105,수영장,NNG
전주 여행,105,까지,JX
전주 여행,105,호텔,NNG
전주 여행,105,에서,JKB
전주 여행,105,즐길,VV+ETM
전주 여행,105,생각,NNG
전주 여행,105,보다,JKB
전주 여행,105,다양,NNG
전주 여행,105,어요,EF
전주 여행,105,오늘,MAG
전주 여행,105,객실,NNG
전주 여행,105,후기,NNG
전주 여행,105,이어,MAG
전주 여행,105,직접,NNG
전주 여행,106,호텔,NNG
전주 여행,106,추천,NNG
전주 여행,106,호텔,NNG
전주 여행,106,성급,NNG
전주 여행,106,호텔,NNG
전주 여행,106,투숙,NNG
전주 여행,106,저희,NP
전주 여행,106,이번,NNG
전주 여행,106,호텔,NNG
전주 여행,106,에서,JKB
전주 여행,106,투숙,NNG
전주 여행,106,어요,EF
전주 여행,106,객실,NNG
전주 여행,106,편안,NNG
전주 여행,106,깨끗,XR
전주 여행,106,침구,NNG
전주 여행,106,덕분,NNG
전주 여행,106,편하,VA
전주 여행,106,으면서,EC
전주 여행,106,즐겁,VA
전주 여행,106,답니다,EC
전주 여행,106,위치,NNG
전주 여행,106,외관,NNG
전주 여행,106,호텔,NNG
전주 여행,107,국내,NNG
전주 여행,107,덕진,NNP
전주 여행,107,공원,NNG
전주 여행,107,연못,NNG
전주 여행,107,한옥,NNG
전주 여행,107,도서관,NNG
전주 여행,107,연화,NNG
전주 여행,107,정도,NNG
전주 여행,107,서관,NNG
전주 여행,107,연화,NNG
전주 여행,107,정도,NNG
전주 여행,107,서관,NNG
전주 여행,107,위치,NNG
전주 여행,107,연화,NNG
전주 여행,107,정도,NNG
전주 여행,107,서관,NNG
전주 여행,107,후기,NNG
전주 여행,107,전주연,NNP
전주 여행,107,화정,NNG
전주 여행,107,도서관,NNG
전주 여행,107,태교,NNG
전주 여행,107,추천,NNG
전주 여행,107,태교,NNG
전주 여행,107,갈만,NNG
전주 여행,107,여행지,NNG
전주 여행,107,추천,NNG
전주 여행,107,당일치기,NNG
전주 여행,107,일정,NNG
전주 여행,107,덕진,NNP
전주 여행,107,공원,NNG
전주 여행,107,국내,NNG
전주 여행,107,예쁜,VA+ETM
전주 여행,107,도서관,NNG
전주 여행,107,한옥,NNG
전주 여행,107,도서관,NNG
전주 여행,108,데이트,NNG
전주 여행,108,시간,NNG
전주 여행,108,거꾸로,MAG
전주 여행,108,흐른다,VV+EC
전주 여행,108,데이트,NNG
전주 여행,108,일기,NNG
전주 여행,108,이것저것,NNG
전주 여행,108,은데,EC
전주 여행,108,오랜만,NNG
전주 여행,108,일기,NNG
전주 여행,108,려고,EC
전주 여행,108,면은,EC
전주 여행,108,시간,NNG
전주 여행,108,지나,VV+EC
전주 여행,108,버린,VX+ETM
전주 여행,108,데이트,NNG
전주 여행,108,마치,MAG
전주 여행,108,벤자민,NNP
전주 여행,108,시간,NNG
전주 여행,108,거꾸로,MAG
전주 여행,108,간다,VV+EC
전주 여행,108,혼자,NNG
전주 여행,109,도서관,NNG
전주 여행,109,연화,NNG
전주 여행,109,정도,NNG
전주 여행,109,서관,NNG
전주 여행,109,10,SN
전주 여행,109,00,SN
전주 여행,109,19,SN
전주 여행,109,00,SN
전주 여행,109,오랜만,NNG
전주 여행,109,덕진,NNP
전주 여행,109,공원,NNG
전주 여행,109,약간,MAG
전주 여행,109,느낌,NNG
전주 여행,109,는데,EC
전주 여행,109,날씨,NNG
전주 여행,109,너무,MAG
전주 여행,109,아서,EC
전주 여행,109,한옥,NNG
전주 여행,109,도서관,NNG
전주 여행,109,이랑,JKB
전주 여행,109,너무,MAG
전주 여행,109,어울리,VV
전주 여행,109,느낌,NNG
전주 여행,109,한옥이,NNP
전주 여행,109,하늘,NNG
전주 여행,109,너무,MAG
전주 여행,109,어울림,VV+ETN
전주 여행,109,건데,NNB+VCP+EC
전주 여행,110,주역,NNG
전주 여행,110,맛집,NNG
전주 여행,110,온정,NNG
전주 여행,110,장어,NNG
전주 여행,110,시작,NNG
전주 여행,110,마무리,NNG
전주 여행,110,도착,NNG
전주 여행,110,해서,XSV+EC
전주 여행,110,캐리어,NNG
전주 여행,110,멀리,MAG
전주 여행,110,이동,NNG
전주 여행,110,맛있,VA
전주 여행,110,부터,JX
전주 여행,110,시작,NNG
전주 여행,110,반대,NNG
전주 여행,110,마지막,NNG
전주 여행,110,주역,NNG
전주 여행,110,으로,JKB
전주 여행,110,든든,XR
전주 여행,110,위치,NNG
전주 여행,110,시작,NNG
전주 여행,110,또는,MAJ
전주 여행,111,늑료칸호텔,UNKNOWN
전주 여행,111,내산,NNP
전주 여행,111,별채,NNG
전주 여행,111,이용,NNG
전주 여행,111,후기,NNG
전주 여행,111,지난,VV+ETM
전주 여행,111,다녀오,VV
전주 여행,111,늑료칸호텔,UNKNOWN
전주 여행,111,이용,NNG
전주 여행,111,느낀,VV+ETM
전주 여행,111,후기,NNG
전주 여행,111,완존,NNG
전주 여행,111,100,SN
전주 여행,111,내산,NNG
전주 여행,111,객실,NNG
전주 여행,111,여러,MM
전주 여행,111,타입,NNG
전주 여행,111,선택,NNG
전주 여행,111,가능,NNG
전주 여행,111,한데,XSA+EC
전주 여행,111,명상,NNG
전주 여행,111,스파,NNP
전주 여행,111,다양,NNG
전주 여행,112,전주역,NNP
전주 여행,112,현대,NNP
전주 여행,112,오징어,NNG
전주 여행,112,사리,NNG
전주 여행,112,추가,NNG
전주 여행,112,콩나물국,NNG
전주 여행,112,후기,NNG
전주 여행,112,맛있,VA
전주 여행,112,습니다,EF
전주 여행,112,맛집,NNG
전주 여행,112,진짜,MAG
전주 여행,112,도착,NNG
전주 여행,112,해서,XSV+EC
전주 여행,112,음식,NNG
전주 여행,112,콩나물국,NNG
전주 여행,112,라니,EC
전주 여행,112,진짜,MAG
전주 여행,112,풀리,VV
전주 여행,112,하루,NNG
전주 여행,112,종일,NNG
전주 여행,112,건강,NNG
전주 여행,112,느낌,MAG
전주 여행,112,든든,XR
전주 여행,112,맛있,VA
전주 여행,112,잖아요,EC
전주 여행,112,방법,NNG
전주 여행,112,그대로,MAG
전주 여행,113,레트,NNG
전주 여행,113,현지,NNG
전주 여행,113,맛집,NNG
전주 여행,113,경원,NNG
전주 여행,113,상회,NNG
전주 여행,113,드셔,VV+EP+EC
전주 여행,113,랍니당,EF
전주 여행,113,맛집,NNG
전주 여행,113,주경원,NNP
전주 여행,113,상회,NNG
전주 여행,113,노포,NNG
전주 여행,113,맛집,NNG
전주 여행,113,황태,NNG
전주 여행,113,맛집,NNG
전주 여행,113,전주술,NNG
전주 여행,113,한옥마을,NNP
전주 여행,113,맛집,NNG
전주 여행,113,맥주,NNG
전주 여행,113,오징어,NNG
전주 여행,113,맛집,NNG
전주 여행,114,모주,NNG
전주 여행,114,선물,NNG
전주 여행,114,여기,NP
전주 여행,114,사세요,VV+EP+EF
전주 여행,114,비빔밥,NNG
전주 여행,114,맛집,NNG
전주 여행,114,추천,NNG
전주 여행,114,아래,NNG
전주 여행,114,네이버,NNP
전주 여행,114,지도,NNG
전주 여행,114,에서,JKB
전주 여행,114,주소,NNG
전주 여행,114,으실,EP+ETM
전주 여행,114,습니다,EF
전주 여행,114,근데,MAJ
전주 여행,114,김부각,NNG
전주 여행,114,가게,NNG
전주 여행,114,와서,VV+EC
전주 여행,114,부각,NNG
전주 여행,114,마을,NNG
전주 여행,114,주소,NNG
전주 여행,114,입니다,VCP+EF
전주 여행,114,에서,JKB
전주 여행,114,이웃,NNG
전주 여행,114,선물,NNG
전주 여행,114,어떤,MM
전주 여행,114,나요,EC
전주 여행,114,댓글,NNG
전주 여행,114,알려,VV+EC
전주 여행,114,세요,EP+EF
전주 여행,115,가족,NNG
전주 여행,115,숙소,NNG
전주 여행,115,추천,NNG
전주 여행,115,한옥,NNG
전주 여행,115,마을,NNG
전주 여행,115,인근,NNG
전주 여행,115,에서,JKB
전주 여행,115,아이,NNG
전주 여행,115,호텔,NNG
전주 여행,115,성공,NNG
전주 여행,115,위해서,VV+EC
전주 여행,115,주요,NNG
전주 여행,115,관광지,NNG
전주 여행,115,접근성,NNG
전주 여행,115,아니,VCN
전주 여행,115,동행자,NNG
전주 여행,115,성향,NNG
전주 여행,115,목적,NNG
전주 여행,115,숙소,NNG
전주 여행,115,선택,NNG
전주 여행,115,중요,NNG
전주 여행,115,합니다,XSV+EF
전주 여행,115,이번,NNG
전주 여행,115,에서,JKB
전주 여행,115,한옥마을,NNP
전주 여행,115,시내,NNG
전주 여행,115,중심가,NNG
전주 여행,115,인근,NNG
전주 여행,115,에서,JKB
전주 여행,115,편안,NNG
전주 여행,115,휴식,NNG
전주 여행,116,코스,NNG
전주 여행,116,추천,NNG
전주 여행,116,베스트,NNG
전주 여행,116,강아지,NNG
전주 여행,116,동반,NNG
전주 여행,116,코스,NNG
전주 여행,116,추천,NNG
전주 여행,116,베스트,NNG
전주 여행,116,하루,NNG
전주 여행,116,둘러,VV+EC
전주 여행,116,본다면,VX+EC
전주 여행,116,한옥마을,NNP
전주 여행,116,향교,NNG
전주 여행,116,목대,NNG
전주 여행,116,자만,NNG
전주 여행,116,벽화,NNG
전주 여행,116,마을,NNG
전주 여행,116,청연,NNG
전주 여행,116,순서,NNG
전주 여행,116,움직이,VV
전주 여행,116,방법,NNG
전주 여행,116,추천,NNG
전주 여행,116,합니다,XSV+EF
전주 여행,116,아래,NNG
전주 여행,116,여행지,NNG
전주 여행,116,하나,NR
전주 여행,116,소개,NNG
전주 여행,116,봅니다,VX+EC
전주 여행,117,맛집,NNG
전주 여행,117,베테랑,NNG
전주 여행,117,칼국수,NNG
전주 여행,117,고소,XR
전주 여행,117,들깨,NNG
전주 여행,117,폭탄,NNG
전주 여행,117,필수,NNG
전주 여행,117,코스,NNG
전주 여행,117,맛집,NNG
전주 여행,117,한옥마을,NNP
전주 여행,117,맛집,NNG
전주 여행,117,베테랑,NNG
전주 여행,117,칼국수,NNG
전주 여행,117,베테랑,NNG
전주 여행,117,칼국수,NNG
전주 여행,117,칼국수,NNG
전주 여행,117,맛집,NNG
전주 여행,117,한옥마을,NNP
전주 여행,117,데이트,NNG
전주 여행,117,코스,NNG
전주 여행,117,맛집,NNG
전주 여행,117,추천,NNG
전주 여행,117,한옥마을,NNP
전주 여행,117,먹거리,NNG
전주 여행,117,교동,NNP
전주 여행,117,맛집,NNG
전주 여행,118,필수,NNG
전주 여행,118,코스,NNG
전주 여행,118,거리,XSV
전주 여행,118,바게트,NNG
전주 여행,118,버거,NNG
전주 여행,118,메뉴,NNG
전주 여행,118,가격,NNG
전주 여행,118,내산,NNP
전주 여행,118,가격,NNG
전주 여행,118,저렴,XR
전주 여행,118,다곤,EC
전주 여행,118,지만,EC
전주 여행,118,상당,NNG
전주 여행,118,매력,NNG
전주 여행,118,지닌,VV+ETM
전주 여행,118,음식,NNG
전주 여행,118,신다면,EP+EC
전주 여행,118,메뉴,NNG
전주 여행,118,네요,EF
전주 여행,118,맛있,VA
전주 여행,118,습니다,EF
전주 여행,118,거리,XSV
전주 여행,118,한옥마을,NNP
전주 여행,118,대한,VV+ETM
전주 여행,118,보다,MAG
전주 여행,118,자세,XR
전주 여행,118,후기,NNG
전주 여행,119,대문자,NNG
전주 여행,119,집단,NNG
전주 여행,119,당일치기,NNG
전주 여행,119,사람,NNG
전주 여행,119,인간,NNG
전주 여행,119,군체,NNG
전주 여행,119,15,SN
전주 여행,119,16,SN
전주 여행,119,17,SN
전주 여행,119,휴일,NNG
전주 여행,119,지만,EC
전주 여행,119,14,SN
전주 여행,119,휴가,NNG
전주 여행,119,갑니다,VV+EC
전주 여행,119,사람,NNG
전주 여행,119,인간,NNG
전주 여행,119,군체,NNG
전주 여행,119,DNA,SL
전주 여행,119,제공,NNG
전주 여행,119,DNA,SL
전주 여행,119,후배,NNG
전주 여행,119,사실,MAG
전주 여행,119,남자,NNG
전주 여행,119,혈육,NNG
전주 여행,119,오디세이,NNG
전주 여행,119,아이,IC
전주 여행,119,맥스,NNP
전주 여행,119,다고,EC
전주 여행,119,는데,EC
전주 여행,120,한옥마을,NNP
전주 여행,120,맛집,NNG
전주 여행,120,본점,NNG
전주 여행,120,보석,NNG
전주 여행,120,육회,NNG
전주 여행,120,김밥,NNG
전주 여행,120,부터,JX
전주 여행,120,육전,NNG
전주 여행,120,까지,JX
전주 여행,120,오랜만,NNG
전주 여행,120,한옥마을,NNP
전주 여행,120,떠나,VV
전주 여행,120,면서,EC
전주 여행,120,어디,NP
전주 여행,120,맛있,VA
전주 여행,120,한식,NNG
전주 여행,120,즐길,VV+ETM
전주 여행,120,을까,EC
전주 여행,120,한참,NNG
전주 여행,120,고민,NNG
전주 여행,120,어요,EF
전주 여행,120,그러,VV
전주 여행,120,전북,NNP
전주 여행,120,전주시,NNP
전주 여행,120,완산구,NNP
전주 여행,120,태조,NNG
전주 여행,120,31,SN
전주 여행,120,위치,NNG
전주 여행,120,한옥마을,NNP
전주 여행,120,본점,NNG
전주 여행,120,라는,ETM
전주 여행,121,한옥마을,NNP
전주 여행,121,한복,NNG
전주 여행,121,대여,NNG
전주 여행,121,한복남,NNP
전주 여행,121,가격,NNG
전주 여행,121,시간,NNG
전주 여행,121,한옥마을,NNP
전주 여행,121,한복,NNG
전주 여행,121,대여,NNG
전주 여행,121,티켓,NNG
전주 여행,121,확인,NNG
전주 여행,121,계획,NNG
전주 여행,121,라면,EC
전주 여행,121,추천,NNG
전주 여행,121,합니다,XSV+EF
전주 여행,121,한옥마을,NNP
전주 여행,121,한옥마을,NNP
전주 여행,121,한복,NNG
전주 여행,121,한옥마을,NNP
전주 여행,121,한복,NNG
전주 여행,121,체험,NNG
전주 여행,121,한복,NNG
전주 여행,121,대여,NNG
전주 여행,121,경기전,NNG
전주 여행,121,전북,NNP
전주 여행,122,데이트,NNG
전주 여행,122,파스타,NNG
전주 여행,122,분위기,NNG
전주 여행,122,끝판,NNG
전주 여행,122,맛집,NNG
전주 여행,122,실패,NNG
전주 여행,122,코스,NNG
전주 여행,122,추천,NNG
전주 여행,122,오늘,NNG
전주 여행,122,한옥마을,NNP
전주 여행,122,구경,NNG
전주 여행,122,다가,EC
전주 여행,122,들린,VV+ETM
전주 여행,122,양식,NNG
전주 여행,122,맛집,NNG
전주 여행,122,아담,NNG
전주 여행,122,솔직,XR
전주 여행,122,후기,NNG
전주 여행,122,입니다,VCP+EF
전주 여행,122,이번,NNG
전주 여행,122,주로,MAG
전주 여행,122,는데,EC
전주 여행,122,처음,NNG
전주 여행,122,도착,NNG
전주 여행,122,저녁,NNG
전주 여행,122,양식,NNG
전주 여행,122,어서,EC
전주 여행,122,열심히,MAG
전주 여행,122,서치,NNG
전주 여행,122,다가,EC
전주 여행,122,발견,NNG
전주 여행,122,에요,EF
전주 여행,123,홀로,MAG
전주 여행,123,뚜벅,MAG
전주 여행,123,국내,NNG
전주 여행,123,여행지,NNG
전주 여행,123,추천,NNG
전주 여행,123,BEST,SL
전주 여행,123,치안,NNG
전주 여행,123,힐링,NNG
전주 여행,123,코스,NNG
전주 여행,123,강릉,NNP
전주 여행,123,통영,NNG
전주 여행,123,KTX,SL
전주 여행,123,시내버스,NNG
전주 여행,123,연계,NNG
전주 여행,123,탁월,XR
전주 여행,123,여행자,NNG
전주 여행,123,대상,NNG
전주 여행,123,편의,NNG
전주 여행,123,시설,NNG
전주 여행,123,갖추,VV
전주 여행,123,처음,NNG
전주 여행,123,혼자,NNG
전주 여행,123,시작,NNG
전주 여행,123,에게,JKB
전주 여행,123,최적,NNG
전주 여행,123,선택지,NNG
전주 여행,123,입니다,VCP+EF
전주 여행,123,한눈,NNG
전주 여행,123,홀로,MAG
전주 여행,123,뚜벅,MAG
전주 여행,123,국내,NNG
전주 여행,123,여행지,NNG
전주 여행,124,에서,JKB
전주 여행,124,인천,NNP
전주 여행,124,공항,NNG
전주 여행,124,콜밴,NNP
전주 여행,124,이용,NNG
전주 여행,124,후기,NNG
전주 여행,124,에서,JKB
전주 여행,124,인천,NNP
전주 여행,124,공항,NNG
전주 여행,124,까지,JX
전주 여행,124,편하,VA
전주 여행,124,이동,NNG
전주 여행,124,다면,EC
전주 여행,124,이번,NNG
전주 여행,124,고객,NNG
전주 여행,124,가족,NNG
전주 여행,124,함께,MAG
전주 여행,124,해외여행,NNG
전주 여행,124,앞두,VV
전주 여행,124,에서,JKB
전주 여행,124,인천,NNP
전주 여행,124,공항,NNG
전주 여행,124,까지,JX
전주 여행,124,이동,NNG
전주 여행,124,위해,VV+EC
전주 여행,124,저희,NP
전주 여행,124,에게,JKB
전주 여행,124,예약,NNG
전주 여행,124,습니다,EF
전주 여행,124,전날,NNG
전주 여행,124,그런지,VA+EC
전주 여행,125,호텔,NNG
전주 여행,125,한옥,NNG
전주 여행,125,마을,NNG
전주 여행,125,일락,NNG
전주 여행,125,사랑,NNG
전주 여행,125,장점,NNG
전주 여행,125,가지,NNBC
전주 여행,125,호텔,NNG
전주 여행,125,한옥,NNG
전주 여행,125,마을,NNG
전주 여행,125,일락,NNG
전주 여행,125,사랑,NNG
전주 여행,125,장점,NNG
전주 여행,125,가지,NNBC
전주 여행,125,한옥마을,NNP
전주 여행,125,계획,NNG
전주 여행,125,면서,EC
전주 여행,125,숙소,NNG
전주 여행,125,선택,NNG
전주 여행,125,고민,NNG
전주 여행,125,어요,EF
전주 여행,125,특히,MAG
전주 여행,125,한옥마을,NNP
전주 여행,125,에서,JKB
전주 여행,125,편안,NNG
전주 여행,125,휴식,NNG
전주 여행,125,원하,VV
전주 여행,125,어떤,MM
전주 여행,125,숙소,NNG
전주 여행,125,적합,XR
전주 여행,125,할지,XSA+EC
전주 여행,125,궁금,XR
전주 여행,126,맛집,NNG
전주 여행,126,맛집,NNG
전주 여행,126,추천,NNG
전주 여행,126,해태,NNG
전주 여행,126,바베큐,NNG
전주 여행,126,내산,NNP
전주 여행,126,웨이팅,NNG
전주 여행,126,오늘,NNG
전주 여행,126,다녀오,VV
전주 여행,126,라면,EC
전주 여행,126,입소문,NNG
전주 여행,126,어마어마,XR
전주 여행,126,노포,NNG
전주 여행,126,감성,NNG
전주 여행,126,맛집,NNG
전주 여행,126,후기,NNG
전주 여행,126,낋여왔어용,UNKNOWN
전주 여행,126,바로,MAG
전주 여행,126,전주시,NNP
전주 여행,126,완산구,NNP
전주 여행,126,위치,NNG
전주 여행,126,해태,NNG
전주 여행,126,바베큐,NNG
전주 여행,126,인데요,VCP+EF
전주 여행,126,한옥마을,NNP
전주 여행,126,이나,JC
전주 여행,126,전동성당,NNP
전주 여행,127,아닌,VCN+ETM
전주 여행,127,여름,NNG
전주 여행,127,당일치기,NNG
전주 여행,127,생각,NNG
전주 여행,127,연애,NNG
전주 여행,127,보다,JKB
전주 여행,127,결혼,NNG
전주 여행,127,다녔,VV+EP
전주 여행,127,그래서,MAJ
전주 여행,127,말양이,NNG
전주 여행,127,태어나,VV
전주 여행,127,열심히,MAG
전주 여행,127,돌아다니,VV
전주 여행,127,마음,NNG
전주 여행,127,으로,JKB
전주 여행,127,오빠,NNG
전주 여행,127,연애,NNG
전주 여행,127,는데,EC
전주 여행,128,전북,NNP
전주 여행,128,한옥마을,NNP
전주 여행,128,도보,NNP
전주 여행,128,10,SN
전주 여행,128,하호,NNG
전주 여행,128,게스트,NNP
전주 여행,128,하우스,NNP
전주 여행,128,자세,XR
전주 여행,128,안녕,NNG
전주 여행,128,세요,EP+EF
전주 여행,128,두부,NNG
전주 여행,128,으로,JKB
전주 여행,128,새로,MAG
전주 여행,128,깔끔,XR
전주 여행,128,쾌적,XR
전주 여행,128,한옥마을,NNP
전주 여행,128,도보,NNP
전주 여행,128,10,SN
전주 여행,128,거리,NNG
전주 여행,128,하호,NNG
전주 여행,128,게스트,NNP
전주 여행,128,하우스,NNP
전주 여행,128,후기,NNG
전주 여행,128,하호,NNG
전주 여행,128,게스트,NNP
전주 여행,128,하우스,NNP
전주 여행,128,전북,NNP
전주 여행,128,전주시,NNP
전주 여행,128,완산구,NNP
전주 여행,128,관선,NNG
전주 여행,128,25,SN
전주 여행,128,0507,SN
전주 여행,128,1491,SN
전주 여행,128,5536,SN
전주 여행,128,체크인,NNG
전주 여행,128,11,SN
전주 여행,129,자만,NNG
전주 여행,129,벽화,NNG
전주 여행,129,마을,NNG
전주 여행,129,골목,NNG
전주 여행,129,마다,JX
전주 여행,129,이야기,NNG
전주 여행,129,가득,MAG
전주 여행,129,여행지,NNG
전주 여행,129,한옥,NNG
전주 여행,129,마을,NNG
전주 여행,129,언덕,NNG
전주 여행,129,미술관,NNG
전주 여행,129,자만,NNG
전주 여행,129,벽화,NNG
전주 여행,129,마을,NNG
전주 여행,129,사진,NNG
전주 여행,129,살림,NNG
전주 여행,129,여행가,NNG
전주 여행,129,한옥마을,NNP
전주 여행,129,그냥,MAG
전주 여행,129,지나치,VA
전주 여행,129,아쉬운,VA+ETM
전주 여행,129,바로,MAG
전주 여행,129,자만,NNG
전주 여행,129,벽화,NNG
전주 여행,129,마을,NNG
전주 여행,129,자만,NNG
전주 여행,129,마을,NNG
전주 여행,129,소개,NNG
전주 여행,129,골목,NNG
전주 여행,129,지도,NNG
전주 여행,130,가양,NNG
전주 여행,130,조장,NNG
전주 여행,130,객사,NNG
전주 여행,130,술집,NNG
전주 여행,130,추천,NNG
전주 여행,130,무한,NNG
전주 여행,130,안주,NNG
전주 여행,130,맛집,NNG
전주 여행,130,진짜,MAG
전주 여행,130,맛있,VA
전주 여행,130,더라구요,EF
전주 여행,130,그래도,MAJ
전주 여행,130,어서,EC
전주 여행,130,이제,MAG
전주 여행,130,진짜,MAG
전주 여행,130,막잔,NNG
전주 여행,130,일어나,VV
전주 여행,130,는데,EC
전주 여행,130,미역국,NNG
전주 여행,130,나와,VV+EC
전주 여행,130,그래도,VV+EC
전주 여행,130,남자,NNG
전주 여행,130,친구,NNG
전주 여행,130,생일,NNG
전주 여행,130,기념,NNG
전주 여행,130,으로,JKB
전주 여행,130,미역국,NNG
전주 여행,130,는데,EC
전주 여행,130,이렇,VA
전주 여행,131,객사,NNG
전주 여행,131,맛집,NNG
전주 여행,131,누보,NNG
전주 여행,131,닭갈비,NNG
전주 여행,131,내산,NNP
전주 여행,131,후기,NNG
전주 여행,131,닭갈비,NNG
전주 여행,131,고르,VA
전주 여행,131,졸라,VV+EC
전주 여행,131,입니다,VCP+EF
전주 여행,131,오늘,MAG
전주 여행,131,맛집,NNG
전주 여행,131,누보,NNG
전주 여행,131,닭갈비,NNG
전주 여행,131,내산,NNP
전주 여행,131,후기,NNG
전주 여행,131,기록,NNG
전주 여행,131,볼게요,VX+EF
전주 여행,131,누보,NNG
전주 여행,131,닭갈비,NNG
전주 여행,131,전북,NNP
전주 여행,131,전주시,NNP
전주 여행,131,완산구,NNP
전주 여행,131,객사,NNG
전주 여행,131,74,SN
전주 여행,131,54,SN
전주 여행,131,영업시간,NNG
전주 여행,131,매일,MAG
전주 여행,131,11,SN
전주 여행,131,00,SN
전주 여행,131,22,SN
전주 여행,131,00,SN
전주 여행,131,브레이크,NNG
전주 여행,131,타임,NNG
전주 여행,131,15,SN
전주 여행,131,30,SN
전주 여행,131,17,SN
전주 여행,131,00,SN
전주 여행,132,2026,SN
전주 여행,132,05,SN
전주 여행,132,01,SN
전주 여행,132,02,SN
전주 여행,132,처음,NNG
전주 여행,132,목포,NNP
전주 여행,132,가족,NNG
전주 여행,132,포기,NNG
전주 여행,132,지언정,VV+EC
전주 여행,132,엠티,NNG
전주 여행,132,포기,NNG
전주 여행,132,어렵,VA
전주 여행,132,그래서,MAJ
전주 여행,132,계획,NNG
전주 여행,132,조금,MAG
전주 여행,132,수정,NNG
전주 여행,132,어차피,MAG
전주 여행,132,한옥,NNG
전주 여행,132,마을,NNG
전주 여행,132,에서,JKB
전주 여행,132,다고,EC
전주 여행,132,생각,NNG
전주 여행,132,아침,NNG
전주 여행,132,일찍,MAG
전주 여행,132,봄이,NNP
전주 여행,132,떠나,VV
전주 여행,132,우린,NP+JX
전주 여행,132,목포,NNG
전주 여행,132,Go,SL
전주 여행,132,Go,SL
전주 여행,133,풍남문,NNG
전주 여행,133,광장,NNG
전주 여행,133,금연,NNG
전주 여행,133,금주,NNG
전주 여행,133,구역,NNG
전주 여행,133,지정,NNG
전주 여행,133,과태료,NNG
전주 여행,133,단속,NNG
전주 여행,133,일정,NNG
전주 여행,133,필수,NNG
전주 여행,133,명소,NNG
전주 여행,133,한옥,NNG
전주 여행,133,마을,NNG
전주 여행,133,인근,NNG
전주 여행,133,위치,NNG
전주 여행,133,시민,NNG
전주 여행,133,관광객,NNG
전주 여행,133,풍남문,NNG
전주 여행,133,광장,NNG
전주 여행,133,새롭,VA
전주 여행,133,탈바꿈,NNG
전주 여행,133,합니다,XSV+EF
전주 여행,133,동안,NNG
전주 여행,133,일부,NNG
전주 여행,133,질서,NNG
전주 여행,133,행위,NNG
전주 여행,133,인해,VV+EC
전주 여행,133,불편,NNG
전주 여행,133,광장,NNG
전주 여행,133,담배,NNG
전주 여행,133,청정,NNG
전주 여행,134,호텔,NNG
전주 여행,134,노송동,NNP
전주 여행,134,프라이빗,NNG
전주 여행,134,하우스,NNP
전주 여행,134,75,SN
전주 여행,134,침실,NNG
전주 여행,134,프라이빗,NNG
전주 여행,134,욕실,NNG
전주 여행,134,특히,MAG
전주 여행,134,가족,NNG
전주 여행,134,단위,NNG
전주 여행,134,여행자,NNG
전주 여행,134,에게,JKB
전주 여행,134,안성맞춤,NNG
전주 여행,134,아요,EC
전주 여행,134,신시,NNP
전주 여행,134,가지,JX
전주 여행,134,신시가지,NNG
전주 여행,134,37,SN
전주 여행,134,124,SN
전주 여행,134,별점,NNG
전주 여행,134,반면,NNG
전주 여행,134,신시가지,NNG
전주 여행,134,합리,NNG
전주 여행,134,가격,NNG
전주 여행,134,깔끔,XR
전주 여행,134,객실,NNG
전주 여행,134,제공,NNG
전주 여행,135,에서,JKB
전주 여행,135,빠질,VV+ETM
전주 여행,135,한옥,NNG
전주 여행,135,마을,NNG
전주 여행,135,카페,NNG
전주 여행,135,고즈넉,XR
전주 여행,135,찻집,NNG
전주 여행,135,교동,NNG
전주 여행,135,최근,NNG
전주 여행,135,다녀오,VV
전주 여행,135,면서,EC
전주 여행,135,튜버,NNP
전주 여행,135,소개,NNG
전주 여행,135,한옥마을,NNP
전주 여행,135,카페인,NNP
전주 여행,135,교동,NNP
전주 여행,135,다원,NNG
전주 여행,135,들렀,VV+EP
전주 여행,135,후기,NNG
전주 여행,135,봅니다,VX+EC
전주 여행,135,교동,NNP
전주 여행,135,다원,NNG
전주 여행,135,한옥,NNG
전주 여행,135,마을,NNG
전주 여행,135,위치,NNG
전주 여행,135,어요,EF
전주 여행,135,아래,NNG
전주 여행,135,지도,NNG
전주 여행,135,참고,NNG
전주 여행,135,세요,EP+EF
전주 여행,136,목포,NNP
전주 여행,136,목포,NNP
전주 여행,136,해상,NNP
전주 여행,136,케이블카,NNG
전주 여행,136,가격,NNG
전주 여행,136,할인,NNG
전주 여행,136,내산,NNP
전주 여행,136,후기,NNG
전주 여행,136,야옹,NNG
전주 여행,136,예요,EC
전주 여행,136,목포,NNP
전주 여행,136,제주,NNP
전주 여행,136,여행기,NNG
전주 여행,136,오늘,NNG
전주 여행,136,목포,NNP
전주 여행,136,에서,JKB
전주 여행,136,진짜,MAG
전주 여행,136,가장,MAG
전주 여행,136,스릴,NNG
전주 여행,136,재밌,VA
전주 여행,136,목포,NNG
전주 여행,136,소개,NNG
전주 여행,136,시켜,XSV+EC
전주 여행,136,드리,VX
전주 여행,136,려구요,EC
전주 여행,136,목포,NNP
전주 여행,136,해상,NNP
전주 여행,136,케이블카,NNG
전주 여행,136,북항,NNG
전주 여행,136,승강장,NNG
전주 여행,136,네이버,NNP
전주 여행,136,지도,NNG
전주 여행,136,목포,NNP
전주 여행,136,해상,NNP
전주 여행,136,케이블카,NNG
전주 여행,137,한옥마을,NNP
전주 여행,137,코스,NNG
전주 여행,137,추천,NNG
전주 여행,137,길거리,NNG
전주 여행,137,간식,NNG
전주 여행,137,리스트,NNG
전주 여행,137,오늘,NNG
전주 여행,137,고장,NNG
전주 여행,137,한옥마을,NNP
전주 여행,137,코스,NNG
전주 여행,137,소개,NNG
전주 여행,137,드렸,VX+EP
전주 여행,137,어요,EF
전주 여행,137,이번,NNG
전주 여행,137,주말,NNG
전주 여행,137,아름다운,VA+ETM
전주 여행,137,한옥,NNG
전주 여행,137,풍경,NNG
전주 여행,137,감상,NNG
전주 여행,137,맛있,VA
전주 여행,137,간식,NNG
전주 여행,137,투어,NNG
전주 여행,137,떠나,VV+EC
전주 여행,137,어떨까,VA+EC
전주 여행,138,고속버스,NNG
전주 여행,138,터미널,NNG
전주 여행,138,시간표,NNG
전주 여행,138,확인,NNG
전주 여행,138,맛집,NNG
전주 여행,138,까지,JX
전주 여행,138,유용,XR
전주 여행,138,더욱,MAG
전주 여행,138,알차,VA
전주 여행,138,즐기,VV
전주 여행,138,위한,VV+ETM
전주 여행,138,가지,NNBC
전주 여행,138,공유,NNG
전주 여행,138,합니다,XSA+EF
전주 여행,138,고속버스,NNG
전주 여행,138,터미널,NNG
전주 여행,138,에서,JKB
전주 여행,138,한옥마을,NNP
전주 여행,138,까지,JX
전주 여행,138,택시,NNG
전주 여행,138,이용,NNG
전주 여행,138,10,SN
전주 여행,138,15,SN
전주 여행,138,정도,NNG
전주 여행,138,소요,NNG
전주 여행,138,됩니다,XSV+EF
전주 여행,138,버스,NNG
전주 여행,138,이용,NNG
전주 여행,138,경우,NNG
전주 여행,138,다양,XR
전주 여행,139,코스,NNG
전주 여행,139,한옥마을,NNP
전주 여행,139,먹거리,NNG
전주 여행,139,방산,NNG
전주 여행,139,코스,NNG
전주 여행,139,중간,NNG
전주 여행,139,출출,XR
전주 여행,139,해진,XSA+EC+VX+ETM
전주 여행,139,시점,NNG
전주 여행,139,들러,VV+EC
전주 여행,139,꼬치,NNG
전주 여행,139,자루,NNG
전주 여행,139,식혜,NNG
전주 여행,139,으로,JKB
전주 여행,139,충전,NNG
전주 여행,139,완벽,NNG
전주 여행,139,코스,NNG
전주 여행,139,수립,NNG
전주 여행,139,어떨까,VA+EC
전주 여행,139,이상,NNG
전주 여행,139,한옥마을,NNP
전주 여행,139,방산,NNG
전주 여행,139,보고,NNG
전주 여행,139,마칩니다,VV+EC
전주 여행,140,양추,NNG
전주 여행,140,1205,SN
전주 여행,140,에서,JKB
전주 여행,140,만난,VV+ETM
전주 여행,140,갈비,NNG
전주 여행,140,한상,NNG
전주 여행,140,안녕,NNG
전주 여행,140,세요,EP+EF
전주 여행,140,문경선,NNG
전주 여행,140,입니다,VCP+EF
전주 여행,140,관광지,NNG
전주 여행,140,만큼,JKB
전주 여행,140,이나,JX
전주 여행,140,기대,NNG
전주 여행,140,바로,MAG
전주 여행,140,맛집,NNG
전주 여행,140,탐방,NNG
전주 여행,140,이번,NNG
전주 여행,140,여섯,NR
전주 여행,140,이야기,NNG
전주 여행,140,피로,NNG
전주 여행,140,든든,XR
전주 여행,140,추성,NNG
전주 여행,140,1205,SN
전주 여행,140,갈비,NNG
전주 여행,140,입니다,VCP+EC
전주 여행,141,맛집,NNG
전주 여행,141,추천,NNG
전주 여행,141,맛집,NNG
전주 여행,141,맛집,NNG
전주 여행,141,추천,NNG
전주 여행,141,코스,NNG
전주 여행,141,가족,NNG
전주 여행,141,먹방,NNG
전주 여행,141,맛집,NNG
전주 여행,141,리뷰,NNP
전주 여행,141,카페,NNG
전주 여행,141,카페,NNG
전주 여행,141,추천,NNP
전주 여행,141,팥빙수,NNP
전주 여행,141,아이,NNG
전주 여행,141,추천,NNG
전주 여행,141,AJBGMALL,SL
전주 여행,142,경험,NNG
전주 여행,142,사실,NNG
전주 여행,142,혼자,NNG
전주 여행,142,으로,JKB
전주 여행,142,계획,NNG
전주 여행,142,했으나,XSV+EP+EC
전주 여행,142,갑자기,MAG
전주 여행,142,마음,NNG
전주 여행,142,심란,XR
전주 여행,142,이슈,NNG
전주 여행,142,당사자,NNG
전주 여행,142,모르,VV
전주 여행,142,찌도,NNG
전주 여행,142,함께,MAG
전주 여행,142,으로,JKB
전주 여행,142,변경,NNG
전주 여행,142,숙소,NNG
전주 여행,142,처음,NNG
전주 여행,142,혼자,MAG
전주 여행,142,생각,NNG
전주 여행,142,으로,JKB
전주 여행,142,미리,MAG
전주 여행,142,뒀었,VX+EP
전주 여행,142,기차표,NNG
전주 여행,142,찌도,NNG
전주 여행,143,주도,NNG
전주 여행,143,로컬,NNG
전주 여행,143,패스,NNG
전주 여행,143,풍성,XR
전주 여행,143,즐기,VV
전주 여행,143,사랑,NNG
전주 여행,143,로컬,NNG
전주 여행,143,패스,NNG
전주 여행,143,로컬,NNG
전주 여행,143,패스,NNG
전주 여행,143,준비,NNG
전주 여행,143,는데,EC
전주 여행,143,유명,XR
전주 여행,143,명소,NNG
전주 여행,143,생각난,VV+ETM
전주 여행,143,다면,NNG
전주 여행,143,로컬,NNG
전주 여행,143,패스,NNG
전주 여행,143,사용,NNG
전주 여행,143,혜택,NNG
전주 여행,143,함께,MAG
전주 여행,143,풍성,XR
전주 여행,143,알차,VA
전주 여행,143,즐겨볼,VV+EC+VX+ETM
전주 여행,143,다는,ETM
전주 여행,143,사실,NNG
전주 여행,144,호텔,NNG
전주 여행,144,가족,NNG
전주 여행,144,즐거운,VA+ETM
전주 여행,144,여름,NNG
전주 여행,144,호텔,NNG
전주 여행,144,다녀왔,VV+EP
전주 여행,144,어요,EF
전주 여행,144,씽씽,MAG
전주 여행,144,달려서,VV+EC
전주 여행,144,도착,NNG
전주 여행,144,객실,NNG
전주 여행,144,한옥,NNP
전주 여행,144,디럭스,NNP
전주 여행,144,트윈,NNP
전주 여행,144,들어가,VV
전주 여행,144,바로,MAG
전주 여행,144,보이,VV
전주 여행,144,입구,NNG
전주 여행,144,커피포트,NNG
전주 여행,144,생수,NNG
전주 여행,144,종이컵,NNG
전주 여행,144,구요,EF
전주 여행,144,미니,NNG
전주 여행,145,추천,NNG
전주 여행,145,가을,NNG
전주 여행,145,코스,NNG
전주 여행,145,이렇게,MAG
전주 여행,145,다녀오,VV
전주 여행,145,세요,EP+EF
전주 여행,145,한옥마을,NNP
전주 여행,145,에서,JKB
전주 여행,145,가장,MAG
전주 여행,145,먼저,MAG
전주 여행,145,떠오르,VV
전주 여행,145,한옥,NNP
전주 여행,145,이어지,VV
전주 여행,145,골목,NNG
전주 여행,145,천천히,MAG
전주 여행,145,기분,NNG
전주 여행,145,제대로,MAG
전주 여행,145,느껴져요,VV+EC+VX+EF
전주 여행,145,한복,NNG
전주 여행,145,사진,NNG
전주 여행,145,어도,EC
전주 여행,145,한옥,NNG
전주 여행,145,카페,NNG
전주 여행,145,들러,VV+EC
전주 여행,145,어가,EC
전주 여행,145,아서,EC
전주 여행,146,카페,NNG
전주 여행,146,평화,NNG
전주 여행,146,평화,NNG
전주 여행,146,한옥,NNG
전주 여행,146,마을,NNG
전주 여행,146,근처,NNG
전주 여행,146,낭시,NNG
전주 여행,146,맛집,NNG
전주 여행,146,카페,NNG
전주 여행,146,한옥,NNG
전주 여행,146,마을,NNG
전주 여행,146,근처,NNG
전주 여행,146,낭시,NNG
전주 여행,146,맛집,NNG
전주 여행,146,평화,NNG
전주 여행,146,평화,NNG
전주 여행,146,주방,NNG
전주 여행,146,전북,NNP
전주 여행,146,전주시,NNP
전주 여행,146,완산구,NNP
전주 여행,146,전주천,NNP
전주 여행,146,서로,MAG
전주 여행,146,47,SN
전주 여행,146,매일,NNG
전주 여행,146,08,SN
전주 여행,146,00,SN
전주 여행,146,20,SN
전주 여행,146,00,SN
전주 여행,146,주차,NNG
전주 여행,146,공간,NNG
전주 여행,146,근처,NNG
전주 여행,146,무료,NNG
전주 여행,146,주차장,NNG
전주 여행,146,이용,NNG
전주 여행,146,가능,NNG
전주 여행,146,간다고,VV+EC
전주 여행,146,카페,NNG
전주 여행,146,추천,NNG
전주 여행,147,다래끼,NNG
전주 여행,147,외출,NNG
전주 여행,147,갑자기,MAG
전주 여행,147,눈꺼풀,NNG
전주 여행,147,아프,VA
전주 여행,147,다면,EC
전주 여행,147,선선,XR
전주 여행,147,바람,NNG
전주 여행,147,시작,NNG
전주 여행,147,여름,NNG
전주 여행,147,보다,JKB
전주 여행,147,야외,NNG
전주 여행,147,활동,NNG
전주 여행,147,한결,MAG
전주 여행,147,편해,VA+EC
전주 여행,147,면서,EC
전주 여행,147,거나,EC
전주 여행,147,산책,NNG
전주 여행,147,다래끼,NNG
전주 여행,147,다래끼,NNG
전주 여행,147,의심,NNG
전주 여행,147,된다고,XSV+EC
전주 여행,147,해서,VV+EC
전주 여행,147,으로,JKB
전주 여행,147,누르,VV
전주 여행,147,거나,EC
전주 여행,147,직접,MAG
전주 여행,147,내용물,NNG
전주 여행,147,빼내,VV
전주 여행,147,려고,EC
전주 여행,147,행동,NNG
전주 여행,147,피해야,VV+EC
전주 여행,148,다가,EC
전주 여행,148,여행자,NNG
전주 여행,148,도서관,NNG
전주 여행,148,아요,EF
전주 여행,148,온돌,NNG
전주 여행,148,마루도,NNP
전주 여행,148,테이블,NNG
전주 여행,148,어요,EF
전주 여행,148,엽서,NNG
전주 여행,148,색칠,NNG
전주 여행,148,답니다,EC
전주 여행,148,지나가,VV
전주 여행,148,들러,VV+EC
전주 여행,148,세요,EP+EF
전주 여행,148,색다른,VA+ETM
전주 여행,148,경험,NNG
전주 여행,148,에요,VCP+EF
전주 여행,148,도서관,NNG
전주 여행,148,다가,EC
전주 여행,148,여행자,NNG
전주 여행,148,도서관,NNG
전주 여행,148,도서관,NNG
전주 여행,149,현대,NNG
전주 여행,149,남부,NNG
전주 여행,149,시장,NNG
전주 여행,149,다방,NNG
전주 여행,149,바게트,NNG
전주 여행,149,이어서,VV+EC
전주 여행,149,코스,NNG
전주 여행,149,치명,NNG
전주 여행,149,자산,NNG
전주 여행,149,성지,NNG
전주 여행,149,메르,NNP
전주 여행,149,진미,NNG
전주 여행,149,금암,NNG
전주 여행,149,직영,NNG
전주 여행,149,로스터,NNG
전주 여행,149,호텔,NNG
전주 여행,149,체크,NNG
전주 여행,149,DID,SL
전주 여행,149,객사,NNG
전주 여행,149,금지옥엽,NNG
전주 여행,149,동영,NNG
전주 여행,149,커피,NNG
전주 여행,149,교지,NNG
전주 여행,149,PNB,SL
전주 여행,149,풍년제,NNP
전주 여행,150,통영,NNG
전주 여행,150,맛집,NNG
전주 여행,150,전현무,NNP
전주 여행,150,계획,NNG
전주 여행,150,나온,VV+ETM
전주 여행,150,통영,NNG
전주 여행,150,맛집,NNG
전주 여행,150,은하,NNG
전주 여행,150,수다,NNG
전주 여행,150,여전히,MAG
전주 여행,150,거제,NNG
전주 여행,150,통영,NNG
전주 여행,150,통영,NNG
전주 여행,150,숙박,NNG
전주 여행,150,자연스레,MAG
전주 여행,150,통영,NNG
전주 여행,150,에서,JKB
전주 여행,150,둘째,NR
전주 여행,150,저녁,NNG
전주 여행,150,식사,NNG
전주 여행,150,막걸리,NNG
전주 여행,150,한상,NNG
전주 여행,150,요새,NNG
전주 여행,150,유행,NNG
전주 여행,150,이모,NNG
전주 여행,150,카세,NNP
전주 여행,150,느낌,NNG
전주 여행,150,으로,JKB
전주 여행,150,시키,VV
전주 여행,150,안주,NNG
전주 여행,151,한옥마을,NNP
전주 여행,151,아이,NNG
전주 여행,151,홍시,NNG
전주 여행,151,한옥,NNG
전주 여행,151,숙박,NNG
전주 여행,151,조식,NNG
전주 여행,151,난장,NNG
전주 여행,151,한울,NNP
전주 여행,151,무더운,VA+ETM
전주 여행,151,여름,NNG
전주 여행,151,남편,NNG
전주 여행,151,고향,NNG
전주 여행,151,에서,JKB
전주 여행,151,가족,NNG
전주 여행,151,제사,NNG
전주 여행,151,어서,EC
전주 여행,151,겸사겸사,MAG
전주 여행,151,다녀왔,VV+EP
전주 여행,151,아이,NNG
전주 여행,151,이랑,JC
전주 여행,151,한옥마을,NNP
전주 여행,151,다니,VV
전주 여행,151,재밌,VA
전주 여행,151,아서,EC
전주 여행,151,한옥,NNG
전주 여행,151,숙박,NNG
전주 여행,151,예약,NNG
전주 여행,151,한옥마을,NNP
전주 여행,151,정도,NNG
전주 여행,151,는데,EC
전주 여행,152,해외여행,NNG
전주 여행,152,준비,NNG
전주 여행,152,편해졌,VA+EC+VX+EP
전주 여행,152,KT,SL
전주 여행,152,로밍,NNG
전주 여행,152,데이터,NNG
전주 여행,152,확대,NNG
전주 여행,152,익산,NNP
전주 여행,152,에서,JKB
전주 여행,152,익산,NNP
전주 여행,152,여행객,NNG
전주 여행,152,라면,EC
전주 여행,152,무료,NNG
전주 여행,152,장기,NNG
전주 여행,152,주차,NNG
전주 여행,152,활용,NNG
전주 여행,152,세요,EP+EF
전주 여행,152,자가용,NNG
전주 여행,152,으로,JKB
전주 여행,152,대한,VV+ETM
전주 여행,152,관광,NNG
전주 여행,152,리무진,NNG
전주 여행,152,승차장,NNG
전주 여행,152,까지,JX
전주 여행,152,이동,NNG
전주 여행,152,고객,NNG
전주 여행,152,라면,EC
전주 여행,152,승객,NNG
전주 여행,152,전용,NNG
전주 여행,152,무료,NNG
전주 여행,152,장기,NNG
전주 여행,152,주차장,NNG
전주 여행,152,이용,NNG
전주 여행,152,다는,ETM
전주 여행,152,장점,NNG
전주 여행,152,입니다,VCP+EF
전주 여행,152,익산,NNP
전주 여행,152,IC,SL
전주 여행,152,승차장,NNG
전주 여행,153,고속버스,NNG
전주 여행,153,터미널,NNG
전주 여행,153,시간표,NNG
전주 여행,153,예매,NNG
전주 여행,153,부터,JX
전주 여행,153,주차장,NNG
전주 여행,153,맛집,NNG
전주 여행,153,까지,JX
전주 여행,153,최신,NNG
전주 여행,153,정보,NNG
전주 여행,153,시간표,NNG
전주 여행,153,확인,NNG
전주 여행,153,부터,JX
전주 여행,153,예매,NNG
전주 여행,153,방법,NNG
전주 여행,153,터미널,NNG
전주 여행,153,주차장,NNG
전주 여행,153,정보,NNG
전주 여행,153,그리고,MAJ
전주 여행,153,주변,NNG
전주 여행,153,맛집,NNG
전주 여행,153,까지,JX
전주 여행,153,계획,NNG
전주 여행,153,필요,NNG
전주 여행,153,내용,NNG
전주 여행,153,상세,XR
전주 여행,153,정리,NNG
전주 여행,153,습니다,EF
전주 여행,153,시간표,NNG
전주 여행,153,바로,MAG
전주 여행,153,확인,NNG
전주 여행,153,주차장,NNG
전주 여행,153,정보,NNG
전주 여행,153,조회,NNG
전주 여행,153,맛집,NNG
전주 여행,153,리스트,NNG
전주 여행,154,강릉,NNP
전주 여행,154,만동,NNG
전주 여행,154,이렇게,MAG
전주 여행,154,유명,XR
전주 여행,154,할까,XSA+EC
전주 여행,154,빵집,NNG
전주 여행,154,추천,NNG
전주 여행,154,여름,NNG
전주 여행,154,강릉,NNP
전주 여행,154,좋아하,VV
전주 여행,154,는데요,EC
전주 여행,154,강릉,NNP
전주 여행,154,계획,NNG
전주 여행,154,맛집,NNG
전주 여행,154,만큼,JKB
전주 여행,154,고민,NNG
전주 여행,154,는데,EC
전주 여행,154,여기,NP
전주 여행,154,까지,JX
전주 여행,154,는데,EC
전주 여행,154,봐야,VX+EC
전주 여행,154,입니다,VCP+EF
전주 여행,154,특히,MAG
전주 여행,154,강릉,NNP
전주 여행,154,커피,NNG
전주 여행,154,부터,JX
전주 여행,155,유럽,NNP
전주 여행,155,감성,NNG
전주 여행,155,이색,NNG
전주 여행,155,토루,NNP
전주 여행,155,청주,NNP
전주 여행,155,공항,NNG
전주 여행,155,무료,NNG
전주 여행,155,수송,NNG
전주 여행,155,포함,NNG
전주 여행,155,포함,NNG
전주 여행,155,사항,NNG
전주 여행,155,왕복,NNG
전주 여행,155,항공료,NNG
전주 여행,155,유류,NNG
전주 여행,155,할증료,NNG
전주 여행,155,TAX,SL
전주 여행,155,숙소,NNG
전주 여행,155,식사비,NNG
전주 여행,155,전용,NNG
전주 여행,155,차량,NNG
전주 여행,155,관광지,NNG
전주 여행,155,입장료,NNG
전주 여행,155,기사,NNG
전주 여행,155,가이드,NNG
전주 여행,155,경비,NNG
전주 여행,155,여행자,NNG
전주 여행,155,보험,NNG
전주 여행,155,광주,NNP
전주 여행,155,청구,NNP
전주 여행,155,공항,NNG
전주 여행,155,무료,NNG
전주 여행,155,수송,NNG
전주 여행,155,셔틀,NNG
전주 여행,155,포함,NNG
전주 여행,155,사항,NNG
전주 여행,155,기타,NNG
전주 여행,155,개인,NNG
전주 여행,155,경비,NNG
전주 여행,155,각종,NNG
전주 여행,155,매너,NNG
전주 여행,156,호텔,NNG
전주 여행,156,하늘,NNG
전주 여행,156,한옥마을,NNP
전주 여행,156,숙박,NNG
전주 여행,156,솔직,XR
전주 여행,156,후기,NNG
전주 여행,156,호텔,NNG
전주 여행,156,하늘,NNG
전주 여행,156,한옥마을,NNP
전주 여행,156,숙박,NNG
전주 여행,156,솔직,XR
전주 여행,156,후기,NNG
전주 여행,156,신다면,EP+EC
전주 여행,156,숙소,NNG
전주 여행,156,선택,NNG
전주 여행,156,항상,MAG
전주 여행,156,고민,NNG
전주 여행,156,특히,MAG
전주 여행,156,한옥,NNG
전주 여행,156,마을,NNG
전주 여행,156,근처,NNG
전주 여행,156,에서,JKB
전주 여행,156,숙박,NNG
전주 여행,156,으신다면,EP+EC
전주 여행,156,어떤,MM
전주 여행,156,을지,EC
전주 여행,156,궁금,XR
전주 여행,156,예요,VCP+EF
전주 여행,156,그래서,MAJ
전주 여행,156,오늘,NNG
전주 여행,157,맛집,NNG
전주 여행,157,제대로,MAG
전주 여행,157,주물,NNG
전주 여행,157,갈비,NNG
전주 여행,157,베테랑,NNG
전주 여행,157,칼국수,NNG
전주 여행,157,방문,NNG
전주 여행,157,후기,NNG
전주 여행,157,오늘,NNG
전주 여행,157,작년,NNG
전주 여행,157,이맘때,NNG
전주 여행,157,다녀온,VV+ETM
전주 여행,157,이야기,NNG
전주 여행,157,려고,EC
전주 여행,157,합니다,VX+EF
전주 여행,157,저희,NP
전주 여행,157,부부,NNG
전주 여행,157,자차,NNG
전주 여행,157,이동,NNG
전주 여행,157,보다,JKB
전주 여행,157,KTX,SL
전주 여행,157,좋아하,VV
전주 여행,157,는데요,EC
전주 여행,157,운전,NNG
전주 여행,157,필요,NNG
전주 여행,157,없이,MAG
전주 여행,157,편하,VA
전주 여행,157,이동,NNG
전주 여행,157,면서,EC
전주 여행,157,기분,NNG
전주 여행,157,제대로,MAG
전주 여행,158,호텔,NNG
전주 여행,158,아름다운,VA+ETM
전주 여행,158,한옥,NNG
전주 여행,158,체험,NNG
전주 여행,158,추천,NNG
전주 여행,158,이유,NNG
전주 여행,158,Avenue,SL
전주 여행,158,터미널,NNG
전주 여행,158,지점,NNG
전주 여행,158,294,SN
전주 여행,158,403,SN
전주 여행,158,별점,NNG
전주 여행,158,편리,NNG
전주 여행,158,위치,NNG
전주 여행,158,여행자,NNG
전주 여행,158,에게,JKB
전주 여행,158,인기,NNG
전주 여행,158,아요,EF
전주 여행,158,호텔,NNG
전주 여행,158,아름다운,VA+ETM
전주 여행,158,한옥,NNG
전주 여행,158,체험,NNG
전주 여행,158,기준,NNG
전주 여행,158,으로,JKB
전주 여행,158,순위,NNG
전주 여행,158,숙소,NNG
전주 여행,158,구성,NNG
전주 여행,158,관리,NNG
전주 여행,158,편의,NNG
전주 여행,159,호텔,NNG
전주 여행,159,수영장,NNG
전주 여행,159,조식,NNG
전주 여행,159,사우,NNG
전주 여행,159,가격,NNG
전주 여행,159,예약,NNG
전주 여행,159,처럼,JKB
전주 여행,159,예정,NNG
전주 여행,159,할인,NNG
전주 여행,159,쿠폰,NNG
전주 여행,159,예약,NNG
전주 여행,159,추천,NNG
전주 여행,159,드려요,VV+EC
전주 여행,159,여기,NP
전주 여행,159,어때,VA+EC
전주 여행,159,숙소,NNG
전주 여행,159,할인,NNG
전주 여행,159,쿠폰,NNG
전주 여행,159,다운,XSA+ETM
전주 여행,159,위치,NNG
전주 여행,159,한옥마을,NNP
전주 여행,159,도보,NNP
전주 여행,159,위치,NNG
전주 여행,159,얘기,NNG
전주 여행,159,어요,EF
전주 여행,159,체크인,NNG
전주 여행,159,엘리베이터,NNG
전주 여행,160,2026,SN
전주 여행,160,여름,NNG
전주 여행,160,방학,NNG
전주 여행,160,초코파이,NNP
전주 여행,160,사고,NNG
전주 여행,160,으로,JKB
전주 여행,160,다음,NNG
전주 여행,160,겨울,NNG
전주 여행,160,방학,NNG
전주 여행,160,어디,NP
전주 여행,160,으니,EC
전주 여행,160,열심히,MAG
전주 여행,160,맛난,VA+ETM
전주 여행,160,주로,MAG
전주 여행,160,가보세요,NNG
전주 여행,160,한옥마을,NNP
전주 여행,160,전동,NNG
전주 여행,160,떡갈비,NNG
전주 여행,160,한옥마을,NNP
전주 여행,160,본점,NNG
전주 여행,160,파스,NNG
전주 여행,161,금암,NNG
전주 여행,161,면옥,NNG
전주 여행,161,본점,NNG
전주 여행,161,금암동,NNP
전주 여행,161,맛집,NNG
전주 여행,161,필수,NNG
전주 여행,161,코스,NNG
전주 여행,161,칼국수,NNG
전주 여행,161,통깨,NNG
전주 여행,161,잔뜩,MAG
전주 여행,161,들어가,VV+EC
전주 여행,161,어서,EC
전주 여행,161,고소,XR
전주 여행,161,계란,NNG
전주 여행,161,풀어져,VV+EC
전주 여행,161,어서,EC
전주 여행,161,녹진,XR
전주 여행,161,진짜,MAG
전주 여행,161,맛있,VA
전주 여행,161,으니,EC
전주 여행,161,드셔,VV+EP+EC
전주 여행,161,세요,EP+EF
전주 여행,161,맛집,NNG
전주 여행,161,코스,NNG
전주 여행,161,금암동,NNP
전주 여행,161,맛집,NNG
전주 여행,161,으시,EP
전주 여행,161,금암,NNG
전주 여행,161,면옥,NNG
전주 여행,161,본점,NNG
전주 여행,161,강력,NNG
전주 여행,161,추천,NNG
전주 여행,161,드립니다,VV+EC
전주 여행,162,식도락,NNG
전주 여행,162,한옥마을,NNP
전주 여행,162,부터,JX
전주 여행,162,콩나물국,NNG
전주 여행,162,비빔밥,NNG
전주 여행,162,그래서,MAJ
전주 여행,162,식도락,NNG
전주 여행,162,궁합,NNG
전주 여행,162,상당히,MAG
전주 여행,162,습니다,EF
전주 여행,162,식도락,NNG
전주 여행,162,전체,NNG
전주 여행,162,일정,NNG
전주 여행,162,도착,NNG
전주 여행,162,점심,NNG
전주 여행,162,콩나물국,NNG
전주 여행,162,한옥마을,NNP
전주 여행,162,경기전,NNG
전주 여행,162,전동성당,NNP
전주 여행,162,한옥마을,NNP
전주 여행,162,간식,NNG
전주 여행,162,목대,NNG
전주 여행,163,중간,NNG
전주 여행,163,발견,NNG
전주 여행,163,낭시,NNG
전주 여행,163,맛집,NNG
전주 여행,163,근처,NNG
전주 여행,163,휴식,NNG
전주 여행,163,여유,NNG
전주 여행,163,주소,NNG
전주 여행,163,연락처,NNG
전주 여행,163,주소,NNG
전주 여행,163,전북,NNP
전주 여행,163,전주시,NNP
전주 여행,163,완산구,NNP
전주 여행,163,태평,NNP
전주 여행,163,32,SN
전주 여행,163,연락처,NNG
전주 여행,163,010,SN
전주 여행,163,5041,SN
전주 여행,163,싶어요,NNP
전주 여행,163,낭시,NNG
전주 여행,163,맛집,NNG
전주 여행,163,으러,EC
전주 여행,163,라면,EC
전주 여행,163,들러볼,VV+EC+VX+ETM
전주 여행,163,에요,EF
전주 여행,163,떠오르,VV
전주 여행,163,맛있,VA
전주 여행,163,음식,NNG
전주 여행,163,지만,EC
전주 여행,164,혼자,NNG
전주 여행,164,01,SN
전주 여행,164,도대체,MAG
전주 여행,164,혼자,MAG
전주 여행,164,다녀야,VV+EC
전주 여행,164,는지,EC
전주 여행,164,이해,NNG
전주 여행,164,간다,VV+EC
전주 여행,164,이번,NNG
전주 여행,164,딸기,NNG
전주 여행,164,초코파이,NNP
전주 여행,164,주차장,NNG
전주 여행,164,공사,NNG
전주 여행,164,인가,VCP+EC
전주 여행,164,도대체,MAG
전주 여행,164,뭔가,NP+VCP+EC
전주 여행,164,모르,VV
전주 여행,164,다음,NNG
전주 여행,164,내년,NNG
전주 여행,164,지내,VV+EC
전주 여행,164,한옥마을,NNP
전주 여행,164,04,SN
전주 여행,164,포스팅,NNP
전주 여행,165,국내,NNG
전주 여행,165,아이,NNG
전주 여행,165,부여,NNG
전주 여행,165,코스,NNG
전주 여행,165,황포,NNG
전주 여행,165,돛배,NNG
전주 여행,165,낙화암,NNP
전주 여행,165,하루,NNG
전주 여행,165,two,SL
전주 여행,165,펜션,NNG
전주 여행,165,부여,NNG
전주 여행,165,아들,NNG
전주 여행,165,엄마,NNG
전주 여행,165,타임,NNG
전주 여행,165,머신,NNG
전주 여행,165,라면서,EC
전주 여행,165,부여,NNG
전주 여행,165,백제,NNG
전주 여행,165,아이,NNG
전주 여행,165,너무,MAG
전주 여행,165,다며,EC
전주 여행,165,자고,EC
전주 여행,165,이제,MAG
전주 여행,165,전라북도,NNP
전주 여행,165,까지,JX
전주 여행,165,정도,NNG
전주 여행,165,거리,NNG
전주 여행,165,이제,MAG
전주 여행,165,별거,NNG
전주 여행,165,아니,VCN
전주 여행,165,라는,ETM
전주 여행,166,개월,NNBC
전주 여행,166,아기,NNG
전주 여행,166,스테이,NNG
전주 여행,166,수채화,NNG
전주 여행,166,펜션,NNG
전주 여행,166,감성,NNG
전주 여행,166,독채,NNG
전주 여행,166,후기,NNG
전주 여행,166,바로,MAG
전주 여행,166,스테이,NNG
전주 여행,166,수채화,NNG
전주 여행,166,입니다,VCP+EF
전주 여행,166,또한,MAJ
전주 여행,166,사장,NNG
전주 여행,166,서울,NNP
전주 여행,166,대학교,NNG
전주 여행,166,미학,NNG
전주 여행,166,출신,NNG
전주 여행,166,에요,EF
전주 여행,166,미술,NNG
전주 여행,166,관련,NNG
전주 여행,166,예술,NNG
전주 여행,166,철학,NNG
전주 여행,166,아기,NNG
전주 여행,166,기록,NNG
전주 여행,166,사진,NNG
전주 여행,166,남기,VV
전주 여행,166,완벽,NNG
전주 여행,166,어요,EF
전주 여행,166,캔버스,NNG
전주 여행,166,물감,NNG
전주 여행,166,다양,NNG
전주 여행,166,미술,NNG
전주 여행,167,호텔,NNG
전주 여행,167,추천,NNP
전주 여행,167,전주역,NNP
전주 여행,167,근처,NNG
전주 여행,167,위치,NNG
전주 여행,167,조식,NNG
전주 여행,167,편의,NNG
전주 여행,167,시설,NNG
전주 여행,167,알찬,VA+ETM
전주 여행,167,전주시,NNP
전주 여행,167,그니,NNP
전주 여행,167,이번,NNG
전주 여행,167,에서,JKB
전주 여행,167,여행자,NNG
전주 여행,167,이동,NNG
전주 여행,167,편의,NNG
전주 여행,167,객실,NNG
전주 여행,167,편의,NNG
전주 여행,167,시설,NNG
전주 여행,167,그리고,MAJ
전주 여행,167,조식,NNG
전주 여행,167,만족도,NNG
전주 여행,167,까지,JX
전주 여행,167,고려,NNG
전주 여행,167,숙소,NNG
전주 여행,167,질문,NNG
전주 여행,167,답변,NNG
전주 여행,167,형식,NNG
전주 여행,167,으로,JKB
전주 여행,167,상세히,MAG
전주 여행,167,소개,NNG
전주 여행,167,드리,VX
전주 여행,167,고자,EC
전주 여행,167,합니다,VX+EF
전주 여행,167,위치,NNG
전주 여행,167,시설,NNG
전주 여행,167,에서,JKB
전주 여행,167,알찬,VA+ETM
전주 여행,167,숙소,NNG
전주 여행,168,객리,NNG
전주 여행,168,소품,NNG
전주 여행,168,헨트,NNP
전주 여행,168,객사,NNG
전주 여행,168,감성,NNG
전주 여행,168,소품,NNG
전주 여행,168,에서,JKB
전주 여행,168,마다,JX
전주 여행,168,생각,NNG
전주 여행,168,려구요,EC
전주 여행,168,열심히,MAG
전주 여행,168,구석구석,NNG
전주 여행,168,구경,NNG
전주 여행,168,해줍니다,XSV+EC+VX+EF
전주 여행,168,접시,NNG
전주 여행,168,식기,NNG
전주 여행,168,종류,NNG
전주 여행,168,구경,NNG
전주 여행,168,한참,NNG
전주 여행,168,걸렸,VV+EP
전주 여행,168,습니다,EF
전주 여행,168,헨트,NNP
전주 여행,168,볼꾸,VV+EF
전주 여행,168,습니다,EF
전주 여행,168,실제로,MAG
전주 여행,168,처음,NNG
전주 여행,168,인데,VCP+EC
전주 여행,168,귀여운,VA+ETM
전주 여행,169,한옥마을,NNP
전주 여행,169,아이,NNG
전주 여행,169,밥집,NNG
전주 여행,169,어디,NP
전주 여행,169,갈까,VV+EC
전주 여행,169,가족,NNG
전주 여행,169,식사,NNG
전주 여행,169,선화,NNG
전주 여행,169,식당,NNG
전주 여행,169,한옥,NNG
전주 여행,169,마을,NNG
전주 여행,169,에서,JKB
전주 여행,169,가족,NNG
전주 여행,169,함께,MAG
전주 여행,169,따뜻,XR
전주 여행,169,에서,JKB
전주 여행,169,빠질,VV+ETM
전주 여행,169,즐거움,NNG
전주 여행,169,하나,NR
전주 여행,169,바로,MAG
전주 여행,169,맛있,VA
전주 여행,169,음식,NNG
전주 여행,169,입니다,VCP+EF
전주 여행,169,하지만,MAJ
전주 여행,169,어린아이,NNG
전주 여행,169,부터,JX
전주 여행,169,부모,NNG
전주 여행,169,까지,JX
전주 여행,169,함께,MAG
전주 여행,169,가족,NNG
전주 여행,169,라면,EC
전주 여행,169,유명,XR
전주 여행,169,메뉴,NNG
전주 여행,169,찾아가,VV
전주 여행,170,2026,SN
전주 여행,170,전북,NNP
전주 여행,170,가을,NNG
전주 여행,170,축제,NNG
전주 여행,170,정리,NNG
전주 여행,170,10,SN
전주 여행,170,무주,NNG
전주 여행,170,반딧불,NNG
전주 여행,170,축제,NNG
전주 여행,170,부터,JX
전주 여행,170,임실,NNP
전주 여행,170,원래,NNG
전주 여행,170,한옥마을,NNP
전주 여행,170,먹거리,NNG
전주 여행,170,으로,JKB
전주 여행,170,유명,XR
전주 여행,170,축제,NNG
전주 여행,170,기간,NNG
전주 여행,170,방문,NNG
전주 여행,170,지역,NNG
전주 여행,170,음식,NNG
전주 여행,170,동시,NNG
전주 여행,170,즐길,VV+ETM
전주 여행,170,다는,ETM
전주 여행,170,장점,NNG
전주 여행,170,어요,EF
전주 여행,170,개인,NNG
전주 여행,170,으로,JKB
전주 여행,170,먹거리,NNG
전주 여행,170,축제,NNG
전주 여행,170,아이,NNG
전주 여행,170,함께,MAG
전주 여행,170,실패,NNG
전주 여행,171,자매,NNG
전주 여행,171,갈비,NNG
전주 여행,171,전골,NNG
전주 여행,171,한옥마을,NNP
전주 여행,171,맛집,NNG
전주 여행,171,수제,NNG
전주 여행,171,갈비,NNG
전주 여행,171,떡갈비,NNG
전주 여행,171,웨이팅,NNG
전주 여행,171,만점,NNG
전주 여행,171,한옥마을,NNP
전주 여행,171,맛집,NNG
전주 여행,171,자매,NNG
전주 여행,171,갈비,NNG
전주 여행,171,전골,NNG
전주 여행,171,주물,NNG
전주 여행,171,갈비,NNG
전주 여행,171,맛집,NNG
전주 여행,171,자매,NNG
전주 여행,171,갈비,NNG
전주 여행,171,전골,NNG
전주 여행,171,맛집,NNG
전주 여행,171,코스,NNG
전주 여행,171,주물,NNG
전주 여행,171,갈비,NNG
전주 여행,171,수제,NNG
전주 여행,171,갈비,NNG
전주 여행,171,떡갈비,NNG
전주 여행,171,맛집,NNG
전주 여행,171,수제,NNG
전주 여행,171,떡갈비,NNG
전주 여행,171,부추,NNG
전주 여행,171,볶음밥,NNG
전주 여행,171,자매,NNG
전주 여행,171,갈비,NNG
전주 여행,171,전골,NNG
전주 여행,171,웨이팅,NNG
전주 여행,172,Hot,SL
전주 여행,172,여름휴가,NNG
전주 여행,172,체력,NNG
전주 여행,172,비축,NNG
전주 여행,172,담날,NNG
전주 여행,172,열심히,MAG
전주 여행,172,다짐,NNG
전주 여행,172,바로,MAG
전주 여행,172,휴식,MAG
전주 여행,172,너무,MAG
전주 여행,172,귀엽,VA
전주 여행,172,어려,VV+EC
전주 여행,172,보여서,VV+EC
전주 여행,172,굿모닝,NNP
전주 여행,172,일어나,VV
전주 여행,172,모닝,NNP
전주 여행,172,셀카,NNG
전주 여행,172,이제,MAG
전주 여행,172,시작,NNG
전주 여행,172,볼까,VX+EF
전주 여행,172,아니,IC
전주 여행,172,예향,NNG
전주 여행,172,박지원,NNP
전주 여행,172,준비,NNG
전주 여행,173,사회,NNG
전주 여행,173,복지,NNG
전주 여행,173,기관,NNG
전주 여행,173,가을,NNG
전주 여행,173,단체,NNG
전주 여행,173,추천,NNG
전주 여행,173,코스,NNG
전주 여행,173,남양주,NNP
전주 여행,173,남양주,NNP
전주 여행,173,도시,NNG
전주 여행,173,공사,NNG
전주 여행,173,한국,NNP
전주 여행,173,타이어,NNG
전주 여행,173,나눔,VV+ETN
전주 여행,173,재단,NNG
전주 여행,173,입니다,VCP+EF
전주 여행,173,지난번,NNG
전주 여행,173,소개,NNG
전주 여행,173,드린,VX+ETM
전주 여행,173,사회,NNG
전주 여행,173,복지,NNG
전주 여행,173,기관,NNG
전주 여행,173,추천,NNG
전주 여행,173,여행지,NNG
전주 여행,173,시리즈,NNG
전주 여행,173,파주,NNG
전주 여행,173,제천,NNP
전주 여행,173,순천,NNG
전주 여행,173,어떠셨,VA+EP+EP
전주 여행,173,나요,EF
전주 여행,173,아직,MAG
전주 여행,173,더운,VA+ETM
전주 여행,173,날씨,NNG
전주 여행,173,이어지,VV
전주 여행,173,지만,EC
전주 여행,173,접어들,VV
전주 여행,173,면서,EC
전주 여행,174,호텔,NNG
전주 여행,174,한옥,NNG
전주 여행,174,마을,NNG
전주 여행,174,하늘,NNG
전주 여행,174,기와,NNG
전주 여행,174,어요,EF
전주 여행,174,실내,NNG
전주 여행,174,인테리어,NNG
전주 여행,174,깔끔,XR
전주 여행,174,현대,NNG
전주 여행,174,어서,EC
전주 여행,174,커플,NNG
전주 여행,174,이나,JC
전주 여행,174,단체,NNG
전주 여행,174,여행객,NNG
전주 여행,174,에게,JKB
전주 여행,174,인기,NNG
전주 여행,174,아요,EC
전주 여행,174,스토리,NNG
전주 여행,174,모텔,NNG
전주 여행,174,스토리,NNG
전주 여행,174,모텔,NNG
전주 여행,174,38,SN
전주 여행,174,452,SN
전주 여행,174,별점,NNG
전주 여행,174,스토리,NNG
전주 여행,174,모텔,NNG
전주 여행,174,합리,NNG
전주 여행,174,가격,NNG
전주 여행,175,모임,NNG
전주 여행,175,모두,MAG
전주 여행,175,만족,NNG
전주 여행,175,송천동,NNP
전주 여행,175,맛집,NNG
전주 여행,175,호남,NNG
전주 여행,175,송천동,NNP
전주 여행,175,맛집,NNG
전주 여행,175,코시,NNG
전주 여행,175,맛집,NNG
전주 여행,175,가족,NNG
전주 여행,175,모임,NNG
전주 여행,175,환갑잔치,NNG
전주 여행,175,칠순,NR
전주 여행,175,잔치,NNG
전주 여행,175,회갑,NNG
전주 여행,175,잔치,NNG
전주 여행,175,장소,NNG
전주 여행,175,맛집,NNG
전주 여행,175,주한,NNG
전주 여행,175,정식,NNG
전주 여행,175,추천,NNG
전주 여행,175,코스,NNG
전주 여행,175,맛집,NNG
전주 여행,175,코스,NNG
전주 여행,175,주한,NNG
전주 여행,175,식당,NNG
전주 여행,175,추천,NNG
전주 여행,176,화응,NNG
전주 여행,176,머물러,VV+EC
전주 여행,176,독채,NNG
전주 여행,176,한옥,NNG
전주 여행,176,숙소,NNG
전주 여행,176,후기,NNG
전주 여행,176,감사,NNG
전주 여행,176,합니다,XSV+EF
전주 여행,176,숙소,NNG
전주 여행,176,한옥,NNG
전주 여행,176,숙소,NNG
전주 여행,176,독채,NNG
전주 여행,176,숙소,NNG
전주 여행,176,독채,NNG
전주 여행,176,한옥,NNG
전주 여행,176,한옥,NNG
전주 여행,176,마을,NNG
전주 여행,176,숙소,NNG
전주 여행,176,감성,NNG
전주 여행,176,숙소,NNG
전주 여행,176,지숙소,NNG
전주 여행,176,숙소,NNG
전주 여행,176,추천,NNG
전주 여행,176,코스,NNG
전주 여행,176,데이트,NNG
전주 여행,176,커플,NNG
전주 여행,177,34,SN
전주 여행,177,명절,NNG
전주 여행,177,시댁,NNG
전주 여행,177,사돈,NNG
전주 여행,177,이랑,JC
전주 여행,177,외국,NNG
전주 여행,177,갑니다,XSN+VCP+EF
전주 여행,177,벌써,MAG
전주 여행,177,추억,NNG
전주 여행,177,작년,NNG
전주 여행,177,추억,NNG
전주 여행,177,끄집,VV
전주 여행,177,본다,VV+EC
전주 여행,177,명절,NNG
전주 여행,177,아이,NNG
전주 여행,177,하고,JKB
전주 여행,177,성묘,NNG
전주 여행,177,다녀오,VV
전주 여행,177,본가,NNG
전주 여행,177,에서,JKB
전주 여행,177,어머님,NNG
전주 여행,177,이랑,JC
전주 여행,177,명절,NNG
전주 여행,177,때문,NNB
전주 여행,177,미리,MAG
전주 여행,177,성묘,NNG
전주 여행,177,어머님,NNG
전주 여행,177,고도,EC
전주 여행,178,황실,NNG
전주 여행,178,관광,NNG
전주 여행,178,호텔,NNG
전주 여행,178,숙박,NNG
전주 여행,178,후기,NNG
전주 여행,178,한옥,NNG
전주 여행,178,마을,NNG
전주 여행,178,중심,NNG
전주 여행,178,에서,JKB
전주 여행,178,만난,VV+ETM
전주 여행,178,최고,NNG
전주 여행,178,추억,NNG
전주 여행,178,가득,MAG
전주 여행,178,담긴,VV+ETM
전주 여행,178,소개,NNG
전주 여행,178,드릴게요,VX+EF
전주 여행,178,정말,MAG
전주 여행,178,역사,NNG
전주 여행,178,느껴,VV+EC
전주 여행,178,아름다운,VA+ETM
전주 여행,178,위치,NNG
전주 여행,178,으면서,EC
전주 여행,178,마치,MAG
전주 여행,178,고급,NNG
전주 여행,178,호텔,NNG
전주 여행,178,처럼,JKB
전주 여행,178,세련되,VV
전주 여행,178,아늑,XR
전주 여행,178,어서,EC
전주 여행,178,너무,MAG
전주 여행,178,어요,EF
전주 여행,178,무엇,NP
전주 여행,178,보다,JKB
전주 여행,178,필요,NNG
전주 여행,178,모든,MM
전주 여행,179,한옥마을,NNP
전주 여행,179,볼거리,NNG
전주 여행,179,이색,NNG
전주 여행,179,체험,NNG
전주 여행,179,난장,NNG
전주 여행,179,첫날,NNG
전주 여행,179,한옥,NNG
전주 여행,179,마을,NNG
전주 여행,179,에서,JKB
전주 여행,179,하나,NR
전주 여행,179,이번,NNG
전주 여행,179,직접,MAG
전주 여행,179,찾아가,VV+EC
전주 여행,179,는데요,EC
전주 여행,179,7080,SN
전주 여행,179,레트로,NNP
전주 여행,179,감성,NNG
전주 여행,179,그대로,MAG
전주 여행,179,재현,NNG
전주 여행,179,체험,NNG
전주 여행,179,박물관,NNG
전주 여행,179,다양,XR
전주 여행,179,볼거리,NNG
전주 여행,179,체험,NNG
전주 여행,179,함께,MAG
전주 여행,179,즐길,VV+ETM
전주 여행,179,어요,EF
전주 여행,180,맛집,NNG
전주 여행,180,현지,NNG
전주 여행,180,추천,NNG
전주 여행,180,맛집,NNG
전주 여행,180,에루화,IC
전주 여행,180,내산,NNP
전주 여행,180,솔직,XR
전주 여행,180,후기,NNG
전주 여행,180,에서,JKB
전주 여행,180,11,SN
전주 여행,180,00,SN
전주 여행,180,21,SN
전주 여행,180,00,SN
전주 여행,180,20,SN
전주 여행,180,20,SN
전주 여행,180,라스트,NNG
전주 여행,180,오더,NNG
전주 여행,180,063,SN
전주 여행,180,252,SN
전주 여행,180,9946,SN
전주 여행,180,가능,NNG
전주 여행,180,한참,NNG
전주 여행,180,다녀온,VV+ETM
전주 여행,180,포스팅,NNP
전주 여행,180,이제야,MAG
전주 여행,180,합니다,VV+EF
전주 여행,180,작년,NNG
전주 여행,180,가을,NNG
전주 여행,180,기분,NNG
전주 여행,180,전환,NNG
전주 여행,180,지인,NNG
전주 여행,180,만나,VV
전주 여행,180,다녀왔,VV+EP
전주 여행,180,어요,EF
전주 여행,180,역시,NNG
전주 여행,181,감집,NNG
전주 여행,181,현지,NNG
전주 여행,181,교대,NNG
전주 여행,181,맛집,NNG
전주 여행,181,갈비,NNG
전주 여행,181,내산,NNP
전주 여행,181,Restaurant,SL
전주 여행,181,갈비,NNG
전주 여행,181,맛집,NNG
전주 여행,181,감집,NNG
전주 여행,181,한옥,NNG
전주 여행,181,마을,NNG
전주 여행,181,근처,NNG
전주 여행,181,교대,NNG
전주 여행,181,맛집,NNG
전주 여행,181,감집,NNG
전주 여행,181,사진,NNG
전주 여행,181,난로,NNG
전주 여행,181,면서,EC
전주 여행,181,급하,VA
전주 여행,181,다녀온,VV+ETM
전주 여행,181,너무,MAG
전주 여행,181,더워서,VA+EC
전주 여행,181,한옥마을,NNP
전주 여행,181,다가,EC
전주 여행,181,다네요,EF
전주 여행,181,멀리,MAG
전주 여행,182,신라,NNP
전주 여행,182,스테이,NNP
전주 여행,182,근처,NNG
전주 여행,182,설렁탕,NNG
전주 여행,182,맛집,NNG
전주 여행,182,연지,NNG
전주 여행,182,본관,NNG
전주 여행,182,맛집,NNG
전주 여행,182,시작,NNG
전주 여행,182,일단,MAG
전주 여행,182,점심,NNG
전주 여행,182,설렁탕,NNG
전주 여행,182,으로,JKB
전주 여행,182,신라,NNP
전주 여행,182,스테이,NNG
전주 여행,182,바로,MAG
전주 여행,182,숙소,NNG
전주 여행,182,가깝,VA
전주 여행,182,도보,NNP
전주 여행,182,콩나물국,NNG
전주 여행,182,다음,NNG
전주 여행,182,아침,NNG
전주 여행,182,예정,NNG
전주 여행,182,한옥,NNG
전주 여행,182,마을,NNG
전주 여행,182,에서,JKB
전주 여행,182,걸어서,VV+EC
전주 여행,182,10,SN
전주 여행,182,정도,NNG
전주 여행,183,가족,NNG
전주 여행,183,회관,NNG
전주 여행,183,건강,NNG
전주 여행,183,최고,NNG
전주 여행,183,맛집,NNG
전주 여행,183,한옥마을,NNP
전주 여행,183,비빔밥,NNG
전주 여행,183,계획,NNG
전주 여행,183,절대,MAG
전주 여행,183,빠질,VV+ETM
전주 여행,183,필수,NNG
전주 여행,183,음식,NNG
전주 여행,183,코스,NNG
전주 여행,183,계셨,VX+EP
전주 여행,183,나요,EF
전주 여행,183,바로,MAG
전주 여행,183,대표,NNG
전주 여행,183,먹거리,NNG
전주 여행,183,비빔밥,NNG
전주 여행,183,랍니다,EC
전주 여행,183,1979,SN
전주 여행,183,개업,NNG
전주 여행,183,비빔밥,NNG
전주 여행,183,맛집,NNG
전주 여행,184,호텔,NNG
전주 여행,184,아름다운,VA+ETM
전주 여행,184,후기,NNG
전주 여행,184,호텔,NNG
전주 여행,184,아름다운,VA+ETM
전주 여행,184,후기,NNG
전주 여행,184,최근,NNG
전주 여행,184,계획,NNG
전주 여행,184,세우,VV
전주 여행,184,다가,EC
전주 여행,184,호텔,NNG
전주 여행,184,자꾸,MAG
전주 여행,184,더라구요,EF
전주 여행,184,특히,MAG
전주 여행,184,호텔,NNG
전주 여행,184,아름다운,VA+ETM
전주 여행,184,사람,NNG
전주 여행,184,에게,JKB
전주 여행,184,사랑,NNG
전주 여행,184,더라고요,EF
전주 여행,184,그래서,MAJ
전주 여행,184,가격,NNG
전주 여행,184,조건,NNG
전주 여행,185,온정,NNG
전주 여행,185,전주역,NNP
전주 여행,185,마중,NNG
전주 여행,185,일본인,NNG
전주 여행,185,와이프,NNG
전주 여행,185,인정,NNG
전주 여행,185,초밥,NNG
전주 여행,185,맛집,NNG
전주 여행,185,첫날,NNG
전주 여행,185,마지막,NNG
전주 여행,185,전주역,NNP
전주 여행,185,근처,NNG
전주 여행,185,에서,JKB
전주 여행,185,초밥,NNG
전주 여행,185,생각나,VV
전주 여행,185,저희,NP
전주 여행,185,여기,NP
전주 여행,185,아요,EF
전주 여행,185,일식,NNG
전주 여행,185,에서,JKB
전주 여행,185,주스,NNG
전주 여행,185,맛집,NNG
전주 여행,185,으로,JKB
전주 여행,185,부부,NNG
전주 여행,185,같이,MAG
전주 여행,185,인정,NNG
전주 여행,185,어요,EF
전주 여행,185,가게,NNG
전주 여행,185,정보,NNG
전주 여행,185,영업,NNG
전주 여행,185,시간,NNG
전주 여행,185,11,SN
전주 여행,186,제철,NNG
전주 여행,186,맞이,XR
전주 여행,186,대하,NNG
전주 여행,186,으러,EC
전주 여행,186,서영,NNG
전주 여행,186,수산,NNG
전주 여행,186,방문,NNG
전주 여행,186,친구,NNG
전주 여행,186,대하,VV
전주 여행,186,다니,VV
전주 여행,186,맛있,VA
전주 여행,186,공연,NNG
전주 여행,186,즐기,VV
전주 여행,186,버디,NNG
전주 여행,186,입니다,VCP+EF
전주 여행,186,진짜,MAG
전주 여행,186,무더웠,VA+EP
전주 여행,186,여름,NNG
전주 여행,186,드디어,MAG
전주 여행,186,지나,VV
전주 여행,186,대하,NNG
전주 여행,186,에요,EF
전주 여행,186,현지,NNG
전주 여행,186,에게,JKB
전주 여행,186,횟집,NNG
전주 여행,186,으로,JKB
전주 여행,186,유명,XR
전주 여행,186,서영,NNG
전주 여행,186,수산,NNG
전주 여행,186,에서,JKB
전주 여행,186,제철,NNG
전주 여행,186,대하,NNG
전주 여행,186,구이,NNG
전주 여행,187,가족,NNG
전주 여행,187,함께,MAG
전주 여행,187,알찬,VA+ETM
전주 여행,187,코스,NNG
전주 여행,187,은행나무,NNG
전주 여행,187,카페이,NNP
전주 여행,187,다음,NNG
전주 여행,187,에서,JKB
전주 여행,187,이야기,NNG
전주 여행,187,찾아올,VV+ETM
전주 여행,187,가족,NNG
전주 여행,187,한옥마을,NNP
전주 여행,187,한옥,NNG
전주 여행,187,마을,NNG
전주 여행,187,숙소,NNG
전주 여행,187,맛집,NNG
전주 여행,187,은행나무,NNG
전주 여행,187,카페,NNG
전주 여행,187,이르,VV
전주 여행,187,경기전,NNG
전주 여행,187,족욕,NNG
전주 여행,187,카페,NNG
전주 여행,187,코스,NNG
전주 여행,188,대전,NNP
전주 여행,188,근교,NNG
전주 여행,188,아이,NNG
전주 여행,188,함께,MAG
전주 여행,188,캠핑,NNG
전주 여행,188,캠프,NNG
전주 여행,188,래드,NNG
전주 여행,188,조엘,NNP
전주 여행,188,드레,NNG
전주 여행,188,성당,NNG
전주 여행,188,이렇게,MAG
전주 여행,188,대전,NNP
전주 여행,188,근교,NNG
전주 여행,188,아이,NNG
전주 여행,188,함께,MAG
전주 여행,188,캠핑,NNG
전주 여행,188,캠프,NNG
전주 여행,188,래드,NNG
전주 여행,188,조엘,NNP
전주 여행,188,드레스,NNG
전주 여행,188,래드,NNG
전주 여행,188,왕관,NNG
전주 여행,188,주물,NNG
전주 여행,188,갈비,NNG
전주 여행,188,자매,NNG
전주 여행,188,갈비,NNG
전주 여행,188,전골,NNG
전주 여행,188,성당,NNG
전주 여행,188,아이,NNG
전주 여행,188,함께,MAG
전주 여행,188,제조,NNG
전주 여행,189,추천,NNG
전주 여행,189,드려요,VV+EC
전주 여행,189,사진,NNG
전주 여행,189,맛집,NNG
전주 여행,189,에요,EF
전주 여행,189,지만,EC
전주 여행,189,당일,NNG
전주 여행,189,야무지,VA
전주 여행,189,다가,EC
전주 여행,189,어요,EF
전주 여행,189,당일,NNG
전주 여행,189,괜찮,VA
전주 여행,189,아요,EF
전주 여행,189,추천,NNG
전주 여행,189,드립니다,VV+EC
전주 여행,189,휴가,NNG
전주 여행,189,맛집,NNG
전주 여행,189,당일치기,NNG
전주 여행,190,맛집,NNG
전주 여행,190,마을,NNG
전주 여행,190,본점,NNG
전주 여행,190,진한,VA+ETM
전주 여행,190,콩국수,NNG
전주 여행,190,칼국수,NNG
전주 여행,190,내산,NNP
전주 여행,190,맛있,VA
전주 여행,190,다구,EC
전주 여행,190,해서,VV+EC
전주 여행,190,따로,MAG
전주 여행,190,입니다,VCP+EF
전주 여행,190,영업시간,NNG
전주 여행,190,매일,MAG
전주 여행,190,10,SN
전주 여행,190,00,SN
전주 여행,190,20,SN
전주 여행,190,00,SN
전주 여행,190,골목,NNG
전주 여행,190,적당히,MAG
전주 여행,190,외관,NNG
전주 여행,190,주차,NNG
전주 여행,190,대구,NNP
전주 여행,190,에서,JKB
전주 여행,190,출발,NNG
전주 여행,190,해서,XSV+EC
전주 여행,190,11,SN
전주 여행,190,조금,MAG
전주 여행,190,어서,EC
전주 여행,190,도착,NNG
전주 여행,190,바로,MAG
전주 여행,190,마을,NNG
전주 여행,190,습니다,EF
전주 여행,190,바로,MAG
전주 여행,190,교회,NNG
전주 여행,190,주차장,NNG
전주 여행,191,코스,NNG
전주 여행,191,뚜벅,MAG
전주 여행,191,맛집,NNG
전주 여행,191,카페,NNG
전주 여행,191,숙소,NNG
전주 여행,191,정리,NNG
전주 여행,191,아깝,VA
전주 여행,191,너무,MAG
전주 여행,191,알차,VA
전주 여행,191,구경,NNG
전주 여행,191,답니다,EF
전주 여행,191,무엇,NP
전주 여행,191,보다,JKB
전주 여행,191,체험,NNG
전주 여행,191,공간,NNG
전주 여행,191,아서,EC
전주 여행,191,너무,MAG
전주 여행,191,어요,EF
전주 여행,191,특히,MAG
전주 여행,191,가족,NNG
전주 여행,191,난장,NNG
전주 여행,191,꼬옥,MAG
전주 여행,191,세요,EP+EF
전주 여행,191,길거리,NNG
전주 여행,191,여긴,NP+JX
전주 여행,191,이미,MAG
전주 여행,191,유명,XR
전주 여행,191,맛집,NNG
전주 여행,191,인데요,VCP+EF
전주 여행,191,바게트,NNG
전주 여행,192,전북,NNP
전주 여행,192,감성,NNG
전주 여행,192,독채,NNG
전주 여행,192,숙소,NNG
전주 여행,192,서학,NNG
전주 여행,192,368,SN
전주 여행,192,위치,NNG
전주 여행,192,객실,NNG
전주 여행,192,가격,NNG
전주 여행,192,정보,NNG
전주 여행,192,학동,NNG
전주 여행,192,예술,NNG
전주 여행,192,마을,NNG
전주 여행,192,위치,NNG
전주 여행,192,가족,NNG
전주 여행,192,특화,NNG
전주 여행,192,24,SN
전주 여행,192,독채,NNG
전주 여행,192,펜션,NNG
전주 여행,192,입니다,VCP+EF
전주 여행,192,한옥마을,NNP
전주 여행,192,청연,NNG
전주 여행,192,거리,NNG
전주 여행,192,마당,NNG
전주 여행,192,아이,NNG
전주 여행,192,뛰어놀,VV
전주 여행,192,습니다,EF
전주 여행,192,저희,NP
전주 여행,192,모두,MAG
전주 여행,192,개별,NNG
전주 여행,192,나뉘,VV
전주 여행,192,각자,NNG
전주 여행,192,에서,JKB
전주 여행,193,추석,NNG
전주 여행,193,해외여행,NNG
전주 여행,193,DAY,SL
전주 여행,193,익산,NNP
전주 여행,193,에서,JKB
전주 여행,193,인천,NNP
전주 여행,193,공항,NNG
전주 여행,193,가장,MAG
전주 여행,193,편하,VA
전주 여행,193,추석,NNG
전주 여행,193,해외여행,NNG
전주 여행,193,DAY,SL
전주 여행,193,익산,NNP
전주 여행,193,에서,JKB
전주 여행,193,인천,NNP
전주 여행,193,공항,NNG
전주 여행,193,가장,MAG
전주 여행,193,편하,VA
전주 여행,193,대한,VV+ETM
전주 여행,193,리무진,NNG
전주 여행,193,완벽,NNG
전주 여행,193,정리,NNG
전주 여행,193,예약,NNG
전주 여행,193,주차,NNG
전주 여행,193,안녕,NNG
전주 여행,193,세요,EP+EF
전주 여행,193,여러분,NP
전주 여행,193,어느덧,MAG
전주 여행,193,아침,NNG
전주 여행,193,저녁,NNG
전주 여행,193,으로,JKB
전주 여행,193,선선,XR
전주 여행,193,바람,NNG
전주 여행,193,불어오,VV
전주 여행,193,추석,NNG
전주 여행,193,황금연휴,NNG
전주 여행,194,한옥마을,NNP
전주 여행,194,독채,NNG
전주 여행,194,감성,NNG
전주 여행,194,숙소,NNG
전주 여행,194,테오리아,NNG
전주 여행,194,테오리아,NNG
전주 여행,194,스타,NNG
전주 여행,194,그램,NNG
전주 여행,194,https,SL
전주 여행,194,www,SL
전주 여행,194,instagram,SL
전주 여행,194,com,SL
전주 여행,194,stay,SL
전주 여행,194,theoria,SL
전주 여행,194,테오리아,NNG
전주 여행,194,공식,NNG
전주 여행,194,홈페이지,NNG
전주 여행,194,http,SL
전주 여행,194,www,SL
전주 여행,194,theoria,SL
전주 여행,194,co,SL
전주 여행,194,kr,SL
전주 여행,194,한옥마을,NNP
전주 여행,194,감성,NNG
전주 여행,194,숙소,NNG
전주 여행,194,독채,NNG
전주 여행,194,숙소,NNG
전주 여행,194,테오리아,NNG
전주 여행,194,한옥,NNG
전주 여행,194,마을,NNG
전주 여행,194,숙소,NNG
전주 여행,194,독채,NNG
전주 여행,194,숙소,NNG
전주 여행,195,순이,NNP
전주 여행,195,날씨,NNG
전주 여행,195,요정,NNG
전주 여행,195,에서,JKB
전주 여행,195,계속,MAG
전주 여행,195,마지막,NNG
전주 여행,195,저녁,NNG
전주 여행,195,술집,NNG
전주 여행,195,으로,JKB
전주 여행,195,향했,VV+EP
전주 여행,195,바닷고기,NNG
전주 여행,195,링크,NNG
전주 여행,195,객리,NNG
전주 여행,195,바닷고기,NNG
전주 여행,195,바닷고기,NNG
전주 여행,195,바닷고기,NNG
전주 여행,195,간단,XR
전주 여행,195,안주,NNG
전주 여행,195,위주,NNG
전주 여행,195,이자카야,NNP
전주 여행,196,군산,NNP
전주 여행,196,소품,NNG
전주 여행,196,투어,NNP
전주 여행,196,피스,NNP
전주 여행,196,오피스,NNP
전주 여행,196,자주,NNG
전주 여행,196,관람,NNG
전주 여행,196,마리,NNG
전주 여행,196,코스,NNG
전주 여행,196,피스,NNP
전주 여행,196,오피스,NNP
전주 여행,196,기본,NNG
전주 여행,196,정보,NNG
전주 여행,196,군산,NNG
전주 여행,196,들리,VV
전주 여행,196,동네,NNG
전주 여행,196,영화동,NNP
전주 여행,196,위치,NNG
전주 여행,196,피스,NNP
전주 여행,196,오피스,NNP
전주 여행,196,운영,NNG
전주 여행,196,시간,NNG
전주 여행,196,12,SN
전주 여행,196,30,SN
전주 여행,196,19,SN
전주 여행,196,00,SN
전주 여행,196,수요일,NNG
전주 여행,196,정기,NNG
전주 여행,196,휴무,NNG
전주 여행,196,주차,NNG
전주 여행,196,불가,NNG
전주 여행,196,안내문,NNG
전주 여행,196,부터,JX
전주 여행,196,이것저것,NNG
전주 여행,196,별것,NNG
전주 여행,197,서신동,NNP
전주 여행,197,술집,NNG
전주 여행,197,철길,NNG
전주 여행,197,부산,NNP
전주 여행,197,떡볶이,NNG
전주 여행,197,조합,NNG
전주 여행,197,찰떡,NNG
전주 여행,197,이자카야,NNP
전주 여행,197,에서,JKB
전주 여행,197,돌아오,VV
전주 여행,197,서신동,NNP
전주 여행,197,술집,NNG
전주 여행,197,철길,NNG
전주 여행,197,부산,NNP
전주 여행,197,는데요,EF
전주 여행,197,어묵,NNG
전주 여행,197,떡볶이,NNG
전주 여행,197,조합,NNG
전주 여행,197,찰떡,NNG
전주 여행,197,이자카야,NNP
전주 여행,197,소개,NNG
전주 여행,197,드릴게요,VX+EC
전주 여행,197,전북,NNP
전주 여행,197,전주시,NNP
전주 여행,197,완산구,NNP
전주 여행,197,고사,NNG
전주 여행,197,평로,NNG
전주 여행,197,22,SN
전주 여행,197,철길,NNG
전주 여행,197,부산,NNP
전주 여행,197,주서,NNG
전주 여행,197,신점,NNG
전주 여행,197,영업시간,NNG
전주 여행,198,한옥마을,NNP
전주 여행,198,코스,NNG
전주 여행,198,지출,NNG
전주 여행,198,비용,NNG
전주 여행,198,알뜰,NNG
전주 여행,198,공개,NNG
전주 여행,198,한옥마을,NNP
전주 여행,198,코스,NNG
전주 여행,198,지출,NNG
전주 여행,198,비용,NNG
전주 여행,198,알뜰,NNG
전주 여행,198,공개,NNG
전주 여행,198,갑자기,MAG
전주 여행,198,떠난,VV+ETM
전주 여행,198,코스,NNG
전주 여행,198,경비,NNG
전주 여행,198,2026,SN
전주 여행,198,08,SN
전주 여행,198,14,SN
전주 여행,198,15,SN
전주 여행,198,둘째,NR
전주 여행,198,나이,NNG
전주 여행,198,아침,NNG
전주 여행,198,일찍,MAG
전주 여행,198,떠졌,VV+EC+VX+EP
전주 여행,198,어요,EF
전주 여행,198,커피,NNG
전주 여행,198,아서,EC
전주 여행,198,커피,NNG
전주 여행,199,일상,NNG
전주 여행,199,미국,NNP
전주 여행,199,독립기념일,NNP
전주 여행,199,용산,NNP
전주 여행,199,드래곤,NNP
전주 여행,199,서울,NNP
전주 여행,199,고창,NNG
전주 여행,199,24,SN
전주 여행,199,시작,NNG
전주 여행,199,자마자,EC
전주 여행,199,친구,NNG
전주 여행,199,이랑,JKB
전주 여행,199,고창,NNG
전주 여행,199,어요,EF
전주 여행,199,원래,MAG
전주 여행,199,목포,NNP
전주 여행,199,려고,EC
전주 여행,199,다가,EC
전주 여행,199,군산,NNP
전주 여행,199,이랑,JKB
전주 여행,199,생각,NNG
전주 여행,199,보다,JKB
전주 여행,199,너무,MAG
전주 여행,199,운전,NNG
전주 여행,199,많이,MAG
전주 여행,199,해야,VV+EC
전주 여행,199,해서,VV+EC
전주 여행,199,친구,NNG
전주 여행,199,이랑,JKB
전주 여행,199,고창,NNG
전주 여행,199,으로,JKB
전주 여행,199,결정,NNG
전주 여행,199,어요,EF
전주 여행,199,아무,NP
전주 여행,199,이런,MM
전주 여행,200,11,SN
전주 여행,200,몰디브,NNP
전주 여행,200,신혼,NNG
전주 여행,200,허니문,NNG
전주 여행,200,준비,NNG
전주 여행,200,투어,NNP
전주 여행,200,전주지사,NNP
전주 여행,200,허니문,NNG
전주 여행,200,리조트,NNG
전주 여행,200,아직,MAG
전주 여행,200,결혼식,NNG
전주 여행,200,까지,JX
전주 여행,200,시간,NNG
전주 여행,200,많이,MAG
전주 여행,200,지만,EC
전주 여행,200,준비,NNG
전주 여행,200,아무것,NP
전주 여행,200,모르,VV
전주 여행,200,시절,NNG
전주 여행,200,투어,NNP
전주 여행,200,전주지사,NNP
전주 여행,200,허니문,NNG
전주 여행,200,리조트,NNG
전주 여행,200,전주지사,NNP
전주 여행,200,신혼,NNG
전주 여행,200,상담,NNG
전주 여행,200,다녀왔,VV+EP
전주 여행,200,여행사,NNG
전주 여행,200,모두,MAG
전주 여행,200,신혼,NNG
전주 여행,200,웨딩,NNG
전주 여행,200,박람회,NNG
전주 여행,201,전라도,NNP
전주 여행,201,연못,NNG
전주 여행,201,잉어,NNG
전주 여행,201,이색,NNG
전주 여행,201,카페,NNG
전주 여행,201,만추,NNG
전주 여행,201,by,SL
전주 여행,201,뚜벅,MAG
전주 여행,201,준비,NNG
전주 여행,201,면서,EC
전주 여행,201,특이,XR
전주 여행,201,카페,NNG
전주 여행,201,검색,NNG
전주 여행,201,다가,EC
전주 여행,201,우연히,MAG
전주 여행,201,발견,NNG
전주 여행,201,만추,NNG
전주 여행,201,한옥,NNG
전주 여행,201,마을,NNG
전주 여행,201,근처,NNG
전주 여행,201,다는,ETM
전주 여행,201,마음,NNG
전주 여행,201,무엇,NP
전주 여행,201,보다,JKB
전주 여행,201,카페,NNG
전주 여행,201,연못,NNG
전주 여행,201,거기,NP
전주 여행,201,잉어,NNG
전주 여행,201,산다는,VV+ETM
전주 여행,201,사진,NNG
전주 여행,201,봐도,VV+EC
전주 여행,201,궁금,XR
전주 여행,201,해서,XSA+EC
전주 여행,202,축구,NNG
전주 여행,202,야시장,NNG
전주 여행,202,새벽,NNG
전주 여행,202,국밥,NNG
전주 여행,202,남부,NNG
전주 여행,202,시장,NNG
전주 여행,202,트립,NNG
전주 여행,202,남부,NNG
전주 여행,202,시장,NNG
전주 여행,202,트립,NNG
전주 여행,202,으로,JKB
전주 여행,202,밤도깨비,NNG
전주 여행,202,떠나,VV+EC
전주 여행,202,추천,NNG
전주 여행,202,합니다,XSV+EF
전주 여행,202,남부,NNG
전주 여행,202,시장,NNG
전주 여행,202,주야,NNG
전주 여행,202,시장,NNG
전주 여행,202,남부,NNG
전주 여행,202,시장,NNG
전주 여행,202,트립,NNG
전주 여행,202,전북,NNP
전주 여행,202,현대,NNP
전주 여행,202,콩나물국,NNG
전주 여행,202,청년,NNG
전주 여행,202,관광,NNG
전주 여행,202,마켓,NNP
전주 여행,203,맛집,NNG
전주 여행,203,현대,NNG
전주 여행,203,한옥마을,NNP
전주 여행,203,콩나물국,NNG
전주 여행,203,비빔밥,NNG
전주 여행,203,관광객,NNG
전주 여행,203,한옥,NNG
전주 여행,203,마을,NNG
전주 여행,203,도착,NNG
전주 여행,203,자마자,EC
전주 여행,203,어요,EF
전주 여행,203,바로,MAG
전주 여행,203,콩나물,NNG
전주 여행,203,국밥,NNG
전주 여행,203,직장,NNG
전주 여행,203,동료,NNG
전주 여행,203,선생,NNG
전주 여행,203,맛집,NNG
전주 여행,203,추천,NNG
전주 여행,203,는데요,EF
전주 여행,203,대옥,NNG
전주 여행,203,본점,NNG
전주 여행,203,라고,EC
전주 여행,203,더라구요,EF
전주 여행,203,그런데,MAJ
전주 여행,203,다니,VV
전주 여행,204,호텔,NNG
전주 여행,204,노송동,NNP
전주 여행,204,프라이빗,NNG
전주 여행,204,하우스,NNP
전주 여행,204,84,SN
전주 여행,204,침실,NNG
전주 여행,204,프라이빗,NNG
전주 여행,204,욕실,NNG
전주 여행,204,호텔,NNG
전주 여행,204,노송동,NNP
전주 여행,204,프라이빗,NNG
전주 여행,204,하우스,NNP
전주 여행,204,84,SN
전주 여행,204,침실,NNG
전주 여행,204,프라이빗,NNG
전주 여행,204,욕실,NNG
전주 여행,204,추천,NNG
전주 여행,204,이유,NNG
전주 여행,204,요즘,NNG
전주 여행,204,숙소,NNG
전주 여행,204,선택,NNG
전주 여행,204,중요,NNG
전주 여행,204,특히,MAG
전주 여행,204,가족,NNG
전주 여행,204,이나,JC
전주 여행,204,친구,NNG
전주 여행,204,함께,MAG
전주 여행,204,편안,NNG
전주 여행,204,시간,NNG
전주 여행,204,보내,VV
전주 여행,204,특별,NNG
전주 여행,204,공간,NNG
전주 여행,205,에서,JKB
전주 여행,205,무엇,NP
전주 여행,205,체험,NNG
전주 여행,205,할까,XSV+EC
전주 여행,205,직접,MAG
전주 여행,205,만들,VV
전주 여행,205,가져가,VV
전주 여행,205,한국,NNP
전주 여행,205,연지,NNG
전주 여행,205,체험,NNG
전주 여행,205,데이트,NNG
전주 여행,205,공방,NNG
전주 여행,205,전주원,NNP
전주 여행,205,데이,NNP
전주 여행,205,클래스,NNP
전주 여행,205,공예,NNG
전주 여행,205,체험,NNG
전주 여행,205,이색,NNG
전주 여행,205,체험,NNG
전주 여행,205,코스,NNG
전주 여행,205,기념품,NNG
전주 여행,205,기념품,NNG
전주 여행,205,한국,NNP
전주 여행,205,기념품,NNG
전주 여행,205,한국,NNP
전주 여행,205,문화,NNG
전주 여행,205,체험,NNG
전주 여행,206,수제,NNG
전주 여행,206,마카롱,NNG
전주 여행,206,맛집,NNG
전주 여행,206,주문,NNG
전주 여행,206,호떡,NNG
전주 여행,206,마카롱,NNG
전주 여행,206,남부,NNG
전주 여행,206,시장,NNG
전주 여행,206,시장,NNG
전주 여행,206,다양,XR
전주 여행,206,볼거리,NNG
전주 여행,206,먹거리,NNG
전주 여행,206,가득,MAG
전주 여행,206,지만,EC
전주 여행,206,13,SN
전주 여행,206,동안,NNG
전주 여행,206,전주현,NNP
전주 여행,206,지인,NNG
전주 여행,206,여행객,NNG
전주 여행,206,에게,JKB
전주 여행,206,사랑,NNG
전주 여행,206,남부,NNG
전주 여행,206,시장,NNG
전주 여행,206,시장,NNG
전주 여행,206,다양,NNG
전주 여행,206,풍성,XR
전주 여행,206,먹거리,NNG
전주 여행,206,행복,NNG
전주 여행,206,시간,NNG
전주 여행,206,에요,EF
전주 여행,206,오늘,NNG
전주 여행,207,맛집,NNG
전주 여행,207,고궁,NNG
전주 여행,207,본점,NNG
전주 여행,207,전주비빔밥,NNG
전주 여행,207,제대로,MAG
전주 여행,207,후기,NNG
전주 여행,207,사랑,NNG
전주 여행,207,가족,NNG
전주 여행,207,함께,MAG
전주 여행,207,다녀왔,VV+EP
전주 여행,207,습니다,EF
전주 여행,207,계획,NNG
전주 여행,207,면서,EC
전주 여행,207,가장,MAG
전주 여행,207,먼저,MAG
전주 여행,207,떠오르,VV
전주 여행,207,음식,NNG
전주 여행,207,역시,MAJ
전주 여행,207,전주비빔밥,NNG
전주 여행,207,아닐까요,VCN+EC
전주 여행,207,비빔밥,NNG
전주 여행,207,으로,JKB
전주 여행,207,유명,XR
전주 여행,207,식당,NNG
전주 여행,207,정말,MAG
전주 여행,207,많이,MAG
전주 여행,207,지만,EC
전주 여행,207,이번,NNG
전주 여행,208,아산,NNP
전주 여행,208,알마,NNP
전주 여행,208,게스트,NNP
전주 여행,208,숙소,NNG
전주 여행,208,침대,NNG
전주 여행,208,바베큐,NNG
전주 여행,208,아산,NNP
전주 여행,208,감성,NNG
전주 여행,208,펜션,NNG
전주 여행,208,아산,NNP
전주 여행,208,매년,MAG
전주 여행,208,놀러가,VV
전주 여행,208,멤버,NNG
전주 여행,208,함께,MAG
전주 여행,208,여름휴가,NNG
전주 여행,208,우리,NP
전주 여행,208,or,SL
전주 여행,208,펜션,NNG
전주 여행,208,바베큐,NNG
전주 여행,208,하나,NR
전주 여행,208,선택,NNG
전주 여행,208,해서,XSV+EC
전주 여행,208,정도,NNG
전주 여행,208,모이,VV
전주 여행,208,는데,EC
전주 여행,208,올해,NNG
전주 여행,208,다녀왔,VV+EP
전주 여행,208,시원,XR
전주 여행,208,펜션,NNG
전주 여행,208,에서,JKB
전주 여행,208,여름,NNG
전주 여행,208,모임,NNG
전주 여행,208,즐기,VV
전주 여행,209,유네스코,NNP
전주 여행,209,인정,NNG
전주 여행,209,도시,NNG
전주 여행,209,라더니,VCP+EC
전주 여행,209,캐나다,NNP
전주 여행,209,부부,NNG
전주 여행,209,처음,MAG
전주 여행,209,감탄,NNG
전주 여행,209,캐나다,NNP
전주 여행,209,에서,JKB
전주 여행,209,부부,NNG
전주 여행,209,마지막,NNG
전주 여행,209,식당,NNG
전주 여행,209,들어갔,VV+EP
전주 여행,209,습니다,EF
전주 여행,209,그런데,MAJ
전주 여행,209,주문,NNG
전주 여행,209,마친,VV+ETM
전주 여행,209,얼마,NNG
전주 여행,209,지나,VV
전주 여행,209,는데,EC
전주 여행,209,눈앞,NNG
전주 여행,209,밥상,NNG
전주 여행,209,펼쳐,VV+EC
전주 여행,209,는데요,EF
전주 여행,209,이걸,NP+JKO
전주 여행,209,어떻게,MAG
전주 여행,209,테이블,NNG
전주 여행,209,놓인,VV+ETM
전주 여행,209,대표,NNG
전주 여행,210,블루리본,NNG
전주 여행,210,맛집,NNG
전주 여행,210,현대,NNG
전주 여행,210,남부,NNG
전주 여행,210,시장,NNG
전주 여행,210,토렴,NNG
전주 여행,210,콩나물국,NNG
전주 여행,210,거나,EC
전주 여행,210,전날,NNG
전주 여행,210,시원,XR
전주 여행,210,한잔,NNG
전주 여행,210,편안,NNG
전주 여행,210,개운,XR
전주 여행,210,따끈,XR
전주 여행,210,해장국,NNG
전주 여행,210,절실,XR
전주 여행,210,생각나,VV
전주 여행,210,수많,VA
전주 여행,210,콩나물국,NNG
전주 여행,210,밥집,NNG
전주 여행,210,에서,JKB
전주 여행,210,원조,NNG
전주 여행,210,토렴,NNG
전주 여행,210,매력,NNG
전주 여행,210,제대로,MAG
전주 여행,210,느낄,VV+ETM
전주 여행,211,아리랑,NNG
전주 여행,211,오프,NNG
전주 여행,211,시가지,NNG
전주 여행,211,술집,NNG
전주 여행,211,분위기,NNG
전주 여행,211,신상,NNG
전주 여행,211,호프집,NNG
전주 여행,211,후기,NNG
전주 여행,211,아리랑,NNG
전주 여행,211,오프,NNG
전주 여행,211,시가지,NNG
전주 여행,211,술집,NNG
전주 여행,211,분위기,NNG
전주 여행,211,신상,NNG
전주 여행,211,호프집,NNG
전주 여행,211,후기,NNG
전주 여행,211,블로거,NNP
전주 여행,211,입니다,VCP+EF
전주 여행,211,시가지,NNG
전주 여행,211,에서,JKB
전주 여행,211,남자,NNG
전주 여행,211,친구,NNG
전주 여행,211,가볍,VA
전주 여행,211,한잔,NNG
전주 여행,211,술집,NNG
전주 여행,211,다가,EC
전주 여행,211,새로,MAG
전주 여행,211,생긴,VV+ETM
전주 여행,211,아리랑,NNG
전주 여행,211,오프,NNG
전주 여행,211,다녀왔,VV+EP
전주 여행,211,어요,EF
전주 여행,211,30,SN
전주 여행,211,가지,NNBC
전주 여행,212,한옥,NNG
전주 여행,212,마을,NNG
전주 여행,212,숙소,NNG
전주 여행,212,추천,NNG
전주 여행,212,지밀,NNG
전주 여행,212,가족,NNG
전주 여행,212,한옥,NNG
전주 여행,212,호텔,NNG
전주 여행,212,이번,NNG
전주 여행,212,조카,NNG
전주 여행,212,에서,JKB
전주 여행,212,큐브,NNP
전주 여행,212,대회,NNG
전주 여행,212,나간다고,VV+EC
전주 여행,212,해서,VV+EC
전주 여행,212,겸사겸사,MAG
전주 여행,212,정말,MAG
전주 여행,212,도시,NNG
전주 여행,212,20,SN
전주 여행,212,처음,NNG
전주 여행,212,으로,JKB
전주 여행,212,숙박,NNG
전주 여행,212,동락,NNG
전주 여행,212,는데,EC
전주 여행,212,이후,NNG
전주 여행,212,호텔,NNG
전주 여행,212,에서,JKB
전주 여행,213,날씨,NNG
전주 여행,213,요정,NNG
전주 여행,213,군산,NNG
전주 여행,213,그리고,MAJ
전주 여행,213,익산,NNP
전주 여행,213,까지,JX
전주 여행,213,충분,XR
전주 여행,213,당일치기,NNG
전주 여행,213,은지,EC
전주 여행,213,충분히,MAG
전주 여행,213,더라,EC
전주 여행,213,군산,NNG
전주 여행,213,마땅찮,VA
전주 여행,213,호텔,NNG
전주 여행,213,어서,EC
전주 여행,213,잠자,VV
전주 여행,213,까지,JX
전주 여행,213,어서,EC
전주 여행,213,온돌,NNG
전주 여행,213,예약,NNG
전주 여행,213,는데,EC
전주 여행,213,창문,NNG
전주 여행,213,이게,NP+JKS
전주 여행,213,뭔가요,NP+VCP+EF
전주 여행,213,그렇,VA
전주 여행,213,테이블,NNG
전주 여행,213,어서,EC
전주 여행,213,음식,NNG
전주 여행,213,약간,MAG
전주 여행,214,풍년제,NNP
전주 여행,214,일요일,NNG
전주 여행,214,월요일,NNG
전주 여행,214,다녀왔,VV+EP
전주 여행,214,어요,EF
전주 여행,214,비오,VV
전주 여행,214,월요일,NNG
전주 여행,214,아침,NNG
전주 여행,214,아침,NNG
전주 여행,214,식사,NNG
전주 여행,214,어요,EF
전주 여행,214,쾌적,XR
전주 여행,214,으로,JKB
전주 여행,214,풍년제,NNP
전주 여행,214,본점,NNG
전주 여행,214,방문,NNG
전주 여행,214,어요,EF
전주 여행,214,체크아웃,NNG
전주 여행,214,나와서,VV+EC
전주 여행,214,는데,EC
전주 여행,214,여기,NP
전주 여행,214,주차장,NNG
전주 여행,215,호텔,NNG
전주 여행,215,Eosahwa,SL
전주 여행,215,Hanok,SL
전주 여행,215,Stay,SL
전주 여행,215,Featured,SL
전주 여행,215,in,SL
전주 여행,215,Petit,SL
전주 여행,215,Fut,SL
전주 여행,215,2026,SN
전주 여행,215,구매,NNG
전주 여행,215,보세,NNG
전주 여행,215,특히,MAG
전주 여행,215,준비,NNG
전주 여행,215,신다면,EP+EC
전주 여행,215,독특,XR
전주 여행,215,경험,NNG
전주 여행,215,제공,NNG
전주 여행,215,숙소,NNG
전주 여행,215,필요,NNG
전주 여행,215,해요,XSA+EF
전주 여행,215,살펴본,VV+ETM
전주 여행,215,결과,NNG
전주 여행,215,호텔,NNG
전주 여행,215,Eosahwa,SL
전주 여행,215,Hanok,SL
전주 여행,215,Stay,SL
전주 여행,215,Featured,SL
전주 여행,215,in,SL
전주 여행,215,Petit,SL
전주 여행,215,Fut,SL
전주 여행,215,2026,SN
전주 여행,215,정말,MAG
전주 여행,215,매력,NNG
전주 여행,215,어요,EF
전주 여행,215,Eosahwa,SL
전주 여행,216,비스,NNG
전주 여행,216,앰배서더,NNP
전주 여행,216,발코니,NNG
전주 여행,216,디럭스,NNP
전주 여행,216,더블,NNG
전주 여행,216,조식,NNG
전주 여행,216,레스토랑,NNG
전주 여행,216,식정,NNG
전주 여행,216,비스,NNG
전주 여행,216,앰배서더,NNP
전주 여행,216,어제,MAG
전주 여행,216,디럭스,NNP
전주 여행,216,트윈,NNP
전주 여행,216,이어서,VV+EC
전주 여행,216,테라스,NNG
전주 여행,216,더블,NNG
전주 여행,216,조식,NNG
전주 여행,216,스타일,NNG
전주 여행,216,리뷰,NNP
전주 여행,216,후기,NNG
전주 여행,216,입니다,VCP+EF
전주 여행,216,이번,NNG
전주 여행,216,이용,NNG
전주 여행,216,해서,XSV+EC
전주 여행,216,저희,NP
전주 여행,216,디럭스,NNP
전주 여행,216,트윈,NNP
전주 여행,216,이용,NNG
전주 여행,216,같이,MAG
전주 여행,216,일행,NNG
전주 여행,216,테라스,NNG
전주 여행,216,더블,NNG
전주 여행,217,전라북도,NNP
전주 여행,217,여권,NNG
전주 여행,217,발급,NNG
전주 여행,217,방법,NNG
전주 여행,217,도청,NNG
전주 여행,217,민원실,NNG
전주 여행,217,갔다왔,VV+EP
전주 여행,217,어요,EF
전주 여행,217,김제,NNP
전주 여행,217,익산,NNP
전주 여행,217,군산,NNP
전주 여행,217,전라북도,NNP
전주 여행,217,여권,NNG
전주 여행,217,발급,NNG
전주 여행,217,관련,NNG
전주 여행,217,준비물,NNG
전주 여행,217,부터,JX
전주 여행,217,위치,NNG
전주 여행,217,비용,NNG
전주 여행,217,수령,NNG
전주 여행,217,까지,JX
전주 여행,217,정리,NNG
전주 여행,217,드리,VX
전주 여행,217,습니다,EF
전주 여행,217,해외여행,NNG
전주 여행,217,준비,NNG
전주 여행,217,다가,EC
전주 여행,217,여권,NNG
전주 여행,217,는데,EC
전주 여행,217,유효,NNG
전주 여행,217,기간,NNG
전주 여행,217,얼마,NNG
전주 여행,217,다면,EC
전주 여행,217,빨리,MAG
전주 여행,218,하와이안,NNG
전주 여행,218,레시피,NNG
전주 여행,218,청연,NNG
전주 여행,218,타임,NNP
전주 여행,218,무노,NNP
전주 여행,218,예전,NNG
전주 여행,218,한옥,NNG
전주 여행,218,마을,NNG
전주 여행,218,에서,JKB
전주 여행,218,설빙,NNG
전주 여행,218,다고,EC
전주 여행,218,한다,VX+EF
전주 여행,218,설빙,NNG
전주 여행,218,니까,EC
전주 여행,218,그럼,MAJ
전주 여행,218,설빙,NNG
전주 여행,218,볼까,EC+VX+EC
전주 여행,218,는데,EC
전주 여행,218,역시,MAJ
전주 여행,218,여기,VV
전주 여행,218,마감,NNG
전주 여행,218,그러,VV
전주 여행,218,한옥마을,NNP
전주 여행,218,대체,NNG
전주 여행,218,으로,JKB
전주 여행,218,일찍,MAG
전주 여행,218,마감,NNG
전주 여행,219,모임,NNG
전주 여행,219,숙소,NNG
전주 여행,219,정리,NNG
전주 여행,219,노송,NNG
전주 여행,219,체크,NNG
전주 여행,219,리스트,NNG
전주 여행,219,예약,NNG
전주 여행,219,노송,NNG
전주 여행,219,빌리,VV
전주 여행,219,비앤비,NNP
전주 여행,219,예약,NNG
전주 여행,219,노송,NNG
전주 여행,219,노송,NNG
전주 여행,219,별장,NNG
전주 여행,219,독채,NNG
전주 여행,219,숙소,NNG
전주 여행,219,가족,NNG
전주 여행,219,숙소,NNG
전주 여행,219,단체,NNG
전주 여행,219,숙소,NNG
전주 여행,219,감성,NNG
전주 여행,219,숙소,NNG
전주 여행,219,한옥,NNG
전주 여행,219,마을,NNG
전주 여행,219,숙소,NNG
전주 여행,219,숙소,NNG
전주 여행,219,추천,NNG
전주 여행,219,루프,NNG
전주 여행,219,숙소,NNG
전주 여행,219,친구,NNG
전주 여행,219,모임,NNG
전주 여행,220,강원도,NNP
전주 여행,220,평창,NNP
전주 여행,220,애견,NNG
전주 여행,220,동반,NNG
전주 여행,220,가족,NNG
전주 여행,220,카페,NNG
전주 여행,220,식당,NNG
전주 여행,220,펜션,NNG
전주 여행,220,가족,NNG
전주 여행,220,끼리,XSN
전주 여행,220,회비,NNG
전주 여행,220,는데,EC
전주 여행,220,가지,VV
전주 여행,220,가족,NNG
전주 여행,220,간다,VV+EC
전주 여행,220,작년,NNG
전주 여행,220,추석,NNG
전주 여행,220,연휴,NNG
전주 여행,220,남해,NNP
전주 여행,220,다녀왔,VV+EP
전주 여행,220,는데,EC
전주 여행,220,올해,NNG
전주 여행,220,계곡,NNG
전주 여행,220,으로,JKB
전주 여행,220,재작년,NNG
전주 여행,220,평창,NNP
전주 여행,220,날씨,NNG
전주 여행,220,계곡,NNG
전주 여행,221,주송,NNG
전주 여행,221,천동,NNG
전주 여행,221,맛집,NNG
전주 여행,221,호남,NNG
전주 여행,221,부모,NNG
전주 여행,221,모시,VV
전주 여행,221,칠순,NR
전주 여행,221,잔치,NNG
전주 여행,221,계획,NNG
전주 여행,221,거나,EC
전주 여행,221,격식,NNG
전주 여행,221,모임,NNG
전주 여행,221,장소,NNG
전주 여행,221,으시,EP
전주 여행,221,라면,EC
전주 여행,221,주송,NNG
전주 여행,221,천동,NNG
전주 여행,221,맛집,NNG
전주 여행,221,남각,NNG
전주 여행,221,강력,NNG
전주 여행,221,추천,NNG
전주 여행,221,드립니다,VV+EC
전주 여행,221,후회,NNG
전주 여행,221,선택,NNG
전주 여행,221,예요,VCP+EF
전주 여행,221,하랑,NNP
전주 여행,221,보증,NNG
전주 여행,221,맛집,NNG
전주 여행,221,리스트,NNG
전주 여행,221,바로,MAG
전주 여행,222,한옥마을,NNP
전주 여행,222,전동성당,NNP
전주 여행,222,전동차,NNG
전주 여행,222,투어,NNG
전주 여행,222,전시,NNG
전주 여행,222,까지,JX
전주 여행,222,시리즈,NNG
전주 여행,222,한옥마을,NNP
전주 여행,222,현재,MAG
전주 여행,222,맛집,NNG
전주 여행,222,카페,NNG
전주 여행,222,간식,NNG
전주 여행,222,고즈넉,XR
전주 여행,222,한옥,NNG
전주 여행,222,맛있,VA
전주 여행,222,먹거리,NNG
전주 여행,222,유명,XR
전주 여행,222,KTX,SL
전주 여행,222,다녀왔,VV+EP
전주 여행,222,어요,EF
전주 여행,222,볼거리,NNG
전주 여행,222,먹거리,NNG
전주 여행,222,워낙,MAG
전주 여행,222,아서,EC
전주 여행,223,코스,NNG
전주 여행,223,동물원,NNP
전주 여행,223,드림,NNP
전주 여행,223,랜드,NNG
전주 여행,223,완벽,NNG
전주 여행,223,정리,NNP
전주 여행,223,동물원,NNP
전주 여행,223,주드,NNP
전주 여행,223,림랜드,NNG
전주 여행,223,놀이,NNG
전주 여행,223,공원,NNG
전주 여행,223,키즈,NNP
전주 여행,223,아이,NNG
전주 여행,223,데이트,NNG
전주 여행,223,코스,NNG
전주 여행,223,주말,NNG
전주 여행,223,가족,NNG
전주 여행,223,코스,NNG
전주 여행,223,동물원,NNP
전주 여행,223,대관람차,NNG
전주 여행,223,회전목마,NNG
전주 여행,224,대옥,NNG
전주 여행,224,본점,NNG
전주 여행,224,콩나물,NNG
전주 여행,224,국밥,NNG
전주 여행,224,맛집,NNG
전주 여행,224,추천,NNG
전주 여행,224,내산,NNP
전주 여행,224,가족,NNG
전주 여행,224,총평,NNG
전주 여행,224,와서,VV+EC
전주 여행,224,유명,XR
전주 여행,224,콩나물국,NNG
전주 여행,224,인데,VCP+EC
전주 여행,224,생각,NNG
전주 여행,224,보다,JKB
전주 여행,224,가족,NNG
전주 여행,224,메뉴,NNG
전주 여행,224,취향,NNG
전주 여행,224,전부,MAG
전주 여행,224,달라도,VA+EC
전주 여행,224,선택지,NNG
전주 여행,224,아서,EC
전주 여행,224,어요,EF
전주 여행,224,엄마,NNG
전주 여행,224,깔끔,XR
전주 여행,224,시원,XR
전주 여행,224,부식,NNG
전주 여행,224,아빠,NNG
전주 여행,224,칼칼,XR
전주 여행,225,막걸리,NNG
전주 여행,225,골목,NNG
전주 여행,225,맛집,NNG
전주 여행,225,21,SN
전주 여행,225,가지,NNBC
전주 여행,225,푸짐,XR
전주 여행,225,상차림,NNG
전주 여행,225,복막,NNG
전주 여행,225,막걸리,NNG
전주 여행,225,막걸리,NNG
전주 여행,225,골목,NNG
전주 여행,225,복막,NNG
전주 여행,225,걸리,NNG
전주 여행,225,주복,NNG
전주 여행,225,막걸리,NNG
전주 여행,225,맛집,NNG
전주 여행,225,막걸리,NNG
전주 여행,225,골목,NNG
전주 여행,225,주차,NNG
전주 여행,225,연예인,NNG
전주 여행,225,맛집,NNG
전주 여행,225,가족,NNG
전주 여행,225,모임,NNG
전주 여행,225,단체,NNG
전주 여행,225,회식,NNG
전주 여행,225,레트,NNG
전주 여행,225,데이트,NNG
전주 여행,225,간장,NNG
전주 여행,225,게장,NNG
전주 여행,225,코스,NNG
전주 여행,225,모르,NNP
전주 여행,225,버드,NNP
전주 여행,226,숙소,NNG
전주 여행,226,추천,NNP
전주 여행,226,한옥마을,NNP
전주 여행,226,도보,NNP
전주 여행,226,이동과,NNP
전주 여행,226,조식,NNG
전주 여행,226,훌륭,XR
전주 여행,226,호텔,NNG
전주 여행,226,계획,NNG
전주 여행,226,신가요,EP+EC
전주 여행,226,전통,NNG
전주 여행,226,현대,NNG
전주 여행,226,공존,NNG
전주 여행,226,매력,NNG
전주 여행,226,도시,NNG
전주 여행,226,언제,MAG
전주 여행,226,방문,NNG
전주 여행,226,해도,XSV+EC
전주 여행,226,마음,NNG
전주 여행,226,포근,XR
전주 여행,226,입니다,VCP+EF
전주 여행,226,성공,NNG
전주 여행,226,만들,VV
전주 여행,226,위해,VV+EC
전주 여행,226,가장,MAG
전주 여행,226,중요,NNG
전주 여행,226,하나,NR
전주 여행,226,바로,MAG
전주 여행,226,편안,NNG
전주 여행,226,쾌적,XR
전주 여행,227,호텔,NNG
전주 여행,227,이화원,NNP
전주 여행,227,힐링,NNG
전주 여행,227,스페이스,NNG
전주 여행,227,프라이빗,NNG
전주 여행,227,펜션,NNG
전주 여행,227,어요,EF
전주 여행,227,호텔,NNG
전주 여행,227,이화원,NNP
전주 여행,227,힐링,NNG
전주 여행,227,스페이스,NNG
전주 여행,227,프라이빗,NNG
전주 여행,227,펜션,NNG
전주 여행,227,어요,EF
전주 여행,227,면서,EC
전주 여행,227,편안,NNG
전주 여행,227,숙소,NNG
전주 여행,227,어요,EF
전주 여행,227,그래서,MAJ
전주 여행,227,호텔,NNG
전주 여행,227,에서,JKB
전주 여행,227,어떤,MM
전주 여행,227,가장,MAG
전주 여행,227,마음,NNG
전주 여행,227,는지,EC
전주 여행,227,알아보,VV
전주 여행,227,답니다,EF
전주 여행,228,산정동,NNP
전주 여행,228,이즈,NNP
전주 여행,228,호텔,NNG
전주 여행,228,소감,NNG
전주 여행,228,완벽,NNG
전주 여행,228,위치,NNG
전주 여행,228,편안,NNG
전주 여행,228,덕분,NNG
전주 여행,228,힐링,NNG
전주 여행,228,드디어,MAG
전주 여행,228,위해,VV+EC
전주 여행,228,이즈,NNP
전주 여행,228,호텔,NNG
전주 여행,228,머물렀,VV+EP
전주 여행,228,어요,EF
전주 여행,228,위치,NNG
전주 여행,228,정말,MAG
전주 여행,228,최고,NNG
전주 여행,228,여기저기,NNG
전주 여행,228,돌아다니,VV
전주 여행,228,너무,MAG
전주 여행,228,객실,NNG
전주 여행,228,기대,NNG
전주 여행,228,보다,JKB
전주 여행,228,훨씬,MAG
전주 여행,228,어서,EC
전주 여행,228,편안,NNG
전주 여행,228,습니다,EF
전주 여행,228,교통,NNG
전주 여행,228,요지,NNG
전주 여행,228,주요,NNG
전주 여행,228,명소,NNG
전주 여행,229,한옥,NNG
전주 여행,229,마을,NNG
전주 여행,229,근처,NNG
전주 여행,229,갈비,NNG
전주 여행,229,맛집,NNG
전주 여행,229,감집,NNG
전주 여행,229,방문,NNG
전주 여행,229,후기,NNG
전주 여행,229,정말,MAG
전주 여행,229,오랜만,NNG
전주 여행,229,에서,JKB
전주 여행,229,갈비,NNG
전주 여행,229,유명,XR
전주 여행,229,음식,NNG
전주 여행,229,는데,EC
전주 여행,229,갈비,NNG
전주 여행,229,유명,XR
전주 여행,229,친구,NNG
전주 여행,229,와서,VV+EC
전주 여행,229,저녁밥,NNG
전주 여행,229,갈비,NNG
전주 여행,229,모주,NNG
전주 여행,229,선택,NNG
전주 여행,229,습니다,EF
전주 여행,229,매일,MAG
전주 여행,229,11,SN
전주 여행,229,00,SN
전주 여행,229,22,SN
전주 여행,229,00,SN
전주 여행,229,15,SN
전주 여행,229,00,SN
전주 여행,229,16,SN
전주 여행,229,30,SN
전주 여행,229,브레이크,NNG
전주 여행,229,타임,NNG
전주 여행,229,매달,MAG
전주 여행,230,호텔,NNG
전주 여행,230,Wolha,SL
전주 여행,230,House,SL
전주 여행,230,Premium,SL
전주 여행,230,Traditional,SL
전주 여행,230,Hanok,SL
전주 여행,230,Stay,SL
전주 여행,230,어요,EF
전주 여행,230,호텔,NNG
전주 여행,230,Wolha,SL
전주 여행,230,House,SL
전주 여행,230,Premium,SL
전주 여행,230,Traditional,SL
전주 여행,230,Hanok,SL
전주 여행,230,Stay,SL
전주 여행,230,어요,EF
전주 여행,230,계획,NNG
전주 여행,230,면서,EC
전주 여행,230,숙소,NNG
전주 여행,230,중요,NNG
전주 여행,230,특히,MAG
전주 여행,230,전통,NNG
전주 여행,230,분위기,NNG
전주 여행,230,즐기,VV
전주 여행,230,에게,JKB
전주 여행,230,호텔,NNG
전주 여행,230,Wolha,SL
전주 여행,230,House,SL
전주 여행,230,Premium,SL
전주 여행,231,흐름,NNG
전주 여행,231,따라,VV+EC
전주 여행,231,머문,VV+ETM
전주 여행,231,정갈,XR
전주 여행,231,공간,NNG
전주 여행,231,이야기,NNG
전주 여행,231,중심지,NNG
전주 여행,231,에서,JKB
전주 여행,231,너무,MAG
전주 여행,231,그렇,VA
전주 여행,231,다고,EC
전주 여행,231,너무,MAG
전주 여행,231,번잡,XR
전주 여행,231,아서,EC
전주 여행,231,균형,NNG
전주 여행,231,맞추,VV
전주 여행,231,어요,EF
전주 여행,231,거리,NNG
전주 여행,231,휴식,MAG
전주 여행,231,마리,NNBC
전주 여행,231,토끼,NNG
전주 여행,231,라면,EC
전주 여행,231,이런,MM
전주 여행,231,위치,NNG
전주 여행,231,특성,NNG
전주 여행,231,매력,NNG
전주 여행,231,예요,VCP+EF
전주 여행,232,모임,NNG
전주 여행,232,숙소,NNG
전주 여행,232,고민,NNG
전주 여행,232,된다면,XSV+EC
전주 여행,232,노송,NNG
전주 여행,232,빌리지,NNG
전주 여행,232,구조,NNG
전주 여행,232,알려,VV+EC
전주 여행,232,드릴게요,VX+EC
전주 여행,232,예약,NNG
전주 여행,232,노송,NNG
전주 여행,232,단체,NNG
전주 여행,232,숙소,NNG
전주 여행,232,가족,NNG
전주 여행,232,숙소,NNG
전주 여행,232,독채,NNG
전주 여행,232,숙소,NNG
전주 여행,232,숙소,NNG
전주 여행,232,추천,NNG
전주 여행,232,감성,NNG
전주 여행,232,숙소,NNG
전주 여행,232,한옥,NNG
전주 여행,232,마을,NNG
전주 여행,232,숙소,NNG
전주 여행,232,모임,NNG
전주 여행,232,숙소,NNG
전주 여행,232,워크숍,NNG
전주 여행,232,숙소,NNG
전주 여행,232,주우정,NNP
전주 여행,232,숙박,NNG
전주 여행,233,블루리본,NNG
전주 여행,233,숙영,NNG
전주 여행,233,가마솥,NNG
전주 여행,233,비빔밥,NNG
전주 여행,233,전라,NNP
전주 여행,233,감영,NNG
전주 여행,233,산책,NNG
전주 여행,233,수박,NNG
전주 여행,233,주스,NNG
전주 여행,233,100,SN
전주 여행,233,수박,NNG
전주 여행,233,통째,NNG
전주 여행,233,시원,XR
전주 여행,233,갈증,NNG
전주 여행,233,해소,NNG
전주 여행,233,즐거웠,VA+EP
전주 여행,233,마무리,NNG
전주 여행,233,맛있,VA
전주 여행,233,전주비빔밥,NNG
전주 여행,233,고즈넉,XR
전주 여행,233,전라,NNP
전주 여행,233,감영,NNG
전주 여행,233,산책,NNG
전주 여행,233,그리고,MAJ
전주 여행,233,완벽,NNG
전주 여행,233,호수,NNG
전주 여행,233,우베,NNP
전주 여행,233,라떼,NNG
전주 여행,234,숙소,NNG
전주 여행,234,추천,NNG
전주 여행,234,한옥,NNG
전주 여행,234,감성,NNG
전주 여행,234,휴식,NNG
전주 여행,234,아이,NNG
전주 여행,234,동반,NNG
전주 여행,234,가족,NNG
전주 여행,234,어디,NP
전주 여행,234,알차,VA
전주 여행,234,즐기,VV
전주 여행,234,위해서,VV+EC
전주 여행,234,관광지,NNG
전주 여행,234,접근성,NNG
전주 여행,234,객실,NNG
전주 여행,234,분위기,NNG
전주 여행,234,청결,NNG
전주 여행,234,그리고,MAJ
전주 여행,234,동행자,NNG
전주 여행,234,숙소,NNG
전주 여행,234,규정,NNG
전주 여행,234,꼼꼼히,MAG
전주 여행,234,체크,NNG
전주 여행,234,중요,NNG
전주 여행,234,합니다,XSV+EF
전주 여행,234,이번,NNG
전주 여행,234,에서,JKB
전주 여행,234,주요,NNG
전주 여행,234,명소,NNG
전주 여행,234,가까운,VA+ETM
전주 여행,234,위치,NNG
전주 여행,235,호텔,NNG
전주 여행,235,한옥,NNG
전주 여행,235,마을,NNG
전주 여행,235,숙박,NNG
전주 여행,235,별빛,NNG
전주 여행,235,장점,NNG
전주 여행,235,가지,NNBC
전주 여행,235,호텔,NNG
전주 여행,235,한옥,NNG
전주 여행,235,마을,NNG
전주 여행,235,숙박,NNG
전주 여행,235,별빛,NNG
전주 여행,235,장점,NNG
전주 여행,235,가지,NNBC
전주 여행,235,요즘,NNG
전주 여행,235,계획,NNG
전주 여행,235,세우,VV
전주 여행,235,나요,EF
전주 여행,235,한옥,NNG
전주 여행,235,마을,NNG
전주 여행,235,정말,MAG
전주 여행,235,매력,NNG
전주 여행,235,장소,NNG
전주 여행,235,인데,VCP+EC
전주 여행,235,에서,JKB
전주 여행,235,호텔,NNG
전주 여행,235,한옥,NNG
전주 여행,235,마을,NNG
전주 여행,235,숙박,NNG
전주 여행,235,별빛,NNG
전주 여행,235,어요,EF
전주 여행,235,별빛,NNG
전주 여행,235,전통,NNG
전주 여행,236,호텔,NNG
전주 여행,236,한옥,NNG
전주 여행,236,마을,NNG
전주 여행,236,홍시,NNG
전주 여행,236,게스트,NNP
전주 여행,236,하우스,NNP
전주 여행,236,후기,NNG
전주 여행,236,호텔,NNG
전주 여행,236,한옥,NNG
전주 여행,236,마을,NNG
전주 여행,236,홍시,NNG
전주 여행,236,게스트,NNP
전주 여행,236,하우스,NNP
전주 여행,236,후기,NNG
전주 여행,236,한옥마을,NNP
전주 여행,236,편안,NNG
전주 여행,236,숙소,NNG
전주 여행,236,정말,MAG
전주 여행,236,중요,XR
전주 여행,236,문제,NNG
전주 여행,236,예요,VCP+EF
전주 여행,236,특히,MAG
전주 여행,236,한옥마을,NNP
전주 여행,236,홍시,NNG
전주 여행,236,게스트,NNP
전주 여행,236,하우스,NNP
전주 여행,236,여행자,NNG
전주 여행,236,에게,JKB
전주 여행,236,사랑,NNG
전주 여행,236,어요,EF
전주 여행,237,한옥,NNG
전주 여행,237,마을,NNG
전주 여행,237,카페,NNG
전주 여행,237,공간,NNG
전주 여행,237,수제,NNG
전주 여행,237,맥주,NNG
전주 여행,237,음악,NNG
전주 여행,237,감성,NNG
전주 여행,237,카페,NNG
전주 여행,237,공간,NNG
전주 여행,237,공간,NNG
전주 여행,237,카페,NNG
전주 여행,237,한옥,NNG
전주 여행,237,마을,NNG
전주 여행,237,카페,NNG
전주 여행,237,한옥마을,NNP
전주 여행,237,카페,NNG
전주 여행,237,추천,NNG
전주 여행,237,감성,NNG
전주 여행,237,카페,NNG
전주 여행,237,한옥,NNG
전주 여행,237,카페,NNG
전주 여행,237,코스,NNG
전주 여행,237,데이트,NNG
전주 여행,237,카페,NNG
전주 여행,237,투어,NNG
전주 여행,237,한옥,NNG
전주 여행,237,카페,NNG
전주 여행,238,본점,NNG
전주 여행,238,정갈,XR
전주 여행,238,그대로,MAG
전주 여행,238,재현,NNG
전주 여행,238,부산,NNP
전주 여행,238,전포동,NNP
전주 여행,238,맛집,NNG
전주 여행,238,메밀,NNG
전주 여행,238,소바,NNP
전주 여행,238,타지,NNG
전주 여행,238,에서,JKB
전주 여행,238,맛보,VV
전주 여행,238,소중,XR
전주 여행,238,미식,NNG
전주 여행,238,기억,NNG
전주 여행,238,일상,NNG
전주 여행,238,가까이,NNG
전주 여행,238,에서,JKB
전주 여행,238,다시,MAG
전주 여행,238,마주,MAG
전주 여행,238,행복,NNG
전주 여행,238,기록,NNG
전주 여행,238,지역,NNG
전주 여행,238,향수,NNG
전주 여행,238,불러일으키,VV
전주 여행,238,요리,NNG
전주 여행,238,으로,JKB
전주 여행,238,떠났,VV+EP
전주 여행,238,여행지,NNG
전주 여행,238,에서,JKB
전주 여행,238,맛보,VV
전주 여행,238,특별,NNG
전주 여행,238,요리,NNG
전주 여행,238,문득,MAG
전주 여행,238,그리워질,VA+EC+VX+ETM
전주 여행,239,타지,NNG
전주 여행,239,에서,JKB
전주 여행,239,맛본,VV+ETM
전주 여행,239,소박,XR
전주 여행,239,메밀,NNG
전주 여행,239,요리,NNG
전주 여행,239,추억,NNG
전주 여행,239,부산,NNP
전주 여행,239,전포,NNG
전주 여행,239,맛집,NNG
전주 여행,239,공간,NNG
전주 여행,239,에서,JKB
전주 여행,239,멀리서,MAG
전주 여행,239,메밀,NNG
전주 여행,239,향기,NNG
전주 여행,239,일상,NNG
전주 여행,239,편안,NNG
전주 여행,239,식탁,NNG
전주 여행,239,으로,JKB
전주 여행,239,다가오,VV
전주 여행,239,소중,XR
전주 여행,239,경험,NNG
전주 여행,239,낯선,VA+ETM
전주 여행,239,도시,NNG
전주 여행,239,기억,NNG
전주 여행,239,익숙,XR
전주 여행,239,미식,NNG
전주 여행,239,만남,NNG
전주 여행,239,때로,MAG
전주 여행,239,뜻밖,NNG
전주 여행,239,장소,NNG
전주 여행,239,에서,JKB
전주 여행,239,이전,NNG
전주 여행,239,소중,XR
전주 여행,239,기억,NNG
전주 여행,239,되살려,VV+EC
전주 여행,239,합니다,VX+EF
전주 여행,239,오래,NNG
전주 여행,240,부산,NNP
전주 여행,240,메밀,NNG
전주 여행,240,소바,NNP
전주 여행,240,에서,JKB
전주 여행,240,경험,NNG
전주 여행,240,본점,NNG
전주 여행,240,담백,XR
전주 여행,240,미식,NNG
전주 여행,240,기록,NNG
전주 여행,240,여운,NNG
전주 여행,240,전포동,NNP
전주 여행,240,공간,NNG
전주 여행,240,에서,JKB
전주 여행,240,마주,MAG
전주 여행,240,정갈,XR
전주 여행,240,요리,NNG
전주 여행,240,정취,NNG
전주 여행,240,편안,NNG
전주 여행,240,식사,NNG
전주 여행,240,시간,NNG
전주 여행,240,소중,XR
전주 여행,240,에서,JKB
전주 여행,240,메밀,NNG
전주 여행,240,향기,NNG
전주 여행,240,만나,VV
전주 여행,240,전포동,NNP
전주 여행,240,새로운,VA+ETM
전주 여행,240,일상,NNG
전주 여행,240,에서,JKB
전주 여행,240,오랜,MM
전주 여행,240,시간,NNG
전주 여행,240,사랑,NNG
전주 여행,240,맛집,NNG
전주 여행,240,정취,NNG
전주 여행,241,부산,NNP
전주 여행,241,전포,NNG
전주 여행,241,직장,NNG
전주 여행,241,맛집,NNG
전주 여행,241,메르,NNP
전주 여행,241,진미,NNG
전주 여행,241,에서,JKB
전주 여행,241,만난,VV+ETM
전주 여행,241,여름날,NNG
전주 여행,241,시원,XR
전주 여행,241,타지,NNG
전주 여행,241,에서,JKB
전주 여행,241,경험,NNG
전주 여행,241,소중,XR
전주 여행,241,미식,NNG
전주 여행,241,기억,NNG
전주 여행,241,일상,NNG
전주 여행,241,공간,NNG
전주 여행,241,에서,JKB
전주 여행,241,다시,MAG
전주 여행,241,만나,VV
전주 여행,241,즐거움,NNG
전주 여행,241,습니다,EF
전주 여행,241,본점,NNG
전주 여행,241,감동,NNG
전주 여행,241,옮겨온,VV+EC+VX+ETM
전주 여행,241,매장,NNG
전주 여행,241,분위기,NNG
전주 여행,241,당시,NNG
전주 여행,241,대기,NNG
전주 여행,241,견디,VV
전주 여행,241,기억,NNG
전주 여행,241,선명,NNG
전주 여행,241,합니다,XSV+EF
전주 여행,241,멀리,MAG
전주 여행,242,호텔,NNG
전주 여행,242,봄밤,NNG
전주 여행,242,후기,NNG
전주 여행,242,특히,MAG
전주 여행,242,계획,NNG
전주 여행,242,다면,EC
전주 여행,242,호텔,NNG
전주 여행,242,봄밤,NNG
전주 여행,242,어요,EF
전주 여행,242,호텔,NNG
전주 여행,242,봄밤,NNG
전주 여행,242,합리,NNG
전주 여행,242,가격,NNG
전주 여행,242,다양,XR
전주 여행,242,혜택,NNG
전주 여행,242,제공,NNG
전주 여행,242,해서,XSV+EC
전주 여행,242,사람,NNG
전주 여행,242,에요,EF
전주 여행,242,정말,MAG
전주 여행,242,매력,NNG
전주 여행,242,봄밤,NNG
전주 여행,242,봄밤,NNG
전주 여행,243,완산구,NNP
전주 여행,243,한옥,NNG
전주 여행,243,마을,NNG
전주 여행,243,호텔,NNG
전주 여행,243,평일,NNG
전주 여행,243,청연,NNG
전주 여행,243,야경,NNG
전주 여행,243,숙소,NNG
전주 여행,243,추천,NNP
전주 여행,243,한옥마을,NNP
전주 여행,243,10,SN
전주 여행,243,거리,NNG
전주 여행,243,근처,NNG
전주 여행,243,호텔,NNG
전주 여행,243,한옥,NNG
전주 여행,243,마을,NNG
전주 여행,243,호텔,NNG
전주 여행,243,한옥,NNG
전주 여행,243,마을,NNG
전주 여행,243,근처,NNG
전주 여행,243,숙소,NNG
전주 여행,243,추천,NNP
전주 여행,243,한옥,NNG
전주 여행,243,마을,NNG
전주 여행,243,호텔,NNG
전주 여행,243,후기,NNG
전주 여행,243,숙소,NNG
전주 여행,243,예요,VCP+EF
전주 여행,243,숙소,NNG
전주 여행,243,컨디션,NNG
전주 여행,244,go,SL
전주 여행,244,개강,NNG
전주 여행,244,마지막,NNG
전주 여행,244,발악,NNG
전주 여행,244,후쿠오카,NNP
전주 여행,244,개강,NNG
전주 여행,244,깜짝,MAG
전주 여행,244,일본,NNP
전주 여행,244,다녀오,VV
전주 여행,244,답니당,EF
전주 여행,244,하루,NNG
전주 여행,244,전날,NNG
전주 여행,244,입욕,NNG
전주 여행,244,어요,EF
전주 여행,244,출발,MAG
전주 여행,244,야무지,VA
전주 여행,244,캐리어,NNG
전주 여행,244,반쪽,NNG
전주 여행,244,비워,VV+EC
전주 여행,244,이제,NNG
전주 여행,244,혼자,MAG
전주 여행,244,공항,NNG
전주 여행,244,전혀,MAG
전주 여행,244,두렵,VA
전주 여행,244,혼자,NNG
전주 여행,244,비행기,NNG
전주 여행,244,훨씬,MAG
전주 여행,245,부산,NNP
전주 여행,245,전포,NNG
전주 여행,245,점심,NNG
전주 여행,245,맛집,NNG
전주 여행,245,선택,NNG
전주 여행,245,요리,NNG
전주 여행,245,미식,NNG
전주 여행,245,탐구,NNG
전주 여행,245,부산,NNP
전주 여행,245,전포,NNG
전주 여행,245,점심,NNG
전주 여행,245,맛집,NNG
전주 여행,245,예전,NNG
전주 여행,245,에서,JKB
전주 여행,245,마주,MAG
전주 여행,245,정갈,XR
전주 여행,245,메밀,NNG
전주 여행,245,소바,NNP
전주 여행,245,풍미,NNG
전주 여행,245,그대로,MAG
전주 여행,245,구현,NNG
전주 여행,245,공간,NNG
전주 여행,245,자리,NNG
전주 여행,245,습니다,EF
전주 여행,245,번잡,XR
전주 여행,245,도심,NNG
전주 여행,245,지나,VV+EC
전주 여행,245,카페,NNG
전주 여행,245,거리,NNG
전주 여행,245,으로,JKB
전주 여행,245,방향,NNG
전주 여행,245,여행지,NNG
전주 여행,245,에서,JKB
전주 여행,245,느꼈,VV+EP
전주 여행,245,여유,NNG
전주 여행,245,로움,XSA+ETN
전주 여행,246,호텔,NNG
전주 여행,246,이렇,VA
전주 여행,246,네요,EF
전주 여행,246,특히,MAG
전주 여행,246,계획,NNG
전주 여행,246,계시,VX
전주 여행,246,다면,EC
전주 여행,246,다양,XR
전주 여행,246,숙소,NNG
전주 여행,246,비교,NNG
전주 여행,246,중요,NNG
전주 여행,246,에서,JKB
전주 여행,246,호텔,NNG
전주 여행,246,여가,NNG
전주 여행,246,어서,EC
전주 여행,246,자세히,MAG
전주 여행,246,살펴보,VV
전주 여행,246,답니다,EC
전주 여행,246,여가,NNG
전주 여행,246,여가,NNG
전주 여행,246,241,SN
전주 여행,246,799,SN
전주 여행,247,기억,NNG
전주 여행,247,되살리,VV
전주 여행,247,부산,NNP
전주 여행,247,전포,NNG
전주 여행,247,콩국수,NNG
전주 여행,247,맛집,NNG
전주 여행,247,요리,NNG
전주 여행,247,미식,NNG
전주 여행,247,들렀,VV+EP
전주 여행,247,메르,NNP
전주 여행,247,진미,NNG
전주 여행,247,에서,JKB
전주 여행,247,느꼈,VV+EP
전주 여행,247,자극,NNG
전주 여행,247,메밀,NNG
전주 여행,247,소바,NNP
전주 여행,247,콩국수,NNG
전주 여행,247,여운,NNG
전주 여행,247,시간,NNG
전주 여행,247,지나,VV+EC
전주 여행,247,잊히,VV
전주 여행,247,더군요,EC
전주 여행,247,최근,NNG
전주 여행,247,부산,NNP
전주 여행,247,전포,NNP
전주 여행,247,카페,NNG
전주 여행,247,거리,NNG
전주 여행,247,거닐,VV
전주 여행,247,그곳,NP
전주 여행,247,지점,NNG
전주 여행,247,마주,MAG
전주 여행,248,45,SN
전주 여행,248,신사역,NNP
전주 여행,248,헬스,NNG
전주 여행,248,하이,NNP
전주 여행,248,록스,NNP
전주 여행,248,대비,NNG
전주 여행,248,가격,NNG
전주 여행,248,후기,NNG
전주 여행,248,영국,NNP
전주 여행,248,공항,NNG
전주 여행,248,에서,JKB
전주 여행,248,시내,NNG
전주 여행,248,남부,NNG
전주 여행,248,시장,NNG
전주 여행,248,야시장,NNG
전주 여행,248,당일치기,NNG
전주 여행,248,안녕,NNG
전주 여행,248,세요,EP+EF
전주 여행,248,언서,NNG
전주 여행,248,입니다,VCP+EF
전주 여행,248,벌써,MAG
전주 여행,248,45,SN
전주 여행,248,신사,NNG
전주 여행,248,한지,VV+EC
전주 여행,248,개월,NNBC
전주 여행,248,역시,MAJ
전주 여행,248,혼자,NNG
전주 여행,248,으면,EC
전주 여행,248,못했,VX+EP
전주 여행,248,운동,NNG
전주 여행,248,즐겁,VA
전주 여행,248,체중,NNG
전주 여행,248,감량,NNG
전주 여행,248,까지,JX
전주 여행,249,호텔,NNG
전주 여행,249,조식,NNG
전주 여행,249,수영장,NNG
전주 여행,249,웨딩,NNG
전주 여행,249,사우,NNG
전주 여행,249,리얼,NNG
전주 여행,249,후기,NNG
전주 여행,249,인데,VCP+EC
전주 여행,249,숙소,NNG
전주 여행,249,고민,NNG
전주 여행,249,제일,MAG
전주 여행,249,어요,EF
전주 여행,249,남자,NNG
전주 여행,249,친구,NNG
전주 여행,249,전라도,NNP
전주 여행,249,처음,NNG
전주 여행,249,신경,NNG
전주 여행,249,쓰였,VV+EP
전주 여행,249,는데,EC
전주 여행,249,모든,MM
전주 여행,249,고려,NNG
전주 여행,249,호텔,NNG
전주 여행,249,최적,NNG
전주 여행,249,습니다,EF
전주 여행,249,한옥마을,NNP
전주 여행,249,도보,NNP
전주 여행,249,거리,NNG
전주 여행,249,수영장,NNG
전주 여행,249,사우나,NNG
전주 여행,249,까지,JX
전주 여행,250,호텔,NNG
전주 여행,250,건축,NNG
전주 여행,250,선율,NNG
전주 여행,250,독채,NNG
전주 여행,250,펜션,NNG
전주 여행,250,후기,NNG
전주 여행,250,호텔,NNG
전주 여행,250,건축,NNG
전주 여행,250,선율,NNG
전주 여행,250,독채,NNG
전주 여행,250,펜션,NNG
전주 여행,250,후기,NNG
전주 여행,250,신다면,EP+EC
전주 여행,250,독특,XR
전주 여행,250,숙소,NNG
전주 여행,250,그래서,MAJ
전주 여행,250,이번,NNG
전주 여행,250,기회,NNG
전주 여행,250,호텔,NNG
전주 여행,250,건축,NNG
전주 여행,250,선율,NNG
전주 여행,250,독채,NNG
전주 여행,250,펜션,NNG
전주 여행,250,눈여겨,VV+EC
전주 여행,250,어요,EF
전주 여행,250,호텔,NNG
전주 여행,250,건축,NNG
전주 여행,250,선율,NNG
전주 여행,250,독채,NNG
전주 여행,250,펜션,NNG
전주 여행,251,장수,NNG
전주 여행,251,장수,NNG
전주 여행,251,우랑,NNG
전주 여행,251,사과,NNG
전주 여행,251,축제,NNG
전주 여행,251,일정,NNG
전주 여행,251,프로그램,NNG
전주 여행,251,주차,NNG
전주 여행,251,정리,NNG
전주 여행,251,마을,NNG
전주 여행,251,백석,NNG
전주 여행,251,공원,NNG
전주 여행,251,전북,NNP
전주 여행,251,체험,NNG
전주 여행,251,어린이,NNG
전주 여행,251,가을,NNG
전주 여행,251,유아,NNG
전주 여행,251,초등,NNG
전주 여행,251,자연,NNG
전주 여행,251,곤충,NNG
전주 여행,251,주말,NNG
전주 여행,251,체험,NNG
전주 여행,251,학습,NNG
전주 여행,251,아이,NNG
전주 여행,251,고고,NNG
전주 여행,251,naver,SL
전주 여행,251,me,SL
전주 여행,251,전북,NNP
전주 여행,251,여행지,NNG
전주 여행,251,장수,NNG
전주 여행,251,전북,NNP
전주 여행,251,더기,NNG
전주 여행,251,장수,NNG
전주 여행,252,호텔,NNG
전주 여행,252,비스,NNG
전주 여행,252,스타일,NNG
전주 여행,252,앰배서더,NNP
전주 여행,252,시티,NNG
전주 여행,252,센터,NNG
전주 여행,252,숙박,NNG
전주 여행,252,후기,NNG
전주 여행,252,비스,NNG
전주 여행,252,스타일,NNG
전주 여행,252,앰배서더,NNP
전주 여행,252,시티,NNG
전주 여행,252,센터,NNG
전주 여행,252,디럭스,NNP
전주 여행,252,트윈,NNP
전주 여행,252,조식,NNG
전주 여행,252,미포,NNG
전주 여행,252,18,SN
전주 여행,252,아고다,NNP
전주 여행,252,안녕,NNG
전주 여행,252,세요,EP+EF
전주 여행,252,입니다,VCP+EF
전주 여행,252,에서,JKB
전주 여행,252,선택,NNG
전주 여행,252,숙소,NNG
전주 여행,252,비스,NNG
전주 여행,252,스타일,NNG
전주 여행,252,앰배서더,NNP
전주 여행,252,시티,NNG
전주 여행,252,센터,NNG
전주 여행,253,안정,NNG
전주 여행,253,행복,NNG
전주 여행,253,오빠,NNG
전주 여행,253,동안,NNG
전주 여행,253,다녀와,VV+EC
전주 여행,253,써요,VV+EC
전주 여행,253,벌써,MAG
전주 여행,253,600,SN
전주 여행,253,다니,EC
전주 여행,253,빠르,VA
전주 여행,253,한울,NNP
전주 여행,253,밥상,NNG
전주 여행,253,우선,MAG
전주 여행,253,도착,NNG
전주 여행,253,자마자,EC
전주 여행,253,정식,NNG
전주 여행,253,무거,NNG
전주 여행,253,오빠,NNG
전주 여행,253,한식,NNG
전주 여행,253,환장,NNG
전주 여행,253,느라,EC
전주 여행,253,무엇,NP
전주 여행,253,보다,JKB
전주 여행,254,호텔,NNG
전주 여행,254,아기,NNG
전주 여행,254,가족,NNG
전주 여행,254,조식,NNG
전주 여행,254,사우나,NNG
전주 여행,254,수영장,NNG
전주 여행,254,숙소,NNG
전주 여행,254,추천,NNG
전주 여행,254,전주호,NNP
전주 여행,254,호텔,NNG
전주 여행,254,한옥,NNG
전주 여행,254,마을,NNG
전주 여행,254,숙소,NNG
전주 여행,254,가족,NNG
전주 여행,254,숙소,NNG
전주 여행,254,한옥,NNG
전주 여행,254,마을,NNG
전주 여행,254,성급,NNG
전주 여행,254,호텔,NNG
전주 여행,254,전주호,NNP
전주 여행,254,호텔,NNG
전주 여행,254,숙소,NNG
전주 여행,254,추천,NNG
전주 여행,254,한옥마을,NNP
전주 여행,254,아이,NNG
전주 여행,254,가족호텔,NNG
전주 여행,255,한옥마을,NNP
전주 여행,255,주차,NNG
전주 여행,255,걱정,NNG
전주 여행,255,아기,NNG
전주 여행,255,무료,NNG
전주 여행,255,코스,NNG
전주 여행,255,숙소,NNG
전주 여행,255,아기,NNG
전주 여행,255,준비,NNG
전주 여행,255,면서,EC
전주 여행,255,주차,NNG
전주 여행,255,문제,NNG
전주 여행,255,부터,JX
전주 여행,255,아이,NNG
전주 여행,255,추억,NNG
전주 여행,255,경비,NNG
전주 여행,255,까지,JX
전주 여행,255,생각,NNG
전주 여행,255,은데,EC
전주 여행,255,그래서,MAJ
전주 여행,255,최대한,NNG
전주 여행,255,엄마,NNG
전주 여행,255,편하,VA
전주 여행,255,아이,NNG
전주 여행,255,편하,VA
전주 여행,255,도록,EC
전주 여행,255,베스트,NNP
전주 여행,255,웨스턴,NNP
전주 여행,255,플러스,NNP
전주 여행,255,호텔,NNG
전주 여행,255,에서,JKB
전주 여행,255,주차,NNG
전주 여행,255,걱정,NNG
전주 여행,255,없이,MAG
전주 여행,255,한옥마을,NNP
전주 여행,256,이제,MAG
전주 여행,256,여름,NNG
전주 여행,256,푸딩,NNG
전주 여행,256,너무,MAG
전주 여행,256,귀엽,VA
전주 여행,256,지만,EC
전주 여행,256,가격,NNG
전주 여행,256,귀여운,VA+ETM
전주 여행,256,그냥,MAG
전주 여행,256,그저,MAG
전주 여행,256,그런,MM
전주 여행,256,스타,NNG
전주 여행,256,사진,NNG
전주 여행,256,으러,EC
전주 여행,256,는데,EC
전주 여행,256,자리,NNG
전주 여행,256,어서,EC
전주 여행,256,한옥마을,NNP
전주 여행,256,육전,NNG
전주 여행,256,숟가락,NNG
전주 여행,256,젓가락,NNG
전주 여행,257,순례,NNG
전주 여행,257,한옥마을,NNP
전주 여행,257,초코파이,NNP
전주 여행,257,종류,NNG
전주 여행,257,먹거리,NNG
전주 여행,257,기념품,NNG
전주 여행,257,Jeon,SL
전주 여행,257,ju,SL
전주 여행,257,순례,NNG
전주 여행,257,한옥마을,NNP
전주 여행,257,초코파이,NNP
전주 여행,257,종류,NNG
전주 여행,257,먹거리,NNG
전주 여행,257,기념품,NNG
전주 여행,257,추천,NNG
전주 여행,257,기념품,NNG
전주 여행,257,바로,MAG
전주 여행,257,수제,NNG
전주 여행,257,초코파이,NNP
전주 여행,257,하나,NR
전주 여행,257,낱개,NNG
전주 여행,257,포장,NNG
전주 여행,257,챙기,VV
전주 여행,257,편하,VA
전주 여행,257,한옥,NNG
전주 여행,257,마을,NNG
전주 여행,257,에서,JKB
전주 여행,257,다양,XR
전주 여행,258,비스,NNG
전주 여행,258,호텔,NNG
전주 여행,258,한옥,NNG
전주 여행,258,마을,NNG
전주 여행,258,근처,NNG
전주 여행,258,숙소,NNG
전주 여행,258,추천,NNG
전주 여행,258,해서,XSV+EC
전주 여행,258,려는,ETM
전주 여행,258,숙소,NNG
전주 여행,258,객실,NNG
전주 여행,258,는지,EC
전주 여행,258,는지,EC
전주 여행,258,미리미리,MAG
전주 여행,258,확인,NNG
전주 여행,258,추천,NNG
전주 여행,258,합니다,XSV+EF
전주 여행,258,맛있,VA
전주 여행,258,너무,MAG
전주 여행,258,고즈넉,XR
전주 여행,258,느낌,NNG
전주 여행,258,으로,JKB
전주 여행,258,힐링,NNG
전주 여행,258,숙소,NNG
전주 여행,258,고르,VA
전주 여행,258,재밌,VA
전주 여행,258,세요,EP+EF
전주 여행,259,전북,NNP
전주 여행,259,익산,NNP
전주 여행,259,충남,NNP
전주 여행,259,보령,NNG
전주 여행,259,미륵사지,NNP
전주 여행,259,예술,NNG
전주 여행,259,공원,NNG
전주 여행,259,보령,NNG
전주 여행,259,수영,NNG
전주 여행,259,2026,SN
전주 여행,259,29,SN
전주 여행,259,30,SN
전주 여행,259,버스,NNG
전주 여행,259,패키지,NNG
전주 여행,259,일정,NNG
전주 여행,259,2026,SN
전주 여행,259,30,SN
전주 여행,259,조식,NNG
전주 여행,259,콩나물국,NNG
전주 여행,259,제공,NNG
전주 여행,259,미륵사지,NNP
전주 여행,259,익산,NNP
전주 여행,259,개화,NNP
전주 여행,259,예술,NNG
전주 여행,259,공원,NNG
전주 여행,259,보령,NNG
전주 여행,259,중식,NNG
전주 여행,259,잔치국수,NNP
전주 여행,259,재미,NNG
전주 여행,259,무침,NNG
전주 여행,259,해물,NNG
전주 여행,259,파전,NNG
전주 여행,259,보령,NNG
전주 여행,259,원산도,NNG
전주 여행,259,자전거,NNG
전주 여행,259,라이,NNG
전주 여행,260,소양,NNP
전주 여행,260,맛집,NNG
전주 여행,260,비지,NNG
전주 여행,260,챙겨,VV+EC
전주 여행,260,근교,NNG
전주 여행,260,현지,NNG
전주 여행,260,맛집,NNG
전주 여행,260,매큼,XR
전주 여행,260,오늘,MAG
전주 여행,260,근교,NNG
전주 여행,260,맛집,NNG
전주 여행,260,포스팅,NNP
전주 여행,260,할게요,VV+EC
전주 여행,260,사람,NNG
전주 여행,260,현지,NNG
전주 여행,260,맛집,NNG
전주 여행,260,랍니다,EC
전주 여행,260,특히,MAG
전주 여행,260,와서,VV+EC
전주 여행,260,복잡,XR
전주 여행,260,에서,JKB
전주 여행,260,피로감,NNG
전주 여행,260,느꼈,VV+EP
전주 여행,260,진짜,MAG
전주 여행,260,진짜,MAG
전주 여행,260,추천,NNG
전주 여행,260,입니다,VCP+EF
전주 여행,260,이곳,NP
전주 여행,260,완주,NNG
전주 여행,261,커피,NNG
전주 여행,261,맛집,NNG
전주 여행,261,커피,NNG
전주 여행,261,로스,NNG
전주 여행,261,터리,NNG
전주 여행,261,블루리본,NNG
전주 여행,261,핸드,NNG
전주 여행,261,드립,NNG
전주 여행,261,맛집,NNG
전주 여행,261,한옥마을,NNP
전주 여행,261,오늘,NNG
전주 여행,261,남편,NNG
전주 여행,261,유일,NNG
전주 여행,261,다고,EC
전주 여행,261,해서,VV+EC
전주 여행,261,다녀온,VV+ETM
전주 여행,261,커피,NNG
전주 여행,261,맛집,NNG
전주 여행,261,가져왔,VV+EP
전주 여행,261,습니다,EF
전주 여행,261,핸드,NNG
전주 여행,261,드립,NNG
전주 여행,261,커피,NNG
전주 여행,261,정말,MAG
전주 여행,261,맛있,VA
전주 여행,261,어서,EC
전주 여행,261,만족,NNG
전주 여행,261,한옥,NNG
전주 여행,261,마을,NNG
전주 여행,261,위치,NNG
전주 여행,261,커피,NNG
전주 여행,261,로스,NNG
전주 여행,261,터리,NNG
전주 여행,261,함께,MAG
전주 여행,261,커피,NNG
전주 여행,262,한옥,NNG
전주 여행,262,숙소,NNG
전주 여행,262,객리,NNG
전주 여행,262,객리,NNG
전주 여행,262,감성,NNG
전주 여행,262,숙소,NNG
전주 여행,262,추천,NNG
전주 여행,262,아이,NNG
전주 여행,262,숙박,NNG
전주 여행,262,후기,NNG
전주 여행,262,마지막,NNG
전주 여행,262,오래,MAG
전주 여행,262,기억,NNG
전주 여행,262,이번,NNG
전주 여행,262,에서,JKB
전주 여행,262,가장,MAG
전주 여행,262,유명,XR
전주 여행,262,관광지,NNG
전주 여행,262,많이,MAG
전주 여행,262,돌아본,VV+ETM
전주 여행,262,아니,VCN
전주 여행,262,어요,EF
전주 여행,262,가족,NNG
전주 여행,262,함께,MAG
전주 여행,262,예쁜,VA+ETM
전주 여행,262,공간,NNG
전주 여행,262,에서,JKB
전주 여행,262,맛있,VA
전주 여행,262,음식,NNG
전주 여행,262,따뜻,XR
전주 여행,262,담그,VV
전주 여행,263,전주호,NNP
전주 여행,263,애견,NNG
전주 여행,263,동반,NNG
전주 여행,263,바베큐,NNG
전주 여행,263,가능,NNG
전주 여행,263,호텔,NNG
전주 여행,263,한옥,NNG
전주 여행,263,마을,NNG
전주 여행,263,다녀왔,VV+EP
전주 여행,263,는데요,EF
전주 여행,263,신축,NNG
전주 여행,263,컨디션,NNG
전주 여행,263,깔끔,XR
전주 여행,263,성비,NNG
전주 여행,263,호텔,NNG
전주 여행,263,호텔,NNG
전주 여행,263,소개,NNG
전주 여행,263,할게요,XSV+EC
전주 여행,263,애견,NNG
전주 여행,263,동반,NNG
전주 여행,263,가능,NNG
전주 여행,263,호텔,NNG
전주 여행,263,지만,EC
전주 여행,263,애견,NNG
전주 여행,263,객실,NNG
전주 여행,263,애견,NNG
전주 여행,263,객실,NNG
전주 여행,263,구분,NNG
전주 여행,263,어서,EC
전주 여행,263,반려,NNG
전주 여행,263,동반,NNG
전주 여행,263,아용,NNG
전주 여행,264,파티,NNG
전주 여행,264,브라이,NNP
전주 여행,264,샤워,NNG
전주 여행,264,추천,NNG
전주 여행,264,스튜디오,NNG
전주 여행,264,대여,NNG
전주 여행,264,브릴란테,NNG
전주 여행,264,모먼트,NNP
전주 여행,264,아들,NNG
전주 여행,264,생일,NNG
전주 여행,264,시작,NNG
전주 여행,264,으로,JKB
전주 여행,264,시아버님,NNG
전주 여행,264,생신,NNG
전주 여행,264,둘째,NR
전주 여행,264,아들,NNG
전주 여행,264,생일,NNG
전주 여행,264,추석,NNG
전주 여행,264,민족,NNG
전주 여행,264,이동과,NNP
전주 여행,264,가족,NNG
전주 여행,264,까지,JX
전주 여행,264,일정,NNG
전주 여행,264,정말,MAG
전주 여행,264,다만,MAJ
전주 여행,264,이용,NNG
전주 여행,264,가능,NNG
전주 여행,264,자리,NNG
전주 여행,264,차량,NNG
전주 여행,264,가지,VV
전주 여행,264,방문,NNG
전주 여행,264,한다면,XSV+EC
전주 여행,264,예약,NNG
전주 여행,264,주차,NNG
전주 여행,264,가능,NNG
전주 여행,264,여부,NNG
전주 여행,264,미리,MAG
전주 여행,265,볼륨,NNG
전주 여행,265,매직,NNG
전주 여행,265,이윤,NNG
전주 여행,265,헤어,NNG
전주 여행,265,수현,NNP
전주 여행,265,디자이너,NNG
전주 여행,265,에게,JKB
전주 여행,265,힐링,NNG
전주 여행,265,후기,NNG
전주 여행,265,다음,NNG
전주 여행,265,계획,NNG
전주 여행,265,는데,EC
전주 여행,265,이렇,VA
전주 여행,265,갈순,VX+ETM+NNB+JX
전주 여행,265,볼륨,NNG
전주 여행,265,매직,NNG
전주 여행,265,이윤,NNG
전주 여행,265,헤어,NNG
전주 여행,265,다녀왔,VV+EP
전주 여행,265,어요,EF
전주 여행,265,수현,NNP
전주 여행,265,디자이너,NNG
전주 여행,265,예약,NNG
전주 여행,265,답니다,EF
전주 여행,265,이윤,NNG
전주 여행,265,헤어,NNG
전주 여행,265,전북,NNP
전주 여행,265,전주시,NNP
전주 여행,265,완산구,NNP
전주 여행,265,구룡,NNP
전주 여행,265,33,SN
전주 여행,265,16,SN
전주 여행,266,증량,NNG
전주 여행,266,냐구요,EF
전주 여행,266,아뇨,IC
전주 여행,266,조점,NNG
전주 여행,266,피순대,NNG
전주 여행,266,국밥,NNG
전주 여행,266,오늘,NNG
전주 여행,266,코스,NNG
전주 여행,266,봅니다,VX+EC
전주 여행,266,조점,NNG
전주 여행,266,피순대,NNG
전주 여행,266,국밥,NNG
전주 여행,266,자연,NNG
전주 여행,266,소금,NNG
전주 여행,266,난장,NNG
전주 여행,266,메르,NNP
전주 여행,266,코스,NNG
전주 여행,266,소개,NNG
전주 여행,266,드릴,VX+ETM
전주 여행,266,얼른,MAG
전주 여행,266,따라오,VV
전주 여행,266,셔요,EC
전주 여행,266,저희,NP
전주 여행,266,스타일,NNG
전주 여행,266,온리,NNP
전주 여행,266,먹방,NNG
전주 여행,266,에요,EF
전주 여행,266,그리고,MAJ
전주 여행,266,웃긴,VV+ETM
전주 여행,266,사진,NNG
전주 여행,267,숙소,NNG
전주 여행,267,추천,NNP
전주 여행,267,한옥마을,NNP
전주 여행,267,도보,NNP
전주 여행,267,이동,NNP
전주 여행,267,가능,NNG
전주 여행,267,뚜벅,MAG
전주 여행,267,감성,NNG
전주 여행,267,독채,NNG
전주 여행,267,완벽,NNG
전주 여행,267,완성,NNG
전주 여행,267,위해서,VV+EC
전주 여행,267,자신,NNG
전주 여행,267,이동,NNG
전주 여행,267,동선,NNG
전주 여행,267,스타일,NNG
전주 여행,267,숙소,NNG
전주 여행,267,선택,NNG
전주 여행,267,무엇,NP
전주 여행,267,보다,JKB
전주 여행,267,중요,NNG
전주 여행,267,합니다,XSV+EF
전주 여행,267,혼자,MAG
전주 여행,267,떠나,VV
전주 여행,267,뚜벅,MAG
전주 여행,267,부터,JX
전주 여행,267,연인,NNG
전주 여행,267,감성,NNG
전주 여행,267,반려,NNG
전주 여행,267,이나,JC
전주 여행,267,가족,NNG
전주 여행,267,함께,MAG
전주 여행,268,덕진,NNP
전주 여행,268,공원,NNG
전주 여행,268,페스타,NNP
전주 여행,268,무료,NNG
전주 여행,268,야간,NNG
전주 여행,268,축제,NNG
전주 여행,268,덕진,NNP
전주 여행,268,공원,NNG
전주 여행,268,덕진,NNP
전주 여행,268,공원,NNG
전주 여행,268,덕진,NNP
전주 여행,268,공원,NNG
전주 여행,268,주차장,NNG
전주 여행,268,덕진,NNP
전주 여행,268,공원,NNG
전주 여행,268,주차,NNG
전주 여행,268,연화,NNG
전주 여행,268,정도,NNG
전주 여행,268,서관,NNG
전주 여행,268,전주연,NNP
전주 여행,268,화정,NNG
전주 여행,268,도서관,NNG
전주 여행,268,플리,NNP
전주 여행,268,마켓,NNP
전주 여행,268,공연,NNG
전주 여행,268,버스,NNG
전주 여행,268,무료,NNG
전주 여행,268,공연,NNG
전주 여행,268,아이,NNG
전주 여행,268,전북,NNP
전주 여행,268,전북,NNP
전주 여행,268,축제,NNG
전주 여행,269,기록,NNG
전주 여행,269,마지막,NNG
전주 여행,269,면서,EC
전주 여행,269,사실,MAG
전주 여행,269,아요,EF
전주 여행,269,관광,NNG
전주 여행,269,위주,NNG
전주 여행,269,보다,JKB
전주 여행,269,먹방,NNG
전주 여행,269,부모,NNG
전주 여행,269,나름,NNB
전주 여행,269,알차,VA
전주 여행,269,다가,EC
전주 여행,269,어요,EF
전주 여행,269,다음,NNG
전주 여행,269,만나,VV+EC
전주 여행,269,다시,MAG
전주 여행,269,인천,NNP
전주 여행,269,맛집,NNG
전주 여행,269,요정,NNG
전주 여행,269,으로,JKB
전주 여행,269,돌아올,VV+ETM
전주 여행,270,한옥마을,NNP
전주 여행,270,맛집,NNG
전주 여행,270,애견,NNG
전주 여행,270,동반,NNG
전주 여행,270,고깃집,NNG
전주 여행,270,가마솥,NNG
전주 여행,270,강추,NNG
전주 여행,270,다녀오,VV
전주 여행,270,애견,NNG
전주 여행,270,동반,NNG
전주 여행,270,에서,JKB
전주 여행,270,빠뜨릴,VV+ETM
전주 여행,270,맛집,NNG
전주 여행,270,인데,VCP+EC
전주 여행,270,에서,JKB
전주 여행,270,한옥마을,NNP
전주 여행,270,맛집,NNG
전주 여행,270,여행객,NNG
전주 여행,270,한옥마을,NNP
전주 여행,270,맛집,NNG
전주 여행,270,으로,JKB
전주 여행,270,찾아가,VV
전주 여행,270,동네,NNG
전주 여행,270,사람,NNG
전주 여행,271,2026,SN
전주 여행,271,여름,NNG
전주 여행,271,방학,NNG
전주 여행,271,이렇게,MAG
전주 여행,271,첫날,NNG
전주 여행,271,마무리,NNG
전주 여행,271,습니다,EF
전주 여행,271,공동육아,NNG
전주 여행,271,역시,MAJ
전주 여행,271,시간,NNG
전주 여행,271,빨리,MAG
전주 여행,271,가요,NNG
전주 여행,271,그럼,MAJ
전주 여행,271,다음,NNG
전주 여행,271,에서,JKB
전주 여행,271,호텔,NNG
전주 여행,271,한옥마을,NNP
전주 여행,271,주라,NNG
전주 여행,271,수영장,NNG
전주 여행,271,베테랑,NNG
전주 여행,271,칼국수,NNG
전주 여행,271,덕진,NNP
전주 여행,271,공원,NNG
전주 여행,272,국내,NNG
전주 여행,272,여자,NNG
전주 여행,272,코스,NNG
전주 여행,272,추천,NNG
전주 여행,272,도서관,NNG
전주 여행,272,투어,NNG
전주 여행,272,콩나물국,NNG
전주 여행,272,맛집,NNG
전주 여행,272,헤헤,MAG
전주 여행,272,갔다온,VV+ETM
전주 여행,272,이제야,MAG
전주 여행,272,다니,EC
전주 여행,272,어쩔,VV+ETM
전주 여행,272,으름,NNG
전주 여행,272,갔다온,VV+ETM
전주 여행,272,오래,MAG
전주 여행,272,돼서,VV+EC
전주 여행,272,사촌,NNG
전주 여행,272,동생,NNG
전주 여행,272,이랑,JC
전주 여행,272,부산,NNP
전주 여행,272,이렇게,MAG
전주 여행,272,국내,NNG
전주 여행,272,나중,NNG
전주 여행,272,도서관,NNG
전주 여행,272,투어,NNG
전주 여행,272,제대로,MAG
전주 여행,272,어서,EC
전주 여행,273,전북,NNP
전주 여행,273,개월,NNBC
전주 여행,273,아기,NNG
전주 여행,273,함께,MAG
전주 여행,273,여수,NNG
전주 여행,273,신라,NNG
전주 여행,273,스테이,NNG
전주 여행,273,여수,NNP
전주 여행,273,스탠,NNP
전주 여행,273,안녕,NNG
전주 여행,273,세요,EP+EF
전주 여행,273,리하,NNP
전주 여행,273,입니다,VCP+EF
전주 여행,273,사랑,NNG
전주 여행,273,여행지,NNG
전주 여행,273,여수,NNP
전주 여행,273,에서,JKB
전주 여행,273,하루,NNG
전주 여행,273,시작,NNG
전주 여행,273,면서,EC
전주 여행,273,숙소,NNG
전주 여행,273,체크인,NNG
전주 여행,273,바로,MAG
전주 여행,273,엄마,NNG
전주 여행,273,딱지,NNG
전주 여행,273,사랑,NNG
전주 여행,273,이랑,JC
전주 여행,273,여수,NNP
전주 여행,273,천천히,MAG
전주 여행,273,기록,NNG
전주 여행,273,볼게요,VX+EF
전주 여행,273,여수,NNG
전주 여행,273,여수,NNP
전주 여행,273,숙소,NNG
전주 여행,273,여수,NNP
전주 여행,273,신라,NNP
전주 여행,273,스테이,NNG
전주 여행,274,회차,NNG
전주 여행,274,뚜벅,MAG
전주 여행,274,여름,NNG
전주 여행,274,나기,NNG
전주 여행,274,코스,NNG
전주 여행,274,무지,MAG
전주 여행,274,더움,VA+ETN
전주 여행,274,사람,NNG
전주 여행,274,눈치,NNG
전주 여행,274,게임,NNG
전주 여행,274,성공,NNG
전주 여행,274,베테랑,NNG
전주 여행,274,칼국수,NNG
전주 여행,274,과거,NNG
전주 여행,274,웨이팅,NNG
전주 여행,274,간신히,MAG
전주 여행,274,아빠,NNG
전주 여행,274,다리,NNG
전주 여행,274,는데,EC
전주 여행,274,간편,XR
전주 여행,274,해진,XSA+EC+VX+ETM
전주 여행,274,입식,NNG
전주 여행,274,조직,NNG
전주 여행,274,서빙,NNG
전주 여행,274,물론,MAG
전주 여행,274,으나,EC
전주 여행,274,그리운,VA+ETM
전주 여행,274,감각,NNG
전주 여행,275,신라,NNP
전주 여행,275,스테이,NNP
전주 여행,275,한옥마을,NNP
전주 여행,275,추석,NNG
전주 여행,275,연휴,NNG
전주 여행,275,15,SN
전주 여행,275,가족,NNG
전주 여행,275,신라,NNG
전주 여행,275,스테이,NNG
전주 여행,275,할인,NNG
전주 여행,275,쿠폰,NNG
전주 여행,275,한옥마을,NNP
전주 여행,275,가까운,VA+ETM
전주 여행,275,위치,NNG
전주 여행,275,하루,NNG
전주 여행,275,생각,NNG
전주 여행,275,보다,JKB
전주 여행,275,정말,MAG
전주 여행,275,잖아요,EC
전주 여행,275,한옥마을,NNP
전주 여행,275,돌아보,VV
전주 여행,275,경기전,NNG
전주 여행,275,이나,JC
전주 여행,275,전동성당,NNP
전주 여행,275,구경,NNG
전주 여행,275,중간,NNG
전주 여행,275,중간,NNG
전주 여행,275,맛집,NNG
전주 여행,275,이나,JC
전주 여행,275,카페,NNG
전주 여행,275,들르,VV
전주 여행,275,하루,NNG
전주 여행,276,뚜벅,MAG
전주 여행,276,코스,NNG
전주 여행,276,한옥마을,NNP
전주 여행,276,주일몽,NNP
전주 여행,276,모주,NNG
전주 여행,276,돌아갈,VV+ETM
전주 여행,276,포장,NNG
전주 여행,276,어요,EF
전주 여행,276,제발,MAG
전주 여행,276,가시,VV
전주 여행,276,매일,MAG
전주 여행,276,매일,MAG
전주 여행,276,하나,NR
전주 여행,276,여기,NP
전주 여행,276,명란,NNG
전주 여행,276,소금,NNG
전주 여행,276,아메,MAG
전주 여행,276,살짝,MAG
전주 여행,276,산미,NNG
전주 여행,276,습니다,EF
전주 여행,276,명란,NNG
전주 여행,276,크림,NNG
전주 여행,276,넘칠,VV+ETM
전주 여행,276,만큼,NNB
전주 여행,276,가득,MAG
전주 여행,276,어서,EC
전주 여행,277,금암,NNG
전주 여행,277,면옥,NNG
전주 여행,277,플랫,NNG
전주 여행,277,메이트,NNG
전주 여행,277,에어,NNP
전주 여행,277,비앤비,NNP
전주 여행,277,친구,NNG
전주 여행,277,시작,NNG
전주 여행,277,점심,NNG
전주 여행,277,부터,JX
전주 여행,277,시작,NNG
전주 여행,277,구용,NNG
전주 여행,277,메뉴,NNG
전주 여행,277,어떻게,MAG
전주 여행,277,시킬지,VV+EC
전주 여행,277,도착,NNG
전주 여행,277,부터,JX
전주 여행,277,열띤,VA+ETM
전주 여행,277,회의,NNG
전주 여행,277,칼국수,NNG
전주 여행,277,까스,NNP
전주 여행,277,건데,NNB+VCP+EC
전주 여행,277,남겨도,VV+EC
전주 여행,277,시키,VV
전주 여행,278,정선,NNG
전주 여행,278,리조트,NNG
전주 여행,278,워터,NNG
전주 여행,278,파크,NNG
전주 여행,278,최신,NNG
전주 여행,278,코스,NNG
전주 여행,278,추천,NNG
전주 여행,278,그럼,MAJ
전주 여행,278,오늘,NNG
전주 여행,278,금요일,NNG
전주 여행,278,다녀온,VV+ETM
전주 여행,278,정선,NNG
전주 여행,278,워터,NNG
전주 여행,278,파크,NNG
전주 여행,278,최신,NNG
전주 여행,278,모습,NNG
전주 여행,278,자세히,MAG
전주 여행,278,소개,NNG
전주 여행,278,드릴게요,VX+EC
전주 여행,278,정선,NNG
전주 여행,278,코스,NNG
전주 여행,278,추천,NNG
전주 여행,278,워터,NNG
전주 여행,278,파크,NNG
전주 여행,278,정선,NNG
전주 여행,278,워터,NNG
전주 여행,278,파크,NNG
전주 여행,278,주소,NNG
전주 여행,278,강원,NNG
전주 여행,278,정선군,NNG
전주 여행,278,고한읍,NNP
전주 여행,278,이원길,NNP
전주 여행,278,424,SN
전주 여행,278,금요일,NNG
전주 여행,279,호텔,NNG
전주 여행,279,추천,NNP
전주 여행,279,한옥마을,NNP
전주 여행,279,도보,NNP
전주 여행,279,거리,NNG
전주 여행,279,조식,NNG
전주 여행,279,차이,NNG
전주 여행,279,어디,NP
전주 여행,279,을까,EC
전주 여행,279,알차,VA
전주 여행,279,즐기,VV
전주 여행,279,위해서,VV+EC
전주 여행,279,주요,NNG
전주 여행,279,관광지,NNG
전주 여행,279,도보,NNG
전주 여행,279,접근성,NNG
전주 여행,279,주차,NNG
전주 여행,279,편의,NNG
전주 여행,279,객실,NNG
전주 여행,279,위생,NNG
전주 여행,279,상태,NNG
전주 여행,279,조식,NNG
전주 여행,279,서비스,NNG
전주 여행,279,자신,NNG
전주 여행,279,목적,NNG
전주 여행,279,동행자,NNG
전주 여행,279,숙소,NNG
전주 여행,279,선택,NNG
전주 여행,279,중요,NNG
전주 여행,279,합니다,XSV+EF
전주 여행,279,이번,NNG
전주 여행,280,샐러드,NNG
전주 여행,280,맛집,NNG
전주 여행,280,으로,JKB
전주 여행,280,유명,XR
전주 여행,280,신시가지,NNG
전주 여행,280,브런치,NNP
전주 여행,280,맛집,NNG
전주 여행,280,효자동,NNG
전주 여행,280,다행히,MAG
전주 여행,280,감기,NNG
전주 여행,280,몸살,NNG
전주 여행,280,와서,VV+EC
전주 여행,280,입맛,NNG
전주 여행,280,떨어진,VV+ETM
전주 여행,280,상태,NNG
전주 여행,280,그루브,NNP
전주 여행,280,호텔,NNG
전주 여행,280,에서,JKB
전주 여행,280,꿀잠,NNG
전주 여행,280,나와서,VV+EC
전주 여행,280,느껴,VV+EC
전주 여행,280,점심,NNG
전주 여행,280,건강,NNG
전주 여행,280,맛있,VA
전주 여행,280,다고,EC
전주 여행,280,소문,NNG
전주 여행,280,지중,NNG
전주 여행,280,해식,NNG
전주 여행,280,음식,NNG
전주 여행,280,으러,EC
전주 여행,280,12,SN
전주 여행,280,맞춰,VV+EC
전주 여행,280,더니,EC
전주 여행,281,축제,NNG
전주 여행,281,페스타,NNP
전주 여행,281,무료,NNG
전주 여행,281,야간,NNG
전주 여행,281,축제,NNG
전주 여행,281,정리,NNP
전주 여행,281,페스타,NNP
전주 여행,281,2026,SN
전주 여행,281,페스타,NNP
전주 여행,281,축제,NNG
전주 여행,281,축제,NNG
전주 여행,281,주야간,NNG
전주 여행,281,축제,NNG
전주 여행,281,주야간,NNG
전주 여행,281,관광,NNG
전주 여행,281,덕진,NNP
전주 여행,281,공원,NNG
전주 여행,281,연화,NNG
전주 여행,281,정도,NNG
전주 여행,281,서관,NNG
전주 여행,281,데이트,NNG
전주 여행,281,주가,NNG
전주 여행,281,야경,NNG
전주 여행,281,코스,NNG
전주 여행,282,내산,NNP
전주 여행,282,한옥마을,NNP
전주 여행,282,맛집,NNG
전주 여행,282,베테랑,NNG
전주 여행,282,칼국수,NNG
전주 여행,282,후기,NNG
전주 여행,282,칼국수,NNG
전주 여행,282,휴양림,NNG
전주 여행,282,아니,VCN
전주 여행,282,극기,NNG
전주 여행,282,훈련,NNG
전주 여행,282,마치,VV
전주 여행,282,우리,NP
전주 여행,282,가족,NNG
전주 여행,282,간단,XR
전주 여행,282,점심,NNG
전주 여행,282,으러,EC
전주 여행,282,들른,VV+ETM
전주 여행,282,바로,MAG
전주 여행,282,한옥마을,NNP
전주 여행,282,베테랑,NNG
전주 여행,282,칼국수,NNG
전주 여행,282,출신,NNG
전주 여행,282,남편,NNG
전주 여행,282,친구,NNG
전주 여행,282,보내,VV+EC
전주 여행,282,맛집,NNG
전주 여행,282,리스트,NNG
전주 여행,283,가족,NNG
전주 여행,283,회관,NNG
전주 여행,283,빠질,VV+ETM
전주 여행,283,메뉴,NNG
전주 여행,283,비빔밥,NNG
전주 여행,283,전문점,NNG
전주 여행,283,에서,JKB
전주 여행,283,빠질,VV+ETM
전주 여행,283,메뉴,NNG
전주 여행,283,역시,MAJ
전주 여행,283,비빔밥,NNG
전주 여행,283,이번,NNG
전주 여행,283,다가,EC
전주 여행,283,비빔밥,NNG
전주 여행,283,전문점,NNG
전주 여행,283,으로,JKB
전주 여행,283,유명,XR
전주 여행,283,가족,NNG
전주 여행,283,회관,NNG
전주 여행,283,다녀왔,VV+EP
전주 여행,283,어요,EF
전주 여행,283,방송,NNG
전주 여행,283,여러,MM
전주 여행,283,소개,NNG
전주 여행,283,부터,JX
전주 여행,283,궁금,XR
전주 여행,283,는데,EC
전주 여행,283,직접,MAG
전주 여행,284,엄마,NNG
전주 여행,284,떠나,VV
전주 여행,284,금요일,NNG
전주 여행,284,퇴근,NNG
전주 여행,284,엄마,NNG
전주 여행,284,훌쩍,MAG
전주 여행,284,떠나,VV+EC
전주 여행,284,떠나,VV+EC
전주 여행,284,본가,NNG
전주 여행,284,여서,VCP+EC
전주 여행,284,지만,EC
전주 여행,284,엄마,NNG
전주 여행,284,주도,NNG
전주 여행,284,처음,NNG
전주 여행,284,고속버스,NNG
전주 여행,284,처음,MAG
전주 여행,284,그래도,VV+EC
전주 여행,284,시간,NNBC
전주 여행,284,정도,NNG
전주 여행,285,월야,NNG
전주 여행,285,키이스,NNP
전주 여행,285,케이프,NNP
전주 여행,285,탈출,NNG
전주 여행,285,추천,NNG
전주 여행,285,조조할인,NNG
전주 여행,285,신시가지,NNG
전주 여행,285,탈출,NNG
전주 여행,285,유명,XR
전주 여행,285,찾아보,VV
전주 여행,285,키이스,NNP
전주 여행,285,케이프,NNP
전주 여행,285,테마,NNG
전주 여행,285,괜찮,VA
전주 여행,285,다는,ETM
전주 여행,285,소식,NNG
전주 여행,285,가장,MAG
전주 여행,285,후기,NNG
전주 여행,285,괜찮,VA
전주 여행,285,월야,NNG
전주 여행,285,선택,NNG
전주 여행,285,습니다,EF
전주 여행,285,2026,SN
전주 여행,285,08,SN
전주 여행,285,28,SN
전주 여행,286,코스,NNG
전주 여행,286,추천,NNG
전주 여행,286,한옥마을,NNP
전주 여행,286,경기전,NNG
전주 여행,286,전동성당,NNP
전주 여행,286,산책,NNG
전주 여행,286,자세,XR
전주 여행,286,정보,NNG
전주 여행,286,아래,NNG
전주 여행,286,에서,JKB
전주 여행,286,자세히,MAG
전주 여행,286,확인,NNG
전주 여행,286,세요,EP+EF
전주 여행,286,자세,XR
전주 여행,286,정보,NNG
전주 여행,286,아래,NNG
전주 여행,286,에서,JKB
전주 여행,286,자세히,MAG
전주 여행,286,확인,NNG
전주 여행,286,세요,EP+EF
전주 여행,286,코스,NNG
전주 여행,286,이유,NNG
전주 여행,286,동선,NNG
전주 여행,286,핵심,NNG
전주 여행,286,한옥마을,NNP
전주 여행,286,안팎,NNG
전주 여행,286,분위기,NNG
전주 여행,286,이어,MAG
전주 여행,286,다는,ETM
전주 여행,287,2026,SN
전주 여행,287,05,SN
전주 여행,287,01,SN
전주 여행,287,02,SN
전주 여행,287,다시,MAG
전주 여행,287,그치만,MAJ
전주 여행,287,콩나물국,NNG
전주 여행,287,콩나물국,NNG
전주 여행,287,여행지,NNG
전주 여행,287,주로,MAG
전주 여행,287,선택,NNG
전주 여행,287,이유,NNG
전주 여행,287,가장,MAG
전주 여행,287,강력,XR
전주 여행,287,작년,NNG
전주 여행,287,친구,NNG
전주 여행,287,와서,VV+EC
전주 여행,287,한복,NNG
전주 여행,287,돌아다니,VV
전주 여행,287,가을,NNG
전주 여행,287,나중,NNG
전주 여행,287,언니,NNG
전주 여행,287,와서,VV+EC
전주 여행,287,다고,EC
전주 여행,287,생각나,VV
전주 여행,288,에서,JKB
전주 여행,288,어야,EC
전주 여행,288,사람,NNG
전주 여행,288,추천,NNG
전주 여행,288,콩나물국,NNG
전주 여행,288,어야,EC
전주 여행,288,할까요,VX+EC
전주 여행,288,비빔밥,NNG
전주 여행,288,한정식,NNG
전주 여행,288,유명,XR
전주 여행,288,지만,EC
전주 여행,288,현재,MAG
전주 여행,288,비엔나,NNP
전주 여행,288,저희,NP
전주 여행,288,가족,NNG
전주 여행,288,에게,JKB
전주 여행,288,조금,MAG
전주 여행,288,특별,NNG
전주 여행,288,해요,XSA+EF
전주 여행,288,남편,NNG
전주 여행,288,에서,JKB
전주 여행,288,자랐,VV+EP
전주 여행,288,거든요,EF
전주 여행,288,그래서,MAJ
전주 여행,288,이번,NNG
전주 여행,288,관광객,NNG
전주 여행,288,추천,NNG
전주 여행,288,맛집,NNG
전주 여행,288,보다,JKB
전주 여행,289,국내,NNG
전주 여행,289,미식,NNG
전주 여행,289,여행지,NNG
전주 여행,289,리스트,NNG
전주 여행,289,제주,NNP
전주 여행,289,포항,NNP
전주 여행,289,맛집,NNG
전주 여행,289,추천,NNG
전주 여행,289,전통,NNG
전주 여행,289,건강,NNG
전주 여행,289,저염식,NNP
전주 여행,289,정점,NNG
전주 여행,289,아침,NNG
전주 여행,289,식사,NNG
전주 여행,289,즐기,VV
전주 여행,289,콩나물국,NNG
전주 여행,289,입니다,VCP+EF
전주 여행,289,수란,NNG
전주 여행,289,함께,MAG
전주 여행,289,제공,NNG
전주 여행,289,시원,XR
전주 여행,289,국물,NNG
전주 여행,289,피로,NNG
전주 여행,289,기에,EC
전주 여행,289,충분,XR
전주 여행,289,주차,NNG
전주 여행,289,공간,NNG
전주 여행,289,넉넉,XR
전주 여행,290,호텔,NNG
전주 여행,290,추천,NNP
전주 여행,290,한옥마을,NNP
전주 여행,290,도보,NNP
전주 여행,290,접근성,NNG
전주 여행,290,넉넉,XR
전주 여행,290,주차,NNG
전주 여행,290,공간,NNG
전주 여행,290,완벽,NNG
전주 여행,290,즐기,VV
전주 여행,290,위해서,VV+EC
전주 여행,290,목적,NNG
전주 여행,290,동선,NNG
전주 여행,290,맞춰,VV+EC
전주 여행,290,위치,NNG
전주 여행,290,객실,NNG
전주 여행,290,상태,NNG
전주 여행,290,편의,NNG
전주 여행,290,시설,NNG
전주 여행,290,다각도,NNG
전주 여행,290,살펴보,VV
전주 여행,290,매우,MAG
전주 여행,290,중요,NNG
전주 여행,290,합니다,XSV+EF
전주 여행,290,이번,NNG
전주 여행,290,에서,JKB
전주 여행,290,한옥마을,NNP
전주 여행,290,도심,NNG
전주 여행,290,근처,NNG
전주 여행,290,위치,NNG
전주 여행,290,매력,NNG
전주 여행,291,평화동,NNP
전주 여행,291,맛집,NNG
전주 여행,291,특벳,UNKNOWN
전주 여행,291,현지,NNG
전주 여행,291,느낌,MAG
전주 여행,291,가득,MAG
전주 여행,291,쌀국수,NNG
전주 여행,291,후기,NNG
전주 여행,291,작년,NNG
전주 여행,291,베트남,NNP
전주 여행,291,다가,EC
전주 여행,291,kg,SL
전주 여행,291,쪄서,VV+EC
전주 여행,291,돌아온,VV+ETM
전주 여행,291,사람,NNG
전주 여행,291,평소,NNG
전주 여행,291,베트남,NNP
전주 여행,291,요리,NNG
전주 여행,291,정말,MAG
전주 여행,291,해서,VV+EC
전주 여행,291,동네,NNG
전주 여행,291,에서,JKB
전주 여행,291,오가,VV
전주 여행,291,눈여겨본,VV+ETM
전주 여행,291,평화동,NNP
전주 여행,291,베트남,NNP
전주 여행,291,음식점,NNG
전주 여행,291,특벳에,UNKNOWN
전주 여행,291,기회,NNG
전주 여행,291,다녀왔,VV+EP
전주 여행,291,어요,EF
전주 여행,291,아가씨,NNG
전주 여행,291,같이,MAG
전주 여행,292,관광,NNG
전주 여행,292,호텔,NNG
전주 여행,292,총평,NNG
전주 여행,292,한옥마을,NNP
전주 여행,292,완벽,NNG
전주 여행,292,거점,NNG
전주 여행,292,관광,NNG
전주 여행,292,호텔,NNG
전주 여행,292,후기,NNG
전주 여행,292,들려,VV+EC
전주 여행,292,드리,VX
전주 여행,292,려고,EC
전주 여행,292,해요,VX+EF
전주 여행,292,일단,MAG
전주 여행,292,위치,NNG
전주 여행,292,정말,MAG
전주 여행,292,최고,NNG
전주 여행,292,특히,MAG
전주 여행,292,잠들,VV+ETM
전주 여행,292,정말,MAG
전주 여행,292,중심지,NNG
전주 여행,292,자리,NNG
전주 여행,292,더라고요,EC
전주 여행,292,한옥마을,NNP
전주 여행,292,까지,JX
전주 여행,292,걸어서,VV+EC
전주 여행,292,10,SN
전주 여행,293,호텔,NNG
전주 여행,293,아기,NNG
전주 여행,293,후기,NNG
전주 여행,293,한옥마을,NNP
전주 여행,293,도보,NNP
전주 여행,293,디럭스,NNP
전주 여행,293,더블,NNG
전주 여행,293,한옥마을,NNP
전주 여행,293,계획,NNG
전주 여행,293,다면,EC
전주 여행,293,위치,NNG
전주 여행,293,한옥마을,NNP
전주 여행,293,객실,NNG
전주 여행,293,선택지,NNG
전주 여행,293,다양,XR
전주 여행,293,호텔,NNG
전주 여행,293,참고,NNG
전주 여행,293,세요,EP+EF
전주 여행,293,숙소,NNG
전주 여행,293,전주호,NNP
전주 여행,293,한옥,NNG
전주 여행,293,마을,NNG
전주 여행,293,숙소,NNG
전주 여행,293,주라,NNG
전주 여행,293,호텔,NNG
전주 여행,293,호텔,NNG
전주 여행,294,대전,NNP
전주 여행,294,봉명동,NNP
전주 여행,294,손맛,NNG
전주 여행,294,맛집,NNG
전주 여행,294,엄마,NNG
전주 여행,294,밥집,NNG
전주 여행,294,이번,NNG
전주 여행,294,대전,NNG
전주 여행,294,에서,JKB
전주 여행,294,유성,NNG
전주 여행,294,온천,NNG
전주 여행,294,봉명동,NNP
전주 여행,294,엄마,NNG
전주 여행,294,푸짐,XR
전주 여행,294,정성,NNG
전주 여행,294,가득,MAG
전주 여행,294,맛집,NNG
전주 여행,294,주하,NNG
전주 여행,294,우스,NNG
전주 여행,294,솥뚜껑,NNG
전주 여행,294,삼겹살,NNG
전주 여행,294,습니다,EF
전주 여행,294,역시,MAJ
전주 여행,294,밥집,NNG
전주 여행,294,손맛,NNG
전주 여행,294,주하,NNG
전주 여행,294,우스,NNG
전주 여행,294,라는,VCP+ETM
전주 여행,294,명칭,NNG
전주 여행,294,걸맞,VA
전주 여행,294,가득,MAG
전주 여행,295,코지,NNG
전주 여행,295,발마,NNG
전주 여행,295,사지,NNG
전주 여행,295,는다면,EC
전주 여행,295,완산구,NNP
전주 여행,295,중화산동,NNP
전주 여행,295,코지,NNG
전주 여행,295,힐링,NNG
전주 여행,295,마사지,NNP
전주 여행,295,커플,NNG
전주 여행,295,마사지,NNP
전주 여행,295,주발,NNG
전주 여행,295,마사지,NNP
전주 여행,295,이색,NNG
전주 여행,295,데이트,NNG
전주 여행,295,코스,NNG
전주 여행,295,주발,NNG
전주 여행,295,관리,NNG
전주 여행,295,마사지,NNP
전주 여행,295,부모,NNG
전주 여행,295,마사지,NNG
전주 여행,295,추천,NNG
전주 여행,295,족욕,NNG
전주 여행,295,발마,NNG
전주 여행,295,사지,NNG
전주 여행,295,추천,NNG
전주 여행,296,한옥마을,NNP
전주 여행,296,둘러보,VV
전주 여행,296,육전,NNG
전주 여행,296,부터,JX
전주 여행,296,주변,NNG
전주 여행,296,에서,JKB
전주 여행,296,봐야,VX+EC
전주 여행,296,라며,EC
전주 여행,296,추천,NNG
전주 여행,296,한옥,NNG
전주 여행,296,마을,NNG
전주 여행,296,무조건,MAG
전주 여행,296,야겠다,EC+VX+EP+EC
전주 여행,296,생각,NNG
전주 여행,296,첫날,NNG
전주 여행,296,이튿날,NNG
전주 여행,296,열심히,MAG
전주 여행,296,돌아보,VV
전주 여행,296,나중,NNG
전주 여행,296,남편,NNG
전주 여행,296,한테,JKB
전주 여행,296,한옥마을,NNP
전주 여행,296,가이드,NNG
전주 여행,297,독박,NNG
전주 여행,297,투어,NNG
전주 여행,297,원집,NNG
전주 여행,297,김밥,NNG
전주 여행,297,주차,NNG
전주 여행,297,가격,NNG
전주 여행,297,메뉴,NNG
전주 여행,297,맛집,NNG
전주 여행,297,독박,NNG
전주 여행,297,투어,NNG
전주 여행,297,원집,NNG
전주 여행,297,김밥,NNG
전주 여행,297,주차,NNG
전주 여행,297,메뉴,NNG
전주 여행,297,로컬,NNG
전주 여행,297,맛집,NNG
전주 여행,297,사진,NNG
전주 여행,297,라스타,NNP
전주 여행,297,맛집,NNG
전주 여행,297,다가,EC
전주 여행,297,방문,NNG
전주 여행,297,중앙,NNG
전주 여행,297,시장,NNG
전주 여행,297,위치,NNG
전주 여행,297,오원,NNG
전주 여행,297,본점,NNG
전주 여행,297,에요,EF
전주 여행,297,오래,MAG
전주 여행,297,부터,JX
전주 여행,297,연탄불,NNG
전주 여행,297,돼지,NNG
전주 여행,297,구이,NNG
전주 여행,297,김밥,NNG
전주 여행,297,상추쌈,NNG
전주 여행,298,케익,NNG
전주 여행,298,맛집,NNG
전주 여행,298,브레드,NNG
전주 여행,298,효자동,NNG
전주 여행,298,본점,NNG
전주 여행,298,생일,NNG
전주 여행,298,케이크,NNG
전주 여행,298,빵집,NNG
전주 여행,298,추천,NNP
전주 여행,298,전북,NNP
전주 여행,298,케익,NNG
전주 여행,298,맛집,NNG
전주 여행,298,브레드,NNG
전주 여행,298,효자동,NNG
전주 여행,298,본점,NNG
전주 여행,298,생일,NNG
전주 여행,298,케이크,NNG
전주 여행,298,빵집,NNG
전주 여행,298,추천,NNG
전주 여행,298,로컬,NNG
전주 여행,298,기행,NNG
전주 여행,298,아름,NNG
전주 여행,298,촌장,NNG
전주 여행,298,안녕,NNG
전주 여행,298,세요,EP+EF
전주 여행,298,우리,NP
전주 여행,298,나라,NNG
전주 여행,298,구석구석,NNG
전주 여행,298,로컬,NNG
전주 여행,298,이야기,NNG
전주 여행,298,전하,VV
전주 여행,298,언서,NNG
전주 여행,298,아름,NNG
전주 여행,298,촌장,NNG
전주 여행,298,에요,EF
전주 여행,299,한옥마을,NNP
전주 여행,299,손해,NNG
전주 여행,299,BEST,SL
전주 여행,299,경기전,NNG
전주 여행,299,덕진,NNP
전주 여행,299,공원,NNG
전주 여행,299,목차,NNG
전주 여행,299,한옥,NNG
전주 여행,299,마을,NNG
전주 여행,299,둘러보,VV
전주 여행,299,끝내,VV
전주 여행,299,나요,EF
전주 여행,299,핵심,NNG
전주 여행,299,여행지,NNG
전주 여행,299,한눈,NNG
전주 여행,299,비교,NNG
전주 여행,299,전통,NNG
전주 여행,299,역사,NNG
전주 여행,299,필수,NNG
전주 여행,299,코스,NNG
전주 여행,299,어디,NP
전주 여행,299,일까요,VCP+EC
전주 여행,299,이색,NNG
전주 여행,299,실내,NNG
전주 여행,299,데이트,NNG
전주 여행,299,문화예술,NNP
전주 여행,299,명소,NNG
전주 여행,299,어디,NP
전주 여행,299,인가요,VCP+EC
전주 여행,299,자연,NNG
전주 여행,299,에서,JKB
전주 여행,299,여유,NNG
전주 여행,300,Hi,SL
전주 여행,300,jeju,SL
전주 여행,300,여름,NNG
전주 여행,300,제주,NNP
전주 여행,300,26,SN
전주 여행,300,17,SN
전주 여행,300,26,SN
전주 여행,300,19,SN
전주 여행,300,거의,MAG
전주 여행,300,인생,NNG
전주 여행,300,처음,NNG
전주 여행,300,라고,EC
전주 여행,300,제주,NNP
전주 여행,300,여행기,NNG
전주 여행,300,기억,NNG
전주 여행,300,어린,VA+ETM
전주 여행,300,시절,NNG
전주 여행,300,다녀왔,VV+EP
전주 여행,300,아침,NNG
전주 여행,300,부터,JX
전주 여행,300,에서,JKB
전주 여행,300,광주,NNP
전주 여행,300,공항,NNG
전주 여행,300,으로,JKB
전주 여행,300,출발,NNG
전주 여행,300,전날,NNG
전주 여행,300,시간,NNG
전주 여행,301,호텔,NNG
전주 여행,301,루프,NNG
전주 여행,301,수영장,NNG
전주 여행,301,가격,NNG
전주 여행,301,샤워,NNG
전주 여행,301,후기,NNG
전주 여행,301,체크,NNG
전주 여행,301,주라,NNG
전주 여행,301,호텔,NNG
전주 여행,301,수영장,NNG
전주 여행,301,주라,NNG
전주 여행,301,호텔,NNG
전주 여행,301,수영장,NNG
전주 여행,301,입장료,NNG
전주 여행,301,수영장,NNG
전주 여행,301,호텔,NNG
전주 여행,301,수영장,NNG
전주 여행,301,숙소,NNG
전주 여행,301,한옥마을,NNP
전주 여행,301,호텔,NNG
전주 여행,301,주수,NNG
전주 여행,301,영장,NNG
전주 여행,301,후기,NNG
전주 여행,301,호텔,NNG
전주 여행,301,루프,NNG
전주 여행,301,탑수,NNG
전주 여행,301,영장,NNG
전주 여행,301,숙소,NNG
전주 여행,301,추천,NNG
전주 여행,302,타세,NNG
전주 여행,302,부터,JX
전주 여행,302,담양,NNP
전주 여행,302,녹원,NNG
전주 여행,302,까지,JX
전주 여행,302,초록빛,NNG
전주 여행,302,힐링,NNG
전주 여행,302,담양,NNP
전주 여행,302,녹원,NNG
전주 여행,302,전남,NNP
전주 여행,302,담양군,NNP
전주 여행,302,담양읍,NNP
전주 여행,302,녹원,NNG
전주 여행,302,119,SN
전주 여행,302,061,SN
전주 여행,302,380,SN
전주 여행,302,2680,SN
전주 여행,302,나무숲,NNG
전주 여행,302,산책,NNG
전주 여행,302,힐링,NNG
전주 여행,302,여행지,NNG
전주 여행,302,초록빛,NNG
전주 여행,302,메타,NNG
전주 여행,302,싱그러운,VA+ETM
전주 여행,302,나무숲,NNG
전주 여행,302,녹원,NNG
전주 여행,302,까지,JX
전주 여행,302,함께,MAG
전주 여행,302,이제,MAG
전주 여행,302,아쉽,VA
전주 여행,302,지만,EC
전주 여행,302,여기,NP
전주 여행,302,잠시,NNG
전주 여행,303,바위,NNG
전주 여행,303,성당,NNG
전주 여행,303,교회,NNG
전주 여행,303,덕진,NNP
전주 여행,303,호수,NNG
전주 여행,303,아니,VCN
전주 여행,303,으니까,EC
전주 여행,303,어야,EC
전주 여행,303,겠다,VX+EP+EC
전주 여행,303,생각,NNG
전주 여행,303,중국집,NNG
전주 여행,303,짬뽕,NNG
전주 여행,303,짜장면,NNG
전주 여행,303,볶음밥,NNG
전주 여행,303,이나,JX
전주 여행,303,연오,NNG
전주 여행,303,어서,EC
전주 여행,303,어딜,NP+JKO
전주 여행,303,환영,NNG
전주 여행,303,는다,EC
전주 여행,303,덩치,NNG
전주 여행,303,무섭,VA
전주 여행,303,생긴,VV+ETM
전주 여행,303,식사,NNG
전주 여행,303,는데,EC
전주 여행,303,그분,NP
전주 여행,304,BOOK,SL
전주 여행,304,CHECK,SL
전주 여행,304,IN,SL
전주 여행,304,독립,NNG
전주 여행,304,서점,NNG
전주 여행,304,도장,NNG
전주 여행,304,기차,NNG
전주 여행,304,도착,NNG
전주 여행,304,여행지,NNG
전주 여행,304,도차,NNG
전주 여행,304,캐리어,NNG
전주 여행,304,으로,JKB
전주 여행,304,나오,VV
전주 여행,304,그제야,MAG
전주 여행,304,진짜,MAG
전주 여행,304,시작,NNG
전주 여행,304,기분,NNG
전주 여행,304,오늘,NNG
전주 여행,304,목적지,NNG
전주 여행,304,책방,NNG
전주 여행,304,그렇,VA
전주 여행,304,다고,EC
전주 여행,304,책방,NNG
전주 여행,304,돌아다닐,VV+ETM
전주 여행,304,생각,NNG
전주 여행,305,한옥마을,NNP
전주 여행,305,안마,NNG
전주 여행,305,족욕,NNG
전주 여행,305,카페,NNG
전주 여행,305,만족,NNG
전주 여행,305,어깨,NNG
전주 여행,305,마사지,NNP
전주 여행,305,족욕,NNG
전주 여행,305,음료,NNG
전주 여행,305,까지,JX
전주 여행,305,현금,NNG
전주 여행,305,14,SN
전주 여행,305,그동안,NNG
전주 여행,305,셔서,EP+EC
전주 여행,305,감사,NNG
전주 여행,305,합니다,XSV+EF
전주 여행,305,한옥마을,NNP
전주 여행,305,한옥마을,NNP
전주 여행,305,족욕,NNG
전주 여행,305,족욕,NNG
전주 여행,305,족욕,NNG
전주 여행,305,카페,NNG
전주 여행,305,안마,NNG
전주 여행,305,족욕,NNG
전주 여행,305,카페,NNG
전주 여행,305,만족,NNG
전주 여행,305,주안마,NNP
전주 여행,305,주안마,NNP
전주 여행,305,카페,NNP
전주 여행,305,코스,NNG
전주 여행,305,한옥마을,NNP
전주 여행,306,백서,NNG
전주 여행,306,남부,NNG
전주 여행,306,시장,NNG
전주 여행,306,처음,NNG
전주 여행,306,사람,NNG
전주 여행,306,위한,VV+ETM
전주 여행,306,완벽,NNG
전주 여행,306,가이드,NNG
전주 여행,306,대한민국,NNP
전주 여행,306,에서,JKB
전주 여행,306,전통,NNG
전주 여행,306,미학,NNG
전주 여행,306,현대,NNG
전주 여행,306,미식,NNG
전주 여행,306,가장,MAG
전주 여행,306,조화,NNG
전주 여행,306,어우러진,VV+ETM
전주 여행,306,고도,NNG
전주 여행,306,전라북도,NNP
전주 여행,306,전주시,NNP
전주 여행,306,방문,NNG
전주 여행,306,여행객,NNG
전주 여행,306,에게,JKB
전주 여행,306,도심,NNG
전주 여행,306,에서,JKB
전주 여행,306,수십,NR
전주 여행,306,서민,NNG
전주 여행,306,애환,NNG
전주 여행,306,남부,NNG
전주 여행,306,시장,NNG
전주 여행,307,맛집,NNG
전주 여행,307,탐방,NNG
전주 여행,307,후기,NNG
전주 여행,307,야식,NNG
전주 여행,307,술집,NNG
전주 여행,307,오원,NNG
전주 여행,307,닭발,NNG
전주 여행,307,최고,NNG
전주 여행,307,내산,NNG
전주 여행,307,안녕,NNG
전주 여행,307,세요,EP+EF
전주 여행,307,블링,NNG
전주 여행,307,오늘,NNG
전주 여행,307,남편,NNG
전주 여행,307,이랑,JC
전주 여행,307,습니다,EF
전주 여행,307,으로,JKB
전주 여행,307,결정,NNG
전주 여행,307,먼저,MAG
전주 여행,307,음식,NNG
전주 여행,307,아요,EF
전주 여행,307,동안,NNG
전주 여행,307,기대,NNG
전주 여행,308,숙소,NNG
전주 여행,308,추천,NNP
전주 여행,308,한옥마을,NNP
전주 여행,308,도보,NNP
전주 여행,308,탐방,NNG
전주 여행,308,반려,NNG
전주 여행,308,동반,NNG
전주 여행,308,어울리,VV
전주 여행,308,중시,NNG
전주 여행,308,여행자,NNG
전주 여행,308,에게,JKB
전주 여행,308,최적,NNG
전주 여행,308,선택지,NNG
전주 여행,308,입니다,VCP+EF
전주 여행,308,반면,NNG
전주 여행,308,메종,NNG
전주 여행,308,온유,NNG
전주 여행,308,호텔,NNG
전주 여행,308,한옥마을,NNP
전주 여행,308,프라이빗,NNG
전주 여행,308,쿠지,NNP
전주 여행,308,다도,NNG
전주 여행,308,체험,NNG
전주 여행,308,루프,NNG
전주 여행,308,감성,NNG
전주 여행,308,여유,NNG
전주 여행,308,원하,VV
전주 여행,308,거나,EC
전주 여행,308,반려,NNG
전주 여행,308,견과,NNG
전주 여행,308,함께,MAG
전주 여행,308,에게,JKB
전주 여행,309,한옥마을,NNP
전주 여행,309,객사,NNG
전주 여행,309,가성,NNG
전주 여행,309,호텔,NNG
전주 여행,309,로스터,NNG
전주 여행,309,호텔,NNG
전주 여행,309,스탠다드,NNG
전주 여행,309,트윈,NNP
전주 여행,309,내산,NNP
전주 여행,309,yan,SL
전주 여행,309,오늘,NNG
전주 여행,309,에서,JKB
전주 여행,309,만족,NNG
전주 여행,309,스럽,XSA
전주 여행,309,머물렀,VV+EP
전주 여행,309,숙소,NNG
전주 여행,309,추천,NNP
전주 여행,309,리뷰,NNP
전주 여행,309,습니다,EF
전주 여행,309,한옥마을,NNP
전주 여행,309,객사,NNG
전주 여행,309,모두,MAG
전주 여행,309,도보,NNG
전주 여행,309,이동,NNG
전주 여행,309,편해,VA+EC
전주 여행,309,뚜벅,MAG
전주 여행,309,여행자,NNG
전주 여행,309,정말,MAG
전주 여행,309,로스터,NNG
전주 여행,309,호텔,NNG
전주 여행,309,입니다,VCP+EC
전주 여행,310,근교,NNG
전주 여행,310,아이,NNG
전주 여행,310,추천,NNG
전주 여행,310,군산,NNG
전주 여행,310,근대,NNG
전주 여행,310,역사박물관,NNG
전주 여행,310,스탬프,NNG
전주 여행,310,최근,NNG
전주 여행,310,조카,NNG
전주 여행,310,너무,MAG
전주 여행,310,재밌,VA
전주 여행,310,다고,EC
전주 여행,310,다시,MAG
전주 여행,310,려고,EC
전주 여행,310,해요,VX+EF
전주 여행,310,이번,NNG
전주 여행,310,근교,NNG
전주 여행,310,아이,NNG
전주 여행,310,추천,NNG
전주 여행,310,군산,NNG
전주 여행,310,근대,NNG
전주 여행,310,역사박물관,NNG
전주 여행,310,스탬프,NNG
전주 여행,310,투어,NNG
전주 여행,310,입장료,NNG
전주 여행,310,성당,NNG
전주 여행,310,내산,NNG
전주 여행,311,한옥마을,NNP
전주 여행,311,부터,JX
전주 여행,311,경기전,NNG
전주 여행,311,전동,NNG
전주 여행,311,성당,NNG
전주 여행,311,까지,JX
전주 여행,311,코스,NNG
전주 여행,311,한옥,NNG
전주 여행,311,마을,NNG
전주 여행,311,에서,JKB
전주 여행,311,경기전,NNG
전주 여행,311,으로,JKB
전주 여행,311,이어지,VV
전주 여행,311,핵심,NNG
전주 여행,311,도보,NNG
전주 여행,311,구간,NNG
전주 여행,311,으로,JKB
전주 여행,311,습니다,EF
전주 여행,311,전동성당,NNP
전주 여행,311,까지,JX
전주 여행,311,조선,NNP
전주 여행,311,시대,NNG
전주 여행,311,유적,NNG
전주 여행,311,근대,NNG
전주 여행,311,건축,NNG
전주 여행,311,코스,NNG
전주 여행,311,에서,JKB
전주 여행,311,함께,MAG
전주 여행,311,습니다,EF
전주 여행,311,자세,XR
전주 여행,311,정보,NNG
전주 여행,311,아래,NNG
전주 여행,311,에서,JKB
전주 여행,312,PNB,SL
전주 여행,312,풍년제,NNP
전주 여행,312,내산,NNP
전주 여행,312,초코파이,NNP
전주 여행,312,원조,NNG
전주 여행,312,궁금,XR
전주 여행,312,다면,EC
전주 여행,312,종류,NNG
전주 여행,312,기념품,NNG
전주 여행,312,선물,NNG
전주 여행,312,추천,NNP
전주 여행,312,초코파이,NNP
전주 여행,312,유명,XR
전주 여행,312,이유,NNG
전주 여행,312,들르,VV
전주 여행,312,PNB,SL
전주 여행,312,풍년제,NNP
전주 여행,312,면서,EC
전주 여행,312,들르,VV
전주 여행,312,빵집,NNG
전주 여행,312,디저트,NNG
전주 여행,312,맛집,NNG
전주 여행,312,자세히,MAG
전주 여행,312,소개,NNG
전주 여행,312,볼게요,VX+EF
전주 여행,313,블로그,NNG
전주 여행,313,추가,NNG
전주 여행,313,추천,NNG
전주 여행,313,선선,XR
전주 여행,313,계절,NNG
전주 여행,313,전국,NNG
전주 여행,313,가을,NNG
전주 여행,313,미식,NNG
전주 여행,313,맛집,NNG
전주 여행,313,가을,NNG
전주 여행,313,미식,NNG
전주 여행,313,수순,NNG
전주 여행,313,밥상,NNG
전주 여행,313,통영,NNG
전주 여행,313,일식,NNG
전주 여행,313,현대,NNG
전주 여행,313,옥전,NNG
전주 여행,313,주본,NNG
전주 여행,313,통나무집,NNG
전주 여행,313,닭갈비,NNG
전주 여행,313,여수,NNP
전주 여행,313,맛집,NNG
전주 여행,313,통영,NNG
전주 여행,313,맛집,NNG
전주 여행,313,한옥마을,NNP
전주 여행,313,맛집,NNG
전주 여행,313,춘천,NNP
전주 여행,313,닭갈비,NNG
전주 여행,313,맛집,NNG
전주 여행,313,국내,NNG
전주 여행,313,코스,NNG
전주 여행,313,가을,NNG
전주 여행,313,환절기,NNG
전주 여행,313,맛집,NNG
전주 여행,313,전국,NNG
전주 여행,313,맛집,NNG
전주 여행,313,투어,NNG
전주 여행,314,명진,NNP
전주 여행,314,베이커리,NNP
전주 여행,314,카페,NNG
전주 여행,314,베이커리,NNP
전주 여행,314,베이커리,NNP
전주 여행,314,카페,NNG
전주 여행,314,내산,NNG
전주 여행,314,안녕,NNG
전주 여행,314,세요,EP+EF
전주 여행,314,행복,NNG
전주 여행,314,복복,MAG
전주 여행,314,입니다,VCP+EF
전주 여행,314,필수,NNG
전주 여행,314,코스,NNG
전주 여행,314,베이커리,NNP
전주 여행,314,유명,XR
전주 여행,314,맛집,NNG
전주 여행,314,유럽,NNP
전주 여행,314,월드,NNG
전주 여행,314,마스터,NNG
전주 여행,314,제과,NNG
전주 여행,314,제빵,NNG
전주 여행,314,명장,NNG
전주 여행,314,김명진,NNP
전주 여행,314,한국,NNP
전주 여행,314,대표,NNG
전주 여행,314,이름,NNG
전주 여행,314,명진,NNP
전주 여행,314,베이커리,NNP
전주 여행,314,카페,NNG
전주 여행,314,자랑,NNG
전주 여행,314,스러운,XSA+ETM
전주 여행,315,안성,NNG
전주 여행,315,진천,NNG
전주 여행,315,단양,NNG
전주 여행,315,는데,EC
전주 여행,315,연휴,NNG
전주 여행,315,그런지,VA+EC
전주 여행,315,아침,NNG
전주 여행,315,일찍,MAG
전주 여행,315,출발,NNG
전주 여행,315,인데,VCP+EC
전주 여행,315,너무,MAG
전주 여행,315,막혀서,VV+EC
전주 여행,315,고소공포증,NNP
전주 여행,315,이슈,NNG
전주 여행,315,전망대,NNG
전주 여행,315,정상,NNG
전주 여행,315,까지,JX
전주 여행,315,올라가,VV
전주 여행,315,살살,MAG
전주 여행,315,산책,NNG
전주 여행,315,새벽,NNG
전주 여행,315,일어나,VV+EC
전주 여행,315,고파서,VA+EC
전주 여행,316,2026,SN
전주 여행,316,08,SN
전주 여행,316,coffee,SL
전주 여행,316,dessert,SL
전주 여행,316,and,SL
전주 여행,316,the,SL
전주 여행,316,moment,SL
전주 여행,316,벌써,MAG
전주 여행,316,돌아왔,VV+EP
전주 여행,316,네요,EF
전주 여행,316,이번,NNG
전주 여행,316,블로그,NNG
전주 여행,316,주제,NNG
전주 여행,316,문구,NNG
전주 여행,316,coffee,SL
전주 여행,316,dessert,SL
전주 여행,316,and,SL
전주 여행,316,the,SL
전주 여행,316,moment,SL
전주 여행,316,우선,MAG
전주 여행,316,시작,NNG
전주 여행,316,거의,MAG
전주 여행,316,우리,NP
전주 여행,316,아지트,NNG
전주 여행,316,중리,NNG
전주 여행,316,버리,VX
전주 여행,316,여기,NP
전주 여행,316,화장실,NNG
전주 여행,316,핸드,NNG
전주 여행,316,워시,NNP
전주 여행,316,냄새,NNG
전주 여행,316,너무,MAG
전주 여행,316,아서,EC
전주 여행,316,어서,EC
전주 여행,317,엄마,NNG
전주 여행,317,코스,NNG
전주 여행,317,맛집,NNG
전주 여행,317,한복,NNG
전주 여행,317,대여,NNG
전주 여행,317,볼거리,NNG
전주 여행,317,숙소,NNG
전주 여행,317,볶음밥,NNG
전주 여행,317,무조건,MAG
전주 여행,317,드세요,VV+EP+EC
전주 여행,317,고기,NNG
전주 여행,317,까지,JX
전주 여행,317,올려서,VV+EC
전주 여행,317,막힙니다,VV+EC
전주 여행,317,막걸리,NNG
전주 여행,317,영업시간,NNG
전주 여행,317,12,SN
전주 여행,317,23,SN
전주 여행,317,에서,JKB
전주 여행,317,빼놓,VV
전주 여행,317,하나,NR
전주 여행,317,재미,NNG
전주 여행,317,바로,MAG
전주 여행,317,막걸리,NNG
전주 여행,317,한상,NNG
전주 여행,317,에요,EF
전주 여행,317,막걸리,NNG
전주 여행,317,막걸리,NNG
전주 여행,318,1000,SN
전주 여행,318,기념,NNG
전주 여행,318,곁들인,VV+ETM
전주 여행,318,놀래,VV
전주 여행,318,병원,NNG
전주 여행,318,더니,EC
전주 여행,318,표피,NNG
전주 여행,318,낭종,NNG
전주 여행,318,랍니다,EC
전주 여행,318,하루,NNG
전주 여행,318,이러,VV
전주 여행,318,병원,NNG
전주 여행,318,랬는데,EF
전주 여행,318,이미,MAG
전주 여행,318,시간,NNG
전주 여행,318,주말,NNG
전주 여행,318,라서,EC
전주 여행,318,버텨,VV+EC
전주 여행,318,주로,MAG
전주 여행,318,자마자,EC
전주 여행,318,콩나물국,NNG
전주 여행,318,맛집,NNG
전주 여행,318,사람,NNG
전주 여행,318,길래,EC
전주 여행,318,따라,VV+EC
전주 여행,319,맛집,NNG
전주 여행,319,한옥마을,NNP
전주 여행,319,비빔밥,NNG
전주 여행,319,맛집,NNG
전주 여행,319,흑백,NNG
전주 여행,319,요리사,NNG
전주 여행,319,비빔,NNG
전주 여행,319,대왕,NNG
전주 여행,319,유비,NNG
전주 여행,319,비빔,NNG
전주 여행,319,소리,NNG
전주 여행,319,전북,NNP
전주 여행,319,전주시,NNP
전주 여행,319,완산구,NNP
전주 여행,319,경기전,NNG
전주 여행,319,126,SN
전주 여행,319,월요일,NNG
전주 여행,319,일요일,NNG
전주 여행,319,매일,MAG
전주 여행,319,면서,EC
전주 여행,319,식당,NNG
전주 여행,319,대옥,NNG
전주 여행,319,본점,NNG
전주 여행,319,비빔,NNG
전주 여행,319,소리,NNG
전주 여행,319,군데,NNG+VCP+EC
전주 여행,319,어요,EF
전주 여행,319,대옥,NNG
전주 여행,319,본점,NNG
전주 여행,319,도착,NNG
전주 여행,319,자마자,EC
전주 여행,320,예쁜,VA+ETM
전주 여행,320,카페,NNG
전주 여행,320,스타,NNG
전주 여행,320,벅스,NNP
전주 여행,320,한옥마을,NNP
전주 여행,320,전망,NNG
전주 여행,320,주카,NNP
전주 여행,320,창가,NNG
전주 여행,320,자리,NNG
전주 여행,320,선점,NNG
전주 여행,320,네요,EF
전주 여행,320,호텔,NNG
전주 여행,320,체크,NNG
전주 여행,320,시간,NNG
전주 여행,320,아직,MAG
전주 여행,320,맛집,NNG
전주 여행,320,카페,NNP
전주 여행,320,한옥마을,NNP
전주 여행,320,에서,JKB
전주 여행,320,커피,NNG
전주 여행,320,마시,VV
전주 여행,320,면서,EC
전주 여행,320,시간,NNG
전주 여행,320,보내,VV
전주 여행,320,다가,EC
전주 여행,320,출발,NNG
전주 여행,320,려구요,EC
전주 여행,320,카페,NNG
전주 여행,320,에서,JKB
전주 여행,320,계획,NNG
전주 여행,321,예쁜,VA+ETM
전주 여행,321,감상,NNG
전주 여행,321,가능,NNG
전주 여행,321,근교,NNG
전주 여행,321,부안,NNG
전주 여행,321,추천,NNG
전주 여행,321,근교,NNG
전주 여행,321,다가,EC
전주 여행,321,부안,NNG
전주 여행,321,으로,JKB
전주 여행,321,결정,NNG
전주 여행,321,계획,NNG
전주 여행,321,숙소,NNG
전주 여행,321,다가,EC
전주 여행,321,너무,MAG
전주 여행,321,선유,NNG
전주 여행,321,내용,NNG
전주 여행,321,따로,MAG
전주 여행,321,습니당,EF
전주 여행,321,근교,NNG
전주 여행,321,에서,JKB
전주 여행,321,바다,NNG
전주 여행,321,즐기,VV
전주 여행,321,으신,EP+ETM
전주 여행,321,자차,NNG
전주 여행,321,기준,NNG
전주 여행,321,시간,NNG
전주 여행,321,시간,NNG
전주 여행,322,한옥마을,NNP
전주 여행,322,다음,NNG
전주 여행,322,어디,NP
전주 여행,322,할까,VX+EC
전주 여행,322,한옥,NNG
전주 여행,322,골목,NNG
전주 여행,322,에서,JKB
전주 여행,322,시작,NNG
전주 여행,322,성당,NNG
전주 여행,322,시장,NNG
전주 여행,322,전망,NNG
전주 여행,322,포인트,NNG
전주 여행,322,까지,JX
전주 여행,322,연결,NNG
전주 여행,322,하루,NNG
전주 여행,322,머물러도,VV+EC
전주 여행,322,분위기,NNG
전주 여행,322,다양,NNG
전주 여행,322,습니다,EF
전주 여행,322,한옥마을,NNP
전주 여행,322,당일치기,NNG
전주 여행,322,코스,NNG
전주 여행,323,호텔,NNG
전주 여행,323,수영장,NNG
전주 여행,323,조식,NNG
전주 여행,323,주차,NNG
전주 여행,323,그럼에도,VA+ETN+JKB+JX
전주 여행,323,불구,XR
전주 여행,323,계획,NNG
전주 여행,323,신다면,EP+EC
전주 여행,323,호텔,NNG
전주 여행,323,위치,NNG
전주 여행,323,하나,NR
전주 여행,323,으로,JKB
전주 여행,323,선택,NNG
전주 여행,323,이유,NNG
전주 여행,323,충분,XR
전주 여행,323,입니다,VCP+EF
전주 여행,323,한옥,NNG
전주 여행,323,마을,NNG
전주 여행,323,입구,NNG
전주 여행,323,이어진,VV+ETM
전주 여행,323,지하,NNG
전주 여행,323,연결,NNG
전주 여행,323,통로,NNG
전주 여행,323,루프,NNG
전주 여행,323,에서,JKB
전주 여행,323,내려다,VV+EC
전주 여행,323,보이,VV
전주 여행,323,기와지붕,NNG
전주 여행,323,포근,XR
전주 여행,324,애견,NNG
전주 여행,324,유치원,NNG
전주 여행,324,산책,NNG
전주 여행,324,수학여행,NNG
전주 여행,324,소풍,NNG
전주 여행,324,명절,NNG
전주 여행,324,시상식,NNG
전주 여행,324,FORLONGDOG,SL
전주 여행,324,월간,NNG
전주 여행,324,세미나,NNG
전주 여행,324,진행,NNG
전주 여행,324,살롱,NNG
전주 여행,324,가정,NNG
전주 여행,324,방문,NNG
전주 여행,324,출장,NNG
전주 여행,324,교육,NNG
전주 여행,324,호텔,NNG
전주 여행,324,단체,NNG
전주 여행,324,강의,NNG
전주 여행,324,서신,NNG
전주 여행,324,센터,NNG
전주 여행,324,금암,NNG
전주 여행,324,센터,NNG
전주 여행,324,스타,NNG
전주 여행,324,그램,NNG
전주 여행,324,월간,NNG
전주 여행,324,세미나,NNG
전주 여행,324,일상,NNG
전주 여행,325,여수,NNP
전주 여행,325,루트,NNG
전주 여행,325,웅천,NNG
전주 여행,325,해수욕장,NNG
전주 여행,325,황소,NNG
전주 여행,325,식당,NNG
전주 여행,325,이순신,NNP
전주 여행,325,광장,NNG
전주 여행,325,버스,NNG
전주 여행,325,기록,NNG
전주 여행,325,으로,JKB
전주 여행,325,남겨,VV+EC
전주 여행,325,아주,MAG
전주 여행,325,간단,XR
전주 여행,325,여수,NNG
전주 여행,325,루트,NNG
전주 여행,325,여수,NNG
전주 여행,325,무료,NNG
전주 여행,325,스노,NNP
전주 여행,325,쿨링,NNG
전주 여행,325,스킨,NNG
전주 여행,325,스쿠버,NNG
전주 여행,325,카약,NNG
전주 여행,325,웅천,NNG
전주 여행,325,수욕장,NNG
전주 여행,325,무료,NNG
전주 여행,325,가능,NNG
전주 여행,325,감동,NNG
전주 여행,325,이야기,NNG
전주 여행,325,따로,MAG
전주 여행,325,포스팅,NNP
전주 여행,325,해뒀,VV+EC+VX+EP
전주 여행,325,점심,NNG
전주 여행,325,에서,JKB
전주 여행,325,출발,NNG
전주 여행,325,아침,NNG
전주 여행,325,으로,JKB
전주 여행,326,혼자,MAG
전주 여행,326,떠난,VV+ETM
전주 여행,326,내일,NNG
전주 여행,326,전라선,NNG
전주 여행,326,일주,NNG
전주 여행,326,순천,NNG
전주 여행,326,10,SN
전주 여행,326,돌아온,VV+ETM
전주 여행,326,에서,JKB
전주 여행,326,이어집니다,VV+EC
전주 여행,326,어느덧,MAG
전주 여행,326,목적지,NNG
전주 여행,326,순천,NNG
전주 여행,326,소개,NNG
전주 여행,326,시간,NNG
전주 여행,326,순천,NNG
전주 여행,326,무려,MAG
전주 여행,326,지난,VV+ETM
전주 여행,326,10,SN
전주 여행,326,아빠,NNG
전주 여행,326,가족,NNG
전주 여행,326,으로,JKB
전주 여행,326,10,SN
전주 여행,326,방문,NNG
전주 여행,326,기차,NNG
전주 여행,326,방문,NNG
전주 여행,326,재밌,VA
전주 여행,327,객리,NNG
전주 여행,327,야장,NNG
전주 여행,327,맛집,NNG
전주 여행,327,솔직,XR
전주 여행,327,리뷰,NNP
전주 여행,327,까치,NNG
전주 여행,327,산장,NNG
전주 여행,327,안녕,NNG
전주 여행,327,세요,EP+EF
전주 여행,327,요즘,MAG
전주 여행,327,새우,NNG
전주 여행,327,인데,VCP+EC
전주 여행,327,드셨,VX+EP+EP
전주 여행,327,는지요,EC
전주 여행,327,가지,VX
전주 여행,327,남녀,NNG
전주 여행,327,이번,NNG
전주 여행,327,에서,JKB
전주 여행,327,객리,NNG
전주 여행,327,야장,NNG
전주 여행,327,맛집,NNG
전주 여행,327,까치,NNG
전주 여행,327,산장,NNG
전주 여행,327,에서,JKB
전주 여행,327,생새우,NNG
전주 여행,327,소주,NNG
전주 여행,327,걸치,VV
전주 여행,327,답니당,EF
전주 여행,327,love,SL
전주 여행,327,까치,NNG
전주 여행,327,산장,NNG
전주 여행,327,영업,NNG
전주 여행,327,정보,NNG
전주 여행,328,호텔,NNG
전주 여행,328,추천,NNG
전주 여행,328,한옥,NNG
전주 여행,328,마을,NNG
전주 여행,328,근처,NNG
전주 여행,328,아늑,XR
전주 여행,328,휴식처,NNG
전주 여행,328,아늑,XR
전주 여행,328,편안,NNG
전주 여행,328,숙소,NNG
전주 여행,328,에서,JKB
전주 여행,328,휴식,NNG
전주 여행,328,통해,VV+EC
전주 여행,328,완벽,NNG
전주 여행,328,피로,NNG
전주 여행,328,말끔히,MAG
전주 여행,328,내보,VV
전주 여행,328,세요,EP+EF
전주 여행,328,철저,NNG
전주 여행,328,주행,NNG
전주 여행,328,준비,NNG
전주 여행,328,든든,XR
전주 여행,328,휴식처,NNG
전주 여행,328,함께,MAG
전주 여행,328,한다면,VV+EC
전주 여행,328,여러분,NP
전주 여행,328,언제나,MAG
전주 여행,328,즐겁,VA
전주 여행,328,안전,NNG
전주 여행,328,추억,NNG
전주 여행,328,으로,JKB
전주 여행,328,기억,NNG
전주 여행,328,입니다,VCP+EC
전주 여행,329,우리,NP
전주 여행,329,에서,JKB
전주 여행,329,구미,NNG
전주 여행,329,까지,JX
전주 여행,329,버스,NNG
전주 여행,329,하고,JKB
전주 여행,329,시간,NNG
전주 여행,329,보내,VV
전주 여행,329,위해,VV+EC
전주 여행,329,결혼,NNG
전주 여행,329,처음,NNG
전주 여행,329,으로,JKB
전주 여행,329,혼자,NNG
전주 여행,329,란다,EC
전주 여행,329,어디,NP
전주 여행,329,온다던,VV+ETM
전주 여행,329,여러,MM
전주 여행,329,생각,NNG
전주 여행,329,드디어,MAG
전주 여행,329,언니,NNG
전주 여행,330,한옥마을,NNP
전주 여행,330,코스,NNG
전주 여행,330,주차,NNG
전주 여행,330,맛집,NNG
전주 여행,330,비용,NNG
전주 여행,330,정리,NNP
전주 여행,330,한옥마을,NNP
전주 여행,330,코스,NNG
전주 여행,330,주차,NNG
전주 여행,330,맛집,NNG
전주 여행,330,비용,NNG
전주 여행,330,정리,NNG
전주 여행,330,갑자기,MAG
전주 여행,330,떠난,VV+ETM
전주 여행,330,코스,NNG
전주 여행,330,경비,NNG
전주 여행,330,첫째,NR
전주 여행,330,2026,SN
전주 여행,330,08,SN
전주 여행,330,14,SN
전주 여행,330,15,SN
전주 여행,330,에서,JKB
전주 여행,330,벗어나,VV+EC
전주 여행,330,고즈넉,XR
전주 여행,330,한옥,NNG
전주 여행,330,감성,NNG
전주 여행,330,만끽,NNG
전주 여행,330,오래,MAG
전주 여행,330,부터,JX
전주 여행,331,뚜벅,MAG
전주 여행,331,커플,NNG
전주 여행,331,코스,NNG
전주 여행,331,레일바이크,NNP
전주 여행,331,남부,NNG
전주 여행,331,시장,NNG
전주 여행,331,야시,NNG
전주 여행,331,이걸,NP+JKO
전주 여행,331,동선,NNG
전주 여행,331,해도,VV+EC
전주 여행,331,는지,EC
전주 여행,331,모르,VV
전주 여행,331,는데,EC
전주 여행,331,진짜,MAG
전주 여행,331,지쳐서,VV+EC
전주 여행,331,공간,NNG
전주 여행,331,필요,NNG
전주 여행,331,어요,EF
전주 여행,331,아무튼,MAJ
전주 여행,331,여름,NNG
전주 여행,331,계획,NNG
전주 여행,331,계신,VX+ETM
전주 여행,331,라면,EC
전주 여행,331,웬만,XR
전주 여행,331,실내,NNG
전주 여행,331,데이트,NNG
전주 여행,331,위주,NNG
전주 여행,331,즐기,VV
전주 여행,331,한옥마을,NNP
전주 여행,331,이나,JC
전주 여행,331,덕진,NNP
전주 여행,331,공원,NNG
전주 여행,332,독서,NNG
전주 여행,332,교육,NNG
전주 여행,332,전학,NNG
전주 여행,332,Book,SL
전주 여행,332,도서관,NNG
전주 여행,332,준비,NNG
전주 여행,332,도시,NNG
전주 여행,332,도서관,NNG
전주 여행,332,도서관,NNG
전주 여행,332,안내,NNG
전주 여행,332,2026,SN
전주 여행,332,도서관,NNG
전주 여행,332,도시,NNG
전주 여행,332,도서관,NNG
전주 여행,332,도서관,NNG
전주 여행,332,안내,NNG
전주 여행,332,2026,SN
전주 여행,332,도서관,NNG
전주 여행,332,다른,MM
전주 여행,332,프로그램,NNG
전주 여행,332,평일,NNG
전주 여행,333,한옥,NNG
전주 여행,333,마을,NNG
전주 여행,333,에서,JKB
전주 여행,333,특별,NNG
전주 여행,333,기록,NNG
전주 여행,333,한복,NNG
전주 여행,333,스냅,NNG
전주 여행,333,촬영,NNG
전주 여행,333,군산,NNP
전주 여행,333,익산,NNP
전주 여행,333,com,SL
전주 여행,333,amazing,SL
전주 여행,333,1203,SN
전주 여행,333,224396189835,SN
전주 여행,333,한복,NNG
전주 여행,333,한복,NNG
전주 여행,333,스냅,NNG
전주 여행,333,한복,NNG
전주 여행,333,화보,NNG
전주 여행,333,한복,NNG
전주 여행,333,체험,NNG
전주 여행,333,한복,NNG
전주 여행,333,사진,NNG
전주 여행,333,한복,NNG
전주 여행,333,촬영,NNG
전주 여행,333,한복,NNG
전주 여행,333,웨딩,NNG
전주 여행,333,한복,NNG
전주 여행,333,개인,NNG
전주 여행,333,스냅,NNG
전주 여행,333,한복,NNG
전주 여행,333,가족,NNG
전주 여행,333,스냅,NNG
전주 여행,333,한복,NNG
전주 여행,333,우정,MAG
전주 여행,333,스냅,NNG
전주 여행,333,웨딩,NNG
전주 여행,333,스냅,NNG
전주 여행,333,한복,NNG
전주 여행,333,커플,NNG
전주 여행,333,스냅,NNG
전주 여행,333,전북,NNG
전주 여행,333,한복,NNG
전주 여행,333,체험,NNG
전주 여행,334,호텔,NNG
전주 여행,334,아라리,NNG
전주 여행,334,후기,NNG
전주 여행,334,깔끔,XR
전주 여행,334,객실,NNG
전주 여행,334,위치,NNG
전주 여행,334,갖춘,VV+ETM
전주 여행,334,숙소,NNG
전주 여행,334,숙박,NNG
전주 여행,334,조건,NNG
전주 여행,334,중요,NNG
전주 여행,334,생각,NNG
전주 여행,334,에게,JKB
전주 여행,334,숙소,NNG
전주 여행,334,입니다,VCP+EF
전주 여행,334,아니,VCN
전주 여행,334,출장,NNG
전주 여행,334,이나,JC
전주 여행,334,가족,NNG
전주 여행,334,에서,JKB
전주 여행,334,편하,VA
전주 여행,334,머물,VV+ETM
전주 여행,334,참고,NNG
전주 여행,334,합니다,XSA+EF
전주 여행,334,전주호,NNP
전주 여행,334,전주호,NNP
전주 여행,334,아라리,NNP
전주 여행,334,숙소,NNG
전주 여행,335,호텔,NNG
전주 여행,335,라고,VCP+EC
전주 여행,335,이렇,VA
전주 여행,335,습니다,EF
전주 여행,335,가족,NNG
전주 여행,335,여행객,NNG
전주 여행,335,에게,JKB
전주 여행,335,특히,MAG
전주 여행,335,추천,NNG
전주 여행,335,어요,EF
전주 여행,335,한옥마을,NNP
전주 여행,335,마담,NNG
전주 여행,335,독채,NNG
전주 여행,335,펜션,NNG
전주 여행,335,한옥마을,NNP
전주 여행,335,마담,NNG
전주 여행,335,독채,NNG
전주 여행,335,펜션,NNG
전주 여행,335,213,SN
전주 여행,335,793,SN
전주 여행,335,별점,NNG
전주 여행,335,마담,NNG
전주 여행,335,초이,NNP
전주 여행,335,독채,NNG
전주 여행,335,펜션,NNG
전주 여행,335,경험,NNG
전주 여행,335,깔끔,XR
전주 여행,335,모던,NNG
전주 여행,336,한옥마을,NNP
전주 여행,336,애견,NNG
전주 여행,336,동반,NNG
전주 여행,336,카페,NNG
전주 여행,336,카페,NNG
전주 여행,336,1938,SN
전주 여행,336,러브,NNG
전주 여행,336,한옥마을,NNP
전주 여행,336,애견,NNG
전주 여행,336,동반,NNG
전주 여행,336,카페,NNG
전주 여행,336,한옥,NNG
전주 여행,336,마을,NNG
전주 여행,336,카페,NNG
전주 여행,336,추천,NNG
전주 여행,336,카페,NNG
전주 여행,336,1938,SN
전주 여행,336,한옥마을,NNP
전주 여행,336,애견,NNG
전주 여행,336,동반,NNG
전주 여행,336,카페,NNG
전주 여행,336,여기,NP
전주 여행,336,신랑,NNG
전주 여행,336,생일,NNG
전주 여행,336,다녀왔,VV+EP
전주 여행,336,어요,EF
전주 여행,336,연애,NNG
전주 여행,336,신랑,NNG
전주 여행,336,이랑,JC
전주 여행,336,한옥마을,NNP
전주 여행,336,왔었,VV+EP
전주 여행,336,기억,NNG
전주 여행,336,어서,EC
전주 여행,337,완산구,NNP
전주 여행,337,에서,JKB
전주 여행,337,온다면,VV+EC
전주 여행,337,여기,NP
전주 여행,337,무료,NNG
전주 여행,337,아기,NNG
전주 여행,337,국립,NNG
전주 여행,337,박물관,NNG
전주 여행,337,어린이,NNG
전주 여행,337,박물관,NNG
전주 여행,337,여행가,NNG
전주 여행,337,온다고,VV+EC
전주 여행,337,패닉,NNG
전주 여행,337,필요,NNG
전주 여행,337,잖아요,EC
전주 여행,337,여행가,NNG
전주 여행,337,가장,MAG
전주 여행,337,곤란,NNG
전주 여행,337,순간,NNG
전주 여행,337,언제나,MAG
전주 여행,337,바로,MAG
전주 여행,337,내내,MAG
전주 여행,337,소식,NNG
전주 여행,337,때문,NNB
전주 여행,337,조금,MAG
전주 여행,337,걱정,NNG
전주 여행,337,는데,EC
전주 여행,338,2026,SN
전주 여행,338,10,SN
전주 여행,338,전국,NNG
전주 여행,338,가을,NNG
전주 여행,338,축제,NNG
전주 여행,338,일정,NNG
전주 여행,338,정리,NNP
전주 여행,338,서울,NNP
전주 여행,338,부산,NNP
전주 여행,338,추천,NNG
전주 여행,338,대상,NNG
전주 여행,338,맛집,NNG
전주 여행,338,함께,MAG
전주 여행,338,가족,NNG
전주 여행,338,단위,NNG
전주 여행,338,여행객,NNG
전주 여행,338,음식,NNG
전주 여행,338,체험,NNG
전주 여행,338,좋아하,VV
전주 여행,338,한옥마을,NNP
전주 여행,338,연계,NNG
전주 여행,338,계획,NNG
전주 여행,338,2025,SN
전주 여행,338,전주비빔밥,NNG
전주 여행,338,축제,NNG
전주 여행,338,행사장,NNG
전주 여행,338,김제,NNP
전주 여행,338,지평선,NNG
전주 여행,338,축제,NNG
전주 여행,338,10,SN
전주 여행,338,황금빛,NNG
전주 여행,339,BEST,SL
전주 여행,339,10,SN
전주 여행,339,2026,SN
전주 여행,339,코스,NNG
전주 여행,339,추천,NNG
전주 여행,339,코스,NNG
전주 여행,339,BEST,SL
전주 여행,339,10,SN
전주 여행,339,한옥마을,NNP
전주 여행,339,경기전,NNG
전주 여행,339,전동성당,NNP
전주 여행,339,목대,NNG
전주 여행,339,목대,NNG
전주 여행,339,남부,NNG
전주 여행,339,시장,NNG
전주 여행,339,남부,NNG
전주 여행,339,시장,NNG
전주 여행,339,시장,NNG
전주 여행,339,완산,NNP
전주 여행,339,칠봉,NNP
전주 여행,339,수목원,NNG
전주 여행,339,국립,NNG
전주 여행,339,박물관,NNG
전주 여행,339,덕진,NNP
전주 여행,339,공원,NNG
전주 여행,339,한지,XSA+EC
전주 여행,339,마을,NNG
전주 여행,340,지역,NNG
전주 여행,340,조직,NNG
전주 여행,340,막둥이,NNG
전주 여행,340,여행사,NNG
전주 여행,340,이야기,NNG
전주 여행,340,도시,NNG
전주 여행,340,막둥이,NNG
전주 여행,340,여행사,NNG
전주 여행,340,여행지,NNG
전주 여행,340,바로,MAG
전주 여행,340,답니다,EC
전주 여행,340,남원,NNP
전주 여행,340,에서,JKB
전주 여행,340,시간,NNBC
전주 여행,340,거리,NNG
전주 여행,340,대부분,NNG
전주 여행,340,많이,MAG
전주 여행,340,방문,NNG
전주 여행,340,지만,EC
전주 여행,340,기회,NNG
전주 여행,340,이번,NNG
전주 여행,340,점심,NNG
전주 여행,340,바로,MAG
전주 여행,340,전주비빔밥,NNG
전주 여행,340,습니다,EF
전주 여행,340,밑반찬,NNG
전주 여행,341,숙소,NNG
전주 여행,341,투썸,NNP
전주 여행,341,스테이,NNP
전주 여행,341,서신,NNG
전주 여행,341,디럭스,NNP
전주 여행,341,페리어,NNP
전주 여행,341,리뷰,NNP
전주 여행,341,려던,ETM
전주 여행,341,아니,VCN
전주 여행,341,남부,NNG
전주 여행,341,지방,NNG
전주 여행,341,위한,VV+ETM
전주 여행,341,경유지,NNG
전주 여행,341,습니다,EF
전주 여행,341,퇴근,NNG
전주 여행,341,바로,MAG
전주 여행,341,중간,NNG
전주 여행,341,지점,NNG
전주 여행,341,까진,JX+JX
전주 여행,341,다가,EC
전주 여행,341,다음,NNG
전주 여행,341,아침,NNG
전주 여행,341,바로,MAG
전주 여행,341,출발,NNG
전주 여행,341,위함,VV+ETN
전주 여행,341,여기,NP
전주 여행,341,어때,VA+EF
전주 여행,341,에서,JKB
전주 여행,341,괜찮,VA
전주 여행,341,발견,NNG
전주 여행,341,습니다,EF
전주 여행,342,추천,NNG
전주 여행,342,24,SN
전주 여행,342,식당,NNG
전주 여행,342,맛집,NNG
전주 여행,342,내산,NNP
전주 여행,342,현대,NNP
전주 여행,342,본점,NNG
전주 여행,342,콩나물국,NNG
전주 여행,342,시간,NNG
전주 여행,342,들르,VV
전주 여행,342,에요,EF
전주 여행,342,저희,NP
전주 여행,342,막걸리,NNG
전주 여행,342,골목,NNG
전주 여행,342,에서,JKB
전주 여행,342,한잔,NNG
전주 여행,342,방문,NNG
전주 여행,342,는데요,EF
전주 여행,342,시간,NNG
전주 여행,342,계속,MAG
전주 여행,342,들어왔,VV+EP
전주 여행,342,어요,EF
전주 여행,342,맛집,NNG
전주 여행,342,현대,NNG
전주 여행,342,본점,NNG
전주 여행,343,곡성,NNG
전주 여행,343,샤브샤브,NNP
전주 여행,343,맛집,NNG
전주 여행,343,광주,NNP
전주 여행,343,근교,NNG
전주 여행,343,무한리필,NNP
전주 여행,343,기차마을,NNP
전주 여행,343,에요,JX
전주 여행,343,오늘,MAG
전주 여행,343,가족,NNG
전주 여행,343,연인,NNG
전주 여행,343,친구,NNG
전주 여행,343,함께,MAG
전주 여행,343,곡성,NNG
전주 여행,343,계획,NNG
전주 여행,343,그리고,MAJ
전주 여행,343,전남,NNP
전주 여행,343,지역,NNG
전주 여행,343,광주,NNP
전주 여행,343,근교,NNG
전주 여행,343,근교,NNG
전주 여행,343,여수,NNP
전주 여행,343,근교,NNG
전주 여행,343,순천,NNG
전주 여행,343,근교,NNG
전주 여행,343,에서,JKB
전주 여행,343,맛있,VA
전주 여행,343,식사,NNG
전주 여행,343,으시,EP
전주 여행,343,위해,VV+EC
전주 여행,343,특별,NNG
전주 여행,343,소개,NNG
전주 여행,343,해요,VX+EC
전주 여행,344,다녀온,VV+ETM
전주 여행,344,콩나물국,NNG
전주 여행,344,전문점,NNG
전주 여행,344,금성,NNG
전주 여행,344,한옥마을,NNP
전주 여행,344,싶어요,NNP
전주 여행,344,코스,NNG
전주 여행,344,맛집,NNG
전주 여행,344,콩나물국,NNG
전주 여행,344,콩나물국,NNG
전주 여행,344,전문점,NNG
전주 여행,344,콩나물국,NNG
전주 여행,344,주금,NNG
전주 여행,344,성당,NNG
전주 여행,344,금성,NNG
전주 여행,344,카페,NNG
전주 여행,344,카페,NNG
전주 여행,344,추천,NNG
전주 여행,344,감성,NNG
전주 여행,344,카페,NNG
전주 여행,344,이색,NNG
전주 여행,344,카페,NNG
전주 여행,345,금성,NNG
전주 여행,345,카페,NNG
전주 여행,345,내산,NNP
전주 여행,345,방문,NNG
전주 여행,345,후기,NNG
전주 여행,345,금성,NNG
전주 여행,345,어요,EF
전주 여행,345,주금,NNG
전주 여행,345,성당,NNG
전주 여행,345,금성,NNG
전주 여행,345,카페,NNG
전주 여행,345,카페,NNG
전주 여행,345,추천,NNG
전주 여행,345,코스,NNG
전주 여행,345,데이트,NNG
전주 여행,345,데이트,NNG
전주 여행,345,코스,NNG
전주 여행,345,구도심,NNG
전주 여행,345,객리,NNG
전주 여행,345,감성,NNG
전주 여행,345,카페,NNG
전주 여행,346,초등,NNG
전주 여행,346,한옥마을,NNP
전주 여행,346,기록,NNG
전주 여행,346,교동,NNP
전주 여행,346,시래,NNP
전주 여행,346,한옥마을,NNP
전주 여행,346,시간,NNG
전주 여행,346,이리,MAG
전주 여행,346,빨리,MAG
전주 여행,346,지나가,VV
전주 여행,346,는지,EC
전주 여행,346,정말,MAG
전주 여행,346,순식간,NNG
전주 여행,346,이틀,NNG
전주 여행,346,지나가,VV+EC
전주 여행,346,버렸,VX+EP
전주 여행,346,아이,NNG
전주 여행,346,아침,NNG
전주 여행,346,부터,JX
전주 여행,346,마지막,NNG
전주 여행,346,아쉬워하,VV
전주 여행,346,하루,NNG
전주 여행,346,다고,EC
전주 여행,346,한옥마을,NNP
전주 여행,347,한옥마을,NNP
전주 여행,347,숙박,NNG
전주 여행,347,추천,NNG
전주 여행,347,게스트,NNP
전주 여행,347,하우스,NNP
전주 여행,347,사장,NNG
전주 여행,347,너무,MAG
전주 여행,347,친절,NNG
전주 여행,347,숙소,NNG
전주 여행,347,이쁘,VA
전주 여행,347,한옥마을,NNP
전주 여행,347,걸어서,VV+EC
전주 여행,347,다녀왔,VV+EP
전주 여행,347,가실,VV+ETM
전주 여행,347,참고,NNG
전주 여행,347,강추,NNG
전주 여행,347,화초,NNG
전주 여행,347,이쁘,VA
전주 여행,347,진열,NNG
전주 여행,347,초상권,NNG
전주 여행,347,침해,NNG
전주 여행,347,지움,VV+ETN
전주 여행,348,한옥,NNG
전주 여행,348,마을,NNG
전주 여행,348,숙소,NNG
전주 여행,348,독채,NNG
전주 여행,348,감성,NNG
전주 여행,348,숙소,NNG
전주 여행,348,아이,NNG
전주 여행,348,숙박,NNG
전주 여행,348,후기,NNG
전주 여행,348,이번,NNG
전주 여행,348,다녀왔,VV+EP
전주 여행,348,습니다,EF
전주 여행,348,까지,JX
전주 여행,348,는데,EC
전주 여행,348,평범,XR
전주 여행,348,숙소,NNG
전주 여행,348,조금,MAG
전주 여행,348,아쉽,VA
전주 여행,348,다는,ETM
전주 여행,348,생각,NNG
전주 여행,348,어서,EC
전주 여행,348,고심,NNG
전주 여행,348,예쁜,VA+ETM
전주 여행,348,한옥,NNG
전주 여행,348,숙소,NNG
전주 여행,348,다녀왔,VV+EP
전주 여행,348,어요,EF
전주 여행,348,숙소,NNG
전주 여행,348,꼬마,NNG
전주 여행,348,함께,MAG
전주 여행,348,국내,NNG
전주 여행,348,후기,NNG
전주 여행,349,쪄죽,VV
전주 여행,349,살아남,VV
전주 여행,349,이야기,NNG
전주 여행,349,다정,NNG
전주 여행,349,이상,NNG
전주 여행,349,에서,JKB
전주 여행,349,자랐,VV+EP
전주 여행,349,거나,EC
전주 여행,349,친구,NNG
전주 여행,349,출장,NNG
전주 여행,349,으로,JKB
전주 여행,349,다녀왔,VV+EP
전주 여행,349,감성,NNG
전주 여행,349,문학,NNG
전주 여행,349,다정,XR
전주 여행,349,도시,NNG
전주 여행,349,그런,MM
전주 여행,349,여름,NNG
전주 여행,349,이나,JX
전주 여행,349,다녀왔,VV+EP
전주 여행,350,한옥,NNP
전주 여행,350,스테이,NNP
전주 여행,350,내산,NNP
전주 여행,350,감성,NNG
전주 여행,350,숙소,NNG
전주 여행,350,솔직,XR
전주 여행,350,후기,NNG
전주 여행,350,머물렀,VV+EP
전주 여행,350,포스팅,NNP
전주 여행,350,려고,EC
전주 여행,350,합니다,VX+EF
전주 여행,350,그곳,NP
전주 여행,350,한옥,NNP
전주 여행,350,스테이,NNP
전주 여행,350,에요,EF
전주 여행,350,인테리어,NNG
전주 여행,350,자체,NNG
전주 여행,350,요즘,MAG
전주 여행,350,감성,NNG
전주 여행,350,스타일,NNG
전주 여행,350,특히,MAG
전주 여행,350,여자,NNG
전주 여행,350,에요,EF
전주 여행,350,숙소,NNG
전주 여행,350,에서,JKB
전주 여행,351,2026,SN
전주 여행,351,한옥마을,NNP
전주 여행,351,10,SN
전주 여행,351,행사,NNG
전주 여행,351,축제,NNG
전주 여행,351,정리,NNG
전주 여행,351,가을,NNG
전주 여행,351,2026,SN
전주 여행,351,한옥마을,NNP
전주 여행,351,10,SN
전주 여행,351,행사,NNG
전주 여행,351,축제,NNG
전주 여행,351,정리,NNG
전주 여행,351,가을,NNG
전주 여행,351,시기,NNG
전주 여행,351,선선,XR
전주 여행,351,바람,NNG
전주 여행,351,시작,NNG
전주 여행,351,본격,NNG
전주 여행,351,가을,NNG
전주 여행,351,분위기,NNG
전주 여행,351,느껴,VV+EC
전주 여행,351,10,SN
전주 여행,351,계획,NNG
전주 여행,351,시기,NNG
전주 여행,351,입니다,VCP+EF
전주 여행,351,특히,MAG
전주 여행,352,호텔,NNG
전주 여행,352,Stay,SL
전주 여행,352,윤슬,NNG
전주 여행,352,독채,NNG
전주 여행,352,펜션,NNG
전주 여행,352,구매,NNG
전주 여행,352,이유,NNG
전주 여행,352,호텔,NNG
전주 여행,352,Stay,SL
전주 여행,352,윤슬,NNG
전주 여행,352,독채,NNG
전주 여행,352,펜션,NNG
전주 여행,352,구매,NNG
전주 여행,352,이유,NNG
전주 여행,352,숙소,NNG
전주 여행,352,선택,NNG
전주 여행,352,고민,NNG
전주 여행,352,어요,EF
전주 여행,352,호텔,NNG
전주 여행,352,Stay,SL
전주 여행,352,윤슬,NNG
전주 여행,352,독채,NNG
전주 여행,352,펜션,NNG
전주 여행,352,기준,NNG
전주 여행,352,에서,JKB
전주 여행,352,실제,NNG
전주 여행,352,숙박,NNG
전주 여행,352,상황,NNG
전주 여행,352,관리,NNG
전주 여행,352,편의,NNG
전주 여행,352,함께,MAG
전주 여행,352,확인,NNG
전주 여행,353,동물원,NNP
전주 여행,353,주드,NNP
전주 여행,353,림랜드,NNG
전주 여행,353,코스,NNG
전주 여행,353,아이,NNG
전주 여행,353,계획,NNG
전주 여행,353,면서,EC
전주 여행,353,해야할까,VV+EC+VX+EC
전주 여행,353,다가,EC
전주 여행,353,한옥,NNG
전주 여행,353,마을,NNG
전주 여행,353,에서,JKB
전주 여행,353,20,SN
전주 여행,353,30,SN
전주 여행,353,동물원,NNG
전주 여행,353,다고,EC
전주 여행,353,해서,VV+EC
전주 여행,353,방문,NNG
전주 여행,353,어요,EF
전주 여행,353,사실,MAG
전주 여행,353,어제,MAG
전주 여행,353,계획,NNG
전주 여행,353,인데,VCP+EC
전주 여행,353,일정,NNG
전주 여행,353,차질,NNG
전주 여행,353,생겨서,VV+EC
전주 여행,353,다음,NNG
전주 여행,353,방문,NNG
전주 여행,353,위치,NNG
전주 여행,354,한옥마을,NNP
전주 여행,354,먹거리,NNG
전주 여행,354,닭강정,NNP
전주 여행,354,포장,NNG
전주 여행,354,매콤,XR
전주 여행,354,후기,NNG
전주 여행,354,한옥마을,NNP
전주 여행,354,닭강정,NNP
전주 여행,354,한옥마을,NNP
전주 여행,354,간식,NNG
전주 여행,354,한옥마을,NNP
전주 여행,354,먹거리,NNG
전주 여행,354,추천,NNG
전주 여행,354,포장,NNG
전주 여행,354,맛집,NNG
전주 여행,354,포장,NNG
전주 여행,354,음식,NNG
전주 여행,354,먹거리,NNG
전주 여행,354,코스,NNG
전주 여행,354,맛집,NNG
전주 여행,354,추천,NNG
전주 여행,354,한옥마을,NNP
전주 여행,354,맛집,NNG
전주 여행,354,추천,NNG
전주 여행,354,먹방,NNG
전주 여행,355,에서,JKB
전주 여행,355,봐야,VX+EC
전주 여행,355,대표,NNG
전주 여행,355,음식,NNG
전주 여행,355,가지,NNBC
전주 여행,355,계획,NNG
전주 여행,355,다면,EC
전주 여행,355,볼거리,NNG
전주 여행,355,만큼,JKB
전주 여행,355,빼놓,VV
전주 여행,355,바로,MAG
전주 여행,355,먹거리,NNG
전주 여행,355,한옥,NNP
전주 여행,355,정취,NNG
전주 여행,355,느끼,VV
전주 여행,355,골목골목,NNG
전주 여행,355,구경,NNG
전주 여행,355,재미,NNG
전주 여행,355,지만,EC
전주 여행,355,다양,XR
전주 여행,355,음식,NNG
전주 여행,355,으로,JKB
전주 여행,355,알려진,VV+EC+VX+ETM
전주 여행,355,여행지,NNG
전주 여행,355,입니다,VCP+EF
전주 여행,355,든든,XR
전주 여행,355,부터,JX
전주 여행,356,전북,NNP
전주 여행,356,대사,NNG
전주 여행,356,진관,NNP
전주 여행,356,쥬얼리,NNP
전주 여행,356,스튜디오,NNP
전주 여행,356,여권,NNG
전주 여행,356,사진,NNG
전주 여행,356,증명사진,NNG
전주 여행,356,믹스,NNG
전주 여행,356,출력,NNG
전주 여행,356,오늘,NNG
전주 여행,356,전북,NNP
전주 여행,356,대사,NNG
전주 여행,356,진관,NNP
전주 여행,356,쥬얼리,NNP
전주 여행,356,스튜디오,NNG
전주 여행,356,에서,JKB
전주 여행,356,여권,NNG
전주 여행,356,사진,NNG
전주 여행,356,촬영,NNG
전주 여행,356,후기,NNG
전주 여행,356,입니다,VCP+EC
전주 여행,356,11,SN
전주 여행,356,일본,NNP
전주 여행,356,앞두,VV
전주 여행,356,에서,JKB
전주 여행,356,여권,NNG
전주 여행,356,는데,EC
전주 여행,356,아니,IC
전주 여행,356,아무리,MAG
전주 여행,356,아도,EC
전주 여행,356,나오,VV
전주 여행,356,에요,VCP+EF
전주 여행,356,일단,MAG
전주 여행,356,비행기,NNG
전주 여행,356,티켓,NNG
전주 여행,357,에선,JKB+JX
전주 여행,357,하고,JKB
전주 여행,357,이번,NNG
전주 여행,357,주다,NNG
전주 여행,357,스트레스,NNG
전주 여행,357,니까,EC
전주 여행,357,어떻게,MAG
전주 여행,357,행복,NNG
전주 여행,357,려고,EC
전주 여행,357,고민,NNG
전주 여행,357,뺘미,UNKNOWN
전주 여행,357,덕분,NNG
전주 여행,357,계획,NNG
전주 여행,357,세우,VV
전주 여행,357,아주,MAG
전주 여행,357,즐거워요,VA+EC
전주 여행,357,어쩔,VV+ETM
전주 여행,357,라가,NNG
전주 여행,357,나왔,VV+EP
전주 여행,357,다는,ETM
전주 여행,357,가을,NNG
전주 여행,358,베스트,NNP
전주 여행,358,웨스턴,NNP
전주 여행,358,플러스,NNP
전주 여행,358,할인,NNG
전주 여행,358,핵심,NNG
전주 여행,358,한옥마을,NNP
전주 여행,358,들리,VV
전주 여행,358,동선,NNG
전주 여행,358,알맞,VA
전주 여행,358,호텔,NNG
전주 여행,358,소개,NNG
전주 여행,358,드릴께요,VX+EF
전주 여행,358,베스트,NNP
전주 여행,358,웨스턴,NNP
전주 여행,358,플러스,NNP
전주 여행,358,한옥마을,NNP
전주 여행,358,도보,NNP
전주 여행,358,10,SN
전주 여행,358,거리,NNG
전주 여행,358,특급,NNG
전주 여행,358,호텔,NNG
전주 여행,358,인데,VCP+EC
전주 여행,358,평점,NNG
전주 여행,358,후기,NNG
전주 여행,358,980,SN
전주 여행,359,화심,NNG
전주 여행,359,순두부,NNG
전주 여행,359,본점,NNG
전주 여행,359,내산,NNP
전주 여행,359,솔직,XR
전주 여행,359,후기,NNG
전주 여행,359,아이,NNG
전주 여행,359,방문,NNG
전주 여행,359,도넛,NNG
전주 여행,359,아이스크림,NNG
전주 여행,359,좋아해서,VV+EC
전주 여행,359,다가,EC
전주 여행,359,박물관,NNG
전주 여행,359,다가,EC
전주 여행,359,동물원,NNG
전주 여행,359,다가,EC
전주 여행,359,맛있,VA
전주 여행,359,많이,MAG
전주 여행,359,완주,NNG
전주 여행,359,화심,NNG
전주 여행,359,순두부,NNG
전주 여행,359,라는,VCP+ETM
전주 여행,359,유명,NNG
전주 여행,359,순두부,NNG
전주 여행,359,어서,EC
전주 여행,359,방문,NNG
전주 여행,359,우리,NP
전주 여행,359,부부,NNG
전주 여행,359,순두부,NNG
전주 여행,359,진심,NNG
전주 여행,359,인데,VCP+EC
전주 여행,360,콩나물국,NNG
전주 여행,360,어디,NP
전주 여행,360,맛있,VA
전주 여행,360,을까,EC
전주 여행,360,들르,VV
전주 여행,360,맛집,NNG
전주 여행,360,추천,NNG
전주 여행,360,비빔밥,NNG
전주 여행,360,함께,MAG
전주 여행,360,가장,MAG
전주 여행,360,먼저,MAG
전주 여행,360,떠오르,VV
전주 여행,360,음식,NNG
전주 여행,360,바로,MAG
전주 여행,360,콩나물국,NNG
전주 여행,360,예전,NNG
전주 여행,360,부터,JX
전주 여행,360,음식,NNG
전주 여행,360,으로,JKB
전주 여행,360,유명,XR
전주 여행,360,도시,NNG
전주 여행,360,만큼,NNB
전주 여행,360,콩나물국,NNG
전주 여행,360,밥집,NNG
전주 여행,360,정말,MAG
전주 여행,360,재미있,VA
전주 여행,360,콩나물국,NNG
전주 여행,360,라고,EC
전주 여행,360,해도,VV+EC
전주 여행,361,옵션,NNG
전주 여행,361,청주,NNG
전주 여행,361,출발,NNG
전주 여행,361,중국,NNP
전주 여행,361,하문,NNG
전주 여행,361,샤먼,NNG
전주 여행,361,패키지,NNG
전주 여행,361,26,SN
전주 여행,361,12,SN
전주 여행,361,27,SN
전주 여행,361,특히,MAG
전주 여행,361,이번,NNG
전주 여행,361,광주,NNP
전주 여행,361,청주,NNP
전주 여행,361,공항,NNG
전주 여행,361,무료,NNG
전주 여행,361,수송,NNG
전주 여행,361,셔틀,NNG
전주 여행,361,까지,JX
전주 여행,361,포함,NNG
전주 여행,361,청주,NNP
전주 여행,361,공항,NNG
전주 여행,361,까지,JX
전주 여행,361,이동,NNG
전주 여행,361,부담,NNG
전주 여행,361,더욱,MAG
전주 여행,361,편안,NNG
전주 여행,361,시작,NNG
전주 여행,361,습니다,EF
전주 여행,361,CHECK,SL
전주 여행,361,POINT,SL
전주 여행,361,유럽,NNP
전주 여행,361,아름다운,VA+ETM
전주 여행,361,고랑,NNG
전주 여행,362,경기전,NNG
전주 여행,362,한옥마을,NNP
전주 여행,362,귀엽,VA
전주 여행,362,귀여운데,VA+EC
전주 여행,362,바람,NNG
전주 여행,362,버림,VX+ETN
전주 여행,362,다음,NNG
전주 여행,362,시원,XR
전주 여행,362,다시,MAG
전주 여행,362,전주비빔밥,NNG
전주 여행,362,이랑,JC
전주 여행,362,떡갈비,NNG
전주 여행,362,경기전,NNG
전주 여행,362,동물원,NNG
전주 여행,362,한옥마을,NNP
전주 여행,362,경기전,NNG
전주 여행,362,한옥마을,NNP
전주 여행,363,전북,NNP
전주 여행,363,아내,NNG
전주 여행,363,함께,MAG
전주 여행,363,맛본,VV+ETM
전주 여행,363,완벽,NNG
전주 여행,363,당일치기,NNG
전주 여행,363,오목,MAG
전주 여행,363,전망대,NNG
전주 여행,363,올라,VV+EC
전주 여행,363,내려다본,VV+ETM
전주 여행,363,한옥마을,NNP
전주 여행,363,풍경,NNG
전주 여행,363,그야말로,MAG
전주 여행,363,장관,NNG
전주 여행,363,화창,XR
전주 여행,363,푸른,VA+ETM
전주 여행,363,하늘,NNG
전주 여행,363,한옥,NNG
전주 여행,363,기와지붕,NNG
전주 여행,363,바라보,VV
전주 여행,363,아내,NNG
전주 여행,363,함께,MAG
전주 여행,363,알차,VA
전주 여행,363,행복,NNG
전주 여행,363,당일치기,NNG
전주 여행,363,마침표,NNG
전주 여행,363,본다,VV+EC
전주 여행,364,고즈넉,XR
전주 여행,364,한옥,NNG
전주 여행,364,잠시,NNG
전주 여행,364,시간,NNG
전주 여행,364,다녀온,VV+ETM
전주 여행,364,한옥마을,NNP
전주 여행,364,요즘,NNG
전주 여행,364,더라도,EC
전주 여행,364,유명,XR
전주 여행,364,관광지,NNG
전주 여행,364,바쁘,VA
전주 여행,364,돌아다니,VV
전주 여행,364,보다,JKB
전주 여행,364,조용히,MAG
전주 여행,364,머물,VV
전주 여행,364,면서,EC
전주 여행,364,공간,NNG
전주 여행,364,자체,NNG
전주 여행,364,이화,NNP
전주 여행,364,고택,NNG
전주 여행,364,다녀왔,VV+EP
전주 여행,364,어요,EF
전주 여행,364,신랑,NNG
전주 여행,364,이랑,JKB
전주 여행,364,연애,NNG
전주 여행,364,시절,NNG
전주 여행,364,다녔,VV+EP
전주 여행,364,인데,VCP+EC
전주 여행,364,아기,NNG
전주 여행,365,완주,NNP
전주 여행,365,카페,NNG
전주 여행,365,고즈넉,XR
전주 여행,365,한옥,NNG
전주 여행,365,풍경,NNG
전주 여행,365,반하,VV
전주 여행,365,힐링,NNG
전주 여행,365,카페,NNG
전주 여행,365,소양,NNP
전주 여행,365,고택,NNG
전주 여행,365,카페,NNG
전주 여행,365,완주,NNG
전주 여행,365,카페,NNG
전주 여행,365,소양,NNP
전주 여행,365,고택,NNG
전주 여행,365,소양,NNP
전주 여행,365,고택,NNG
전주 여행,365,두베,NNG
전주 여행,365,카페,NNG
전주 여행,365,카페,NNG
전주 여행,365,두베,NNG
전주 여행,365,카페,NNG
전주 여행,365,추천,NNG
전주 여행,365,완주,NNG
전주 여행,365,카페,NNG
전주 여행,365,추천,NNP
전주 여행,365,소양,NNP
전주 여행,365,카페,NNG
전주 여행,365,분위기,NNG
전주 여행,365,카페,NNG
전주 여행,365,가족,NNG
전주 여행,365,가족,NNG
전주 여행,365,코스,NNG
전주 여행,366,내산,NNP
전주 여행,366,비빔,NNG
전주 여행,366,빙수,NNG
전주 여행,366,맛집,NNG
전주 여행,366,호텔,NNG
전주 여행,366,위치,NNG
전주 여행,366,카페,NNG
전주 여행,366,녹당,NNG
전주 여행,366,오늘,NNG
전주 여행,366,지난번,NNG
전주 여행,366,에서,JKB
전주 여행,366,다녀온,VV+ETM
전주 여행,366,호텔,NNG
전주 여행,366,위치,NNG
전주 여행,366,카페,NNG
전주 여행,366,녹당,NNG
전주 여행,366,비빔,NNG
전주 여행,366,빙수,NNG
전주 여행,366,리뷰,NNP
전주 여행,366,려고,EC
전주 여행,366,해요,VX+EF
전주 여행,366,한옥,NNG
전주 여행,366,마을,NNG
전주 여행,366,위치,NNG
전주 여행,366,호텔,NNG
전주 여행,366,호텔,NNG
전주 여행,366,위치,NNG
전주 여행,366,어요,EF
전주 여행,366,매일,MAG
전주 여행,366,10,SN
전주 여행,366,30,SN
전주 여행,366,22,SN
전주 여행,366,30,SN
전주 여행,366,가능,NNG
전주 여행,367,덕진,NNP
전주 여행,367,공원,NNG
전주 여행,367,연꽃,NNG
전주 여행,367,야경,NNG
전주 여행,367,으로,JKB
전주 여행,367,유명,XR
전주 여행,367,산책,NNG
전주 여행,367,명소,NNG
전주 여행,367,오늘,NNG
전주 여행,367,방문,NNG
전주 여행,367,덕진,NNP
전주 여행,367,공원,NNG
전주 여행,367,포스팅,NNP
전주 여행,367,도록,EC
전주 여행,367,할게요,VV+EC
전주 여행,367,아요,EF
전주 여행,367,너무,MAG
전주 여행,367,더워서,VA+EC
전주 여행,367,엄청,MAG
전주 여행,367,네요,EF
전주 여행,367,데이트,NNG
전주 여행,367,친구,NNG
전주 여행,368,한옥,NNG
전주 여행,368,마을,NNG
전주 여행,368,카페,NNG
전주 여행,368,디저트,NNG
전주 여행,368,맛집,NNG
전주 여행,368,카페,NNG
전주 여행,368,이르,VV
전주 여행,368,한옥마을,NNP
전주 여행,368,한복,NNG
전주 여행,368,관광객,NNG
전주 여행,368,보이,VV
전주 여행,368,길거리,NNG
전주 여행,368,음식,NNG
전주 여행,368,학생,NNG
전주 여행,368,보이,VV
전주 여행,368,카트,NNG
전주 여행,368,가족,NNG
전주 여행,368,단위,NNG
전주 여행,368,많이,MAG
전주 여행,368,보이,VV
전주 여행,368,는데요,EC
전주 여행,368,열심히,MAG
전주 여행,368,돌아다니,VV
전주 여행,368,마시,VV
전주 여행,368,들리,VV
전주 여행,369,아이,NNG
전주 여행,369,파프리카,NNP
전주 여행,369,카페,NNP
전주 여행,369,피자,NNG
전주 여행,369,쿠키,NNG
전주 여행,369,만들,VV
전주 여행,369,체험,NNG
전주 여행,369,안녕,NNG
전주 여행,369,세요,EP+EF
전주 여행,369,40,SN
전주 여행,369,마리야,NNP
전주 여행,369,마의,NNG
전주 여행,369,직접,MAG
전주 여행,369,다녀온,VV+ETM
전주 여행,369,내산,NNG
전주 여행,369,기록,NNG
전주 여행,369,에요,EF
전주 여행,369,이번,NNG
전주 여행,369,주말,NNG
전주 여행,369,아이,NNG
전주 여행,369,어디,NP
전주 여행,369,갈까,VV+EC
전주 여행,369,찾아보,VV
전주 여행,369,다가,EC
전주 여행,369,스타,NNG
전주 여행,369,그램,NNG
전주 여행,369,검색,NNG
전주 여행,369,파프리카,NNG
전주 여행,369,카페,NNG
전주 여행,369,다녀왔,VV+EP
전주 여행,369,어요,EF
전주 여행,369,그냥,MAG
전주 여행,369,커피,NNG
전주 여행,370,맛집,NNG
전주 여행,370,막걸리,NNG
전주 여행,370,사시미,NNG
전주 여행,370,부터,JX
전주 여행,370,삼합,NNG
전주 여행,370,까지,JX
전주 여행,370,푸짐,XR
전주 여행,370,막걸리,NNG
전주 여행,370,한상,NNG
전주 여행,370,오늘,NNG
전주 여행,370,특별,NNG
전주 여행,370,습니다,EF
전주 여행,370,바로,MAG
전주 여행,370,막걸리,NNG
전주 여행,370,아니,VCN
전주 여행,370,어요,EF
전주 여행,370,막걸리,NNG
전주 여행,370,골목,NNG
전주 여행,370,따로,MAG
전주 여행,370,다고,EC
전주 여행,370,해서,VV+EC
전주 여행,370,대식가,NNG
전주 여행,370,친구,NNG
전주 여행,370,함께,MAG
전주 여행,370,막걸리,NNG
전주 여행,370,방문,NNG
전주 여행,370,습니다,EF
전주 여행,370,막걸리,NNG
전주 여행,370,골목,NNG
전주 여행,370,들어서,VV
전주 여행,370,정말,MAG
전주 여행,371,31,SN
전주 여행,371,객사,NNG
전주 여행,371,신상,NNG
전주 여행,371,습니다,EF
전주 여행,371,주가,NNG
전주 여행,371,객사,NNG
전주 여행,371,객사,NNG
전주 여행,371,객사,NNG
전주 여행,371,투어,NNG
전주 여행,371,객사,NNG
전주 여행,371,투어,NNG
전주 여행,371,투어,NNG
전주 여행,371,소품,NNG
전주 여행,371,객사,NNG
전주 여행,371,소품,NNG
전주 여행,371,소품,NNG
전주 여행,371,객사,NNG
전주 여행,372,BEST,SL
전주 여행,372,한옥마을,NNP
전주 여행,372,덕진,NNP
전주 여행,372,공원,NNG
전주 여행,372,남부,NNG
전주 여행,372,시장,NNG
전주 여행,372,까지,JX
전주 여행,372,준비,NNG
전주 여행,372,제일,MAG
전주 여행,372,먼저,MAG
전주 여행,372,검색,NNG
전주 여행,372,바로,MAG
전주 여행,372,한옥마을,NNP
전주 여행,372,워낙,MAG
전주 여행,372,유명,XR
전주 여행,372,지만,EC
전주 여행,372,막상,MAG
전주 여행,372,코스,NNG
전주 여행,372,려고,EC
전주 여행,372,경기전,NNG
전주 여행,372,언제,MAG
전주 여행,372,는지,EC
전주 여행,372,남부,NNG
전주 여행,372,시장,NNG
전주 여행,372,한옥마을,NNP
전주 여행,372,가까운지,VA+EC
전주 여행,373,발견,NNG
전주 여행,373,객사,NNG
전주 여행,373,소품,NNG
전주 여행,373,맛집,NNG
전주 여행,373,무드,NNG
전주 여행,373,군산,NNG
전주 여행,373,다녀왔,VV+EP
전주 여행,373,어요,EF
전주 여행,373,에서,JKB
전주 여행,373,발견,NNG
전주 여행,373,소품,NNG
전주 여행,373,맛집,NNG
전주 여행,373,소개,NNG
전주 여행,373,드릴게요,VX+EC
전주 여행,373,무드,NNG
전주 여행,373,전북,NNP
전주 여행,373,전주시,NNP
전주 여행,373,완산구,NNP
전주 여행,373,고사동,NNP
전주 여행,373,24,SN
전주 여행,373,12,SN
전주 여행,373,00,SN
전주 여행,373,20,SN
전주 여행,373,00,SN
전주 여행,373,맛있,VA
전주 여행,373,저녁,NNG
전주 여행,373,길거리,NNG
전주 여행,373,지나가,VV
전주 여행,373,는데,EC
전주 여행,373,에서,JKB
전주 여행,373,봐도,VV+EC
전주 여행,373,너무,MAG
전주 여행,373,이쁜,VA+ETM
전주 여행,374,전북,NNP
전주 여행,374,완산,NNP
전주 여행,374,벙커,NNG
전주 여행,374,스페이스,NNG
전주 여행,374,국립,NNG
전주 여행,374,박물관,NNG
전주 여행,374,아중,NNG
전주 여행,374,호수,NNG
전주 여행,374,막걸리,NNG
전주 여행,374,라면,NNG
전주 여행,374,과자,NNG
전주 여행,374,한잔,NNG
전주 여행,374,첫날,NNG
전주 여행,374,일정,NNG
전주 여행,374,행복,NNG
전주 여행,374,마감,NNG
전주 여행,374,개요,NNG
전주 여행,374,여행사,NNG
전주 여행,374,공방,NNG
전주 여행,374,99,SN
전주 여행,374,000,SN
전주 여행,374,가이드,NNG
전주 여행,374,포함,NNG
전주 여행,374,교통비,NNG
전주 여행,374,숙식,NNG
전주 여행,374,체험,NNG
전주 여행,374,입장료,NNG
전주 여행,374,인솔,NNG
전주 여행,375,PNB,SL
전주 여행,375,풍년제,NNP
전주 여행,375,본점,NNG
전주 여행,375,무료,NNG
전주 여행,375,주차,NNG
전주 여행,375,정보,NNG
전주 여행,375,초코파이,NNP
전주 여행,375,종류,NNG
전주 여행,375,전국,NNG
전주 여행,375,됩니다,VV+EF
전주 여행,375,케이크,NNG
전주 여행,375,사이즈,NNG
전주 여행,375,다양,NNG
전주 여행,375,어요,EF
전주 여행,375,저희,NP
전주 여행,375,구매,NNG
전주 여행,375,소보로빵,NNG
전주 여행,375,무난,XR
전주 여행,375,옥수수빵,NNG
전주 여행,375,추천,NNP
전주 여행,375,초코파이,NNP
전주 여행,375,오랜만,NNG
전주 여행,375,으니,EC
전주 여행,375,달달,MAG
전주 여행,375,맛있,VA
전주 여행,375,어요,EF
전주 여행,375,풍년제,NNP
전주 여행,375,들러,VV+EC
전주 여행,375,세요,EP+EF
전주 여행,376,맛집,NNG
전주 여행,376,추천,NNG
전주 여행,376,리스트,NNG
전주 여행,376,한식,NNG
전주 여행,376,위주,NNG
전주 여행,376,맛집,NNG
전주 여행,376,내산,NNP
전주 여행,376,진짜,MAG
전주 여행,376,여기,NP
전주 여행,376,때문,NNB
전주 여행,376,정도,NNG
전주 여행,376,VIDEO,SL
전주 여행,376,영상,NNG
전주 여행,376,으로,JKB
전주 여행,376,확인,NNG
전주 여행,376,세요,EP+EF
전주 여행,376,콩나물국,NNG
전주 여행,376,풀리,VV
전주 여행,376,깔끔,XR
전주 여행,376,콩나물국,NNG
전주 여행,376,영업시간,NNG
전주 여행,376,매일,MAG
전주 여행,376,오전,NNG
전주 여행,376,오후,NNG
전주 여행,376,주차,NNG
전주 여행,376,무료,NNG
전주 여행,376,많이,MAG
전주 여행,377,호텔,NNG
전주 여행,377,오붓,XR
전주 여행,377,솔직,XR
전주 여행,377,리뷰,NNP
전주 여행,377,호텔,NNG
전주 여행,377,오붓,XR
전주 여행,377,솔직,XR
전주 여행,377,리뷰,NNP
전주 여행,377,호텔,NNG
전주 여행,377,선택,NNG
전주 여행,377,중요,NNG
전주 여행,377,호텔,NNG
전주 여행,377,기준,NNG
전주 여행,377,에서,JKB
전주 여행,377,실제,NNG
전주 여행,377,숙박,NNG
전주 여행,377,상황,NNG
전주 여행,377,관리,NNG
전주 여행,377,편의,NNG
전주 여행,377,함께,MAG
전주 여행,377,확인,NNG
전주 여행,377,습니다,EF
전주 여행,377,특히,MAG
전주 여행,377,가격,NNG
전주 여행,377,서비스,NNG
전주 여행,377,모두,MAG
전주 여행,377,고려,NNG
전주 여행,377,해야,XSV+EC
전주 여행,377,고요,EC
전주 여행,378,한옥,NNG
전주 여행,378,마을,NNG
전주 여행,378,숙소,NNG
전주 여행,378,교동,NNG
전주 여행,378,아이,NNG
전주 여행,378,아이,NNG
전주 여행,378,아이,NNG
전주 여행,378,숙소,NNG
전주 여행,378,한옥,NNG
전주 여행,378,숙소,NNG
전주 여행,378,한옥,NNG
전주 여행,378,마을,NNG
전주 여행,378,숙소,NNG
전주 여행,378,추천,NNP
전주 여행,378,숙소,NNG
전주 여행,378,추천,NNG
전주 여행,378,코스,NNG
전주 여행,378,독채,NNG
전주 여행,378,숙소,NNG
전주 여행,378,단체,NNG
전주 여행,378,숙소,NNG
전주 여행,378,가족,NNG
전주 여행,378,숙소,NNG
전주 여행,378,한옥마을,NNP
전주 여행,379,당일치기,NNG
전주 여행,379,뚜벅,MAG
전주 여행,379,대중교통,NNG
전주 여행,379,코스,NNG
전주 여행,379,추천,NNG
전주 여행,379,당일치기,NNG
전주 여행,379,총평,NNG
전주 여행,379,대중교통,NNG
전주 여행,379,이용,NNG
전주 여행,379,해서,XSV+EC
전주 여행,379,막힐,VV+ETM
전주 여행,379,걱정,NNG
전주 여행,379,맥주,NNG
전주 여행,379,한잔,NNG
전주 여행,379,마실,VV+ETM
전주 여행,379,어서,EC
전주 여행,379,너무,MAG
전주 여행,379,어요,EF
전주 여행,379,기차,NNG
전주 여행,379,시간,NNG
전주 여행,379,맞춰,VV+EC
전주 여행,379,부지런히,MAG
전주 여행,379,움직여야,VV+EC
전주 여행,379,해서,VV+EC
전주 여행,379,아이,NNG
전주 여행,379,어렵,VA
전주 여행,379,지만,EC
전주 여행,379,성인,NNG
전주 여행,379,끼리,XSN
전주 여행,379,간다면,VV+EC
전주 여행,379,정말,MAG
전주 여행,380,서신동,NNP
전주 여행,380,맥스,NNP
전주 여행,380,체대,NNG
전주 여행,380,입시,NNG
전주 여행,380,학원,NNG
전주 여행,380,체대,NNG
전주 여행,380,입시,NNG
전주 여행,380,운동,NNG
전주 여행,380,주일,NNBC
전주 여행,380,다면,EC
전주 여행,380,시험,NNG
전주 여행,380,이나,JC
전주 여행,380,때문,NNB
전주 여행,380,체대,NNG
전주 여행,380,입시,NNG
전주 여행,380,운동,NNG
전주 여행,380,주일,NNBC
전주 여행,380,마음,NNG
전주 여행,380,해집니다,XSV+EC+VX+EC
전주 여행,380,서신동,NNP
전주 여행,380,에서,JKB
전주 여행,380,입시,NNG
전주 여행,380,준비,NNG
전주 여행,380,학생,NNG
전주 여행,380,빠진,VV+ETM
전주 여행,380,운동,NNG
전주 여행,380,오늘,MAG
전주 여행,380,해야,VV+EC
전주 여행,380,하나,NR
전주 여행,380,라고,EC
전주 여행,380,합니다,VX+EF
전주 여행,380,공백,NNG
전주 여행,380,만회,NNG
전주 여행,380,려고,EC
전주 여행,380,첫날,NNG
전주 여행,380,부터,JX
전주 여행,381,맛집,NNG
전주 여행,381,60,SN
전주 여행,381,전통,NNG
전주 여행,381,메밀,NNG
전주 여행,381,소바,NNP
전주 여행,381,특별,NNG
전주 여행,381,초당,NNG
전주 여행,381,옥수수,NNG
전주 여행,381,콩국수,NNG
전주 여행,381,만난,VV+ETM
전주 여행,381,60,SN
전주 여행,381,전통,NNG
전주 여행,381,간직,NNG
전주 여행,381,노포,NNG
전주 여행,381,메르,NNP
전주 여행,381,진미,NNG
전주 여행,381,금암,NNG
전주 여행,381,동직,NNG
전주 여행,381,방문기,NNG
전주 여행,381,사진,NNG
전주 여행,381,순서,NNG
전주 여행,381,대로,JX
전주 여행,381,생생,XR
전주 여행,381,전해,VV+EC
전주 여행,381,드릴게요,VX+EC
전주 여행,381,비빔밥,NNG
전주 여행,381,떠올리,VV
전주 여행,381,나요,EF
전주 여행,381,노포,NNG
전주 여행,381,손맛,NNG
전주 여행,381,느끼,VV
전주 여행,381,다면,EC
전주 여행,382,호텔,NNG
전주 여행,382,아라리,NNG
전주 여행,382,숙박,NNG
전주 여행,382,추천,NNG
전주 여행,382,후기,NNG
전주 여행,382,한옥,NNG
전주 여행,382,마을,NNG
전주 여행,382,근처,NNG
전주 여행,382,완벽,NNG
전주 여행,382,휴식,NNG
전주 여행,382,에서,JKB
전주 여행,382,호텔,NNG
전주 여행,382,아라리,NNG
전주 여행,382,정말,MAG
전주 여행,382,만족,NNG
전주 여행,382,스러웠,XSA+EP
전주 여행,382,어요,EF
전주 여행,382,시설,NNG
전주 여행,382,깨끗,XR
전주 여행,382,현대,NNG
전주 여행,382,감각,NNG
전주 여행,382,전통,NNG
전주 여행,382,분위기,NNG
전주 여행,382,조화,NNG
전주 여행,382,어우러졌,VV+EP
전주 여행,382,답니다,EF
전주 여행,382,특히,MAG
전주 여행,382,주변,NNG
전주 여행,382,관광지,NNG
전주 여행,382,접근성,NNG
전주 여행,382,뛰어나,VA
전주 여행,382,이동하,NNP
전주 여행,382,내내,MAG
전주 여행,382,편리,NNG
전주 여행,383,베스트,NNP
전주 여행,383,웨스턴,NNP
전주 여행,383,호텔,NNG
전주 여행,383,조식,NNG
전주 여행,383,부대시설,NNG
전주 여행,383,할인,NNG
전주 여행,383,이용,NNG
전주 여행,383,숙소,NNG
전주 여행,383,고르,VA
전주 여행,383,한옥,NNG
전주 여행,383,마을,NNG
전주 여행,383,근처,NNG
전주 여행,383,에서,JKB
전주 여행,383,베스트,NNP
전주 여행,383,웨스턴,NNP
전주 여행,383,플러스,NNP
전주 여행,383,자주,MAG
전주 여행,383,예요,VCP+EF
전주 여행,383,특급,NNG
전주 여행,383,호텔,NNG
전주 여행,383,인데,VCP+EC
전주 여행,383,여름,NNG
전주 여행,383,수영장,NNG
전주 여행,383,아침,NNG
전주 여행,383,조식,NNG
전주 여행,383,까지,JX
전주 여행,383,운영,NNG
전주 여행,383,해서,XSV+EC
전주 여행,383,검색,NNG
전주 여행,383,더라고요,EC
전주 여행,383,여기,NP
전주 여행,383,어때,VA+EC
전주 여행,384,아이,NNG
전주 여행,384,어야죠,EC
전주 여행,384,동물원,NNG
전주 여행,384,어요,EF
전주 여행,384,조용,XR
전주 여행,384,은근,NNG
전주 여행,384,동물,NNG
전주 여행,384,더라구요,EF
전주 여행,384,더웠,VA+EP
전주 여행,384,지만,EC
전주 여행,384,야무지,VA
전주 여행,384,구경,NNG
전주 여행,384,놀이,NNG
전주 여행,384,기구,NNG
전주 여행,384,으로,JKB
전주 여행,384,돌아왔,VV+EP
전주 여행,384,어요,EF
전주 여행,384,에서,JKB
전주 여행,384,즐거웠,VA+EP
전주 여행,384,다고,EC
전주 여행,384,우리,NP
전주 여행,384,아이,NNG
전주 여행,384,고마워,VA+EC
전주 여행,385,LP,SL
전주 여행,385,청음,NNG
전주 여행,385,통창,NNG
전주 여행,385,아중,NNG
전주 여행,385,호수,NNG
전주 여행,385,도서관,NNG
전주 여행,385,실내,NNG
전주 여행,385,데이트,NNG
전주 여행,385,산책,NNG
전주 여행,385,토요일,NNG
전주 여행,385,도서관,NNG
전주 여행,385,신청,NNG
전주 여행,385,어요,EF
전주 여행,385,매월,MAG
전주 여행,385,다음,NNG
전주 여행,385,신청,NNG
전주 여행,385,얼른,MAG
전주 여행,385,가보세요,NNG
전주 여행,385,반일,NNG
전주 여행,385,코스,NNG
전주 여행,385,하루,NNG
전주 여행,385,코스,NNG
전주 여행,385,습니다,EF
전주 여행,385,클래식,NNG
전주 여행,385,에서부터,JKB
전주 여행,385,재즈,NNG
전주 여행,385,까지,JX
전주 여행,385,다양,XR
전주 여행,385,음악,NNG
전주 여행,385,들으며,VV+EC
전주 여행,385,혼자,NNG
전주 여행,385,시간,NNG
전주 여행,385,보내,VV
전주 여행,386,아쿠아리움,NNG
전주 여행,386,까지,JX
전주 여행,386,다녀온,VV+ETM
전주 여행,386,후기,NNG
전주 여행,386,오늘,NNG
전주 여행,386,사천,NNG
전주 여행,386,아쿠아리움,NNG
전주 여행,386,다가,EC
전주 여행,386,카페,NNG
전주 여행,386,다가,EC
전주 여행,386,다시,MAG
전주 여행,386,돌아가,VV
전주 여행,386,일정,NNG
전주 여행,386,아침,NNG
전주 여행,386,부터,JX
전주 여행,386,이렇게,MAG
전주 여행,386,우리,NP
전주 여행,386,아쉬움,NNG
전주 여행,386,뒤로한,VV+ETM
전주 여행,386,여름휴가,NNG
전주 여행,386,마쳤,VV+EP
전주 여행,386,남해,NNP
전주 여행,386,에서,JKB
전주 여행,386,만난,VV+ETM
전주 여행,386,모든,MM
전주 여행,386,친절,NNG
전주 여행,387,가족,NNG
전주 여행,387,숙소,NNG
전주 여행,387,추천,NNG
전주 여행,387,관광호텔,NNG
전주 여행,387,조식,NNG
전주 여행,387,까지,JX
전주 여행,387,만족,NNG
전주 여행,387,후기,NNG
전주 여행,387,가깝,VA
전주 여행,387,숙소,NNG
전주 여행,387,바로,MAG
전주 여행,387,화가라,NNG
전주 여행,387,이것저것,NNG
전주 여행,387,구경,NNG
전주 여행,387,아서,EC
전주 여행,387,즐거웠,VA+EP
전주 여행,387,하루,NNG
전주 여행,387,습니다,EF
전주 여행,387,가족,NNG
전주 여행,387,숙소,NNG
전주 여행,387,으신다면,EP+EC
전주 여행,387,관광호텔,NNG
전주 여행,387,추천,NNG
전주 여행,387,드립니다,VV+EC
전주 여행,387,가족,NNG
전주 여행,387,숙소,NNG
전주 여행,387,가족호텔,NNG
전주 여행,387,추천,NNG
전주 여행,387,관광호텔,NNG
전주 여행,387,조식,NNG
전주 여행,388,편안,NNG
전주 여행,388,잠자리,NNG
전주 여행,388,위한,VV+ETM
전주 여행,388,돌침대,NNG
전주 여행,388,침대,NNG
전주 여행,388,특히,MAG
전주 여행,388,정품,NNG
전주 여행,388,침대,NNG
전주 여행,388,피로,NNG
전주 여행,388,최적,NNG
전주 여행,388,선택,NNG
전주 여행,388,입니다,VCP+EF
전주 여행,388,다양,XR
전주 여행,388,제품군,NNG
전주 여행,388,가격,NNG
전주 여행,388,돌침대,NNG
전주 여행,388,고객,NNG
전주 여행,388,다양,NNG
전주 여행,388,취향,NNG
전주 여행,388,충족,NNG
전주 여행,388,시키,XSV
전주 여행,388,위해,VV+EC
전주 여행,388,여러,MM
전주 여행,388,제품군,NNG
전주 여행,388,가격대,NNG
전주 여행,388,제공,NNG
전주 여행,388,합니다,XSV+EF
전주 여행,389,혼자,NNG
전주 여행,389,01,SN
전주 여행,389,안녕,NNG
전주 여행,389,세요,EP+EF
전주 여행,389,다녀와서,VV+EC
전주 여행,389,소개,NNG
전주 여행,389,려고,EC
전주 여행,389,해요,VX+EF
전주 여행,389,서울역,NNP
전주 여행,389,에서,JKB
전주 여행,389,기차,NNG
전주 여행,389,기다리,VV
전주 여행,389,다가,EC
전주 여행,389,코레,NNG
전주 여행,389,에서,JKB
전주 여행,389,너무,MAG
전주 여행,389,귀여운,VA+ETM
전주 여행,389,마그넷,NNG
전주 여행,389,사진,NNG
전주 여행,389,어요,EF
전주 여행,389,코레,NNG
전주 여행,389,국가,NNG
전주 여행,389,철도,NNG
전주 여행,389,공사,NNG
전주 여행,389,캐릭터,NNG
전주 여행,389,인가,VCP+EC
전주 여행,390,한지,NNG
전주 여행,390,꿀잠,NNG
전주 여행,390,숙박,NNG
전주 여행,390,추천,NNG
전주 여행,390,에서,JKB
전주 여행,390,즐기,VV
전주 여행,390,완벽,NNG
전주 여행,390,한옥,NNG
전주 여행,390,시작,NNG
전주 여행,390,숙소,NNG
전주 여행,390,에서,JKB
전주 여행,390,나오,VV
전주 여행,390,자마자,EC
전주 여행,390,정말,MAG
전주 여행,390,한옥마을,NNP
전주 여행,390,활기찬,VA+ETM
전주 여행,390,분위기,NNG
전주 여행,390,느껴졌,VV+EC+VX+EP
전주 여행,390,어요,EF
전주 여행,390,모든,MM
전주 여행,390,관광지,NNG
전주 여행,390,까지,JX
전주 여행,390,걸어갈,VV+ETM
전주 여행,390,피로,NNG
전주 여행,390,세심,XR
전주 여행,390,서비스,NNG
전주 여행,390,배려,NNG
전주 여행,390,수하물,NNG
전주 여행,390,보관,NNG
전주 여행,390,서비스,NNG
전주 여행,390,어서,EC
전주 여행,390,다음,NNG
전주 여행,390,일정,NNG
전주 여행,390,편하,VA
전주 여행,391,지복,NNG
전주 여행,391,주말,NNG
전주 여행,391,웨이팅,NNG
전주 여행,391,후기,NNG
전주 여행,391,캐치,NNG
전주 여행,391,테이블,NNG
전주 여행,391,여름휴가,NNG
전주 여행,391,다녀왔,VV+EP
전주 여행,391,는데요,EF
전주 여행,391,현지,NNG
전주 여행,391,맛집,NNG
전주 여행,391,추천,NNG
전주 여행,391,에서,JKB
전주 여행,391,유명,XR
전주 여행,391,숯불,NNG
전주 여행,391,함박,NNG
전주 여행,391,스테이크,NNG
전주 여행,391,맛집,NNG
전주 여행,391,지복,NNG
전주 여행,391,다녀왔,VV+EP
전주 여행,391,어요,EF
전주 여행,391,지복,NNG
전주 여행,391,웨이팅,NNG
전주 여행,391,부터,JX
전주 여행,391,주차,NNG
전주 여행,391,까지,JX
전주 여행,391,정리,NNG
전주 여행,391,했으니,XSA+EP+EC
전주 여행,391,까지,JX
전주 여행,392,맛집,NNG
전주 여행,392,숙영,NNG
전주 여행,392,가마솥,NNG
전주 여행,392,비빔밥,NNG
전주 여행,392,내산,NNP
전주 여행,392,후기,NNG
전주 여행,392,숙소,NNG
전주 여행,392,근처,NNG
전주 여행,392,그래서,MAJ
전주 여행,392,주역,NNP
전주 여행,392,에서,JKB
전주 여행,392,택시,NNG
전주 여행,392,바로,MAG
전주 여행,392,밥집,NNG
전주 여행,392,으로,JKB
전주 여행,392,점심,NNG
전주 여행,392,시간,NNG
전주 여행,392,아주,MAG
전주 여행,392,조금,MAG
전주 여행,392,지났,VV+EP
전주 여행,392,지만,EC
전주 여행,392,미리,MAG
전주 여행,392,택시,NNG
전주 여행,392,에서,JKB
전주 여행,392,테이블,NNG
전주 여행,392,플로,NNG
전주 여행,392,예약,NNG
전주 여행,392,아주,MAG
전주 여행,392,조금,NNG
전주 여행,393,75,SN
전주 여행,393,수강,NNG
전주 여행,393,전자,NNG
전주 여행,393,떠나,VV
전주 여행,393,요즘,NNG
전주 여행,393,전자,NNG
전주 여행,393,으로,JKB
전주 여행,393,조용필,NNP
전주 여행,393,떠나,VV
전주 여행,393,배우,VV
전주 여행,393,계신,VX+ETM
전주 여행,393,75,SN
전주 여행,393,수강생,NNG
전주 여행,393,연주,NNG
전주 여행,393,입니다,VCP+EF
전주 여행,393,아직,MAG
전주 여행,393,전체,NNG
전주 여행,393,완성,NNG
전주 여행,393,영상,NNG
전주 여행,393,아니,VCN
전주 여행,393,이번,NNG
전주 여행,393,앞부분,NNG
전주 여행,393,살짝,MAG
전주 여행,393,어요,EF
전주 여행,393,새로운,VA+ETM
전주 여행,393,배우,VV
전주 여행,393,악보,NNG
전주 여행,394,한옥마을,NNP
전주 여행,394,맛집,NNG
전주 여행,394,닭강정,NNP
전주 여행,394,한옥마을,NNP
전주 여행,394,직영,NNG
전주 여행,394,바삭,MAG
전주 여행,394,닭강정,NNP
전주 여행,394,포장,NNG
전주 여행,394,닭강정,NNP
전주 여행,394,한옥마을,NNP
전주 여행,394,직영,NNG
전주 여행,394,한옥마을,NNP
전주 여행,394,맛집,NNG
전주 여행,394,한옥마을,NNP
전주 여행,394,먹거리,NNG
전주 여행,394,먹거리,NNG
전주 여행,394,맛집,NNG
전주 여행,394,추천,NNP
전주 여행,394,닭강정,NNP
전주 여행,394,한옥마을,NNP
전주 여행,394,먹방,NNG
전주 여행,394,한옥,NNG
전주 여행,394,마을,NNG
전주 여행,394,길거리,NNG
전주 여행,394,음식,NNG
전주 여행,394,코스,NNG
전주 여행,394,야식,NNG
전주 여행,394,추천,NNP
전주 여행,394,길거리,NNG
전주 여행,394,음식,NNG
전주 여행,395,라멘,NNG
전주 여행,395,맛집,NNG
전주 여행,395,케이,NNG
전주 여행,395,금암,NNG
전주 여행,395,본점,NNG
전주 여행,395,고속,NNG
전주 여행,395,터미널,NNG
전주 여행,395,근처,NNG
전주 여행,395,현지,NNG
전주 여행,395,맛집,NNG
전주 여행,395,최근,NNG
전주 여행,395,다녀왔,VV+EP
전주 여행,395,는데,EC
전주 여행,395,예전,NNG
전주 여행,395,우연히,MAG
전주 여행,395,라멘,NNG
전주 여행,395,맛집,NNG
전주 여행,395,다고,EC
전주 여행,395,해서,VV+EC
전주 여행,395,터미널,NNG
전주 여행,395,도보,NNG
전주 여행,395,10,SN
전주 여행,395,거리,NNG
전주 여행,395,케이,NNG
전주 여행,395,금암,NNG
전주 여행,395,본점,NNG
전주 여행,395,마지막,NNG
전주 여행,395,식사,NNG
전주 여행,395,선택,NNG
전주 여행,395,습니다,EF
전주 여행,395,주라,NNG
전주 여행,395,맛집,NNG
전주 여행,396,강서구,NNP
전주 여행,396,촌동,NNG
전주 여행,396,오리,NNG
전주 여행,396,백숙,NNG
전주 여행,396,맛집,NNG
전주 여행,396,몸보신,NNG
전주 여행,396,부모,NNG
전주 여행,396,식사,NNG
전주 여행,396,안녕,NNG
전주 여행,396,세요,EP+EF
전주 여행,396,뷰리,NNP
전주 여행,396,입니다,VCP+EF
전주 여행,396,지난,VV+ETM
전주 여행,396,주말,NNG
전주 여행,396,부모,NNG
전주 여행,396,모시,VV
전주 여행,396,강서구,NNP
전주 여행,396,백숙,NNG
전주 여행,396,맛집,NNG
전주 여행,396,으로,JKB
전주 여행,396,소문난,VV+ETM
전주 여행,396,맛집,NNG
전주 여행,396,다녀왔,VV+EP
전주 여행,396,어요,EF
전주 여행,396,에게,JKB
전주 여행,396,백숙,NNG
전주 여행,396,가평,NNG
전주 여행,396,이나,JC
전주 여행,396,어디,NP
전주 여행,396,멀리,MAG
전주 여행,396,음식,NNG
전주 여행,396,라는,ETM
전주 여행,396,생각,NNG
전주 여행,396,강했,VV+EP
전주 여행,396,는데,EC
전주 여행,396,굳이,MAG
전주 여행,397,안동,NNP
전주 여행,397,갈비,NNG
전주 여행,397,골목,NNG
전주 여행,397,맛집,NNG
전주 여행,397,안동,NNG
전주 여행,397,한우,NNG
전주 여행,397,갈비,NNG
전주 여행,397,안동,NNG
전주 여행,397,에서,JKB
전주 여행,397,봐야,VX+EC
전주 여행,397,시골,NNG
전주 여행,397,안동,NNG
전주 여행,397,너무,MAG
전주 여행,397,아서,EC
전주 여행,397,돌아간,VV+ETM
전주 여행,397,후기,NNG
전주 여행,397,남긴다,VV+EC
전주 여행,397,안동,NNG
전주 여행,397,왤케,UNKNOWN
전주 여행,397,습니까,EF
전주 여행,397,그래도,VV+EC
전주 여행,397,안동,NNG
전주 여행,397,왔으니,VV+EP+EC
전주 여행,397,내산,NNG
전주 여행,397,해서,VV+EC
전주 여행,397,도전,NNG
전주 여행,397,인분,NNG
전주 여행,397,부터,JX
전주 여행,397,주문,NNG
전주 여행,397,가능,NNG
전주 여행,397,인분,NNG
전주 여행,398,전라도,NNP
전주 여행,398,미식,NNG
전주 여행,398,전라북도,NNP
전주 여행,398,전통,NNG
전주 여행,398,시장,NNG
전주 여행,398,베스트,NNG
전주 여행,398,정리,NNG
전주 여행,398,먹거리,NNG
전주 여행,398,부터,JX
전주 여행,398,볼거리,NNG
전주 여행,398,까지,JX
전주 여행,398,가득,MAG
전주 여행,398,전북,NNP
전주 여행,398,시장,NNG
전주 여행,398,지금,MAG
전주 여행,398,바로,MAG
전주 여행,398,출발,NNG
전주 여행,398,볼까요,VX+EC
전주 여행,398,남부,NNG
전주 여행,398,시장,NNG
전주 여행,398,한옥,NNG
전주 여행,398,마을,NNG
전주 여행,398,시장,NNG
전주 여행,398,주소,NNG
전주 여행,398,전주시,NNP
전주 여행,398,완산구,NNP
전주 여행,398,풍남문,NNG
전주 여행,398,63,SN
전주 여행,398,대표,NNG
전주 여행,398,장날,NNG
전주 여행,398,상설,NNG
전주 여행,398,시장,NNG
전주 여행,398,매주,NNG
전주 여행,398,토요일,NNG
전주 여행,398,야시장,NNG
전주 여행,398,운영,NNG
전주 여행,398,오후,NNG
전주 여행,399,여름,NNG
전주 여행,399,휴가,NNG
전주 여행,399,다녀오,VV
전주 여행,399,kg,SL
전주 여행,399,러닝,NNG
전주 여행,399,다이어트,NNG
전주 여행,399,여름,NNG
전주 여행,399,휴가,NNG
전주 여행,399,거제,NNG
전주 여행,399,다녀오,VV
전주 여행,399,무려,MAG
전주 여행,399,kg,SL
전주 여행,399,습니다,EF
전주 여행,399,사실,MAG
전주 여행,399,화장실,NNG
전주 여행,399,스타일,NNG
전주 여행,399,화장실,NNG
전주 여행,399,무게,NNG
전주 여행,399,내내,MAG
전주 여행,399,이랑,JKB
전주 여행,399,수영,NNG
전주 여행,400,호텔,NNG
전주 여행,400,호텔,NNG
전주 여행,400,아라리,NNG
전주 여행,400,구매,NNG
전주 여행,400,해도,XSV+EC
전주 여행,400,될까,VV+EC
전주 여행,400,숙소,NNG
전주 여행,400,선택,NNG
전주 여행,400,고민,NNG
전주 여행,400,호텔,NNG
전주 여행,400,호텔,NNG
전주 여행,400,아라리,NNG
전주 여행,400,기준,NNG
전주 여행,400,에서,JKB
전주 여행,400,실제,NNG
전주 여행,400,숙박,NNG
전주 여행,400,상황,NNG
전주 여행,400,관리,NNG
전주 여행,400,편의,NNG
전주 여행,400,함께,MAG
전주 여행,400,확인,NNG
전주 여행,400,습니다,EF
전주 여행,400,특히,MAG
전주 여행,400,한옥,NNG
전주 여행,400,마을,NNG
전주 여행,400,근처,NNG
전주 여행,400,호텔,NNG
전주 여행,400,어떤,MM
전주 여행,400,은지,EC
전주 여행,400,궁금,XR
전주 여행,400,해서,XSA+EC
전주 여행,401,다녀왔,VV+EP
전주 여행,401,습니다,EF
전주 여행,401,들어온,VV+ETM
전주 여행,401,떡집,NNG
전주 여행,401,방문,NNG
전주 여행,401,맛있,VA
전주 여행,401,쑥설기,NNG
전주 여행,401,저번,NNG
전주 여행,401,초코,NNP
전주 여행,401,설기,NNG
전주 여행,401,길래,EC
전주 여행,401,초코,NNP
전주 여행,401,설기,NNG
전주 여행,401,스프레이,NNG
전주 여행,401,칫솔,NNG
전주 여행,401,세트,NNG
전주 여행,401,칫솔,NNG
전주 여행,401,구성,NNG
전주 여행,401,는데,EC
전주 여행,401,에서,JKB
전주 여행,401,전체,NNG
전주 여행,401,박스,NNG
전주 여행,401,얼굴,NNG
전주 여행,402,한옥마을,NNP
전주 여행,402,비빔밥,NNG
전주 여행,402,맛집,NNG
전주 여행,402,청연,NNG
전주 여행,402,근처,NNG
전주 여행,402,천마,NNG
전주 여행,402,내산,NNP
전주 여행,402,오늘,MAG
전주 여행,402,소개,NNG
전주 여행,402,청연,NNG
전주 여행,402,근처,NNG
전주 여행,402,맛집,NNG
전주 여행,402,남천,NNG
전주 여행,402,마루,NNG
전주 여행,402,입니다,VCP+EF
전주 여행,402,지난,VV+ETM
전주 여행,402,다녀와서,VV+EC
전주 여행,402,요즘,NNG
전주 여행,402,관련,NNG
전주 여행,402,맛집,NNG
전주 여행,402,이나,JC
전주 여행,402,카페,NNG
전주 여행,402,포스팅,NNP
전주 여행,402,하나,NR
전주 여행,402,올리,VV
전주 여행,402,는데요,EF
전주 여행,402,이번,NNG
전주 여행,403,내산,NNP
전주 여행,403,남부,NNG
전주 여행,403,시장,NNG
전주 여행,403,운암,NNG
전주 여행,403,콩나물국,NNG
전주 여행,403,아침,NNG
전주 여행,403,식사,NNG
전주 여행,403,해장국,NNG
전주 여행,403,맛집,NNG
전주 여행,403,고등학교,NNG
전주 여행,403,졸업,NNG
전주 여행,403,처음,NNG
전주 여행,403,혼자,NNG
전주 여행,403,면서,EC
전주 여행,403,수란,NNG
전주 여행,403,콩나물,NNG
전주 여행,403,새우젓,NNG
전주 여행,403,으로,JKB
전주 여행,403,젓갈,NNG
전주 여행,403,반찬,NNG
전주 여행,403,으로,JKB
전주 여행,403,어야,EC
전주 여행,403,된다,VV+EC
전주 여행,403,배웠,VV+EP
전주 여행,403,따뜻,XR
전주 여행,403,면서,EC
전주 여행,403,부드럽,VA
전주 여행,403,든든,XR
전주 여행,403,지금,NNG
전주 여행,403,는데,EC
전주 여행,404,시외버스,NNG
전주 여행,404,공용,NNG
전주 여행,404,터미널,NNG
전주 여행,404,인천,NNP
전주 여행,404,공항,NNG
전주 여행,404,심야,NNG
전주 여행,404,우등,NNG
전주 여행,404,32,SN
전주 여행,404,000,SN
전주 여행,404,예매처,NNG
전주 여행,404,시외버스,NNG
전주 여행,404,공용,NNG
전주 여행,404,터미널,NNG
전주 여행,404,이용,NNG
전주 여행,404,급하,VA
전주 여행,404,터미널,NNG
전주 여행,404,도착,NNG
전주 여행,404,현장,NNG
전주 여행,404,시도,NNG
전주 여행,404,시간,NNG
전주 여행,404,버스,NNG
전주 여행,404,매진,NNG
전주 여행,404,낭패,NNG
전주 여행,404,경우,NNG
전주 여행,404,습니다,EF
전주 여행,404,특히,MAG
전주 여행,404,연휴,NNG
전주 여행,404,주말,NNG
전주 여행,404,미리,MAG
전주 여행,404,예매,NNG
전주 여행,404,으면,EC
전주 여행,404,계획,NNG
전주 여행,405,한옥마을,NNP
전주 여행,405,한복,NNG
전주 여행,405,대여,NNG
전주 여행,405,시간,NNG
전주 여행,405,부터,JX
전주 여행,405,주차,NNG
전주 여행,405,으로,JKB
전주 여행,405,할인,NNG
전주 여행,405,주차,NNG
전주 여행,405,정보,NNG
전주 여행,405,통해,VV+EC
전주 여행,405,더욱,MAG
전주 여행,405,알찬,VA+ETM
전주 여행,405,계획,NNG
전주 여행,405,세우,VV
전주 여행,405,바랍니다,VV+EF
전주 여행,405,한옥마을,NNP
전주 여행,405,한복,NNG
전주 여행,405,대여,NNG
전주 여행,405,한복,NNG
전주 여행,405,한옥마을,NNP
전주 여행,405,주차,NNG
전주 여행,405,한복,NNG
전주 여행,405,대여,NNG
전주 여행,405,요금,NNG
전주 여행,405,관광,NNG
전주 여행,405,한국,NNP
전주 여행,405,관광,NNG
전주 여행,405,100,SN
전주 여행,405,주차,NNG
전주 여행,406,필수,NNG
전주 여행,406,코스,NNG
전주 여행,406,소바,NNP
전주 여행,406,콩국수,NNG
전주 여행,406,맛집,NNG
전주 여행,406,태평,NNG
전주 여행,406,웨이팅,NNG
전주 여행,406,조금,MAG
전주 여행,406,수그러들,VV
전주 여행,406,다시,MAG
전주 여행,406,방문,NNG
전주 여행,406,할게요,XSV+EC
전주 여행,406,맛있,VA
전주 여행,406,습니다,EF
전주 여행,406,맛집,NNG
전주 여행,406,소바,NNP
전주 여행,406,맛집,NNG
전주 여행,406,콩국수,NNG
전주 여행,406,맛집,NNG
전주 여행,406,물맛,NNG
전주 여행,406,웨이팅,NNG
전주 여행,406,맛집,NNG
전주 여행,406,금암동,NNP
전주 여행,406,맛집,NNG
전주 여행,406,전북,NNP
전주 여행,406,대맛,NNG
전주 여행,406,필수,NNG
전주 여행,406,코스,NNG
전주 여행,406,필수,NNG
전주 여행,406,맛집,NNG
전주 여행,406,태평,NNG
전주 여행,407,우아동,NNP
전주 여행,407,호텔,NNG
전주 여행,407,총평,NNG
전주 여행,407,아늑,XR
전주 여행,407,편안,NNG
전주 여행,407,숙박,NNG
전주 여행,407,체험,NNG
전주 여행,407,위해,VV+EC
전주 여행,407,이곳,NP
전주 여행,407,머물렀,VV+EP
전주 여행,407,는데,EC
전주 여행,407,기대,NNG
전주 여행,407,이상,NNG
전주 여행,407,으로,JKB
전주 여행,407,따뜻,XR
전주 여행,407,포근,XR
전주 여행,407,기분,NNG
전주 여행,407,어요,EF
전주 여행,407,전체,NNG
전주 여행,407,깔끔,XR
전주 여행,407,관리,NNG
전주 여행,407,주변,NNG
전주 여행,407,명소,NNG
전주 여행,407,가까워서,VA+EC
전주 여행,407,움직이,VV
전주 여행,407,정말,MAG
전주 여행,407,답니다,EC
전주 여행,407,덕분,NNG
전주 여행,407,편안,NNG
전주 여행,407,완벽,NNG
전주 여행,407,휴식,NNG
전주 여행,408,아기,NNG
전주 여행,408,30,SN
전주 여행,408,개월,NNBC
전주 여행,408,아기,NNG
전주 여행,408,30,SN
전주 여행,408,개월,NNBC
전주 여행,408,아기,NNG
전주 여행,408,함께,MAG
전주 여행,408,어느,MM
전주 여행,408,30,SN
전주 여행,408,개월,NNBC
전주 여행,408,아기,NNG
전주 여행,408,급하,VA
전주 여행,408,다녀왔,VV+EP
전주 여행,408,항상,MAG
전주 여행,408,기억,NNG
전주 여행,408,가지,VX
전주 여행,408,어서,EC
전주 여행,408,20,SN
전주 여행,408,고등학교,NNG
전주 여행,408,친구,NNG
전주 여행,408,함께,MAG
전주 여행,408,왔었,VV+EP
전주 여행,408,20,SN
전주 여행,408,중반,NNG
전주 여행,408,기억,NNG
전주 여행,409,전북,NNP
전주 여행,409,필수,NNG
전주 여행,409,전북,NNP
전주 여행,409,투어,NNG
전주 여행,409,패스,NNG
전주 여행,409,사용법,NNG
전주 여행,409,사용,NNG
전주 여행,409,주편,NNG
전주 여행,409,다른,MM
전주 여행,409,지역,NNG
전주 여행,409,된다면,VV+EC
전주 여행,409,후기,NNG
전주 여행,409,올게요,VV+EC
전주 여행,409,전북,NNP
전주 여행,409,투어,NNG
전주 여행,409,패스,NNG
전주 여행,409,전북,NNP
전주 여행,409,투어,NNG
전주 여행,409,패스,NNG
전주 여행,409,전북,NNP
전주 여행,409,전북,NNG
전주 여행,409,추천,NNG
전주 여행,409,전북,NNG
전주 여행,409,필수,NNG
전주 여행,409,전북,NNP
전주 여행,409,필수,NNG
전주 여행,409,입장권,NNG
전주 여행,409,전북,NNP
전주 여행,410,경기전,NNG
전주 여행,410,여행자,NNG
전주 여행,410,라운지,NNG
전주 여행,410,한옥,NNG
전주 여행,410,마을,NNG
전주 여행,410,보관,NNG
전주 여행,410,무료,NNG
전주 여행,410,물품,NNG
전주 여행,410,보관소,NNG
전주 여행,410,당일치기,NNG
전주 여행,410,경우,NNG
전주 여행,410,아요,EF
전주 여행,410,한옥마을,NNP
전주 여행,410,자체,NNG
전주 여행,410,거리,NNG
전주 여행,410,넘쳐나,VV
전주 여행,410,때문,NNB
전주 여행,410,다니,VV
전주 여행,410,힘들,VA
전주 여행,410,답니다,EC
전주 여행,410,고민,NNG
전주 여행,410,경기전,NNG
전주 여행,410,경기전,NNG
전주 여행,410,여행자,NNG
전주 여행,410,운지,NNG
전주 여행,410,고고,NNG
전주 여행,410,기본,NNG
전주 여행,411,한옥마을,NNP
전주 여행,411,먹거리,NNG
전주 여행,411,거리,XSV
전주 여행,411,바게트,NNG
전주 여행,411,버거,NNG
전주 여행,411,풍자,NNG
전주 여행,411,이번,NNG
전주 여행,411,에서,JKB
전주 여행,411,사진,NNG
전주 여행,411,엄청,MAG
전주 여행,411,많이,MAG
전주 여행,411,는데요,EC
전주 여행,411,사진,NNG
전주 여행,411,스타,NNG
전주 여행,411,그램,NNG
전주 여행,411,스토리,NNG
전주 여행,411,올렸,VV+EP
전주 여행,411,더니,EC
전주 여행,411,지인,NNG
전주 여행,411,에게,JKB
전주 여행,411,거리,XSV
전주 여행,411,가보,NNG
전주 여행,411,라는,VCP+ETM
전주 여행,411,디엠,NNG
전주 여행,411,어요,EF
전주 여행,411,저녁,NNG
전주 여행,411,까지,JX
전주 여행,411,해도,VV+EC
전주 여행,411,생각,NNG
전주 여행,411,는데,EC
전주 여행,411,둘째,NR
전주 여행,411,아침,NNG
전주 여행,412,맛집,NNG
전주 여행,412,진미,NNG
전주 여행,412,본점,NNG
전주 여행,412,돼지,NNG
전주 여행,412,불고기,NNG
전주 여행,412,오징어,NNG
전주 여행,412,볶음,NNG
전주 여행,412,김밥,NNG
전주 여행,412,상추쌈,NNG
전주 여행,412,추천,NNG
전주 여행,412,맛집,NNG
전주 여행,412,김밥,NNG
전주 여행,412,으로,JKB
전주 여행,412,유명,XR
전주 여행,412,진미,NNG
전주 여행,412,본점,NNG
전주 여행,412,하나,NR
전주 여행,412,바로,MAG
전주 여행,412,김밥,NNG
전주 여행,412,상추,NNG
전주 여행,412,조합,NNG
전주 여행,412,처음,NNG
전주 여행,412,사실,MAG
전주 여행,412,김밥,NNG
전주 여행,412,상추,NNG
전주 여행,412,는데,EC
전주 여행,413,유니클로,NNP
전주 여행,413,주송,NNG
전주 여행,413,천점,NNG
전주 여행,413,초코파이,NNP
전주 여행,413,티셔츠,NNG
전주 여행,413,덕진,NNP
전주 여행,413,잠옷,NNG
전주 여행,413,바람,NNG
전주 여행,413,인간,NNG
전주 여행,413,아점,NNG
전주 여행,413,으로,JKB
전주 여행,413,컵라면,NNG
전주 여행,413,출근,NNG
전주 여행,413,강원도,NNP
전주 여행,413,감자,NNG
전주 여행,413,전라도,NNP
전주 여행,413,여행기,NNG
전주 여행,413,언젠가,MAG
전주 여행,413,광주,NNP
전주 여행,413,목포,NNP
전주 여행,413,담양,NNP
전주 여행,413,가리,VV
전주 여행,413,원래,MAG
전주 여행,413,퇴근,NNG
전주 여행,413,원주,NNG
전주 여행,413,다가,EC
전주 여행,413,원주,NNP
전주 여행,413,에서,JKB
전주 여행,413,주로,MAG
전주 여행,413,출발,NNG
전주 여행,413,려고,EC
전주 여행,413,였으나,EP+EC
전주 여행,413,거의,MAG
전주 여행,414,전북,NNP
전주 여행,414,브런치,NNP
전주 여행,414,맛집,NNG
전주 여행,414,베이글,NNP
전주 여행,414,카페,NNG
전주 여행,414,원탑,NNG
전주 여행,414,코스,NNG
전주 여행,414,미니,NNG
전주 여행,414,사람,NNG
전주 여행,414,라면,EC
전주 여행,414,코스,NNG
전주 여행,414,미니,NNG
전주 여행,414,세요,EP+EF
전주 여행,414,안녕,IC
전주 여행,414,세요,EP+EF
전주 여행,414,직접,MAG
전주 여행,414,느끼,VV
전주 여행,414,빠져드,VV+EC+VV
전주 여행,414,입니다,VCP+EF
전주 여행,414,평소,NNG
전주 여행,414,자주,MAG
전주 여행,414,해요,VX+EF
전주 여행,414,사실,MAG
전주 여행,414,건강,NNG
전주 여행,414,때문,NNB
전주 여행,414,조절,NNG
전주 여행,414,지만,EC
전주 여행,415,경기전,NNG
전주 여행,415,어진,VA+ETM
전주 여행,415,박물관,NNG
전주 여행,415,한옥마을,NNP
전주 여행,415,필수,NNG
전주 여행,415,코스,NNG
전주 여행,415,방문,NNG
전주 여행,415,후기,NNG
전주 여행,415,한옥마을,NNP
전주 여행,415,경기전,NNG
전주 여행,415,어진,VA+ETM
전주 여행,415,박물관,NNG
전주 여행,415,한옥마을,NNP
전주 여행,415,코스,NNG
전주 여행,415,경기전,NNG
전주 여행,415,입장료,NNG
전주 여행,415,산책,NNG
전주 여행,415,코스,NNG
전주 여행,415,블로그,NNG
전주 여행,415,내산,NNP
전주 여행,415,사진,NNG
전주 여행,415,코스,NNG
전주 여행,415,사진,NNG
전주 여행,415,포토스,NNP
전주 여행,416,무조건,MAG
전주 여행,416,베테랑,NNG
전주 여행,416,칼국수,NNG
전주 여행,416,베테랑,NNG
전주 여행,416,칼국수,NNG
전주 여행,416,칼국수,NNG
전주 여행,416,매니아,NNP
전주 여행,416,처음,NNG
전주 여행,416,검색,NNG
전주 여행,416,해서,XSV+EC
전주 여행,416,인데,VCP+EC
전주 여행,416,마다,JX
전주 여행,416,들르,VV
전주 여행,416,식당,NNG
전주 여행,416,돌아가,VV
전주 여행,416,내내,MAG
전주 여행,416,생각날,VV+ETM
전주 여행,416,정도,NNG
전주 여행,416,여기저기,NNG
전주 여행,416,체인점,NNG
전주 여행,416,지만,EC
전주 여행,417,정읍,NNG
전주 여행,417,숙소,NNG
전주 여행,417,스테이,NNG
전주 여행,417,태교,NNG
전주 여행,417,걱정,NNG
전주 여행,417,지만,EC
전주 여행,417,가장,MAG
전주 여행,417,컨디션,NNG
전주 여행,417,다는,ETM
전주 여행,417,임신,NNG
전주 여행,417,중기,NNG
전주 여행,417,가장,MAG
전주 여행,417,오히려,MAJ
전주 여행,417,다녀온,VV+ETM
전주 여행,417,정읍,NNG
전주 여행,417,에서,JKB
전주 여행,417,숙소,NNG
전주 여행,417,가까운,VA+ETM
전주 여행,417,정읍,NNG
전주 여행,417,으로,JKB
전주 여행,417,연휴,NNG
전주 여행,417,숙소,NNG
전주 여행,417,다가,EC
전주 여행,418,한옥마을,NNP
전주 여행,418,난장,NNG
전주 여행,418,콩나물,NNG
전주 여행,418,국밥,NNG
전주 여행,418,에서,JKB
전주 여행,418,직접,MAG
전주 여행,418,다녀온,VV+ETM
전주 여행,418,콩나물국,NNG
전주 여행,418,맛집,NNG
전주 여행,418,아래,NNG
전주 여행,418,따로,MAG
전주 여행,418,자세히,MAG
전주 여행,418,정리,NNG
전주 여행,418,습니다,EF
전주 여행,418,감사,NNG
전주 여행,418,합니다,XSV+EF
전주 여행,418,한옥마을,NNP
전주 여행,418,한옥마을,NNP
전주 여행,418,난장,NNG
전주 여행,419,낭만,NNG
전주 여행,419,전통,NNG
전주 여행,419,한옥마을,NNP
전주 여행,419,완벽,NNG
전주 여행,419,가이드,NNG
전주 여행,419,일반,NNG
전주 여행,419,순대,NNG
전주 여행,419,보다,JKB
전주 여행,419,훨씬,MAG
전주 여행,419,담백,XR
전주 여행,419,특징,NNG
전주 여행,419,전라도,NNP
전주 여행,419,지역,NNG
전주 여행,419,향토,NNG
전주 여행,419,음식,NNG
전주 여행,419,입니다,VCP+EF
전주 여행,419,이야기,NNG
전주 여행,419,숙소,NNG
전주 여행,419,맛집,NNG
전주 여행,419,국내,NNG
전주 여행,419,여행지,NNG
전주 여행,419,추천,NNP
전주 여행,419,한옥마을,NNP
전주 여행,419,전주호,NNP
전주 여행,419,데이트,NNG
전주 여행,419,코스,NNG
전주 여행,420,군산,NNP
전주 여행,420,성당,NNG
전주 여행,420,카페,NNG
전주 여행,420,선물,NNG
전주 여행,420,세트,NNG
전주 여행,420,가격,NNG
전주 여행,420,성당,NNG
전주 여행,420,에서,JKB
전주 여행,420,사고,NNG
전주 여행,420,숙소,NNG
전주 여행,420,돌아가,VV
전주 여행,420,바로,MAG
전주 여행,420,성당,NNG
전주 여행,420,카페,NNG
전주 여행,420,슬쩍,MAG
전주 여행,420,구경,NNG
전주 여행,420,군산,NNG
전주 여행,420,코스,NNG
전주 여행,420,코스,NNG
전주 여행,420,성당,NNG
전주 여행,420,cafe,SL
전주 여행,420,기본,NNG
전주 여행,420,정보,NNG
전주 여행,420,성당,NNG
전주 여행,420,건물,NNG
전주 여행,420,지만,EC
전주 여행,421,진미,NNG
전주 여행,421,본점,NNG
전주 여행,421,메뉴,NNG
전주 여행,421,가격,NNG
전주 여행,421,주차,NNG
전주 여행,421,웨이팅,NNG
전주 여행,421,정보,NNG
전주 여행,421,갈만,NNG
전주 여행,421,진미,NNG
전주 여행,421,본점,NNG
전주 여행,421,메뉴,NNG
전주 여행,421,가격,NNG
전주 여행,421,주차,NNG
전주 여행,421,웨이팅,NNG
전주 여행,421,정보,NNG
전주 여행,421,갈만,NNG
전주 여행,421,코스,NNG
전주 여행,421,추천,NNG
전주 여행,421,안녕,NNG
전주 여행,421,세요,EP+EF
전주 여행,421,에서,JKB
전주 여행,421,가장,MAG
전주 여행,421,맛있,VA
전주 여행,421,맛집,NNG
전주 여행,421,하나,NR
전주 여행,421,으라면,EC
전주 여행,421,미집,NNG
전주 여행,421,떠오르,VV
전주 여행,421,는데요,EF
전주 여행,421,처음,MAG
전주 여행,421,아니,VCN
전주 여행,421,지만,EC
전주 여행,422,한옥,NNG
전주 여행,422,마을,NNG
전주 여행,422,카페,NNG
전주 여행,422,추천,NNG
전주 여행,422,카페,NNG
전주 여행,422,이르,VV
전주 여행,422,오늘,NNG
전주 여행,422,가장,MAG
전주 여행,422,다운,XSA+ETM
전주 여행,422,감성,NNG
전주 여행,422,느끼,VV
전주 여행,422,힐링,NNG
전주 여행,422,한옥,NNG
전주 여행,422,마을,NNG
전주 여행,422,카페,NNG
전주 여행,422,이르,VV
전주 여행,422,다녀왔,VV+EP
전주 여행,422,습니다,EF
전주 여행,422,한옥,NNG
전주 여행,422,마을,NNG
전주 여행,422,중심가,NNG
전주 여행,422,위치,NNG
전주 여행,422,면서,EC
전주 여행,422,고즈넉,XR
전주 여행,422,웅장,XR
전주 여행,422,규모,NNG
전주 여행,422,자랑,NNG
전주 여행,422,해서,XSV+EC
전주 여행,422,들어서,VV
전주 여행,422,순간,NNG
전주 여행,422,부터,JX
전주 여행,423,내산,NNP
전주 여행,423,피순대,NNG
전주 여행,423,모듬,NNG
전주 여행,423,후기,NNG
전주 여행,423,맛집,NNG
전주 여행,423,조점,NNG
전주 여행,423,남문,NNG
전주 여행,423,피순대,NNG
전주 여행,423,맛집,NNG
전주 여행,423,한옥마을,NNP
전주 여행,423,맛집,NNG
전주 여행,423,남부,NNG
전주 여행,423,시장,NNG
전주 여행,423,남부,NNG
전주 여행,423,시장,NNG
전주 여행,423,맛집,NNG
전주 여행,423,남부,NNG
전주 여행,423,시장,NNG
전주 여행,423,주차장,NNG
전주 여행,423,피순대,NNG
전주 여행,423,피순대,NNG
전주 여행,423,맛집,NNG
전주 여행,423,조점,NNG
전주 여행,423,피순대,NNG
전주 여행,423,전주천,NNP
전주 여행,423,변주,NNG
전주 여행,423,차장,NNG
전주 여행,423,조점,NNG
전주 여행,423,조점,NNG
전주 여행,423,남문,NNG
전주 여행,423,피순대,NNG
전주 여행,424,군산,NNP
전주 여행,424,지순,NNP
전주 여행,424,성당,NNG
전주 여행,424,단팥빵,NNP
전주 여행,424,야채,NNG
전주 여행,424,슈크림,NNG
전주 여행,424,찹쌀,NNG
전주 여행,424,코스,NNG
전주 여행,424,성당,NNG
전주 여행,424,기본,NNG
전주 여행,424,정보,NNG
전주 여행,424,군산,NNG
전주 여행,424,중심지,NNG
전주 여행,424,월명동,NNP
전주 여행,424,짬뽕,NNG
전주 여행,424,특화,NNG
전주 여행,424,거리,NNG
전주 여행,424,사이,NNG
전주 여행,424,위치,NNG
전주 여행,424,성당,NNG
전주 여행,424,간판,NNG
전주 여행,424,으로,JKB
전주 여행,424,들어가,VV
전주 여행,424,단팥빵,NNP
전주 여행,424,야채,NNG
전주 여행,424,포함,NNG
전주 여행,424,다양,NNG
전주 여행,424,개별,NNG
전주 여행,424,구매,NNG
전주 여행,425,여름,NNG
전주 여행,425,28,SN
전주 여행,425,24,SN
전주 여행,425,26,SN
전주 여행,425,조카,NNG
전주 여행,425,다는,ETM
전주 여행,425,주로,MAG
전주 여행,425,고고,NNG
전주 여행,425,함께,MAG
전주 여행,425,얼마,NNG
전주 여행,425,인지,VCP+EC
전주 여행,425,서핑,NNG
전주 여행,425,마지막,NNG
전주 여행,425,따님,NNG
전주 여행,425,였으니,VCP+EP+EC
전주 여행,425,그때,NNG
전주 여행,425,무더운,VA+ETM
전주 여행,425,여름,NNG
전주 여행,425,올해,NNG
전주 여행,425,뜨거운,VA+ETM
전주 여행,425,여름,NNG
전주 여행,425,햇살,NNG
전주 여행,425,가득,MAG
전주 여행,426,공주,NNG
전주 여행,426,아기,NNG
전주 여행,426,코스,NNG
전주 여행,426,동선,NNG
전주 여행,426,맛집,NNG
전주 여행,426,숙소,NNG
전주 여행,426,실내,NNG
전주 여행,426,최근,NNG
전주 여행,426,쌍둥이,NNG
전주 여행,426,공주,NNG
전주 여행,426,다녀왔,VV+EP
전주 여행,426,는데요,EF
전주 여행,426,한옥,NNP
전주 여행,426,고즈넉,XR
전주 여행,426,감성,NNG
전주 여행,426,으면서,EC
전주 여행,426,비해,VV+EC
전주 여행,426,한적,XR
전주 여행,426,해서,XSA+EC
전주 여행,426,어린,VA+ETM
전주 여행,426,아동,NNG
전주 여행,426,다니,VV
전주 여행,426,기에,EC
전주 여행,426,정말,MAG
전주 여행,426,완벽,NNG
전주 여행,426,도시,NNG
전주 여행,426,습니다,EF
전주 여행,426,무엇,NP
전주 여행,426,보다,JKB
전주 여행,426,주요,NNG
전주 여행,426,관광지,NNG
전주 여행,427,이번,NNG
전주 여행,427,에서,JKB
전주 여행,427,카페,NNG
전주 여행,427,에서,JKB
전주 여행,427,많이,MAG
전주 여행,427,에서,JKB
전주 여행,427,아오이,NNP
전주 여행,427,시선,NNG
전주 여행,427,청주,NNG
전주 여행,427,돌아와,VV+EC
전주 여행,427,세이,NNG
전주 여행,427,시선,NNG
전주 여행,427,바로,MAG
전주 여행,427,소품,NNG
전주 여행,427,에서,JKB
전주 여행,427,코스터,NNG
전주 여행,427,장만,NNG
전주 여행,427,그러,VV
전주 여행,427,한옥마을,NNP
전주 여행,427,으로,JKB
전주 여행,427,발걸음,NNG
전주 여행,427,옮겼,VV+EP
전주 여행,428,숙소,NNG
전주 여행,428,비앤비,NNP
전주 여행,428,리틀,NNP
전주 여행,428,프랑,NNP
전주 여행,428,리틀,NNP
전주 여행,428,포레,NNP
전주 여행,428,여성,NNG
전주 여행,428,숙박,NNG
전주 여행,428,후기,NNG
전주 여행,428,에서,JKB
전주 여행,428,많이,MAG
전주 여행,428,많이,MAG
전주 여행,428,는데,EC
전주 여행,428,친구,NNG
전주 여행,428,사이,NNG
전주 여행,428,에서,JKB
전주 여행,428,가장,MAG
전주 여행,428,마음,NNG
전주 여행,428,숙소,NNG
전주 여행,428,추천,NNG
전주 여행,428,후기,NNG
전주 여행,428,볼게요,VX+EF
전주 여행,428,장날,NNG
전주 여행,428,라고,EC
전주 여행,428,자마자,EC
전주 여행,428,퍼붓,VV
전주 여행,428,다행히,MAG
전주 여행,428,숙소,NNG
전주 여행,429,가족,NNG
전주 여행,429,으로,JKB
전주 여행,429,국내,NNG
전주 여행,429,여행지,NNG
전주 여행,429,선택,NNG
전주 여행,429,기준,NNG
전주 여행,429,처럼,JKB
전주 여행,429,한옥,NNG
전주 여행,429,마을,NNG
전주 여행,429,중심,NNG
전주 여행,429,으로,JKB
전주 여행,429,식당,NNG
전주 여행,429,카페,NNG
전주 여행,429,연결,NNG
전주 여행,429,동선,NNG
전주 여행,429,단순,NNG
전주 여행,429,만들,VV
전주 여행,429,습니다,EF
전주 여행,429,여행지,NNG
전주 여행,429,고르,VV
전주 여행,429,순서,NNG
전주 여행,429,간단,XR
전주 여행,429,합니다,XSA+EF
전주 여행,429,먼저,MAG
전주 여행,429,동행자,NNG
전주 여행,429,가장,MAG
전주 여행,429,약한,VA+ETM
전주 여행,429,조건,NNG
전주 여행,429,정하,VV
전주 여행,429,다음,NNG
전주 여행,429,으로,JKB
전주 여행,429,실내,NNG
전주 여행,429,야외,NNG
전주 여행,430,신상,NNG
전주 여행,430,카페,NNG
전주 여행,430,일본,NNP
전주 여행,430,레트로,NNP
전주 여행,430,감성,NNG
전주 여행,430,폭발,NNG
전주 여행,430,쿠로다,NNP
전주 여행,430,커피,NNG
전주 여행,430,메론,NNP
전주 여행,430,소다,NNG
전주 여행,430,일본,NNP
전주 여행,430,UCC,SL
전주 여행,430,커피,NNG
전주 여행,430,즐기,VV
전주 여행,430,는데,EC
전주 여행,430,에서,JKB
전주 여행,430,즐길,VV+ETM
전주 여행,430,다니,EC
전주 여행,430,너무,MAG
전주 여행,430,행복,NNG
전주 여행,430,더라고요,EC
전주 여행,430,커피,NNG
전주 여행,430,자체,NNG
전주 여행,430,밸런스,NNG
전주 여행,430,훌륭,XR
전주 여행,430,해서,XSA+EC
전주 여행,430,마지막,NNG
전주 여행,430,모금,NNBC
전주 여행,430,까지,JX
전주 여행,430,질리,VV
전주 여행,430,맛있,VA
전주 여행,430,즐겼,VV+EP
전주 여행,430,습니다,EF
전주 여행,430,다음,NNG
전주 여행,430,시그,NNP
전주 여행,430,라는,VCP+ETM
전주 여행,431,베스트,NNP
전주 여행,431,웨스턴,NNP
전주 여행,431,플러스,NNP
전주 여행,431,가족,NNG
전주 여행,431,호텔,NNG
전주 여행,431,스탠다드,NNG
전주 여행,431,패밀리,NNG
전주 여행,431,레스토랑,NNG
전주 여행,431,좌석,NNG
전주 여행,431,넉넉,XR
전주 여행,431,가족,NNG
전주 여행,431,아이,NNG
전주 여행,431,보였,VV+EP
전주 여행,431,어요,EF
전주 여행,431,최대한,MAG
전주 여행,431,전주호,NNP
전주 여행,431,베스트,NNP
전주 여행,431,웨스턴,NNP
전주 여행,431,조식,NNG
전주 여행,431,메뉴,NNG
전주 여행,431,많이,MAG
전주 여행,431,는데요,EF
전주 여행,431,조식,NNG
전주 여행,431,메뉴,NNG
전주 여행,431,궁금,XR
전주 여행,431,사진,NNG
전주 여행,431,참고,NNG
전주 여행,432,풍년제,NNP
전주 여행,432,필수,NNG
전주 여행,432,기념품,NNG
전주 여행,432,PNB,SL
전주 여행,432,풍년제,NNP
전주 여행,432,수제,NNG
전주 여행,432,PNB,SL
전주 여행,432,풍년제,NNP
전주 여행,432,풍년제,NNP
전주 여행,432,초코파이,NNP
전주 여행,432,풍년제,NNP
전주 여행,432,수제,NNG
전주 여행,432,초코파이,NNP
전주 여행,432,맛집,NNG
전주 여행,432,기념품,NNG
전주 여행,432,먹거리,NNG
전주 여행,432,한옥마을,NNP
전주 여행,432,맛집,NNG
전주 여행,432,선물,NNG
전주 여행,432,초코파이,NNP
전주 여행,432,맛집,NNG
전주 여행,432,디저트,NNG
전주 여행,432,추천,NNG
전주 여행,432,기념품,NNG
전주 여행,432,내산,NNP
전주 여행,432,후기,NNG
전주 여행,433,루프,NNG
전주 여행,433,숙소,NNG
전주 여행,433,는다면,EC
전주 여행,433,노송,NNG
전주 여행,433,노을,NNG
전주 여행,433,먼저,MAG
전주 여행,433,보여,VV+EC
전주 여행,433,드릴게요,VX+EC
전주 여행,433,예약,NNG
전주 여행,433,노송,NNG
전주 여행,433,빌리,VV
전주 여행,433,비앤비,NNP
전주 여행,433,예약,NNG
전주 여행,433,노송,NNG
전주 여행,433,노송,NNG
전주 여행,433,별장,NNG
전주 여행,433,독채,NNG
전주 여행,433,숙소,NNG
전주 여행,433,가족,NNG
전주 여행,433,숙소,NNG
전주 여행,433,단체,NNG
전주 여행,433,숙소,NNG
전주 여행,433,감성,NNG
전주 여행,433,숙소,NNG
전주 여행,433,한옥,NNG
전주 여행,433,마을,NNG
전주 여행,433,숙소,NNG
전주 여행,433,숙소,NNG
전주 여행,433,추천,NNG
전주 여행,433,루프,NNG
전주 여행,433,숙소,NNG
전주 여행,433,친구,NNG
전주 여행,433,모임,NNG
전주 여행,434,논산,NNP
전주 여행,434,정호,NNG
전주 여행,434,출렁다리,NNG
전주 여행,434,후기,NNG
전주 여행,434,무료,NNG
전주 여행,434,주차,NNG
전주 여행,434,유모차,NNG
전주 여행,434,대여,NNG
전주 여행,434,에서,JKB
전주 여행,434,출발,NNG
전주 여행,434,경기도,NNP
전주 여행,434,중간,NNG
전주 여행,434,지점,NNG
전주 여행,434,논산,NNP
전주 여행,434,방문,NNG
전주 여행,434,어디,NP
전주 여행,434,볼까,EC+VX+EC
전주 여행,434,다가,EC
전주 여행,434,정호,NNG
전주 여행,434,출렁다리,NNG
전주 여행,434,다녀왔,VV+EP
전주 여행,434,어요,EF
전주 여행,434,논산,NNP
전주 여행,434,검색,NNG
전주 여행,434,정호,NNG
전주 여행,434,빠지,VV
전주 여행,434,나오,VV
전주 여행,434,더라고요,EC
전주 여행,434,주차,NNG
전주 여행,434,부터,JX
전주 여행,434,출렁다리,NNG
전주 여행,435,국내,NNG
전주 여행,435,숙소,NNG
전주 여행,435,한옥마을,NNP
전주 여행,435,황실,NNG
전주 여행,435,관광호텔,NNG
전주 여행,435,스탠다드,NNG
전주 여행,435,더블,NNG
전주 여행,435,묵어,NNG
전주 여행,435,안녕,NNG
전주 여행,435,세요,EP+EF
전주 여행,435,제미,NNG
전주 여행,435,입니다,VCP+EF
전주 여행,435,광복절,NNG
전주 여행,435,연휴,NNG
전주 여행,435,다녀온,VV+ETM
전주 여행,435,숙소,NNG
전주 여행,435,후기,NNG
전주 여행,435,START,SL
전주 여행,435,방문,NNG
전주 여행,435,모르,VV
전주 여행,435,처음,NNG
전주 여행,435,주역,NNG
전주 여행,435,코앞,NNG
전주 여행,435,호텔,NNG
전주 여행,435,숙소,NNG
전주 여행,435,버린,VX+ETM
전주 여행,435,제미,IC
전주 여행,435,일단,MAG
전주 여행,435,KTX,SL
전주 여행,435,숙소,NNG
전주 여행,435,일정,NNG
전주 여행,436,대전,NNP
전주 여행,436,애견,NNG
전주 여행,436,동반,NNG
전주 여행,436,식당,NNG
전주 여행,436,모든,MM
전주 여행,436,반찬,NNG
전주 여행,436,맛있,VA
전주 여행,436,단소,NNG
전주 여행,436,엑스포,NNG
전주 여행,436,과학,NNG
전주 여행,436,공원,NNG
전주 여행,436,맞은편,NNG
전주 여행,436,정거장,NNG
전주 여행,436,어서,EC
전주 여행,436,튀김,NNG
전주 여행,436,소보,NNG
전주 여행,436,저기,NP
전주 여행,436,에서,JKB
전주 여행,436,물론,MAG
전주 여행,436,웨이팅,NNG
전주 여행,436,해야함,VV+EC+VX+ETN
전주 여행,436,그래도,MAJ
전주 여행,436,엄청,MAG
전주 여행,436,아님,VCN+EC
전주 여행,436,이렇게,MAG
전주 여행,436,려던,ETM
전주 여행,436,우리,NP
전주 여행,436,계획,NNG
전주 여행,436,논산,NNP
전주 여행,436,논산,NNP
전주 여행,436,으로,JKB
전주 여행,437,아이,NNG
전주 여행,437,논산,NNP
전주 여행,437,선샤인,NNP
전주 여행,437,스튜디오,NNG
전주 여행,437,보고,JKB
전주 여행,437,원산,NNG
전주 여행,437,면옥,NNG
전주 여행,437,까지,JX
전주 여행,437,이번,NNG
전주 여행,437,여름휴가,NNG
전주 여행,437,정말,MAG
전주 여행,437,오랜만,NNG
전주 여행,437,아이,NNG
전주 여행,437,국내,NNG
전주 여행,437,다녀왔,VV+EP
전주 여행,437,어요,EF
전주 여행,437,서울,NNP
전주 여행,437,여수,NNP
전주 여행,437,까지,JX
전주 여행,437,내려갔,VV+EP
전주 여행,437,다가,EC
전주 여행,437,마지막,NNG
전주 여행,437,논산,NNP
전주 여행,437,까지,JX
전주 여행,437,들러서,VV+EC
전주 여행,437,올라오,VV
전주 여행,437,국내,NNG
전주 여행,437,는데요,EF
전주 여행,437,여수,NNP
전주 여행,437,이야기,NNG
전주 여행,437,에서,JKB
전주 여행,438,스물,NR
전주 여행,438,다섯,NR
전주 여행,438,스물,NR
전주 여행,438,하나,NR
전주 여행,438,촬영,NNG
전주 여행,438,터널,NNG
전주 여행,438,특별,NNG
전주 여행,438,느껴,VV+EC
전주 여행,438,처음,NNG
전주 여행,438,라면,EC
전주 여행,438,처럼,JKB
전주 여행,438,택시,NNG
전주 여행,438,이동한,NNP
전주 여행,438,돌아올,VV+ETM
전주 여행,438,천천히,MAG
전주 여행,438,추천,NNG
전주 여행,438,합니다,XSV+EF
전주 여행,438,다음,NNG
전주 여행,438,내리,VV
전주 여행,438,겨울,NNG
전주 여행,438,해질,VV+ETM
전주 여행,438,들러,VV+EC
전주 여행,438,터널,NNG
전주 여행,438,습니다,EF
전주 여행,439,한옥마을,NNP
전주 여행,439,가까운,VA+ETM
전주 여행,439,키즈,NNP
전주 여행,439,숙소,NNG
전주 여행,439,동선,NNG
전주 여행,439,노송,NNG
전주 여행,439,별장,NNG
전주 여행,439,비앤비,NNP
전주 여행,439,예약,NNG
전주 여행,439,노송,NNG
전주 여행,439,별장,NNG
전주 여행,439,노송,NNG
전주 여행,439,키즈,NNP
전주 여행,439,숙소,NNG
전주 여행,439,주아,NNG
전주 여행,439,이랑,JC
전주 여행,439,숙소,NNG
전주 여행,439,가족,NNG
전주 여행,439,숙소,NNG
전주 여행,439,독채,NNG
전주 여행,439,숙소,NNG
전주 여행,439,키즈,NNP
전주 여행,439,펜션,NNG
전주 여행,439,아이,NNG
전주 여행,439,가족,NNG
전주 여행,439,키즈,NNP
전주 여행,439,숙소,NNG
전주 여행,439,추천,NNP
전주 여행,439,한옥,NNG
전주 여행,439,마을,NNG
전주 여행,439,숙소,NNG
전주 여행,440,신상,NNG
전주 여행,440,카페,NNG
전주 여행,440,한옥,NNG
전주 여행,440,마을,NNG
전주 여행,440,근처,NNG
전주 여행,440,전라,NNP
전주 여행,440,감영,NNG
전주 여행,440,카페,NNG
전주 여행,440,키위,NNG
전주 여행,440,청사,NNG
전주 여행,440,곁들인,VV+ETM
전주 여행,440,상큼,XR
전주 여행,440,는데,EC
전주 여행,440,커피,NNG
전주 여행,440,어울리,VV
전주 여행,440,더라구요,EF
전주 여행,440,특히,MAG
전주 여행,440,상큼,XR
전주 여행,440,느낌,NNG
전주 여행,440,여름,NNG
전주 여행,440,어울리,VV
전주 여행,440,디저트,NNG
전주 여행,440,랍니다,VCP+EC
전주 여행,440,어울리,VV
전주 여행,440,카페,NNG
전주 여행,440,어요,EF
전주 여행,440,주비,NNP
전주 여행,440,카페,NNG
전주 여행,440,신상,NNG
전주 여행,440,카페,NNG
전주 여행,441,게스트,NNP
전주 여행,441,하우스,NNP
전주 여행,441,한옥마을,NNP
전주 여행,441,숙소,NNG
전주 여행,441,하호,NNG
전주 여행,441,침구,NNG
전주 여행,441,깨끗,XR
전주 여행,441,혼자,NNG
전주 여행,441,추천,NNG
전주 여행,441,게스트,NNP
전주 여행,441,하우스,NNP
전주 여행,441,한옥마을,NNP
전주 여행,441,숙소,NNG
전주 여행,441,하호,NNG
전주 여행,441,게스트,NNP
전주 여행,441,하우스,NNP
전주 여행,441,침구,NNG
전주 여행,441,혼자,NNG
전주 여행,441,추천,NNG
전주 여행,441,안녕,NNG
전주 여행,441,세요,EP+EF
전주 여행,441,언서,NNG
전주 여행,441,맛있,VA
전주 여행,441,트래블,NNG
전주 여행,441,입니다,VCP+EF
전주 여행,441,오랜만,NNG
전주 여행,441,친한,VA+ETM
전주 여행,441,동생,NNG
전주 여행,441,이랑,JC
전주 여행,441,전북,NNP
전주 여행,442,한옥마을,NNP
전주 여행,442,맛집,NNG
전주 여행,442,요리,NNG
전주 여행,442,한정식,NNG
전주 여행,442,녹두,NNG
전주 여행,442,코스,NNG
전주 여행,442,06,SN
전주 여행,442,이용,NNG
전주 여행,442,한옥마을,NNP
전주 여행,442,계획,NNG
전주 여행,442,면서,EC
전주 여행,442,녹두,NNG
전주 여행,442,조금,MAG
전주 여행,442,알뜰,NNG
전주 여행,442,이용,NNG
전주 여행,442,다면,EC
전주 여행,442,상품,NNG
전주 여행,442,확인,NNG
전주 여행,442,세요,EP+EF
전주 여행,442,기프,NNP
전주 여행,442,트립,NNG
전주 여행,442,에서,JKB
전주 여행,442,구매,NNG
전주 여행,442,으니,EC
전주 여행,442,방문,NNG
전주 여행,442,이용,NNG
전주 여행,442,조건,NNG
전주 여행,442,함께,MAG
전주 여행,443,한옥마을,NNP
전주 여행,443,실내,NNG
전주 여행,443,코스,NNG
전주 여행,443,까지,JX
전주 여행,443,정리,NNP
전주 여행,443,코스,NNG
전주 여행,443,한옥마을,NNP
전주 여행,443,하나,NR
전주 여행,443,끝내,VV
전주 여행,443,경우,NNG
전주 여행,443,은데,EC
전주 여행,443,정작,NNG
전주 여행,443,하루,NNG
전주 여행,443,써도,VV+EC
전주 여행,443,한옥,NNG
전주 여행,443,마을,NNG
전주 여행,443,골목,NNG
전주 여행,443,절반,NNG
전주 여행,443,본다,VV+EF
전주 여행,443,오히려,MAJ
전주 여행,443,동선,NNG
전주 여행,443,촘촘히,MAG
전주 여행,443,으면,EC
전주 여행,443,점심,NNG
전주 여행,443,시간,NNG
전주 여행,443,즈음,NNB
전주 여행,443,인파,NNG
전주 여행,443,밀려,VV+EC
전주 여행,443,사진,NNG
전주 여행,444,숙소,NNG
전주 여행,444,추천,NNG
전주 여행,444,버스,NNG
전주 여행,444,터미널,NNG
전주 여행,444,에서,JKB
전주 여행,444,목대,NNG
전주 여행,444,찾아가,VV
전주 여행,444,쉬운,VA+ETM
전주 여행,444,뚜벅,MAG
전주 여행,444,호텔,NNG
전주 여행,444,계획,NNG
전주 여행,444,신가요,EP+EC
전주 여행,444,KTX,SL
전주 여행,444,고속버스,NNG
전주 여행,444,도착,NNG
전주 여행,444,는데,EC
전주 여행,444,막상,MAG
전주 여행,444,목대,NNG
전주 여행,444,한옥마을,NNP
전주 여행,444,까지,JX
전주 여행,444,어떻게,MAG
전주 여행,444,이동,NNG
전주 여행,444,해야,XSV+EC
전주 여행,444,할지,VX+EC
전주 여행,444,막막,XR
전주 여행,444,초보,NNG
전주 여행,444,자분,NNG
전주 여행,444,위해,VV+EC
전주 여행,444,준비,NNG
전주 여행,444,습니다,EF
전주 여행,444,길치,NNG
전주 여행,444,라도,VCP+EC
전주 여행,444,걱정,NNG
전주 여행,444,습니다,EF
전주 여행,445,뉴타운,NNP
전주 여행,445,호텔,NNG
전주 여행,445,메시,NNG
전주 여행,445,숙박,NNG
전주 여행,445,후기,NNG
전주 여행,445,한옥마을,NNP
전주 여행,445,최적,NNG
전주 여행,445,에서,JKB
전주 여행,445,뉴타운,NNP
전주 여행,445,호텔,NNG
전주 여행,445,메시,NNG
전주 여행,445,덕진구,NNP
전주 여행,445,지점,NNG
전주 여행,445,정말,MAG
전주 여행,445,완벽,NNG
전주 여행,445,선택,NNG
전주 여행,445,어요,EF
전주 여행,445,객실,NNG
전주 여행,445,자체,NNG
전주 여행,445,깨끗,XR
전주 여행,445,해서,XSA+EC
전주 여행,445,오랜만,NNG
전주 여행,445,컨디션,NNG
전주 여행,445,걱정,NNG
전주 여행,445,없이,MAG
전주 여행,445,편안,NNG
전주 여행,445,네요,EF
전주 여행,445,객실,NNG
전주 여행,445,컨디션,NNG
전주 여행,445,정말,MAG
전주 여행,445,쾌적,XR
전주 여행,445,어요,EF
전주 여행,446,고궁,NNG
전주 여행,446,내산,NNP
전주 여행,446,후기,NNG
전주 여행,446,비빔밥,NNG
전주 여행,446,맛집,NNG
전주 여행,446,아이,NNG
전주 여행,446,다녀온,VV+ETM
전주 여행,446,직후,NNG
전주 여행,446,고궁,NNG
전주 여행,446,궁내,NNG
전주 여행,446,내산,NNP
전주 여행,446,전주비빔밥,NNG
전주 여행,446,전주비빔밥,NNG
전주 여행,446,맛집,NNG
전주 여행,446,맛집,NNG
전주 여행,446,맛집,NNG
전주 여행,446,추천,NNG
전주 여행,446,주한,NNG
전주 여행,446,정식,NNG
전주 여행,446,내산,NNP
전주 여행,446,맛집,NNG
전주 여행,446,아이,NNG
전주 여행,446,가족,NNG
전주 여행,447,파크,NNG
전주 여행,447,골프,NNG
전주 여행,447,인생,NNG
전주 여행,447,모작,NNG
전주 여행,447,주비전,NNG
전주 여행,447,대학교,NNG
전주 여행,447,평생,NNG
전주 여행,447,교육,NNG
전주 여행,447,파크,NNG
전주 여행,447,골프,NNG
전주 여행,447,파크,NNG
전주 여행,447,골프,NNG
전주 여행,447,힐링,NNG
전주 여행,447,떠나,VV
전주 여행,447,주비전,NNG
전주 여행,447,대학교,NNG
전주 여행,447,평생,NNG
전주 여행,447,교육,NNG
전주 여행,447,파크,NNG
전주 여행,447,골프,NNG
전주 여행,447,지도자,NNG
전주 여행,447,과정,NNG
전주 여행,447,에서,JKB
전주 여행,447,초보,NNG
전주 여행,447,차근차근,MAG
전주 여행,447,배울,VV+ETM
전주 여행,447,도록,EC
전주 여행,447,이론,NNG
전주 여행,447,실기,NNG
전주 여행,447,실습,NNG
전주 여행,447,현장,NNG
전주 여행,447,라운,NNP
전주 여행,447,연계,NNG
전주 여행,447,교육,NNG
전주 여행,447,습니다,EF
전주 여행,447,최영범,NNP
전주 여행,447,프로,NNP
전주 여행,447,함께,MAG
전주 여행,448,도서관,NNG
전주 여행,448,jeonjulibrarytravel,SL
전주 여행,448,전주국,NNG
전주 여행,448,그림책,NNG
전주 여행,448,서전,NNG
전주 여행,448,jeonju,SL
전주 여행,448,librarytravel,SL
전주 여행,448,도서관,NNG
전주 여행,448,jeonjulibrarytravel,SL
전주 여행,448,전주국,NNG
전주 여행,448,그림책,NNG
전주 여행,448,서전,NNG
전주 여행,448,jipf,SL
전주 여행,448,2026,SN
전주 여행,448,전주국,NNG
전주 여행,448,그림책,NNG
전주 여행,448,서전,NNG
전주 여행,448,도서관,NNG
전주 여행,448,그림책,NNG
전주 여행,448,으로,JKB
전주 여행,448,떠나,VV
전주 여행,448,낭만,NNG
전주 여행,448,도서관,NNG
전주 여행,448,10,SN
전주 여행,449,2026,SN
전주 여행,449,26,SN
전주 여행,449,시간,NNBC
전주 여행,449,운전,NNG
전주 여행,449,만난,VV+ETM
전주 여행,449,강릉,NNP
전주 여행,449,정동,NNG
전주 여행,449,심곡,NNG
전주 여행,449,바다,NNG
전주 여행,449,부채,NNG
전주 여행,449,일출,NNG
전주 여행,449,에서,JKB
전주 여행,449,강원도,NNP
전주 여행,449,정동진,NNP
전주 여행,449,까지,JX
전주 여행,449,다녀왔,VV+EP
전주 여행,449,아들,NNG
전주 여행,449,함께,MAG
전주 여행,449,일출,NNG
전주 여행,449,위해,VV+EC
전주 여행,449,새벽,NNG
전주 여행,449,출발,NNG
전주 여행,449,시간,NNBC
전주 여행,449,운전,NNG
전주 여행,449,해서,XSV+EC
전주 여행,449,다녀온,VV+ETM
전주 여행,449,정동진,NNP
전주 여행,449,일출,NNG
전주 여행,449,장수,NNG
전주 여행,449,에서,JKB
전주 여행,449,태어나,VV+EC
전주 여행,449,에서,JKB
전주 여행,449,면서,EC
전주 여행,449,정동진,NNP
전주 여행,449,아들놈,NNG
전주 여행,450,덕진,NNP
전주 여행,450,공원,NNG
전주 여행,450,가을,NNG
전주 여행,450,한옥,NNG
전주 여행,450,도서관,NNG
전주 여행,450,연못,NNG
전주 여행,450,산책,NNG
전주 여행,450,주차,NNG
전주 여행,450,정확,NNG
전주 여행,450,방문,NNG
전주 여행,450,공식,NNG
전주 여행,450,전주시,NNP
전주 여행,450,문화,NNG
전주 여행,450,관광,NNG
전주 여행,450,홈페이지,NNG
전주 여행,450,참고,NNG
전주 여행,450,바랍니다,VV+EF
전주 여행,450,주덕,NNG
전주 여행,450,공원,NNG
전주 여행,450,주가,NNG
전주 여행,450,한옥,NNG
전주 여행,450,도서관,NNG
전주 여행,450,덕진,NNP
전주 여행,450,공원,NNG
전주 여행,450,주차장,NNG
전주 여행,450,산책로,NNG
전주 여행,451,발걸음,NNG
전주 여행,451,고요,NNG
전주 여행,451,하룻밤,NNG
전주 여행,451,풍경,NNG
전주 여행,451,창문,NNG
전주 여행,451,살짝,MAG
전주 여행,451,선선,XR
전주 여행,451,바람,NNG
전주 여행,451,불어오,VV
전주 여행,451,는데,EC
전주 여행,451,정취,NNG
전주 여행,451,객실,NNG
전주 여행,451,에서,JKB
전주 여행,451,충분히,MAG
전주 여행,451,느낄,VV+ETM
전주 여행,451,만족,NNG
전주 여행,451,스러웠,XSA+EP
전주 여행,451,어요,EF
전주 여행,451,성비,NNG
전주 여행,451,가격대,NNG
전주 여행,451,고려,NNG
전주 여행,451,한다면,XSV+EC
전주 여행,451,정도,NNG
전주 여행,451,컨디션,NNG
전주 여행,451,누릴,VV+ETM
전주 여행,451,다는,ETM
전주 여행,451,감사,NNG
전주 여행,452,한옥,NNG
전주 여행,452,에서,JKB
전주 여행,452,즐기,VV
전주 여행,452,사우나,NNP
전주 여행,452,쿠지,NNP
전주 여행,452,힐링,NNG
전주 여행,452,치트키,NNP
전주 여행,452,바쁜,VA+ETM
전주 여행,452,일상,NNG
전주 여행,452,에서,JKB
전주 여행,452,벗어나,VV+EC
전주 여행,452,온전,XR
전주 여행,452,낭만,NNG
전주 여행,452,선물,NNG
전주 여행,452,다면,EC
전주 여행,452,이번,NNG
전주 여행,452,숙소,NNG
전주 여행,452,진짜,MAG
전주 여행,452,강력,XR
전주 여행,452,추천,NNG
전주 여행,452,드려요,VX+EF
전주 여행,452,절대,MAG
전주 여행,452,후회,NNG
전주 여행,452,으실,EP+ETM
전주 여행,452,예요,VCP+EF
전주 여행,452,감성,NNG
전주 여행,452,숙소,NNG
전주 여행,452,추천,NNG
전주 여행,452,독채,NNG
전주 여행,452,한옥,NNG
전주 여행,452,국내,NNG
전주 여행,452,여행지,NNG
전주 여행,452,추천,NNG
전주 여행,452,힐링,NNG
전주 여행,453,66,SN
전주 여행,453,19,SN
전주 여행,453,부터,JX
전주 여행,453,계절,NNG
전주 여행,453,하나,NR
전주 여행,453,오늘,NNG
전주 여행,453,퇴사,NNG
전주 여행,453,가장,MAG
전주 여행,453,먼저,MAG
전주 여행,453,너무,MAG
전주 여행,453,열심히,MAG
전주 여행,453,다녀서,VV+EC
전주 여행,453,퇴직금,NNG
전주 여행,453,탕진,NNG
전주 여행,453,생김,NNG
전주 여행,453,이제,NNG
전주 여행,453,부터,JX
전주 여행,453,라고,EC
전주 여행,453,친구,NNG
전주 여행,453,같이,MAG
전주 여행,453,태어나,VV
전주 여행,453,일어,NNG
전주 여행,453,는데,EC
전주 여행,453,방전,NNG
전주 여행,453,경험,NNG
전주 여행,453,처음,NNG
전주 여행,453,기찬,VA+ETM
전주 여행,454,떡갈비,NNG
전주 여행,454,대통,NNG
전주 여행,454,연잎밥,NNP
전주 여행,454,으로,JKB
전주 여행,454,즐긴,VV+ETM
전주 여행,454,꽃담,NNG
전주 여행,454,꽃담,NNG
전주 여행,454,맛집,NNG
전주 여행,454,한옥마을,NNP
전주 여행,454,맛집,NNG
전주 여행,454,한옥마을,NNP
전주 여행,454,맛집,NNG
전주 여행,454,추천,NNG
전주 여행,454,코스,NNG
전주 여행,454,주한,NNG
전주 여행,454,정식,NNG
전주 여행,454,한식,NNG
전주 여행,454,떡갈비,NNG
전주 여행,454,전주비빔밥,NNG
전주 여행,454,대통,NNG
전주 여행,454,연잎밥,NNP
전주 여행,454,대통,NNG
전주 여행,455,여름,NNG
전주 여행,455,기록,NNG
전주 여행,455,조금,MAG
전주 여행,455,크리스마스,NNG
전주 여행,455,군산,NNG
전주 여행,455,다녀왔,VV+EP
전주 여행,455,는데,EC
전주 여행,455,이게,NP+JKS
전주 여행,455,유명,XR
전주 여행,455,대요,EF
전주 여행,455,근데,MAJ
전주 여행,455,이거,NP
전주 여행,455,반대편,NNG
전주 여행,455,소고기,NNG
전주 여행,455,진짜,MAG
전주 여행,455,리임,NNG
전주 여행,455,사진,NNG
전주 여행,455,어요,EF
전주 여행,455,느린,VA+ETM
전주 여행,455,우체통,NNG
전주 여행,455,아요,EF
전주 여행,455,이유,NNG
전주 여행,455,어요,EF
전주 여행,455,한복,NNG
전주 여행,455,는데,EC
전주 여행,456,타지,NNG
전주 여행,456,기억,NNG
전주 여행,456,도착,NNG
전주 여행,456,부산,NNP
전주 여행,456,전포,NNG
전주 여행,456,맛집,NNG
전주 여행,456,방문,NNG
전주 여행,456,기록,NNG
전주 여행,456,시절,NNG
전주 여행,456,시간,NNG
전주 여행,456,기다려,VV+EC
전주 여행,456,맛보,VV
전주 여행,456,메밀,NNG
전주 여행,456,정갈,XR
전주 여행,456,기억,NNG
전주 여행,456,근처,NNG
전주 여행,456,거닐,VV
전주 여행,456,문득,MAG
전주 여행,456,떠올랐,VV+EP
전주 여행,456,습니다,EF
전주 여행,456,그때,NNG
전주 여행,456,감동,NNG
전주 여행,456,그대로,MAG
전주 여행,456,구현,NNG
전주 여행,456,다는,ETM
전주 여행,456,이야기,NNG
전주 여행,456,찾아간,VV+ETM
전주 여행,456,공간,NNG
전주 여행,456,기대,NNG
전주 여행,456,보다,JKB
전주 여행,456,차분,XR
전주 여행,456,아늑,XR
전주 여행,456,정서,NNG
전주 여행,457,대가족,NNG
전주 여행,457,숙소,NNG
전주 여행,457,에서,JKB
전주 여행,457,느낀,VV+ETM
전주 여행,457,뜻밖,NNG
전주 여행,457,편리,NNG
전주 여행,457,이야기,NNG
전주 여행,457,대가족,NNG
전주 여행,457,숙소,NNG
전주 여행,457,에서,JKB
전주 여행,457,느낀,VV+ETM
전주 여행,457,뜻밖,NNG
전주 여행,457,편리,NNG
전주 여행,457,이야기,NNG
전주 여행,457,계획,NNG
전주 여행,457,면서,EC
전주 여행,457,가족,NNG
전주 여행,457,모두,NNG
전주 여행,457,함께,MAG
전주 여행,457,머물,VV+ETM
전주 여행,457,숙소,NNG
전주 여행,457,습니다,EF
전주 여행,457,그런데,MAJ
전주 여행,457,대가족,NNG
전주 여행,457,머물,VV
전주 여행,457,기에,EC
전주 여행,457,적합,XR
전주 여행,457,공간,NNG
전주 여행,457,경험,NNG
전주 여행,457,예상,NNG
전주 여행,457,못한,VX+ETM
전주 여행,458,펜션,NNG
전주 여행,458,파란,VA+ETM
전주 여행,458,하늘,NNG
전주 여행,458,펜션,NNG
전주 여행,458,예약,NNG
전주 여행,458,실제,NNG
전주 여행,458,후기,NNG
전주 여행,458,펜션,NNG
전주 여행,458,파란,VA+ETM
전주 여행,458,하늘,NNG
전주 여행,458,펜션,NNG
전주 여행,458,예약,NNG
전주 여행,458,실제,NNG
전주 여행,458,후기,NNG
전주 여행,458,계획,NNG
전주 여행,458,면서,EC
전주 여행,458,숙소,NNG
전주 여행,458,선택,NNG
전주 여행,458,고민,NNG
전주 여행,458,는데,EC
전주 여행,458,파란,VA+ETM
전주 여행,458,하늘,NNG
전주 여행,458,펜션,NNG
전주 여행,458,다녀왔,VV+EP
전주 여행,458,답니다,EF
전주 여행,458,이곳,NP
전주 여행,458,자연,NNG
전주 여행,458,에서,JKB
전주 여행,458,편안,NNG
전주 여행,458,공간,NNG
전주 여행,458,으로,JKB
전주 여행,458,알려져,VV+EC+VX+EC
전주 여행,459,한옥마을,NNP
전주 여행,459,데이트,NNG
전주 여행,459,코스,NNG
전주 여행,459,난장,NNG
전주 여행,459,추천,NNG
전주 여행,459,500,SN
전주 여행,459,한옥마을,NNP
전주 여행,459,전동성당,NNP
전주 여행,459,가장,MAG
전주 여행,459,먼저,MAG
전주 여행,459,떠올리,VV
전주 여행,459,는데,EC
전주 여행,459,생각,NNG
전주 여행,459,보다,JKB
전주 여행,459,비슷비슷,XR
전주 여행,459,상점,NNG
전주 여행,459,한옥,NNG
전주 여행,459,마을,NNG
전주 여행,459,어서,EC
전주 여행,459,색다른,VA+ETM
전주 여행,459,볼거리,NNG
전주 여행,459,거리,EC
전주 여행,459,을까,EC
전주 여행,459,다가,EC
전주 여행,459,발견,NNG
전주 여행,459,난장,NNG
전주 여행,460,전주호,NNP
전주 여행,460,호텔,NNG
전주 여행,460,한옥,NNP
전주 여행,460,루프,NNG
전주 여행,460,수영장,NNG
전주 여행,460,여름,NNG
전주 여행,460,끝자락,NNG
전주 여행,460,가족,NNG
전주 여행,460,다녀왔,VV+EP
전주 여행,460,어요,EF
전주 여행,460,저희,NP
전주 여행,460,숙소,NNG
전주 여행,460,호텔,NNG
전주 여행,460,인데,VCP+EC
전주 여행,460,한옥,NNP
전주 여행,460,루프,NNG
전주 여행,460,수영장,NNG
전주 여행,460,매력,NNG
전주 여행,460,더라구요,EF
전주 여행,460,오늘,MAG
전주 여행,460,포스팅,NNP
전주 여행,460,호텔,NNG
전주 여행,460,수영장,NNG
전주 여행,460,리뷰,NNP
전주 여행,460,입니다,VCP+EF
전주 여행,460,전북,NNP
전주 여행,461,정리,NNP
전주 여행,461,한옥마을,NNP
전주 여행,461,부터,JX
전주 여행,461,덕진,NNP
전주 여행,461,공원,NNG
전주 여행,461,까지,JX
전주 여행,461,여유,NNG
전주 여행,461,즐기,VV
전주 여행,461,특히,MAG
전주 여행,461,실패,NNG
전주 여행,461,정석,NNG
전주 여행,461,코스,NNG
전주 여행,461,일정,NNG
전주 여행,461,으로,JKB
전주 여행,461,대표,NNG
전주 여행,461,명소,NNG
전주 여행,461,먹거리,NNG
전주 여행,461,야경,NNG
전주 여행,461,함께,MAG
전주 여행,461,둘러보,VV
전주 여행,461,도록,EC
전주 여행,461,구성,NNG
전주 여행,461,습니다,EF
전주 여행,461,이번,NNG
전주 여행,461,에서,JKB
전주 여행,461,처음,NNG
전주 여행,461,방문,NNG
전주 여행,461,참고,NNG
전주 여행,461,도록,EC
전주 여행,462,에서,JKB
전주 여행,462,만난,VV+ETM
전주 여행,462,청년,NNG
전주 여행,462,인생,NNG
전주 여행,462,자카야,NNP
전주 여행,462,내산,NNP
전주 여행,462,백수,NNG
전주 여행,462,에서,JKB
전주 여행,462,남부,NNG
전주 여행,462,청년,NNG
전주 여행,462,강추,NNG
전주 여행,462,드리,VV
전주 여행,462,식당,NNG
전주 여행,462,카페,NNG
전주 여행,462,지만,EC
전주 여행,462,아기자기,MAG
전주 여행,462,합리,NNG
전주 여행,462,으로,JKB
전주 여행,462,기념품,NNG
전주 여행,462,가게,NNG
전주 여행,462,더라구요,EF
전주 여행,462,처음,NNG
전주 여행,462,그냥,MAG
전주 여행,462,일본,NNP
전주 여행,462,정식,NNG
전주 여행,462,정도,NNG
전주 여행,462,생각,NNG
전주 여행,462,는데,EC
전주 여행,462,막상,MAG
전주 여행,462,들어가,VV+EC
전주 여행,462,메뉴,NNG
전주 여행,463,그리고,MAJ
전주 여행,463,도자기,NNG
전주 여행,463,체험,NNG
전주 여행,463,자산,NNG
전주 여행,463,분청,NNG
전주 여행,463,접시,NNG
전주 여행,463,체험,NNG
전주 여행,463,안녕,NNG
전주 여행,463,세요,EP+EF
전주 여행,463,오늘,MAG
전주 여행,463,분청,NNG
전주 여행,463,접시,NNG
전주 여행,463,체험,NNG
전주 여행,463,영상,NNG
전주 여행,463,입니다,VCP+EF
전주 여행,463,분청,NNG
전주 여행,463,박지,NNG
전주 여행,463,체험,NNG
전주 여행,463,미리,MAG
전주 여행,463,건조,NNG
전주 여행,463,상태,NNG
전주 여행,463,기물,NNG
전주 여행,463,준비,NNG
전주 여행,463,해야,XSV+EC
전주 여행,463,합니다,VX+EF
전주 여행,463,그래서,MAJ
전주 여행,463,물레,NNG
전주 여행,463,접시,NNG
전주 여행,463,만들,VV
전주 여행,463,줍니다,VX+EF
전주 여행,463,물레,NNG
전주 여행,463,만든,VV+ETM
전주 여행,463,다음,NNG
전주 여행,463,줍니다,VX+EF
전주 여행,463,어느,MM
전주 여행,464,순천,NNG
전주 여행,464,국가,NNG
전주 여행,464,정원,NNG
전주 여행,464,아이,NNG
전주 여행,464,서문,NNG
전주 여행,464,주차장,NNG
전주 여행,464,시원,XR
전주 여행,464,해서,XSA+EC
전주 여행,464,떠났,VV+EP
전주 여행,464,20,SN
전주 여행,464,레일바이크,NNP
전주 여행,464,다는,ETM
전주 여행,464,조카,NNG
전주 여행,464,순천,NNG
전주 여행,464,국가,NNG
전주 여행,464,정원,NNG
전주 여행,464,아주,MAG
전주 여행,464,오랜만,NNG
전주 여행,464,가을,NNG
전주 여행,464,방문,NNG
전주 여행,464,해서,XSV+EC
전주 여행,464,많이,MAG
전주 여행,464,순천,NNG
전주 여행,464,국가,NNG
전주 여행,464,정원,NNG
전주 여행,464,이번,NNG
전주 여행,464,에선,JKB+JX
전주 여행,464,조카,NNG
전주 여행,464,와의,NNG
전주 여행,465,숙소,NNG
전주 여행,465,추천,NNG
전주 여행,465,아이,NNG
전주 여행,465,동반,NNG
전주 여행,465,가족,NNG
전주 여행,465,체력,NNG
전주 여행,465,아껴,VV+EC
전주 여행,465,한옥마을,NNP
전주 여행,465,동선,NNG
전주 여행,465,아동,NNG
전주 여행,465,동반,NNG
전주 여행,465,이나,JC
전주 여행,465,부모,NNG
전주 여행,465,많이,MAG
전주 여행,465,둘러보,VV
전주 여행,465,보다,JKB
전주 여행,465,얼마나,MAG
전주 여행,465,편안,NNG
전주 여행,465,즐겼,VV+EP
전주 여행,465,는가,EC
전주 여행,465,더욱,MAG
전주 여행,465,중요,NNG
전주 여행,465,합니다,XSV+EF
전주 여행,465,청연,NNG
전주 여행,465,전주천,NNP
전주 여행,465,한옥,NNG
전주 여행,465,마을,NNG
전주 여행,465,곳곳,NNG
전주 여행,465,힐링,NNG
전주 여행,465,스팟,NNG
전주 여행,465,동선,NNG
전주 여행,465,가족,NNG
전주 여행,465,스타일,NNG
전주 여행,466,2026,SN
전주 여행,466,다시,MAG
전주 여행,466,아버지,NNG
전주 여행,466,알츠하이머,NNG
전주 여행,466,치매,NNG
전주 여행,466,진단,NNG
전주 여행,466,여름,NNG
전주 여행,466,지나갔,VV+EP
전주 여행,466,매일,MAG
전주 여행,466,일기,NNG
전주 여행,466,별일,NNG
전주 여행,466,나날이,MAG
전주 여행,466,변화,NNG
전주 여행,466,경험,NNG
전주 여행,466,무언가,NP+VCP+EC
전주 여행,466,남기,VV
전주 여행,466,기록,NNG
전주 여행,466,는데,EC
전주 여행,467,베스트,NNP
전주 여행,467,웨스턴,NNP
전주 여행,467,조식,NNG
전주 여행,467,수영장,NNG
전주 여행,467,헬스,NNG
전주 여행,467,객사,NNG
전주 여행,467,근처,NNG
전주 여행,467,호텔,NNG
전주 여행,467,이용,NNG
전주 여행,467,전북,NNP
전주 여행,467,베스트,NNP
전주 여행,467,웨스턴,NNP
전주 여행,467,조식,NNG
전주 여행,467,수영장,NNG
전주 여행,467,헬스,NNG
전주 여행,467,객사,NNG
전주 여행,467,근처,NNG
전주 여행,467,호텔,NNG
전주 여행,467,이용,NNG
전주 여행,467,안녕,NNG
전주 여행,467,세요,EP+EF
전주 여행,467,언서,NNG
전주 여행,467,아름,NNG
전주 여행,467,촌장,NNG
전주 여행,467,에요,EF
전주 여행,467,숙소,NNG
전주 여행,467,는다면,EC
전주 여행,467,객사,NNG
전주 여행,467,한옥마을,NNP
전주 여행,467,함께,MAG
전주 여행,467,둘러보,VV
전주 여행,468,2026,SN
전주 여행,468,여름,NNG
전주 여행,468,방학,NNG
전주 여행,468,기록,NNG
전주 여행,468,부안,NNG
전주 여행,468,마루,NNG
전주 여행,468,계절,NNG
전주 여행,468,물놀이장,NNG
전주 여행,468,부안,NNG
전주 여행,468,제아,NNP
전주 여행,468,기나긴,VA+ETM
전주 여행,468,여름,NNG
전주 여행,468,방학,NNG
전주 여행,468,기록,NNG
전주 여행,468,친정,NNG
전주 여행,468,식구,NNG
전주 여행,468,함께,MAG
전주 여행,468,근교,NNG
전주 여행,468,제아,NNP
전주 여행,468,기나긴,VA+ETM
전주 여행,468,여름,NNG
전주 여행,468,방학,NNG
전주 여행,468,동안,NNG
전주 여행,468,다녀왔,VV+EP
전주 여행,468,하나,NR
전주 여행,468,기록,NNG
전주 여행,468,려고,EC
전주 여행,468,해요,VX+EF
전주 여행,468,이번,NNG
전주 여행,468,친정,NNG
전주 여행,468,식구,NNG
전주 여행,468,함께,MAG
전주 여행,468,근교,NNG
전주 여행,468,으로,JKB
전주 여행,468,부안,NNG
전주 여행,469,신시가지,NNG
전주 여행,469,옥주,NNG
전주 여행,469,전주비빔밥,NNG
전주 여행,469,맛집,NNG
전주 여행,469,김부각,NNG
전주 여행,469,비빔밥,NNG
전주 여행,469,조합,NNG
전주 여행,469,다가,EC
전주 여행,469,추천,NNG
전주 여행,469,드릴,VV+ETM
전주 여행,469,맛집,NNG
전주 여행,469,발견,NNG
전주 여행,469,습니다,EF
전주 여행,469,주가,NNG
전주 여행,469,봐야,VX+EC
전주 여행,469,전주비빔밥,NNG
전주 여행,469,지만,EC
전주 여행,469,유명,XR
전주 여행,469,가격,NNG
전주 여행,469,너무,MAG
전주 여행,469,사악,XR
전주 여행,469,한데요,XSA+EC
전주 여행,469,시가지,NNG
전주 여행,469,위치,NNG
전주 여행,469,옥주,NNG
전주 여행,469,적당,XR
전주 여행,469,가격대,NNG
전주 여행,469,맛있,VA
전주 여행,470,호텔,NNG
전주 여행,470,후기,NNG
전주 여행,470,한옥,NNG
전주 여행,470,마을,NNG
전주 여행,470,중심,NNG
전주 여행,470,에서,JKB
전주 여행,470,누리,VV
전주 여행,470,완벽,NNG
전주 여행,470,또한,MAJ
전주 여행,470,지역,NNG
전주 여행,470,깊이,MAG
전주 여행,470,알아볼,VV+ETM
전주 여행,470,도록,EC
전주 여행,470,다양,XR
전주 여행,470,문화,NNG
전주 여행,470,체험,NNG
전주 여행,470,투어,NNG
전주 여행,470,정보,NNG
전주 여행,470,제공,NNG
전주 여행,470,아서,EC
전주 여행,470,어요,EF
전주 여행,470,가족,NNG
전주 여행,470,반려,NNG
전주 여행,470,동물,NNG
전주 여행,470,동반,NNG
전주 여행,470,까지,JX
전주 여행,470,고려,NNG
전주 여행,470,안락,NNG
전주 여행,470,가성,NNG
전주 여행,470,최고,NNG
전주 여행,470,저희,NP
전주 여행,470,가족,NNG
전주 여행,470,구성원,NNG
전주 여행,470,모두,NNG
전주 여행,470,만족,NNG
전주 여행,470,만큼,NNB
전주 여행,470,청결,NNG
전주 여행,471,에서,JKB
전주 여행,471,건너온,VV+ETM
전주 여행,471,메밀,NNG
전주 여행,471,향기,NNG
전주 여행,471,부산,NNP
전주 여행,471,전포,NNG
전주 여행,471,메밀,NNG
전주 여행,471,소바,NNP
전주 여행,471,맛집,NNG
전주 여행,471,기록,NNG
전주 여행,471,타지,NNG
전주 여행,471,기억,NNG
전주 여행,471,되새기,VV
전주 여행,471,전포,NNG
전주 여행,471,카페,NNG
전주 여행,471,거리,NNG
전주 여행,471,정갈,XR
전주 여행,471,요리,NNG
전주 여행,471,그릇,NNG
전주 여행,471,본점,NNG
전주 여행,471,기억,NNG
전주 여행,471,연결,NNG
전주 여행,471,미식,NNG
전주 여행,471,과거,NNG
전주 여행,471,당시,NNG
전주 여행,471,경험,NNG
전주 여행,471,메밀,NNG
전주 여행,471,풍미,NNG
전주 여행,471,이곳,NP
전주 여행,471,부산,NNP
전주 여행,471,에서,JKB
전주 여행,471,다시,MAG
전주 여행,471,마주,MAG
전주 여행,471,다는,ETM
전주 여행,471,사실,NNG
전주 여행,472,퍼센트,NNBC
전주 여행,472,호스텔,NNG
전주 여행,472,이용,NNG
전주 여행,472,후기,NNG
전주 여행,472,한옥마을,NNP
전주 여행,472,객리,NNG
전주 여행,472,사이,NNG
전주 여행,472,완벽,NNG
전주 여행,472,에서,JKB
전주 여행,472,머물렀,VV+EP
전주 여행,472,이곳,NP
전주 여행,472,정말,MAG
전주 여행,472,기대,NNG
전주 여행,472,이상,NNG
전주 여행,472,어요,EF
전주 여행,472,체크인,NNG
전주 여행,472,부터,JX
전주 여행,472,친절,NNG
전주 여행,472,직원,NNG
전주 여행,472,응대,NNG
전주 여행,472,따뜻,XR
전주 여행,472,특히,MAG
전주 여행,472,청결,NNG
전주 여행,472,깨끗,XR
전주 여행,472,관리,NNG
전주 여행,472,시설,NNG
전주 여행,472,마음,NNG
전주 여행,472,편안,NNG
전주 여행,472,더라고요,EC
전주 여행,472,체크인,NNG
전주 여행,472,부터,JX
전주 여행,472,기분,NNG
전주 여행,473,변산반도,NNP
전주 여행,473,변산반도,NNP
전주 여행,473,시작,NNG
전주 여행,473,휴게소,NNG
전주 여행,473,전주비빔밥,NNG
전주 여행,473,함께,MAG
전주 여행,473,내소사,NNG
전주 여행,473,방문,NNG
전주 여행,473,는데,EC
전주 여행,473,스마트,NNG
전주 여행,473,불전,NNG
전주 여행,473,라니,EC
전주 여행,473,esg,SL
전주 여행,473,실천,NNG
전주 여행,473,인가,VCP+EC
전주 여행,473,석강,NNG
전주 여행,473,강바다,NNP
전주 여행,473,포차,NNG
전주 여행,473,지만,EC
전주 여행,473,솔직히,MAG
전주 여행,473,보여서,VV+EC
전주 여행,473,패스,NNG
전주 여행,473,밀물,NNG
전주 여행,474,전주호,NNP
전주 여행,474,신라,NNP
전주 여행,474,스테이,NNP
전주 여행,474,한옥마을,NNP
전주 여행,474,조식,NNG
전주 여행,474,루프,NNG
전주 여행,474,수영장,NNG
전주 여행,474,여러분,NP
전주 여행,474,즐거운,VA+ETM
전주 여행,474,위해,VV+EC
전주 여행,474,꼼꼼,XR
전주 여행,474,볼까요,VX+EF
전주 여행,474,방문,NNG
전주 여행,474,숙소,NNG
전주 여행,474,결정,NNG
전주 여행,474,기준,NNG
전주 여행,474,사람,NNG
전주 여행,474,마다,JX
전주 여행,474,다르,VA
전주 여행,474,지만,EC
전주 여행,474,대부분,NNG
전주 여행,474,접근성,NNG
전주 여행,474,청결,NNG
전주 여행,474,우선,MAG
전주 여행,474,순위,NNG
전주 여행,474,으실,EP+ETM
전주 여행,474,예요,VCP+EF
전주 여행,474,브랜드,NNG
전주 여행,474,명성,NNG
전주 여행,474,깔끔,XR
전주 여행,475,풍년제,NNP
전주 여행,475,본점,NNG
전주 여행,475,내산,NNP
전주 여행,475,방문,NNG
전주 여행,475,후기,NNG
전주 여행,475,에서,JKB
전주 여행,475,들러볼,VV+EC+VX+ETM
전주 여행,475,특히,MAG
전주 여행,475,간단,XR
전주 여행,475,거나,EC
전주 여행,475,가족,NNG
전주 여행,475,친구,NNG
전주 여행,475,에게,JKB
전주 여행,475,선물,NNG
전주 여행,475,고르,VV
전주 여행,475,에게,JKB
전주 여행,475,어울리,VV
전주 여행,475,어요,EF
전주 여행,475,마침,MAG
전주 여행,475,아들,NNG
전주 여행,475,여자,NNG
전주 여행,475,친구,NNG
전주 여행,475,생일,NNG
전주 여행,475,파티,NNG
전주 여행,475,소식,NNG
전주 여행,475,갑작스레,MAG
전주 여행,475,참석,NNG
전주 여행,475,지만,EC
전주 여행,476,맛집,NNG
전주 여행,476,보장,NNG
전주 여행,476,후기,NNG
전주 여행,476,짜장,MAG
전주 여행,476,탕수육,NNG
전주 여행,476,맛집,NNG
전주 여행,476,웨이팅,NNG
전주 여행,476,필수,NNG
전주 여행,476,주물,NNG
전주 여행,476,짜장,MAG
전주 여행,476,맛집,NNG
전주 여행,476,탕수육,NNG
전주 여행,476,탕수육,NNG
전주 여행,476,맛집,NNG
전주 여행,476,간짜장,NNG
전주 여행,476,짜장,MAG
전주 여행,476,맛집,NNG
전주 여행,476,탕수육,NNG
전주 여행,476,맛집,NNG
전주 여행,476,현지,NNG
전주 여행,476,맛집,NNG
전주 여행,476,웨이팅,NNG
전주 여행,476,맛집,NNG
전주 여행,476,주말,NNG
전주 여행,476,맛집,NNG
전주 여행,476,맛집,NNG
전주 여행,476,추천,NNG
전주 여행,476,중식,NNG
전주 여행,476,맛집,NNG
전주 여행,476,노포,NNG
전주 여행,476,맛집,NNG
전주 여행,477,모르,VV
전주 여행,477,사람,NNG
전주 여행,477,이랑,JC
전주 여행,477,에서,JKB
전주 여행,477,외향,NNG
전주 여행,477,인가요,VCP+EC
전주 여행,477,국내,NNG
전주 여행,477,프로그램,NNG
전주 여행,477,로컬,NNG
전주 여행,477,에서,JKB
전주 여행,477,진행,NNG
전주 여행,477,강릉,NNP
전주 여행,477,제주,NNP
전주 여행,477,검색,NNG
전주 여행,477,인생,NNG
전주 여행,477,사진,NNG
전주 여행,477,이런,MM
전주 여행,477,나오,VV
전주 여행,477,니까,EC
전주 여행,477,후기,NNG
전주 여행,477,힘들,VA
전주 여행,477,사실,MAG
전주 여행,477,친구,NNG
전주 여행,477,자고,EC
전주 여행,478,담양,NNP
전주 여행,478,부안,NNG
전주 여행,478,일기,NNG
전주 여행,478,는데,EC
전주 여행,478,부탁,NNG
전주 여행,478,해서,VV+EC
전주 여행,478,아쉬웠,VV+EP
전주 여행,478,인천,NNP
전주 여행,478,올라가,VV
전주 여행,478,한옥마을,NNP
전주 여행,478,들려서,VV+EC
전주 여행,478,열심히,MAG
전주 여행,478,구경,NNG
전주 여행,478,한옥마을,NNP
전주 여행,478,쨩사진,UNKNOWN
전주 여행,478,넘나,VV
전주 여행,478,든다,VV+EC
전주 여행,478,아주,MAG
전주 여행,478,알찬,VA+ETM
전주 여행,478,전라도,NNP
전주 여행,479,한옥마을,NNP
전주 여행,479,카카오,NNP
전주 여행,479,프렌즈,NNP
전주 여행,479,추천,NNG
전주 여행,479,한복,NNG
전주 여행,479,카카오,NNP
전주 여행,479,프렌즈,NNP
전주 여행,479,카카오,NNP
전주 여행,479,프렌즈,NNP
전주 여행,479,카카오,NNP
전주 여행,479,프렌즈,NNP
전주 여행,479,카카오,NNP
전주 여행,479,프렌즈,NNP
전주 여행,479,한옥마을,NNP
전주 여행,479,한옥마을,NNP
전주 여행,479,카카오,NNP
전주 여행,479,코스,NNG
전주 여행,479,여행가,NNG
전주 여행,479,한옥마을,NNP
전주 여행,479,한옥마을,NNP
전주 여행,479,소품,NNG
전주 여행,480,대전,NNP
전주 여행,480,공주,NNP
전주 여행,480,여행기,NNG
전주 여행,480,기전,NNG
전주 여행,480,마지막,NNG
전주 여행,480,으로,JKB
전주 여행,480,부자,NNG
전주 여행,480,떡집,NNG
전주 여행,480,알밤,NNG
전주 여행,480,모찌,NNG
전주 여행,480,한입,NNG
전주 여행,480,마지막,NNG
전주 여행,480,행선지,NNG
전주 여행,480,이자,NNG
전주 여행,480,이번,NNG
전주 여행,480,목적,NNG
전주 여행,480,영화,NNG
전주 여행,480,도시,NNG
전주 여행,480,으니까,EC
전주 여행,480,스파이더맨,NNP
전주 여행,480,재밌,VA
전주 여행,480,오락,NNG
전주 여행,480,영화,NNG
전주 여행,480,지만,EC
전주 여행,480,마블,NNG
전주 여행,480,영화,NNG
전주 여행,480,이상,NNG
전주 여행,480,챙겨,VV+EC
전주 여행,481,아늑,XR
전주 여행,481,한옥,NNP
전주 여행,481,게스트,NNP
전주 여행,481,하우스,NNP
전주 여행,481,미담,NNG
전주 여행,481,아늑,XR
전주 여행,481,한옥,NNP
전주 여행,481,게스트,NNP
전주 여행,481,하우스,NNP
전주 여행,481,미담,NNG
전주 여행,481,계획,NNG
전주 여행,481,면서,EC
전주 여행,481,남편,NNG
전주 여행,481,조금,MAG
전주 여행,481,특별,NNG
전주 여행,481,에서,JKB
전주 여행,481,하루,NNG
전주 여행,481,호텔,NNG
전주 여행,481,대신,NNG
전주 여행,481,분위기,NNG
전주 여행,481,제대로,MAG
전주 여행,481,느낄,VV+ETM
전주 여행,481,한옥,NNP
전주 여행,481,게스트,NNP
전주 여행,481,하우스,NNP
전주 여행,481,다가,EC
전주 여행,481,미담,NNG
전주 여행,481,에서,JKB
전주 여행,481,너무,MAG
전주 여행,482,남원,NNP
전주 여행,482,광주,NNP
전주 여행,482,근교,NNG
전주 여행,482,남원,NNP
전주 여행,482,숙소,NNG
전주 여행,482,지각,NNG
전주 여행,482,동관,NNG
전주 여행,482,추천,NNG
전주 여행,482,개월,NNBC
전주 여행,482,아기,NNG
전주 여행,482,광주,NNP
전주 여행,482,근교,NNG
전주 여행,482,남원,NNP
전주 여행,482,남원,NNP
전주 여행,482,에서,JKB
전주 여행,482,가족,NNG
전주 여행,482,끼리,XSN
전주 여행,482,숙박,NNG
전주 여행,482,숙소,NNG
전주 여행,482,명지,NNG
전주 여행,482,동관,NNG
전주 여행,482,소개,NNG
전주 여행,482,합니다,XSV+EF
전주 여행,482,최대,NNG
전주 여행,482,까지,JX
전주 여행,482,마다,JX
전주 여행,482,거실,NNG
전주 여행,482,으로,JKB
전주 여행,482,분리,NNG
전주 여행,482,가족,NNG
전주 여행,482,숙소,NNG
전주 여행,483,주무,NNG
전주 여행,483,인텔,NNP
전주 여행,483,힐링,NNG
전주 여행,483,무인,NNG
전주 여행,483,호텔,NNG
전주 여행,483,에서,JKB
전주 여행,483,스파,NNP
전주 여행,483,캠핑,NNG
전주 여행,483,까지,JX
전주 여행,483,즐긴,VV+ETM
전주 여행,483,후기,NNG
전주 여행,483,인하,NNG
전주 여행,483,오늘,NNG
전주 여행,483,인즈,NNP
전주 여행,483,BBQ,SL
전주 여행,483,스파,NNP
전주 여행,483,편안,NNG
전주 여행,483,침구류,NNG
전주 여행,483,까지,JX
전주 여행,483,갖춘,VV+ETM
전주 여행,483,무인,NNG
전주 여행,483,소개,NNG
전주 여행,483,드릴게요,VX+EF
전주 여행,483,주로,MAG
전주 여행,483,떠난,VV+ETM
전주 여행,483,인즈,NNP
전주 여행,483,한옥마을,NNP
전주 여행,483,구경,NNG
전주 여행,483,신나,VV
전주 여행,483,피로,NNG
전주 여행,483,면서,EC
전주 여행,483,감성,NNG
전주 여행,483,캠핑,NNG
전주 여행,483,까지,JX
전주 여행,483,숙소,NNG
전주 여행,484,한옥마을,NNP
전주 여행,484,맛집,NNG
전주 여행,484,분위기,NNG
전주 여행,484,고기,NNG
전주 여행,484,에서,JKB
전주 여행,484,데이트,NNG
전주 여행,484,전북,NNP
전주 여행,484,전주시,NNP
전주 여행,484,완산구,NNP
전주 여행,484,현무,NNG
전주 여행,484,16,SN
전주 여행,484,화요일,NNG
전주 여행,484,휴무,NNG
전주 여행,484,16,SN
전주 여행,484,00,SN
전주 여행,484,22,SN
전주 여행,484,30,SN
전주 여행,484,12,SN
전주 여행,484,00,SN
전주 여행,484,22,SN
전주 여행,484,30,SN
전주 여행,484,한옥마을,NNP
전주 여행,484,맛집,NNG
전주 여행,484,분위기,NNG
전주 여행,484,고기,NNG
전주 여행,484,에서,JKB
전주 여행,484,데이트,NNG
전주 여행,484,다녀오,VV
전주 여행,484,면서,EC
전주 여행,484,한옥마을,NNP
전주 여행,484,둘러보,VV
전주 여행,485,ft,SL
전주 여행,485,온주,NNG
전주 여행,485,31,SN
전주 여행,485,주로,MAG
전주 여행,485,이랑,JC
전주 여행,485,가족,NNG
전주 여행,485,장날,NNG
전주 여행,485,라고,EC
전주 여행,485,와요,NNG
전주 여행,485,도착,NNG
전주 여행,485,주차,NNG
전주 여행,485,공간,NNG
전주 여행,485,가능,NNG
전주 여행,485,해요,XSA+EF
전주 여행,485,예쁘,VA
전주 여행,485,예쁘,VA
전주 여행,485,갑자기,MAG
전주 여행,485,우리,NP
전주 여행,485,사진,NNG
전주 여행,485,풍년제,NNP
전주 여행,485,어요,EF
전주 여행,485,짱짱,MAG
전주 여행,485,어서,EC
전주 여행,486,한옥마을,NNP
전주 여행,486,여행기,NNG
전주 여행,486,길거리,NNG
전주 여행,486,먹방,NNG
전주 여행,486,성지,NNG
전주 여행,486,하나,NR
전주 여행,486,골목,NNG
전주 여행,486,거닐,VV
전주 여행,486,맛보,VV
전주 여행,486,한옥마을,NNP
전주 여행,486,다채,XR
전주 여행,486,로운,XSA+ETM
전주 여행,486,간식,NNG
전주 여행,486,즐거움,NNG
전주 여행,486,채워,VV+EC
전주 여행,486,습니다,EF
전주 여행,486,신다면,EP+EC
전주 여행,486,소개,NNG
전주 여행,486,드린,VX+ETM
전주 여행,486,명물,NNG
전주 여행,486,간식,NNG
전주 여행,486,하나,NR
전주 여행,486,도장,NNG
전주 여행,486,권해,VV+EC
전주 여행,486,드립니다,VX+EC
전주 여행,487,한옥마을,NNP
전주 여행,487,이태리,NNP
전주 여행,487,얼음과자,NNG
전주 여행,487,아이스크림,NNG
전주 여행,487,수박,NNG
전주 여행,487,그라,VV
전주 여행,487,따와,VV+EC
전주 여행,487,젤라,NNP
전주 여행,487,한옥,NNG
전주 여행,487,마을,NNG
전주 여행,487,중심,NNG
전주 여행,487,성심,NNG
전주 여행,487,여자,NNG
전주 여행,487,고등학교,NNG
전주 여행,487,다니,VV
전주 여행,487,여고생,NNG
전주 여행,487,주변,NNG
전주 여행,487,아서,EC
전주 여행,487,부럽,VA
전주 여행,487,생각,NNG
전주 여행,487,지나갔,VV+EP
전주 여행,487,나란,NNG+JX
전주 여행,487,발견,NNG
전주 여행,487,인생,NNG
전주 여행,487,젤라,NNP
전주 여행,487,이태리,NNP
전주 여행,487,얼음과자,NNG
전주 여행,487,아이스크림,NNG
전주 여행,488,칼국수,NNG
전주 여행,488,로컬,NNG
전주 여행,488,맛집,NNG
전주 여행,488,금암,NNG
전주 여행,488,면옥,NNG
전주 여행,488,본점,NNG
전주 여행,488,요오,EC
전주 여행,488,오늘,NNG
전주 여행,488,칼국수,NNG
전주 여행,488,맛집,NNG
전주 여행,488,베테랑,NNG
전주 여행,488,은데,EC
전주 여행,488,여기,NP
전주 여행,488,로컬,NNG
전주 여행,488,맛집,NNG
전주 여행,488,영업시간,NNG
전주 여행,488,09,SN
전주 여행,488,30,SN
전주 여행,488,21,SN
전주 여행,488,00,SN
전주 여행,488,가능,NNG
전주 여행,488,환영,NNG
전주 여행,488,주차장,NNG
전주 여행,488,시간,NNBC
전주 여행,488,무료,NNG
전주 여행,488,글고,MAJ
전주 여행,488,여기,NP
전주 여행,488,위치,NNG
전주 여행,488,버스,NNG
전주 여행,488,터미널,NNG
전주 여행,488,이랑,JC
전주 여행,489,03,SN
전주 여행,489,01,SN
전주 여행,489,03,SN
전주 여행,489,02,SN
전주 여행,489,승후,NNG
전주 여행,489,만나,VV
전주 여행,489,미진,NNG
전주 여행,489,조지,NNP
전주 여행,489,근데,MAJ
전주 여행,489,이날,NNG
전주 여행,489,애매,XR
전주 여행,489,구이,NNG
전주 여행,489,맛있,VA
전주 여행,489,이자카야,NNP
전주 여행,489,토리,NNG
전주 여행,489,토리,NNG
전주 여행,489,이름,NNG
전주 여행,489,까먹,VV
전주 여행,490,한옥마을,NNP
전주 여행,490,여행기,NNG
전주 여행,490,고즈넉,XR
전주 여행,490,돌담길,NNP
전주 여행,490,부터,JX
전주 여행,490,맛집,NNG
전주 여행,490,이색,NNG
전주 여행,490,전통,NNG
전주 여행,490,고즈넉,XR
전주 여행,490,정취,NNG
전주 여행,490,트렌디,NNP
전주 여행,490,디저트,NNG
전주 여행,490,이색,NNG
전주 여행,490,체험,NNG
전주 여행,490,어우러진,VV+ETM
전주 여행,490,대한민국,NNP
전주 여행,490,대표,NNG
전주 여행,490,여행지,NNG
전주 여행,490,한옥마을,NNP
전주 여행,490,골목,NNG
전주 여행,490,투어,NNG
전주 여행,490,후기,NNG
전주 여행,490,입니다,VCP+EF
전주 여행,490,활기,NNG
전주 여행,490,넘치,VV
전주 여행,490,거리,NNG
전주 여행,490,풍경,NNG
전주 여행,490,곳곳,NNG
전주 여행,490,플레이스,NNG
전주 여행,490,매장,NNG
전주 여행,490,정보,NNG
전주 여행,490,그리고,MAJ
전주 여행,491,아이,NNG
전주 여행,491,BEST,SL
전주 여행,491,후기,NNG
전주 여행,491,평점,NNG
전주 여행,491,가족,NNG
전주 여행,491,추천,NNG
전주 여행,491,실내,NNG
전주 여행,491,국립,NNG
전주 여행,491,박물관,NNG
전주 여행,491,아이,NNG
전주 여행,491,함께,MAG
전주 여행,491,에서,JKB
전주 여행,491,이나,JX
전주 여행,491,무더운,VA+ETM
전주 여행,491,대비,NNG
전주 여행,491,다면,EC
전주 여행,491,추천,NNG
전주 여행,491,드립니다,VV+EF
전주 여행,491,현재,MAG
전주 여행,491,평점,NNG
전주 여행,491,리뷰,NNP
전주 여행,491,523,SN
전주 여행,491,으로,JKB
전주 여행,491,박물관,NNG
전주 여행,491,에서,JKB
전주 여행,491,후기,NNG
전주 여행,491,충분히,MAG
전주 여행,491,쌓여,VV+EC
전주 여행,491,습니다,EF
전주 여행,491,특히,MAG
전주 여행,491,일반,NNG
전주 여행,492,전북,NNP
전주 여행,492,완주,NNP
전주 여행,492,물놀,NNG
전주 여행,492,동상,NNG
전주 여행,492,계곡,NNG
전주 여행,492,평상,NNG
전주 여행,492,대여,NNG
전주 여행,492,추천,NNG
전주 여행,492,명지,NNG
전주 여행,492,목산,NNG
전주 여행,492,안녕,NNG
전주 여행,492,세요,EP+EF
전주 여행,492,블로거,NNP
전주 여행,492,입니다,VCP+EF
전주 여행,492,여름,NNG
전주 여행,492,시원,XR
전주 여행,492,잖아요,EC+VX+EF
전주 여행,492,여름,NNG
전주 여행,492,더위,NNG
전주 여행,492,피할,VV+ETM
전주 여행,492,다가,EC
전주 여행,492,완주,NNG
전주 여행,492,동상,NNG
전주 여행,492,계곡,NNG
전주 여행,492,다녀왔,VV+EP
전주 여행,492,어요,EF
전주 여행,492,계곡,NNP
전주 여행,492,개골,NNG
전주 여행,492,개골,NNG
전주 여행,492,튜버,NNP
전주 여행,492,소개,NNG
전주 여행,492,대전,NNP
전주 여행,492,근교,NNG
전주 여행,493,48,SN
전주 여행,493,충북,NNP
전주 여행,493,옥천,NNG
전주 여행,493,전부,MAG
전주 여행,493,사벌,NNG
전주 여행,493,막걸리,NNG
전주 여행,493,막걸리,NNG
전주 여행,493,탐험가,NNG
전주 여행,493,전국,NNG
전주 여행,493,막걸리,NNG
전주 여행,493,탐험,NNG
전주 여행,493,충북,NNP
전주 여행,493,옥천,NNP
전주 여행,493,사벌,NNG
전주 여행,493,막걸리,NNG
전주 여행,493,취미,NNG
전주 여행,493,소고기,NNG
전주 여행,493,갈비,NNG
전주 여행,493,구이,NNG
전주 여행,493,사벌,NNG
전주 여행,493,막걸리,NNG
전주 여행,493,사벌,NNG
전주 여행,493,막걸리,NNG
전주 여행,493,제품,NNG
전주 여행,493,사벌,NNG
전주 여행,493,막걸리,NNG
전주 여행,493,지역,NNG
전주 여행,494,숙소,NNG
전주 여행,494,한옥마을,NNP
전주 여행,494,게스트,NNP
전주 여행,494,하우스,NNP
전주 여행,494,한옥,NNG
전주 여행,494,마당,NNG
전주 여행,494,방문,NNG
전주 여행,494,소망,NNG
전주 여행,494,머물,VV
전주 여행,494,여유,NNG
전주 여행,494,로웠,XSA+EP
전주 여행,494,최대,NNG
전주 여행,494,까지,JX
전주 여행,494,이용,NNG
전주 여행,494,객실,NNG
전주 여행,494,커플,NNG
전주 여행,494,이나,JC
전주 여행,494,친구,NNG
전주 여행,494,즐기,VV
전주 여행,494,어요,EF
전주 여행,494,벽면,NNG
전주 여행,494,이나,JC
전주 여행,494,옷걸이,NNG
전주 여행,494,곳곳,NNG
전주 여행,494,에서,JKB
전주 여행,494,전통,NNG
전주 여행,494,감성,NNG
전주 여행,494,듬뿍,MAG
전주 여행,494,느껴,VV+EC
전주 여행,494,요소,NNG
전주 여행,495,전북,NNP
전주 여행,495,데이트,NNG
전주 여행,495,코스,NNG
전주 여행,495,추천,NNG
전주 여행,495,스마일,NNP
전주 여행,495,이닝,NNG
전주 여행,495,파스타,NNG
전주 여행,495,맛집,NNG
전주 여행,495,추천,NNG
전주 여행,495,안녕,NNG
전주 여행,495,세요,EP+EF
전주 여행,495,두부,NNG
전주 여행,495,만난,VV+ETM
전주 여행,495,미국,NNP
전주 여행,495,어느,MM
전주 여행,495,레스토랑,NNG
전주 여행,495,생각나,VV
전주 여행,495,멋진,VA+ETM
전주 여행,495,공간,NNG
전주 여행,495,에서,JKB
전주 여행,495,근사,XR
전주 여행,495,데이트,NNG
전주 여행,495,스마일,NNP
전주 여행,495,이닝,NNG
전주 여행,495,후기,NNG
전주 여행,495,이미,MAG
전주 여행,495,파스타,NNG
전주 여행,495,맛집,NNG
전주 여행,495,으로,JKB
전주 여행,495,유명,XR
전주 여행,495,는데요,EF
전주 여행,495,스마일,NNP
전주 여행,495,이닝,NNG
전주 여행,495,전북,NNP
전주 여행,496,맛집,NNG
전주 여행,496,뉴욕,NNP
전주 여행,496,타임스,NNP
전주 여행,496,극찬,NNG
전주 여행,496,막걸리,NNG
전주 여행,496,한상,NNG
전주 여행,496,원조,NNG
전주 여행,496,풍성,XR
전주 여행,496,장식,NNG
전주 여행,496,최고,NNG
전주 여행,496,미식,NNG
전주 여행,496,문화,NNG
전주 여행,496,주전자,NNG
전주 여행,496,함께,MAG
전주 여행,496,푸짐,XR
전주 여행,496,안주,NNG
전주 여행,496,쏟아져,VV+EC
전주 여행,496,나오,VV
전주 여행,496,막걸리,NNG
전주 여행,496,다녀왔,VV+EP
전주 여행,496,습니다,EF
전주 여행,496,서신동,NNP
전주 여행,496,본점,NNG
전주 여행,496,에서,JKB
전주 여행,496,시작,NNG
전주 여행,496,뉴욕,NNP
전주 여행,496,타임스,NNP
전주 여행,496,까지,JX
전주 여행,496,매료,NNG
전주 여행,496,시킨,XSV+ETM
전주 여행,496,막걸리,NNG
전주 여행,497,위치,NNG
전주 여행,497,감성,NNG
전주 여행,497,가진,VV+ETM
전주 여행,497,전북,NNP
전주 여행,497,주변,NNG
전주 여행,497,비앤비,NNP
전주 여행,497,독채,NNG
전주 여행,497,숙소,NNG
전주 여행,497,사람,NNG
전주 여행,497,라면,EC
전주 여행,497,한옥마을,NNP
전주 여행,497,객사,NNG
전주 여행,497,신시가지,NNG
전주 여행,497,가까운,VA+ETM
전주 여행,497,편하,VA
전주 여행,497,사실,MAG
전주 여행,497,감성,NNG
전주 여행,497,인테리어,NNG
전주 여행,497,구축,NNG
전주 여행,497,느낌,NNG
전주 여행,497,는데,EC
전주 여행,497,아니,VCN
전주 여행,497,전혀,MAG
전주 여행,497,들어가,VV
전주 여행,497,자마자,EC
전주 여행,497,보이,VV
전주 여행,497,부엌,NNG
전주 여행,497,우드,NNG
전주 여행,498,내산,NNP
전주 여행,498,한옥마을,NNP
전주 여행,498,성비,NNG
전주 여행,498,맛집,NNG
전주 여행,498,한울,NNP
전주 여행,498,밥상,NNG
전주 여행,498,그냥,MAG
전주 여행,498,나옴,VV+EC
전주 여행,498,이번,NNG
전주 여행,498,성비,NNG
전주 여행,498,컨셉,NNG
전주 여행,498,다가,EC
전주 여행,498,한옥마을,NNP
전주 여행,498,물가,NNG
전주 여행,498,으러,EC
전주 여행,498,한울,NNP
전주 여행,498,밥상,NNG
전주 여행,498,발견,NNG
전주 여행,498,가성,NNG
전주 여행,498,반찬,NNG
전주 여행,498,다양,NNG
전주 여행,498,맛있,VA
전주 여행,498,어요,EF
전주 여행,498,더니,EC
전주 여행,498,아이,NNG
전주 여행,498,데리,VV
전주 여행,498,테이블,NNG
전주 여행,498,엄청,MAG
전주 여행,499,한옥마을,NNP
전주 여행,499,청연,NNG
전주 여행,499,방문,NNG
전주 여행,499,후기,NNG
전주 여행,499,천교,NNG
전주 여행,499,에서,JKB
전주 여행,499,999,SN
전주 여행,499,트롤리버스,NNG
전주 여행,499,여름,NNG
전주 여행,499,에서,JKB
전주 여행,499,오목,MAG
전주 여행,499,정자,NNG
전주 여행,499,청연,NNG
전주 여행,499,처럼,JKB
전주 여행,499,잠시,MAG
전주 여행,499,전통,NNG
전주 여행,499,누각,NNG
전주 여행,499,하나,NR
전주 여행,499,동선,NNG
전주 여행,499,괜찮,VA
전주 여행,499,습니다,EF
전주 여행,499,터널,NNG
전주 여행,499,반대편,NNG
전주 여행,499,동선,NNG
전주 여행,499,으로,JKB
전주 여행,499,이어진다,VV+EC
전주 여행,499,천교,NNG
전주 여행,499,에서,JKB
전주 여행,499,주천,NNG
전주 여행,499,바라보,VV
전주 여행,499,한옥마을,NNP
전주 여행,500,한옥마을,NNP
전주 여행,500,호텔,NNG
전주 여행,500,신라,NNP
전주 여행,500,스테이,NNG
전주 여행,500,가성,NNG
전주 여행,500,숙소,NNG
전주 여행,500,비교,NNG
전주 여행,500,그날,NNG
전주 여행,500,요금,NNG
전주 여행,500,면서,EC
전주 여행,500,마음,NNG
전주 여행,500,으로,JKB
전주 여행,500,으시,EP
전주 여행,500,됩니다,VV+EF
전주 여행,500,한옥마을,NNP
전주 여행,500,숙소,NNG
전주 여행,500,추천,NNG
전주 여행,500,호텔,NNG
전주 여행,500,신라,NNP
전주 여행,500,스테이,NNP
전주 여행,500,호텔,NNG
전주 여행,500,한옥,NNG
전주 여행,500,마을,NNG
전주 여행,500,숙소,NNG
전주 여행,500,전주호,NNP
전주 여행,500,숙소,NNG
전주 여행,500,비교,NNG
전주 여행,1,레트,NNG
전주 여행,1,감성,NNG
전주 여행,1,까지,JX
전주 여행,1,PNB,SL
전주 여행,1,풍년제,NNP
전주 여행,1,지순,NNP
전주 여행,1,한옥마을,NNP
전주 여행,1,맛집,NNG
전주 여행,1,맛집,NNG
전주 여행,1,추천,NNG
전주 여행,1,빵집,NNG
전주 여행,1,순례,NNG
전주 여행,1,PNB,SL
전주 여행,1,풍년제,NNP
전주 여행,1,풍년제,NNP
전주 여행,1,본점,NNG
전주 여행,1,풍년제,NNP
전주 여행,1,풍년제,NNP
전주 여행,1,초코파이,NNP
전주 여행,1,수제,NNP
전주 여행,1,초코파이,NNP
전주 여행,1,미니,NNP
전주 여행,1,초코파이,NNP
전주 여행,1,선물,NNG
전주 여행,1,추천,NNG
전주 여행,1,기념품,NNG
전주 여행,2,한옥,NNG
전주 여행,2,마을,NNG
전주 여행,2,길거리,NNG
전주 여행,2,음식,NNG
전주 여행,2,모음,NNG
전주 여행,2,먹거리,NNG
전주 여행,2,추천,NNG
전주 여행,2,에서,JKB
전주 여행,2,빼놓,VV
전주 여행,2,한옥마을,NNP
전주 여행,2,그리고,MAJ
전주 여행,2,길거리,NNG
전주 여행,2,음식,NNG
전주 여행,2,저희,NP
전주 여행,2,흐리,VA
전주 여행,2,조금,MAG
전주 여행,2,와서,VV+EC
전주 여행,2,우산,NNG
전주 여행,2,돌아다녔,VV+EP
전주 여행,2,어요,EF
전주 여행,2,캐리커처,NNG
전주 여행,2,옛날,NNG
전주 여행,2,추억,NR
전주 여행,2,길거리,NNG
전주 여행,2,놀이,NNG
전주 여행,2,더라구요,EC
전주 여행,3,한옥,NNG
전주 여행,3,마을,NNG
전주 여행,3,카페,NNG
전주 여행,3,마시,VV
전주 여행,3,랑게,EC
전주 여행,3,경기전,NNG
전주 여행,3,배경,NNG
전주 여행,3,포토,NNG
전주 여행,3,한쪽,NNG
전주 여행,3,판매,NNG
전주 여행,3,물품,NNG
전주 여행,3,진열,NNG
전주 여행,3,는데,EC
전주 여행,3,다면,EC
전주 여행,3,기념품,NNG
전주 여행,3,으로,JKB
전주 여행,3,구매,NNG
전주 여행,3,셔도,EP+EC
전주 여행,3,아요,EF
전주 여행,3,주문,NNG
전주 여행,3,으로,JKB
전주 여행,3,올라가,VV+EC
전주 여행,3,자리,NNG
전주 여행,3,어요,EF
전주 여행,3,분위기,NNG
전주 여행,3,달라요,VA+EC
전주 여행,3,한옥마을,NNP
전주 여행,4,공연,NNG
전주 여행,4,한옥마을,NNP
전주 여행,4,볼거리,NNG
전주 여행,4,뮤지컬,NNG
전주 여행,4,조선,NNP
전주 여행,4,셰프,NNP
전주 여행,4,상궁,NNG
전주 여행,4,이번,NNG
전주 여행,4,둘째,NR
전주 여행,4,금요일,NNG
전주 여행,4,는데,EC
전주 여행,4,마침,MAG
전주 여행,4,그날,NNG
전주 여행,4,28,SN
전주 여행,4,공연,NNG
전주 여행,4,공연,NNG
전주 여행,4,직접,MAG
전주 여행,4,어요,EF
전주 여행,4,이번,NNG
전주 여행,4,에서,JKB
전주 여행,4,뮤지컬,NNG
전주 여행,4,소개,NNG
전주 여행,4,일정,NNG
전주 여행,4,그리고,MAJ
전주 여행,4,직접,MAG
전주 여행,4,느낀,VV+ETM
전주 여행,4,후기,NNG
전주 여행,4,까지,JX
전주 여행,4,자세히,MAG
전주 여행,4,정리,NNG
전주 여행,5,베이커리,NNP
전주 여행,5,맛집,NNG
전주 여행,5,웨이팅,NNG
전주 여행,5,후기,NNG
전주 여행,5,시베이,NNP
전주 여행,5,주로,MAG
전주 여행,5,유명,XR
전주 여행,5,베이커리,NNP
전주 여행,5,가게,NNG
전주 여행,5,찾아보,VV
전주 여행,5,오랜,MM
전주 여행,5,기간,NNG
전주 여행,5,현지인,NNG
전주 여행,5,까지,JX
전주 여행,5,웨이팅,NNG
전주 여행,5,맛집,NNG
전주 여행,5,으로,JKB
전주 여행,5,알려진,VV+EC+VX+ETM
전주 여행,5,어서,EC
전주 여행,5,사전,NNG
전주 여행,5,알아보,VV
전주 여행,5,방문,NNG
전주 여행,5,어요,EF
전주 여행,5,현장,NNG
전주 여행,5,원격,NNG
전주 여행,5,캐치,NNG
전주 여행,5,테이블,NNG
전주 여행,5,가능,NNG
전주 여행,5,베이커리,NNP
전주 여행,5,가게,NNG
전주 여행,5,인데,VCP+EC
전주 여행,6,수정관,NNG
전주 여행,6,많이,MAG
전주 여행,6,별로,MAG
전주 여행,6,짜장,MAG
전주 여행,6,놀라운,VA+ETM
전주 여행,6,토요일,NNG
전주 여행,6,방영,NNG
전주 여행,6,면서,EC
전주 여행,6,수정관,NNG
전주 여행,6,방문,NNG
전주 여행,6,습니당,EF
전주 여행,6,놀라운,VA+ETM
전주 여행,6,토요일,NNG
전주 여행,6,방영,NNG
전주 여행,6,외관,NNG
전주 여행,6,정말,MAG
전주 여행,6,맛집,NNG
전주 여행,6,기대,NNG
전주 여행,6,수정관,NNG
전주 여행,6,많이,MAG
전주 여행,6,별로,MAG
전주 여행,6,짜장,MAG
전주 여행,6,놀라운,VA+ETM
전주 여행,6,토요일,NNG
전주 여행,6,방영,NNG
전주 여행,6,내산,NNP
전주 여행,6,솔직,XR
전주 여행,6,후기,NNG
전주 여행,7,실내,NNG
전주 여행,7,코스,NNG
전주 여행,7,다가,EC
전주 여행,7,감탄,NNG
전주 여행,7,나왔,VV+EP
전주 여행,7,어요,EF
전주 여행,7,여행지,NNG
전주 여행,7,계신다면,VX+EC
전주 여행,7,망설이,VV
전주 여행,7,떠나,VV+EC
전주 여행,7,세요,EP+EF
전주 여행,7,주아,NNG
전주 여행,7,이랑,JC
전주 여행,7,실내,NNG
전주 여행,7,주야간,NNG
전주 여행,7,한옥마을,NNP
전주 여행,7,국립,NNG
전주 여행,7,무형,NNG
전주 여행,7,유산,NNG
전주 여행,7,동물원,NNP
전주 여행,7,청연,NNG
전주 여행,8,가을,NNG
전주 여행,8,뚜벅,MAG
전주 여행,8,추천,NNG
전주 여행,8,코스,NNG
전주 여행,8,기차,NNG
전주 여행,8,고속버스,NNG
전주 여행,8,가을,NNG
전주 여행,8,뚜벅,MAG
전주 여행,8,가을,NNG
전주 여행,8,국내,NNG
전주 여행,8,뚜벅,MAG
전주 여행,8,국내,NNG
전주 여행,8,코스,NNG
전주 여행,8,코스,NNG
전주 여행,8,가을,NNG
전주 여행,8,가을,NNG
전주 여행,8,대중교통,NNG
전주 여행,8,고속버스,NNG
전주 여행,8,시외버스,NNG
전주 여행,8,기차,NNG
전주 여행,9,국내,NNG
전주 여행,9,뚜벅,MAG
전주 여행,9,향교,NNG
전주 여행,9,한옥,NNG
전주 여행,9,마을,NNG
전주 여행,9,거리,NNG
전주 여행,9,남부,NNG
전주 여행,9,시장,NNG
전주 여행,9,주차장,NNG
전주 여행,9,국내,NNG
전주 여행,9,뚜벅,MAG
전주 여행,9,향교,NNG
전주 여행,9,한옥,NNG
전주 여행,9,마을,NNG
전주 여행,9,거리,NNG
전주 여행,9,남부,NNG
전주 여행,9,시장,NNG
전주 여행,9,주차장,NNG
전주 여행,9,뚜벅,MAG
전주 여행,9,가능,NNG
전주 여행,9,여행지,NNG
전주 여행,9,에요,VCP+EF
전주 여행,9,튼튼,XR
전주 여행,9,다리,NNG
전주 여행,9,열심히,MAG
전주 여행,9,댕길,VV+ETM
전주 여행,9,으로,JKB
전주 여행,9,고자,EC
전주 여행,9,여행지,NNG
전주 여행,9,체크,NNG
전주 여행,9,알찬,VA+ETM
전주 여행,10,근교,NNG
전주 여행,10,완주군,NNG
전주 여행,10,삼례,NNP
전주 여행,10,문화예술,NNP
전주 여행,10,2026,SN
전주 여행,10,삼례역,NNP
전주 여행,10,전포,NNG
전주 여행,10,1930,SN
전주 여행,10,삼례,NNP
전주 여행,10,떠나,VV
전주 여행,10,시간,NNG
전주 여행,10,근교,NNG
전주 여행,10,완주군,NNG
전주 여행,10,2026,SN
전주 여행,10,삼례,NNP
전주 여행,10,역전,NNP
전주 여행,10,포차,NNG
전주 여행,10,가장,MAG
전주 여행,10,특징,NNG
전주 여행,10,단순히,MAG
전주 여행,10,먹거리,NNG
전주 여행,10,부스,NNG
전주 여행,10,모아,VV+EC
전주 여행,10,야시장,NNG
전주 여행,10,분위기,NNG
전주 여행,10,다르,VA
전주 여행,10,다는,ETM
전주 여행,10,에요,EF
전주 여행,10,축제,NNG
전주 여행,10,곳곳,NNG
전주 여행,10,1930,SN
전주 여행,10,삼례,NNP
전주 여행,11,한옥마을,NNP
전주 여행,11,코스,NNG
전주 여행,11,맛집,NNG
전주 여행,11,정리,NNG
전주 여행,11,동선,NNG
전주 여행,11,기준,NNG
전주 여행,11,처음,NNG
전주 여행,11,방문,NNG
전주 여행,11,한옥,NNG
전주 여행,11,마을,NNG
전주 여행,11,입구,NNG
전주 여행,11,기준점,NNG
전주 여행,11,으로,JKB
전주 여행,11,역사,NNG
전주 여행,11,명소,NNG
전주 여행,11,먼저,MAG
전주 여행,11,남부,NNG
전주 여행,11,시장,NNG
전주 여행,11,방향,NNG
전주 여행,11,으로,JKB
전주 여행,11,빠지,VV
전주 여행,11,순서,NNG
전주 여행,11,가장,MAG
전주 여행,11,이해,NNG
전주 여행,11,습니다,EF
전주 여행,11,한옥마을,NNP
전주 여행,11,안팎,NNG
전주 여행,11,주요,NNG
전주 여행,11,지점,NNG
전주 여행,11,도보,NNG
전주 여행,11,모여,VV+EC
전주 여행,11,동선,NNG
전주 여행,12,안녕,NNG
전주 여행,12,세용,EP+EF
전주 여행,12,여름휴가,NNG
전주 여행,12,다녀왔,VV+EP
전주 여행,12,어요,EF
전주 여행,12,사실,MAG
전주 여행,12,속초,NNG
전주 여행,12,는데,EC
전주 여행,12,남자,NNG
전주 여행,12,친구,NNG
전주 여행,12,예비군,NNG
전주 여행,12,이슈,NNG
전주 여행,12,다녀왔,VV+EP
전주 여행,12,어요,EF
전주 여행,12,srt,SL
전주 여행,12,주로,MAG
전주 여행,12,이제,MAG
전주 여행,12,ktx,SL
전주 여행,12,통합,NNG
전주 여행,12,된다고,XSV+EC
전주 여행,12,더라구요,EF
전주 여행,12,도착,NNG
전주 여행,12,자마자,EC
전주 여행,13,한옥마을,NNP
전주 여행,13,최명희,NNP
전주 여행,13,문학관,NNG
전주 여행,13,부터,JX
전주 여행,13,전통술,NNG
전주 여행,13,박물관,NNG
전주 여행,13,까지,JX
전주 여행,13,한옥마을,NNP
전주 여행,13,경기전,NNG
전주 여행,13,한옥마을,NNP
전주 여행,13,한옥마을,NNP
전주 여행,13,이어,NNG
전주 여행,13,봅니다,VV+EC
전주 여행,13,보통,NNG
전주 여행,13,태조,NNG
전주 여행,13,어진,NNG
전주 여행,13,모신,VV+ETM
전주 여행,13,경기전,NNG
전주 여행,13,이나,JC
전주 여행,13,어진,NNG
전주 여행,13,박물관,NNG
전주 여행,13,한옥,NNG
전주 여행,13,마을,NNG
전주 여행,13,내려다보,VV
전주 여행,13,오목,MAG
전주 여행,13,은행나무,NNG
전주 여행,13,근사,XR
전주 여행,13,향교,NNG
전주 여행,14,주영,NNG
전주 여행,14,거리,XSV
전주 여행,14,스페인,NNP
전주 여행,14,요리,NNP
전주 여행,14,스타,NNG
전주 여행,14,클라이너,NNP
전주 여행,14,메가,NNP
전주 여행,14,박스,NNG
전주 여행,14,영화,NNG
전주 여행,14,색다른,VA+ETM
전주 여행,14,영화,NNG
전주 여행,14,거리,NNG
전주 여행,14,객사,NNG
전주 여행,14,에서,JKB
전주 여행,14,메가,NNP
전주 여행,14,박스,NNP
전주 여행,14,클라이너,NNP
전주 여행,14,스타,NNG
전주 여행,14,스페인,NNP
전주 여행,14,요리,NNG
전주 여행,14,이용,NNG
전주 여행,14,어요,EF
전주 여행,14,이번,NNG
전주 여행,14,소식,NNG
전주 여행,14,간혹,MAG
전주 여행,14,내린,VV+ETM
전주 여행,14,때문,NNB
전주 여행,14,관광,NNG
전주 여행,14,보다,JKB
전주 여행,14,주변,NNG
전주 여행,14,현지,NNG
전주 여행,14,이용,NNG
전주 여행,14,주된,VV+ETM
전주 여행,14,어요,EF
전주 여행,15,친구,NNG
전주 여행,15,끼리,XSN
전주 여행,15,노송,NNG
전주 여행,15,루프,NNG
전주 여행,15,에서,JKB
전주 여행,15,예약,NNG
전주 여행,15,노송,NNG
전주 여행,15,빌리,VV
전주 여행,15,비앤비,NNP
전주 여행,15,예약,NNG
전주 여행,15,노송,NNG
전주 여행,15,노송,NNG
전주 여행,15,별장,NNG
전주 여행,15,독채,NNG
전주 여행,15,숙소,NNG
전주 여행,15,가족,NNG
전주 여행,15,숙소,NNG
전주 여행,15,단체,NNG
전주 여행,15,숙소,NNG
전주 여행,15,감성,NNG
전주 여행,15,숙소,NNG
전주 여행,15,한옥,NNG
전주 여행,15,마을,NNG
전주 여행,15,숙소,NNG
전주 여행,15,숙소,NNG
전주 여행,15,추천,NNG
전주 여행,15,루프,NNG
전주 여행,15,숙소,NNG
전주 여행,15,친구,NNG
전주 여행,15,모임,NNG
전주 여행,16,26,SN
전주 여행,16,08,SN
전주 여행,16,14,SN
전주 여행,16,진안,NNG
전주 여행,16,다가,EC
전주 여행,16,까지,JX
전주 여행,16,당일,NNG
전주 여행,16,해결,NNG
전주 여행,16,커플,NNG
전주 여행,16,오늘,NNG
전주 여행,16,진안,NNG
전주 여행,16,갑작스럽,VA
전주 여행,16,당일치기,NNG
전주 여행,16,공주,NNG
전주 여행,16,휴게소,NNG
전주 여행,16,들려,VV+EC
전주 여행,16,대왕,NNG
전주 여행,16,다람쥐,NNG
전주 여행,16,구경,NNG
전주 여행,16,어린아이,NNG
전주 여행,16,의도,NNG
전주 여행,16,뭘까,NP+VCP+EC
전주 여행,16,냄새,NNG
전주 여행,16,100,SN
전주 여행,16,라는,ETM
전주 여행,16,리만,NNP
전주 여행,16,이것,NP
전주 여행,17,워커,NNG
전주 여행,17,초코,NNP
전주 여행,17,허니,NNP
전주 여행,17,밀크,NNP
전주 여행,17,카페,NNP
전주 여행,17,라떼,NNG
전주 여행,17,워커,NNG
전주 여행,17,비허,VV
전주 여행,17,커피,NNG
전주 여행,17,후기,NNG
전주 여행,17,우연히,MAG
전주 여행,17,만난,VV+ETM
전주 여행,17,감각,NNG
전주 여행,17,테마,NNG
전주 여행,17,카페,NNG
전주 여행,17,워커,NNG
전주 여행,17,후기,NNG
전주 여행,17,사진,NNG
전주 여행,17,워커,NNG
전주 여행,17,기본,NNG
전주 여행,17,정보,NNG
전주 여행,17,전주시,NNP
전주 여행,17,완산구,NNP
전주 여행,17,팔달,NNG
전주 여행,17,133,SN
전주 여행,17,영업시간,NNG
전주 여행,17,10,SN
전주 여행,17,00,SN
전주 여행,17,18,SN
전주 여행,17,00,SN
전주 여행,17,라스트,NNG
전주 여행,17,오더,NNG
전주 여행,17,17,SN
전주 여행,17,30,SN
전주 여행,17,정기,NNG
전주 여행,17,휴무,NNG
전주 여행,17,매주,NNG
전주 여행,17,화요일,NNG
전주 여행,18,한옥마을,NNP
전주 여행,18,애견,NNG
전주 여행,18,동반,NNG
전주 여행,18,숙소,NNG
전주 여행,18,체험,NNG
전주 여행,18,반려,NNG
전주 여행,18,견과,NNG
전주 여행,18,즐거워졌,VA+EC+VX+EP
전주 여행,18,고민,NNG
전주 여행,18,라면,EC
전주 여행,18,한옥마을,NNP
전주 여행,18,애견,NNG
전주 여행,18,동반,NNG
전주 여행,18,숙소,NNG
전주 여행,18,라고,EC
전주 여행,18,추천,NNG
전주 여행,18,한옥마을,NNP
전주 여행,18,애견,NNG
전주 여행,18,동반,NNG
전주 여행,18,숙소,NNG
전주 여행,18,애견,NNG
전주 여행,18,동반,NNG
전주 여행,18,숙소,NNG
전주 여행,18,체험,NNG
전주 여행,18,절약,NNG
전주 여행,18,강아지,NNG
전주 여행,18,협찬,NNG
전주 여행,18,플러스,NNG
전주 여행,18,체험,NNG
전주 여행,18,단추,NNG
전주 여행,18,숙박,NNG
전주 여행,18,체험,NNG
전주 여행,18,반려,NNG
전주 여행,19,미곡,NNG
전주 여행,19,스터리,NNP
전주 여행,19,대형,NNG
전주 여행,19,감성,NNG
전주 여행,19,카페,NNP
전주 여행,19,테슬라,NNP
전주 여행,19,슈퍼차저,NNP
전주 여행,19,갤러리,NNG
전주 여행,19,저희,NP
전주 여행,19,처럼,JKB
전주 여행,19,마지막,NNG
전주 여행,19,들러서,VV+EC
전주 여행,19,커피,NNG
전주 여행,19,마시,VV
전주 여행,19,동안,NNG
전주 여행,19,충전,NNG
전주 여행,19,충전,NNG
전주 여행,19,고속도,NNG
전주 여행,19,으로,JKB
전주 여행,19,동선,NNG
전주 여행,19,테슬라,NNP
전주 여행,19,라면,EC
전주 여행,19,카페,NNG
전주 여행,19,충전,NNG
전주 여행,19,해결,NNG
전주 여행,19,다는,ETM
전주 여행,19,장점,NNG
전주 여행,20,2026,SN
전주 여행,20,가을,NNG
전주 여행,20,여행지,NNG
전주 여행,20,추천,NNG
전주 여행,20,국내,NNG
전주 여행,20,코스,NNG
전주 여행,20,경비,NNG
전주 여행,20,정리,NNG
전주 여행,20,가을,NNG
전주 여행,20,가을,NNG
전주 여행,20,여행지,NNG
전주 여행,20,추천,NNG
전주 여행,20,국내,NNG
전주 여행,20,가을,NNG
전주 여행,20,국내,NNG
전주 여행,20,국내,NNG
전주 여행,20,여행지,NNG
전주 여행,20,추천,NNG
전주 여행,20,국내,NNG
전주 여행,20,가을,NNG
전주 여행,20,2026,SN
전주 여행,20,가을,NNG
전주 여행,20,단풍,NNG
전주 여행,20,단풍,NNG
전주 여행,20,명소,NNG
전주 여행,20,가을,NNG
전주 여행,20,단풍,NNG
전주 여행,20,명소,NNG
전주 여행,21,한옥마을,NNP
전주 여행,21,어린이,NNG
전주 여행,21,체험,NNG
전주 여행,21,부산,NNP
전주 여행,21,에서,JKB
전주 여행,21,초등학생,NNG
전주 여행,21,아이,NNG
전주 여행,21,어린이,NNG
전주 여행,21,실내,NNG
전주 여행,21,체험,NNG
전주 여행,21,아이,NNG
전주 여행,21,부산,NNP
전주 여행,21,어린이,NNG
전주 여행,21,체험,NNG
전주 여행,21,여름,NNG
전주 여행,21,방학,NNG
전주 여행,21,체험,NNG
전주 여행,21,문화,NNG
전주 여행,21,누리,NNG
전주 여행,21,카드,NNG
전주 여행,21,맹점,NNG
전주 여행,21,물레,NNG
전주 여행,21,체험,NNG
전주 여행,21,한옥마을,NNP
전주 여행,21,온누리,NNP
전주 여행,21,상품권,NNG
전주 여행,21,가맹점,NNG
전주 여행,21,도자기,NNG
전주 여행,21,물레,NNG
전주 여행,21,체험,NNG
전주 여행,21,우도,NNG
전주 여행,21,예공,NNG
전주 여행,22,가족,NNG
전주 여행,22,실속,NNG
전주 여행,22,아이,NNG
전주 여행,22,숙소,NNG
전주 여행,22,노송,NNG
전주 여행,22,별장,NNG
전주 여행,22,비앤비,NNP
전주 여행,22,예약,NNG
전주 여행,22,노송,NNG
전주 여행,22,별장,NNG
전주 여행,22,노송,NNG
전주 여행,22,키즈,NNP
전주 여행,22,숙소,NNG
전주 여행,22,주아,NNG
전주 여행,22,이랑,JC
전주 여행,22,숙소,NNG
전주 여행,22,가족,NNG
전주 여행,22,숙소,NNG
전주 여행,22,독채,NNG
전주 여행,22,숙소,NNG
전주 여행,22,키즈,NNP
전주 여행,22,펜션,NNG
전주 여행,22,아이,NNG
전주 여행,22,가족,NNG
전주 여행,22,키즈,NNP
전주 여행,22,숙소,NNG
전주 여행,22,추천,NNP
전주 여행,22,한옥,NNG
전주 여행,22,마을,NNG
전주 여행,22,숙소,NNG
전주 여행,23,당일치기,NNG
전주 여행,23,코스,NNG
전주 여행,23,따라,VV+EC
전주 여행,23,보인,VV+ETM
전주 여행,23,뜻밖,NNG
전주 여행,23,풍경,NNG
전주 여행,23,당일치기,NNG
전주 여행,23,코스,NNG
전주 여행,23,따라,VV+EC
전주 여행,23,보인,VV+ETM
전주 여행,23,뜻밖,NNG
전주 여행,23,풍경,NNG
전주 여행,23,한옥마을,NNP
전주 여행,23,맛있,VA
전주 여행,23,음식,NNG
전주 여행,23,으로,JKB
전주 여행,23,알려진,VV+EC+VX+ETM
전주 여행,23,도시,NNG
전주 여행,23,라서,VCP+EC
전주 여행,23,시간,NNG
전주 여행,23,동안,NNG
전주 여행,23,알차,VA
전주 여행,23,즐길,VV+ETM
전주 여행,23,입니다,VCP+EF
전주 여행,23,얼마,NNG
전주 여행,23,당일,NNG
전주 여행,23,다녀왔,VV+EP
전주 여행,23,는데,EC
전주 여행,24,메르,NNP
전주 여행,24,진미,NNG
전주 여행,24,한옥마을,NNP
전주 여행,24,맛집,NNG
전주 여행,24,웨이팅,NNG
전주 여행,24,주차,NNG
전주 여행,24,정보,NNG
전주 여행,24,한옥마을,NNP
전주 여행,24,면서,EC
전주 여행,24,평범,XR
전주 여행,24,소바,NNP
전주 여행,24,색다른,VA+ETM
전주 여행,24,메밀,NNG
전주 여행,24,메뉴,NNG
전주 여행,24,다면,EC
전주 여행,24,들러볼,VV+EC+VX+ETM
전주 여행,24,맛집,NNG
전주 여행,24,한옥마을,NNP
전주 여행,24,맛집,NNG
전주 여행,24,메르,NNP
전주 여행,24,진미,NNG
전주 여행,24,메르,NNP
전주 여행,24,진미,NNG
전주 여행,24,본점,NNG
전주 여행,24,소바,NNP
전주 여행,24,메밀,NNG
전주 여행,24,소바,NNP
전주 여행,25,베테랑,NNG
전주 여행,25,칼국수,NNG
전주 여행,25,46,SN
전주 여행,25,전통,NNG
전주 여행,25,한옥마을,NNP
전주 여행,25,터줏대감,NNG
전주 여행,25,맛집,NNG
전주 여행,25,다녀왔,VV+EP
전주 여행,25,어요,EF
전주 여행,25,1977,SN
전주 여행,25,부터,JX
전주 여행,25,자리,NNG
전주 여행,25,지켜온,VV+EC+VX+ETM
전주 여행,25,다니,VV
전주 여행,25,면서,EC
전주 여행,25,이름,NNG
전주 여행,25,많이,MAG
전주 여행,25,는데,EC
전주 여행,25,이번,NNG
전주 여행,25,드디어,MAG
전주 여행,25,직접,MAG
전주 여행,25,어요,EF
전주 여행,25,위치,NNG
전주 여행,25,영업시간,NNG
전주 여행,25,위치,NNG
전주 여행,25,전북,NNP
전주 여행,25,전주시,NNP
전주 여행,25,완산구,NNP
전주 여행,25,경기전,NNG
전주 여행,25,135,SN
전주 여행,25,성심,NNG
전주 여행,25,여고,NNG
전주 여행,25,정문,NNG
전주 여행,25,영업시간,NNG
전주 여행,25,매일,NNG
전주 여행,26,2025,SN
전주 여행,26,전북,NNP
전주 여행,26,위한,VV+ETM
전주 여행,26,필수,NNG
전주 여행,26,문지,NNG+VCP+EC
전주 여행,26,사용,NNG
전주 여행,26,시나리오,NNG
전주 여행,26,서울,NNP
전주 여행,26,에서,JKB
전주 여행,26,전북,NNP
전주 여행,26,으로,JKB
전주 여행,26,주말,NNG
전주 여행,26,계획,NNG
전주 여행,26,친구,NNG
전주 여행,26,함께,MAG
전주 여행,26,한다고,VV+EC
전주 여행,26,가정,NNG
전주 여행,26,세요,EP+EF
전주 여행,26,오전,NNG
전주 여행,26,10,SN
전주 여행,26,출발,NNG
전주 여행,26,도착,NNG
전주 여행,26,비빔밥,NNG
전주 여행,26,점심,NNG
전주 여행,26,으로,JKB
전주 여행,26,오후,NNG
전주 여행,26,막걸리,NNG
전주 여행,26,여유,NNG
전주 여행,26,로운,XSA+ETM
전주 여행,26,시간,NNG
전주 여행,27,방문,NNG
전주 여행,27,칼국수,NNG
전주 여행,27,맛집,NNG
전주 여행,27,베테랑,NNG
전주 여행,27,칼국수,NNG
전주 여행,27,친구,NNG
전주 여행,27,에서,JKB
전주 여행,27,유명,XR
전주 여행,27,베테랑,NNG
전주 여행,27,칼국수,NNG
전주 여행,27,정했,VV+EP
전주 여행,27,습니다,EF
전주 여행,27,완전,MAG
전주 여행,27,더운,VA+ETM
전주 여행,27,여름,NNG
전주 여행,27,방문,NNG
전주 여행,27,는데,EC
전주 여행,27,더라구요,EF
전주 여행,27,시원,XR
전주 여행,27,콩국수,NNG
전주 여행,27,간절,XR
전주 여행,27,매일,MAG
전주 여행,27,00,SN
전주 여행,27,20,SN
전주 여행,27,00,SN
전주 여행,27,매장,MAG
전주 여행,27,바로,MAG
전주 여행,27,전용,NNG
전주 여행,27,주차,NNG
전주 여행,27,공간,NNG
전주 여행,28,동선,NNG
전주 여행,28,여유,NNG
전주 여행,28,모두,MAG
전주 여행,28,숙소,NNG
전주 여행,28,에서,JKB
전주 여행,28,시간,NNG
전주 여행,28,에서,JKB
전주 여행,28,숙소,NNG
전주 여행,28,의미,NNG
전주 여행,28,라는,VCP+ETM
전주 여행,28,도시,NNG
전주 여행,28,골목,NNG
전주 여행,28,마다,JX
전주 여행,28,특유,NNG
전주 여행,28,정취,NNG
전주 여행,28,덕분,NNG
전주 여행,28,계획,NNG
전주 여행,28,없이,MAG
전주 여행,28,해도,VV+EC
전주 여행,28,즐거운,VA+ETM
전주 여행,28,준비,NNG
전주 여행,28,면서,EC
전주 여행,28,가장,MAG
전주 여행,28,고민,NNG
전주 여행,28,부분,NNG
전주 여행,28,역시,NNG
전주 여행,28,잠자리,NNG
전주 여행,28,대한,VV+ETM
전주 여행,28,결정,NNG
전주 여행,28,어요,EF
전주 여행,29,600,SN
전주 여행,29,역사,NNG
전주 여행,29,목대,NNG
전주 여행,29,목대,NNG
전주 여행,29,목대,NNG
전주 여행,29,목대,NNG
전주 여행,29,목대,NNG
전주 여행,29,주이,NNG
전주 여행,29,목대,NNG
전주 여행,29,한옥마을,NNP
전주 여행,29,한옥마을,NNP
전주 여행,29,코스,NNG
전주 여행,29,명소,NNG
전주 여행,29,역사,NNG
전주 여행,29,문화유산,NNG
전주 여행,29,문화재,NNG
전주 여행,29,조선왕조,NNP
전주 여행,29,조선왕조,NNP
전주 여행,29,역사,NNG
전주 여행,29,태조,NNP
전주 여행,29,이성계,NNP
전주 여행,30,남부,NNG
전주 여행,30,시장,NNG
전주 여행,30,한옥,NNG
전주 여행,30,마을,NNG
전주 여행,30,야시장,NNG
전주 여행,30,탐방,NNG
전주 여행,30,거리,XSV
전주 여행,30,조점,NNG
전주 여행,30,피순대,NNG
전주 여행,30,맛집,NNG
전주 여행,30,남부,NNG
전주 여행,30,시장,NNG
전주 여행,30,남부,NNG
전주 여행,30,시장,NNG
전주 여행,30,시장,NNG
전주 여행,30,한옥마을,NNP
전주 여행,30,야시장,NNG
전주 여행,30,먹거리,NNG
전주 여행,30,먹방,NNG
전주 여행,30,거리,XSV
전주 여행,30,거리,XSV
전주 여행,30,바게트,NNG
전주 여행,30,버거,NNG
전주 여행,30,조점,NNG
전주 여행,30,남문,NNG
전주 여행,30,피순대,NNG
전주 여행,30,조점,NNG
전주 여행,30,피순대,NNG
전주 여행,30,피순대,NNG
전주 여행,30,닭강정,NNP
전주 여행,30,코스,NNG
전주 여행,31,부산,NNP
전주 여행,31,전포,NNG
전주 여행,31,소바,NNP
전주 여행,31,맛집,NNG
전주 여행,31,메르,NNP
전주 여행,31,진미,NNG
전주 여행,31,에서,JKB
전주 여행,31,만난,VV+ETM
전주 여행,31,정갈,XR
전주 여행,31,요리,NNG
전주 여행,31,미식,NNG
전주 여행,31,타지,NNG
전주 여행,31,에서,JKB
전주 여행,31,느꼈,VV+EP
전주 여행,31,담백,XR
전주 여행,31,메밀,NNG
전주 여행,31,향기,NNG
전주 여행,31,부산,NNP
전주 여행,31,도심,NNG
전주 여행,31,복판,NNG
전주 여행,31,에서,JKB
전주 여행,31,마주,MAG
전주 여행,31,여유,NNG
전주 여행,31,즐겼,VV+EP
전주 여행,31,습니다,EF
전주 여행,31,기억,NNG
전주 여행,31,머무,VV
전주 여행,31,장소,NNG
전주 여행,31,에서,JKB
전주 여행,31,우연히,MAG
전주 여행,31,마주했,VV+EP
전주 여행,31,메밀,NNG
전주 여행,31,소바,NNP
전주 여행,31,정갈,XR
전주 여행,31,오랫동안,NNG
전주 여행,31,마음,NNG
전주 여행,31,한구석,NNG
전주 여행,32,아늑,XR
전주 여행,32,호텔,NNG
전주 여행,32,숙박,NNG
전주 여행,32,후기,NNG
전주 여행,32,가성,NNG
전주 여행,32,시설,NNG
전주 여행,32,모두,MAG
전주 여행,32,갖춘,VV+ETM
전주 여행,32,완벽,NNG
전주 여행,32,관광지,NNG
전주 여행,32,접근성,NNG
전주 여행,32,까지,JX
전주 여행,32,완벽,NNG
전주 여행,32,위치,NNG
전주 여행,32,이동,NNG
전주 여행,32,편리,NNG
전주 여행,32,어요,EF
전주 여행,32,호텔,NNG
전주 여행,32,위치,NNG
전주 여행,32,정말,MAG
전주 여행,32,아서,EC
전주 여행,32,최적,NNG
전주 여행,32,입니다,VCP+EF
전주 여행,32,유명,XR
전주 여행,32,명소,NNG
전주 여행,32,맛집,NNG
전주 여행,32,가까워서,VA+EC
전주 여행,32,돌아다니,VV
전주 여행,32,아주,MAG
전주 여행,32,편리,NNG
전주 여행,32,더라고요,EC
전주 여행,32,특히,MAG
전주 여행,32,근처,NNG
전주 여행,33,풍미,NNG
전주 여행,33,그대로,MAG
전주 여행,33,이어,MAG
전주 여행,33,부산,NNP
전주 여행,33,전포,NNG
전주 여행,33,콩국수,NNG
전주 여행,33,맛집,NNG
전주 여행,33,복잡,XR
전주 여행,33,서면,NNG
전주 여행,33,중심가,NNG
전주 여행,33,보다,JKB
전주 여행,33,조금,MAG
전주 여행,33,여유,NNG
전주 여행,33,느껴,VV+EC
전주 여행,33,거리,NNG
전주 여행,33,공기,NNG
전주 여행,33,분위기,NNG
전주 여행,33,더욱,MAG
전주 여행,33,만듭니다,VV+EC
전주 여행,33,본점,NNG
전주 여행,33,고스란히,MAG
전주 여행,33,옮겨온,VV+EC+VX+ETM
전주 여행,33,노력,NNG
전주 여행,33,오랜,MM
전주 여행,33,역사,NNG
전주 여행,33,알려진,VV+EC+VX+ETM
전주 여행,33,본점,NNG
전주 여행,33,타지,NNG
전주 여행,33,에서,JKB
전주 여행,33,그대로,MAG
전주 여행,34,추석,NNG
전주 여행,34,KTX,SL
전주 여행,34,예매,NNG
전주 여행,34,노선,NNG
전주 여행,34,부터,JX
전주 여행,34,틀리,VA
전주 여행,34,어쩌,VV
전주 여행,34,2026,SN
전주 여행,34,추석,NNG
전주 여행,34,승차,NNG
전주 여행,34,정보,NNG
전주 여행,34,국제,NNG
전주 여행,34,뉴스,NNG
전주 여행,34,전달,NNG
전주 여행,34,pickpick,SL
전주 여행,34,입니다,VCP+EF
전주 여행,34,전라도,NNP
전주 여행,34,승차,NNG
전주 여행,34,예매,NNG
전주 여행,34,시작,NNG
전주 여행,34,매년,MAG
전주 여행,34,지만,VCP+EC
전주 여행,34,코레,NNG
전주 여행,34,통합,NNG
전주 여행,34,여정,NNG
전주 여행,34,등록,NNG
전주 여행,34,시스템,NNG
전주 여행,34,바꼈,VV+EP
전주 여행,34,사진,NNG
전주 여행,34,훔볼트,NNP
전주 여행,34,자유,NNG
전주 여행,34,2026,SN
전주 여행,34,추석,NNG
전주 여행,34,광주,NNP
전주 여행,34,목포,NNP
전주 여행,34,여수로,NNG
전주 여행,35,본점,NNG
전주 여행,35,풍미,NNG
전주 여행,35,부산,NNP
전주 여행,35,전포,NNG
전주 여행,35,메밀,NNG
전주 여행,35,소바,NNP
전주 여행,35,에서,JKB
전주 여행,35,마주,MAG
전주 여행,35,멀리,MAG
전주 여행,35,아도,EC
전주 여행,35,익숙,XR
전주 여행,35,즐기,VV
전주 여행,35,공간,NNG
전주 여행,35,에서,JKB
전주 여행,35,정갈,XR
전주 여행,35,점심,NNG
전주 여행,35,식사,NNG
전주 여행,35,본점,NNG
전주 여행,35,부산,NNP
전주 여행,35,에서,JKB
전주 여행,35,만나,VV
전주 여행,35,반가움,NNG
전주 여행,35,에서,JKB
전주 여행,35,기억,NNG
전주 여행,35,메밀,NNG
전주 여행,35,가까운,VA+ETM
전주 여행,35,도심,NNG
전주 여행,35,에서,JKB
전주 여행,35,다시,MAG
전주 여행,35,마주,MAG
전주 여행,35,다는,ETM
전주 여행,35,사실,NNG
전주 여행,35,무척,MAG
전주 여행,36,자매,NNG
전주 여행,36,갈비,NNG
전주 여행,36,전골,NNG
전주 여행,36,제일,NNG
전주 여행,36,한옥마을,NNP
전주 여행,36,금암,NNG
전주 여행,36,면옥,NNG
전주 여행,36,당근,NNG
전주 여행,36,많이,MAG
전주 여행,36,맛있,VA
전주 여행,36,근데,MAJ
전주 여행,36,당근,NNG
전주 여행,36,질려서,VV+EC
전주 여행,36,충분,XR
전주 여행,36,이렇게,MAG
전주 여행,36,우리,NP
전주 여행,36,임신,NNG
전주 여행,36,체력,NNG
전주 여행,36,어서,EC
전주 여행,36,많이,MAG
전주 여행,36,돌아다닌,VV+ETM
전주 여행,36,남편,NNG
전주 여행,36,에겐,JKB+JX
전주 여행,37,현지,NNG
전주 여행,37,맛집,NNG
전주 여행,37,BEST,SL
전주 여행,37,집총,NNG
전주 여행,37,정리,NNP
전주 여행,37,먹거리,NNG
전주 여행,37,오늘,NNG
전주 여행,37,여행객,NNG
전주 여행,37,아니,VCN
전주 여행,37,현지,NNG
전주 여행,37,식사,NNG
전주 여행,37,술자리,NNG
전주 여행,37,메뉴,NNG
전주 여행,37,정리,NNG
전주 여행,37,습니다,EF
전주 여행,37,현지,NNG
전주 여행,37,맛집,NNG
전주 여행,37,BEST,SL
전주 여행,37,콩나물국,NNG
전주 여행,37,현대,NNG
전주 여행,37,본점,NNG
전주 여행,37,콩나물국,NNG
전주 여행,37,이야기,NNG
전주 여행,38,크러스트,NNG
전주 여행,38,객리,NNG
전주 여행,38,디저트,NNG
전주 여행,38,맛집,NNG
전주 여행,38,주말,NNG
전주 여행,38,포장,NNG
전주 여행,38,후기,NNG
전주 여행,38,오늘,NNG
전주 여행,38,마지막,NNG
전주 여행,38,돌아오,VV
전주 여행,38,잠시,MAG
전주 여행,38,들러,VV+EC
전주 여행,38,포장,NNG
전주 여행,38,베이커리,NNP
전주 여행,38,맛집,NNG
전주 여행,38,소개,NNG
전주 여행,38,려고,EC
전주 여행,38,합니다,VX+EF
전주 여행,38,객사,NNG
전주 여행,38,객리,NNG
전주 여행,38,위치,NNG
전주 여행,38,디저트,NNG
전주 여행,38,맛집,NNG
전주 여행,38,크러스트,NNG
전주 여행,38,인데요,VCP+EF
전주 여행,38,부터,JX
전주 여행,38,저장,NNG
전주 여행,39,경성,NNP
전주 여행,39,살롱,NNG
전주 여행,39,완주,NNG
전주 여행,39,오늘,NNG
전주 여행,39,근교,NNG
전주 여행,39,에서,JKB
전주 여행,39,아주,MAG
전주 여행,39,특별,NNG
전주 여행,39,시간,NNG
전주 여행,39,떠날,VV+ETM
전주 여행,39,이색,NNG
전주 여행,39,감성,NNG
전주 여행,39,카페,NNG
전주 여행,39,소개,NNG
전주 여행,39,드리,VX
전주 여행,39,려고,EC
전주 여행,39,해요,VX+EF
전주 여행,39,바로,MAG
전주 여행,39,완주,NNP
전주 여행,39,봉동,NNP
전주 여행,39,만경,NNP
전주 여행,39,강변,NNG
전주 여행,39,위치,NNG
전주 여행,39,경성,NNP
전주 여행,39,살롱,NNG
전주 여행,39,완주,NNG
전주 여행,39,입니다,VCP+EF
전주 여행,39,드라마,NNG
전주 여행,39,미스터,NNP
전주 여행,39,샤인,NNP
전주 여행,39,이나,JC
전주 여행,39,경성,NNP
전주 여행,39,크리,NNP
전주 여행,40,26,SN
전주 여행,40,상반기,NNG
전주 여행,40,변천사,NNP
전주 여행,40,책보,NNG
전주 여행,40,책방,NNG
전주 여행,40,사장,NNG
전주 여행,40,오래,VA
전주 여행,40,도록,EC
전주 여행,40,건강,NNG
전주 여행,40,세요,EP+EF
전주 여행,40,돌아가,VV
전주 여행,40,기분,NNG
전주 여행,40,사진,NNG
전주 여행,40,초코파이,NNP
전주 여행,40,한가득,MAG
전주 여행,40,내렸,VV+EP
전주 여행,40,어요,EF
전주 여행,40,설탕,NNG
전주 여행,40,처럼,JKB
전주 여행,40,초코파이,NNP
전주 여행,40,왕창,MAG
전주 여행,40,마라톤,NNG
전주 여행,40,인지,VCP+EC
전주 여행,40,인지,VCP+EC
전주 여행,41,한옥마을,NNP
전주 여행,41,맛집,NNG
전주 여행,41,외할머니,NNG
전주 여행,41,솜씨,NNG
전주 여행,41,인생,NNG
전주 여행,41,수정,NNG
전주 여행,41,흑임자,NNG
전주 여행,41,빙수,NNG
전주 여행,41,외할머니,NNG
전주 여행,41,솜씨,NNG
전주 여행,41,흑임자,NNG
전주 여행,41,빙수,NNG
전주 여행,41,흑임자,NNG
전주 여행,41,빙수,NNG
전주 여행,41,팥빙수,NNP
전주 여행,41,빙수,NNG
전주 여행,41,맛집,NNG
전주 여행,41,디저트,NNG
전주 여행,41,맛집,NNG
전주 여행,41,카페,NNG
전주 여행,41,가족,NNG
전주 여행,41,아이,NNG
전주 여행,41,아이,NNG
전주 여행,41,코스,NNG
전주 여행,41,한옥마을,NNP
전주 여행,41,아이,NNG
전주 여행,42,가을,NNG
전주 여행,42,미식,NNG
전주 여행,42,성지,NNG
전주 여행,42,찌우,VV
전주 여행,42,먹거리,NNG
전주 여행,42,가을,NNG
전주 여행,42,에서,JKB
전주 여행,42,뜨끈,XR
전주 여행,42,국물,NNG
전주 여행,42,생각나,VV
전주 여행,42,는데,EC
전주 여행,42,오늘,NNG
전주 여행,42,필수,NNG
전주 여행,42,먹거리,NNG
전주 여행,42,소개,NNG
전주 여행,42,합니다,XSV+EC
전주 여행,42,01,SN
전주 여행,42,전주비빔밥,NNG
전주 여행,42,가을,NNG
전주 여행,42,미식,NNG
전주 여행,42,메뉴,NNG
전주 여행,42,역시,MAJ
전주 여행,42,전주비빔밥,NNG
전주 여행,42,여러,MM
전주 여행,42,가지,NNBC
전주 여행,42,나물,NNG
전주 여행,42,고소,XR
전주 여행,42,육회,NNG
전주 여행,43,코스,NNG
전주 여행,43,한옥마을,NNP
전주 여행,43,맛집,NNG
전주 여행,43,일정,NNG
전주 여행,43,위스키,NNG
전주 여행,43,첫날,NNG
전주 여행,43,마무리,NNG
전주 여행,43,점심,NNG
전주 여행,43,으로,JKB
전주 여행,43,대국,NNG
전주 여행,43,위해,VV+EC
전주 여행,43,열심히,MAG
전주 여행,43,걸어갑니다,VV+EF
전주 여행,43,피순대,NNG
전주 여행,43,맛집,NNG
전주 여행,43,지만,EC
전주 여행,43,에서,JKB
전주 여행,43,고른,VA+ETM
전주 여행,43,조점,NNG
전주 여행,43,피순대,NNG
전주 여행,43,피순대,NNG
전주 여행,43,으로,JKB
전주 여행,43,시켰,VV+EP
전주 여행,43,어요,EF
전주 여행,44,한옥마을,NNP
전주 여행,44,맛집,NNG
전주 여행,44,먹거리,NNG
전주 여행,44,간식,NNG
전주 여행,44,닭강정,NNP
전주 여행,44,후기,NNG
전주 여행,44,따뜻,XR
전주 여행,44,시간,NNG
전주 여행,44,조금,MAG
전주 여행,44,지난,VV+ETM
전주 여행,44,었었,EP
전주 여행,44,는데,EC
전주 여행,44,개인,NNG
전주 여행,44,으로,JKB
전주 여행,44,맛있,VA
전주 여행,44,다는,ETM
전주 여행,44,와서,VV+EC
전주 여행,44,한옥마을,NNP
전주 여행,44,먹거리,NNG
전주 여행,44,식당,NNG
전주 여행,44,이렇게,MAG
전주 여행,44,간단,XR
전주 여행,44,포장,NNG
전주 여행,44,해서,XSV+EC
전주 여행,44,즐길,VV+ETM
전주 여행,45,여기,NP
전주 여행,45,무조건,MAG
전주 여행,45,들리,VV
전주 여행,45,한옥마을,NNP
전주 여행,45,전동성당,NNP
전주 여행,45,처음,NNG
전주 여행,45,동생,NNG
전주 여행,45,위해서,VV+EC
전주 여행,45,열심히,MAG
전주 여행,45,전동성당,NNP
전주 여행,45,대해서,VV+EC
전주 여행,45,설명,NNG
전주 여행,45,창가,NNG
전주 여행,45,자리,NNG
전주 여행,45,어서,EC
전주 여행,45,거기,NP
전주 여행,45,아서,EC
전주 여행,45,유쾌,XR
전주 여행,45,동생,NNG
전주 여행,45,함께,MAG
전주 여행,45,으면,EC
전주 여행,45,정말,MAG
전주 여행,45,많이,MAG
전주 여행,45,떠들,VV
전주 여행,45,된답니다,VV+EF
전주 여행,45,이날,NNG
전주 여행,45,얼마나,MAG
전주 여행,45,많이,MAG
전주 여행,46,한옥,NNG
전주 여행,46,마을,NNG
전주 여행,46,숙소,NNG
전주 여행,46,교동,NNG
전주 여행,46,아이,NNG
전주 여행,46,함께,MAG
전주 여행,46,한옥,NNG
전주 여행,46,독채,NNG
전주 여행,46,숙소,NNG
전주 여행,46,특히,MAG
전주 여행,46,아이,NNG
전주 여행,46,함께,MAG
전주 여행,46,한옥마을,NNP
전주 여행,46,한옥,NNG
전주 여행,46,숙소,NNG
전주 여행,46,아요,EF
전주 여행,46,이번,NNG
전주 여행,46,다녀온,VV+ETM
전주 여행,46,한옥,NNG
전주 여행,46,마을,NNG
전주 여행,46,숙소,NNG
전주 여행,46,교동,NNG
전주 여행,46,원래,MAG
전주 여행,46,에서,JKB
전주 여행,46,유명,XR
전주 여행,46,교동,NNG
전주 여행,46,94,SN
전주 여행,46,새롭,VA
전주 여행,46,단장,NNG
전주 여행,46,검증,NNG
전주 여행,46,한옥,NNG
전주 여행,46,숙소,NNG
전주 여행,46,라서,VCP+EC
전주 여행,47,어도,EC
전주 여행,47,맛있,VA
전주 여행,47,전라도,NNP
전주 여행,47,군산,NNP
전주 여행,47,페어,NNG
전주 여행,47,마치,VV
전주 여행,47,내려간,VV+ETM
전주 여행,47,여름휴가,NNG
전주 여행,47,변산반도,NNP
전주 여행,47,변산반도,NNP
전주 여행,47,에서,JKB
전주 여행,47,유명,XR
전주 여행,47,다는,ETM
전주 여행,47,제빵,NNG
전주 여행,47,찐빵,NNG
전주 여행,47,으러,EC
전주 여행,47,백합죽,NNG
전주 여행,47,아점,NNG
전주 여행,47,으로,JKB
전주 여행,47,종류,NNG
전주 여행,47,골랐,VV+EP
전주 여행,47,는데,EC
전주 여행,48,전주호,NNP
전주 여행,48,숙소,NNG
전주 여행,48,는다면,EC
전주 여행,48,편안,NNG
전주 여행,48,스테이,NNP
전주 여행,48,복이,NNP
전주 여행,48,떠난,VV+ETM
전주 여행,48,친구,NNG
전주 여행,48,함께,MAG
전주 여행,48,가족,NNG
전주 여행,48,이나,JC
전주 여행,48,동호회,NNG
전주 여행,48,여러,MM
전주 여행,48,함께,MAG
전주 여행,48,방문,NNG
전주 여행,48,편하,VA
전주 여행,48,머무를,VV+ETM
전주 여행,48,도록,EC
전주 여행,48,준비,NNG
전주 여행,48,습니다,EF
전주 여행,48,특히,MAG
전주 여행,48,20,SN
전주 여행,48,객실,NNG
전주 여행,48,운영,NNG
전주 여행,48,최대,NNG
전주 여행,48,40,SN
전주 여행,48,규모,NNG
전주 여행,49,익숙,XR
전주 여행,49,속아,NNG
전주 여행,49,소중,XR
전주 여행,49,17,SN
전주 여행,49,가만,MAG
전주 여행,49,패딩,NNG
전주 여행,49,는데,EC
전주 여행,49,아빠,NNG
전주 여행,49,마다,JX
전주 여행,49,군밤,NNG
전주 여행,49,장수,NNG
전주 여행,49,다고,EC
전주 여행,49,엉엉,MAG
전주 여행,49,나름,NNB
전주 여행,49,커플,NNG
전주 여행,49,으로,JKB
전주 여행,49,맞춰,VV+EC
전주 여행,49,습니다,EF
전주 여행,49,즐기,VV
전주 여행,49,낭랑,NNG
전주 여행,49,28,SN
전주 여행,49,시네,VV+EP+EC
전주 여행,49,누가,NP+JKS
전주 여행,49,다음,NNG
전주 여행,49,사고,NNG
전주 여행,49,이슈,NNG
전주 여행,50,경기전,NNG
전주 여행,50,전동성당,NNP
전주 여행,50,한옥마을,NNP
전주 여행,50,산책,NNG
전주 여행,50,코스,NNG
전주 여행,50,경기전,NNG
전주 여행,50,전동성당,NNP
전주 여행,50,도보,NNG
전주 여행,50,쉬워서,VA+EC
전주 여행,50,한옥마을,NNP
전주 여행,50,산책,NNG
전주 여행,50,코스,NNG
전주 여행,50,습니다,EF
전주 여행,50,운영,NNG
전주 여행,50,시간,NNG
전주 여행,50,입장료,NNG
전주 여행,50,먼저,MAG
전주 여행,50,확인,NNG
전주 여행,50,훨씬,MAG
전주 여행,50,정돈,NNG
전주 여행,50,흐름,NNG
전주 여행,50,으로,JKB
전주 여행,50,움직일,VV+ETM
전주 여행,50,습니다,EF
전주 여행,50,자세,XR
전주 여행,50,정보,NNG
전주 여행,50,아래,NNG
전주 여행,50,에서,JKB
전주 여행,51,주마,NNG
전주 여행,51,운자,NNG
전주 여행,51,장보관,NNG
전주 여행,51,어떻게,MAG
전주 여행,51,해야,VV+EC
전주 여행,51,할까,VX+EC
전주 여행,51,외출,NNG
전주 여행,51,실온,NNG
전주 여행,51,보관,NNG
전주 여행,51,14,SN
전주 여행,51,00,SN
전주 여행,51,주마,NNG
전주 여행,51,운자,NNG
전주 여행,51,장보관,NNG
전주 여행,51,어떻게,MAG
전주 여행,51,해야,VV+EC
전주 여행,51,할까,VX+EC
전주 여행,51,외출,NNG
전주 여행,51,실온,NNG
전주 여행,51,보관,NNG
전주 여행,51,까지,JX
전주 여행,51,정리,NNP
전주 여행,51,마운,NNP
전주 여행,51,자로,NNG
전주 여행,51,는데,EC
전주 여행,51,에서,JKB
전주 여행,51,어디,NP
전주 여행,51,보관,NNG
전주 여행,51,해야,XSV+EC
전주 여행,51,나요,EC
전주 여행,51,냉장고,NNG
전주 여행,51,건가요,NNB+VCP+EC
전주 여행,52,홀로,MAG
전주 여행,52,일기,NNG
전주 여행,52,홀로,MAG
전주 여행,52,생각,NNG
전주 여행,52,보다,JKB
전주 여행,52,별거,NNG
전주 여행,52,생각,NNG
전주 여행,52,어서,EC
전주 여행,52,생각,NNG
전주 여행,52,비우,VV
전주 여행,52,그거,NP
전주 여행,52,대한,VV+ETM
전주 여행,52,생각,NNG
전주 여행,52,힐링,NNG
전주 여행,52,시간,NNG
전주 여행,52,가졌,VV+EP
전주 여행,52,이제,MAG
전주 여행,52,개강,NNG
전주 여행,52,해서,VV+EC
전주 여행,52,시간,NNG
전주 여행,52,아마,MAG
전주 여행,53,아트,NNG
전주 여행,53,동시,NNG
전주 여행,53,시술,NNG
전주 여행,53,가능,NNG
전주 여행,53,네일,NNG
전주 여행,53,에게,JKB
전주 여행,53,효자,NNG
전주 여행,53,안녕,NNG
전주 여행,53,세요,EP+EF
전주 여행,53,여러분,NP
전주 여행,53,파워,NNG
전주 여행,53,블로그,NNG
전주 여행,53,하늘,NNG
전주 여행,53,에요,EF
전주 여행,53,얼마,NNG
전주 여행,53,친언니,NNG
전주 여행,53,함께,MAG
전주 여행,53,다녀왔,VV+EP
전주 여행,53,어요,EF
전주 여행,53,준비,NNG
전주 여행,53,언니,NNG
전주 여행,53,이번,NNG
전주 여행,53,같이,MAG
전주 여행,53,네일,NNG
전주 여행,53,으면,EC
전주 여행,53,라고,VCP+EC
전주 여행,53,더라구요,EC
전주 여행,54,사람,NNG
전주 여행,54,힘들,VA
전주 여행,54,잖아,EC
전주 여행,54,지쳤,VV+EP
전주 여행,54,다잖아,EF
전주 여행,54,그래,IC
전주 여행,54,도대체,MAG
전주 여행,54,그만,MAG
전주 여행,54,해야,VV+EC
전주 여행,54,잖아,EC
전주 여행,54,다음,NNG
전주 여행,54,갈거라,VV+EC
전주 여행,54,칼국수,NNG
전주 여행,54,예습,NNG
전주 여행,54,는디,EC
전주 여행,54,만두,NNG
전주 여행,54,맛집,NNG
전주 여행,54,저녁,NNG
전주 여행,54,으로,JKB
전주 여행,54,참김,NNG
전주 여행,54,까지,JX
전주 여행,54,픽업,NNG
전주 여행,54,해서,XSV+EC
전주 여행,54,갑니다,VV+EC
전주 여행,54,잠깐,MAG
전주 여행,54,누워,VV+EC
전주 여행,54,다가,EC
전주 여행,54,미용실,NNG
전주 여행,54,뷰티,NNG
전주 여행,54,데이,NNG
전주 여행,54,이제,MAG
전주 여행,54,파마,NNG
전주 여행,54,려구,EC
전주 여행,54,파마,NNG
전주 여행,54,머리,NNG
전주 여행,55,베스트,NNP
전주 여행,55,웨스턴,NNP
전주 여행,55,조식,NNG
전주 여행,55,수영장,NNG
전주 여행,55,주차,NNG
전주 여행,55,체크,NNG
전주 여행,55,헬스,NNG
전주 여행,55,호텔,NNG
전주 여행,55,이용,NNG
전주 여행,55,후기,NNG
전주 여행,55,베스트,NNP
전주 여행,55,웨스턴,NNP
전주 여행,55,베스트,NNP
전주 여행,55,웨스턴,NNP
전주 여행,55,플러스,NNP
전주 여행,55,호텔,NNG
전주 여행,55,한옥,NNG
전주 여행,55,마을,NNG
전주 여행,55,숙소,NNG
전주 여행,55,숙소,NNG
전주 여행,55,숙소,NNG
전주 여행,55,한옥,NNG
전주 여행,55,마을,NNG
전주 여행,55,도보,NNG
전주 여행,55,숙소,NNG
전주 여행,55,특급,NNG
전주 여행,55,호텔,NNG
전주 여행,55,주가,NNG
전주 여행,55,전북,NNG
전주 여행,55,객리,NNG
전주 여행,55,숙소,NNG
전주 여행,55,여기,NP
전주 여행,55,어때,VA+EC
전주 여행,56,아이,NNG
전주 여행,56,겨울,NNG
전주 여행,56,한옥마을,NNP
전주 여행,56,가족,NNG
전주 여행,56,연말,NNG
전주 여행,56,그래서,MAJ
전주 여행,56,이번,NNG
전주 여행,56,겨울,NNG
전주 여행,56,에서,JKB
전주 여행,56,아이,NNG
전주 여행,56,다는,ETM
전주 여행,56,은근히,MAG
전주 여행,56,기대,NNG
전주 여행,56,어요,EF
전주 여행,56,이날,NNG
전주 여행,56,내리,VV
전주 여행,56,지만,EC
전주 여행,56,쌓인,VV+ETM
전주 여행,56,니까,EC
전주 여행,56,아이,NNG
전주 여행,56,괜히,MAG
전주 여행,56,같이,MAG
전주 여행,56,설레,VV
전주 여행,56,더라고요,EC
전주 여행,56,약간,MAG
전주 여행,57,호텔,NNG
전주 여행,57,추천,NNG
전주 여행,57,한옥마을,NNP
전주 여행,57,유럽,NNP
전주 여행,57,감성,NNG
전주 여행,57,가득,MAG
전주 여행,57,오늘,NNG
전주 여행,57,면서,EC
전주 여행,57,정말,MAG
전주 여행,57,마음,NNG
전주 여행,57,숙소,NNG
전주 여행,57,하나,NR
전주 여행,57,소개,NNG
전주 여행,57,려고,EC
전주 여행,57,해요,VX+EF
전주 여행,57,보통,NNG
전주 여행,57,한옥,NNG
전주 여행,57,마을,NNG
전주 여행,57,한옥,NNG
전주 여행,57,숙소,NNG
전주 여행,57,전통,NNG
전주 여행,57,분위기,NNG
전주 여행,57,숙박,NNG
전주 여행,57,시설,NNG
전주 여행,57,먼저,MAG
전주 여행,57,떠올리,VV
전주 여행,57,잖아요,EC+VX+EF
전주 여행,57,에서,JKB
전주 여행,57,숙소,NNG
전주 여행,58,주송,NNG
전주 여행,58,천동,NNG
전주 여행,58,맛집,NNG
전주 여행,58,남각,NNG
전주 여행,58,에서,JKB
전주 여행,58,즐기,VV
전주 여행,58,정갈,XR
전주 여행,58,한정식,NNG
전주 여행,58,코스,NNG
전주 여행,58,가족,NNG
전주 여행,58,함께,MAG
전주 여행,58,방문,NNG
전주 여행,58,송천동,NNP
전주 여행,58,맛집,NNG
전주 여행,58,여행객,NNG
전주 여행,58,느낌,NNG
전주 여행,58,만끽,NNG
전주 여행,58,식사,NNG
전주 여행,58,에요,EF
전주 여행,58,이곳,NP
전주 여행,58,블루리본,NNG
전주 여행,58,14,SN
전주 여행,58,연속,NNG
전주 여행,58,으로,JKB
전주 여행,58,는지,EC
전주 여행,58,음식,NNG
전주 여행,58,바로,MAG
전주 여행,59,도파민,NNG
전주 여행,59,충전,NNG
전주 여행,59,무던,XR
전주 여행,59,일상,NNG
전주 여행,59,행복,NNG
전주 여행,59,라지만,VCP+EC
전주 여행,59,고것,NP
전주 여행,59,보다,JKB
전주 여행,59,떠나,VV
전주 여행,59,마음,NNG
전주 여행,59,커져,VA+EC+VX+EC
전주 여행,59,버린,VX+ETM
전주 여행,59,어른,NNG
전주 여행,59,하루,NNG
전주 여행,59,일탈,NNG
전주 여행,59,맛집,NNG
전주 여행,59,동물원,NNG
전주 여행,59,카페,NNG
전주 여행,59,평화,NNG
전주 여행,59,평화,NNG
전주 여행,59,일상,NNG
전주 여행,59,국내,NNG
전주 여행,60,돌아기,NNG
전주 여행,60,함께,MAG
전주 여행,60,떠난,VV+ETM
전주 여행,60,여름날,NNG
전주 여행,60,일본,NNP
전주 여행,60,추천,NNG
전주 여행,60,가지,NNBC
전주 여행,60,이유,NNG
전주 여행,60,복직,NNG
전주 여행,60,앞두,VV
전주 여행,60,엄마,NNG
전주 여행,60,욕심,NNG
전주 여행,60,일까,VCP+EC
전주 여행,60,혼자,MAG
전주 여행,60,일본,NNP
전주 여행,60,다녀온,VV+ETM
전주 여행,60,다시,MAG
전주 여행,60,복직,NNG
전주 여행,60,일본,NNP
전주 여행,60,으로,JKB
전주 여행,60,가족,NNG
전주 여행,60,결정,NNG
전주 여행,60,알밤,NNG
전주 여행,60,떠난,VV+ETM
전주 여행,60,해외여행,NNG
전주 여행,60,걱정,NNG
전주 여행,60,지만,EC
전주 여행,60,비행기,NNG
전주 여행,60,알밤,NNG
전주 여행,61,전주역,NNP
전주 여행,61,수원역,NNP
전주 여행,61,ITX,SL
전주 여행,61,마음,NNG
전주 여행,61,후기,NNG
전주 여행,61,2500,SN
전주 여행,61,으로,JKB
전주 여행,61,다녀온,VV+ETM
전주 여행,61,가성,NNG
전주 여행,61,기차,NNG
전주 여행,61,무려,MAG
전주 여행,61,지나,VV
전주 여행,61,마지막,NNG
전주 여행,61,포스팅,NNP
전주 여행,61,는데,EC
전주 여행,61,이렇게,MAG
전주 여행,61,이번,NNG
전주 여행,61,2025,SN
전주 여행,61,드디어,MAG
전주 여행,61,납니다,VV+EC
전주 여행,61,이용,NNG
전주 여행,61,열차,NNG
전주 여행,61,여수,NNP
전주 여행,61,엑스포,NNG
전주 여행,61,에서,JKB
전주 여행,61,출발,NNG
전주 여행,61,용산,NNP
전주 여행,61,으로,JKB
전주 여행,61,향하,VV
전주 여행,61,ITX,SL
전주 여행,61,마음,NNG
전주 여행,61,1184,SN
전주 여행,61,열차,NNG
전주 여행,61,습니다,EF
전주 여행,61,출발,NNG
전주 여행,62,현지,NNG
전주 여행,62,맛집,NNG
전주 여행,62,솔직,XR
전주 여행,62,후기,NNG
전주 여행,62,주차,NNG
전주 여행,62,순례,NNG
전주 여행,62,맛집,NNG
전주 여행,62,스마트,NNG
전주 여행,62,스토어,NNG
전주 여행,62,https,SL
전주 여행,62,smartstore,SL
전주 여행,62,naver,SL
전주 여행,62,com,SL
전주 여행,62,songheaven,SL
전주 여행,62,스마트,NNG
전주 여행,62,플레이스,NNG
전주 여행,62,https,SL
전주 여행,62,naver,SL
전주 여행,62,me,SL
전주 여행,62,xs,SL
전주 여행,62,aXOYB,SL
전주 여행,62,얼마,NNG
전주 여행,62,지인,NNG
전주 여행,62,다가,EC
전주 여행,62,소개,NNG
전주 여행,62,맛집,NNG
전주 여행,62,요즘,NNG
전주 여행,62,맛집,NNG
전주 여행,62,라고,EC
전주 여행,62,해서,VV+EC
전주 여행,63,여권,NNG
전주 여행,63,사진,NNG
전주 여행,63,스타일,NNG
전주 여행,63,무비,NNG
전주 여행,63,스튜디오,NNG
전주 여행,63,에서,JKB
전주 여행,63,11,SN
전주 여행,63,개월,NNBC
전주 여행,63,아기,NNG
전주 여행,63,여권,NNG
전주 여행,63,사진,NNG
전주 여행,63,윤서,NNG
전주 여행,63,10,SN
전주 여행,63,인생,NNG
전주 여행,63,해외여행,NNG
전주 여행,63,여권,NNG
전주 여행,63,사진,NNG
전주 여행,63,으러,EC
전주 여행,63,어요,EF
전주 여행,63,아기,NNG
전주 여행,63,촬영,NNG
전주 여행,63,니까,EC
전주 여행,63,아기,NNG
전주 여행,63,사진,NNG
전주 여행,63,스타일,NNG
전주 여행,63,무비,NNG
전주 여행,63,스튜디오,NNG
전주 여행,63,위치,NNG
전주 여행,63,전주시,NNP
전주 여행,63,덕진구,NNP
전주 여행,63,명륜,NNP
전주 여행,63,10,SN
전주 여행,63,지하,NNG
전주 여행,63,영업시간,NNG
전주 여행,63,10,SN
전주 여행,63,30,SN
전주 여행,63,19,SN
전주 여행,63,30,SN
전주 여행,64,비빔밥,NNG
전주 여행,64,맛집,NNG
전주 여행,64,정갈,XR
전주 여행,64,반하,VV
전주 여행,64,호남,NNG
전주 여행,64,불고기,NNG
전주 여행,64,비빔밥,NNG
전주 여행,64,정식,NNG
전주 여행,64,에서,JKB
전주 여행,64,빠질,VV+ETM
전주 여행,64,비빔밥,NNG
전주 여행,64,맛집,NNG
전주 여행,64,다가,EC
전주 여행,64,고풍,NNG
전주 여행,64,스러운,XSA+ETM
전주 여행,64,분위기,NNG
전주 여행,64,호남,NNG
전주 여행,64,다녀왔,VV+EP
전주 여행,64,어요,EF
전주 여행,64,한옥,NNP
전주 여행,64,외관,NNG
전주 여행,64,부터,JX
전주 여행,64,내부,NNP
전주 여행,64,공간,NNG
전주 여행,64,까지,JX
전주 여행,64,널찍,XR
전주 여행,64,해서,XSA+EC
전주 여행,64,가족,NNG
전주 여행,64,모임,NNG
전주 여행,64,이나,JC
전주 여행,64,한식당,NNG
전주 여행,64,어요,EF
전주 여행,64,저희,NP
전주 여행,64,남편,NNG
전주 여행,65,카페,NNG
전주 여행,65,한옥,NNG
전주 여행,65,마을,NNG
전주 여행,65,카페,NNG
전주 여행,65,이르,VV
전주 여행,65,실타래,NNG
전주 여행,65,케이크,NNG
전주 여행,65,특별,NNG
전주 여행,65,디저트,NNG
전주 여행,65,한옥마을,NNP
전주 여행,65,특유,NNG
전주 여행,65,고즈넉,XR
전주 여행,65,분위기,NNG
전주 여행,65,어울리,VV
전주 여행,65,공간,NNG
전주 여행,65,카페,NNG
전주 여행,65,에게,JKB
전주 여행,65,소개,NNG
전주 여행,65,에요,EF
전주 여행,65,관광,NNG
전주 여행,65,면서,EC
전주 여행,65,맛있,VA
전주 여행,65,먹거리,NNG
전주 여행,65,즐기,VV
전주 여행,65,예쁜,VA+ETM
전주 여행,65,카페,NNG
전주 여행,65,에서,JKB
전주 여행,65,여유,NNG
전주 여행,65,코스,NNG
전주 여행,65,들르,VV
전주 여행,66,주역,NNG
전주 여행,66,에서,JKB
전주 여행,66,고기,NNG
전주 여행,66,까지,JX
전주 여행,66,야무지,VA
전주 여행,66,면서,EC
전주 여행,66,점심,NNG
전주 여행,66,든든,XR
전주 여행,66,저녁,NNG
전주 여행,66,까지,JX
전주 여행,66,생각,NNG
전주 여행,66,주역,NNG
전주 여행,66,맛집,NNG
전주 여행,66,다가,EC
전주 여행,66,정거장,NNG
전주 여행,66,다녀왔,VV+EP
전주 여행,66,어요,EF
전주 여행,66,주역,NNG
전주 여행,66,근처,NNG
전주 여행,66,찾아가,VV
전주 여행,66,편했,VA+EP
전주 여행,66,가족,NNG
전주 여행,66,끼리,XSN
전주 여행,66,방문,NNG
전주 여행,66,더라고요,EC
전주 여행,66,무엇,NP
전주 여행,66,보다,JKB
전주 여행,66,메뉴,NNG
전주 여행,67,아이,NNG
전주 여행,67,함께,MAG
전주 여행,67,가족,NNG
전주 여행,67,한옥,NNG
전주 여행,67,숙소,NNG
전주 여행,67,모음,NNG
전주 여행,67,아이,NNG
전주 여행,67,함께,MAG
전주 여행,67,에서,JKB
전주 여행,67,한옥,NNG
전주 여행,67,숙소,NNG
전주 여행,67,색다른,VA+ETM
전주 여행,67,경험,NNG
전주 여행,67,편안,NNG
전주 여행,67,동시,NNG
전주 여행,67,선사,NNG
전주 여행,67,합니다,XSV+EF
전주 여행,67,예약,NNG
전주 여행,67,구조,NNG
전주 여행,67,난방,NNG
전주 여행,67,상태,NNG
전주 여행,67,점검,NNG
전주 여행,67,위치,NNG
전주 여행,67,선정,NNG
전주 여행,67,접근성,NNG
전주 여행,67,주차,NNG
전주 여행,67,문제,NNG
전주 여행,67,고려,NNG
전주 여행,67,그리고,MAJ
전주 여행,67,분위기,NNG
전주 여행,67,즐길,VV+ETM
전주 여행,67,방법,NNG
전주 여행,67,까지,JX
전주 여행,68,스테이,NNG
전주 여행,68,산다,VV+EC
전주 여행,68,에서,NNG
전주 여행,68,기록,NNG
전주 여행,68,지난,VV+ETM
전주 여행,68,장마,NNG
전주 여행,68,시작,NNG
전주 여행,68,다녀온,VV+ETM
전주 여행,68,스테이,NNG
전주 여행,68,산다,VV+EC
전주 여행,68,특성,NNG
전주 여행,68,장기간,NNG
전주 여행,68,휴가,NNG
전주 여행,68,떠나,VV
전주 여행,68,어느,MM
전주 여행,68,보다,JKB
전주 여행,68,하루,NNG
전주 여행,68,라도,VCP+EC
전주 여행,68,마음,NNG
전주 여행,68,부터,JX
전주 여행,68,관심,NNG
전주 여행,68,산다,NNG
전주 여행,69,아기,NNG
전주 여행,69,숙소,NNG
전주 여행,69,추천,NNG
전주 여행,69,가성,NNG
전주 여행,69,베스트,NNP
전주 여행,69,웨스턴,NNP
전주 여행,69,플러스,NNP
전주 여행,69,지난,VV+ETM
전주 여행,69,다녀온,VV+ETM
전주 여행,69,익산,NNP
전주 여행,69,에서,JKB
전주 여행,69,호텔,NNG
전주 여행,69,후기,NNG
전주 여행,69,깁니다,ETN+VCP+EF
전주 여행,69,이번,NNG
전주 여행,69,베스트,NNP
전주 여행,69,웨스턴,NNP
전주 여행,69,플러스,NNG
전주 여행,69,에서,JKB
전주 여행,69,는데,EC
전주 여행,69,성비,NNG
전주 여행,69,정말,MAG
전주 여행,69,습니다,EF
전주 여행,69,호텔,NNG
전주 여행,69,베스트,NNG
전주 여행,69,스턴,NNP
전주 여행,69,플러스,NNP
전주 여행,69,위치,NNG
전주 여행,69,전북,NNP
전주 여행,70,주송,NNG
전주 여행,70,천동,NNG
전주 여행,70,맛집,NNG
전주 여행,70,남각,NNG
전주 여행,70,에서,JKB
전주 여행,70,즐기,VV
전주 여행,70,칠순,NR
전주 여행,70,잔치,NNG
전주 여행,70,편안,NNG
전주 여행,70,고급,NNG
전주 여행,70,영업시간,NNG
전주 여행,70,매일,MAG
전주 여행,70,11,SN
전주 여행,70,00,SN
전주 여행,70,21,SN
전주 여행,70,00,SN
전주 여행,70,라스트,NNG
전주 여행,70,오더,NNG
전주 여행,70,20,SN
전주 여행,70,30,SN
전주 여행,70,송천동,NNP
전주 여행,70,맛집,NNG
전주 여행,70,칠순,NR
전주 여행,70,잔치,NNG
전주 여행,70,주한,NNG
전주 여행,70,정식,NNG
전주 여행,70,맛집,NNG
전주 여행,70,전주비빔밥,NNG
전주 여행,70,맛집,NNG
전주 여행,70,가족,NNG
전주 여행,70,모임,NNG
전주 여행,70,환갑잔치,NNG
전주 여행,70,맛집,NNG
전주 여행,70,주한,NNG
전주 여행,70,정식,NNG
전주 여행,70,추천,NNG
전주 여행,70,코스,NNG
전주 여행,70,주한,NNG
전주 여행,70,식당,NNG
전주 여행,70,추천,NNG
전주 여행,71,호텔,NNG
전주 여행,71,수영장,NNG
전주 여행,71,입장료,NNG
전주 여행,71,패밀리,NNP
전주 여행,71,트윈,NNP
전주 여행,71,이용,NNG
전주 여행,71,후기,NNG
전주 여행,71,한옥마을,NNP
전주 여행,71,위치,NNG
전주 여행,71,위치,NNG
전주 여행,71,최강,NNG
전주 여행,71,라는,ETM
전주 여행,71,진짜,NNG
전주 여행,71,수영장,NNG
전주 여행,71,에서,JKB
전주 여행,71,다가,EC
전주 여행,71,저녁,NNG
전주 여행,71,으러,EC
전주 여행,71,나가,VX
전주 여행,71,까지,JX
전주 여행,71,한옥마을,NNP
전주 여행,71,구경,NNG
전주 여행,71,숙소,NNG
전주 여행,71,덕분,NNG
전주 여행,71,제대로,MAG
전주 여행,71,다녀왔,VV+EP
전주 여행,71,어요,EF
전주 여행,71,저희,NP
전주 여행,71,가족,NNG
전주 여행,71,에서,JKB
전주 여행,72,가을,NNG
전주 여행,72,실내,NNG
전주 여행,72,나들이,NNG
전주 여행,72,아이,NNG
전주 여행,72,좋아한,VV+ETM
전주 여행,72,VR,SL
전주 여행,72,체험,NNG
전주 여행,72,부터,JX
전주 여행,72,아이,NNG
전주 여행,72,계획,NNG
전주 여행,72,면서,EC
전주 여행,72,아이,NNG
전주 여행,72,함께,MAG
전주 여행,72,어디,NP
전주 여행,72,볼까,EC+VX+EC
전주 여행,72,고민,NNG
전주 여행,72,생각,NNG
전주 여행,72,보다,JKB
전주 여행,72,선택지,NNG
전주 여행,72,더라고요,EC
전주 여행,72,특히,MAG
전주 여행,72,날씨,NNG
전주 여행,72,무더운,VA+ETM
전주 여행,72,여름,NNG
전주 여행,72,이나,JC
전주 여행,72,갑자기,MAG
전주 여행,72,야외,NNG
전주 여행,73,아이,NNG
전주 여행,73,무료,NNG
전주 여행,73,실내,NNG
전주 여행,73,체험,NNG
전주 여행,73,가득,MAG
전주 여행,73,어린이,NNG
전주 여행,73,박물,NNG
전주 여행,73,아이,NNG
전주 여행,73,으신다면,EP+EC
전주 여행,73,국립,NNG
전주 여행,73,박물관,NNG
전주 여행,73,어린이,NNG
전주 여행,73,박물관,NNG
전주 여행,73,강력,NNG
전주 여행,73,추천,NNG
전주 여행,73,드려요,VV+EC
전주 여행,73,아이,NNG
전주 여행,73,어린이,NNG
전주 여행,73,박물관,NNG
전주 여행,73,국립,NNG
전주 여행,73,박물관,NNG
전주 여행,73,실내,NNG
전주 여행,73,아이,NNG
전주 여행,73,아이,NNG
전주 여행,73,아이,NNG
전주 여행,74,전라,NNP
전주 여행,74,감영,NNG
전주 여행,74,객사,NNG
전주 여행,74,이색,NNG
전주 여행,74,데이트,NNG
전주 여행,74,체험,NNG
전주 여행,74,이킹,NNP
전주 여행,74,클래스,NNP
전주 여행,74,후기,NNG
전주 여행,74,토끼,NNG
전주 여행,74,광주,NNP
전주 여행,74,에서,JKB
전주 여행,74,와서,VV+EC
전주 여행,74,해야,VV+EC
전주 여행,74,기억,NNG
전주 여행,74,많이,MAG
전주 여행,74,을까,EC
전주 여행,74,고민,NNG
전주 여행,74,다가,EC
전주 여행,74,토끼,NNG
전주 여행,74,거북,NNG
전주 여행,74,아기자기,XR
전주 여행,74,공간,NNG
전주 여행,74,월요일,NNG
전주 여행,74,즐겁,VA
전주 여행,74,습니다,EF
전주 여행,74,낭시,NNG
전주 여행,74,12,SN
전주 여행,74,여름,NNG
전주 여행,74,한정,NNG
전주 여행,74,레몬,NNG
전주 여행,74,티그레,NNP
전주 여행,75,에코,NNP
전주 여행,75,시티,NNP
전주 여행,75,카페,NNP
전주 여행,75,유럽,NNP
전주 여행,75,감성,NNG
전주 여행,75,풍기,VV
전주 여행,75,테라스,NNG
전주 여행,75,커피,NNG
전주 여행,75,로드,NNG
전주 여행,75,우드,NNG
전주 여행,75,아요,EF
전주 여행,75,특히,MAG
전주 여행,75,날씨,NNG
전주 여행,75,테라스,NNG
전주 여행,75,자리,NNG
전주 여행,75,으면,EC
전주 여행,75,괜히,MAG
전주 여행,75,과하,VA
전주 여행,75,으면서,EC
전주 여행,75,차분,XR
전주 여행,75,느낌,NNG
전주 여행,75,어요,EF
전주 여행,75,허니,NNP
전주 여행,75,자몽,NNG
전주 여행,75,블랙,NNG
전주 여행,75,시켰,VV+EP
전주 여행,75,어요,EF
전주 여행,75,사진,NNG
전주 여행,75,바로,MAG
전주 여행,75,나온,VV+ETM
전주 여행,75,메뉴,NNG
전주 여행,75,바스크,NNP
전주 여행,76,한옥마을,NNP
전주 여행,76,동락,NNG
전주 여행,76,302,SN
전주 여행,76,숙박,NNG
전주 여행,76,솔직,XR
전주 여행,76,후기,NNG
전주 여행,76,추석,NNG
전주 여행,76,연휴,NNG
전주 여행,76,가족,NNG
전주 여행,76,한옥마을,NNP
전주 여행,76,동락,NNG
전주 여행,76,302,SN
전주 여행,76,숙박,NNG
전주 여행,76,솔직,XR
전주 여행,76,후기,NNG
전주 여행,76,추석,NNG
전주 여행,76,연휴,NNG
전주 여행,76,가족,NNG
전주 여행,76,추천,NNP
전주 여행,76,한옥마을,NNP
전주 여행,76,동락,NNG
전주 여행,76,지난,VV+ETM
전주 여행,76,봄날,NNG
전주 여행,76,따스,XR
전주 여행,76,풍경,NNG
전주 여행,76,다녀왔,VV+EP
전주 여행,76,한옥마을,NNP
전주 여행,76,동락,NNG
전주 여행,76,선선,XR
전주 여행,76,바람,NNG
전주 여행,76,불어오,VV
전주 여행,76,이번,NNG
전주 여행,76,추석,NNG
전주 여행,77,한옥마을,NNP
전주 여행,77,수제,NNG
전주 여행,77,카카오,NNP
전주 여행,77,초콜릿,NNG
전주 여행,77,선물,NNG
전주 여행,77,추천,NNG
전주 여행,77,와서,VV+EC
전주 여행,77,특별,NNG
전주 여행,77,디저트,NNG
전주 여행,77,센스,NNG
전주 여행,77,기념품,NNG
전주 여행,77,선물,NNG
전주 여행,77,으시,EP
전주 여행,77,방문,NNG
전주 여행,77,세요,EP+EF
전주 여행,77,방문,NNG
전주 여행,77,셔서,EP+EC
전주 여행,77,감사,NNG
전주 여행,77,합니다,XSV+EF
전주 여행,77,행복,NNG
전주 여행,77,하루,NNG
전주 여행,77,보내,VV
전주 여행,77,세요,EP+EF
전주 여행,77,블로그,NNG
전주 여행,77,이웃,NNG
전주 여행,77,추가,NNG
전주 여행,77,사진,NNG
전주 여행,77,클릭,NNG
전주 여행,77,네이버,NNP
전주 여행,77,블로그,NNG
전주 여행,78,닭강정,NNP
전주 여행,78,필수,NNG
전주 여행,78,코스,NNG
전주 여행,78,남부,NNG
전주 여행,78,시장,NNG
전주 여행,78,야시장,NNG
전주 여행,78,여행지,NNG
전주 여행,78,손님,NNG
전주 여행,78,편의,NNG
전주 여행,78,위해,VV+EC
전주 여행,78,고민,NNG
전주 여행,78,흔적,NNG
전주 여행,78,보였,VV+EP
전주 여행,78,강정,NNG
전주 여행,78,진열,NNG
전주 여행,78,는데,EC
전주 여행,78,모형,NNG
전주 여행,78,거든,EF
전주 여행,78,모형,NNG
전주 여행,78,아니,VCN
전주 여행,78,윤기,NNG
전주 여행,78,엄청나,VA
전주 여행,78,모형,NNG
전주 여행,78,거든,EF
전주 여행,78,어떻게,MAG
전주 여행,78,생겼,VV+EP
전주 여행,78,는지,EC
전주 여행,78,직접,MAG
전주 여행,79,한옥마을,NNP
전주 여행,79,양식집,NNG
전주 여행,79,제리아,NNG
전주 여행,79,온고,NNG
전주 여행,79,70,SN
전주 여행,79,신상,NNG
전주 여행,79,화덕,NNG
전주 여행,79,피자,NNG
전주 여행,79,맛집,NNG
전주 여행,79,오늘,NNG
전주 여행,79,한옥,NNG
전주 여행,79,마을,NNG
전주 여행,79,새로,MAG
전주 여행,79,생긴,VV+ETM
전주 여행,79,맛집,NNG
전주 여행,79,소개,NNG
전주 여행,79,인데요,VCP+EF
전주 여행,79,한옥마을,NNP
전주 여행,79,떡갈비,NNG
전주 여행,79,비빔밥,NNG
전주 여행,79,많이,MAG
전주 여행,79,생각,NNG
전주 여행,79,텐데,NNB+VCP+EC
전주 여행,79,많이,MAG
전주 여행,79,이나,JC
전주 여행,79,현지,NNG
전주 여행,79,오늘,MAG
전주 여행,79,사람,NNG
전주 여행,80,이런,MM
전주 여행,80,어요,EF
전주 여행,80,명소,NNG
전주 여행,80,가격,NNG
전주 여행,80,날짜,NNG
전주 여행,80,마다,JX
전주 여행,80,달라서,VA+EC
전주 여행,80,에서,JKB
전주 여행,80,프로모션,NNG
전주 여행,80,최신,NNG
전주 여행,80,가격,NNG
전주 여행,80,확인,NNG
전주 여행,80,세요,EP+EF
전주 여행,80,여행지,NNG
전주 여행,80,명소,NNG
전주 여행,80,코스,NNG
전주 여행,80,데이트,NNG
전주 여행,80,아이,NNG
전주 여행,80,산책,NNG
전주 여행,81,독립,NNG
전주 여행,81,서점,NNG
전주 여행,81,추천,NNG
전주 여행,81,부러,MAG
전주 여행,81,잠깐,MAG
전주 여행,81,는다면,EC
전주 여행,81,괜찮,VA
전주 여행,81,많이,MAG
전주 여행,81,사람,NNG
전주 여행,81,이런,MM
전주 여행,81,에서,JKB
전주 여행,81,이상,NNG
전주 여행,81,진다,VX+EC
전주 여행,81,책보,NNG
전주 여행,81,책방,NNG
전주 여행,81,선물,NNG
전주 여행,81,책보,NNG
전주 여행,81,책방,NNG
전주 여행,81,이름,NNG
전주 여행,81,부터,JX
전주 여행,81,조금,NNG
전주 여행,82,서울,NNP
전주 여행,82,KTX,SL
전주 여행,82,요금,NNG
전주 여행,82,소요,NNG
전주 여행,82,시간,NNG
전주 여행,82,최신,NNG
전주 여행,82,정보,NNG
전주 여행,82,정리,NNG
전주 여행,82,역시,MAJ
전주 여행,82,출장,NNG
전주 여행,82,이나,JC
전주 여행,82,으로,JKB
전주 여행,82,서울,NNP
전주 여행,82,자주,MAG
전주 여행,82,오가,VV
전주 여행,82,KTX,SL
전주 여행,82,이용,NNG
전주 여행,82,는데,EC
전주 여행,82,매번,MAG
전주 여행,82,최신,NNG
전주 여행,82,요금,NNG
전주 여행,82,소요,NNG
전주 여행,82,시간,NNG
전주 여행,82,확인,NNG
전주 여행,82,번거롭,VA
전주 여행,82,느껴,VV+EC
전주 여행,82,더라고요,EC
전주 여행,82,특히,MAG
전주 여행,82,명절,NNG
전주 여행,82,이나,JC
전주 여행,82,연휴,NNG
전주 여행,82,기간,NNG
전주 여행,82,미리,MAG
전주 여행,82,정보,NNG
전주 여행,82,으면,EC
전주 여행,83,베스트,NNP
전주 여행,83,웨스턴,NNP
전주 여행,83,수영장,NNG
전주 여행,83,아기,NNG
전주 여행,83,주차,NNG
전주 여행,83,이용,NNG
전주 여행,83,베스트,NNP
전주 여행,83,웨스턴,NNP
전주 여행,83,플러스,NNP
전주 여행,83,객실,NNG
전주 여행,83,베스트,NNG
전주 여행,83,웨스턴,NNP
전주 여행,83,플러스,NNP
전주 여행,83,호텔,NNG
전주 여행,83,숙소,NNG
전주 여행,83,한옥,NNG
전주 여행,83,마을,NNG
전주 여행,83,숙소,NNG
전주 여행,83,수영장,NNG
전주 여행,83,호텔,NNG
전주 여행,83,가족,NNG
전주 여행,83,아기,NNG
전주 여행,83,주차,NNG
전주 여행,83,호텔,NNG
전주 여행,83,특급,NNG
전주 여행,83,호텔,NNG
전주 여행,84,군산,NNG
전주 여행,84,가족,NNG
전주 여행,84,이영춘,NNP
전주 여행,84,가옥,NNG
전주 여행,84,부터,JX
전주 여행,84,국사,NNG
전주 여행,84,까지,JX
전주 여행,84,실제,NNG
전주 여행,84,코스,NNG
전주 여행,84,앞서,VV+EC
전주 여행,84,올린,VV+ETM
전주 여행,84,에서,JKB
전주 여행,84,떠나,VV
전주 여행,84,군산,NNG
전주 여행,84,일정,NNG
전주 여행,84,코스,NNG
전주 여행,84,정리,NNG
전주 여행,84,는데요,EF
전주 여행,84,군산,NNP
전주 여행,84,계획,NNG
전주 여행,84,아이,NNG
전주 여행,84,한마디,NNG
전주 여행,84,시작,NNG
전주 여행,84,가족,NNG
전주 여행,84,이번,NNG
전주 여행,84,부터,JX
전주 여행,84,실제로,MAG
전주 여행,84,다녀온,VV+ETM
전주 여행,84,이야기,NNG
전주 여행,85,숙소,NNG
전주 여행,85,추천,NNP
전주 여행,85,한옥마을,NNP
전주 여행,85,도보,NNP
전주 여행,85,이동과,NNP
전주 여행,85,아이,NNG
전주 여행,85,동반,NNG
전주 여행,85,가족,NNG
전주 여행,85,로스터,NNG
전주 여행,85,호텔,NNG
전주 여행,85,객실,NNG
전주 여행,85,요금,NNG
전주 여행,85,예약,NNG
전주 여행,85,정보,NNG
전주 여행,85,확인,NNG
전주 여행,85,즐거움,NNG
전주 여행,85,숙소,NNG
전주 여행,85,선택,NNG
전주 여행,85,가이드,NNG
전주 여행,85,지금,NNG
전주 여행,85,까지,JX
전주 여행,85,한옥마을,NNP
전주 여행,85,시내,NNG
전주 여행,85,인근,NNG
전주 여행,85,에서,JKB
전주 여행,85,각기,MAG
전주 여행,85,다른,MM
전주 여행,85,매력,NNG
전주 여행,85,지닌,VV+ETM
전주 여행,85,숙소,NNG
전주 여행,85,신라,NNP
전주 여행,85,스테이,NNG
전주 여행,86,지난,VV+ETM
전주 여행,86,맛집,NNG
전주 여행,86,는다면,EC
전주 여행,86,내산,NNP
전주 여행,86,후기,NNG
전주 여행,86,안부,NNG
전주 여행,86,채식,NNG
전주 여행,86,생각,NNG
전주 여행,86,보다,JKB
전주 여행,86,너무,MAG
전주 여행,86,맛있,VA
전주 여행,86,아서,EC
전주 여행,86,사진첩,NNG
전주 여행,86,뒤적거리,VV
전주 여행,86,다가,EC
전주 여행,86,이제야,MAG
전주 여행,86,하나,NR
전주 여행,86,정리,NNG
전주 여행,86,한옥마을,NNP
전주 여행,86,워낙,MAG
전주 여행,86,유명,NNG
전주 여행,86,해서,XSV+EC
전주 여행,86,어디,NP
전주 여행,86,할지,VX+EC
전주 여행,86,고민,NNG
전주 여행,86,다가,EC
전주 여행,86,찾아갔,VV+EP
전주 여행,86,인데,VCP+EC
전주 여행,87,광주,NNP
전주 여행,87,근교,NNG
전주 여행,87,단풍,NNG
전주 여행,87,명소,NNG
전주 여행,87,정리,NNP
전주 여행,87,내장산,NNP
전주 여행,87,부터,JX
전주 여행,87,등산,NNG
전주 여행,87,까지,JX
전주 여행,87,여기,NP
전주 여행,87,광주,NNP
전주 여행,87,감싸,VV
전주 여행,87,등산,NNG
전주 여행,87,까지,JX
전주 여행,87,호남,NNG
전주 여행,87,지역,NNG
전주 여행,87,진한,VA+ETM
전주 여행,87,단풍,NNG
전주 여행,87,코스,NNG
전주 여행,87,완성,NNG
전주 여행,87,됩니다,XSV+EF
전주 여행,87,광주,NNP
전주 여행,87,근교,NNG
전주 여행,87,대표,NNG
전주 여행,87,단풍,NNG
전주 여행,87,명소,NNG
전주 여행,87,정리,NNG
전주 여행,87,습니다,EF
전주 여행,87,내장산,NNP
전주 여행,87,국립,NNG
전주 여행,87,공원,NNG
전주 여행,87,한국,NNP
전주 여행,87,최고,NNG
전주 여행,87,단풍,NNG
전주 여행,87,명소,NNG
전주 여행,88,베스트,NNP
전주 여행,88,웨스턴,NNP
전주 여행,88,플러스,NNP
전주 여행,88,호텔,NNG
전주 여행,88,아이,NNG
전주 여행,88,조식,NNG
전주 여행,88,주차장,NNG
전주 여행,88,예약,NNG
전주 여행,88,처럼,JKB
전주 여행,88,예정,NNG
전주 여행,88,할인,NNG
전주 여행,88,쿠폰,NNG
전주 여행,88,예약,NNG
전주 여행,88,추천,NNG
전주 여행,88,드려요,VV+EC
전주 여행,88,여기,NP
전주 여행,88,어때,VA+EC
전주 여행,88,숙소,NNG
전주 여행,88,할인,NNG
전주 여행,88,쿠폰,NNG
전주 여행,88,다운,XSA+ETM
전주 여행,88,위치,NNG
전주 여행,88,한옥마을,NNP
전주 여행,88,도보,NNP
전주 여행,88,10,SN
전주 여행,88,한옥마을,NNP
전주 여행,88,까지,JX
전주 여행,88,도보,NNG
전주 여행,88,10,SN
전주 여행,88,거리,NNG
전주 여행,88,입니다,VCP+EF
전주 여행,88,걸어갈,VV+ETM
전주 여행,89,코스,NNG
전주 여행,89,산책,NNG
전주 여행,89,한옥,NNG
전주 여행,89,연화,NNG
전주 여행,89,정도,NNG
전주 여행,89,서관,NNP
전주 여행,89,덕진,NNP
전주 여행,89,공원,NNG
전주 여행,89,코스,NNG
전주 여행,89,너무,MAG
전주 여행,89,완벽,NNG
전주 여행,89,연화,NNG
전주 여행,89,정도,NNG
전주 여행,89,서관,NNG
전주 여행,89,덕진,NNP
전주 여행,89,공원,NNG
전주 여행,89,더운,VA+ETM
전주 여행,89,야경,NNG
전주 여행,89,산책,NNG
전주 여행,89,으로,JKB
전주 여행,89,는데,EC
전주 여행,89,정상,NNG
전주 여행,89,숙소,NNG
전주 여행,89,거리,NNG
전주 여행,89,어서,EC
전주 여행,89,조금,MAG
전주 여행,89,일찍,MAG
전주 여행,89,방문,NNG
전주 여행,89,그래도,VV+EC
전주 여행,89,공원,NNG
전주 여행,89,연꽃,NNG
전주 여행,90,현지,NNG
전주 여행,90,추천,NNG
전주 여행,90,으로,JKB
전주 여행,90,입소문,NNG
전주 여행,90,송정,NNG
전주 여행,90,삼겹살,NNG
전주 여행,90,맛집,NNG
전주 여행,90,이번,NNG
전주 여행,90,친구,NNG
전주 여행,90,함께,MAG
전주 여행,90,신나,VV
전주 여행,90,설레,VV
전주 여행,90,마음,NNG
전주 여행,90,으로,JKB
전주 여행,90,떠났,VV+EP
전주 여행,90,다가,EC
전주 여행,90,현지,NNG
전주 여행,90,친구,NNG
전주 여행,90,마르,VV
전주 여행,90,도록,EC
전주 여행,90,강력,XR
전주 여행,90,추천,NNG
전주 여행,90,인생,NNG
전주 여행,90,고깃집,NNG
전주 여행,90,다녀왔,VV+EP
전주 여행,90,어요,EF
전주 여행,90,바로,MAG
전주 여행,90,중화산동,NNP
전주 여행,90,고깃집,NNG
전주 여행,90,으로,JKB
전주 여행,90,입소문,NNG
전주 여행,90,자자,XR
전주 여행,91,맛집,NNG
전주 여행,91,BEST,SL
전주 여행,91,10,SN
전주 여행,91,에서,JKB
전주 여행,91,봐야,VX+EC
전주 여행,91,음식,NNG
전주 여행,91,맛집,NNG
전주 여행,91,BEST,SL
전주 여행,91,10,SN
전주 여행,91,에서,JKB
전주 여행,91,봐야,VX+EC
전주 여행,91,음식,NNG
전주 여행,91,계획,NNG
전주 여행,91,먹거리,NNG
전주 여행,91,빼놓,VV
전주 여행,91,도시,NNG
전주 여행,91,입니다,VCP+EF
전주 여행,91,한옥마을,NNP
전주 여행,91,비롯,XR
전주 여행,91,남부,NNG
전주 여행,91,시장,NNG
전주 여행,91,객리,NNG
전주 여행,91,곳곳,NNG
전주 여행,91,다양,XR
전주 여행,91,음식점,NNG
전주 여행,92,콩나물국,NNG
전주 여행,92,인생,NNG
전주 여행,92,국밥,NNG
전주 여행,92,발견,NNG
전주 여행,92,내산,NNG
전주 여행,92,안녕,NNG
전주 여행,92,세요,EP+EF
전주 여행,92,블링,NNG
전주 여행,92,오늘,NNG
전주 여행,92,입니다,VCP+EF
전주 여행,92,먹거리,NNG
전주 여행,92,볼거리,NNG
전주 여행,92,너무,MAG
전주 여행,92,여러분,NP
전주 여행,92,최애,NNG
전주 여행,92,음식,NNG
전주 여행,92,어떤,MM
전주 여행,92,나요,EF
전주 여행,92,저희,NP
전주 여행,92,맞이,XR
전주 여행,92,날씨,NNG
전주 여행,92,흐린,VV+ETM
전주 여행,93,맛집,NNG
전주 여행,93,추천,NNG
전주 여행,93,도심,NNG
전주 여행,93,스페인,NNP
전주 여행,93,요리,NNG
전주 여행,93,전문점,NNG
전주 여행,93,스타,NNG
전주 여행,93,분위기,NNG
전주 여행,93,맛집,NNG
전주 여행,93,사랑,NNG
전주 여행,93,여러분,NP
전주 여행,93,오늘,MAG
전주 여행,93,에서,JKB
전주 여행,93,마치,MAG
전주 여행,93,스페인,NNP
전주 여행,93,현지,NNG
전주 여행,93,특별,NNG
전주 여행,93,경험,NNG
전주 여행,93,스페인,NNP
전주 여행,93,요리,NNG
전주 여행,93,전문점,NNG
전주 여행,93,스타,NNG
전주 여행,93,소개,NNG
전주 여행,93,드리,VX
전주 여행,93,려고,EC
전주 여행,93,해요,VX+EF
전주 여행,93,객리,NNG
전주 여행,93,에서,JKB
전주 여행,93,우연히,MAG
전주 여행,93,발견,NNG
전주 여행,93,이곳,NP
전주 여행,93,에서,JKB
전주 여행,94,따라,VV+EC
전주 여행,94,따라,VV+EC
전주 여행,94,대명,NNG
전주 여행,94,따라,VV+EC
전주 여행,94,주편,NNG
전주 여행,94,출격,NNG
전주 여행,94,2026,SN
전주 여행,94,블루리본,NNG
전주 여행,94,수제,NNG
전주 여행,94,맥주,NNG
전주 여행,94,맛집,NNG
전주 여행,94,객리,NNG
전주 여행,94,객리,NNG
전주 여행,94,맛집,NNG
전주 여행,94,객리,NNG
전주 여행,94,술집,NNG
전주 여행,94,수제,NNG
전주 여행,94,맥주,NNG
전주 여행,94,노매딕,NNP
전주 여행,94,비어,NNP
전주 여행,94,템플,NNP
전주 여행,94,노매딕,NNP
전주 여행,94,브루잉,NNP
전주 여행,94,따라,VV+EC
전주 여행,94,따라,VV+EC
전주 여행,94,대명,NNG
전주 여행,94,따라,VV+EC
전주 여행,94,블루리본,NNG
전주 여행,94,블루리본,NNG
전주 여행,94,서베이,NNG
전주 여행,94,2026,SN
전주 여행,94,콩나물국,NNG
전주 여행,94,해태,NNG
전주 여행,94,바베큐,NNG
전주 여행,95,당근,NNG
전주 여행,95,김밥,NNG
전주 여행,95,맛집,NNG
전주 여행,95,선모,NNG
전주 여행,95,옛날,NNG
전주 여행,95,김밥,NNG
전주 여행,95,평일,NNG
전주 여행,95,내산,NNP
전주 여행,95,방문,NNG
전주 여행,95,후기,NNG
전주 여행,95,오선,NNG
전주 여행,95,옛날,NNG
전주 여행,95,김밥,NNG
전주 여행,95,후기,NNG
전주 여행,95,입니다,VCP+EF
전주 여행,95,튜버,NNP
전주 여행,95,타니,NNP
전주 여행,95,통해,VV+EC
전주 여행,95,오로지,MAG
전주 여행,95,당근,MAG
전주 여행,95,계란,NNG
전주 여행,95,지단,NNG
전주 여행,95,단무지,NNG
전주 여행,95,들어가,VV
전주 여행,95,김밥,NNG
전주 여행,95,으로,JKB
전주 여행,95,유명,XR
전주 여행,95,라길래,EC
전주 여행,95,너무,MAG
전주 여행,95,궁금,XR
전주 여행,95,더라구요,EC
전주 여행,96,덕진,NNP
전주 여행,96,공원,NNG
전주 여행,96,연화,NNG
전주 여행,96,도서관,NNG
전주 여행,96,뚜벅,MAG
전주 여행,96,코스,NNG
전주 여행,96,무료,NNG
전주 여행,96,뚜벅,MAG
전주 여행,96,코스,NNG
전주 여행,96,추천,NNP
전주 여행,96,덕진,NNP
전주 여행,96,공원,NNG
전주 여행,96,에서,JKB
전주 여행,96,여유,NNG
전주 여행,96,산책,NNG
전주 여행,96,연화,NNG
전주 여행,96,정도,NNG
전주 여행,96,서관,NNG
전주 여행,96,에서,JKB
전주 여행,96,한옥,NNG
전주 여행,96,구경,NNG
전주 여행,96,다시,MAG
전주 여행,96,연못,NNG
전주 여행,96,풍경,NNG
전주 여행,96,감상,NNG
전주 여행,96,코스,NNG
전주 여행,96,여서,VCP+EC
전주 여행,96,에서,JKB
전주 여행,96,조용,XR
전주 여행,96,감성,NNG
전주 여행,96,여행지,NNG
전주 여행,96,사람,NNG
전주 여행,97,가을,NNG
전주 여행,97,아직,MAG
전주 여행,97,한옥마을,NNP
전주 여행,97,나요,EF
전주 여행,97,인생,NNG
전주 여행,97,성지,NNG
전주 여행,97,생각,NNG
전주 여행,97,제일,MAG
전주 여행,97,먼저,MAG
전주 여행,97,떠오르,VV
전주 여행,97,역시,MAJ
전주 여행,97,한옥마을,NNP
전주 여행,97,근데,MAJ
전주 여행,97,솔직히,MAG
전주 여행,97,가을,NNG
전주 여행,97,하나,NR
전주 여행,97,찾아보,VV
전주 여행,97,니까,EC
전주 여행,97,한옥마을,NNP
전주 여행,97,둘러보,VV
전주 여행,97,돌아오,VV
전주 여행,97,조금,MAG
전주 여행,97,아쉽,VA
전주 여행,97,더라구,EF
전주 여행,97,한옥,NNG
전주 여행,97,사이,NNG
전주 여행,97,천천히,MAG
전주 여행,98,백서,NNG
전주 여행,98,남부,NNG
전주 여행,98,시장,NNG
전주 여행,98,주변,NNG
전주 여행,98,풍남문,NNG
전주 여행,98,전동성당,NNP
전주 여행,98,대한민국,NNP
전주 여행,98,에서,JKB
전주 여행,98,전통,NNG
전주 여행,98,역사,NNG
전주 여행,98,미학,NNG
전주 여행,98,현대,NNG
전주 여행,98,미식,NNG
전주 여행,98,가장,MAG
전주 여행,98,조화,NNG
전주 여행,98,어우러진,VV+ETM
전주 여행,98,고도,NNG
전주 여행,98,전라북도,NNP
전주 여행,98,전주시,NNP
전주 여행,98,방문,NNG
전주 여행,98,여행객,NNG
전주 여행,98,에게,JKB
전주 여행,98,도심,NNG
전주 여행,98,에서,JKB
전주 여행,98,수십,NR
전주 여행,98,서민,NNG
전주 여행,98,애환,NNG
전주 여행,99,전북,NNP
전주 여행,99,혁신,NNG
전주 여행,99,도시,NNG
전주 여행,99,호텔,NNG
전주 여행,99,호텔,NNG
전주 여행,99,이노,NNP
전주 여행,99,시티,NNG
전주 여행,99,출장,NNG
전주 여행,99,숙소,NNG
전주 여행,99,그래서,MAJ
전주 여행,99,전북,NNP
전주 여행,99,혁신,NNG
전주 여행,99,도시,NNG
전주 여행,99,호텔,NNG
전주 여행,99,에서,JKB
전주 여행,99,출장,NNG
전주 여행,99,때문,NNB
전주 여행,99,숙소,NNG
전주 여행,99,면서,EC
전주 여행,99,편하,VA
전주 여행,99,에게,JKB
전주 여행,99,아요,EF
전주 여행,99,특히,MAG
전주 여행,99,주변,NNG
전주 여행,99,식당,NNG
전주 여행,99,아서,EC
전주 여행,99,저녁,NNG
전주 여행,99,들어오,VV
전주 여행,99,편하,VA
전주 여행,99,편의점,NNG
전주 여행,100,방문,NNG
전주 여행,100,라면,EC
전주 여행,100,학동,NNG
전주 여행,100,예술,NNG
전주 여행,100,마을,NNG
전주 여행,100,주말,NNG
전주 여행,100,데이트,NNG
전주 여행,100,코스,NNG
전주 여행,100,추천,NNG
전주 여행,100,여행지,NNG
전주 여행,100,한옥마을,NNP
전주 여행,100,중심,NNG
전주 여행,100,으로,JKB
전주 여행,100,경기전,NNG
전주 여행,100,전동성당,NNP
전주 여행,100,기지,NNG
전주 여행,100,수변,NNG
전주 여행,100,공원,NNG
전주 여행,100,다양,NNG
전주 여행,100,볼거리,NNG
전주 여행,100,주말,NNG
전주 여행,100,으로,JKB
전주 여행,100,사람,NNG
전주 여행,100,방문,NNG
전주 여행,100,습니다,EF
전주 여행,100,학동,NNG
전주 여행,101,애견,NNG
전주 여행,101,유치원,NNG
전주 여행,101,산책,NNG
전주 여행,101,수학여행,NNG
전주 여행,101,소풍,NNG
전주 여행,101,명절,NNG
전주 여행,101,시상식,NNG
전주 여행,101,FORLONGDOG,SL
전주 여행,101,월간,NNG
전주 여행,101,세미나,NNG
전주 여행,101,진행,NNG
전주 여행,101,살롱,NNG
전주 여행,101,가정,NNG
전주 여행,101,방문,NNG
전주 여행,101,출장,NNG
전주 여행,101,교육,NNG
전주 여행,101,호텔,NNG
전주 여행,101,단체,NNG
전주 여행,101,강의,NNG
전주 여행,101,서신,NNG
전주 여행,101,센터,NNG
전주 여행,101,금암,NNG
전주 여행,101,센터,NNG
전주 여행,101,스타,NNG
전주 여행,101,그램,NNG
전주 여행,101,월간,NNG
전주 여행,101,세미나,NNG
전주 여행,101,사전,NNG
전주 여행,101,예약,NNG
전주 여행,102,한옥마을,NNP
전주 여행,102,특별,NNG
전주 여행,102,네임,NNG
전주 여행,102,만들,VV
전주 여행,102,상점,NNG
전주 여행,102,한옥마을,NNP
전주 여행,102,한옥마을,NNP
전주 여행,102,데이트,NNG
전주 여행,102,이색,NNG
전주 여행,102,체험,NNG
전주 여행,102,체험,NNG
전주 여행,102,주네,NNP
전주 여행,102,임택,NNP
전주 여행,102,만들,VV
전주 여행,102,코스,NNG
전주 여행,102,한옥마을,NNP
전주 여행,102,소품,NNG
전주 여행,102,내산,NNG
전주 여행,103,박물관,NNG
전주 여행,103,6070,SN
전주 여행,103,골목,NNG
전주 여행,103,난장,NNG
전주 여행,103,입구,NNG
전주 여행,103,관람,NNG
전주 여행,103,동선,NNG
전주 여행,103,시절,NNG
전주 여행,103,동네,NNG
전주 여행,103,바퀴,NNBC
전주 여행,103,다녀온,VV+ETM
전주 여행,103,기분,NNG
전주 여행,103,어요,EF
전주 여행,103,주난,NNP
전주 여행,103,한옥마을,NNP
전주 여행,103,박물관,NNG
전주 여행,103,아이,NNG
전주 여행,103,실내,NNG
전주 여행,103,코스,NNG
전주 여행,103,근대사,NNG
전주 여행,103,박물관,NNG
전주 여행,103,레트,NNG
전주 여행,103,대한민국,NNP
전주 여행,103,여지도,NNG
전주 여행,104,코스,NNG
전주 여행,104,추천,NNG
전주 여행,104,주말,NNG
전주 여행,104,기록,NNG
전주 여행,104,에다가,JKB
전주 여행,104,중간중간,MAG
전주 여행,104,계속,MAG
전주 여행,104,는데,EC
전주 여행,104,재밌,VA
전주 여행,104,와서,VV+EC
전주 여행,104,코스,NNG
전주 여행,104,식당,NNG
전주 여행,104,사진,NNG
전주 여행,104,저장,NNG
전주 여행,104,정보,NNG
전주 여행,104,전달,NNG
전주 여행,104,으로,JKB
전주 여행,104,습니다,EF
전주 여행,104,다시,MAG
전주 여행,104,에서,JKB
전주 여행,104,가장,MAG
전주 여행,104,강추,NNG
전주 여행,104,장소,NNG
전주 여행,105,호텔,NNG
전주 여행,105,부대시설,NNG
전주 여행,105,후기,NNG
전주 여행,105,조식,NNG
전주 여행,105,부터,JX
전주 여행,105,산책,NNG
전주 여행,105,아이,NNG
전주 여행,105,루프,NNG
전주 여행,105,이번,NNG
전주 여행,105,에서,JKB
전주 여행,105,머물렀,VV+EP
전주 여행,105,호텔,NNG
전주 여행,105,호텔,NNG
전주 여행,105,조식,NNG
전주 여행,105,부터,JX
전주 여행,105,북카페,NNP
전주 여행,105,기프트,NNP
전주 여행,105,그리고,MAJ
전주 여행,105,루프,NNG
전주 여행,105,야외,NNG
전주 여행,105,수영장,NNG
전주 여행,105,까지,JX
전주 여행,105,호텔,NNG
전주 여행,105,에서,JKB
전주 여행,105,즐길,VV+ETM
전주 여행,105,생각,NNG
전주 여행,105,보다,JKB
전주 여행,105,다양,NNG
전주 여행,105,어요,EF
전주 여행,105,오늘,MAG
전주 여행,105,객실,NNG
전주 여행,105,후기,NNG
전주 여행,105,이어,MAG
전주 여행,105,직접,NNG
전주 여행,106,호텔,NNG
전주 여행,106,추천,NNG
전주 여행,106,호텔,NNG
전주 여행,106,성급,NNG
전주 여행,106,호텔,NNG
전주 여행,106,투숙,NNG
전주 여행,106,저희,NP
전주 여행,106,이번,NNG
전주 여행,106,호텔,NNG
전주 여행,106,에서,JKB
전주 여행,106,투숙,NNG
전주 여행,106,어요,EF
전주 여행,106,객실,NNG
전주 여행,106,편안,NNG
전주 여행,106,깨끗,XR
전주 여행,106,침구,NNG
전주 여행,106,덕분,NNG
전주 여행,106,편하,VA
전주 여행,106,으면서,EC
전주 여행,106,즐겁,VA
전주 여행,106,답니다,EC
전주 여행,106,위치,NNG
전주 여행,106,외관,NNG
전주 여행,106,호텔,NNG
전주 여행,107,국내,NNG
전주 여행,107,덕진,NNP
전주 여행,107,공원,NNG
전주 여행,107,연못,NNG
전주 여행,107,한옥,NNG
전주 여행,107,도서관,NNG
전주 여행,107,연화,NNG
전주 여행,107,정도,NNG
전주 여행,107,서관,NNG
전주 여행,107,연화,NNG
전주 여행,107,정도,NNG
전주 여행,107,서관,NNG
전주 여행,107,위치,NNG
전주 여행,107,연화,NNG
전주 여행,107,정도,NNG
전주 여행,107,서관,NNG
전주 여행,107,후기,NNG
전주 여행,107,전주연,NNP
전주 여행,107,화정,NNG
전주 여행,107,도서관,NNG
전주 여행,107,태교,NNG
전주 여행,107,추천,NNG
전주 여행,107,태교,NNG
전주 여행,107,갈만,NNG
전주 여행,107,여행지,NNG
전주 여행,107,추천,NNG
전주 여행,107,당일치기,NNG
전주 여행,107,일정,NNG
전주 여행,107,덕진,NNP
전주 여행,107,공원,NNG
전주 여행,107,국내,NNG
전주 여행,107,예쁜,VA+ETM
전주 여행,107,도서관,NNG
전주 여행,107,한옥,NNG
전주 여행,107,도서관,NNG
전주 여행,108,데이트,NNG
전주 여행,108,시간,NNG
전주 여행,108,거꾸로,MAG
전주 여행,108,흐른다,VV+EC
전주 여행,108,데이트,NNG
전주 여행,108,일기,NNG
전주 여행,108,이것저것,NNG
전주 여행,108,은데,EC
전주 여행,108,오랜만,NNG
전주 여행,108,일기,NNG
전주 여행,108,려고,EC
전주 여행,108,면은,EC
전주 여행,108,시간,NNG
전주 여행,108,지나,VV+EC
전주 여행,108,버린,VX+ETM
전주 여행,108,데이트,NNG
전주 여행,108,마치,MAG
전주 여행,108,벤자민,NNP
전주 여행,108,시간,NNG
전주 여행,108,거꾸로,MAG
전주 여행,108,간다,VV+EC
전주 여행,108,혼자,NNG
전주 여행,109,도서관,NNG
전주 여행,109,연화,NNG
전주 여행,109,정도,NNG
전주 여행,109,서관,NNG
전주 여행,109,10,SN
전주 여행,109,00,SN
전주 여행,109,19,SN
전주 여행,109,00,SN
전주 여행,109,오랜만,NNG
전주 여행,109,덕진,NNP
전주 여행,109,공원,NNG
전주 여행,109,약간,MAG
전주 여행,109,느낌,NNG
전주 여행,109,는데,EC
전주 여행,109,날씨,NNG
전주 여행,109,너무,MAG
전주 여행,109,아서,EC
전주 여행,109,한옥,NNG
전주 여행,109,도서관,NNG
전주 여행,109,이랑,JKB
전주 여행,109,너무,MAG
전주 여행,109,어울리,VV
전주 여행,109,느낌,NNG
전주 여행,109,한옥이,NNP
전주 여행,109,하늘,NNG
전주 여행,109,너무,MAG
전주 여행,109,어울림,VV+ETN
전주 여행,109,건데,NNB+VCP+EC
전주 여행,110,주역,NNG
전주 여행,110,맛집,NNG
전주 여행,110,온정,NNG
전주 여행,110,장어,NNG
전주 여행,110,시작,NNG
전주 여행,110,마무리,NNG
전주 여행,110,도착,NNG
전주 여행,110,해서,XSV+EC
전주 여행,110,캐리어,NNG
전주 여행,110,멀리,MAG
전주 여행,110,이동,NNG
전주 여행,110,맛있,VA
전주 여행,110,부터,JX
전주 여행,110,시작,NNG
전주 여행,110,반대,NNG
전주 여행,110,마지막,NNG
전주 여행,110,주역,NNG
전주 여행,110,으로,JKB
전주 여행,110,든든,XR
전주 여행,110,위치,NNG
전주 여행,110,시작,NNG
전주 여행,110,또는,MAJ
전주 여행,111,늑료칸호텔,UNKNOWN
전주 여행,111,내산,NNP
전주 여행,111,별채,NNG
전주 여행,111,이용,NNG
전주 여행,111,후기,NNG
전주 여행,111,지난,VV+ETM
전주 여행,111,다녀오,VV
전주 여행,111,늑료칸호텔,UNKNOWN
전주 여행,111,이용,NNG
전주 여행,111,느낀,VV+ETM
전주 여행,111,후기,NNG
전주 여행,111,완존,NNG
전주 여행,111,100,SN
전주 여행,111,내산,NNG
전주 여행,111,객실,NNG
전주 여행,111,여러,MM
전주 여행,111,타입,NNG
전주 여행,111,선택,NNG
전주 여행,111,가능,NNG
전주 여행,111,한데,XSA+EC
전주 여행,111,명상,NNG
전주 여행,111,스파,NNP
전주 여행,111,다양,NNG
전주 여행,112,전주역,NNP
전주 여행,112,현대,NNP
전주 여행,112,오징어,NNG
전주 여행,112,사리,NNG
전주 여행,112,추가,NNG
전주 여행,112,콩나물국,NNG
전주 여행,112,후기,NNG
전주 여행,112,맛있,VA
전주 여행,112,습니다,EF
전주 여행,112,맛집,NNG
전주 여행,112,진짜,MAG
전주 여행,112,도착,NNG
전주 여행,112,해서,XSV+EC
전주 여행,112,음식,NNG
전주 여행,112,콩나물국,NNG
전주 여행,112,라니,EC
전주 여행,112,진짜,MAG
전주 여행,112,풀리,VV
전주 여행,112,하루,NNG
전주 여행,112,종일,NNG
전주 여행,112,건강,NNG
전주 여행,112,느낌,MAG
전주 여행,112,든든,XR
전주 여행,112,맛있,VA
전주 여행,112,잖아요,EC
전주 여행,112,방법,NNG
전주 여행,112,그대로,MAG
전주 여행,113,레트,NNG
전주 여행,113,현지,NNG
전주 여행,113,맛집,NNG
전주 여행,113,경원,NNG
전주 여행,113,상회,NNG
전주 여행,113,드셔,VV+EP+EC
전주 여행,113,랍니당,EF
전주 여행,113,맛집,NNG
전주 여행,113,주경원,NNP
전주 여행,113,상회,NNG
전주 여행,113,노포,NNG
전주 여행,113,맛집,NNG
전주 여행,113,황태,NNG
전주 여행,113,맛집,NNG
전주 여행,113,전주술,NNG
전주 여행,113,한옥마을,NNP
전주 여행,113,맛집,NNG
전주 여행,113,맥주,NNG
전주 여행,113,오징어,NNG
전주 여행,113,맛집,NNG
전주 여행,114,모주,NNG
전주 여행,114,선물,NNG
전주 여행,114,여기,NP
전주 여행,114,사세요,VV+EP+EF
전주 여행,114,비빔밥,NNG
전주 여행,114,맛집,NNG
전주 여행,114,추천,NNG
전주 여행,114,아래,NNG
전주 여행,114,네이버,NNP
전주 여행,114,지도,NNG
전주 여행,114,에서,JKB
전주 여행,114,주소,NNG
전주 여행,114,으실,EP+ETM
전주 여행,114,습니다,EF
전주 여행,114,근데,MAJ
전주 여행,114,김부각,NNG
전주 여행,114,가게,NNG
전주 여행,114,와서,VV+EC
전주 여행,114,부각,NNG
전주 여행,114,마을,NNG
전주 여행,114,주소,NNG
전주 여행,114,입니다,VCP+EF
전주 여행,114,에서,JKB
전주 여행,114,이웃,NNG
전주 여행,114,선물,NNG
전주 여행,114,어떤,MM
전주 여행,114,나요,EC
전주 여행,114,댓글,NNG
전주 여행,114,알려,VV+EC
전주 여행,114,세요,EP+EF
전주 여행,115,가족,NNG
전주 여행,115,숙소,NNG
전주 여행,115,추천,NNG
전주 여행,115,한옥,NNG
전주 여행,115,마을,NNG
전주 여행,115,인근,NNG
전주 여행,115,에서,JKB
전주 여행,115,아이,NNG
전주 여행,115,호텔,NNG
전주 여행,115,성공,NNG
전주 여행,115,위해서,VV+EC
전주 여행,115,주요,NNG
전주 여행,115,관광지,NNG
전주 여행,115,접근성,NNG
전주 여행,115,아니,VCN
전주 여행,115,동행자,NNG
전주 여행,115,성향,NNG
전주 여행,115,목적,NNG
전주 여행,115,숙소,NNG
전주 여행,115,선택,NNG
전주 여행,115,중요,NNG
전주 여행,115,합니다,XSV+EF
전주 여행,115,이번,NNG
전주 여행,115,에서,JKB
전주 여행,115,한옥마을,NNP
전주 여행,115,시내,NNG
전주 여행,115,중심가,NNG
전주 여행,115,인근,NNG
전주 여행,115,에서,JKB
전주 여행,115,편안,NNG
전주 여행,115,휴식,NNG
전주 여행,116,코스,NNG
전주 여행,116,추천,NNG
전주 여행,116,베스트,NNG
전주 여행,116,강아지,NNG
전주 여행,116,동반,NNG
전주 여행,116,코스,NNG
전주 여행,116,추천,NNG
전주 여행,116,베스트,NNG
전주 여행,116,하루,NNG
전주 여행,116,둘러,VV+EC
전주 여행,116,본다면,VX+EC
전주 여행,116,한옥마을,NNP
전주 여행,116,향교,NNG
전주 여행,116,목대,NNG
전주 여행,116,자만,NNG
전주 여행,116,벽화,NNG
전주 여행,116,마을,NNG
전주 여행,116,청연,NNG
전주 여행,116,순서,NNG
전주 여행,116,움직이,VV
전주 여행,116,방법,NNG
전주 여행,116,추천,NNG
전주 여행,116,합니다,XSV+EF
전주 여행,116,아래,NNG
전주 여행,116,여행지,NNG
전주 여행,116,하나,NR
전주 여행,116,소개,NNG
전주 여행,116,봅니다,VX+EC
전주 여행,117,맛집,NNG
전주 여행,117,베테랑,NNG
전주 여행,117,칼국수,NNG
전주 여행,117,고소,XR
전주 여행,117,들깨,NNG
전주 여행,117,폭탄,NNG
전주 여행,117,필수,NNG
전주 여행,117,코스,NNG
전주 여행,117,맛집,NNG
전주 여행,117,한옥마을,NNP
전주 여행,117,맛집,NNG
전주 여행,117,베테랑,NNG
전주 여행,117,칼국수,NNG
전주 여행,117,베테랑,NNG
전주 여행,117,칼국수,NNG
전주 여행,117,칼국수,NNG
전주 여행,117,맛집,NNG
전주 여행,117,한옥마을,NNP
전주 여행,117,데이트,NNG
전주 여행,117,코스,NNG
전주 여행,117,맛집,NNG
전주 여행,117,추천,NNG
전주 여행,117,한옥마을,NNP
전주 여행,117,먹거리,NNG
전주 여행,117,교동,NNP
전주 여행,117,맛집,NNG
전주 여행,118,필수,NNG
전주 여행,118,코스,NNG
전주 여행,118,거리,XSV
전주 여행,118,바게트,NNG
전주 여행,118,버거,NNG
전주 여행,118,메뉴,NNG
전주 여행,118,가격,NNG
전주 여행,118,내산,NNP
전주 여행,118,가격,NNG
전주 여행,118,저렴,XR
전주 여행,118,다곤,EC
전주 여행,118,지만,EC
전주 여행,118,상당,NNG
전주 여행,118,매력,NNG
전주 여행,118,지닌,VV+ETM
전주 여행,118,음식,NNG
전주 여행,118,신다면,EP+EC
전주 여행,118,메뉴,NNG
전주 여행,118,네요,EF
전주 여행,118,맛있,VA
전주 여행,118,습니다,EF
전주 여행,118,거리,XSV
전주 여행,118,한옥마을,NNP
전주 여행,118,대한,VV+ETM
전주 여행,118,보다,MAG
전주 여행,118,자세,XR
전주 여행,118,후기,NNG
전주 여행,119,대문자,NNG
전주 여행,119,집단,NNG
전주 여행,119,당일치기,NNG
전주 여행,119,사람,NNG
전주 여행,119,인간,NNG
전주 여행,119,군체,NNG
전주 여행,119,15,SN
전주 여행,119,16,SN
전주 여행,119,17,SN
전주 여행,119,휴일,NNG
전주 여행,119,지만,EC
전주 여행,119,14,SN
전주 여행,119,휴가,NNG
전주 여행,119,갑니다,VV+EC
전주 여행,119,사람,NNG
전주 여행,119,인간,NNG
전주 여행,119,군체,NNG
전주 여행,119,DNA,SL
전주 여행,119,제공,NNG
전주 여행,119,DNA,SL
전주 여행,119,후배,NNG
전주 여행,119,사실,MAG
전주 여행,119,남자,NNG
전주 여행,119,혈육,NNG
전주 여행,119,오디세이,NNG
전주 여행,119,아이,IC
전주 여행,119,맥스,NNP
전주 여행,119,다고,EC
전주 여행,119,는데,EC
전주 여행,120,한옥마을,NNP
전주 여행,120,맛집,NNG
전주 여행,120,본점,NNG
전주 여행,120,보석,NNG
전주 여행,120,육회,NNG
전주 여행,120,김밥,NNG
전주 여행,120,부터,JX
전주 여행,120,육전,NNG
전주 여행,120,까지,JX
전주 여행,120,오랜만,NNG
전주 여행,120,한옥마을,NNP
전주 여행,120,떠나,VV
전주 여행,120,면서,EC
전주 여행,120,어디,NP
전주 여행,120,맛있,VA
전주 여행,120,한식,NNG
전주 여행,120,즐길,VV+ETM
전주 여행,120,을까,EC
전주 여행,120,한참,NNG
전주 여행,120,고민,NNG
전주 여행,120,어요,EF
전주 여행,120,그러,VV
전주 여행,120,전북,NNP
전주 여행,120,전주시,NNP
전주 여행,120,완산구,NNP
전주 여행,120,태조,NNG
전주 여행,120,31,SN
전주 여행,120,위치,NNG
전주 여행,120,한옥마을,NNP
전주 여행,120,본점,NNG
전주 여행,120,라는,ETM
전주 여행,121,한옥마을,NNP
전주 여행,121,한복,NNG
전주 여행,121,대여,NNG
전주 여행,121,한복남,NNP
전주 여행,121,가격,NNG
전주 여행,121,시간,NNG
전주 여행,121,한옥마을,NNP
전주 여행,121,한복,NNG
전주 여행,121,대여,NNG
전주 여행,121,티켓,NNG
전주 여행,121,확인,NNG
전주 여행,121,계획,NNG
전주 여행,121,라면,EC
전주 여행,121,추천,NNG
전주 여행,121,합니다,XSV+EF
전주 여행,121,한옥마을,NNP
전주 여행,121,한옥마을,NNP
전주 여행,121,한복,NNG
전주 여행,121,한옥마을,NNP
전주 여행,121,한복,NNG
전주 여행,121,체험,NNG
전주 여행,121,한복,NNG
전주 여행,121,대여,NNG
전주 여행,121,경기전,NNG
전주 여행,121,전북,NNP
전주 여행,122,데이트,NNG
전주 여행,122,파스타,NNG
전주 여행,122,분위기,NNG
전주 여행,122,끝판,NNG
전주 여행,122,맛집,NNG
전주 여행,122,실패,NNG
전주 여행,122,코스,NNG
전주 여행,122,추천,NNG
전주 여행,122,오늘,NNG
전주 여행,122,한옥마을,NNP
전주 여행,122,구경,NNG
전주 여행,122,다가,EC
전주 여행,122,들린,VV+ETM
전주 여행,122,양식,NNG
전주 여행,122,맛집,NNG
전주 여행,122,아담,NNG
전주 여행,122,솔직,XR
전주 여행,122,후기,NNG
전주 여행,122,입니다,VCP+EF
전주 여행,122,이번,NNG
전주 여행,122,주로,MAG
전주 여행,122,는데,EC
전주 여행,122,처음,NNG
전주 여행,122,도착,NNG
전주 여행,122,저녁,NNG
전주 여행,122,양식,NNG
전주 여행,122,어서,EC
전주 여행,122,열심히,MAG
전주 여행,122,서치,NNG
전주 여행,122,다가,EC
전주 여행,122,발견,NNG
전주 여행,122,에요,EF
전주 여행,123,홀로,MAG
전주 여행,123,뚜벅,MAG
전주 여행,123,국내,NNG
전주 여행,123,여행지,NNG
전주 여행,123,추천,NNG
전주 여행,123,BEST,SL
전주 여행,123,치안,NNG
전주 여행,123,힐링,NNG
전주 여행,123,코스,NNG
전주 여행,123,강릉,NNP
전주 여행,123,통영,NNG
전주 여행,123,KTX,SL
전주 여행,123,시내버스,NNG
전주 여행,123,연계,NNG
전주 여행,123,탁월,XR
전주 여행,123,여행자,NNG
전주 여행,123,대상,NNG
전주 여행,123,편의,NNG
전주 여행,123,시설,NNG
전주 여행,123,갖추,VV
전주 여행,123,처음,NNG
전주 여행,123,혼자,NNG
전주 여행,123,시작,NNG
전주 여행,123,에게,JKB
전주 여행,123,최적,NNG
전주 여행,123,선택지,NNG
전주 여행,123,입니다,VCP+EF
전주 여행,123,한눈,NNG
전주 여행,123,홀로,MAG
전주 여행,123,뚜벅,MAG
전주 여행,123,국내,NNG
전주 여행,123,여행지,NNG
전주 여행,124,에서,JKB
전주 여행,124,인천,NNP
전주 여행,124,공항,NNG
전주 여행,124,콜밴,NNP
전주 여행,124,이용,NNG
전주 여행,124,후기,NNG
전주 여행,124,에서,JKB
전주 여행,124,인천,NNP
전주 여행,124,공항,NNG
전주 여행,124,까지,JX
전주 여행,124,편하,VA
전주 여행,124,이동,NNG
전주 여행,124,다면,EC
전주 여행,124,이번,NNG
전주 여행,124,고객,NNG
전주 여행,124,가족,NNG
전주 여행,124,함께,MAG
전주 여행,124,해외여행,NNG
전주 여행,124,앞두,VV
전주 여행,124,에서,JKB
전주 여행,124,인천,NNP
전주 여행,124,공항,NNG
전주 여행,124,까지,JX
전주 여행,124,이동,NNG
전주 여행,124,위해,VV+EC
전주 여행,124,저희,NP
전주 여행,124,에게,JKB
전주 여행,124,예약,NNG
전주 여행,124,습니다,EF
전주 여행,124,전날,NNG
전주 여행,124,그런지,VA+EC
전주 여행,125,호텔,NNG
전주 여행,125,한옥,NNG
전주 여행,125,마을,NNG
전주 여행,125,일락,NNG
전주 여행,125,사랑,NNG
전주 여행,125,장점,NNG
전주 여행,125,가지,NNBC
전주 여행,125,호텔,NNG
전주 여행,125,한옥,NNG
전주 여행,125,마을,NNG
전주 여행,125,일락,NNG
전주 여행,125,사랑,NNG
전주 여행,125,장점,NNG
전주 여행,125,가지,NNBC
전주 여행,125,한옥마을,NNP
전주 여행,125,계획,NNG
전주 여행,125,면서,EC
전주 여행,125,숙소,NNG
전주 여행,125,선택,NNG
전주 여행,125,고민,NNG
전주 여행,125,어요,EF
전주 여행,125,특히,MAG
전주 여행,125,한옥마을,NNP
전주 여행,125,에서,JKB
전주 여행,125,편안,NNG
전주 여행,125,휴식,NNG
전주 여행,125,원하,VV
전주 여행,125,어떤,MM
전주 여행,125,숙소,NNG
전주 여행,125,적합,XR
전주 여행,125,할지,XSA+EC
전주 여행,125,궁금,XR
전주 여행,126,맛집,NNG
전주 여행,126,맛집,NNG
전주 여행,126,추천,NNG
전주 여행,126,해태,NNG
전주 여행,126,바베큐,NNG
전주 여행,126,내산,NNP
전주 여행,126,웨이팅,NNG
전주 여행,126,오늘,NNG
전주 여행,126,다녀오,VV
전주 여행,126,라면,EC
전주 여행,126,입소문,NNG
전주 여행,126,어마어마,XR
전주 여행,126,노포,NNG
전주 여행,126,감성,NNG
전주 여행,126,맛집,NNG
전주 여행,126,후기,NNG
전주 여행,126,낋여왔어용,UNKNOWN
전주 여행,126,바로,MAG
전주 여행,126,전주시,NNP
전주 여행,126,완산구,NNP
전주 여행,126,위치,NNG
전주 여행,126,해태,NNG
전주 여행,126,바베큐,NNG
전주 여행,126,인데요,VCP+EF
전주 여행,126,한옥마을,NNP
전주 여행,126,이나,JC
전주 여행,126,전동성당,NNP
전주 여행,127,아닌,VCN+ETM
전주 여행,127,여름,NNG
전주 여행,127,당일치기,NNG
전주 여행,127,생각,NNG
전주 여행,127,연애,NNG
전주 여행,127,보다,JKB
전주 여행,127,결혼,NNG
전주 여행,127,다녔,VV+EP
전주 여행,127,그래서,MAJ
전주 여행,127,말양이,NNG
전주 여행,127,태어나,VV
전주 여행,127,열심히,MAG
전주 여행,127,돌아다니,VV
전주 여행,127,마음,NNG
전주 여행,127,으로,JKB
전주 여행,127,오빠,NNG
전주 여행,127,연애,NNG
전주 여행,127,는데,EC
전주 여행,128,전북,NNP
전주 여행,128,한옥마을,NNP
전주 여행,128,도보,NNP
전주 여행,128,10,SN
전주 여행,128,하호,NNG
전주 여행,128,게스트,NNP
전주 여행,128,하우스,NNP
전주 여행,128,자세,XR
전주 여행,128,안녕,NNG
전주 여행,128,세요,EP+EF
전주 여행,128,두부,NNG
전주 여행,128,으로,JKB
전주 여행,128,새로,MAG
전주 여행,128,깔끔,XR
전주 여행,128,쾌적,XR
전주 여행,128,한옥마을,NNP
전주 여행,128,도보,NNP
전주 여행,128,10,SN
전주 여행,128,거리,NNG
전주 여행,128,하호,NNG
전주 여행,128,게스트,NNP
전주 여행,128,하우스,NNP
전주 여행,128,후기,NNG
전주 여행,128,하호,NNG
전주 여행,128,게스트,NNP
전주 여행,128,하우스,NNP
전주 여행,128,전북,NNP
전주 여행,128,전주시,NNP
전주 여행,128,완산구,NNP
전주 여행,128,관선,NNG
전주 여행,128,25,SN
전주 여행,128,0507,SN
전주 여행,128,1491,SN
전주 여행,128,5536,SN
전주 여행,128,체크인,NNG
전주 여행,128,11,SN
전주 여행,129,자만,NNG
전주 여행,129,벽화,NNG
전주 여행,129,마을,NNG
전주 여행,129,골목,NNG
전주 여행,129,마다,JX
전주 여행,129,이야기,NNG
전주 여행,129,가득,MAG
전주 여행,129,여행지,NNG
전주 여행,129,한옥,NNG
전주 여행,129,마을,NNG
전주 여행,129,언덕,NNG
전주 여행,129,미술관,NNG
전주 여행,129,자만,NNG
전주 여행,129,벽화,NNG
전주 여행,129,마을,NNG
전주 여행,129,사진,NNG
전주 여행,129,살림,NNG
전주 여행,129,여행가,NNG
전주 여행,129,한옥마을,NNP
전주 여행,129,그냥,MAG
전주 여행,129,지나치,VA
전주 여행,129,아쉬운,VA+ETM
전주 여행,129,바로,MAG
전주 여행,129,자만,NNG
전주 여행,129,벽화,NNG
전주 여행,129,마을,NNG
전주 여행,129,자만,NNG
전주 여행,129,마을,NNG
전주 여행,129,소개,NNG
전주 여행,129,골목,NNG
전주 여행,129,지도,NNG
전주 여행,130,가양,NNG
전주 여행,130,조장,NNG
전주 여행,130,객사,NNG
전주 여행,130,술집,NNG
전주 여행,130,추천,NNG
전주 여행,130,무한,NNG
전주 여행,130,안주,NNG
전주 여행,130,맛집,NNG
전주 여행,130,진짜,MAG
전주 여행,130,맛있,VA
전주 여행,130,더라구요,EF
전주 여행,130,그래도,MAJ
전주 여행,130,어서,EC
전주 여행,130,이제,MAG
전주 여행,130,진짜,MAG
전주 여행,130,막잔,NNG
전주 여행,130,일어나,VV
전주 여행,130,는데,EC
전주 여행,130,미역국,NNG
전주 여행,130,나와,VV+EC
전주 여행,130,그래도,VV+EC
전주 여행,130,남자,NNG
전주 여행,130,친구,NNG
전주 여행,130,생일,NNG
전주 여행,130,기념,NNG
전주 여행,130,으로,JKB
전주 여행,130,미역국,NNG
전주 여행,130,는데,EC
전주 여행,130,이렇,VA
전주 여행,131,객사,NNG
전주 여행,131,맛집,NNG
전주 여행,131,누보,NNG
전주 여행,131,닭갈비,NNG
전주 여행,131,내산,NNP
전주 여행,131,후기,NNG
전주 여행,131,닭갈비,NNG
전주 여행,131,고르,VA
전주 여행,131,졸라,VV+EC
전주 여행,131,입니다,VCP+EF
전주 여행,131,오늘,MAG
전주 여행,131,맛집,NNG
전주 여행,131,누보,NNG
전주 여행,131,닭갈비,NNG
전주 여행,131,내산,NNP
전주 여행,131,후기,NNG
전주 여행,131,기록,NNG
전주 여행,131,볼게요,VX+EF
전주 여행,131,누보,NNG
전주 여행,131,닭갈비,NNG
전주 여행,131,전북,NNP
전주 여행,131,전주시,NNP
전주 여행,131,완산구,NNP
전주 여행,131,객사,NNG
전주 여행,131,74,SN
전주 여행,131,54,SN
전주 여행,131,영업시간,NNG
전주 여행,131,매일,MAG
전주 여행,131,11,SN
전주 여행,131,00,SN
전주 여행,131,22,SN
전주 여행,131,00,SN
전주 여행,131,브레이크,NNG
전주 여행,131,타임,NNG
전주 여행,131,15,SN
전주 여행,131,30,SN
전주 여행,131,17,SN
전주 여행,131,00,SN
전주 여행,132,2026,SN
전주 여행,132,05,SN
전주 여행,132,01,SN
전주 여행,132,02,SN
전주 여행,132,처음,NNG
전주 여행,132,목포,NNP
전주 여행,132,가족,NNG
전주 여행,132,포기,NNG
전주 여행,132,지언정,VV+EC
전주 여행,132,엠티,NNG
전주 여행,132,포기,NNG
전주 여행,132,어렵,VA
전주 여행,132,그래서,MAJ
전주 여행,132,계획,NNG
전주 여행,132,조금,MAG
전주 여행,132,수정,NNG
전주 여행,132,어차피,MAG
전주 여행,132,한옥,NNG
전주 여행,132,마을,NNG
전주 여행,132,에서,JKB
전주 여행,132,다고,EC
전주 여행,132,생각,NNG
전주 여행,132,아침,NNG
전주 여행,132,일찍,MAG
전주 여행,132,봄이,NNP
전주 여행,132,떠나,VV
전주 여행,132,우린,NP+JX
전주 여행,132,목포,NNG
전주 여행,132,Go,SL
전주 여행,132,Go,SL
전주 여행,133,풍남문,NNG
전주 여행,133,광장,NNG
전주 여행,133,금연,NNG
전주 여행,133,금주,NNG
전주 여행,133,구역,NNG
전주 여행,133,지정,NNG
전주 여행,133,과태료,NNG
전주 여행,133,단속,NNG
전주 여행,133,일정,NNG
전주 여행,133,필수,NNG
전주 여행,133,명소,NNG
전주 여행,133,한옥,NNG
전주 여행,133,마을,NNG
전주 여행,133,인근,NNG
전주 여행,133,위치,NNG
전주 여행,133,시민,NNG
전주 여행,133,관광객,NNG
전주 여행,133,풍남문,NNG
전주 여행,133,광장,NNG
전주 여행,133,새롭,VA
전주 여행,133,탈바꿈,NNG
전주 여행,133,합니다,XSV+EF
전주 여행,133,동안,NNG
전주 여행,133,일부,NNG
전주 여행,133,질서,NNG
전주 여행,133,행위,NNG
전주 여행,133,인해,VV+EC
전주 여행,133,불편,NNG
전주 여행,133,광장,NNG
전주 여행,133,담배,NNG
전주 여행,133,청정,NNG
전주 여행,134,호텔,NNG
전주 여행,134,노송동,NNP
전주 여행,134,프라이빗,NNG
전주 여행,134,하우스,NNP
전주 여행,134,75,SN
전주 여행,134,침실,NNG
전주 여행,134,프라이빗,NNG
전주 여행,134,욕실,NNG
전주 여행,134,특히,MAG
전주 여행,134,가족,NNG
전주 여행,134,단위,NNG
전주 여행,134,여행자,NNG
전주 여행,134,에게,JKB
전주 여행,134,안성맞춤,NNG
전주 여행,134,아요,EC
전주 여행,134,신시,NNP
전주 여행,134,가지,JX
전주 여행,134,신시가지,NNG
전주 여행,134,37,SN
전주 여행,134,124,SN
전주 여행,134,별점,NNG
전주 여행,134,반면,NNG
전주 여행,134,신시가지,NNG
전주 여행,134,합리,NNG
전주 여행,134,가격,NNG
전주 여행,134,깔끔,XR
전주 여행,134,객실,NNG
전주 여행,134,제공,NNG
전주 여행,135,에서,JKB
전주 여행,135,빠질,VV+ETM
전주 여행,135,한옥,NNG
전주 여행,135,마을,NNG
전주 여행,135,카페,NNG
전주 여행,135,고즈넉,XR
전주 여행,135,찻집,NNG
전주 여행,135,교동,NNG
전주 여행,135,최근,NNG
전주 여행,135,다녀오,VV
전주 여행,135,면서,EC
전주 여행,135,튜버,NNP
전주 여행,135,소개,NNG
전주 여행,135,한옥마을,NNP
전주 여행,135,카페인,NNP
전주 여행,135,교동,NNP
전주 여행,135,다원,NNG
전주 여행,135,들렀,VV+EP
전주 여행,135,후기,NNG
전주 여행,135,봅니다,VX+EC
전주 여행,135,교동,NNP
전주 여행,135,다원,NNG
전주 여행,135,한옥,NNG
전주 여행,135,마을,NNG
전주 여행,135,위치,NNG
전주 여행,135,어요,EF
전주 여행,135,아래,NNG
전주 여행,135,지도,NNG
전주 여행,135,참고,NNG
전주 여행,135,세요,EP+EF
전주 여행,136,목포,NNP
전주 여행,136,목포,NNP
전주 여행,136,해상,NNP
전주 여행,136,케이블카,NNG
전주 여행,136,가격,NNG
전주 여행,136,할인,NNG
전주 여행,136,내산,NNP
전주 여행,136,후기,NNG
전주 여행,136,야옹,NNG
전주 여행,136,예요,EC
전주 여행,136,목포,NNP
전주 여행,136,제주,NNP
전주 여행,136,여행기,NNG
전주 여행,136,오늘,NNG
전주 여행,136,목포,NNP
전주 여행,136,에서,JKB
전주 여행,136,진짜,MAG
전주 여행,136,가장,MAG
전주 여행,136,스릴,NNG
전주 여행,136,재밌,VA
전주 여행,136,목포,NNG
전주 여행,136,소개,NNG
전주 여행,136,시켜,XSV+EC
전주 여행,136,드리,VX
전주 여행,136,려구요,EC
전주 여행,136,목포,NNP
전주 여행,136,해상,NNP
전주 여행,136,케이블카,NNG
전주 여행,136,북항,NNG
전주 여행,136,승강장,NNG
전주 여행,136,네이버,NNP
전주 여행,136,지도,NNG
전주 여행,136,목포,NNP
전주 여행,136,해상,NNP
전주 여행,136,케이블카,NNG
전주 여행,137,한옥마을,NNP
전주 여행,137,코스,NNG
전주 여행,137,추천,NNG
전주 여행,137,길거리,NNG
전주 여행,137,간식,NNG
전주 여행,137,리스트,NNG
전주 여행,137,오늘,NNG
전주 여행,137,고장,NNG
전주 여행,137,한옥마을,NNP
전주 여행,137,코스,NNG
전주 여행,137,소개,NNG
전주 여행,137,드렸,VX+EP
전주 여행,137,어요,EF
전주 여행,137,이번,NNG
전주 여행,137,주말,NNG
전주 여행,137,아름다운,VA+ETM
전주 여행,137,한옥,NNG
전주 여행,137,풍경,NNG
전주 여행,137,감상,NNG
전주 여행,137,맛있,VA
전주 여행,137,간식,NNG
전주 여행,137,투어,NNG
전주 여행,137,떠나,VV+EC
전주 여행,137,어떨까,VA+EC
전주 여행,138,고속버스,NNG
전주 여행,138,터미널,NNG
전주 여행,138,시간표,NNG
전주 여행,138,확인,NNG
전주 여행,138,맛집,NNG
전주 여행,138,까지,JX
전주 여행,138,유용,XR
전주 여행,138,더욱,MAG
전주 여행,138,알차,VA
전주 여행,138,즐기,VV
전주 여행,138,위한,VV+ETM
전주 여행,138,가지,NNBC
전주 여행,138,공유,NNG
전주 여행,138,합니다,XSA+EF
전주 여행,138,고속버스,NNG
전주 여행,138,터미널,NNG
전주 여행,138,에서,JKB
전주 여행,138,한옥마을,NNP
전주 여행,138,까지,JX
전주 여행,138,택시,NNG
전주 여행,138,이용,NNG
전주 여행,138,10,SN
전주 여행,138,15,SN
전주 여행,138,정도,NNG
전주 여행,138,소요,NNG
전주 여행,138,됩니다,XSV+EF
전주 여행,138,버스,NNG
전주 여행,138,이용,NNG
전주 여행,138,경우,NNG
전주 여행,138,다양,XR
전주 여행,139,코스,NNG
전주 여행,139,한옥마을,NNP
전주 여행,139,먹거리,NNG
전주 여행,139,방산,NNG
전주 여행,139,코스,NNG
전주 여행,139,중간,NNG
전주 여행,139,출출,XR
전주 여행,139,해진,XSA+EC+VX+ETM
전주 여행,139,시점,NNG
전주 여행,139,들러,VV+EC
전주 여행,139,꼬치,NNG
전주 여행,139,자루,NNG
전주 여행,139,식혜,NNG
전주 여행,139,으로,JKB
전주 여행,139,충전,NNG
전주 여행,139,완벽,NNG
전주 여행,139,코스,NNG
전주 여행,139,수립,NNG
전주 여행,139,어떨까,VA+EC
전주 여행,139,이상,NNG
전주 여행,139,한옥마을,NNP
전주 여행,139,방산,NNG
전주 여행,139,보고,NNG
전주 여행,139,마칩니다,VV+EC
전주 여행,140,양추,NNG
전주 여행,140,1205,SN
전주 여행,140,에서,JKB
전주 여행,140,만난,VV+ETM
전주 여행,140,갈비,NNG
전주 여행,140,한상,NNG
전주 여행,140,안녕,NNG
전주 여행,140,세요,EP+EF
전주 여행,140,문경선,NNG
전주 여행,140,입니다,VCP+EF
전주 여행,140,관광지,NNG
전주 여행,140,만큼,JKB
전주 여행,140,이나,JX
전주 여행,140,기대,NNG
전주 여행,140,바로,MAG
전주 여행,140,맛집,NNG
전주 여행,140,탐방,NNG
전주 여행,140,이번,NNG
전주 여행,140,여섯,NR
전주 여행,140,이야기,NNG
전주 여행,140,피로,NNG
전주 여행,140,든든,XR
전주 여행,140,추성,NNG
전주 여행,140,1205,SN
전주 여행,140,갈비,NNG
전주 여행,140,입니다,VCP+EC
전주 여행,141,맛집,NNG
전주 여행,141,추천,NNG
전주 여행,141,맛집,NNG
전주 여행,141,맛집,NNG
전주 여행,141,추천,NNG
전주 여행,141,코스,NNG
전주 여행,141,가족,NNG
전주 여행,141,먹방,NNG
전주 여행,141,맛집,NNG
전주 여행,141,리뷰,NNP
전주 여행,141,카페,NNG
전주 여행,141,카페,NNG
전주 여행,141,추천,NNP
전주 여행,141,팥빙수,NNP
전주 여행,141,아이,NNG
전주 여행,141,추천,NNG
전주 여행,141,AJBGMALL,SL
전주 여행,142,경험,NNG
전주 여행,142,사실,NNG
전주 여행,142,혼자,NNG
전주 여행,142,으로,JKB
전주 여행,142,계획,NNG
전주 여행,142,했으나,XSV+EP+EC
전주 여행,142,갑자기,MAG
전주 여행,142,마음,NNG
전주 여행,142,심란,XR
전주 여행,142,이슈,NNG
전주 여행,142,당사자,NNG
전주 여행,142,모르,VV
전주 여행,142,찌도,NNG
전주 여행,142,함께,MAG
전주 여행,142,으로,JKB
전주 여행,142,변경,NNG
전주 여행,142,숙소,NNG
전주 여행,142,처음,NNG
전주 여행,142,혼자,MAG
전주 여행,142,생각,NNG
전주 여행,142,으로,JKB
전주 여행,142,미리,MAG
전주 여행,142,뒀었,VX+EP
전주 여행,142,기차표,NNG
전주 여행,142,찌도,NNG
전주 여행,143,주도,NNG
전주 여행,143,로컬,NNG
전주 여행,143,패스,NNG
전주 여행,143,풍성,XR
전주 여행,143,즐기,VV
전주 여행,143,사랑,NNG
전주 여행,143,로컬,NNG
전주 여행,143,패스,NNG
전주 여행,143,로컬,NNG
전주 여행,143,패스,NNG
전주 여행,143,준비,NNG
전주 여행,143,는데,EC
전주 여행,143,유명,XR
전주 여행,143,명소,NNG
전주 여행,143,생각난,VV+ETM
전주 여행,143,다면,NNG
전주 여행,143,로컬,NNG
전주 여행,143,패스,NNG
전주 여행,143,사용,NNG
전주 여행,143,혜택,NNG
전주 여행,143,함께,MAG
전주 여행,143,풍성,XR
전주 여행,143,알차,VA
전주 여행,143,즐겨볼,VV+EC+VX+ETM
전주 여행,143,다는,ETM
전주 여행,143,사실,NNG
전주 여행,144,호텔,NNG
전주 여행,144,가족,NNG
전주 여행,144,즐거운,VA+ETM
전주 여행,144,여름,NNG
전주 여행,144,호텔,NNG
전주 여행,144,다녀왔,VV+EP
전주 여행,144,어요,EF
전주 여행,144,씽씽,MAG
전주 여행,144,달려서,VV+EC
전주 여행,144,도착,NNG
전주 여행,144,객실,NNG
전주 여행,144,한옥,NNP
전주 여행,144,디럭스,NNP
전주 여행,144,트윈,NNP
전주 여행,144,들어가,VV
전주 여행,144,바로,MAG
전주 여행,144,보이,VV
전주 여행,144,입구,NNG
전주 여행,144,커피포트,NNG
전주 여행,144,생수,NNG
전주 여행,144,종이컵,NNG
전주 여행,144,구요,EF
전주 여행,144,미니,NNG
전주 여행,145,추천,NNG
전주 여행,145,가을,NNG
전주 여행,145,코스,NNG
전주 여행,145,이렇게,MAG
전주 여행,145,다녀오,VV
전주 여행,145,세요,EP+EF
전주 여행,145,한옥마을,NNP
전주 여행,145,에서,JKB
전주 여행,145,가장,MAG
전주 여행,145,먼저,MAG
전주 여행,145,떠오르,VV
전주 여행,145,한옥,NNP
전주 여행,145,이어지,VV
전주 여행,145,골목,NNG
전주 여행,145,천천히,MAG
전주 여행,145,기분,NNG
전주 여행,145,제대로,MAG
전주 여행,145,느껴져요,VV+EC+VX+EF
전주 여행,145,한복,NNG
전주 여행,145,사진,NNG
전주 여행,145,어도,EC
전주 여행,145,한옥,NNG
전주 여행,145,카페,NNG
전주 여행,145,들러,VV+EC
전주 여행,145,어가,EC
전주 여행,145,아서,EC
전주 여행,146,카페,NNG
전주 여행,146,평화,NNG
전주 여행,146,평화,NNG
전주 여행,146,한옥,NNG
전주 여행,146,마을,NNG
전주 여행,146,근처,NNG
전주 여행,146,낭시,NNG
전주 여행,146,맛집,NNG
전주 여행,146,카페,NNG
전주 여행,146,한옥,NNG
전주 여행,146,마을,NNG
전주 여행,146,근처,NNG
전주 여행,146,낭시,NNG
전주 여행,146,맛집,NNG
전주 여행,146,평화,NNG
전주 여행,146,평화,NNG
전주 여행,146,주방,NNG
전주 여행,146,전북,NNP
전주 여행,146,전주시,NNP
전주 여행,146,완산구,NNP
전주 여행,146,전주천,NNP
전주 여행,146,서로,MAG
전주 여행,146,47,SN
전주 여행,146,매일,NNG
전주 여행,146,08,SN
전주 여행,146,00,SN
전주 여행,146,20,SN
전주 여행,146,00,SN
전주 여행,146,주차,NNG
전주 여행,146,공간,NNG
전주 여행,146,근처,NNG
전주 여행,146,무료,NNG
전주 여행,146,주차장,NNG
전주 여행,146,이용,NNG
전주 여행,146,가능,NNG
전주 여행,146,간다고,VV+EC
전주 여행,146,카페,NNG
전주 여행,146,추천,NNG
전주 여행,147,다래끼,NNG
전주 여행,147,외출,NNG
전주 여행,147,갑자기,MAG
전주 여행,147,눈꺼풀,NNG
전주 여행,147,아프,VA
전주 여행,147,다면,EC
전주 여행,147,선선,XR
전주 여행,147,바람,NNG
전주 여행,147,시작,NNG
전주 여행,147,여름,NNG
전주 여행,147,보다,JKB
전주 여행,147,야외,NNG
전주 여행,147,활동,NNG
전주 여행,147,한결,MAG
전주 여행,147,편해,VA+EC
전주 여행,147,면서,EC
전주 여행,147,거나,EC
전주 여행,147,산책,NNG
전주 여행,147,다래끼,NNG
전주 여행,147,다래끼,NNG
전주 여행,147,의심,NNG
전주 여행,147,된다고,XSV+EC
전주 여행,147,해서,VV+EC
전주 여행,147,으로,JKB
전주 여행,147,누르,VV
전주 여행,147,거나,EC
전주 여행,147,직접,MAG
전주 여행,147,내용물,NNG
전주 여행,147,빼내,VV
전주 여행,147,려고,EC
전주 여행,147,행동,NNG
전주 여행,147,피해야,VV+EC
전주 여행,148,다가,EC
전주 여행,148,여행자,NNG
전주 여행,148,도서관,NNG
전주 여행,148,아요,EF
전주 여행,148,온돌,NNG
전주 여행,148,마루도,NNP
전주 여행,148,테이블,NNG
전주 여행,148,어요,EF
전주 여행,148,엽서,NNG
전주 여행,148,색칠,NNG
전주 여행,148,답니다,EC
전주 여행,148,지나가,VV
전주 여행,148,들러,VV+EC
전주 여행,148,세요,EP+EF
전주 여행,148,색다른,VA+ETM
전주 여행,148,경험,NNG
전주 여행,148,에요,VCP+EF
전주 여행,148,도서관,NNG
전주 여행,148,다가,EC
전주 여행,148,여행자,NNG
전주 여행,148,도서관,NNG
전주 여행,148,도서관,NNG
전주 여행,149,현대,NNG
전주 여행,149,남부,NNG
전주 여행,149,시장,NNG
전주 여행,149,다방,NNG
전주 여행,149,바게트,NNG
전주 여행,149,이어서,VV+EC
전주 여행,149,코스,NNG
전주 여행,149,치명,NNG
전주 여행,149,자산,NNG
전주 여행,149,성지,NNG
전주 여행,149,메르,NNP
전주 여행,149,진미,NNG
전주 여행,149,금암,NNG
전주 여행,149,직영,NNG
전주 여행,149,로스터,NNG
전주 여행,149,호텔,NNG
전주 여행,149,체크,NNG
전주 여행,149,DID,SL
전주 여행,149,객사,NNG
전주 여행,149,금지옥엽,NNG
전주 여행,149,동영,NNG
전주 여행,149,커피,NNG
전주 여행,149,교지,NNG
전주 여행,149,PNB,SL
전주 여행,149,풍년제,NNP
전주 여행,150,통영,NNG
전주 여행,150,맛집,NNG
전주 여행,150,전현무,NNP
전주 여행,150,계획,NNG
전주 여행,150,나온,VV+ETM
전주 여행,150,통영,NNG
전주 여행,150,맛집,NNG
전주 여행,150,은하,NNG
전주 여행,150,수다,NNG
전주 여행,150,여전히,MAG
전주 여행,150,거제,NNG
전주 여행,150,통영,NNG
전주 여행,150,통영,NNG
전주 여행,150,숙박,NNG
전주 여행,150,자연스레,MAG
전주 여행,150,통영,NNG
전주 여행,150,에서,JKB
전주 여행,150,둘째,NR
전주 여행,150,저녁,NNG
전주 여행,150,식사,NNG
전주 여행,150,막걸리,NNG
전주 여행,150,한상,NNG
전주 여행,150,요새,NNG
전주 여행,150,유행,NNG
전주 여행,150,이모,NNG
전주 여행,150,카세,NNP
전주 여행,150,느낌,NNG
전주 여행,150,으로,JKB
전주 여행,150,시키,VV
전주 여행,150,안주,NNG
전주 여행,151,한옥마을,NNP
전주 여행,151,아이,NNG
전주 여행,151,홍시,NNG
전주 여행,151,한옥,NNG
전주 여행,151,숙박,NNG
전주 여행,151,조식,NNG
전주 여행,151,난장,NNG
전주 여행,151,한울,NNP
전주 여행,151,무더운,VA+ETM
전주 여행,151,여름,NNG
전주 여행,151,남편,NNG
전주 여행,151,고향,NNG
전주 여행,151,에서,JKB
전주 여행,151,가족,NNG
전주 여행,151,제사,NNG
전주 여행,151,어서,EC
전주 여행,151,겸사겸사,MAG
전주 여행,151,다녀왔,VV+EP
전주 여행,151,아이,NNG
전주 여행,151,이랑,JC
전주 여행,151,한옥마을,NNP
전주 여행,151,다니,VV
전주 여행,151,재밌,VA
전주 여행,151,아서,EC
전주 여행,151,한옥,NNG
전주 여행,151,숙박,NNG
전주 여행,151,예약,NNG
전주 여행,151,한옥마을,NNP
전주 여행,151,정도,NNG
전주 여행,151,는데,EC
전주 여행,152,해외여행,NNG
전주 여행,152,준비,NNG
전주 여행,152,편해졌,VA+EC+VX+EP
전주 여행,152,KT,SL
전주 여행,152,로밍,NNG
전주 여행,152,데이터,NNG
전주 여행,152,확대,NNG
전주 여행,152,익산,NNP
전주 여행,152,에서,JKB
전주 여행,152,익산,NNP
전주 여행,152,여행객,NNG
전주 여행,152,라면,EC
전주 여행,152,무료,NNG
전주 여행,152,장기,NNG
전주 여행,152,주차,NNG
전주 여행,152,활용,NNG
전주 여행,152,세요,EP+EF
전주 여행,152,자가용,NNG
전주 여행,152,으로,JKB
전주 여행,152,대한,VV+ETM
전주 여행,152,관광,NNG
전주 여행,152,리무진,NNG
전주 여행,152,승차장,NNG
전주 여행,152,까지,JX
전주 여행,152,이동,NNG
전주 여행,152,고객,NNG
전주 여행,152,라면,EC
전주 여행,152,승객,NNG
전주 여행,152,전용,NNG
전주 여행,152,무료,NNG
전주 여행,152,장기,NNG
전주 여행,152,주차장,NNG
전주 여행,152,이용,NNG
전주 여행,152,다는,ETM
전주 여행,152,장점,NNG
전주 여행,152,입니다,VCP+EF
전주 여행,152,익산,NNP
전주 여행,152,IC,SL
전주 여행,152,승차장,NNG
전주 여행,153,고속버스,NNG
전주 여행,153,터미널,NNG
전주 여행,153,시간표,NNG
전주 여행,153,예매,NNG
전주 여행,153,부터,JX
전주 여행,153,주차장,NNG
전주 여행,153,맛집,NNG
전주 여행,153,까지,JX
전주 여행,153,최신,NNG
전주 여행,153,정보,NNG
전주 여행,153,시간표,NNG
전주 여행,153,확인,NNG
전주 여행,153,부터,JX
전주 여행,153,예매,NNG
전주 여행,153,방법,NNG
전주 여행,153,터미널,NNG
전주 여행,153,주차장,NNG
전주 여행,153,정보,NNG
전주 여행,153,그리고,MAJ
전주 여행,153,주변,NNG
전주 여행,153,맛집,NNG
전주 여행,153,까지,JX
전주 여행,153,계획,NNG
전주 여행,153,필요,NNG
전주 여행,153,내용,NNG
전주 여행,153,상세,XR
전주 여행,153,정리,NNG
전주 여행,153,습니다,EF
전주 여행,153,시간표,NNG
전주 여행,153,바로,MAG
전주 여행,153,확인,NNG
전주 여행,153,주차장,NNG
전주 여행,153,정보,NNG
전주 여행,153,조회,NNG
전주 여행,153,맛집,NNG
전주 여행,153,리스트,NNG
전주 여행,154,강릉,NNP
전주 여행,154,만동,NNG
전주 여행,154,이렇게,MAG
전주 여행,154,유명,XR
전주 여행,154,할까,XSA+EC
전주 여행,154,빵집,NNG
전주 여행,154,추천,NNG
전주 여행,154,여름,NNG
전주 여행,154,강릉,NNP
전주 여행,154,좋아하,VV
전주 여행,154,는데요,EC
전주 여행,154,강릉,NNP
전주 여행,154,계획,NNG
전주 여행,154,맛집,NNG
전주 여행,154,만큼,JKB
전주 여행,154,고민,NNG
전주 여행,154,는데,EC
전주 여행,154,여기,NP
전주 여행,154,까지,JX
전주 여행,154,는데,EC
전주 여행,154,봐야,VX+EC
전주 여행,154,입니다,VCP+EF
전주 여행,154,특히,MAG
전주 여행,154,강릉,NNP
전주 여행,154,커피,NNG
전주 여행,154,부터,JX
전주 여행,155,유럽,NNP
전주 여행,155,감성,NNG
전주 여행,155,이색,NNG
전주 여행,155,토루,NNP
전주 여행,155,청주,NNP
전주 여행,155,공항,NNG
전주 여행,155,무료,NNG
전주 여행,155,수송,NNG
전주 여행,155,포함,NNG
전주 여행,155,포함,NNG
전주 여행,155,사항,NNG
전주 여행,155,왕복,NNG
전주 여행,155,항공료,NNG
전주 여행,155,유류,NNG
전주 여행,155,할증료,NNG
전주 여행,155,TAX,SL
전주 여행,155,숙소,NNG
전주 여행,155,식사비,NNG
전주 여행,155,전용,NNG
전주 여행,155,차량,NNG
전주 여행,155,관광지,NNG
전주 여행,155,입장료,NNG
전주 여행,155,기사,NNG
전주 여행,155,가이드,NNG
전주 여행,155,경비,NNG
전주 여행,155,여행자,NNG
전주 여행,155,보험,NNG
전주 여행,155,광주,NNP
전주 여행,155,청구,NNP
전주 여행,155,공항,NNG
전주 여행,155,무료,NNG
전주 여행,155,수송,NNG
전주 여행,155,셔틀,NNG
전주 여행,155,포함,NNG
전주 여행,155,사항,NNG
전주 여행,155,기타,NNG
전주 여행,155,개인,NNG
전주 여행,155,경비,NNG
전주 여행,155,각종,NNG
전주 여행,155,매너,NNG
전주 여행,156,호텔,NNG
전주 여행,156,하늘,NNG
전주 여행,156,한옥마을,NNP
전주 여행,156,숙박,NNG
전주 여행,156,솔직,XR
전주 여행,156,후기,NNG
전주 여행,156,호텔,NNG
전주 여행,156,하늘,NNG
전주 여행,156,한옥마을,NNP
전주 여행,156,숙박,NNG
전주 여행,156,솔직,XR
전주 여행,156,후기,NNG
전주 여행,156,신다면,EP+EC
전주 여행,156,숙소,NNG
전주 여행,156,선택,NNG
전주 여행,156,항상,MAG
전주 여행,156,고민,NNG
전주 여행,156,특히,MAG
전주 여행,156,한옥,NNG
전주 여행,156,마을,NNG
전주 여행,156,근처,NNG
전주 여행,156,에서,JKB
전주 여행,156,숙박,NNG
전주 여행,156,으신다면,EP+EC
전주 여행,156,어떤,MM
전주 여행,156,을지,EC
전주 여행,156,궁금,XR
전주 여행,156,예요,VCP+EF
전주 여행,156,그래서,MAJ
전주 여행,156,오늘,NNG
전주 여행,157,맛집,NNG
전주 여행,157,제대로,MAG
전주 여행,157,주물,NNG
전주 여행,157,갈비,NNG
전주 여행,157,베테랑,NNG
전주 여행,157,칼국수,NNG
전주 여행,157,방문,NNG
전주 여행,157,후기,NNG
전주 여행,157,오늘,NNG
전주 여행,157,작년,NNG
전주 여행,157,이맘때,NNG
전주 여행,157,다녀온,VV+ETM
전주 여행,157,이야기,NNG
전주 여행,157,려고,EC
전주 여행,157,합니다,VX+EF
전주 여행,157,저희,NP
전주 여행,157,부부,NNG
전주 여행,157,자차,NNG
전주 여행,157,이동,NNG
전주 여행,157,보다,JKB
전주 여행,157,KTX,SL
전주 여행,157,좋아하,VV
전주 여행,157,는데요,EC
전주 여행,157,운전,NNG
전주 여행,157,필요,NNG
전주 여행,157,없이,MAG
전주 여행,157,편하,VA
전주 여행,157,이동,NNG
전주 여행,157,면서,EC
전주 여행,157,기분,NNG
전주 여행,157,제대로,MAG
전주 여행,158,호텔,NNG
전주 여행,158,아름다운,VA+ETM
전주 여행,158,한옥,NNG
전주 여행,158,체험,NNG
전주 여행,158,추천,NNG
전주 여행,158,이유,NNG
전주 여행,158,Avenue,SL
전주 여행,158,터미널,NNG
전주 여행,158,지점,NNG
전주 여행,158,294,SN
전주 여행,158,403,SN
전주 여행,158,별점,NNG
전주 여행,158,편리,NNG
전주 여행,158,위치,NNG
전주 여행,158,여행자,NNG
전주 여행,158,에게,JKB
전주 여행,158,인기,NNG
전주 여행,158,아요,EF
전주 여행,158,호텔,NNG
전주 여행,158,아름다운,VA+ETM
전주 여행,158,한옥,NNG
전주 여행,158,체험,NNG
전주 여행,158,기준,NNG
전주 여행,158,으로,JKB
전주 여행,158,순위,NNG
전주 여행,158,숙소,NNG
전주 여행,158,구성,NNG
전주 여행,158,관리,NNG
전주 여행,158,편의,NNG
전주 여행,159,호텔,NNG
전주 여행,159,수영장,NNG
전주 여행,159,조식,NNG
전주 여행,159,사우,NNG
전주 여행,159,가격,NNG
전주 여행,159,예약,NNG
전주 여행,159,처럼,JKB
전주 여행,159,예정,NNG
전주 여행,159,할인,NNG
전주 여행,159,쿠폰,NNG
전주 여행,159,예약,NNG
전주 여행,159,추천,NNG
전주 여행,159,드려요,VV+EC
전주 여행,159,여기,NP
전주 여행,159,어때,VA+EC
전주 여행,159,숙소,NNG
전주 여행,159,할인,NNG
전주 여행,159,쿠폰,NNG
전주 여행,159,다운,XSA+ETM
전주 여행,159,위치,NNG
전주 여행,159,한옥마을,NNP
전주 여행,159,도보,NNP
전주 여행,159,위치,NNG
전주 여행,159,얘기,NNG
전주 여행,159,어요,EF
전주 여행,159,체크인,NNG
전주 여행,159,엘리베이터,NNG
전주 여행,160,2026,SN
전주 여행,160,여름,NNG
전주 여행,160,방학,NNG
전주 여행,160,초코파이,NNP
전주 여행,160,사고,NNG
전주 여행,160,으로,JKB
전주 여행,160,다음,NNG
전주 여행,160,겨울,NNG
전주 여행,160,방학,NNG
전주 여행,160,어디,NP
전주 여행,160,으니,EC
전주 여행,160,열심히,MAG
전주 여행,160,맛난,VA+ETM
전주 여행,160,주로,MAG
전주 여행,160,가보세요,NNG
전주 여행,160,한옥마을,NNP
전주 여행,160,전동,NNG
전주 여행,160,떡갈비,NNG
전주 여행,160,한옥마을,NNP
전주 여행,160,본점,NNG
전주 여행,160,파스,NNG
전주 여행,161,금암,NNG
전주 여행,161,면옥,NNG
전주 여행,161,본점,NNG
전주 여행,161,금암동,NNP
전주 여행,161,맛집,NNG
전주 여행,161,필수,NNG
전주 여행,161,코스,NNG
전주 여행,161,칼국수,NNG
전주 여행,161,통깨,NNG
전주 여행,161,잔뜩,MAG
전주 여행,161,들어가,VV+EC
전주 여행,161,어서,EC
전주 여행,161,고소,XR
전주 여행,161,계란,NNG
전주 여행,161,풀어져,VV+EC
전주 여행,161,어서,EC
전주 여행,161,녹진,XR
전주 여행,161,진짜,MAG
전주 여행,161,맛있,VA
전주 여행,161,으니,EC
전주 여행,161,드셔,VV+EP+EC
전주 여행,161,세요,EP+EF
전주 여행,161,맛집,NNG
전주 여행,161,코스,NNG
전주 여행,161,금암동,NNP
전주 여행,161,맛집,NNG
전주 여행,161,으시,EP
전주 여행,161,금암,NNG
전주 여행,161,면옥,NNG
전주 여행,161,본점,NNG
전주 여행,161,강력,NNG
전주 여행,161,추천,NNG
전주 여행,161,드립니다,VV+EC
전주 여행,162,식도락,NNG
전주 여행,162,한옥마을,NNP
전주 여행,162,부터,JX
전주 여행,162,콩나물국,NNG
전주 여행,162,비빔밥,NNG
전주 여행,162,그래서,MAJ
전주 여행,162,식도락,NNG
전주 여행,162,궁합,NNG
전주 여행,162,상당히,MAG
전주 여행,162,습니다,EF
전주 여행,162,식도락,NNG
전주 여행,162,전체,NNG
전주 여행,162,일정,NNG
전주 여행,162,도착,NNG
전주 여행,162,점심,NNG
전주 여행,162,콩나물국,NNG
전주 여행,162,한옥마을,NNP
전주 여행,162,경기전,NNG
전주 여행,162,전동성당,NNP
전주 여행,162,한옥마을,NNP
전주 여행,162,간식,NNG
전주 여행,162,목대,NNG
전주 여행,163,중간,NNG
전주 여행,163,발견,NNG
전주 여행,163,낭시,NNG
전주 여행,163,맛집,NNG
전주 여행,163,근처,NNG
전주 여행,163,휴식,NNG
전주 여행,163,여유,NNG
전주 여행,163,주소,NNG
전주 여행,163,연락처,NNG
전주 여행,163,주소,NNG
전주 여행,163,전북,NNP
전주 여행,163,전주시,NNP
전주 여행,163,완산구,NNP
전주 여행,163,태평,NNP
전주 여행,163,32,SN
전주 여행,163,연락처,NNG
전주 여행,163,010,SN
전주 여행,163,5041,SN
전주 여행,163,싶어요,NNP
전주 여행,163,낭시,NNG
전주 여행,163,맛집,NNG
전주 여행,163,으러,EC
전주 여행,163,라면,EC
전주 여행,163,들러볼,VV+EC+VX+ETM
전주 여행,163,에요,EF
전주 여행,163,떠오르,VV
전주 여행,163,맛있,VA
전주 여행,163,음식,NNG
전주 여행,163,지만,EC
전주 여행,164,혼자,NNG
전주 여행,164,01,SN
전주 여행,164,도대체,MAG
전주 여행,164,혼자,MAG
전주 여행,164,다녀야,VV+EC
전주 여행,164,는지,EC
전주 여행,164,이해,NNG
전주 여행,164,간다,VV+EC
전주 여행,164,이번,NNG
전주 여행,164,딸기,NNG
전주 여행,164,초코파이,NNP
전주 여행,164,주차장,NNG
전주 여행,164,공사,NNG
전주 여행,164,인가,VCP+EC
전주 여행,164,도대체,MAG
전주 여행,164,뭔가,NP+VCP+EC
전주 여행,164,모르,VV
전주 여행,164,다음,NNG
전주 여행,164,내년,NNG
전주 여행,164,지내,VV+EC
전주 여행,164,한옥마을,NNP
전주 여행,164,04,SN
전주 여행,164,포스팅,NNP
전주 여행,165,국내,NNG
전주 여행,165,아이,NNG
전주 여행,165,부여,NNG
전주 여행,165,코스,NNG
전주 여행,165,황포,NNG
전주 여행,165,돛배,NNG
전주 여행,165,낙화암,NNP
전주 여행,165,하루,NNG
전주 여행,165,two,SL
전주 여행,165,펜션,NNG
전주 여행,165,부여,NNG
전주 여행,165,아들,NNG
전주 여행,165,엄마,NNG
전주 여행,165,타임,NNG
전주 여행,165,머신,NNG
전주 여행,165,라면서,EC
전주 여행,165,부여,NNG
전주 여행,165,백제,NNG
전주 여행,165,아이,NNG
전주 여행,165,너무,MAG
전주 여행,165,다며,EC
전주 여행,165,자고,EC
전주 여행,165,이제,MAG
전주 여행,165,전라북도,NNP
전주 여행,165,까지,JX
전주 여행,165,정도,NNG
전주 여행,165,거리,NNG
전주 여행,165,이제,MAG
전주 여행,165,별거,NNG
전주 여행,165,아니,VCN
전주 여행,165,라는,ETM
전주 여행,166,개월,NNBC
전주 여행,166,아기,NNG
전주 여행,166,스테이,NNG
전주 여행,166,수채화,NNG
전주 여행,166,펜션,NNG
전주 여행,166,감성,NNG
전주 여행,166,독채,NNG
전주 여행,166,후기,NNG
전주 여행,166,바로,MAG
전주 여행,166,스테이,NNG
전주 여행,166,수채화,NNG
전주 여행,166,입니다,VCP+EF
전주 여행,166,또한,MAJ
전주 여행,166,사장,NNG
전주 여행,166,서울,NNP
전주 여행,166,대학교,NNG
전주 여행,166,미학,NNG
전주 여행,166,출신,NNG
전주 여행,166,에요,EF
전주 여행,166,미술,NNG
전주 여행,166,관련,NNG
전주 여행,166,예술,NNG
전주 여행,166,철학,NNG
전주 여행,166,아기,NNG
전주 여행,166,기록,NNG
전주 여행,166,사진,NNG
전주 여행,166,남기,VV
전주 여행,166,완벽,NNG
전주 여행,166,어요,EF
전주 여행,166,캔버스,NNG
전주 여행,166,물감,NNG
전주 여행,166,다양,NNG
전주 여행,166,미술,NNG
전주 여행,167,호텔,NNG
전주 여행,167,추천,NNP
전주 여행,167,전주역,NNP
전주 여행,167,근처,NNG
전주 여행,167,위치,NNG
전주 여행,167,조식,NNG
전주 여행,167,편의,NNG
전주 여행,167,시설,NNG
전주 여행,167,알찬,VA+ETM
전주 여행,167,전주시,NNP
전주 여행,167,그니,NNP
전주 여행,167,이번,NNG
전주 여행,167,에서,JKB
전주 여행,167,여행자,NNG
전주 여행,167,이동,NNG
전주 여행,167,편의,NNG
전주 여행,167,객실,NNG
전주 여행,167,편의,NNG
전주 여행,167,시설,NNG
전주 여행,167,그리고,MAJ
전주 여행,167,조식,NNG
전주 여행,167,만족도,NNG
전주 여행,167,까지,JX
전주 여행,167,고려,NNG
전주 여행,167,숙소,NNG
전주 여행,167,질문,NNG
전주 여행,167,답변,NNG
전주 여행,167,형식,NNG
전주 여행,167,으로,JKB
전주 여행,167,상세히,MAG
전주 여행,167,소개,NNG
전주 여행,167,드리,VX
전주 여행,167,고자,EC
전주 여행,167,합니다,VX+EF
전주 여행,167,위치,NNG
전주 여행,167,시설,NNG
전주 여행,167,에서,JKB
전주 여행,167,알찬,VA+ETM
전주 여행,167,숙소,NNG
전주 여행,168,객리,NNG
전주 여행,168,소품,NNG
전주 여행,168,헨트,NNP
전주 여행,168,객사,NNG
전주 여행,168,감성,NNG
전주 여행,168,소품,NNG
전주 여행,168,에서,JKB
전주 여행,168,마다,JX
전주 여행,168,생각,NNG
전주 여행,168,려구요,EC
전주 여행,168,열심히,MAG
전주 여행,168,구석구석,NNG
전주 여행,168,구경,NNG
전주 여행,168,해줍니다,XSV+EC+VX+EF
전주 여행,168,접시,NNG
전주 여행,168,식기,NNG
전주 여행,168,종류,NNG
전주 여행,168,구경,NNG
전주 여행,168,한참,NNG
전주 여행,168,걸렸,VV+EP
전주 여행,168,습니다,EF
전주 여행,168,헨트,NNP
전주 여행,168,볼꾸,VV+EF
전주 여행,168,습니다,EF
전주 여행,168,실제로,MAG
전주 여행,168,처음,NNG
전주 여행,168,인데,VCP+EC
전주 여행,168,귀여운,VA+ETM
전주 여행,169,한옥마을,NNP
전주 여행,169,아이,NNG
전주 여행,169,밥집,NNG
전주 여행,169,어디,NP
전주 여행,169,갈까,VV+EC
전주 여행,169,가족,NNG
전주 여행,169,식사,NNG
전주 여행,169,선화,NNG
전주 여행,169,식당,NNG
전주 여행,169,한옥,NNG
전주 여행,169,마을,NNG
전주 여행,169,에서,JKB
전주 여행,169,가족,NNG
전주 여행,169,함께,MAG
전주 여행,169,따뜻,XR
전주 여행,169,에서,JKB
전주 여행,169,빠질,VV+ETM
전주 여행,169,즐거움,NNG
전주 여행,169,하나,NR
전주 여행,169,바로,MAG
전주 여행,169,맛있,VA
전주 여행,169,음식,NNG
전주 여행,169,입니다,VCP+EF
전주 여행,169,하지만,MAJ
전주 여행,169,어린아이,NNG
전주 여행,169,부터,JX
전주 여행,169,부모,NNG
전주 여행,169,까지,JX
전주 여행,169,함께,MAG
전주 여행,169,가족,NNG
전주 여행,169,라면,EC
전주 여행,169,유명,XR
전주 여행,169,메뉴,NNG
전주 여행,169,찾아가,VV
전주 여행,170,2026,SN
전주 여행,170,전북,NNP
전주 여행,170,가을,NNG
전주 여행,170,축제,NNG
전주 여행,170,정리,NNG
전주 여행,170,10,SN
전주 여행,170,무주,NNG
전주 여행,170,반딧불,NNG
전주 여행,170,축제,NNG
전주 여행,170,부터,JX
전주 여행,170,임실,NNP
전주 여행,170,원래,NNG
전주 여행,170,한옥마을,NNP
전주 여행,170,먹거리,NNG
전주 여행,170,으로,JKB
전주 여행,170,유명,XR
전주 여행,170,축제,NNG
전주 여행,170,기간,NNG
전주 여행,170,방문,NNG
전주 여행,170,지역,NNG
전주 여행,170,음식,NNG
전주 여행,170,동시,NNG
전주 여행,170,즐길,VV+ETM
전주 여행,170,다는,ETM
전주 여행,170,장점,NNG
전주 여행,170,어요,EF
전주 여행,170,개인,NNG
전주 여행,170,으로,JKB
전주 여행,170,먹거리,NNG
전주 여행,170,축제,NNG
전주 여행,170,아이,NNG
전주 여행,170,함께,MAG
전주 여행,170,실패,NNG
전주 여행,171,자매,NNG
전주 여행,171,갈비,NNG
전주 여행,171,전골,NNG
전주 여행,171,한옥마을,NNP
전주 여행,171,맛집,NNG
전주 여행,171,수제,NNG
전주 여행,171,갈비,NNG
전주 여행,171,떡갈비,NNG
전주 여행,171,웨이팅,NNG
전주 여행,171,만점,NNG
전주 여행,171,한옥마을,NNP
전주 여행,171,맛집,NNG
전주 여행,171,자매,NNG
전주 여행,171,갈비,NNG
전주 여행,171,전골,NNG
전주 여행,171,주물,NNG
전주 여행,171,갈비,NNG
전주 여행,171,맛집,NNG
전주 여행,171,자매,NNG
전주 여행,171,갈비,NNG
전주 여행,171,전골,NNG
전주 여행,171,맛집,NNG
전주 여행,171,코스,NNG
전주 여행,171,주물,NNG
전주 여행,171,갈비,NNG
전주 여행,171,수제,NNG
전주 여행,171,갈비,NNG
전주 여행,171,떡갈비,NNG
전주 여행,171,맛집,NNG
전주 여행,171,수제,NNG
전주 여행,171,떡갈비,NNG
전주 여행,171,부추,NNG
전주 여행,171,볶음밥,NNG
전주 여행,171,자매,NNG
전주 여행,171,갈비,NNG
전주 여행,171,전골,NNG
전주 여행,171,웨이팅,NNG
전주 여행,172,Hot,SL
전주 여행,172,여름휴가,NNG
전주 여행,172,체력,NNG
전주 여행,172,비축,NNG
전주 여행,172,담날,NNG
전주 여행,172,열심히,MAG
전주 여행,172,다짐,NNG
전주 여행,172,바로,MAG
전주 여행,172,휴식,MAG
전주 여행,172,너무,MAG
전주 여행,172,귀엽,VA
전주 여행,172,어려,VV+EC
전주 여행,172,보여서,VV+EC
전주 여행,172,굿모닝,NNP
전주 여행,172,일어나,VV
전주 여행,172,모닝,NNP
전주 여행,172,셀카,NNG
전주 여행,172,이제,MAG
전주 여행,172,시작,NNG
전주 여행,172,볼까,VX+EF
전주 여행,172,아니,IC
전주 여행,172,예향,NNG
전주 여행,172,박지원,NNP
전주 여행,172,준비,NNG
전주 여행,173,사회,NNG
전주 여행,173,복지,NNG
전주 여행,173,기관,NNG
전주 여행,173,가을,NNG
전주 여행,173,단체,NNG
전주 여행,173,추천,NNG
전주 여행,173,코스,NNG
전주 여행,173,남양주,NNP
전주 여행,173,남양주,NNP
전주 여행,173,도시,NNG
전주 여행,173,공사,NNG
전주 여행,173,한국,NNP
전주 여행,173,타이어,NNG
전주 여행,173,나눔,VV+ETN
전주 여행,173,재단,NNG
전주 여행,173,입니다,VCP+EF
전주 여행,173,지난번,NNG
전주 여행,173,소개,NNG
전주 여행,173,드린,VX+ETM
전주 여행,173,사회,NNG
전주 여행,173,복지,NNG
전주 여행,173,기관,NNG
전주 여행,173,추천,NNG
전주 여행,173,여행지,NNG
전주 여행,173,시리즈,NNG
전주 여행,173,파주,NNG
전주 여행,173,제천,NNP
전주 여행,173,순천,NNG
전주 여행,173,어떠셨,VA+EP+EP
전주 여행,173,나요,EF
전주 여행,173,아직,MAG
전주 여행,173,더운,VA+ETM
전주 여행,173,날씨,NNG
전주 여행,173,이어지,VV
전주 여행,173,지만,EC
전주 여행,173,접어들,VV
전주 여행,173,면서,EC
전주 여행,174,호텔,NNG
전주 여행,174,한옥,NNG
전주 여행,174,마을,NNG
전주 여행,174,하늘,NNG
전주 여행,174,기와,NNG
전주 여행,174,어요,EF
전주 여행,174,실내,NNG
전주 여행,174,인테리어,NNG
전주 여행,174,깔끔,XR
전주 여행,174,현대,NNG
전주 여행,174,어서,EC
전주 여행,174,커플,NNG
전주 여행,174,이나,JC
전주 여행,174,단체,NNG
전주 여행,174,여행객,NNG
전주 여행,174,에게,JKB
전주 여행,174,인기,NNG
전주 여행,174,아요,EC
전주 여행,174,스토리,NNG
전주 여행,174,모텔,NNG
전주 여행,174,스토리,NNG
전주 여행,174,모텔,NNG
전주 여행,174,38,SN
전주 여행,174,452,SN
전주 여행,174,별점,NNG
전주 여행,174,스토리,NNG
전주 여행,174,모텔,NNG
전주 여행,174,합리,NNG
전주 여행,174,가격,NNG
전주 여행,175,모임,NNG
전주 여행,175,모두,MAG
전주 여행,175,만족,NNG
전주 여행,175,송천동,NNP
전주 여행,175,맛집,NNG
전주 여행,175,호남,NNG
전주 여행,175,송천동,NNP
전주 여행,175,맛집,NNG
전주 여행,175,코시,NNG
전주 여행,175,맛집,NNG
전주 여행,175,가족,NNG
전주 여행,175,모임,NNG
전주 여행,175,환갑잔치,NNG
전주 여행,175,칠순,NR
전주 여행,175,잔치,NNG
전주 여행,175,회갑,NNG
전주 여행,175,잔치,NNG
전주 여행,175,장소,NNG
전주 여행,175,맛집,NNG
전주 여행,175,주한,NNG
전주 여행,175,정식,NNG
전주 여행,175,추천,NNG
전주 여행,175,코스,NNG
전주 여행,175,맛집,NNG
전주 여행,175,코스,NNG
전주 여행,175,주한,NNG
전주 여행,175,식당,NNG
전주 여행,175,추천,NNG
전주 여행,176,화응,NNG
전주 여행,176,머물러,VV+EC
전주 여행,176,독채,NNG
전주 여행,176,한옥,NNG
전주 여행,176,숙소,NNG
전주 여행,176,후기,NNG
전주 여행,176,감사,NNG
전주 여행,176,합니다,XSV+EF
전주 여행,176,숙소,NNG
전주 여행,176,한옥,NNG
전주 여행,176,숙소,NNG
전주 여행,176,독채,NNG
전주 여행,176,숙소,NNG
전주 여행,176,독채,NNG
전주 여행,176,한옥,NNG
전주 여행,176,한옥,NNG
전주 여행,176,마을,NNG
전주 여행,176,숙소,NNG
전주 여행,176,감성,NNG
전주 여행,176,숙소,NNG
전주 여행,176,지숙소,NNG
전주 여행,176,숙소,NNG
전주 여행,176,추천,NNG
전주 여행,176,코스,NNG
전주 여행,176,데이트,NNG
전주 여행,176,커플,NNG
전주 여행,177,34,SN
전주 여행,177,명절,NNG
전주 여행,177,시댁,NNG
전주 여행,177,사돈,NNG
전주 여행,177,이랑,JC
전주 여행,177,외국,NNG
전주 여행,177,갑니다,XSN+VCP+EF
전주 여행,177,벌써,MAG
전주 여행,177,추억,NNG
전주 여행,177,작년,NNG
전주 여행,177,추억,NNG
전주 여행,177,끄집,VV
전주 여행,177,본다,VV+EC
전주 여행,177,명절,NNG
전주 여행,177,아이,NNG
전주 여행,177,하고,JKB
전주 여행,177,성묘,NNG
전주 여행,177,다녀오,VV
전주 여행,177,본가,NNG
전주 여행,177,에서,JKB
전주 여행,177,어머님,NNG
전주 여행,177,이랑,JC
전주 여행,177,명절,NNG
전주 여행,177,때문,NNB
전주 여행,177,미리,MAG
전주 여행,177,성묘,NNG
전주 여행,177,어머님,NNG
전주 여행,177,고도,EC
전주 여행,178,황실,NNG
전주 여행,178,관광,NNG
전주 여행,178,호텔,NNG
전주 여행,178,숙박,NNG
전주 여행,178,후기,NNG
전주 여행,178,한옥,NNG
전주 여행,178,마을,NNG
전주 여행,178,중심,NNG
전주 여행,178,에서,JKB
전주 여행,178,만난,VV+ETM
전주 여행,178,최고,NNG
전주 여행,178,추억,NNG
전주 여행,178,가득,MAG
전주 여행,178,담긴,VV+ETM
전주 여행,178,소개,NNG
전주 여행,178,드릴게요,VX+EF
전주 여행,178,정말,MAG
전주 여행,178,역사,NNG
전주 여행,178,느껴,VV+EC
전주 여행,178,아름다운,VA+ETM
전주 여행,178,위치,NNG
전주 여행,178,으면서,EC
전주 여행,178,마치,MAG
전주 여행,178,고급,NNG
전주 여행,178,호텔,NNG
전주 여행,178,처럼,JKB
전주 여행,178,세련되,VV
전주 여행,178,아늑,XR
전주 여행,178,어서,EC
전주 여행,178,너무,MAG
전주 여행,178,어요,EF
전주 여행,178,무엇,NP
전주 여행,178,보다,JKB
전주 여행,178,필요,NNG
전주 여행,178,모든,MM
전주 여행,179,한옥마을,NNP
전주 여행,179,볼거리,NNG
전주 여행,179,이색,NNG
전주 여행,179,체험,NNG
전주 여행,179,난장,NNG
전주 여행,179,첫날,NNG
전주 여행,179,한옥,NNG
전주 여행,179,마을,NNG
전주 여행,179,에서,JKB
전주 여행,179,하나,NR
전주 여행,179,이번,NNG
전주 여행,179,직접,MAG
전주 여행,179,찾아가,VV+EC
전주 여행,179,는데요,EC
전주 여행,179,7080,SN
전주 여행,179,레트로,NNP
전주 여행,179,감성,NNG
전주 여행,179,그대로,MAG
전주 여행,179,재현,NNG
전주 여행,179,체험,NNG
전주 여행,179,박물관,NNG
전주 여행,179,다양,XR
전주 여행,179,볼거리,NNG
전주 여행,179,체험,NNG
전주 여행,179,함께,MAG
전주 여행,179,즐길,VV+ETM
전주 여행,179,어요,EF
전주 여행,180,맛집,NNG
전주 여행,180,현지,NNG
전주 여행,180,추천,NNG
전주 여행,180,맛집,NNG
전주 여행,180,에루화,IC
전주 여행,180,내산,NNP
전주 여행,180,솔직,XR
전주 여행,180,후기,NNG
전주 여행,180,에서,JKB
전주 여행,180,11,SN
전주 여행,180,00,SN
전주 여행,180,21,SN
전주 여행,180,00,SN
전주 여행,180,20,SN
전주 여행,180,20,SN
전주 여행,180,라스트,NNG
전주 여행,180,오더,NNG
전주 여행,180,063,SN
전주 여행,180,252,SN
전주 여행,180,9946,SN
전주 여행,180,가능,NNG
전주 여행,180,한참,NNG
전주 여행,180,다녀온,VV+ETM
전주 여행,180,포스팅,NNP
전주 여행,180,이제야,MAG
전주 여행,180,합니다,VV+EF
전주 여행,180,작년,NNG
전주 여행,180,가을,NNG
전주 여행,180,기분,NNG
전주 여행,180,전환,NNG
전주 여행,180,지인,NNG
전주 여행,180,만나,VV
전주 여행,180,다녀왔,VV+EP
전주 여행,180,어요,EF
전주 여행,180,역시,NNG
전주 여행,181,감집,NNG
전주 여행,181,현지,NNG
전주 여행,181,교대,NNG
전주 여행,181,맛집,NNG
전주 여행,181,갈비,NNG
전주 여행,181,내산,NNP
전주 여행,181,Restaurant,SL
전주 여행,181,갈비,NNG
전주 여행,181,맛집,NNG
전주 여행,181,감집,NNG
전주 여행,181,한옥,NNG
전주 여행,181,마을,NNG
전주 여행,181,근처,NNG
전주 여행,181,교대,NNG
전주 여행,181,맛집,NNG
전주 여행,181,감집,NNG
전주 여행,181,사진,NNG
전주 여행,181,난로,NNG
전주 여행,181,면서,EC
전주 여행,181,급하,VA
전주 여행,181,다녀온,VV+ETM
전주 여행,181,너무,MAG
전주 여행,181,더워서,VA+EC
전주 여행,181,한옥마을,NNP
전주 여행,181,다가,EC
전주 여행,181,다네요,EF
전주 여행,181,멀리,MAG
전주 여행,182,신라,NNP
전주 여행,182,스테이,NNP
전주 여행,182,근처,NNG
전주 여행,182,설렁탕,NNG
전주 여행,182,맛집,NNG
전주 여행,182,연지,NNG
전주 여행,182,본관,NNG
전주 여행,182,맛집,NNG
전주 여행,182,시작,NNG
전주 여행,182,일단,MAG
전주 여행,182,점심,NNG
전주 여행,182,설렁탕,NNG
전주 여행,182,으로,JKB
전주 여행,182,신라,NNP
전주 여행,182,스테이,NNG
전주 여행,182,바로,MAG
전주 여행,182,숙소,NNG
전주 여행,182,가깝,VA
전주 여행,182,도보,NNP
전주 여행,182,콩나물국,NNG
전주 여행,182,다음,NNG
전주 여행,182,아침,NNG
전주 여행,182,예정,NNG
전주 여행,182,한옥,NNG
전주 여행,182,마을,NNG
전주 여행,182,에서,JKB
전주 여행,182,걸어서,VV+EC
전주 여행,182,10,SN
전주 여행,182,정도,NNG
전주 여행,183,가족,NNG
전주 여행,183,회관,NNG
전주 여행,183,건강,NNG
전주 여행,183,최고,NNG
전주 여행,183,맛집,NNG
전주 여행,183,한옥마을,NNP
전주 여행,183,비빔밥,NNG
전주 여행,183,계획,NNG
전주 여행,183,절대,MAG
전주 여행,183,빠질,VV+ETM
전주 여행,183,필수,NNG
전주 여행,183,음식,NNG
전주 여행,183,코스,NNG
전주 여행,183,계셨,VX+EP
전주 여행,183,나요,EF
전주 여행,183,바로,MAG
전주 여행,183,대표,NNG
전주 여행,183,먹거리,NNG
전주 여행,183,비빔밥,NNG
전주 여행,183,랍니다,EC
전주 여행,183,1979,SN
전주 여행,183,개업,NNG
전주 여행,183,비빔밥,NNG
전주 여행,183,맛집,NNG
전주 여행,184,호텔,NNG
전주 여행,184,아름다운,VA+ETM
전주 여행,184,후기,NNG
전주 여행,184,호텔,NNG
전주 여행,184,아름다운,VA+ETM
전주 여행,184,후기,NNG
전주 여행,184,최근,NNG
전주 여행,184,계획,NNG
전주 여행,184,세우,VV
전주 여행,184,다가,EC
전주 여행,184,호텔,NNG
전주 여행,184,자꾸,MAG
전주 여행,184,더라구요,EF
전주 여행,184,특히,MAG
전주 여행,184,호텔,NNG
전주 여행,184,아름다운,VA+ETM
전주 여행,184,사람,NNG
전주 여행,184,에게,JKB
전주 여행,184,사랑,NNG
전주 여행,184,더라고요,EF
전주 여행,184,그래서,MAJ
전주 여행,184,가격,NNG
전주 여행,184,조건,NNG
전주 여행,185,온정,NNG
전주 여행,185,전주역,NNP
전주 여행,185,마중,NNG
전주 여행,185,일본인,NNG
전주 여행,185,와이프,NNG
전주 여행,185,인정,NNG
전주 여행,185,초밥,NNG
전주 여행,185,맛집,NNG
전주 여행,185,첫날,NNG
전주 여행,185,마지막,NNG
전주 여행,185,전주역,NNP
전주 여행,185,근처,NNG
전주 여행,185,에서,JKB
전주 여행,185,초밥,NNG
전주 여행,185,생각나,VV
전주 여행,185,저희,NP
전주 여행,185,여기,NP
전주 여행,185,아요,EF
전주 여행,185,일식,NNG
전주 여행,185,에서,JKB
전주 여행,185,주스,NNG
전주 여행,185,맛집,NNG
전주 여행,185,으로,JKB
전주 여행,185,부부,NNG
전주 여행,185,같이,MAG
전주 여행,185,인정,NNG
전주 여행,185,어요,EF
전주 여행,185,가게,NNG
전주 여행,185,정보,NNG
전주 여행,185,영업,NNG
전주 여행,185,시간,NNG
전주 여행,185,11,SN
전주 여행,186,제철,NNG
전주 여행,186,맞이,XR
전주 여행,186,대하,NNG
전주 여행,186,으러,EC
전주 여행,186,서영,NNG
전주 여행,186,수산,NNG
전주 여행,186,방문,NNG
전주 여행,186,친구,NNG
전주 여행,186,대하,VV
전주 여행,186,다니,VV
전주 여행,186,맛있,VA
전주 여행,186,공연,NNG
전주 여행,186,즐기,VV
전주 여행,186,버디,NNG
전주 여행,186,입니다,VCP+EF
전주 여행,186,진짜,MAG
전주 여행,186,무더웠,VA+EP
전주 여행,186,여름,NNG
전주 여행,186,드디어,MAG
전주 여행,186,지나,VV
전주 여행,186,대하,NNG
전주 여행,186,에요,EF
전주 여행,186,현지,NNG
전주 여행,186,에게,JKB
전주 여행,186,횟집,NNG
전주 여행,186,으로,JKB
전주 여행,186,유명,XR
전주 여행,186,서영,NNG
전주 여행,186,수산,NNG
전주 여행,186,에서,JKB
전주 여행,186,제철,NNG
전주 여행,186,대하,NNG
전주 여행,186,구이,NNG
전주 여행,187,가족,NNG
전주 여행,187,함께,MAG
전주 여행,187,알찬,VA+ETM
전주 여행,187,코스,NNG
전주 여행,187,은행나무,NNG
전주 여행,187,카페이,NNP
전주 여행,187,다음,NNG
전주 여행,187,에서,JKB
전주 여행,187,이야기,NNG
전주 여행,187,찾아올,VV+ETM
전주 여행,187,가족,NNG
전주 여행,187,한옥마을,NNP
전주 여행,187,한옥,NNG
전주 여행,187,마을,NNG
전주 여행,187,숙소,NNG
전주 여행,187,맛집,NNG
전주 여행,187,은행나무,NNG
전주 여행,187,카페,NNG
전주 여행,187,이르,VV
전주 여행,187,경기전,NNG
전주 여행,187,족욕,NNG
전주 여행,187,카페,NNG
전주 여행,187,코스,NNG
전주 여행,188,대전,NNP
전주 여행,188,근교,NNG
전주 여행,188,아이,NNG
전주 여행,188,함께,MAG
전주 여행,188,캠핑,NNG
전주 여행,188,캠프,NNG
전주 여행,188,래드,NNG
전주 여행,188,조엘,NNP
전주 여행,188,드레,NNG
전주 여행,188,성당,NNG
전주 여행,188,이렇게,MAG
전주 여행,188,대전,NNP
전주 여행,188,근교,NNG
전주 여행,188,아이,NNG
전주 여행,188,함께,MAG
전주 여행,188,캠핑,NNG
전주 여행,188,캠프,NNG
전주 여행,188,래드,NNG
전주 여행,188,조엘,NNP
전주 여행,188,드레스,NNG
전주 여행,188,래드,NNG
전주 여행,188,왕관,NNG
전주 여행,188,주물,NNG
전주 여행,188,갈비,NNG
전주 여행,188,자매,NNG
전주 여행,188,갈비,NNG
전주 여행,188,전골,NNG
전주 여행,188,성당,NNG
전주 여행,188,아이,NNG
전주 여행,188,함께,MAG
전주 여행,188,제조,NNG
전주 여행,189,추천,NNG
전주 여행,189,드려요,VV+EC
전주 여행,189,사진,NNG
전주 여행,189,맛집,NNG
전주 여행,189,에요,EF
전주 여행,189,지만,EC
전주 여행,189,당일,NNG
전주 여행,189,야무지,VA
전주 여행,189,다가,EC
전주 여행,189,어요,EF
전주 여행,189,당일,NNG
전주 여행,189,괜찮,VA
전주 여행,189,아요,EF
전주 여행,189,추천,NNG
전주 여행,189,드립니다,VV+EC
전주 여행,189,휴가,NNG
전주 여행,189,맛집,NNG
전주 여행,189,당일치기,NNG
전주 여행,190,맛집,NNG
전주 여행,190,마을,NNG
전주 여행,190,본점,NNG
전주 여행,190,진한,VA+ETM
전주 여행,190,콩국수,NNG
전주 여행,190,칼국수,NNG
전주 여행,190,내산,NNP
전주 여행,190,맛있,VA
전주 여행,190,다구,EC
전주 여행,190,해서,VV+EC
전주 여행,190,따로,MAG
전주 여행,190,입니다,VCP+EF
전주 여행,190,영업시간,NNG
전주 여행,190,매일,MAG
전주 여행,190,10,SN
전주 여행,190,00,SN
전주 여행,190,20,SN
전주 여행,190,00,SN
전주 여행,190,골목,NNG
전주 여행,190,적당히,MAG
전주 여행,190,외관,NNG
전주 여행,190,주차,NNG
전주 여행,190,대구,NNP
전주 여행,190,에서,JKB
전주 여행,190,출발,NNG
전주 여행,190,해서,XSV+EC
전주 여행,190,11,SN
전주 여행,190,조금,MAG
전주 여행,190,어서,EC
전주 여행,190,도착,NNG
전주 여행,190,바로,MAG
전주 여행,190,마을,NNG
전주 여행,190,습니다,EF
전주 여행,190,바로,MAG
전주 여행,190,교회,NNG
전주 여행,190,주차장,NNG
전주 여행,191,코스,NNG
전주 여행,191,뚜벅,MAG
전주 여행,191,맛집,NNG
전주 여행,191,카페,NNG
전주 여행,191,숙소,NNG
전주 여행,191,정리,NNG
전주 여행,191,아깝,VA
전주 여행,191,너무,MAG
전주 여행,191,알차,VA
전주 여행,191,구경,NNG
전주 여행,191,답니다,EF
전주 여행,191,무엇,NP
전주 여행,191,보다,JKB
전주 여행,191,체험,NNG
전주 여행,191,공간,NNG
전주 여행,191,아서,EC
전주 여행,191,너무,MAG
전주 여행,191,어요,EF
전주 여행,191,특히,MAG
전주 여행,191,가족,NNG
전주 여행,191,난장,NNG
전주 여행,191,꼬옥,MAG
전주 여행,191,세요,EP+EF
전주 여행,191,길거리,NNG
전주 여행,191,여긴,NP+JX
전주 여행,191,이미,MAG
전주 여행,191,유명,XR
전주 여행,191,맛집,NNG
전주 여행,191,인데요,VCP+EF
전주 여행,191,바게트,NNG
전주 여행,192,전북,NNP
전주 여행,192,감성,NNG
전주 여행,192,독채,NNG
전주 여행,192,숙소,NNG
전주 여행,192,서학,NNG
전주 여행,192,368,SN
전주 여행,192,위치,NNG
전주 여행,192,객실,NNG
전주 여행,192,가격,NNG
전주 여행,192,정보,NNG
전주 여행,192,학동,NNG
전주 여행,192,예술,NNG
전주 여행,192,마을,NNG
전주 여행,192,위치,NNG
전주 여행,192,가족,NNG
전주 여행,192,특화,NNG
전주 여행,192,24,SN
전주 여행,192,독채,NNG
전주 여행,192,펜션,NNG
전주 여행,192,입니다,VCP+EF
전주 여행,192,한옥마을,NNP
전주 여행,192,청연,NNG
전주 여행,192,거리,NNG
전주 여행,192,마당,NNG
전주 여행,192,아이,NNG
전주 여행,192,뛰어놀,VV
전주 여행,192,습니다,EF
전주 여행,192,저희,NP
전주 여행,192,모두,MAG
전주 여행,192,개별,NNG
전주 여행,192,나뉘,VV
전주 여행,192,각자,NNG
전주 여행,192,에서,JKB
전주 여행,193,추석,NNG
전주 여행,193,해외여행,NNG
전주 여행,193,DAY,SL
전주 여행,193,익산,NNP
전주 여행,193,에서,JKB
전주 여행,193,인천,NNP
전주 여행,193,공항,NNG
전주 여행,193,가장,MAG
전주 여행,193,편하,VA
전주 여행,193,추석,NNG
전주 여행,193,해외여행,NNG
전주 여행,193,DAY,SL
전주 여행,193,익산,NNP
전주 여행,193,에서,JKB
전주 여행,193,인천,NNP
전주 여행,193,공항,NNG
전주 여행,193,가장,MAG
전주 여행,193,편하,VA
전주 여행,193,대한,VV+ETM
전주 여행,193,리무진,NNG
전주 여행,193,완벽,NNG
전주 여행,193,정리,NNG
전주 여행,193,예약,NNG
전주 여행,193,주차,NNG
전주 여행,193,안녕,NNG
전주 여행,193,세요,EP+EF
전주 여행,193,여러분,NP
전주 여행,193,어느덧,MAG
전주 여행,193,아침,NNG
전주 여행,193,저녁,NNG
전주 여행,193,으로,JKB
전주 여행,193,선선,XR
전주 여행,193,바람,NNG
전주 여행,193,불어오,VV
전주 여행,193,추석,NNG
전주 여행,193,황금연휴,NNG
전주 여행,194,한옥마을,NNP
전주 여행,194,독채,NNG
전주 여행,194,감성,NNG
전주 여행,194,숙소,NNG
전주 여행,194,테오리아,NNG
전주 여행,194,테오리아,NNG
전주 여행,194,스타,NNG
전주 여행,194,그램,NNG
전주 여행,194,https,SL
전주 여행,194,www,SL
전주 여행,194,instagram,SL
전주 여행,194,com,SL
전주 여행,194,stay,SL
전주 여행,194,theoria,SL
전주 여행,194,테오리아,NNG
전주 여행,194,공식,NNG
전주 여행,194,홈페이지,NNG
전주 여행,194,http,SL
전주 여행,194,www,SL
전주 여행,194,theoria,SL
전주 여행,194,co,SL
전주 여행,194,kr,SL
전주 여행,194,한옥마을,NNP
전주 여행,194,감성,NNG
전주 여행,194,숙소,NNG
전주 여행,194,독채,NNG
전주 여행,194,숙소,NNG
전주 여행,194,테오리아,NNG
전주 여행,194,한옥,NNG
전주 여행,194,마을,NNG
전주 여행,194,숙소,NNG
전주 여행,194,독채,NNG
전주 여행,194,숙소,NNG
전주 여행,195,순이,NNP
전주 여행,195,날씨,NNG
전주 여행,195,요정,NNG
전주 여행,195,에서,JKB
전주 여행,195,계속,MAG
전주 여행,195,마지막,NNG
전주 여행,195,저녁,NNG
전주 여행,195,술집,NNG
전주 여행,195,으로,JKB
전주 여행,195,향했,VV+EP
전주 여행,195,바닷고기,NNG
전주 여행,195,링크,NNG
전주 여행,195,객리,NNG
전주 여행,195,바닷고기,NNG
전주 여행,195,바닷고기,NNG
전주 여행,195,바닷고기,NNG
전주 여행,195,간단,XR
전주 여행,195,안주,NNG
전주 여행,195,위주,NNG
전주 여행,195,이자카야,NNP
전주 여행,196,군산,NNP
전주 여행,196,소품,NNG
전주 여행,196,투어,NNP
전주 여행,196,피스,NNP
전주 여행,196,오피스,NNP
전주 여행,196,자주,NNG
전주 여행,196,관람,NNG
전주 여행,196,마리,NNG
전주 여행,196,코스,NNG
전주 여행,196,피스,NNP
전주 여행,196,오피스,NNP
전주 여행,196,기본,NNG
전주 여행,196,정보,NNG
전주 여행,196,군산,NNG
전주 여행,196,들리,VV
전주 여행,196,동네,NNG
전주 여행,196,영화동,NNP
전주 여행,196,위치,NNG
전주 여행,196,피스,NNP
전주 여행,196,오피스,NNP
전주 여행,196,운영,NNG
전주 여행,196,시간,NNG
전주 여행,196,12,SN
전주 여행,196,30,SN
전주 여행,196,19,SN
전주 여행,196,00,SN
전주 여행,196,수요일,NNG
전주 여행,196,정기,NNG
전주 여행,196,휴무,NNG
전주 여행,196,주차,NNG
전주 여행,196,불가,NNG
전주 여행,196,안내문,NNG
전주 여행,196,부터,JX
전주 여행,196,이것저것,NNG
전주 여행,196,별것,NNG
전주 여행,197,서신동,NNP
전주 여행,197,술집,NNG
전주 여행,197,철길,NNG
전주 여행,197,부산,NNP
전주 여행,197,떡볶이,NNG
전주 여행,197,조합,NNG
전주 여행,197,찰떡,NNG
전주 여행,197,이자카야,NNP
전주 여행,197,에서,JKB
전주 여행,197,돌아오,VV
전주 여행,197,서신동,NNP
전주 여행,197,술집,NNG
전주 여행,197,철길,NNG
전주 여행,197,부산,NNP
전주 여행,197,는데요,EF
전주 여행,197,어묵,NNG
전주 여행,197,떡볶이,NNG
전주 여행,197,조합,NNG
전주 여행,197,찰떡,NNG
전주 여행,197,이자카야,NNP
전주 여행,197,소개,NNG
전주 여행,197,드릴게요,VX+EC
전주 여행,197,전북,NNP
전주 여행,197,전주시,NNP
전주 여행,197,완산구,NNP
전주 여행,197,고사,NNG
전주 여행,197,평로,NNG
전주 여행,197,22,SN
전주 여행,197,철길,NNG
전주 여행,197,부산,NNP
전주 여행,197,주서,NNG
전주 여행,197,신점,NNG
전주 여행,197,영업시간,NNG
전주 여행,198,한옥마을,NNP
전주 여행,198,코스,NNG
전주 여행,198,지출,NNG
전주 여행,198,비용,NNG
전주 여행,198,알뜰,NNG
전주 여행,198,공개,NNG
전주 여행,198,한옥마을,NNP
전주 여행,198,코스,NNG
전주 여행,198,지출,NNG
전주 여행,198,비용,NNG
전주 여행,198,알뜰,NNG
전주 여행,198,공개,NNG
전주 여행,198,갑자기,MAG
전주 여행,198,떠난,VV+ETM
전주 여행,198,코스,NNG
전주 여행,198,경비,NNG
전주 여행,198,2026,SN
전주 여행,198,08,SN
전주 여행,198,14,SN
전주 여행,198,15,SN
전주 여행,198,둘째,NR
전주 여행,198,나이,NNG
전주 여행,198,아침,NNG
전주 여행,198,일찍,MAG
전주 여행,198,떠졌,VV+EC+VX+EP
전주 여행,198,어요,EF
전주 여행,198,커피,NNG
전주 여행,198,아서,EC
전주 여행,198,커피,NNG
전주 여행,199,일상,NNG
전주 여행,199,미국,NNP
전주 여행,199,독립기념일,NNP
전주 여행,199,용산,NNP
전주 여행,199,드래곤,NNP
전주 여행,199,서울,NNP
전주 여행,199,고창,NNG
전주 여행,199,24,SN
전주 여행,199,시작,NNG
전주 여행,199,자마자,EC
전주 여행,199,친구,NNG
전주 여행,199,이랑,JKB
전주 여행,199,고창,NNG
전주 여행,199,어요,EF
전주 여행,199,원래,MAG
전주 여행,199,목포,NNP
전주 여행,199,려고,EC
전주 여행,199,다가,EC
전주 여행,199,군산,NNP
전주 여행,199,이랑,JKB
전주 여행,199,생각,NNG
전주 여행,199,보다,JKB
전주 여행,199,너무,MAG
전주 여행,199,운전,NNG
전주 여행,199,많이,MAG
전주 여행,199,해야,VV+EC
전주 여행,199,해서,VV+EC
전주 여행,199,친구,NNG
전주 여행,199,이랑,JKB
전주 여행,199,고창,NNG
전주 여행,199,으로,JKB
전주 여행,199,결정,NNG
전주 여행,199,어요,EF
전주 여행,199,아무,NP
전주 여행,199,이런,MM
전주 여행,200,11,SN
전주 여행,200,몰디브,NNP
전주 여행,200,신혼,NNG
전주 여행,200,허니문,NNG
전주 여행,200,준비,NNG
전주 여행,200,투어,NNP
전주 여행,200,전주지사,NNP
전주 여행,200,허니문,NNG
전주 여행,200,리조트,NNG
전주 여행,200,아직,MAG
전주 여행,200,결혼식,NNG
전주 여행,200,까지,JX
전주 여행,200,시간,NNG
전주 여행,200,많이,MAG
전주 여행,200,지만,EC
전주 여행,200,준비,NNG
전주 여행,200,아무것,NP
전주 여행,200,모르,VV
전주 여행,200,시절,NNG
전주 여행,200,투어,NNP
전주 여행,200,전주지사,NNP
전주 여행,200,허니문,NNG
전주 여행,200,리조트,NNG
전주 여행,200,전주지사,NNP
전주 여행,200,신혼,NNG
전주 여행,200,상담,NNG
전주 여행,200,다녀왔,VV+EP
전주 여행,200,여행사,NNG
전주 여행,200,모두,MAG
전주 여행,200,신혼,NNG
전주 여행,200,웨딩,NNG
전주 여행,200,박람회,NNG
전주 여행,201,전라도,NNP
전주 여행,201,연못,NNG
전주 여행,201,잉어,NNG
전주 여행,201,이색,NNG
전주 여행,201,카페,NNG
전주 여행,201,만추,NNG
전주 여행,201,by,SL
전주 여행,201,뚜벅,MAG
전주 여행,201,준비,NNG
전주 여행,201,면서,EC
전주 여행,201,특이,XR
전주 여행,201,카페,NNG
전주 여행,201,검색,NNG
전주 여행,201,다가,EC
전주 여행,201,우연히,MAG
전주 여행,201,발견,NNG
전주 여행,201,만추,NNG
전주 여행,201,한옥,NNG
전주 여행,201,마을,NNG
전주 여행,201,근처,NNG
전주 여행,201,다는,ETM
전주 여행,201,마음,NNG
전주 여행,201,무엇,NP
전주 여행,201,보다,JKB
전주 여행,201,카페,NNG
전주 여행,201,연못,NNG
전주 여행,201,거기,NP
전주 여행,201,잉어,NNG
전주 여행,201,산다는,VV+ETM
전주 여행,201,사진,NNG
전주 여행,201,봐도,VV+EC
전주 여행,201,궁금,XR
전주 여행,201,해서,XSA+EC
전주 여행,202,축구,NNG
전주 여행,202,야시장,NNG
전주 여행,202,새벽,NNG
전주 여행,202,국밥,NNG
전주 여행,202,남부,NNG
전주 여행,202,시장,NNG
전주 여행,202,트립,NNG
전주 여행,202,남부,NNG
전주 여행,202,시장,NNG
전주 여행,202,트립,NNG
전주 여행,202,으로,JKB
전주 여행,202,밤도깨비,NNG
전주 여행,202,떠나,VV+EC
전주 여행,202,추천,NNG
전주 여행,202,합니다,XSV+EF
전주 여행,202,남부,NNG
전주 여행,202,시장,NNG
전주 여행,202,주야,NNG
전주 여행,202,시장,NNG
전주 여행,202,남부,NNG
전주 여행,202,시장,NNG
전주 여행,202,트립,NNG
전주 여행,202,전북,NNP
전주 여행,202,현대,NNP
전주 여행,202,콩나물국,NNG
전주 여행,202,청년,NNG
전주 여행,202,관광,NNG
전주 여행,202,마켓,NNP
전주 여행,203,맛집,NNG
전주 여행,203,현대,NNG
전주 여행,203,한옥마을,NNP
전주 여행,203,콩나물국,NNG
전주 여행,203,비빔밥,NNG
전주 여행,203,관광객,NNG
전주 여행,203,한옥,NNG
전주 여행,203,마을,NNG
전주 여행,203,도착,NNG
전주 여행,203,자마자,EC
전주 여행,203,어요,EF
전주 여행,203,바로,MAG
전주 여행,203,콩나물,NNG
전주 여행,203,국밥,NNG
전주 여행,203,직장,NNG
전주 여행,203,동료,NNG
전주 여행,203,선생,NNG
전주 여행,203,맛집,NNG
전주 여행,203,추천,NNG
전주 여행,203,는데요,EF
전주 여행,203,대옥,NNG
전주 여행,203,본점,NNG
전주 여행,203,라고,EC
전주 여행,203,더라구요,EF
전주 여행,203,그런데,MAJ
전주 여행,203,다니,VV
전주 여행,204,호텔,NNG
전주 여행,204,노송동,NNP
전주 여행,204,프라이빗,NNG
전주 여행,204,하우스,NNP
전주 여행,204,84,SN
전주 여행,204,침실,NNG
전주 여행,204,프라이빗,NNG
전주 여행,204,욕실,NNG
전주 여행,204,호텔,NNG
전주 여행,204,노송동,NNP
전주 여행,204,프라이빗,NNG
전주 여행,204,하우스,NNP
전주 여행,204,84,SN
전주 여행,204,침실,NNG
전주 여행,204,프라이빗,NNG
전주 여행,204,욕실,NNG
전주 여행,204,추천,NNG
전주 여행,204,이유,NNG
전주 여행,204,요즘,NNG
전주 여행,204,숙소,NNG
전주 여행,204,선택,NNG
전주 여행,204,중요,NNG
전주 여행,204,특히,MAG
전주 여행,204,가족,NNG
전주 여행,204,이나,JC
전주 여행,204,친구,NNG
전주 여행,204,함께,MAG
전주 여행,204,편안,NNG
전주 여행,204,시간,NNG
전주 여행,204,보내,VV
전주 여행,204,특별,NNG
전주 여행,204,공간,NNG
전주 여행,205,에서,JKB
전주 여행,205,무엇,NP
전주 여행,205,체험,NNG
전주 여행,205,할까,XSV+EC
전주 여행,205,직접,MAG
전주 여행,205,만들,VV
전주 여행,205,가져가,VV
전주 여행,205,한국,NNP
전주 여행,205,연지,NNG
전주 여행,205,체험,NNG
전주 여행,205,데이트,NNG
전주 여행,205,공방,NNG
전주 여행,205,전주원,NNP
전주 여행,205,데이,NNP
전주 여행,205,클래스,NNP
전주 여행,205,공예,NNG
전주 여행,205,체험,NNG
전주 여행,205,이색,NNG
전주 여행,205,체험,NNG
전주 여행,205,코스,NNG
전주 여행,205,기념품,NNG
전주 여행,205,기념품,NNG
전주 여행,205,한국,NNP
전주 여행,205,기념품,NNG
전주 여행,205,한국,NNP
전주 여행,205,문화,NNG
전주 여행,205,체험,NNG
전주 여행,206,수제,NNG
전주 여행,206,마카롱,NNG
전주 여행,206,맛집,NNG
전주 여행,206,주문,NNG
전주 여행,206,호떡,NNG
전주 여행,206,마카롱,NNG
전주 여행,206,남부,NNG
전주 여행,206,시장,NNG
전주 여행,206,시장,NNG
전주 여행,206,다양,XR
전주 여행,206,볼거리,NNG
전주 여행,206,먹거리,NNG
전주 여행,206,가득,MAG
전주 여행,206,지만,EC
전주 여행,206,13,SN
전주 여행,206,동안,NNG
전주 여행,206,전주현,NNP
전주 여행,206,지인,NNG
전주 여행,206,여행객,NNG
전주 여행,206,에게,JKB
전주 여행,206,사랑,NNG
전주 여행,206,남부,NNG
전주 여행,206,시장,NNG
전주 여행,206,시장,NNG
전주 여행,206,다양,NNG
전주 여행,206,풍성,XR
전주 여행,206,먹거리,NNG
전주 여행,206,행복,NNG
전주 여행,206,시간,NNG
전주 여행,206,에요,EF
전주 여행,206,오늘,NNG
전주 여행,207,맛집,NNG
전주 여행,207,고궁,NNG
전주 여행,207,본점,NNG
전주 여행,207,전주비빔밥,NNG
전주 여행,207,제대로,MAG
전주 여행,207,후기,NNG
전주 여행,207,사랑,NNG
전주 여행,207,가족,NNG
전주 여행,207,함께,MAG
전주 여행,207,다녀왔,VV+EP
전주 여행,207,습니다,EF
전주 여행,207,계획,NNG
전주 여행,207,면서,EC
전주 여행,207,가장,MAG
전주 여행,207,먼저,MAG
전주 여행,207,떠오르,VV
전주 여행,207,음식,NNG
전주 여행,207,역시,MAJ
전주 여행,207,전주비빔밥,NNG
전주 여행,207,아닐까요,VCN+EC
전주 여행,207,비빔밥,NNG
전주 여행,207,으로,JKB
전주 여행,207,유명,XR
전주 여행,207,식당,NNG
전주 여행,207,정말,MAG
전주 여행,207,많이,MAG
전주 여행,207,지만,EC
전주 여행,207,이번,NNG
전주 여행,208,아산,NNP
전주 여행,208,알마,NNP
전주 여행,208,게스트,NNP
전주 여행,208,숙소,NNG
전주 여행,208,침대,NNG
전주 여행,208,바베큐,NNG
전주 여행,208,아산,NNP
전주 여행,208,감성,NNG
전주 여행,208,펜션,NNG
전주 여행,208,아산,NNP
전주 여행,208,매년,MAG
전주 여행,208,놀러가,VV
전주 여행,208,멤버,NNG
전주 여행,208,함께,MAG
전주 여행,208,여름휴가,NNG
전주 여행,208,우리,NP
전주 여행,208,or,SL
전주 여행,208,펜션,NNG
전주 여행,208,바베큐,NNG
전주 여행,208,하나,NR
전주 여행,208,선택,NNG
전주 여행,208,해서,XSV+EC
전주 여행,208,정도,NNG
전주 여행,208,모이,VV
전주 여행,208,는데,EC
전주 여행,208,올해,NNG
전주 여행,208,다녀왔,VV+EP
전주 여행,208,시원,XR
전주 여행,208,펜션,NNG
전주 여행,208,에서,JKB
전주 여행,208,여름,NNG
전주 여행,208,모임,NNG
전주 여행,208,즐기,VV
전주 여행,209,유네스코,NNP
전주 여행,209,인정,NNG
전주 여행,209,도시,NNG
전주 여행,209,라더니,VCP+EC
전주 여행,209,캐나다,NNP
전주 여행,209,부부,NNG
전주 여행,209,처음,MAG
전주 여행,209,감탄,NNG
전주 여행,209,캐나다,NNP
전주 여행,209,에서,JKB
전주 여행,209,부부,NNG
전주 여행,209,마지막,NNG
전주 여행,209,식당,NNG
전주 여행,209,들어갔,VV+EP
전주 여행,209,습니다,EF
전주 여행,209,그런데,MAJ
전주 여행,209,주문,NNG
전주 여행,209,마친,VV+ETM
전주 여행,209,얼마,NNG
전주 여행,209,지나,VV
전주 여행,209,는데,EC
전주 여행,209,눈앞,NNG
전주 여행,209,밥상,NNG
전주 여행,209,펼쳐,VV+EC
전주 여행,209,는데요,EF
전주 여행,209,이걸,NP+JKO
전주 여행,209,어떻게,MAG
전주 여행,209,테이블,NNG
전주 여행,209,놓인,VV+ETM
전주 여행,209,대표,NNG
전주 여행,210,블루리본,NNG
전주 여행,210,맛집,NNG
전주 여행,210,현대,NNG
전주 여행,210,남부,NNG
전주 여행,210,시장,NNG
전주 여행,210,토렴,NNG
전주 여행,210,콩나물국,NNG
전주 여행,210,거나,EC
전주 여행,210,전날,NNG
전주 여행,210,시원,XR
전주 여행,210,한잔,NNG
전주 여행,210,편안,NNG
전주 여행,210,개운,XR
전주 여행,210,따끈,XR
전주 여행,210,해장국,NNG
전주 여행,210,절실,XR
전주 여행,210,생각나,VV
전주 여행,210,수많,VA
전주 여행,210,콩나물국,NNG
전주 여행,210,밥집,NNG
전주 여행,210,에서,JKB
전주 여행,210,원조,NNG
전주 여행,210,토렴,NNG
전주 여행,210,매력,NNG
전주 여행,210,제대로,MAG
전주 여행,210,느낄,VV+ETM
전주 여행,211,아리랑,NNG
전주 여행,211,오프,NNG
전주 여행,211,시가지,NNG
전주 여행,211,술집,NNG
전주 여행,211,분위기,NNG
전주 여행,211,신상,NNG
전주 여행,211,호프집,NNG
전주 여행,211,후기,NNG
전주 여행,211,아리랑,NNG
전주 여행,211,오프,NNG
전주 여행,211,시가지,NNG
전주 여행,211,술집,NNG
전주 여행,211,분위기,NNG
전주 여행,211,신상,NNG
전주 여행,211,호프집,NNG
전주 여행,211,후기,NNG
전주 여행,211,블로거,NNP
전주 여행,211,입니다,VCP+EF
전주 여행,211,시가지,NNG
전주 여행,211,에서,JKB
전주 여행,211,남자,NNG
전주 여행,211,친구,NNG
전주 여행,211,가볍,VA
전주 여행,211,한잔,NNG
전주 여행,211,술집,NNG
전주 여행,211,다가,EC
전주 여행,211,새로,MAG
전주 여행,211,생긴,VV+ETM
전주 여행,211,아리랑,NNG
전주 여행,211,오프,NNG
전주 여행,211,다녀왔,VV+EP
전주 여행,211,어요,EF
전주 여행,211,30,SN
전주 여행,211,가지,NNBC
전주 여행,212,한옥,NNG
전주 여행,212,마을,NNG
전주 여행,212,숙소,NNG
전주 여행,212,추천,NNG
전주 여행,212,지밀,NNG
전주 여행,212,가족,NNG
전주 여행,212,한옥,NNG
전주 여행,212,호텔,NNG
전주 여행,212,이번,NNG
전주 여행,212,조카,NNG
전주 여행,212,에서,JKB
전주 여행,212,큐브,NNP
전주 여행,212,대회,NNG
전주 여행,212,나간다고,VV+EC
전주 여행,212,해서,VV+EC
전주 여행,212,겸사겸사,MAG
전주 여행,212,정말,MAG
전주 여행,212,도시,NNG
전주 여행,212,20,SN
전주 여행,212,처음,NNG
전주 여행,212,으로,JKB
전주 여행,212,숙박,NNG
전주 여행,212,동락,NNG
전주 여행,212,는데,EC
전주 여행,212,이후,NNG
전주 여행,212,호텔,NNG
전주 여행,212,에서,JKB
전주 여행,213,날씨,NNG
전주 여행,213,요정,NNG
전주 여행,213,군산,NNG
전주 여행,213,그리고,MAJ
전주 여행,213,익산,NNP
전주 여행,213,까지,JX
전주 여행,213,충분,XR
전주 여행,213,당일치기,NNG
전주 여행,213,은지,EC
전주 여행,213,충분히,MAG
전주 여행,213,더라,EC
전주 여행,213,군산,NNG
전주 여행,213,마땅찮,VA
전주 여행,213,호텔,NNG
전주 여행,213,어서,EC
전주 여행,213,잠자,VV
전주 여행,213,까지,JX
전주 여행,213,어서,EC
전주 여행,213,온돌,NNG
전주 여행,213,예약,NNG
전주 여행,213,는데,EC
전주 여행,213,창문,NNG
전주 여행,213,이게,NP+JKS
전주 여행,213,뭔가요,NP+VCP+EF
전주 여행,213,그렇,VA
전주 여행,213,테이블,NNG
전주 여행,213,어서,EC
전주 여행,213,음식,NNG
전주 여행,213,약간,MAG
전주 여행,214,풍년제,NNP
전주 여행,214,일요일,NNG
전주 여행,214,월요일,NNG
전주 여행,214,다녀왔,VV+EP
전주 여행,214,어요,EF
전주 여행,214,비오,VV
전주 여행,214,월요일,NNG
전주 여행,214,아침,NNG
전주 여행,214,아침,NNG
전주 여행,214,식사,NNG
전주 여행,214,어요,EF
전주 여행,214,쾌적,XR
전주 여행,214,으로,JKB
전주 여행,214,풍년제,NNP
전주 여행,214,본점,NNG
전주 여행,214,방문,NNG
전주 여행,214,어요,EF
전주 여행,214,체크아웃,NNG
전주 여행,214,나와서,VV+EC
전주 여행,214,는데,EC
전주 여행,214,여기,NP
전주 여행,214,주차장,NNG
전주 여행,215,호텔,NNG
전주 여행,215,Eosahwa,SL
전주 여행,215,Hanok,SL
전주 여행,215,Stay,SL
전주 여행,215,Featured,SL
전주 여행,215,in,SL
전주 여행,215,Petit,SL
전주 여행,215,Fut,SL
전주 여행,215,2026,SN
전주 여행,215,구매,NNG
전주 여행,215,보세,NNG
전주 여행,215,특히,MAG
전주 여행,215,준비,NNG
전주 여행,215,신다면,EP+EC
전주 여행,215,독특,XR
전주 여행,215,경험,NNG
전주 여행,215,제공,NNG
전주 여행,215,숙소,NNG
전주 여행,215,필요,NNG
전주 여행,215,해요,XSA+EF
전주 여행,215,살펴본,VV+ETM
전주 여행,215,결과,NNG
전주 여행,215,호텔,NNG
전주 여행,215,Eosahwa,SL
전주 여행,215,Hanok,SL
전주 여행,215,Stay,SL
전주 여행,215,Featured,SL
전주 여행,215,in,SL
전주 여행,215,Petit,SL
전주 여행,215,Fut,SL
전주 여행,215,2026,SN
전주 여행,215,정말,MAG
전주 여행,215,매력,NNG
전주 여행,215,어요,EF
전주 여행,215,Eosahwa,SL
전주 여행,216,비스,NNG
전주 여행,216,앰배서더,NNP
전주 여행,216,발코니,NNG
전주 여행,216,디럭스,NNP
전주 여행,216,더블,NNG
전주 여행,216,조식,NNG
전주 여행,216,레스토랑,NNG
전주 여행,216,식정,NNG
전주 여행,216,비스,NNG
전주 여행,216,앰배서더,NNP
전주 여행,216,어제,MAG
전주 여행,216,디럭스,NNP
전주 여행,216,트윈,NNP
전주 여행,216,이어서,VV+EC
전주 여행,216,테라스,NNG
전주 여행,216,더블,NNG
전주 여행,216,조식,NNG
전주 여행,216,스타일,NNG
전주 여행,216,리뷰,NNP
전주 여행,216,후기,NNG
전주 여행,216,입니다,VCP+EF
전주 여행,216,이번,NNG
전주 여행,216,이용,NNG
전주 여행,216,해서,XSV+EC
전주 여행,216,저희,NP
전주 여행,216,디럭스,NNP
전주 여행,216,트윈,NNP
전주 여행,216,이용,NNG
전주 여행,216,같이,MAG
전주 여행,216,일행,NNG
전주 여행,216,테라스,NNG
전주 여행,216,더블,NNG
전주 여행,217,전라북도,NNP
전주 여행,217,여권,NNG
전주 여행,217,발급,NNG
전주 여행,217,방법,NNG
전주 여행,217,도청,NNG
전주 여행,217,민원실,NNG
전주 여행,217,갔다왔,VV+EP
전주 여행,217,어요,EF
전주 여행,217,김제,NNP
전주 여행,217,익산,NNP
전주 여행,217,군산,NNP
전주 여행,217,전라북도,NNP
전주 여행,217,여권,NNG
전주 여행,217,발급,NNG
전주 여행,217,관련,NNG
전주 여행,217,준비물,NNG
전주 여행,217,부터,JX
전주 여행,217,위치,NNG
전주 여행,217,비용,NNG
전주 여행,217,수령,NNG
전주 여행,217,까지,JX
전주 여행,217,정리,NNG
전주 여행,217,드리,VX
전주 여행,217,습니다,EF
전주 여행,217,해외여행,NNG
전주 여행,217,준비,NNG
전주 여행,217,다가,EC
전주 여행,217,여권,NNG
전주 여행,217,는데,EC
전주 여행,217,유효,NNG
전주 여행,217,기간,NNG
전주 여행,217,얼마,NNG
전주 여행,217,다면,EC
전주 여행,217,빨리,MAG
전주 여행,218,하와이안,NNG
전주 여행,218,레시피,NNG
전주 여행,218,청연,NNG
전주 여행,218,타임,NNP
전주 여행,218,무노,NNP
전주 여행,218,예전,NNG
전주 여행,218,한옥,NNG
전주 여행,218,마을,NNG
전주 여행,218,에서,JKB
전주 여행,218,설빙,NNG
전주 여행,218,다고,EC
전주 여행,218,한다,VX+EF
전주 여행,218,설빙,NNG
전주 여행,218,니까,EC
전주 여행,218,그럼,MAJ
전주 여행,218,설빙,NNG
전주 여행,218,볼까,EC+VX+EC
전주 여행,218,는데,EC
전주 여행,218,역시,MAJ
전주 여행,218,여기,VV
전주 여행,218,마감,NNG
전주 여행,218,그러,VV
전주 여행,218,한옥마을,NNP
전주 여행,218,대체,NNG
전주 여행,218,으로,JKB
전주 여행,218,일찍,MAG
전주 여행,218,마감,NNG
전주 여행,219,모임,NNG
전주 여행,219,숙소,NNG
전주 여행,219,정리,NNG
전주 여행,219,노송,NNG
전주 여행,219,체크,NNG
전주 여행,219,리스트,NNG
전주 여행,219,예약,NNG
전주 여행,219,노송,NNG
전주 여행,219,빌리,VV
전주 여행,219,비앤비,NNP
전주 여행,219,예약,NNG
전주 여행,219,노송,NNG
전주 여행,219,노송,NNG
전주 여행,219,별장,NNG
전주 여행,219,독채,NNG
전주 여행,219,숙소,NNG
전주 여행,219,가족,NNG
전주 여행,219,숙소,NNG
전주 여행,219,단체,NNG
전주 여행,219,숙소,NNG
전주 여행,219,감성,NNG
전주 여행,219,숙소,NNG
전주 여행,219,한옥,NNG
전주 여행,219,마을,NNG
전주 여행,219,숙소,NNG
전주 여행,219,숙소,NNG
전주 여행,219,추천,NNG
전주 여행,219,루프,NNG
전주 여행,219,숙소,NNG
전주 여행,219,친구,NNG
전주 여행,219,모임,NNG
전주 여행,220,강원도,NNP
전주 여행,220,평창,NNP
전주 여행,220,애견,NNG
전주 여행,220,동반,NNG
전주 여행,220,가족,NNG
전주 여행,220,카페,NNG
전주 여행,220,식당,NNG
전주 여행,220,펜션,NNG
전주 여행,220,가족,NNG
전주 여행,220,끼리,XSN
전주 여행,220,회비,NNG
전주 여행,220,는데,EC
전주 여행,220,가지,VV
전주 여행,220,가족,NNG
전주 여행,220,간다,VV+EC
전주 여행,220,작년,NNG
전주 여행,220,추석,NNG
전주 여행,220,연휴,NNG
전주 여행,220,남해,NNP
전주 여행,220,다녀왔,VV+EP
전주 여행,220,는데,EC
전주 여행,220,올해,NNG
전주 여행,220,계곡,NNG
전주 여행,220,으로,JKB
전주 여행,220,재작년,NNG
전주 여행,220,평창,NNP
전주 여행,220,날씨,NNG
전주 여행,220,계곡,NNG
전주 여행,221,주송,NNG
전주 여행,221,천동,NNG
전주 여행,221,맛집,NNG
전주 여행,221,호남,NNG
전주 여행,221,부모,NNG
전주 여행,221,모시,VV
전주 여행,221,칠순,NR
전주 여행,221,잔치,NNG
전주 여행,221,계획,NNG
전주 여행,221,거나,EC
전주 여행,221,격식,NNG
전주 여행,221,모임,NNG
전주 여행,221,장소,NNG
전주 여행,221,으시,EP
전주 여행,221,라면,EC
전주 여행,221,주송,NNG
전주 여행,221,천동,NNG
전주 여행,221,맛집,NNG
전주 여행,221,남각,NNG
전주 여행,221,강력,NNG
전주 여행,221,추천,NNG
전주 여행,221,드립니다,VV+EC
전주 여행,221,후회,NNG
전주 여행,221,선택,NNG
전주 여행,221,예요,VCP+EF
전주 여행,221,하랑,NNP
전주 여행,221,보증,NNG
전주 여행,221,맛집,NNG
전주 여행,221,리스트,NNG
전주 여행,221,바로,MAG
전주 여행,222,한옥마을,NNP
전주 여행,222,전동성당,NNP
전주 여행,222,전동차,NNG
전주 여행,222,투어,NNG
전주 여행,222,전시,NNG
전주 여행,222,까지,JX
전주 여행,222,시리즈,NNG
전주 여행,222,한옥마을,NNP
전주 여행,222,현재,MAG
전주 여행,222,맛집,NNG
전주 여행,222,카페,NNG
전주 여행,222,간식,NNG
전주 여행,222,고즈넉,XR
전주 여행,222,한옥,NNG
전주 여행,222,맛있,VA
전주 여행,222,먹거리,NNG
전주 여행,222,유명,XR
전주 여행,222,KTX,SL
전주 여행,222,다녀왔,VV+EP
전주 여행,222,어요,EF
전주 여행,222,볼거리,NNG
전주 여행,222,먹거리,NNG
전주 여행,222,워낙,MAG
전주 여행,222,아서,EC
전주 여행,223,코스,NNG
전주 여행,223,동물원,NNP
전주 여행,223,드림,NNP
전주 여행,223,랜드,NNG
전주 여행,223,완벽,NNG
전주 여행,223,정리,NNP
전주 여행,223,동물원,NNP
전주 여행,223,주드,NNP
전주 여행,223,림랜드,NNG
전주 여행,223,놀이,NNG
전주 여행,223,공원,NNG
전주 여행,223,키즈,NNP
전주 여행,223,아이,NNG
전주 여행,223,데이트,NNG
전주 여행,223,코스,NNG
전주 여행,223,주말,NNG
전주 여행,223,가족,NNG
전주 여행,223,코스,NNG
전주 여행,223,동물원,NNP
전주 여행,223,대관람차,NNG
전주 여행,223,회전목마,NNG
전주 여행,224,대옥,NNG
전주 여행,224,본점,NNG
전주 여행,224,콩나물,NNG
전주 여행,224,국밥,NNG
전주 여행,224,맛집,NNG
전주 여행,224,추천,NNG
전주 여행,224,내산,NNP
전주 여행,224,가족,NNG
전주 여행,224,총평,NNG
전주 여행,224,와서,VV+EC
전주 여행,224,유명,XR
전주 여행,224,콩나물국,NNG
전주 여행,224,인데,VCP+EC
전주 여행,224,생각,NNG
전주 여행,224,보다,JKB
전주 여행,224,가족,NNG
전주 여행,224,메뉴,NNG
전주 여행,224,취향,NNG
전주 여행,224,전부,MAG
전주 여행,224,달라도,VA+EC
전주 여행,224,선택지,NNG
전주 여행,224,아서,EC
전주 여행,224,어요,EF
전주 여행,224,엄마,NNG
전주 여행,224,깔끔,XR
전주 여행,224,시원,XR
전주 여행,224,부식,NNG
전주 여행,224,아빠,NNG
전주 여행,224,칼칼,XR
전주 여행,225,막걸리,NNG
전주 여행,225,골목,NNG
전주 여행,225,맛집,NNG
전주 여행,225,21,SN
전주 여행,225,가지,NNBC
전주 여행,225,푸짐,XR
전주 여행,225,상차림,NNG
전주 여행,225,복막,NNG
전주 여행,225,막걸리,NNG
전주 여행,225,막걸리,NNG
전주 여행,225,골목,NNG
전주 여행,225,복막,NNG
전주 여행,225,걸리,NNG
전주 여행,225,주복,NNG
전주 여행,225,막걸리,NNG
전주 여행,225,맛집,NNG
전주 여행,225,막걸리,NNG
전주 여행,225,골목,NNG
전주 여행,225,주차,NNG
전주 여행,225,연예인,NNG
전주 여행,225,맛집,NNG
전주 여행,225,가족,NNG
전주 여행,225,모임,NNG
전주 여행,225,단체,NNG
전주 여행,225,회식,NNG
전주 여행,225,레트,NNG
전주 여행,225,데이트,NNG
전주 여행,225,간장,NNG
전주 여행,225,게장,NNG
전주 여행,225,코스,NNG
전주 여행,225,모르,NNP
전주 여행,225,버드,NNP
전주 여행,226,숙소,NNG
전주 여행,226,추천,NNP
전주 여행,226,한옥마을,NNP
전주 여행,226,도보,NNP
전주 여행,226,이동과,NNP
전주 여행,226,조식,NNG
전주 여행,226,훌륭,XR
전주 여행,226,호텔,NNG
전주 여행,226,계획,NNG
전주 여행,226,신가요,EP+EC
전주 여행,226,전통,NNG
전주 여행,226,현대,NNG
전주 여행,226,공존,NNG
전주 여행,226,매력,NNG
전주 여행,226,도시,NNG
전주 여행,226,언제,MAG
전주 여행,226,방문,NNG
전주 여행,226,해도,XSV+EC
전주 여행,226,마음,NNG
전주 여행,226,포근,XR
전주 여행,226,입니다,VCP+EF
전주 여행,226,성공,NNG
전주 여행,226,만들,VV
전주 여행,226,위해,VV+EC
전주 여행,226,가장,MAG
전주 여행,226,중요,NNG
전주 여행,226,하나,NR
전주 여행,226,바로,MAG
전주 여행,226,편안,NNG
전주 여행,226,쾌적,XR
전주 여행,227,호텔,NNG
전주 여행,227,이화원,NNP
전주 여행,227,힐링,NNG
전주 여행,227,스페이스,NNG
전주 여행,227,프라이빗,NNG
전주 여행,227,펜션,NNG
전주 여행,227,어요,EF
전주 여행,227,호텔,NNG
전주 여행,227,이화원,NNP
전주 여행,227,힐링,NNG
전주 여행,227,스페이스,NNG
전주 여행,227,프라이빗,NNG
전주 여행,227,펜션,NNG
전주 여행,227,어요,EF
전주 여행,227,면서,EC
전주 여행,227,편안,NNG
전주 여행,227,숙소,NNG
전주 여행,227,어요,EF
전주 여행,227,그래서,MAJ
전주 여행,227,호텔,NNG
전주 여행,227,에서,JKB
전주 여행,227,어떤,MM
전주 여행,227,가장,MAG
전주 여행,227,마음,NNG
전주 여행,227,는지,EC
전주 여행,227,알아보,VV
전주 여행,227,답니다,EF
전주 여행,228,산정동,NNP
전주 여행,228,이즈,NNP
전주 여행,228,호텔,NNG
전주 여행,228,소감,NNG
전주 여행,228,완벽,NNG
전주 여행,228,위치,NNG
전주 여행,228,편안,NNG
전주 여행,228,덕분,NNG
전주 여행,228,힐링,NNG
전주 여행,228,드디어,MAG
전주 여행,228,위해,VV+EC
전주 여행,228,이즈,NNP
전주 여행,228,호텔,NNG
전주 여행,228,머물렀,VV+EP
전주 여행,228,어요,EF
전주 여행,228,위치,NNG
전주 여행,228,정말,MAG
전주 여행,228,최고,NNG
전주 여행,228,여기저기,NNG
전주 여행,228,돌아다니,VV
전주 여행,228,너무,MAG
전주 여행,228,객실,NNG
전주 여행,228,기대,NNG
전주 여행,228,보다,JKB
전주 여행,228,훨씬,MAG
전주 여행,228,어서,EC
전주 여행,228,편안,NNG
전주 여행,228,습니다,EF
전주 여행,228,교통,NNG
전주 여행,228,요지,NNG
전주 여행,228,주요,NNG
전주 여행,228,명소,NNG
전주 여행,229,한옥,NNG
전주 여행,229,마을,NNG
전주 여행,229,근처,NNG
전주 여행,229,갈비,NNG
전주 여행,229,맛집,NNG
전주 여행,229,감집,NNG
전주 여행,229,방문,NNG
전주 여행,229,후기,NNG
전주 여행,229,정말,MAG
전주 여행,229,오랜만,NNG
전주 여행,229,에서,JKB
전주 여행,229,갈비,NNG
전주 여행,229,유명,XR
전주 여행,229,음식,NNG
전주 여행,229,는데,EC
전주 여행,229,갈비,NNG
전주 여행,229,유명,XR
전주 여행,229,친구,NNG
전주 여행,229,와서,VV+EC
전주 여행,229,저녁밥,NNG
전주 여행,229,갈비,NNG
전주 여행,229,모주,NNG
전주 여행,229,선택,NNG
전주 여행,229,습니다,EF
전주 여행,229,매일,MAG
전주 여행,229,11,SN
전주 여행,229,00,SN
전주 여행,229,22,SN
전주 여행,229,00,SN
전주 여행,229,15,SN
전주 여행,229,00,SN
전주 여행,229,16,SN
전주 여행,229,30,SN
전주 여행,229,브레이크,NNG
전주 여행,229,타임,NNG
전주 여행,229,매달,MAG
전주 여행,230,호텔,NNG
전주 여행,230,Wolha,SL
전주 여행,230,House,SL
전주 여행,230,Premium,SL
전주 여행,230,Traditional,SL
전주 여행,230,Hanok,SL
전주 여행,230,Stay,SL
전주 여행,230,어요,EF
전주 여행,230,호텔,NNG
전주 여행,230,Wolha,SL
전주 여행,230,House,SL
전주 여행,230,Premium,SL
전주 여행,230,Traditional,SL
전주 여행,230,Hanok,SL
전주 여행,230,Stay,SL
전주 여행,230,어요,EF
전주 여행,230,계획,NNG
전주 여행,230,면서,EC
전주 여행,230,숙소,NNG
전주 여행,230,중요,NNG
전주 여행,230,특히,MAG
전주 여행,230,전통,NNG
전주 여행,230,분위기,NNG
전주 여행,230,즐기,VV
전주 여행,230,에게,JKB
전주 여행,230,호텔,NNG
전주 여행,230,Wolha,SL
전주 여행,230,House,SL
전주 여행,230,Premium,SL
전주 여행,231,흐름,NNG
전주 여행,231,따라,VV+EC
전주 여행,231,머문,VV+ETM
전주 여행,231,정갈,XR
전주 여행,231,공간,NNG
전주 여행,231,이야기,NNG
전주 여행,231,중심지,NNG
전주 여행,231,에서,JKB
전주 여행,231,너무,MAG
전주 여행,231,그렇,VA
전주 여행,231,다고,EC
전주 여행,231,너무,MAG
전주 여행,231,번잡,XR
전주 여행,231,아서,EC
전주 여행,231,균형,NNG
전주 여행,231,맞추,VV
전주 여행,231,어요,EF
전주 여행,231,거리,NNG
전주 여행,231,휴식,MAG
전주 여행,231,마리,NNBC
전주 여행,231,토끼,NNG
전주 여행,231,라면,EC
전주 여행,231,이런,MM
전주 여행,231,위치,NNG
전주 여행,231,특성,NNG
전주 여행,231,매력,NNG
전주 여행,231,예요,VCP+EF
전주 여행,232,모임,NNG
전주 여행,232,숙소,NNG
전주 여행,232,고민,NNG
전주 여행,232,된다면,XSV+EC
전주 여행,232,노송,NNG
전주 여행,232,빌리지,NNG
전주 여행,232,구조,NNG
전주 여행,232,알려,VV+EC
전주 여행,232,드릴게요,VX+EC
전주 여행,232,예약,NNG
전주 여행,232,노송,NNG
전주 여행,232,단체,NNG
전주 여행,232,숙소,NNG
전주 여행,232,가족,NNG
전주 여행,232,숙소,NNG
전주 여행,232,독채,NNG
전주 여행,232,숙소,NNG
전주 여행,232,숙소,NNG
전주 여행,232,추천,NNG
전주 여행,232,감성,NNG
전주 여행,232,숙소,NNG
전주 여행,232,한옥,NNG
전주 여행,232,마을,NNG
전주 여행,232,숙소,NNG
전주 여행,232,모임,NNG
전주 여행,232,숙소,NNG
전주 여행,232,워크숍,NNG
전주 여행,232,숙소,NNG
전주 여행,232,주우정,NNP
전주 여행,232,숙박,NNG
전주 여행,233,블루리본,NNG
전주 여행,233,숙영,NNG
전주 여행,233,가마솥,NNG
전주 여행,233,비빔밥,NNG
전주 여행,233,전라,NNP
전주 여행,233,감영,NNG
전주 여행,233,산책,NNG
전주 여행,233,수박,NNG
전주 여행,233,주스,NNG
전주 여행,233,100,SN
전주 여행,233,수박,NNG
전주 여행,233,통째,NNG
전주 여행,233,시원,XR
전주 여행,233,갈증,NNG
전주 여행,233,해소,NNG
전주 여행,233,즐거웠,VA+EP
전주 여행,233,마무리,NNG
전주 여행,233,맛있,VA
전주 여행,233,전주비빔밥,NNG
전주 여행,233,고즈넉,XR
전주 여행,233,전라,NNP
전주 여행,233,감영,NNG
전주 여행,233,산책,NNG
전주 여행,233,그리고,MAJ
전주 여행,233,완벽,NNG
전주 여행,233,호수,NNG
전주 여행,233,우베,NNP
전주 여행,233,라떼,NNG
전주 여행,234,숙소,NNG
전주 여행,234,추천,NNG
전주 여행,234,한옥,NNG
전주 여행,234,감성,NNG
전주 여행,234,휴식,NNG
전주 여행,234,아이,NNG
전주 여행,234,동반,NNG
전주 여행,234,가족,NNG
전주 여행,234,어디,NP
전주 여행,234,알차,VA
전주 여행,234,즐기,VV
전주 여행,234,위해서,VV+EC
전주 여행,234,관광지,NNG
전주 여행,234,접근성,NNG
전주 여행,234,객실,NNG
전주 여행,234,분위기,NNG
전주 여행,234,청결,NNG
전주 여행,234,그리고,MAJ
전주 여행,234,동행자,NNG
전주 여행,234,숙소,NNG
전주 여행,234,규정,NNG
전주 여행,234,꼼꼼히,MAG
전주 여행,234,체크,NNG
전주 여행,234,중요,NNG
전주 여행,234,합니다,XSV+EF
전주 여행,234,이번,NNG
전주 여행,234,에서,JKB
전주 여행,234,주요,NNG
전주 여행,234,명소,NNG
전주 여행,234,가까운,VA+ETM
전주 여행,234,위치,NNG
전주 여행,235,호텔,NNG
전주 여행,235,한옥,NNG
전주 여행,235,마을,NNG
전주 여행,235,숙박,NNG
전주 여행,235,별빛,NNG
전주 여행,235,장점,NNG
전주 여행,235,가지,NNBC
전주 여행,235,호텔,NNG
전주 여행,235,한옥,NNG
전주 여행,235,마을,NNG
전주 여행,235,숙박,NNG
전주 여행,235,별빛,NNG
전주 여행,235,장점,NNG
전주 여행,235,가지,NNBC
전주 여행,235,요즘,NNG
전주 여행,235,계획,NNG
전주 여행,235,세우,VV
전주 여행,235,나요,EF
전주 여행,235,한옥,NNG
전주 여행,235,마을,NNG
전주 여행,235,정말,MAG
전주 여행,235,매력,NNG
전주 여행,235,장소,NNG
전주 여행,235,인데,VCP+EC
전주 여행,235,에서,JKB
전주 여행,235,호텔,NNG
전주 여행,235,한옥,NNG
전주 여행,235,마을,NNG
전주 여행,235,숙박,NNG
전주 여행,235,별빛,NNG
전주 여행,235,어요,EF
전주 여행,235,별빛,NNG
전주 여행,235,전통,NNG
전주 여행,236,호텔,NNG
전주 여행,236,한옥,NNG
전주 여행,236,마을,NNG
전주 여행,236,홍시,NNG
전주 여행,236,게스트,NNP
전주 여행,236,하우스,NNP
전주 여행,236,후기,NNG
전주 여행,236,호텔,NNG
전주 여행,236,한옥,NNG
전주 여행,236,마을,NNG
전주 여행,236,홍시,NNG
전주 여행,236,게스트,NNP
전주 여행,236,하우스,NNP
전주 여행,236,후기,NNG
전주 여행,236,한옥마을,NNP
전주 여행,236,편안,NNG
전주 여행,236,숙소,NNG
전주 여행,236,정말,MAG
전주 여행,236,중요,XR
전주 여행,236,문제,NNG
전주 여행,236,예요,VCP+EF
전주 여행,236,특히,MAG
전주 여행,236,한옥마을,NNP
전주 여행,236,홍시,NNG
전주 여행,236,게스트,NNP
전주 여행,236,하우스,NNP
전주 여행,236,여행자,NNG
전주 여행,236,에게,JKB
전주 여행,236,사랑,NNG
전주 여행,236,어요,EF
전주 여행,237,한옥,NNG
전주 여행,237,마을,NNG
전주 여행,237,카페,NNG
전주 여행,237,공간,NNG
전주 여행,237,수제,NNG
전주 여행,237,맥주,NNG
전주 여행,237,음악,NNG
전주 여행,237,감성,NNG
전주 여행,237,카페,NNG
전주 여행,237,공간,NNG
전주 여행,237,공간,NNG
전주 여행,237,카페,NNG
전주 여행,237,한옥,NNG
전주 여행,237,마을,NNG
전주 여행,237,카페,NNG
전주 여행,237,한옥마을,NNP
전주 여행,237,카페,NNG
전주 여행,237,추천,NNG
전주 여행,237,감성,NNG
전주 여행,237,카페,NNG
전주 여행,237,한옥,NNG
전주 여행,237,카페,NNG
전주 여행,237,코스,NNG
전주 여행,237,데이트,NNG
전주 여행,237,카페,NNG
전주 여행,237,투어,NNG
전주 여행,237,한옥,NNG
전주 여행,237,카페,NNG
전주 여행,238,본점,NNG
전주 여행,238,정갈,XR
전주 여행,238,그대로,MAG
전주 여행,238,재현,NNG
전주 여행,238,부산,NNP
전주 여행,238,전포동,NNP
전주 여행,238,맛집,NNG
전주 여행,238,메밀,NNG
전주 여행,238,소바,NNP
전주 여행,238,타지,NNG
전주 여행,238,에서,JKB
전주 여행,238,맛보,VV
전주 여행,238,소중,XR
전주 여행,238,미식,NNG
전주 여행,238,기억,NNG
전주 여행,238,일상,NNG
전주 여행,238,가까이,NNG
전주 여행,238,에서,JKB
전주 여행,238,다시,MAG
전주 여행,238,마주,MAG
전주 여행,238,행복,NNG
전주 여행,238,기록,NNG
전주 여행,238,지역,NNG
전주 여행,238,향수,NNG
전주 여행,238,불러일으키,VV
전주 여행,238,요리,NNG
전주 여행,238,으로,JKB
전주 여행,238,떠났,VV+EP
전주 여행,238,여행지,NNG
전주 여행,238,에서,JKB
전주 여행,238,맛보,VV
전주 여행,238,특별,NNG
전주 여행,238,요리,NNG
전주 여행,238,문득,MAG
전주 여행,238,그리워질,VA+EC+VX+ETM
전주 여행,239,타지,NNG
전주 여행,239,에서,JKB
전주 여행,239,맛본,VV+ETM
전주 여행,239,소박,XR
전주 여행,239,메밀,NNG
전주 여행,239,요리,NNG
전주 여행,239,추억,NNG
전주 여행,239,부산,NNP
전주 여행,239,전포,NNG
전주 여행,239,맛집,NNG
전주 여행,239,공간,NNG
전주 여행,239,에서,JKB
전주 여행,239,멀리서,MAG
전주 여행,239,메밀,NNG
전주 여행,239,향기,NNG
전주 여행,239,일상,NNG
전주 여행,239,편안,NNG
전주 여행,239,식탁,NNG
전주 여행,239,으로,JKB
전주 여행,239,다가오,VV
전주 여행,239,소중,XR
전주 여행,239,경험,NNG
전주 여행,239,낯선,VA+ETM
전주 여행,239,도시,NNG
전주 여행,239,기억,NNG
전주 여행,239,익숙,XR
전주 여행,239,미식,NNG
전주 여행,239,만남,NNG
전주 여행,239,때로,MAG
전주 여행,239,뜻밖,NNG
전주 여행,239,장소,NNG
전주 여행,239,에서,JKB
전주 여행,239,이전,NNG
전주 여행,239,소중,XR
전주 여행,239,기억,NNG
전주 여행,239,되살려,VV+EC
전주 여행,239,합니다,VX+EF
전주 여행,239,오래,NNG
전주 여행,240,부산,NNP
전주 여행,240,메밀,NNG
전주 여행,240,소바,NNP
전주 여행,240,에서,JKB
전주 여행,240,경험,NNG
전주 여행,240,본점,NNG
전주 여행,240,담백,XR
전주 여행,240,미식,NNG
전주 여행,240,기록,NNG
전주 여행,240,여운,NNG
전주 여행,240,전포동,NNP
전주 여행,240,공간,NNG
전주 여행,240,에서,JKB
전주 여행,240,마주,MAG
전주 여행,240,정갈,XR
전주 여행,240,요리,NNG
전주 여행,240,정취,NNG
전주 여행,240,편안,NNG
전주 여행,240,식사,NNG
전주 여행,240,시간,NNG
전주 여행,240,소중,XR
전주 여행,240,에서,JKB
전주 여행,240,메밀,NNG
전주 여행,240,향기,NNG
전주 여행,240,만나,VV
전주 여행,240,전포동,NNP
전주 여행,240,새로운,VA+ETM
전주 여행,240,일상,NNG
전주 여행,240,에서,JKB
전주 여행,240,오랜,MM
전주 여행,240,시간,NNG
전주 여행,240,사랑,NNG
전주 여행,240,맛집,NNG
전주 여행,240,정취,NNG
전주 여행,241,부산,NNP
전주 여행,241,전포,NNG
전주 여행,241,직장,NNG
전주 여행,241,맛집,NNG
전주 여행,241,메르,NNP
전주 여행,241,진미,NNG
전주 여행,241,에서,JKB
전주 여행,241,만난,VV+ETM
전주 여행,241,여름날,NNG
전주 여행,241,시원,XR
전주 여행,241,타지,NNG
전주 여행,241,에서,JKB
전주 여행,241,경험,NNG
전주 여행,241,소중,XR
전주 여행,241,미식,NNG
전주 여행,241,기억,NNG
전주 여행,241,일상,NNG
전주 여행,241,공간,NNG
전주 여행,241,에서,JKB
전주 여행,241,다시,MAG
전주 여행,241,만나,VV
전주 여행,241,즐거움,NNG
전주 여행,241,습니다,EF
전주 여행,241,본점,NNG
전주 여행,241,감동,NNG
전주 여행,241,옮겨온,VV+EC+VX+ETM
전주 여행,241,매장,NNG
전주 여행,241,분위기,NNG
전주 여행,241,당시,NNG
전주 여행,241,대기,NNG
전주 여행,241,견디,VV
전주 여행,241,기억,NNG
전주 여행,241,선명,NNG
전주 여행,241,합니다,XSV+EF
전주 여행,241,멀리,MAG
전주 여행,242,호텔,NNG
전주 여행,242,봄밤,NNG
전주 여행,242,후기,NNG
전주 여행,242,특히,MAG
전주 여행,242,계획,NNG
전주 여행,242,다면,EC
전주 여행,242,호텔,NNG
전주 여행,242,봄밤,NNG
전주 여행,242,어요,EF
전주 여행,242,호텔,NNG
전주 여행,242,봄밤,NNG
전주 여행,242,합리,NNG
전주 여행,242,가격,NNG
전주 여행,242,다양,XR
전주 여행,242,혜택,NNG
전주 여행,242,제공,NNG
전주 여행,242,해서,XSV+EC
전주 여행,242,사람,NNG
전주 여행,242,에요,EF
전주 여행,242,정말,MAG
전주 여행,242,매력,NNG
전주 여행,242,봄밤,NNG
전주 여행,242,봄밤,NNG
전주 여행,243,완산구,NNP
전주 여행,243,한옥,NNG
전주 여행,243,마을,NNG
전주 여행,243,호텔,NNG
전주 여행,243,평일,NNG
전주 여행,243,청연,NNG
전주 여행,243,야경,NNG
전주 여행,243,숙소,NNG
전주 여행,243,추천,NNP
전주 여행,243,한옥마을,NNP
전주 여행,243,10,SN
전주 여행,243,거리,NNG
전주 여행,243,근처,NNG
전주 여행,243,호텔,NNG
전주 여행,243,한옥,NNG
전주 여행,243,마을,NNG
전주 여행,243,호텔,NNG
전주 여행,243,한옥,NNG
전주 여행,243,마을,NNG
전주 여행,243,근처,NNG
전주 여행,243,숙소,NNG
전주 여행,243,추천,NNP
전주 여행,243,한옥,NNG
전주 여행,243,마을,NNG
전주 여행,243,호텔,NNG
전주 여행,243,후기,NNG
전주 여행,243,숙소,NNG
전주 여행,243,예요,VCP+EF
전주 여행,243,숙소,NNG
전주 여행,243,컨디션,NNG
전주 여행,244,go,SL
전주 여행,244,개강,NNG
전주 여행,244,마지막,NNG
전주 여행,244,발악,NNG
전주 여행,244,후쿠오카,NNP
전주 여행,244,개강,NNG
전주 여행,244,깜짝,MAG
전주 여행,244,일본,NNP
전주 여행,244,다녀오,VV
전주 여행,244,답니당,EF
전주 여행,244,하루,NNG
전주 여행,244,전날,NNG
전주 여행,244,입욕,NNG
전주 여행,244,어요,EF
전주 여행,244,출발,MAG
전주 여행,244,야무지,VA
전주 여행,244,캐리어,NNG
전주 여행,244,반쪽,NNG
전주 여행,244,비워,VV+EC
전주 여행,244,이제,NNG
전주 여행,244,혼자,MAG
전주 여행,244,공항,NNG
전주 여행,244,전혀,MAG
전주 여행,244,두렵,VA
전주 여행,244,혼자,NNG
전주 여행,244,비행기,NNG
전주 여행,244,훨씬,MAG
전주 여행,245,부산,NNP
전주 여행,245,전포,NNG
전주 여행,245,점심,NNG
전주 여행,245,맛집,NNG
전주 여행,245,선택,NNG
전주 여행,245,요리,NNG
전주 여행,245,미식,NNG
전주 여행,245,탐구,NNG
전주 여행,245,부산,NNP
전주 여행,245,전포,NNG
전주 여행,245,점심,NNG
전주 여행,245,맛집,NNG
전주 여행,245,예전,NNG
전주 여행,245,에서,JKB
전주 여행,245,마주,MAG
전주 여행,245,정갈,XR
전주 여행,245,메밀,NNG
전주 여행,245,소바,NNP
전주 여행,245,풍미,NNG
전주 여행,245,그대로,MAG
전주 여행,245,구현,NNG
전주 여행,245,공간,NNG
전주 여행,245,자리,NNG
전주 여행,245,습니다,EF
전주 여행,245,번잡,XR
전주 여행,245,도심,NNG
전주 여행,245,지나,VV+EC
전주 여행,245,카페,NNG
전주 여행,245,거리,NNG
전주 여행,245,으로,JKB
전주 여행,245,방향,NNG
전주 여행,245,여행지,NNG
전주 여행,245,에서,JKB
전주 여행,245,느꼈,VV+EP
전주 여행,245,여유,NNG
전주 여행,245,로움,XSA+ETN
전주 여행,246,호텔,NNG
전주 여행,246,이렇,VA
전주 여행,246,네요,EF
전주 여행,246,특히,MAG
전주 여행,246,계획,NNG
전주 여행,246,계시,VX
전주 여행,246,다면,EC
전주 여행,246,다양,XR
전주 여행,246,숙소,NNG
전주 여행,246,비교,NNG
전주 여행,246,중요,NNG
전주 여행,246,에서,JKB
전주 여행,246,호텔,NNG
전주 여행,246,여가,NNG
전주 여행,246,어서,EC
전주 여행,246,자세히,MAG
전주 여행,246,살펴보,VV
전주 여행,246,답니다,EC
전주 여행,246,여가,NNG
전주 여행,246,여가,NNG
전주 여행,246,241,SN
전주 여행,246,799,SN
전주 여행,247,기억,NNG
전주 여행,247,되살리,VV
전주 여행,247,부산,NNP
전주 여행,247,전포,NNG
전주 여행,247,콩국수,NNG
전주 여행,247,맛집,NNG
전주 여행,247,요리,NNG
전주 여행,247,미식,NNG
전주 여행,247,들렀,VV+EP
전주 여행,247,메르,NNP
전주 여행,247,진미,NNG
전주 여행,247,에서,JKB
전주 여행,247,느꼈,VV+EP
전주 여행,247,자극,NNG
전주 여행,247,메밀,NNG
전주 여행,247,소바,NNP
전주 여행,247,콩국수,NNG
전주 여행,247,여운,NNG
전주 여행,247,시간,NNG
전주 여행,247,지나,VV+EC
전주 여행,247,잊히,VV
전주 여행,247,더군요,EC
전주 여행,247,최근,NNG
전주 여행,247,부산,NNP
전주 여행,247,전포,NNP
전주 여행,247,카페,NNG
전주 여행,247,거리,NNG
전주 여행,247,거닐,VV
전주 여행,247,그곳,NP
전주 여행,247,지점,NNG
전주 여행,247,마주,MAG
전주 여행,248,45,SN
전주 여행,248,신사역,NNP
전주 여행,248,헬스,NNG
전주 여행,248,하이,NNP
전주 여행,248,록스,NNP
전주 여행,248,대비,NNG
전주 여행,248,가격,NNG
전주 여행,248,후기,NNG
전주 여행,248,영국,NNP
전주 여행,248,공항,NNG
전주 여행,248,에서,JKB
전주 여행,248,시내,NNG
전주 여행,248,남부,NNG
전주 여행,248,시장,NNG
전주 여행,248,야시장,NNG
전주 여행,248,당일치기,NNG
전주 여행,248,안녕,NNG
전주 여행,248,세요,EP+EF
전주 여행,248,언서,NNG
전주 여행,248,입니다,VCP+EF
전주 여행,248,벌써,MAG
전주 여행,248,45,SN
전주 여행,248,신사,NNG
전주 여행,248,한지,VV+EC
전주 여행,248,개월,NNBC
전주 여행,248,역시,MAJ
전주 여행,248,혼자,NNG
전주 여행,248,으면,EC
전주 여행,248,못했,VX+EP
전주 여행,248,운동,NNG
전주 여행,248,즐겁,VA
전주 여행,248,체중,NNG
전주 여행,248,감량,NNG
전주 여행,248,까지,JX
전주 여행,249,호텔,NNG
전주 여행,249,조식,NNG
전주 여행,249,수영장,NNG
전주 여행,249,웨딩,NNG
전주 여행,249,사우,NNG
전주 여행,249,리얼,NNG
전주 여행,249,후기,NNG
전주 여행,249,인데,VCP+EC
전주 여행,249,숙소,NNG
전주 여행,249,고민,NNG
전주 여행,249,제일,MAG
전주 여행,249,어요,EF
전주 여행,249,남자,NNG
전주 여행,249,친구,NNG
전주 여행,249,전라도,NNP
전주 여행,249,처음,NNG
전주 여행,249,신경,NNG
전주 여행,249,쓰였,VV+EP
전주 여행,249,는데,EC
전주 여행,249,모든,MM
전주 여행,249,고려,NNG
전주 여행,249,호텔,NNG
전주 여행,249,최적,NNG
전주 여행,249,습니다,EF
전주 여행,249,한옥마을,NNP
전주 여행,249,도보,NNP
전주 여행,249,거리,NNG
전주 여행,249,수영장,NNG
전주 여행,249,사우나,NNG
전주 여행,249,까지,JX
전주 여행,250,호텔,NNG
전주 여행,250,건축,NNG
전주 여행,250,선율,NNG
전주 여행,250,독채,NNG
전주 여행,250,펜션,NNG
전주 여행,250,후기,NNG
전주 여행,250,호텔,NNG
전주 여행,250,건축,NNG
전주 여행,250,선율,NNG
전주 여행,250,독채,NNG
전주 여행,250,펜션,NNG
전주 여행,250,후기,NNG
전주 여행,250,신다면,EP+EC
전주 여행,250,독특,XR
전주 여행,250,숙소,NNG
전주 여행,250,그래서,MAJ
전주 여행,250,이번,NNG
전주 여행,250,기회,NNG
전주 여행,250,호텔,NNG
전주 여행,250,건축,NNG
전주 여행,250,선율,NNG
전주 여행,250,독채,NNG
전주 여행,250,펜션,NNG
전주 여행,250,눈여겨,VV+EC
전주 여행,250,어요,EF
전주 여행,250,호텔,NNG
전주 여행,250,건축,NNG
전주 여행,250,선율,NNG
전주 여행,250,독채,NNG
전주 여행,250,펜션,NNG
전주 여행,251,장수,NNG
전주 여행,251,장수,NNG
전주 여행,251,우랑,NNG
전주 여행,251,사과,NNG
전주 여행,251,축제,NNG
전주 여행,251,일정,NNG
전주 여행,251,프로그램,NNG
전주 여행,251,주차,NNG
전주 여행,251,정리,NNG
전주 여행,251,마을,NNG
전주 여행,251,백석,NNG
전주 여행,251,공원,NNG
전주 여행,251,전북,NNP
전주 여행,251,체험,NNG
전주 여행,251,어린이,NNG
전주 여행,251,가을,NNG
전주 여행,251,유아,NNG
전주 여행,251,초등,NNG
전주 여행,251,자연,NNG
전주 여행,251,곤충,NNG
전주 여행,251,주말,NNG
전주 여행,251,체험,NNG
전주 여행,251,학습,NNG
전주 여행,251,아이,NNG
전주 여행,251,고고,NNG
전주 여행,251,naver,SL
전주 여행,251,me,SL
전주 여행,251,전북,NNP
전주 여행,251,여행지,NNG
전주 여행,251,장수,NNG
전주 여행,251,전북,NNP
전주 여행,251,더기,NNG
전주 여행,251,장수,NNG
전주 여행,252,호텔,NNG
전주 여행,252,비스,NNG
전주 여행,252,스타일,NNG
전주 여행,252,앰배서더,NNP
전주 여행,252,시티,NNG
전주 여행,252,센터,NNG
전주 여행,252,숙박,NNG
전주 여행,252,후기,NNG
전주 여행,252,비스,NNG
전주 여행,252,스타일,NNG
전주 여행,252,앰배서더,NNP
전주 여행,252,시티,NNG
전주 여행,252,센터,NNG
전주 여행,252,디럭스,NNP
전주 여행,252,트윈,NNP
전주 여행,252,조식,NNG
전주 여행,252,미포,NNG
전주 여행,252,18,SN
전주 여행,252,아고다,NNP
전주 여행,252,안녕,NNG
전주 여행,252,세요,EP+EF
전주 여행,252,입니다,VCP+EF
전주 여행,252,에서,JKB
전주 여행,252,선택,NNG
전주 여행,252,숙소,NNG
전주 여행,252,비스,NNG
전주 여행,252,스타일,NNG
전주 여행,252,앰배서더,NNP
전주 여행,252,시티,NNG
전주 여행,252,센터,NNG
전주 여행,253,안정,NNG
전주 여행,253,행복,NNG
전주 여행,253,오빠,NNG
전주 여행,253,동안,NNG
전주 여행,253,다녀와,VV+EC
전주 여행,253,써요,VV+EC
전주 여행,253,벌써,MAG
전주 여행,253,600,SN
전주 여행,253,다니,EC
전주 여행,253,빠르,VA
전주 여행,253,한울,NNP
전주 여행,253,밥상,NNG
전주 여행,253,우선,MAG
전주 여행,253,도착,NNG
전주 여행,253,자마자,EC
전주 여행,253,정식,NNG
전주 여행,253,무거,NNG
전주 여행,253,오빠,NNG
전주 여행,253,한식,NNG
전주 여행,253,환장,NNG
전주 여행,253,느라,EC
전주 여행,253,무엇,NP
전주 여행,253,보다,JKB
전주 여행,254,호텔,NNG
전주 여행,254,아기,NNG
전주 여행,254,가족,NNG
전주 여행,254,조식,NNG
전주 여행,254,사우나,NNG
전주 여행,254,수영장,NNG
전주 여행,254,숙소,NNG
전주 여행,254,추천,NNG
전주 여행,254,전주호,NNP
전주 여행,254,호텔,NNG
전주 여행,254,한옥,NNG
전주 여행,254,마을,NNG
전주 여행,254,숙소,NNG
전주 여행,254,가족,NNG
전주 여행,254,숙소,NNG
전주 여행,254,한옥,NNG
전주 여행,254,마을,NNG
전주 여행,254,성급,NNG
전주 여행,254,호텔,NNG
전주 여행,254,전주호,NNP
전주 여행,254,호텔,NNG
전주 여행,254,숙소,NNG
전주 여행,254,추천,NNG
전주 여행,254,한옥마을,NNP
전주 여행,254,아이,NNG
전주 여행,254,가족호텔,NNG
전주 여행,255,한옥마을,NNP
전주 여행,255,주차,NNG
전주 여행,255,걱정,NNG
전주 여행,255,아기,NNG
전주 여행,255,무료,NNG
전주 여행,255,코스,NNG
전주 여행,255,숙소,NNG
전주 여행,255,아기,NNG
전주 여행,255,준비,NNG
전주 여행,255,면서,EC
전주 여행,255,주차,NNG
전주 여행,255,문제,NNG
전주 여행,255,부터,JX
전주 여행,255,아이,NNG
전주 여행,255,추억,NNG
전주 여행,255,경비,NNG
전주 여행,255,까지,JX
전주 여행,255,생각,NNG
전주 여행,255,은데,EC
전주 여행,255,그래서,MAJ
전주 여행,255,최대한,NNG
전주 여행,255,엄마,NNG
전주 여행,255,편하,VA
전주 여행,255,아이,NNG
전주 여행,255,편하,VA
전주 여행,255,도록,EC
전주 여행,255,베스트,NNP
전주 여행,255,웨스턴,NNP
전주 여행,255,플러스,NNP
전주 여행,255,호텔,NNG
전주 여행,255,에서,JKB
전주 여행,255,주차,NNG
전주 여행,255,걱정,NNG
전주 여행,255,없이,MAG
전주 여행,255,한옥마을,NNP
전주 여행,256,이제,MAG
전주 여행,256,여름,NNG
전주 여행,256,푸딩,NNG
전주 여행,256,너무,MAG
전주 여행,256,귀엽,VA
전주 여행,256,지만,EC
전주 여행,256,가격,NNG
전주 여행,256,귀여운,VA+ETM
전주 여행,256,그냥,MAG
전주 여행,256,그저,MAG
전주 여행,256,그런,MM
전주 여행,256,스타,NNG
전주 여행,256,사진,NNG
전주 여행,256,으러,EC
전주 여행,256,는데,EC
전주 여행,256,자리,NNG
전주 여행,256,어서,EC
전주 여행,256,한옥마을,NNP
전주 여행,256,육전,NNG
전주 여행,256,숟가락,NNG
전주 여행,256,젓가락,NNG
전주 여행,257,순례,NNG
전주 여행,257,한옥마을,NNP
전주 여행,257,초코파이,NNP
전주 여행,257,종류,NNG
전주 여행,257,먹거리,NNG
전주 여행,257,기념품,NNG
전주 여행,257,Jeon,SL
전주 여행,257,ju,SL
전주 여행,257,순례,NNG
전주 여행,257,한옥마을,NNP
전주 여행,257,초코파이,NNP
전주 여행,257,종류,NNG
전주 여행,257,먹거리,NNG
전주 여행,257,기념품,NNG
전주 여행,257,추천,NNG
전주 여행,257,기념품,NNG
전주 여행,257,바로,MAG
전주 여행,257,수제,NNG
전주 여행,257,초코파이,NNP
전주 여행,257,하나,NR
전주 여행,257,낱개,NNG
전주 여행,257,포장,NNG
전주 여행,257,챙기,VV
전주 여행,257,편하,VA
전주 여행,257,한옥,NNG
전주 여행,257,마을,NNG
전주 여행,257,에서,JKB
전주 여행,257,다양,XR
전주 여행,258,비스,NNG
전주 여행,258,호텔,NNG
전주 여행,258,한옥,NNG
전주 여행,258,마을,NNG
전주 여행,258,근처,NNG
전주 여행,258,숙소,NNG
전주 여행,258,추천,NNG
전주 여행,258,해서,XSV+EC
전주 여행,258,려는,ETM
전주 여행,258,숙소,NNG
전주 여행,258,객실,NNG
전주 여행,258,는지,EC
전주 여행,258,는지,EC
전주 여행,258,미리미리,MAG
전주 여행,258,확인,NNG
전주 여행,258,추천,NNG
전주 여행,258,합니다,XSV+EF
전주 여행,258,맛있,VA
전주 여행,258,너무,MAG
전주 여행,258,고즈넉,XR
전주 여행,258,느낌,NNG
전주 여행,258,으로,JKB
전주 여행,258,힐링,NNG
전주 여행,258,숙소,NNG
전주 여행,258,고르,VA
전주 여행,258,재밌,VA
전주 여행,258,세요,EP+EF
전주 여행,259,전북,NNP
전주 여행,259,익산,NNP
전주 여행,259,충남,NNP
전주 여행,259,보령,NNG
전주 여행,259,미륵사지,NNP
전주 여행,259,예술,NNG
전주 여행,259,공원,NNG
전주 여행,259,보령,NNG
전주 여행,259,수영,NNG
전주 여행,259,2026,SN
전주 여행,259,29,SN
전주 여행,259,30,SN
전주 여행,259,버스,NNG
전주 여행,259,패키지,NNG
전주 여행,259,일정,NNG
전주 여행,259,2026,SN
전주 여행,259,30,SN
전주 여행,259,조식,NNG
전주 여행,259,콩나물국,NNG
전주 여행,259,제공,NNG
전주 여행,259,미륵사지,NNP
전주 여행,259,익산,NNP
전주 여행,259,개화,NNP
전주 여행,259,예술,NNG
전주 여행,259,공원,NNG
전주 여행,259,보령,NNG
전주 여행,259,중식,NNG
전주 여행,259,잔치국수,NNP
전주 여행,259,재미,NNG
전주 여행,259,무침,NNG
전주 여행,259,해물,NNG
전주 여행,259,파전,NNG
전주 여행,259,보령,NNG
전주 여행,259,원산도,NNG
전주 여행,259,자전거,NNG
전주 여행,259,라이,NNG
전주 여행,260,소양,NNP
전주 여행,260,맛집,NNG
전주 여행,260,비지,NNG
전주 여행,260,챙겨,VV+EC
전주 여행,260,근교,NNG
전주 여행,260,현지,NNG
전주 여행,260,맛집,NNG
전주 여행,260,매큼,XR
전주 여행,260,오늘,MAG
전주 여행,260,근교,NNG
전주 여행,260,맛집,NNG
전주 여행,260,포스팅,NNP
전주 여행,260,할게요,VV+EC
전주 여행,260,사람,NNG
전주 여행,260,현지,NNG
전주 여행,260,맛집,NNG
전주 여행,260,랍니다,EC
전주 여행,260,특히,MAG
전주 여행,260,와서,VV+EC
전주 여행,260,복잡,XR
전주 여행,260,에서,JKB
전주 여행,260,피로감,NNG
전주 여행,260,느꼈,VV+EP
전주 여행,260,진짜,MAG
전주 여행,260,진짜,MAG
전주 여행,260,추천,NNG
전주 여행,260,입니다,VCP+EF
전주 여행,260,이곳,NP
전주 여행,260,완주,NNG
전주 여행,261,커피,NNG
전주 여행,261,맛집,NNG
전주 여행,261,커피,NNG
전주 여행,261,로스,NNG
전주 여행,261,터리,NNG
전주 여행,261,블루리본,NNG
전주 여행,261,핸드,NNG
전주 여행,261,드립,NNG
전주 여행,261,맛집,NNG
전주 여행,261,한옥마을,NNP
전주 여행,261,오늘,NNG
전주 여행,261,남편,NNG
전주 여행,261,유일,NNG
전주 여행,261,다고,EC
전주 여행,261,해서,VV+EC
전주 여행,261,다녀온,VV+ETM
전주 여행,261,커피,NNG
전주 여행,261,맛집,NNG
전주 여행,261,가져왔,VV+EP
전주 여행,261,습니다,EF
전주 여행,261,핸드,NNG
전주 여행,261,드립,NNG
전주 여행,261,커피,NNG
전주 여행,261,정말,MAG
전주 여행,261,맛있,VA
전주 여행,261,어서,EC
전주 여행,261,만족,NNG
전주 여행,261,한옥,NNG
전주 여행,261,마을,NNG
전주 여행,261,위치,NNG
전주 여행,261,커피,NNG
전주 여행,261,로스,NNG
전주 여행,261,터리,NNG
전주 여행,261,함께,MAG
전주 여행,261,커피,NNG
전주 여행,262,한옥,NNG
전주 여행,262,숙소,NNG
전주 여행,262,객리,NNG
전주 여행,262,객리,NNG
전주 여행,262,감성,NNG
전주 여행,262,숙소,NNG
전주 여행,262,추천,NNG
전주 여행,262,아이,NNG
전주 여행,262,숙박,NNG
전주 여행,262,후기,NNG
전주 여행,262,마지막,NNG
전주 여행,262,오래,MAG
전주 여행,262,기억,NNG
전주 여행,262,이번,NNG
전주 여행,262,에서,JKB
전주 여행,262,가장,MAG
전주 여행,262,유명,XR
전주 여행,262,관광지,NNG
전주 여행,262,많이,MAG
전주 여행,262,돌아본,VV+ETM
전주 여행,262,아니,VCN
전주 여행,262,어요,EF
전주 여행,262,가족,NNG
전주 여행,262,함께,MAG
전주 여행,262,예쁜,VA+ETM
전주 여행,262,공간,NNG
전주 여행,262,에서,JKB
전주 여행,262,맛있,VA
전주 여행,262,음식,NNG
전주 여행,262,따뜻,XR
전주 여행,262,담그,VV
전주 여행,263,전주호,NNP
전주 여행,263,애견,NNG
전주 여행,263,동반,NNG
전주 여행,263,바베큐,NNG
전주 여행,263,가능,NNG
전주 여행,263,호텔,NNG
전주 여행,263,한옥,NNG
전주 여행,263,마을,NNG
전주 여행,263,다녀왔,VV+EP
전주 여행,263,는데요,EF
전주 여행,263,신축,NNG
전주 여행,263,컨디션,NNG
전주 여행,263,깔끔,XR
전주 여행,263,성비,NNG
전주 여행,263,호텔,NNG
전주 여행,263,호텔,NNG
전주 여행,263,소개,NNG
전주 여행,263,할게요,XSV+EC
전주 여행,263,애견,NNG
전주 여행,263,동반,NNG
전주 여행,263,가능,NNG
전주 여행,263,호텔,NNG
전주 여행,263,지만,EC
전주 여행,263,애견,NNG
전주 여행,263,객실,NNG
전주 여행,263,애견,NNG
전주 여행,263,객실,NNG
전주 여행,263,구분,NNG
전주 여행,263,어서,EC
전주 여행,263,반려,NNG
전주 여행,263,동반,NNG
전주 여행,263,아용,NNG
전주 여행,264,파티,NNG
전주 여행,264,브라이,NNP
전주 여행,264,샤워,NNG
전주 여행,264,추천,NNG
전주 여행,264,스튜디오,NNG
전주 여행,264,대여,NNG
전주 여행,264,브릴란테,NNG
전주 여행,264,모먼트,NNP
전주 여행,264,아들,NNG
전주 여행,264,생일,NNG
전주 여행,264,시작,NNG
전주 여행,264,으로,JKB
전주 여행,264,시아버님,NNG
전주 여행,264,생신,NNG
전주 여행,264,둘째,NR
전주 여행,264,아들,NNG
전주 여행,264,생일,NNG
전주 여행,264,추석,NNG
전주 여행,264,민족,NNG
전주 여행,264,이동과,NNP
전주 여행,264,가족,NNG
전주 여행,264,까지,JX
전주 여행,264,일정,NNG
전주 여행,264,정말,MAG
전주 여행,264,다만,MAJ
전주 여행,264,이용,NNG
전주 여행,264,가능,NNG
전주 여행,264,자리,NNG
전주 여행,264,차량,NNG
전주 여행,264,가지,VV
전주 여행,264,방문,NNG
전주 여행,264,한다면,XSV+EC
전주 여행,264,예약,NNG
전주 여행,264,주차,NNG
전주 여행,264,가능,NNG
전주 여행,264,여부,NNG
전주 여행,264,미리,MAG
전주 여행,265,볼륨,NNG
전주 여행,265,매직,NNG
전주 여행,265,이윤,NNG
전주 여행,265,헤어,NNG
전주 여행,265,수현,NNP
전주 여행,265,디자이너,NNG
전주 여행,265,에게,JKB
전주 여행,265,힐링,NNG
전주 여행,265,후기,NNG
전주 여행,265,다음,NNG
전주 여행,265,계획,NNG
전주 여행,265,는데,EC
전주 여행,265,이렇,VA
전주 여행,265,갈순,VX+ETM+NNB+JX
전주 여행,265,볼륨,NNG
전주 여행,265,매직,NNG
전주 여행,265,이윤,NNG
전주 여행,265,헤어,NNG
전주 여행,265,다녀왔,VV+EP
전주 여행,265,어요,EF
전주 여행,265,수현,NNP
전주 여행,265,디자이너,NNG
전주 여행,265,예약,NNG
전주 여행,265,답니다,EF
전주 여행,265,이윤,NNG
전주 여행,265,헤어,NNG
전주 여행,265,전북,NNP
전주 여행,265,전주시,NNP
전주 여행,265,완산구,NNP
전주 여행,265,구룡,NNP
전주 여행,265,33,SN
전주 여행,265,16,SN
전주 여행,266,증량,NNG
전주 여행,266,냐구요,EF
전주 여행,266,아뇨,IC
전주 여행,266,조점,NNG
전주 여행,266,피순대,NNG
전주 여행,266,국밥,NNG
전주 여행,266,오늘,NNG
전주 여행,266,코스,NNG
전주 여행,266,봅니다,VX+EC
전주 여행,266,조점,NNG
전주 여행,266,피순대,NNG
전주 여행,266,국밥,NNG
전주 여행,266,자연,NNG
전주 여행,266,소금,NNG
전주 여행,266,난장,NNG
전주 여행,266,메르,NNP
전주 여행,266,코스,NNG
전주 여행,266,소개,NNG
전주 여행,266,드릴,VX+ETM
전주 여행,266,얼른,MAG
전주 여행,266,따라오,VV
전주 여행,266,셔요,EC
전주 여행,266,저희,NP
전주 여행,266,스타일,NNG
전주 여행,266,온리,NNP
전주 여행,266,먹방,NNG
전주 여행,266,에요,EF
전주 여행,266,그리고,MAJ
전주 여행,266,웃긴,VV+ETM
전주 여행,266,사진,NNG
전주 여행,267,숙소,NNG
전주 여행,267,추천,NNP
전주 여행,267,한옥마을,NNP
전주 여행,267,도보,NNP
전주 여행,267,이동,NNP
전주 여행,267,가능,NNG
전주 여행,267,뚜벅,MAG
전주 여행,267,감성,NNG
전주 여행,267,독채,NNG
전주 여행,267,완벽,NNG
전주 여행,267,완성,NNG
전주 여행,267,위해서,VV+EC
전주 여행,267,자신,NNG
전주 여행,267,이동,NNG
전주 여행,267,동선,NNG
전주 여행,267,스타일,NNG
전주 여행,267,숙소,NNG
전주 여행,267,선택,NNG
전주 여행,267,무엇,NP
전주 여행,267,보다,JKB
전주 여행,267,중요,NNG
전주 여행,267,합니다,XSV+EF
전주 여행,267,혼자,MAG
전주 여행,267,떠나,VV
전주 여행,267,뚜벅,MAG
전주 여행,267,부터,JX
전주 여행,267,연인,NNG
전주 여행,267,감성,NNG
전주 여행,267,반려,NNG
전주 여행,267,이나,JC
전주 여행,267,가족,NNG
전주 여행,267,함께,MAG
전주 여행,268,덕진,NNP
전주 여행,268,공원,NNG
전주 여행,268,페스타,NNP
전주 여행,268,무료,NNG
전주 여행,268,야간,NNG
전주 여행,268,축제,NNG
전주 여행,268,덕진,NNP
전주 여행,268,공원,NNG
전주 여행,268,덕진,NNP
전주 여행,268,공원,NNG
전주 여행,268,덕진,NNP
전주 여행,268,공원,NNG
전주 여행,268,주차장,NNG
전주 여행,268,덕진,NNP
전주 여행,268,공원,NNG
전주 여행,268,주차,NNG
전주 여행,268,연화,NNG
전주 여행,268,정도,NNG
전주 여행,268,서관,NNG
전주 여행,268,전주연,NNP
전주 여행,268,화정,NNG
전주 여행,268,도서관,NNG
전주 여행,268,플리,NNP
전주 여행,268,마켓,NNP
전주 여행,268,공연,NNG
전주 여행,268,버스,NNG
전주 여행,268,무료,NNG
전주 여행,268,공연,NNG
전주 여행,268,아이,NNG
전주 여행,268,전북,NNP
전주 여행,268,전북,NNP
전주 여행,268,축제,NNG
전주 여행,269,기록,NNG
전주 여행,269,마지막,NNG
전주 여행,269,면서,EC
전주 여행,269,사실,MAG
전주 여행,269,아요,EF
전주 여행,269,관광,NNG
전주 여행,269,위주,NNG
전주 여행,269,보다,JKB
전주 여행,269,먹방,NNG
전주 여행,269,부모,NNG
전주 여행,269,나름,NNB
전주 여행,269,알차,VA
전주 여행,269,다가,EC
전주 여행,269,어요,EF
전주 여행,269,다음,NNG
전주 여행,269,만나,VV+EC
전주 여행,269,다시,MAG
전주 여행,269,인천,NNP
전주 여행,269,맛집,NNG
전주 여행,269,요정,NNG
전주 여행,269,으로,JKB
전주 여행,269,돌아올,VV+ETM
전주 여행,270,한옥마을,NNP
전주 여행,270,맛집,NNG
전주 여행,270,애견,NNG
전주 여행,270,동반,NNG
전주 여행,270,고깃집,NNG
전주 여행,270,가마솥,NNG
전주 여행,270,강추,NNG
전주 여행,270,다녀오,VV
전주 여행,270,애견,NNG
전주 여행,270,동반,NNG
전주 여행,270,에서,JKB
전주 여행,270,빠뜨릴,VV+ETM
전주 여행,270,맛집,NNG
전주 여행,270,인데,VCP+EC
전주 여행,270,에서,JKB
전주 여행,270,한옥마을,NNP
전주 여행,270,맛집,NNG
전주 여행,270,여행객,NNG
전주 여행,270,한옥마을,NNP
전주 여행,270,맛집,NNG
전주 여행,270,으로,JKB
전주 여행,270,찾아가,VV
전주 여행,270,동네,NNG
전주 여행,270,사람,NNG
전주 여행,271,2026,SN
전주 여행,271,여름,NNG
전주 여행,271,방학,NNG
전주 여행,271,이렇게,MAG
전주 여행,271,첫날,NNG
전주 여행,271,마무리,NNG
전주 여행,271,습니다,EF
전주 여행,271,공동육아,NNG
전주 여행,271,역시,MAJ
전주 여행,271,시간,NNG
전주 여행,271,빨리,MAG
전주 여행,271,가요,NNG
전주 여행,271,그럼,MAJ
전주 여행,271,다음,NNG
전주 여행,271,에서,JKB
전주 여행,271,호텔,NNG
전주 여행,271,한옥마을,NNP
전주 여행,271,주라,NNG
전주 여행,271,수영장,NNG
전주 여행,271,베테랑,NNG
전주 여행,271,칼국수,NNG
전주 여행,271,덕진,NNP
전주 여행,271,공원,NNG
전주 여행,272,국내,NNG
전주 여행,272,여자,NNG
전주 여행,272,코스,NNG
전주 여행,272,추천,NNG
전주 여행,272,도서관,NNG
전주 여행,272,투어,NNG
전주 여행,272,콩나물국,NNG
전주 여행,272,맛집,NNG
전주 여행,272,헤헤,MAG
전주 여행,272,갔다온,VV+ETM
전주 여행,272,이제야,MAG
전주 여행,272,다니,EC
전주 여행,272,어쩔,VV+ETM
전주 여행,272,으름,NNG
전주 여행,272,갔다온,VV+ETM
전주 여행,272,오래,MAG
전주 여행,272,돼서,VV+EC
전주 여행,272,사촌,NNG
전주 여행,272,동생,NNG
전주 여행,272,이랑,JC
전주 여행,272,부산,NNP
전주 여행,272,이렇게,MAG
전주 여행,272,국내,NNG
전주 여행,272,나중,NNG
전주 여행,272,도서관,NNG
전주 여행,272,투어,NNG
전주 여행,272,제대로,MAG
전주 여행,272,어서,EC
전주 여행,273,전북,NNP
전주 여행,273,개월,NNBC
전주 여행,273,아기,NNG
전주 여행,273,함께,MAG
전주 여행,273,여수,NNG
전주 여행,273,신라,NNG
전주 여행,273,스테이,NNG
전주 여행,273,여수,NNP
전주 여행,273,스탠,NNP
전주 여행,273,안녕,NNG
전주 여행,273,세요,EP+EF
전주 여행,273,리하,NNP
전주 여행,273,입니다,VCP+EF
전주 여행,273,사랑,NNG
전주 여행,273,여행지,NNG
전주 여행,273,여수,NNP
전주 여행,273,에서,JKB
전주 여행,273,하루,NNG
전주 여행,273,시작,NNG
전주 여행,273,면서,EC
전주 여행,273,숙소,NNG
전주 여행,273,체크인,NNG
전주 여행,273,바로,MAG
전주 여행,273,엄마,NNG
전주 여행,273,딱지,NNG
전주 여행,273,사랑,NNG
전주 여행,273,이랑,JC
전주 여행,273,여수,NNP
전주 여행,273,천천히,MAG
전주 여행,273,기록,NNG
전주 여행,273,볼게요,VX+EF
전주 여행,273,여수,NNG
전주 여행,273,여수,NNP
전주 여행,273,숙소,NNG
전주 여행,273,여수,NNP
전주 여행,273,신라,NNP
전주 여행,273,스테이,NNG
전주 여행,274,회차,NNG
전주 여행,274,뚜벅,MAG
전주 여행,274,여름,NNG
전주 여행,274,나기,NNG
전주 여행,274,코스,NNG
전주 여행,274,무지,MAG
전주 여행,274,더움,VA+ETN
전주 여행,274,사람,NNG
전주 여행,274,눈치,NNG
전주 여행,274,게임,NNG
전주 여행,274,성공,NNG
전주 여행,274,베테랑,NNG
전주 여행,274,칼국수,NNG
전주 여행,274,과거,NNG
전주 여행,274,웨이팅,NNG
전주 여행,274,간신히,MAG
전주 여행,274,아빠,NNG
전주 여행,274,다리,NNG
전주 여행,274,는데,EC
전주 여행,274,간편,XR
전주 여행,274,해진,XSA+EC+VX+ETM
전주 여행,274,입식,NNG
전주 여행,274,조직,NNG
전주 여행,274,서빙,NNG
전주 여행,274,물론,MAG
전주 여행,274,으나,EC
전주 여행,274,그리운,VA+ETM
전주 여행,274,감각,NNG
전주 여행,275,신라,NNP
전주 여행,275,스테이,NNP
전주 여행,275,한옥마을,NNP
전주 여행,275,추석,NNG
전주 여행,275,연휴,NNG
전주 여행,275,15,SN
전주 여행,275,가족,NNG
전주 여행,275,신라,NNG
전주 여행,275,스테이,NNG
전주 여행,275,할인,NNG
전주 여행,275,쿠폰,NNG
전주 여행,275,한옥마을,NNP
전주 여행,275,가까운,VA+ETM
전주 여행,275,위치,NNG
전주 여행,275,하루,NNG
전주 여행,275,생각,NNG
전주 여행,275,보다,JKB
전주 여행,275,정말,MAG
전주 여행,275,잖아요,EC
전주 여행,275,한옥마을,NNP
전주 여행,275,돌아보,VV
전주 여행,275,경기전,NNG
전주 여행,275,이나,JC
전주 여행,275,전동성당,NNP
전주 여행,275,구경,NNG
전주 여행,275,중간,NNG
전주 여행,275,중간,NNG
전주 여행,275,맛집,NNG
전주 여행,275,이나,JC
전주 여행,275,카페,NNG
전주 여행,275,들르,VV
전주 여행,275,하루,NNG
전주 여행,276,뚜벅,MAG
전주 여행,276,코스,NNG
전주 여행,276,한옥마을,NNP
전주 여행,276,주일몽,NNP
전주 여행,276,모주,NNG
전주 여행,276,돌아갈,VV+ETM
전주 여행,276,포장,NNG
전주 여행,276,어요,EF
전주 여행,276,제발,MAG
전주 여행,276,가시,VV
전주 여행,276,매일,MAG
전주 여행,276,매일,MAG
전주 여행,276,하나,NR
전주 여행,276,여기,NP
전주 여행,276,명란,NNG
전주 여행,276,소금,NNG
전주 여행,276,아메,MAG
전주 여행,276,살짝,MAG
전주 여행,276,산미,NNG
전주 여행,276,습니다,EF
전주 여행,276,명란,NNG
전주 여행,276,크림,NNG
전주 여행,276,넘칠,VV+ETM
전주 여행,276,만큼,NNB
전주 여행,276,가득,MAG
전주 여행,276,어서,EC
전주 여행,277,금암,NNG
전주 여행,277,면옥,NNG
전주 여행,277,플랫,NNG
전주 여행,277,메이트,NNG
전주 여행,277,에어,NNP
전주 여행,277,비앤비,NNP
전주 여행,277,친구,NNG
전주 여행,277,시작,NNG
전주 여행,277,점심,NNG
전주 여행,277,부터,JX
전주 여행,277,시작,NNG
전주 여행,277,구용,NNG
전주 여행,277,메뉴,NNG
전주 여행,277,어떻게,MAG
전주 여행,277,시킬지,VV+EC
전주 여행,277,도착,NNG
전주 여행,277,부터,JX
전주 여행,277,열띤,VA+ETM
전주 여행,277,회의,NNG
전주 여행,277,칼국수,NNG
전주 여행,277,까스,NNP
전주 여행,277,건데,NNB+VCP+EC
전주 여행,277,남겨도,VV+EC
전주 여행,277,시키,VV
전주 여행,278,정선,NNG
전주 여행,278,리조트,NNG
전주 여행,278,워터,NNG
전주 여행,278,파크,NNG
전주 여행,278,최신,NNG
전주 여행,278,코스,NNG
전주 여행,278,추천,NNG
전주 여행,278,그럼,MAJ
전주 여행,278,오늘,NNG
전주 여행,278,금요일,NNG
전주 여행,278,다녀온,VV+ETM
전주 여행,278,정선,NNG
전주 여행,278,워터,NNG
전주 여행,278,파크,NNG
전주 여행,278,최신,NNG
전주 여행,278,모습,NNG
전주 여행,278,자세히,MAG
전주 여행,278,소개,NNG
전주 여행,278,드릴게요,VX+EC
전주 여행,278,정선,NNG
전주 여행,278,코스,NNG
전주 여행,278,추천,NNG
전주 여행,278,워터,NNG
전주 여행,278,파크,NNG
전주 여행,278,정선,NNG
전주 여행,278,워터,NNG
전주 여행,278,파크,NNG
전주 여행,278,주소,NNG
전주 여행,278,강원,NNG
전주 여행,278,정선군,NNG
전주 여행,278,고한읍,NNP
전주 여행,278,이원길,NNP
전주 여행,278,424,SN
전주 여행,278,금요일,NNG
전주 여행,279,호텔,NNG
전주 여행,279,추천,NNP
전주 여행,279,한옥마을,NNP
전주 여행,279,도보,NNP
전주 여행,279,거리,NNG
전주 여행,279,조식,NNG
전주 여행,279,차이,NNG
전주 여행,279,어디,NP
전주 여행,279,을까,EC
전주 여행,279,알차,VA
전주 여행,279,즐기,VV
전주 여행,279,위해서,VV+EC
전주 여행,279,주요,NNG
전주 여행,279,관광지,NNG
전주 여행,279,도보,NNG
전주 여행,279,접근성,NNG
전주 여행,279,주차,NNG
전주 여행,279,편의,NNG
전주 여행,279,객실,NNG
전주 여행,279,위생,NNG
전주 여행,279,상태,NNG
전주 여행,279,조식,NNG
전주 여행,279,서비스,NNG
전주 여행,279,자신,NNG
전주 여행,279,목적,NNG
전주 여행,279,동행자,NNG
전주 여행,279,숙소,NNG
전주 여행,279,선택,NNG
전주 여행,279,중요,NNG
전주 여행,279,합니다,XSV+EF
전주 여행,279,이번,NNG
전주 여행,280,샐러드,NNG
전주 여행,280,맛집,NNG
전주 여행,280,으로,JKB
전주 여행,280,유명,XR
전주 여행,280,신시가지,NNG
전주 여행,280,브런치,NNP
전주 여행,280,맛집,NNG
전주 여행,280,효자동,NNG
전주 여행,280,다행히,MAG
전주 여행,280,감기,NNG
전주 여행,280,몸살,NNG
전주 여행,280,와서,VV+EC
전주 여행,280,입맛,NNG
전주 여행,280,떨어진,VV+ETM
전주 여행,280,상태,NNG
전주 여행,280,그루브,NNP
전주 여행,280,호텔,NNG
전주 여행,280,에서,JKB
전주 여행,280,꿀잠,NNG
전주 여행,280,나와서,VV+EC
전주 여행,280,느껴,VV+EC
전주 여행,280,점심,NNG
전주 여행,280,건강,NNG
전주 여행,280,맛있,VA
전주 여행,280,다고,EC
전주 여행,280,소문,NNG
전주 여행,280,지중,NNG
전주 여행,280,해식,NNG
전주 여행,280,음식,NNG
전주 여행,280,으러,EC
전주 여행,280,12,SN
전주 여행,280,맞춰,VV+EC
전주 여행,280,더니,EC
전주 여행,281,축제,NNG
전주 여행,281,페스타,NNP
전주 여행,281,무료,NNG
전주 여행,281,야간,NNG
전주 여행,281,축제,NNG
전주 여행,281,정리,NNP
전주 여행,281,페스타,NNP
전주 여행,281,2026,SN
전주 여행,281,페스타,NNP
전주 여행,281,축제,NNG
전주 여행,281,축제,NNG
전주 여행,281,주야간,NNG
전주 여행,281,축제,NNG
전주 여행,281,주야간,NNG
전주 여행,281,관광,NNG
전주 여행,281,덕진,NNP
전주 여행,281,공원,NNG
전주 여행,281,연화,NNG
전주 여행,281,정도,NNG
전주 여행,281,서관,NNG
전주 여행,281,데이트,NNG
전주 여행,281,주가,NNG
전주 여행,281,야경,NNG
전주 여행,281,코스,NNG
전주 여행,282,내산,NNP
전주 여행,282,한옥마을,NNP
전주 여행,282,맛집,NNG
전주 여행,282,베테랑,NNG
전주 여행,282,칼국수,NNG
전주 여행,282,후기,NNG
전주 여행,282,칼국수,NNG
전주 여행,282,휴양림,NNG
전주 여행,282,아니,VCN
전주 여행,282,극기,NNG
전주 여행,282,훈련,NNG
전주 여행,282,마치,VV
전주 여행,282,우리,NP
전주 여행,282,가족,NNG
전주 여행,282,간단,XR
전주 여행,282,점심,NNG
전주 여행,282,으러,EC
전주 여행,282,들른,VV+ETM
전주 여행,282,바로,MAG
전주 여행,282,한옥마을,NNP
전주 여행,282,베테랑,NNG
전주 여행,282,칼국수,NNG
전주 여행,282,출신,NNG
전주 여행,282,남편,NNG
전주 여행,282,친구,NNG
전주 여행,282,보내,VV+EC
전주 여행,282,맛집,NNG
전주 여행,282,리스트,NNG
전주 여행,283,가족,NNG
전주 여행,283,회관,NNG
전주 여행,283,빠질,VV+ETM
전주 여행,283,메뉴,NNG
전주 여행,283,비빔밥,NNG
전주 여행,283,전문점,NNG
전주 여행,283,에서,JKB
전주 여행,283,빠질,VV+ETM
전주 여행,283,메뉴,NNG
전주 여행,283,역시,MAJ
전주 여행,283,비빔밥,NNG
전주 여행,283,이번,NNG
전주 여행,283,다가,EC
전주 여행,283,비빔밥,NNG
전주 여행,283,전문점,NNG
전주 여행,283,으로,JKB
전주 여행,283,유명,XR
전주 여행,283,가족,NNG
전주 여행,283,회관,NNG
전주 여행,283,다녀왔,VV+EP
전주 여행,283,어요,EF
전주 여행,283,방송,NNG
전주 여행,283,여러,MM
전주 여행,283,소개,NNG
전주 여행,283,부터,JX
전주 여행,283,궁금,XR
전주 여행,283,는데,EC
전주 여행,283,직접,MAG
전주 여행,284,엄마,NNG
전주 여행,284,떠나,VV
전주 여행,284,금요일,NNG
전주 여행,284,퇴근,NNG
전주 여행,284,엄마,NNG
전주 여행,284,훌쩍,MAG
전주 여행,284,떠나,VV+EC
전주 여행,284,떠나,VV+EC
전주 여행,284,본가,NNG
전주 여행,284,여서,VCP+EC
전주 여행,284,지만,EC
전주 여행,284,엄마,NNG
전주 여행,284,주도,NNG
전주 여행,284,처음,NNG
전주 여행,284,고속버스,NNG
전주 여행,284,처음,MAG
전주 여행,284,그래도,VV+EC
전주 여행,284,시간,NNBC
전주 여행,284,정도,NNG
전주 여행,285,월야,NNG
전주 여행,285,키이스,NNP
전주 여행,285,케이프,NNP
전주 여행,285,탈출,NNG
전주 여행,285,추천,NNG
전주 여행,285,조조할인,NNG
전주 여행,285,신시가지,NNG
전주 여행,285,탈출,NNG
전주 여행,285,유명,XR
전주 여행,285,찾아보,VV
전주 여행,285,키이스,NNP
전주 여행,285,케이프,NNP
전주 여행,285,테마,NNG
전주 여행,285,괜찮,VA
전주 여행,285,다는,ETM
전주 여행,285,소식,NNG
전주 여행,285,가장,MAG
전주 여행,285,후기,NNG
전주 여행,285,괜찮,VA
전주 여행,285,월야,NNG
전주 여행,285,선택,NNG
전주 여행,285,습니다,EF
전주 여행,285,2026,SN
전주 여행,285,08,SN
전주 여행,285,28,SN
전주 여행,286,코스,NNG
전주 여행,286,추천,NNG
전주 여행,286,한옥마을,NNP
전주 여행,286,경기전,NNG
전주 여행,286,전동성당,NNP
전주 여행,286,산책,NNG
전주 여행,286,자세,XR
전주 여행,286,정보,NNG
전주 여행,286,아래,NNG
전주 여행,286,에서,JKB
전주 여행,286,자세히,MAG
전주 여행,286,확인,NNG
전주 여행,286,세요,EP+EF
전주 여행,286,자세,XR
전주 여행,286,정보,NNG
전주 여행,286,아래,NNG
전주 여행,286,에서,JKB
전주 여행,286,자세히,MAG
전주 여행,286,확인,NNG
전주 여행,286,세요,EP+EF
전주 여행,286,코스,NNG
전주 여행,286,이유,NNG
전주 여행,286,동선,NNG
전주 여행,286,핵심,NNG
전주 여행,286,한옥마을,NNP
전주 여행,286,안팎,NNG
전주 여행,286,분위기,NNG
전주 여행,286,이어,MAG
전주 여행,286,다는,ETM
전주 여행,287,2026,SN
전주 여행,287,05,SN
전주 여행,287,01,SN
전주 여행,287,02,SN
전주 여행,287,다시,MAG
전주 여행,287,그치만,MAJ
전주 여행,287,콩나물국,NNG
전주 여행,287,콩나물국,NNG
전주 여행,287,여행지,NNG
전주 여행,287,주로,MAG
전주 여행,287,선택,NNG
전주 여행,287,이유,NNG
전주 여행,287,가장,MAG
전주 여행,287,강력,XR
전주 여행,287,작년,NNG
전주 여행,287,친구,NNG
전주 여행,287,와서,VV+EC
전주 여행,287,한복,NNG
전주 여행,287,돌아다니,VV
전주 여행,287,가을,NNG
전주 여행,287,나중,NNG
전주 여행,287,언니,NNG
전주 여행,287,와서,VV+EC
전주 여행,287,다고,EC
전주 여행,287,생각나,VV
전주 여행,288,에서,JKB
전주 여행,288,어야,EC
전주 여행,288,사람,NNG
전주 여행,288,추천,NNG
전주 여행,288,콩나물국,NNG
전주 여행,288,어야,EC
전주 여행,288,할까요,VX+EC
전주 여행,288,비빔밥,NNG
전주 여행,288,한정식,NNG
전주 여행,288,유명,XR
전주 여행,288,지만,EC
전주 여행,288,현재,MAG
전주 여행,288,비엔나,NNP
전주 여행,288,저희,NP
전주 여행,288,가족,NNG
전주 여행,288,에게,JKB
전주 여행,288,조금,MAG
전주 여행,288,특별,NNG
전주 여행,288,해요,XSA+EF
전주 여행,288,남편,NNG
전주 여행,288,에서,JKB
전주 여행,288,자랐,VV+EP
전주 여행,288,거든요,EF
전주 여행,288,그래서,MAJ
전주 여행,288,이번,NNG
전주 여행,288,관광객,NNG
전주 여행,288,추천,NNG
전주 여행,288,맛집,NNG
전주 여행,288,보다,JKB
전주 여행,289,국내,NNG
전주 여행,289,미식,NNG
전주 여행,289,여행지,NNG
전주 여행,289,리스트,NNG
전주 여행,289,제주,NNP
전주 여행,289,포항,NNP
전주 여행,289,맛집,NNG
전주 여행,289,추천,NNG
전주 여행,289,전통,NNG
전주 여행,289,건강,NNG
전주 여행,289,저염식,NNP
전주 여행,289,정점,NNG
전주 여행,289,아침,NNG
전주 여행,289,식사,NNG
전주 여행,289,즐기,VV
전주 여행,289,콩나물국,NNG
전주 여행,289,입니다,VCP+EF
전주 여행,289,수란,NNG
전주 여행,289,함께,MAG
전주 여행,289,제공,NNG
전주 여행,289,시원,XR
전주 여행,289,국물,NNG
전주 여행,289,피로,NNG
전주 여행,289,기에,EC
전주 여행,289,충분,XR
전주 여행,289,주차,NNG
전주 여행,289,공간,NNG
전주 여행,289,넉넉,XR
전주 여행,290,호텔,NNG
전주 여행,290,추천,NNP
전주 여행,290,한옥마을,NNP
전주 여행,290,도보,NNP
전주 여행,290,접근성,NNG
전주 여행,290,넉넉,XR
전주 여행,290,주차,NNG
전주 여행,290,공간,NNG
전주 여행,290,완벽,NNG
전주 여행,290,즐기,VV
전주 여행,290,위해서,VV+EC
전주 여행,290,목적,NNG
전주 여행,290,동선,NNG
전주 여행,290,맞춰,VV+EC
전주 여행,290,위치,NNG
전주 여행,290,객실,NNG
전주 여행,290,상태,NNG
전주 여행,290,편의,NNG
전주 여행,290,시설,NNG
전주 여행,290,다각도,NNG
전주 여행,290,살펴보,VV
전주 여행,290,매우,MAG
전주 여행,290,중요,NNG
전주 여행,290,합니다,XSV+EF
전주 여행,290,이번,NNG
전주 여행,290,에서,JKB
전주 여행,290,한옥마을,NNP
전주 여행,290,도심,NNG
전주 여행,290,근처,NNG
전주 여행,290,위치,NNG
전주 여행,290,매력,NNG
전주 여행,291,평화동,NNP
전주 여행,291,맛집,NNG
전주 여행,291,특벳,UNKNOWN
전주 여행,291,현지,NNG
전주 여행,291,느낌,MAG
전주 여행,291,가득,MAG
전주 여행,291,쌀국수,NNG
전주 여행,291,후기,NNG
전주 여행,291,작년,NNG
전주 여행,291,베트남,NNP
전주 여행,291,다가,EC
전주 여행,291,kg,SL
전주 여행,291,쪄서,VV+EC
전주 여행,291,돌아온,VV+ETM
전주 여행,291,사람,NNG
전주 여행,291,평소,NNG
전주 여행,291,베트남,NNP
전주 여행,291,요리,NNG
전주 여행,291,정말,MAG
전주 여행,291,해서,VV+EC
전주 여행,291,동네,NNG
전주 여행,291,에서,JKB
전주 여행,291,오가,VV
전주 여행,291,눈여겨본,VV+ETM
전주 여행,291,평화동,NNP
전주 여행,291,베트남,NNP
전주 여행,291,음식점,NNG
전주 여행,291,특벳에,UNKNOWN
전주 여행,291,기회,NNG
전주 여행,291,다녀왔,VV+EP
전주 여행,291,어요,EF
전주 여행,291,아가씨,NNG
전주 여행,291,같이,MAG
전주 여행,292,관광,NNG
전주 여행,292,호텔,NNG
전주 여행,292,총평,NNG
전주 여행,292,한옥마을,NNP
전주 여행,292,완벽,NNG
전주 여행,292,거점,NNG
전주 여행,292,관광,NNG
전주 여행,292,호텔,NNG
전주 여행,292,후기,NNG
전주 여행,292,들려,VV+EC
전주 여행,292,드리,VX
전주 여행,292,려고,EC
전주 여행,292,해요,VX+EF
전주 여행,292,일단,MAG
전주 여행,292,위치,NNG
전주 여행,292,정말,MAG
전주 여행,292,최고,NNG
전주 여행,292,특히,MAG
전주 여행,292,잠들,VV+ETM
전주 여행,292,정말,MAG
전주 여행,292,중심지,NNG
전주 여행,292,자리,NNG
전주 여행,292,더라고요,EC
전주 여행,292,한옥마을,NNP
전주 여행,292,까지,JX
전주 여행,292,걸어서,VV+EC
전주 여행,292,10,SN
전주 여행,293,호텔,NNG
전주 여행,293,아기,NNG
전주 여행,293,후기,NNG
전주 여행,293,한옥마을,NNP
전주 여행,293,도보,NNP
전주 여행,293,디럭스,NNP
전주 여행,293,더블,NNG
전주 여행,293,한옥마을,NNP
전주 여행,293,계획,NNG
전주 여행,293,다면,EC
전주 여행,293,위치,NNG
전주 여행,293,한옥마을,NNP
전주 여행,293,객실,NNG
전주 여행,293,선택지,NNG
전주 여행,293,다양,XR
전주 여행,293,호텔,NNG
전주 여행,293,참고,NNG
전주 여행,293,세요,EP+EF
전주 여행,293,숙소,NNG
전주 여행,293,전주호,NNP
전주 여행,293,한옥,NNG
전주 여행,293,마을,NNG
전주 여행,293,숙소,NNG
전주 여행,293,주라,NNG
전주 여행,293,호텔,NNG
전주 여행,293,호텔,NNG
전주 여행,294,대전,NNP
전주 여행,294,봉명동,NNP
전주 여행,294,손맛,NNG
전주 여행,294,맛집,NNG
전주 여행,294,엄마,NNG
전주 여행,294,밥집,NNG
전주 여행,294,이번,NNG
전주 여행,294,대전,NNG
전주 여행,294,에서,JKB
전주 여행,294,유성,NNG
전주 여행,294,온천,NNG
전주 여행,294,봉명동,NNP
전주 여행,294,엄마,NNG
전주 여행,294,푸짐,XR
전주 여행,294,정성,NNG
전주 여행,294,가득,MAG
전주 여행,294,맛집,NNG
전주 여행,294,주하,NNG
전주 여행,294,우스,NNG
전주 여행,294,솥뚜껑,NNG
전주 여행,294,삼겹살,NNG
전주 여행,294,습니다,EF
전주 여행,294,역시,MAJ
전주 여행,294,밥집,NNG
전주 여행,294,손맛,NNG
전주 여행,294,주하,NNG
전주 여행,294,우스,NNG
전주 여행,294,라는,VCP+ETM
전주 여행,294,명칭,NNG
전주 여행,294,걸맞,VA
전주 여행,294,가득,MAG
전주 여행,295,코지,NNG
전주 여행,295,발마,NNG
전주 여행,295,사지,NNG
전주 여행,295,는다면,EC
전주 여행,295,완산구,NNP
전주 여행,295,중화산동,NNP
전주 여행,295,코지,NNG
전주 여행,295,힐링,NNG
전주 여행,295,마사지,NNP
전주 여행,295,커플,NNG
전주 여행,295,마사지,NNP
전주 여행,295,주발,NNG
전주 여행,295,마사지,NNP
전주 여행,295,이색,NNG
전주 여행,295,데이트,NNG
전주 여행,295,코스,NNG
전주 여행,295,주발,NNG
전주 여행,295,관리,NNG
전주 여행,295,마사지,NNP
전주 여행,295,부모,NNG
전주 여행,295,마사지,NNG
전주 여행,295,추천,NNG
전주 여행,295,족욕,NNG
전주 여행,295,발마,NNG
전주 여행,295,사지,NNG
전주 여행,295,추천,NNG
전주 여행,296,한옥마을,NNP
전주 여행,296,둘러보,VV
전주 여행,296,육전,NNG
전주 여행,296,부터,JX
전주 여행,296,주변,NNG
전주 여행,296,에서,JKB
전주 여행,296,봐야,VX+EC
전주 여행,296,라며,EC
전주 여행,296,추천,NNG
전주 여행,296,한옥,NNG
전주 여행,296,마을,NNG
전주 여행,296,무조건,MAG
전주 여행,296,야겠다,EC+VX+EP+EC
전주 여행,296,생각,NNG
전주 여행,296,첫날,NNG
전주 여행,296,이튿날,NNG
전주 여행,296,열심히,MAG
전주 여행,296,돌아보,VV
전주 여행,296,나중,NNG
전주 여행,296,남편,NNG
전주 여행,296,한테,JKB
전주 여행,296,한옥마을,NNP
전주 여행,296,가이드,NNG
전주 여행,297,독박,NNG
전주 여행,297,투어,NNG
전주 여행,297,원집,NNG
전주 여행,297,김밥,NNG
전주 여행,297,주차,NNG
전주 여행,297,가격,NNG
전주 여행,297,메뉴,NNG
전주 여행,297,맛집,NNG
전주 여행,297,독박,NNG
전주 여행,297,투어,NNG
전주 여행,297,원집,NNG
전주 여행,297,김밥,NNG
전주 여행,297,주차,NNG
전주 여행,297,메뉴,NNG
전주 여행,297,로컬,NNG
전주 여행,297,맛집,NNG
전주 여행,297,사진,NNG
전주 여행,297,라스타,NNP
전주 여행,297,맛집,NNG
전주 여행,297,다가,EC
전주 여행,297,방문,NNG
전주 여행,297,중앙,NNG
전주 여행,297,시장,NNG
전주 여행,297,위치,NNG
전주 여행,297,오원,NNG
전주 여행,297,본점,NNG
전주 여행,297,에요,EF
전주 여행,297,오래,MAG
전주 여행,297,부터,JX
전주 여행,297,연탄불,NNG
전주 여행,297,돼지,NNG
전주 여행,297,구이,NNG
전주 여행,297,김밥,NNG
전주 여행,297,상추쌈,NNG
전주 여행,298,케익,NNG
전주 여행,298,맛집,NNG
전주 여행,298,브레드,NNG
전주 여행,298,효자동,NNG
전주 여행,298,본점,NNG
전주 여행,298,생일,NNG
전주 여행,298,케이크,NNG
전주 여행,298,빵집,NNG
전주 여행,298,추천,NNP
전주 여행,298,전북,NNP
전주 여행,298,케익,NNG
전주 여행,298,맛집,NNG
전주 여행,298,브레드,NNG
전주 여행,298,효자동,NNG
전주 여행,298,본점,NNG
전주 여행,298,생일,NNG
전주 여행,298,케이크,NNG
전주 여행,298,빵집,NNG
전주 여행,298,추천,NNG
전주 여행,298,로컬,NNG
전주 여행,298,기행,NNG
전주 여행,298,아름,NNG
전주 여행,298,촌장,NNG
전주 여행,298,안녕,NNG
전주 여행,298,세요,EP+EF
전주 여행,298,우리,NP
전주 여행,298,나라,NNG
전주 여행,298,구석구석,NNG
전주 여행,298,로컬,NNG
전주 여행,298,이야기,NNG
전주 여행,298,전하,VV
전주 여행,298,언서,NNG
전주 여행,298,아름,NNG
전주 여행,298,촌장,NNG
전주 여행,298,에요,EF
전주 여행,299,한옥마을,NNP
전주 여행,299,손해,NNG
전주 여행,299,BEST,SL
전주 여행,299,경기전,NNG
전주 여행,299,덕진,NNP
전주 여행,299,공원,NNG
전주 여행,299,목차,NNG
전주 여행,299,한옥,NNG
전주 여행,299,마을,NNG
전주 여행,299,둘러보,VV
전주 여행,299,끝내,VV
전주 여행,299,나요,EF
전주 여행,299,핵심,NNG
전주 여행,299,여행지,NNG
전주 여행,299,한눈,NNG
전주 여행,299,비교,NNG
전주 여행,299,전통,NNG
전주 여행,299,역사,NNG
전주 여행,299,필수,NNG
전주 여행,299,코스,NNG
전주 여행,299,어디,NP
전주 여행,299,일까요,VCP+EC
전주 여행,299,이색,NNG
전주 여행,299,실내,NNG
전주 여행,299,데이트,NNG
전주 여행,299,문화예술,NNP
전주 여행,299,명소,NNG
전주 여행,299,어디,NP
전주 여행,299,인가요,VCP+EC
전주 여행,299,자연,NNG
전주 여행,299,에서,JKB
전주 여행,299,여유,NNG
전주 여행,300,Hi,SL
전주 여행,300,jeju,SL
전주 여행,300,여름,NNG
전주 여행,300,제주,NNP
전주 여행,300,26,SN
전주 여행,300,17,SN
전주 여행,300,26,SN
전주 여행,300,19,SN
전주 여행,300,거의,MAG
전주 여행,300,인생,NNG
전주 여행,300,처음,NNG
전주 여행,300,라고,EC
전주 여행,300,제주,NNP
전주 여행,300,여행기,NNG
전주 여행,300,기억,NNG
전주 여행,300,어린,VA+ETM
전주 여행,300,시절,NNG
전주 여행,300,다녀왔,VV+EP
전주 여행,300,아침,NNG
전주 여행,300,부터,JX
전주 여행,300,에서,JKB
전주 여행,300,광주,NNP
전주 여행,300,공항,NNG
전주 여행,300,으로,JKB
전주 여행,300,출발,NNG
전주 여행,300,전날,NNG
전주 여행,300,시간,NNG
전주 여행,301,호텔,NNG
전주 여행,301,루프,NNG
전주 여행,301,수영장,NNG
전주 여행,301,가격,NNG
전주 여행,301,샤워,NNG
전주 여행,301,후기,NNG
전주 여행,301,체크,NNG
전주 여행,301,주라,NNG
전주 여행,301,호텔,NNG
전주 여행,301,수영장,NNG
전주 여행,301,주라,NNG
전주 여행,301,호텔,NNG
전주 여행,301,수영장,NNG
전주 여행,301,입장료,NNG
전주 여행,301,수영장,NNG
전주 여행,301,호텔,NNG
전주 여행,301,수영장,NNG
전주 여행,301,숙소,NNG
전주 여행,301,한옥마을,NNP
전주 여행,301,호텔,NNG
전주 여행,301,주수,NNG
전주 여행,301,영장,NNG
전주 여행,301,후기,NNG
전주 여행,301,호텔,NNG
전주 여행,301,루프,NNG
전주 여행,301,탑수,NNG
전주 여행,301,영장,NNG
전주 여행,301,숙소,NNG
전주 여행,301,추천,NNG
전주 여행,302,타세,NNG
전주 여행,302,부터,JX
전주 여행,302,담양,NNP
전주 여행,302,녹원,NNG
전주 여행,302,까지,JX
전주 여행,302,초록빛,NNG
전주 여행,302,힐링,NNG
전주 여행,302,담양,NNP
전주 여행,302,녹원,NNG
전주 여행,302,전남,NNP
전주 여행,302,담양군,NNP
전주 여행,302,담양읍,NNP
전주 여행,302,녹원,NNG
전주 여행,302,119,SN
전주 여행,302,061,SN
전주 여행,302,380,SN
전주 여행,302,2680,SN
전주 여행,302,나무숲,NNG
전주 여행,302,산책,NNG
전주 여행,302,힐링,NNG
전주 여행,302,여행지,NNG
전주 여행,302,초록빛,NNG
전주 여행,302,메타,NNG
전주 여행,302,싱그러운,VA+ETM
전주 여행,302,나무숲,NNG
전주 여행,302,녹원,NNG
전주 여행,302,까지,JX
전주 여행,302,함께,MAG
전주 여행,302,이제,MAG
전주 여행,302,아쉽,VA
전주 여행,302,지만,EC
전주 여행,302,여기,NP
전주 여행,302,잠시,NNG
전주 여행,303,바위,NNG
전주 여행,303,성당,NNG
전주 여행,303,교회,NNG
전주 여행,303,덕진,NNP
전주 여행,303,호수,NNG
전주 여행,303,아니,VCN
전주 여행,303,으니까,EC
전주 여행,303,어야,EC
전주 여행,303,겠다,VX+EP+EC
전주 여행,303,생각,NNG
전주 여행,303,중국집,NNG
전주 여행,303,짬뽕,NNG
전주 여행,303,짜장면,NNG
전주 여행,303,볶음밥,NNG
전주 여행,303,이나,JX
전주 여행,303,연오,NNG
전주 여행,303,어서,EC
전주 여행,303,어딜,NP+JKO
전주 여행,303,환영,NNG
전주 여행,303,는다,EC
전주 여행,303,덩치,NNG
전주 여행,303,무섭,VA
전주 여행,303,생긴,VV+ETM
전주 여행,303,식사,NNG
전주 여행,303,는데,EC
전주 여행,303,그분,NP
전주 여행,304,BOOK,SL
전주 여행,304,CHECK,SL
전주 여행,304,IN,SL
전주 여행,304,독립,NNG
전주 여행,304,서점,NNG
전주 여행,304,도장,NNG
전주 여행,304,기차,NNG
전주 여행,304,도착,NNG
전주 여행,304,여행지,NNG
전주 여행,304,도차,NNG
전주 여행,304,캐리어,NNG
전주 여행,304,으로,JKB
전주 여행,304,나오,VV
전주 여행,304,그제야,MAG
전주 여행,304,진짜,MAG
전주 여행,304,시작,NNG
전주 여행,304,기분,NNG
전주 여행,304,오늘,NNG
전주 여행,304,목적지,NNG
전주 여행,304,책방,NNG
전주 여행,304,그렇,VA
전주 여행,304,다고,EC
전주 여행,304,책방,NNG
전주 여행,304,돌아다닐,VV+ETM
전주 여행,304,생각,NNG
전주 여행,305,한옥마을,NNP
전주 여행,305,안마,NNG
전주 여행,305,족욕,NNG
전주 여행,305,카페,NNG
전주 여행,305,만족,NNG
전주 여행,305,어깨,NNG
전주 여행,305,마사지,NNP
전주 여행,305,족욕,NNG
전주 여행,305,음료,NNG
전주 여행,305,까지,JX
전주 여행,305,현금,NNG
전주 여행,305,14,SN
전주 여행,305,그동안,NNG
전주 여행,305,셔서,EP+EC
전주 여행,305,감사,NNG
전주 여행,305,합니다,XSV+EF
전주 여행,305,한옥마을,NNP
전주 여행,305,한옥마을,NNP
전주 여행,305,족욕,NNG
전주 여행,305,족욕,NNG
전주 여행,305,족욕,NNG
전주 여행,305,카페,NNG
전주 여행,305,안마,NNG
전주 여행,305,족욕,NNG
전주 여행,305,카페,NNG
전주 여행,305,만족,NNG
전주 여행,305,주안마,NNP
전주 여행,305,주안마,NNP
전주 여행,305,카페,NNP
전주 여행,305,코스,NNG
전주 여행,305,한옥마을,NNP
전주 여행,306,백서,NNG
전주 여행,306,남부,NNG
전주 여행,306,시장,NNG
전주 여행,306,처음,NNG
전주 여행,306,사람,NNG
전주 여행,306,위한,VV+ETM
전주 여행,306,완벽,NNG
전주 여행,306,가이드,NNG
전주 여행,306,대한민국,NNP
전주 여행,306,에서,JKB
전주 여행,306,전통,NNG
전주 여행,306,미학,NNG
전주 여행,306,현대,NNG
전주 여행,306,미식,NNG
전주 여행,306,가장,MAG
전주 여행,306,조화,NNG
전주 여행,306,어우러진,VV+ETM
전주 여행,306,고도,NNG
전주 여행,306,전라북도,NNP
전주 여행,306,전주시,NNP
전주 여행,306,방문,NNG
전주 여행,306,여행객,NNG
전주 여행,306,에게,JKB
전주 여행,306,도심,NNG
전주 여행,306,에서,JKB
전주 여행,306,수십,NR
전주 여행,306,서민,NNG
전주 여행,306,애환,NNG
전주 여행,306,남부,NNG
전주 여행,306,시장,NNG
전주 여행,307,맛집,NNG
전주 여행,307,탐방,NNG
전주 여행,307,후기,NNG
전주 여행,307,야식,NNG
전주 여행,307,술집,NNG
전주 여행,307,오원,NNG
전주 여행,307,닭발,NNG
전주 여행,307,최고,NNG
전주 여행,307,내산,NNG
전주 여행,307,안녕,NNG
전주 여행,307,세요,EP+EF
전주 여행,307,블링,NNG
전주 여행,307,오늘,NNG
전주 여행,307,남편,NNG
전주 여행,307,이랑,JC
전주 여행,307,습니다,EF
전주 여행,307,으로,JKB
전주 여행,307,결정,NNG
전주 여행,307,먼저,MAG
전주 여행,307,음식,NNG
전주 여행,307,아요,EF
전주 여행,307,동안,NNG
전주 여행,307,기대,NNG
전주 여행,308,숙소,NNG
전주 여행,308,추천,NNP
전주 여행,308,한옥마을,NNP
전주 여행,308,도보,NNP
전주 여행,308,탐방,NNG
전주 여행,308,반려,NNG
전주 여행,308,동반,NNG
전주 여행,308,어울리,VV
전주 여행,308,중시,NNG
전주 여행,308,여행자,NNG
전주 여행,308,에게,JKB
전주 여행,308,최적,NNG
전주 여행,308,선택지,NNG
전주 여행,308,입니다,VCP+EF
전주 여행,308,반면,NNG
전주 여행,308,메종,NNG
전주 여행,308,온유,NNG
전주 여행,308,호텔,NNG
전주 여행,308,한옥마을,NNP
전주 여행,308,프라이빗,NNG
전주 여행,308,쿠지,NNP
전주 여행,308,다도,NNG
전주 여행,308,체험,NNG
전주 여행,308,루프,NNG
전주 여행,308,감성,NNG
전주 여행,308,여유,NNG
전주 여행,308,원하,VV
전주 여행,308,거나,EC
전주 여행,308,반려,NNG
전주 여행,308,견과,NNG
전주 여행,308,함께,MAG
전주 여행,308,에게,JKB
전주 여행,309,한옥마을,NNP
전주 여행,309,객사,NNG
전주 여행,309,가성,NNG
전주 여행,309,호텔,NNG
전주 여행,309,로스터,NNG
전주 여행,309,호텔,NNG
전주 여행,309,스탠다드,NNG
전주 여행,309,트윈,NNP
전주 여행,309,내산,NNP
전주 여행,309,yan,SL
전주 여행,309,오늘,NNG
전주 여행,309,에서,JKB
전주 여행,309,만족,NNG
전주 여행,309,스럽,XSA
전주 여행,309,머물렀,VV+EP
전주 여행,309,숙소,NNG
전주 여행,309,추천,NNP
전주 여행,309,리뷰,NNP
전주 여행,309,습니다,EF
전주 여행,309,한옥마을,NNP
전주 여행,309,객사,NNG
전주 여행,309,모두,MAG
전주 여행,309,도보,NNG
전주 여행,309,이동,NNG
전주 여행,309,편해,VA+EC
전주 여행,309,뚜벅,MAG
전주 여행,309,여행자,NNG
전주 여행,309,정말,MAG
전주 여행,309,로스터,NNG
전주 여행,309,호텔,NNG
전주 여행,309,입니다,VCP+EC
전주 여행,310,근교,NNG
전주 여행,310,아이,NNG
전주 여행,310,추천,NNG
전주 여행,310,군산,NNG
전주 여행,310,근대,NNG
전주 여행,310,역사박물관,NNG
전주 여행,310,스탬프,NNG
전주 여행,310,최근,NNG
전주 여행,310,조카,NNG
전주 여행,310,너무,MAG
전주 여행,310,재밌,VA
전주 여행,310,다고,EC
전주 여행,310,다시,MAG
전주 여행,310,려고,EC
전주 여행,310,해요,VX+EF
전주 여행,310,이번,NNG
전주 여행,310,근교,NNG
전주 여행,310,아이,NNG
전주 여행,310,추천,NNG
전주 여행,310,군산,NNG
전주 여행,310,근대,NNG
전주 여행,310,역사박물관,NNG
전주 여행,310,스탬프,NNG
전주 여행,310,투어,NNG
전주 여행,310,입장료,NNG
전주 여행,310,성당,NNG
전주 여행,310,내산,NNG
전주 여행,311,한옥마을,NNP
전주 여행,311,부터,JX
전주 여행,311,경기전,NNG
전주 여행,311,전동,NNG
전주 여행,311,성당,NNG
전주 여행,311,까지,JX
전주 여행,311,코스,NNG
전주 여행,311,한옥,NNG
전주 여행,311,마을,NNG
전주 여행,311,에서,JKB
전주 여행,311,경기전,NNG
전주 여행,311,으로,JKB
전주 여행,311,이어지,VV
전주 여행,311,핵심,NNG
전주 여행,311,도보,NNG
전주 여행,311,구간,NNG
전주 여행,311,으로,JKB
전주 여행,311,습니다,EF
전주 여행,311,전동성당,NNP
전주 여행,311,까지,JX
전주 여행,311,조선,NNP
전주 여행,311,시대,NNG
전주 여행,311,유적,NNG
전주 여행,311,근대,NNG
전주 여행,311,건축,NNG
전주 여행,311,코스,NNG
전주 여행,311,에서,JKB
전주 여행,311,함께,MAG
전주 여행,311,습니다,EF
전주 여행,311,자세,XR
전주 여행,311,정보,NNG
전주 여행,311,아래,NNG
전주 여행,311,에서,JKB
전주 여행,312,PNB,SL
전주 여행,312,풍년제,NNP
전주 여행,312,내산,NNP
전주 여행,312,초코파이,NNP
전주 여행,312,원조,NNG
전주 여행,312,궁금,XR
전주 여행,312,다면,EC
전주 여행,312,종류,NNG
전주 여행,312,기념품,NNG
전주 여행,312,선물,NNG
전주 여행,312,추천,NNP
전주 여행,312,초코파이,NNP
전주 여행,312,유명,XR
전주 여행,312,이유,NNG
전주 여행,312,들르,VV
전주 여행,312,PNB,SL
전주 여행,312,풍년제,NNP
전주 여행,312,면서,EC
전주 여행,312,들르,VV
전주 여행,312,빵집,NNG
전주 여행,312,디저트,NNG
전주 여행,312,맛집,NNG
전주 여행,312,자세히,MAG
전주 여행,312,소개,NNG
전주 여행,312,볼게요,VX+EF
전주 여행,313,블로그,NNG
전주 여행,313,추가,NNG
전주 여행,313,추천,NNG
전주 여행,313,선선,XR
전주 여행,313,계절,NNG
전주 여행,313,전국,NNG
전주 여행,313,가을,NNG
전주 여행,313,미식,NNG
전주 여행,313,맛집,NNG
전주 여행,313,가을,NNG
전주 여행,313,미식,NNG
전주 여행,313,수순,NNG
전주 여행,313,밥상,NNG
전주 여행,313,통영,NNG
전주 여행,313,일식,NNG
전주 여행,313,현대,NNG
전주 여행,313,옥전,NNG
전주 여행,313,주본,NNG
전주 여행,313,통나무집,NNG
전주 여행,313,닭갈비,NNG
전주 여행,313,여수,NNP
전주 여행,313,맛집,NNG
전주 여행,313,통영,NNG
전주 여행,313,맛집,NNG
전주 여행,313,한옥마을,NNP
전주 여행,313,맛집,NNG
전주 여행,313,춘천,NNP
전주 여행,313,닭갈비,NNG
전주 여행,313,맛집,NNG
전주 여행,313,국내,NNG
전주 여행,313,코스,NNG
전주 여행,313,가을,NNG
전주 여행,313,환절기,NNG
전주 여행,313,맛집,NNG
전주 여행,313,전국,NNG
전주 여행,313,맛집,NNG
전주 여행,313,투어,NNG
전주 여행,314,명진,NNP
전주 여행,314,베이커리,NNP
전주 여행,314,카페,NNG
전주 여행,314,베이커리,NNP
전주 여행,314,베이커리,NNP
전주 여행,314,카페,NNG
전주 여행,314,내산,NNG
전주 여행,314,안녕,NNG
전주 여행,314,세요,EP+EF
전주 여행,314,행복,NNG
전주 여행,314,복복,MAG
전주 여행,314,입니다,VCP+EF
전주 여행,314,필수,NNG
전주 여행,314,코스,NNG
전주 여행,314,베이커리,NNP
전주 여행,314,유명,XR
전주 여행,314,맛집,NNG
전주 여행,314,유럽,NNP
전주 여행,314,월드,NNG
전주 여행,314,마스터,NNG
전주 여행,314,제과,NNG
전주 여행,314,제빵,NNG
전주 여행,314,명장,NNG
전주 여행,314,김명진,NNP
전주 여행,314,한국,NNP
전주 여행,314,대표,NNG
전주 여행,314,이름,NNG
전주 여행,314,명진,NNP
전주 여행,314,베이커리,NNP
전주 여행,314,카페,NNG
전주 여행,314,자랑,NNG
전주 여행,314,스러운,XSA+ETM
전주 여행,315,안성,NNG
전주 여행,315,진천,NNG
전주 여행,315,단양,NNG
전주 여행,315,는데,EC
전주 여행,315,연휴,NNG
전주 여행,315,그런지,VA+EC
전주 여행,315,아침,NNG
전주 여행,315,일찍,MAG
전주 여행,315,출발,NNG
전주 여행,315,인데,VCP+EC
전주 여행,315,너무,MAG
전주 여행,315,막혀서,VV+EC
전주 여행,315,고소공포증,NNP
전주 여행,315,이슈,NNG
전주 여행,315,전망대,NNG
전주 여행,315,정상,NNG
전주 여행,315,까지,JX
전주 여행,315,올라가,VV
전주 여행,315,살살,MAG
전주 여행,315,산책,NNG
전주 여행,315,새벽,NNG
전주 여행,315,일어나,VV+EC
전주 여행,315,고파서,VA+EC
전주 여행,316,2026,SN
전주 여행,316,08,SN
전주 여행,316,coffee,SL
전주 여행,316,dessert,SL
전주 여행,316,and,SL
전주 여행,316,the,SL
전주 여행,316,moment,SL
전주 여행,316,벌써,MAG
전주 여행,316,돌아왔,VV+EP
전주 여행,316,네요,EF
전주 여행,316,이번,NNG
전주 여행,316,블로그,NNG
전주 여행,316,주제,NNG
전주 여행,316,문구,NNG
전주 여행,316,coffee,SL
전주 여행,316,dessert,SL
전주 여행,316,and,SL
전주 여행,316,the,SL
전주 여행,316,moment,SL
전주 여행,316,우선,MAG
전주 여행,316,시작,NNG
전주 여행,316,거의,MAG
전주 여행,316,우리,NP
전주 여행,316,아지트,NNG
전주 여행,316,중리,NNG
전주 여행,316,버리,VX
전주 여행,316,여기,NP
전주 여행,316,화장실,NNG
전주 여행,316,핸드,NNG
전주 여행,316,워시,NNP
전주 여행,316,냄새,NNG
전주 여행,316,너무,MAG
전주 여행,316,아서,EC
전주 여행,316,어서,EC
전주 여행,317,엄마,NNG
전주 여행,317,코스,NNG
전주 여행,317,맛집,NNG
전주 여행,317,한복,NNG
전주 여행,317,대여,NNG
전주 여행,317,볼거리,NNG
전주 여행,317,숙소,NNG
전주 여행,317,볶음밥,NNG
전주 여행,317,무조건,MAG
전주 여행,317,드세요,VV+EP+EC
전주 여행,317,고기,NNG
전주 여행,317,까지,JX
전주 여행,317,올려서,VV+EC
전주 여행,317,막힙니다,VV+EC
전주 여행,317,막걸리,NNG
전주 여행,317,영업시간,NNG
전주 여행,317,12,SN
전주 여행,317,23,SN
전주 여행,317,에서,JKB
전주 여행,317,빼놓,VV
전주 여행,317,하나,NR
전주 여행,317,재미,NNG
전주 여행,317,바로,MAG
전주 여행,317,막걸리,NNG
전주 여행,317,한상,NNG
전주 여행,317,에요,EF
전주 여행,317,막걸리,NNG
전주 여행,317,막걸리,NNG
전주 여행,318,1000,SN
전주 여행,318,기념,NNG
전주 여행,318,곁들인,VV+ETM
전주 여행,318,놀래,VV
전주 여행,318,병원,NNG
전주 여행,318,더니,EC
전주 여행,318,표피,NNG
전주 여행,318,낭종,NNG
전주 여행,318,랍니다,EC
전주 여행,318,하루,NNG
전주 여행,318,이러,VV
전주 여행,318,병원,NNG
전주 여행,318,랬는데,EF
전주 여행,318,이미,MAG
전주 여행,318,시간,NNG
전주 여행,318,주말,NNG
전주 여행,318,라서,EC
전주 여행,318,버텨,VV+EC
전주 여행,318,주로,MAG
전주 여행,318,자마자,EC
전주 여행,318,콩나물국,NNG
전주 여행,318,맛집,NNG
전주 여행,318,사람,NNG
전주 여행,318,길래,EC
전주 여행,318,따라,VV+EC
전주 여행,319,맛집,NNG
전주 여행,319,한옥마을,NNP
전주 여행,319,비빔밥,NNG
전주 여행,319,맛집,NNG
전주 여행,319,흑백,NNG
전주 여행,319,요리사,NNG
전주 여행,319,비빔,NNG
전주 여행,319,대왕,NNG
전주 여행,319,유비,NNG
전주 여행,319,비빔,NNG
전주 여행,319,소리,NNG
전주 여행,319,전북,NNP
전주 여행,319,전주시,NNP
전주 여행,319,완산구,NNP
전주 여행,319,경기전,NNG
전주 여행,319,126,SN
전주 여행,319,월요일,NNG
전주 여행,319,일요일,NNG
전주 여행,319,매일,MAG
전주 여행,319,면서,EC
전주 여행,319,식당,NNG
전주 여행,319,대옥,NNG
전주 여행,319,본점,NNG
전주 여행,319,비빔,NNG
전주 여행,319,소리,NNG
전주 여행,319,군데,NNG+VCP+EC
전주 여행,319,어요,EF
전주 여행,319,대옥,NNG
전주 여행,319,본점,NNG
전주 여행,319,도착,NNG
전주 여행,319,자마자,EC
전주 여행,320,예쁜,VA+ETM
전주 여행,320,카페,NNG
전주 여행,320,스타,NNG
전주 여행,320,벅스,NNP
전주 여행,320,한옥마을,NNP
전주 여행,320,전망,NNG
전주 여행,320,주카,NNP
전주 여행,320,창가,NNG
전주 여행,320,자리,NNG
전주 여행,320,선점,NNG
전주 여행,320,네요,EF
전주 여행,320,호텔,NNG
전주 여행,320,체크,NNG
전주 여행,320,시간,NNG
전주 여행,320,아직,MAG
전주 여행,320,맛집,NNG
전주 여행,320,카페,NNP
전주 여행,320,한옥마을,NNP
전주 여행,320,에서,JKB
전주 여행,320,커피,NNG
전주 여행,320,마시,VV
전주 여행,320,면서,EC
전주 여행,320,시간,NNG
전주 여행,320,보내,VV
전주 여행,320,다가,EC
전주 여행,320,출발,NNG
전주 여행,320,려구요,EC
전주 여행,320,카페,NNG
전주 여행,320,에서,JKB
전주 여행,320,계획,NNG
전주 여행,321,예쁜,VA+ETM
전주 여행,321,감상,NNG
전주 여행,321,가능,NNG
전주 여행,321,근교,NNG
전주 여행,321,부안,NNG
전주 여행,321,추천,NNG
전주 여행,321,근교,NNG
전주 여행,321,다가,EC
전주 여행,321,부안,NNG
전주 여행,321,으로,JKB
전주 여행,321,결정,NNG
전주 여행,321,계획,NNG
전주 여행,321,숙소,NNG
전주 여행,321,다가,EC
전주 여행,321,너무,MAG
전주 여행,321,선유,NNG
전주 여행,321,내용,NNG
전주 여행,321,따로,MAG
전주 여행,321,습니당,EF
전주 여행,321,근교,NNG
전주 여행,321,에서,JKB
전주 여행,321,바다,NNG
전주 여행,321,즐기,VV
전주 여행,321,으신,EP+ETM
전주 여행,321,자차,NNG
전주 여행,321,기준,NNG
전주 여행,321,시간,NNG
전주 여행,321,시간,NNG
전주 여행,322,한옥마을,NNP
전주 여행,322,다음,NNG
전주 여행,322,어디,NP
전주 여행,322,할까,VX+EC
전주 여행,322,한옥,NNG
전주 여행,322,골목,NNG
전주 여행,322,에서,JKB
전주 여행,322,시작,NNG
전주 여행,322,성당,NNG
전주 여행,322,시장,NNG
전주 여행,322,전망,NNG
전주 여행,322,포인트,NNG
전주 여행,322,까지,JX
전주 여행,322,연결,NNG
전주 여행,322,하루,NNG
전주 여행,322,머물러도,VV+EC
전주 여행,322,분위기,NNG
전주 여행,322,다양,NNG
전주 여행,322,습니다,EF
전주 여행,322,한옥마을,NNP
전주 여행,322,당일치기,NNG
전주 여행,322,코스,NNG
전주 여행,323,호텔,NNG
전주 여행,323,수영장,NNG
전주 여행,323,조식,NNG
전주 여행,323,주차,NNG
전주 여행,323,그럼에도,VA+ETN+JKB+JX
전주 여행,323,불구,XR
전주 여행,323,계획,NNG
전주 여행,323,신다면,EP+EC
전주 여행,323,호텔,NNG
전주 여행,323,위치,NNG
전주 여행,323,하나,NR
전주 여행,323,으로,JKB
전주 여행,323,선택,NNG
전주 여행,323,이유,NNG
전주 여행,323,충분,XR
전주 여행,323,입니다,VCP+EF
전주 여행,323,한옥,NNG
전주 여행,323,마을,NNG
전주 여행,323,입구,NNG
전주 여행,323,이어진,VV+ETM
전주 여행,323,지하,NNG
전주 여행,323,연결,NNG
전주 여행,323,통로,NNG
전주 여행,323,루프,NNG
전주 여행,323,에서,JKB
전주 여행,323,내려다,VV+EC
전주 여행,323,보이,VV
전주 여행,323,기와지붕,NNG
전주 여행,323,포근,XR
전주 여행,324,애견,NNG
전주 여행,324,유치원,NNG
전주 여행,324,산책,NNG
전주 여행,324,수학여행,NNG
전주 여행,324,소풍,NNG
전주 여행,324,명절,NNG
전주 여행,324,시상식,NNG
전주 여행,324,FORLONGDOG,SL
전주 여행,324,월간,NNG
전주 여행,324,세미나,NNG
전주 여행,324,진행,NNG
전주 여행,324,살롱,NNG
전주 여행,324,가정,NNG
전주 여행,324,방문,NNG
전주 여행,324,출장,NNG
전주 여행,324,교육,NNG
전주 여행,324,호텔,NNG
전주 여행,324,단체,NNG
전주 여행,324,강의,NNG
전주 여행,324,서신,NNG
전주 여행,324,센터,NNG
전주 여행,324,금암,NNG
전주 여행,324,센터,NNG
전주 여행,324,스타,NNG
전주 여행,324,그램,NNG
전주 여행,324,월간,NNG
전주 여행,324,세미나,NNG
전주 여행,324,일상,NNG
전주 여행,325,여수,NNP
전주 여행,325,루트,NNG
전주 여행,325,웅천,NNG
전주 여행,325,해수욕장,NNG
전주 여행,325,황소,NNG
전주 여행,325,식당,NNG
전주 여행,325,이순신,NNP
전주 여행,325,광장,NNG
전주 여행,325,버스,NNG
전주 여행,325,기록,NNG
전주 여행,325,으로,JKB
전주 여행,325,남겨,VV+EC
전주 여행,325,아주,MAG
전주 여행,325,간단,XR
전주 여행,325,여수,NNG
전주 여행,325,루트,NNG
전주 여행,325,여수,NNG
전주 여행,325,무료,NNG
전주 여행,325,스노,NNP
전주 여행,325,쿨링,NNG
전주 여행,325,스킨,NNG
전주 여행,325,스쿠버,NNG
전주 여행,325,카약,NNG
전주 여행,325,웅천,NNG
전주 여행,325,수욕장,NNG
전주 여행,325,무료,NNG
전주 여행,325,가능,NNG
전주 여행,325,감동,NNG
전주 여행,325,이야기,NNG
전주 여행,325,따로,MAG
전주 여행,325,포스팅,NNP
전주 여행,325,해뒀,VV+EC+VX+EP
전주 여행,325,점심,NNG
전주 여행,325,에서,JKB
전주 여행,325,출발,NNG
전주 여행,325,아침,NNG
전주 여행,325,으로,JKB
전주 여행,326,혼자,MAG
전주 여행,326,떠난,VV+ETM
전주 여행,326,내일,NNG
전주 여행,326,전라선,NNG
전주 여행,326,일주,NNG
전주 여행,326,순천,NNG
전주 여행,326,10,SN
전주 여행,326,돌아온,VV+ETM
전주 여행,326,에서,JKB
전주 여행,326,이어집니다,VV+EC
전주 여행,326,어느덧,MAG
전주 여행,326,목적지,NNG
전주 여행,326,순천,NNG
전주 여행,326,소개,NNG
전주 여행,326,시간,NNG
전주 여행,326,순천,NNG
전주 여행,326,무려,MAG
전주 여행,326,지난,VV+ETM
전주 여행,326,10,SN
전주 여행,326,아빠,NNG
전주 여행,326,가족,NNG
전주 여행,326,으로,JKB
전주 여행,326,10,SN
전주 여행,326,방문,NNG
전주 여행,326,기차,NNG
전주 여행,326,방문,NNG
전주 여행,326,재밌,VA
전주 여행,327,객리,NNG
전주 여행,327,야장,NNG
전주 여행,327,맛집,NNG
전주 여행,327,솔직,XR
전주 여행,327,리뷰,NNP
전주 여행,327,까치,NNG
전주 여행,327,산장,NNG
전주 여행,327,안녕,NNG
전주 여행,327,세요,EP+EF
전주 여행,327,요즘,MAG
전주 여행,327,새우,NNG
전주 여행,327,인데,VCP+EC
전주 여행,327,드셨,VX+EP+EP
전주 여행,327,는지요,EC
전주 여행,327,가지,VX
전주 여행,327,남녀,NNG
전주 여행,327,이번,NNG
전주 여행,327,에서,JKB
전주 여행,327,객리,NNG
전주 여행,327,야장,NNG
전주 여행,327,맛집,NNG
전주 여행,327,까치,NNG
전주 여행,327,산장,NNG
전주 여행,327,에서,JKB
전주 여행,327,생새우,NNG
전주 여행,327,소주,NNG
전주 여행,327,걸치,VV
전주 여행,327,답니당,EF
전주 여행,327,love,SL
전주 여행,327,까치,NNG
전주 여행,327,산장,NNG
전주 여행,327,영업,NNG
전주 여행,327,정보,NNG
전주 여행,328,호텔,NNG
전주 여행,328,추천,NNG
전주 여행,328,한옥,NNG
전주 여행,328,마을,NNG
전주 여행,328,근처,NNG
전주 여행,328,아늑,XR
전주 여행,328,휴식처,NNG
전주 여행,328,아늑,XR
전주 여행,328,편안,NNG
전주 여행,328,숙소,NNG
전주 여행,328,에서,JKB
전주 여행,328,휴식,NNG
전주 여행,328,통해,VV+EC
전주 여행,328,완벽,NNG
전주 여행,328,피로,NNG
전주 여행,328,말끔히,MAG
전주 여행,328,내보,VV
전주 여행,328,세요,EP+EF
전주 여행,328,철저,NNG
전주 여행,328,주행,NNG
전주 여행,328,준비,NNG
전주 여행,328,든든,XR
전주 여행,328,휴식처,NNG
전주 여행,328,함께,MAG
전주 여행,328,한다면,VV+EC
전주 여행,328,여러분,NP
전주 여행,328,언제나,MAG
전주 여행,328,즐겁,VA
전주 여행,328,안전,NNG
전주 여행,328,추억,NNG
전주 여행,328,으로,JKB
전주 여행,328,기억,NNG
전주 여행,328,입니다,VCP+EC
전주 여행,329,우리,NP
전주 여행,329,에서,JKB
전주 여행,329,구미,NNG
전주 여행,329,까지,JX
전주 여행,329,버스,NNG
전주 여행,329,하고,JKB
전주 여행,329,시간,NNG
전주 여행,329,보내,VV
전주 여행,329,위해,VV+EC
전주 여행,329,결혼,NNG
전주 여행,329,처음,NNG
전주 여행,329,으로,JKB
전주 여행,329,혼자,NNG
전주 여행,329,란다,EC
전주 여행,329,어디,NP
전주 여행,329,온다던,VV+ETM
전주 여행,329,여러,MM
전주 여행,329,생각,NNG
전주 여행,329,드디어,MAG
전주 여행,329,언니,NNG
전주 여행,330,한옥마을,NNP
전주 여행,330,코스,NNG
전주 여행,330,주차,NNG
전주 여행,330,맛집,NNG
전주 여행,330,비용,NNG
전주 여행,330,정리,NNP
전주 여행,330,한옥마을,NNP
전주 여행,330,코스,NNG
전주 여행,330,주차,NNG
전주 여행,330,맛집,NNG
전주 여행,330,비용,NNG
전주 여행,330,정리,NNG
전주 여행,330,갑자기,MAG
전주 여행,330,떠난,VV+ETM
전주 여행,330,코스,NNG
전주 여행,330,경비,NNG
전주 여행,330,첫째,NR
전주 여행,330,2026,SN
전주 여행,330,08,SN
전주 여행,330,14,SN
전주 여행,330,15,SN
전주 여행,330,에서,JKB
전주 여행,330,벗어나,VV+EC
전주 여행,330,고즈넉,XR
전주 여행,330,한옥,NNG
전주 여행,330,감성,NNG
전주 여행,330,만끽,NNG
전주 여행,330,오래,MAG
전주 여행,330,부터,JX
전주 여행,331,뚜벅,MAG
전주 여행,331,커플,NNG
전주 여행,331,코스,NNG
전주 여행,331,레일바이크,NNP
전주 여행,331,남부,NNG
전주 여행,331,시장,NNG
전주 여행,331,야시,NNG
전주 여행,331,이걸,NP+JKO
전주 여행,331,동선,NNG
전주 여행,331,해도,VV+EC
전주 여행,331,는지,EC
전주 여행,331,모르,VV
전주 여행,331,는데,EC
전주 여행,331,진짜,MAG
전주 여행,331,지쳐서,VV+EC
전주 여행,331,공간,NNG
전주 여행,331,필요,NNG
전주 여행,331,어요,EF
전주 여행,331,아무튼,MAJ
전주 여행,331,여름,NNG
전주 여행,331,계획,NNG
전주 여행,331,계신,VX+ETM
전주 여행,331,라면,EC
전주 여행,331,웬만,XR
전주 여행,331,실내,NNG
전주 여행,331,데이트,NNG
전주 여행,331,위주,NNG
전주 여행,331,즐기,VV
전주 여행,331,한옥마을,NNP
전주 여행,331,이나,JC
전주 여행,331,덕진,NNP
전주 여행,331,공원,NNG
전주 여행,332,독서,NNG
전주 여행,332,교육,NNG
전주 여행,332,전학,NNG
전주 여행,332,Book,SL
전주 여행,332,도서관,NNG
전주 여행,332,준비,NNG
전주 여행,332,도시,NNG
전주 여행,332,도서관,NNG
전주 여행,332,도서관,NNG
전주 여행,332,안내,NNG
전주 여행,332,2026,SN
전주 여행,332,도서관,NNG
전주 여행,332,도시,NNG
전주 여행,332,도서관,NNG
전주 여행,332,도서관,NNG
전주 여행,332,안내,NNG
전주 여행,332,2026,SN
전주 여행,332,도서관,NNG
전주 여행,332,다른,MM
전주 여행,332,프로그램,NNG
전주 여행,332,평일,NNG
전주 여행,333,한옥,NNG
전주 여행,333,마을,NNG
전주 여행,333,에서,JKB
전주 여행,333,특별,NNG
전주 여행,333,기록,NNG
전주 여행,333,한복,NNG
전주 여행,333,스냅,NNG
전주 여행,333,촬영,NNG
전주 여행,333,군산,NNP
전주 여행,333,익산,NNP
전주 여행,333,com,SL
전주 여행,333,amazing,SL
전주 여행,333,1203,SN
전주 여행,333,224396189835,SN
전주 여행,333,한복,NNG
전주 여행,333,한복,NNG
전주 여행,333,스냅,NNG
전주 여행,333,한복,NNG
전주 여행,333,화보,NNG
전주 여행,333,한복,NNG
전주 여행,333,체험,NNG
전주 여행,333,한복,NNG
전주 여행,333,사진,NNG
전주 여행,333,한복,NNG
전주 여행,333,촬영,NNG
전주 여행,333,한복,NNG
전주 여행,333,웨딩,NNG
전주 여행,333,한복,NNG
전주 여행,333,개인,NNG
전주 여행,333,스냅,NNG
전주 여행,333,한복,NNG
전주 여행,333,가족,NNG
전주 여행,333,스냅,NNG
전주 여행,333,한복,NNG
전주 여행,333,우정,MAG
전주 여행,333,스냅,NNG
전주 여행,333,웨딩,NNG
전주 여행,333,스냅,NNG
전주 여행,333,한복,NNG
전주 여행,333,커플,NNG
전주 여행,333,스냅,NNG
전주 여행,333,전북,NNG
전주 여행,333,한복,NNG
전주 여행,333,체험,NNG
전주 여행,334,호텔,NNG
전주 여행,334,아라리,NNG
전주 여행,334,후기,NNG
전주 여행,334,깔끔,XR
전주 여행,334,객실,NNG
전주 여행,334,위치,NNG
전주 여행,334,갖춘,VV+ETM
전주 여행,334,숙소,NNG
전주 여행,334,숙박,NNG
전주 여행,334,조건,NNG
전주 여행,334,중요,NNG
전주 여행,334,생각,NNG
전주 여행,334,에게,JKB
전주 여행,334,숙소,NNG
전주 여행,334,입니다,VCP+EF
전주 여행,334,아니,VCN
전주 여행,334,출장,NNG
전주 여행,334,이나,JC
전주 여행,334,가족,NNG
전주 여행,334,에서,JKB
전주 여행,334,편하,VA
전주 여행,334,머물,VV+ETM
전주 여행,334,참고,NNG
전주 여행,334,합니다,XSA+EF
전주 여행,334,전주호,NNP
전주 여행,334,전주호,NNP
전주 여행,334,아라리,NNP
전주 여행,334,숙소,NNG
전주 여행,335,호텔,NNG
전주 여행,335,라고,VCP+EC
전주 여행,335,이렇,VA
전주 여행,335,습니다,EF
전주 여행,335,가족,NNG
전주 여행,335,여행객,NNG
전주 여행,335,에게,JKB
전주 여행,335,특히,MAG
전주 여행,335,추천,NNG
전주 여행,335,어요,EF
전주 여행,335,한옥마을,NNP
전주 여행,335,마담,NNG
전주 여행,335,독채,NNG
전주 여행,335,펜션,NNG
전주 여행,335,한옥마을,NNP
전주 여행,335,마담,NNG
전주 여행,335,독채,NNG
전주 여행,335,펜션,NNG
전주 여행,335,213,SN
전주 여행,335,793,SN
전주 여행,335,별점,NNG
전주 여행,335,마담,NNG
전주 여행,335,초이,NNP
전주 여행,335,독채,NNG
전주 여행,335,펜션,NNG
전주 여행,335,경험,NNG
전주 여행,335,깔끔,XR
전주 여행,335,모던,NNG
전주 여행,336,한옥마을,NNP
전주 여행,336,애견,NNG
전주 여행,336,동반,NNG
전주 여행,336,카페,NNG
전주 여행,336,카페,NNG
전주 여행,336,1938,SN
전주 여행,336,러브,NNG
전주 여행,336,한옥마을,NNP
전주 여행,336,애견,NNG
전주 여행,336,동반,NNG
전주 여행,336,카페,NNG
전주 여행,336,한옥,NNG
전주 여행,336,마을,NNG
전주 여행,336,카페,NNG
전주 여행,336,추천,NNG
전주 여행,336,카페,NNG
전주 여행,336,1938,SN
전주 여행,336,한옥마을,NNP
전주 여행,336,애견,NNG
전주 여행,336,동반,NNG
전주 여행,336,카페,NNG
전주 여행,336,여기,NP
전주 여행,336,신랑,NNG
전주 여행,336,생일,NNG
전주 여행,336,다녀왔,VV+EP
전주 여행,336,어요,EF
전주 여행,336,연애,NNG
전주 여행,336,신랑,NNG
전주 여행,336,이랑,JC
전주 여행,336,한옥마을,NNP
전주 여행,336,왔었,VV+EP
전주 여행,336,기억,NNG
전주 여행,336,어서,EC
전주 여행,337,완산구,NNP
전주 여행,337,에서,JKB
전주 여행,337,온다면,VV+EC
전주 여행,337,여기,NP
전주 여행,337,무료,NNG
전주 여행,337,아기,NNG
전주 여행,337,국립,NNG
전주 여행,337,박물관,NNG
전주 여행,337,어린이,NNG
전주 여행,337,박물관,NNG
전주 여행,337,여행가,NNG
전주 여행,337,온다고,VV+EC
전주 여행,337,패닉,NNG
전주 여행,337,필요,NNG
전주 여행,337,잖아요,EC
전주 여행,337,여행가,NNG
전주 여행,337,가장,MAG
전주 여행,337,곤란,NNG
전주 여행,337,순간,NNG
전주 여행,337,언제나,MAG
전주 여행,337,바로,MAG
전주 여행,337,내내,MAG
전주 여행,337,소식,NNG
전주 여행,337,때문,NNB
전주 여행,337,조금,MAG
전주 여행,337,걱정,NNG
전주 여행,337,는데,EC
전주 여행,338,2026,SN
전주 여행,338,10,SN
전주 여행,338,전국,NNG
전주 여행,338,가을,NNG
전주 여행,338,축제,NNG
전주 여행,338,일정,NNG
전주 여행,338,정리,NNP
전주 여행,338,서울,NNP
전주 여행,338,부산,NNP
전주 여행,338,추천,NNG
전주 여행,338,대상,NNG
전주 여행,338,맛집,NNG
전주 여행,338,함께,MAG
전주 여행,338,가족,NNG
전주 여행,338,단위,NNG
전주 여행,338,여행객,NNG
전주 여행,338,음식,NNG
전주 여행,338,체험,NNG
전주 여행,338,좋아하,VV
전주 여행,338,한옥마을,NNP
전주 여행,338,연계,NNG
전주 여행,338,계획,NNG
전주 여행,338,2025,SN
전주 여행,338,전주비빔밥,NNG
전주 여행,338,축제,NNG
전주 여행,338,행사장,NNG
전주 여행,338,김제,NNP
전주 여행,338,지평선,NNG
전주 여행,338,축제,NNG
전주 여행,338,10,SN
전주 여행,338,황금빛,NNG
전주 여행,339,BEST,SL
전주 여행,339,10,SN
전주 여행,339,2026,SN
전주 여행,339,코스,NNG
전주 여행,339,추천,NNG
전주 여행,339,코스,NNG
전주 여행,339,BEST,SL
전주 여행,339,10,SN
전주 여행,339,한옥마을,NNP
전주 여행,339,경기전,NNG
전주 여행,339,전동성당,NNP
전주 여행,339,목대,NNG
전주 여행,339,목대,NNG
전주 여행,339,남부,NNG
전주 여행,339,시장,NNG
전주 여행,339,남부,NNG
전주 여행,339,시장,NNG
전주 여행,339,시장,NNG
전주 여행,339,완산,NNP
전주 여행,339,칠봉,NNP
전주 여행,339,수목원,NNG
전주 여행,339,국립,NNG
전주 여행,339,박물관,NNG
전주 여행,339,덕진,NNP
전주 여행,339,공원,NNG
전주 여행,339,한지,XSA+EC
전주 여행,339,마을,NNG
전주 여행,340,지역,NNG
전주 여행,340,조직,NNG
전주 여행,340,막둥이,NNG
전주 여행,340,여행사,NNG
전주 여행,340,이야기,NNG
전주 여행,340,도시,NNG
전주 여행,340,막둥이,NNG
전주 여행,340,여행사,NNG
전주 여행,340,여행지,NNG
전주 여행,340,바로,MAG
전주 여행,340,답니다,EC
전주 여행,340,남원,NNP
전주 여행,340,에서,JKB
전주 여행,340,시간,NNBC
전주 여행,340,거리,NNG
전주 여행,340,대부분,NNG
전주 여행,340,많이,MAG
전주 여행,340,방문,NNG
전주 여행,340,지만,EC
전주 여행,340,기회,NNG
전주 여행,340,이번,NNG
전주 여행,340,점심,NNG
전주 여행,340,바로,MAG
전주 여행,340,전주비빔밥,NNG
전주 여행,340,습니다,EF
전주 여행,340,밑반찬,NNG
전주 여행,341,숙소,NNG
전주 여행,341,투썸,NNP
전주 여행,341,스테이,NNP
전주 여행,341,서신,NNG
전주 여행,341,디럭스,NNP
전주 여행,341,페리어,NNP
전주 여행,341,리뷰,NNP
전주 여행,341,려던,ETM
전주 여행,341,아니,VCN
전주 여행,341,남부,NNG
전주 여행,341,지방,NNG
전주 여행,341,위한,VV+ETM
전주 여행,341,경유지,NNG
전주 여행,341,습니다,EF
전주 여행,341,퇴근,NNG
전주 여행,341,바로,MAG
전주 여행,341,중간,NNG
전주 여행,341,지점,NNG
전주 여행,341,까진,JX+JX
전주 여행,341,다가,EC
전주 여행,341,다음,NNG
전주 여행,341,아침,NNG
전주 여행,341,바로,MAG
전주 여행,341,출발,NNG
전주 여행,341,위함,VV+ETN
전주 여행,341,여기,NP
전주 여행,341,어때,VA+EF
전주 여행,341,에서,JKB
전주 여행,341,괜찮,VA
전주 여행,341,발견,NNG
전주 여행,341,습니다,EF
전주 여행,342,추천,NNG
전주 여행,342,24,SN
전주 여행,342,식당,NNG
전주 여행,342,맛집,NNG
전주 여행,342,내산,NNP
전주 여행,342,현대,NNP
전주 여행,342,본점,NNG
전주 여행,342,콩나물국,NNG
전주 여행,342,시간,NNG
전주 여행,342,들르,VV
전주 여행,342,에요,EF
전주 여행,342,저희,NP
전주 여행,342,막걸리,NNG
전주 여행,342,골목,NNG
전주 여행,342,에서,JKB
전주 여행,342,한잔,NNG
전주 여행,342,방문,NNG
전주 여행,342,는데요,EF
전주 여행,342,시간,NNG
전주 여행,342,계속,MAG
전주 여행,342,들어왔,VV+EP
전주 여행,342,어요,EF
전주 여행,342,맛집,NNG
전주 여행,342,현대,NNG
전주 여행,342,본점,NNG
전주 여행,343,곡성,NNG
전주 여행,343,샤브샤브,NNP
전주 여행,343,맛집,NNG
전주 여행,343,광주,NNP
전주 여행,343,근교,NNG
전주 여행,343,무한리필,NNP
전주 여행,343,기차마을,NNP
전주 여행,343,에요,JX
전주 여행,343,오늘,MAG
전주 여행,343,가족,NNG
전주 여행,343,연인,NNG
전주 여행,343,친구,NNG
전주 여행,343,함께,MAG
전주 여행,343,곡성,NNG
전주 여행,343,계획,NNG
전주 여행,343,그리고,MAJ
전주 여행,343,전남,NNP
전주 여행,343,지역,NNG
전주 여행,343,광주,NNP
전주 여행,343,근교,NNG
전주 여행,343,근교,NNG
전주 여행,343,여수,NNP
전주 여행,343,근교,NNG
전주 여행,343,순천,NNG
전주 여행,343,근교,NNG
전주 여행,343,에서,JKB
전주 여행,343,맛있,VA
전주 여행,343,식사,NNG
전주 여행,343,으시,EP
전주 여행,343,위해,VV+EC
전주 여행,343,특별,NNG
전주 여행,343,소개,NNG
전주 여행,343,해요,VX+EC
전주 여행,344,다녀온,VV+ETM
전주 여행,344,콩나물국,NNG
전주 여행,344,전문점,NNG
전주 여행,344,금성,NNG
전주 여행,344,한옥마을,NNP
전주 여행,344,싶어요,NNP
전주 여행,344,코스,NNG
전주 여행,344,맛집,NNG
전주 여행,344,콩나물국,NNG
전주 여행,344,콩나물국,NNG
전주 여행,344,전문점,NNG
전주 여행,344,콩나물국,NNG
전주 여행,344,주금,NNG
전주 여행,344,성당,NNG
전주 여행,344,금성,NNG
전주 여행,344,카페,NNG
전주 여행,344,카페,NNG
전주 여행,344,추천,NNG
전주 여행,344,감성,NNG
전주 여행,344,카페,NNG
전주 여행,344,이색,NNG
전주 여행,344,카페,NNG
전주 여행,345,금성,NNG
전주 여행,345,카페,NNG
전주 여행,345,내산,NNP
전주 여행,345,방문,NNG
전주 여행,345,후기,NNG
전주 여행,345,금성,NNG
전주 여행,345,어요,EF
전주 여행,345,주금,NNG
전주 여행,345,성당,NNG
전주 여행,345,금성,NNG
전주 여행,345,카페,NNG
전주 여행,345,카페,NNG
전주 여행,345,추천,NNG
전주 여행,345,코스,NNG
전주 여행,345,데이트,NNG
전주 여행,345,데이트,NNG
전주 여행,345,코스,NNG
전주 여행,345,구도심,NNG
전주 여행,345,객리,NNG
전주 여행,345,감성,NNG
전주 여행,345,카페,NNG
전주 여행,346,초등,NNG
전주 여행,346,한옥마을,NNP
전주 여행,346,기록,NNG
전주 여행,346,교동,NNP
전주 여행,346,시래,NNP
전주 여행,346,한옥마을,NNP
전주 여행,346,시간,NNG
전주 여행,346,이리,MAG
전주 여행,346,빨리,MAG
전주 여행,346,지나가,VV
전주 여행,346,는지,EC
전주 여행,346,정말,MAG
전주 여행,346,순식간,NNG
전주 여행,346,이틀,NNG
전주 여행,346,지나가,VV+EC
전주 여행,346,버렸,VX+EP
전주 여행,346,아이,NNG
전주 여행,346,아침,NNG
전주 여행,346,부터,JX
전주 여행,346,마지막,NNG
전주 여행,346,아쉬워하,VV
전주 여행,346,하루,NNG
전주 여행,346,다고,EC
전주 여행,346,한옥마을,NNP
전주 여행,347,한옥마을,NNP
전주 여행,347,숙박,NNG
전주 여행,347,추천,NNG
전주 여행,347,게스트,NNP
전주 여행,347,하우스,NNP
전주 여행,347,사장,NNG
전주 여행,347,너무,MAG
전주 여행,347,친절,NNG
전주 여행,347,숙소,NNG
전주 여행,347,이쁘,VA
전주 여행,347,한옥마을,NNP
전주 여행,347,걸어서,VV+EC
전주 여행,347,다녀왔,VV+EP
전주 여행,347,가실,VV+ETM
전주 여행,347,참고,NNG
전주 여행,347,강추,NNG
전주 여행,347,화초,NNG
전주 여행,347,이쁘,VA
전주 여행,347,진열,NNG
전주 여행,347,초상권,NNG
전주 여행,347,침해,NNG
전주 여행,347,지움,VV+ETN
전주 여행,348,한옥,NNG
전주 여행,348,마을,NNG
전주 여행,348,숙소,NNG
전주 여행,348,독채,NNG
전주 여행,348,감성,NNG
전주 여행,348,숙소,NNG
전주 여행,348,아이,NNG
전주 여행,348,숙박,NNG
전주 여행,348,후기,NNG
전주 여행,348,이번,NNG
전주 여행,348,다녀왔,VV+EP
전주 여행,348,습니다,EF
전주 여행,348,까지,JX
전주 여행,348,는데,EC
전주 여행,348,평범,XR
전주 여행,348,숙소,NNG
전주 여행,348,조금,MAG
전주 여행,348,아쉽,VA
전주 여행,348,다는,ETM
전주 여행,348,생각,NNG
전주 여행,348,어서,EC
전주 여행,348,고심,NNG
전주 여행,348,예쁜,VA+ETM
전주 여행,348,한옥,NNG
전주 여행,348,숙소,NNG
전주 여행,348,다녀왔,VV+EP
전주 여행,348,어요,EF
전주 여행,348,숙소,NNG
전주 여행,348,꼬마,NNG
전주 여행,348,함께,MAG
전주 여행,348,국내,NNG
전주 여행,348,후기,NNG
전주 여행,349,쪄죽,VV
전주 여행,349,살아남,VV
전주 여행,349,이야기,NNG
전주 여행,349,다정,NNG
전주 여행,349,이상,NNG
전주 여행,349,에서,JKB
전주 여행,349,자랐,VV+EP
전주 여행,349,거나,EC
전주 여행,349,친구,NNG
전주 여행,349,출장,NNG
전주 여행,349,으로,JKB
전주 여행,349,다녀왔,VV+EP
전주 여행,349,감성,NNG
전주 여행,349,문학,NNG
전주 여행,349,다정,XR
전주 여행,349,도시,NNG
전주 여행,349,그런,MM
전주 여행,349,여름,NNG
전주 여행,349,이나,JX
전주 여행,349,다녀왔,VV+EP
전주 여행,350,한옥,NNP
전주 여행,350,스테이,NNP
전주 여행,350,내산,NNP
전주 여행,350,감성,NNG
전주 여행,350,숙소,NNG
전주 여행,350,솔직,XR
전주 여행,350,후기,NNG
전주 여행,350,머물렀,VV+EP
전주 여행,350,포스팅,NNP
전주 여행,350,려고,EC
전주 여행,350,합니다,VX+EF
전주 여행,350,그곳,NP
전주 여행,350,한옥,NNP
전주 여행,350,스테이,NNP
전주 여행,350,에요,EF
전주 여행,350,인테리어,NNG
전주 여행,350,자체,NNG
전주 여행,350,요즘,MAG
전주 여행,350,감성,NNG
전주 여행,350,스타일,NNG
전주 여행,350,특히,MAG
전주 여행,350,여자,NNG
전주 여행,350,에요,EF
전주 여행,350,숙소,NNG
전주 여행,350,에서,JKB
전주 여행,351,2026,SN
전주 여행,351,한옥마을,NNP
전주 여행,351,10,SN
전주 여행,351,행사,NNG
전주 여행,351,축제,NNG
전주 여행,351,정리,NNG
전주 여행,351,가을,NNG
전주 여행,351,2026,SN
전주 여행,351,한옥마을,NNP
전주 여행,351,10,SN
전주 여행,351,행사,NNG
전주 여행,351,축제,NNG
전주 여행,351,정리,NNG
전주 여행,351,가을,NNG
전주 여행,351,시기,NNG
전주 여행,351,선선,XR
전주 여행,351,바람,NNG
전주 여행,351,시작,NNG
전주 여행,351,본격,NNG
전주 여행,351,가을,NNG
전주 여행,351,분위기,NNG
전주 여행,351,느껴,VV+EC
전주 여행,351,10,SN
전주 여행,351,계획,NNG
전주 여행,351,시기,NNG
전주 여행,351,입니다,VCP+EF
전주 여행,351,특히,MAG
전주 여행,352,호텔,NNG
전주 여행,352,Stay,SL
전주 여행,352,윤슬,NNG
전주 여행,352,독채,NNG
전주 여행,352,펜션,NNG
전주 여행,352,구매,NNG
전주 여행,352,이유,NNG
전주 여행,352,호텔,NNG
전주 여행,352,Stay,SL
전주 여행,352,윤슬,NNG
전주 여행,352,독채,NNG
전주 여행,352,펜션,NNG
전주 여행,352,구매,NNG
전주 여행,352,이유,NNG
전주 여행,352,숙소,NNG
전주 여행,352,선택,NNG
전주 여행,352,고민,NNG
전주 여행,352,어요,EF
전주 여행,352,호텔,NNG
전주 여행,352,Stay,SL
전주 여행,352,윤슬,NNG
전주 여행,352,독채,NNG
전주 여행,352,펜션,NNG
전주 여행,352,기준,NNG
전주 여행,352,에서,JKB
전주 여행,352,실제,NNG
전주 여행,352,숙박,NNG
전주 여행,352,상황,NNG
전주 여행,352,관리,NNG
전주 여행,352,편의,NNG
전주 여행,352,함께,MAG
전주 여행,352,확인,NNG
전주 여행,353,동물원,NNP
전주 여행,353,주드,NNP
전주 여행,353,림랜드,NNG
전주 여행,353,코스,NNG
전주 여행,353,아이,NNG
전주 여행,353,계획,NNG
전주 여행,353,면서,EC
전주 여행,353,해야할까,VV+EC+VX+EC
전주 여행,353,다가,EC
전주 여행,353,한옥,NNG
전주 여행,353,마을,NNG
전주 여행,353,에서,JKB
전주 여행,353,20,SN
전주 여행,353,30,SN
전주 여행,353,동물원,NNG
전주 여행,353,다고,EC
전주 여행,353,해서,VV+EC
전주 여행,353,방문,NNG
전주 여행,353,어요,EF
전주 여행,353,사실,MAG
전주 여행,353,어제,MAG
전주 여행,353,계획,NNG
전주 여행,353,인데,VCP+EC
전주 여행,353,일정,NNG
전주 여행,353,차질,NNG
전주 여행,353,생겨서,VV+EC
전주 여행,353,다음,NNG
전주 여행,353,방문,NNG
전주 여행,353,위치,NNG
전주 여행,354,한옥마을,NNP
전주 여행,354,먹거리,NNG
전주 여행,354,닭강정,NNP
전주 여행,354,포장,NNG
전주 여행,354,매콤,XR
전주 여행,354,후기,NNG
전주 여행,354,한옥마을,NNP
전주 여행,354,닭강정,NNP
전주 여행,354,한옥마을,NNP
전주 여행,354,간식,NNG
전주 여행,354,한옥마을,NNP
전주 여행,354,먹거리,NNG
전주 여행,354,추천,NNG
전주 여행,354,포장,NNG
전주 여행,354,맛집,NNG
전주 여행,354,포장,NNG
전주 여행,354,음식,NNG
전주 여행,354,먹거리,NNG
전주 여행,354,코스,NNG
전주 여행,354,맛집,NNG
전주 여행,354,추천,NNG
전주 여행,354,한옥마을,NNP
전주 여행,354,맛집,NNG
전주 여행,354,추천,NNG
전주 여행,354,먹방,NNG
전주 여행,355,에서,JKB
전주 여행,355,봐야,VX+EC
전주 여행,355,대표,NNG
전주 여행,355,음식,NNG
전주 여행,355,가지,NNBC
전주 여행,355,계획,NNG
전주 여행,355,다면,EC
전주 여행,355,볼거리,NNG
전주 여행,355,만큼,JKB
전주 여행,355,빼놓,VV
전주 여행,355,바로,MAG
전주 여행,355,먹거리,NNG
전주 여행,355,한옥,NNP
전주 여행,355,정취,NNG
전주 여행,355,느끼,VV
전주 여행,355,골목골목,NNG
전주 여행,355,구경,NNG
전주 여행,355,재미,NNG
전주 여행,355,지만,EC
전주 여행,355,다양,XR
전주 여행,355,음식,NNG
전주 여행,355,으로,JKB
전주 여행,355,알려진,VV+EC+VX+ETM
전주 여행,355,여행지,NNG
전주 여행,355,입니다,VCP+EF
전주 여행,355,든든,XR
전주 여행,355,부터,JX
전주 여행,356,전북,NNP
전주 여행,356,대사,NNG
전주 여행,356,진관,NNP
전주 여행,356,쥬얼리,NNP
전주 여행,356,스튜디오,NNP
전주 여행,356,여권,NNG
전주 여행,356,사진,NNG
전주 여행,356,증명사진,NNG
전주 여행,356,믹스,NNG
전주 여행,356,출력,NNG
전주 여행,356,오늘,NNG
전주 여행,356,전북,NNP
전주 여행,356,대사,NNG
전주 여행,356,진관,NNP
전주 여행,356,쥬얼리,NNP
전주 여행,356,스튜디오,NNG
전주 여행,356,에서,JKB
전주 여행,356,여권,NNG
전주 여행,356,사진,NNG
전주 여행,356,촬영,NNG
전주 여행,356,후기,NNG
전주 여행,356,입니다,VCP+EC
전주 여행,356,11,SN
전주 여행,356,일본,NNP
전주 여행,356,앞두,VV
전주 여행,356,에서,JKB
전주 여행,356,여권,NNG
전주 여행,356,는데,EC
전주 여행,356,아니,IC
전주 여행,356,아무리,MAG
전주 여행,356,아도,EC
전주 여행,356,나오,VV
전주 여행,356,에요,VCP+EF
전주 여행,356,일단,MAG
전주 여행,356,비행기,NNG
전주 여행,356,티켓,NNG
전주 여행,357,에선,JKB+JX
전주 여행,357,하고,JKB
전주 여행,357,이번,NNG
전주 여행,357,주다,NNG
전주 여행,357,스트레스,NNG
전주 여행,357,니까,EC
전주 여행,357,어떻게,MAG
전주 여행,357,행복,NNG
전주 여행,357,려고,EC
전주 여행,357,고민,NNG
전주 여행,357,뺘미,UNKNOWN
전주 여행,357,덕분,NNG
전주 여행,357,계획,NNG
전주 여행,357,세우,VV
전주 여행,357,아주,MAG
전주 여행,357,즐거워요,VA+EC
전주 여행,357,어쩔,VV+ETM
전주 여행,357,라가,NNG
전주 여행,357,나왔,VV+EP
전주 여행,357,다는,ETM
전주 여행,357,가을,NNG
전주 여행,358,베스트,NNP
전주 여행,358,웨스턴,NNP
전주 여행,358,플러스,NNP
전주 여행,358,할인,NNG
전주 여행,358,핵심,NNG
전주 여행,358,한옥마을,NNP
전주 여행,358,들리,VV
전주 여행,358,동선,NNG
전주 여행,358,알맞,VA
전주 여행,358,호텔,NNG
전주 여행,358,소개,NNG
전주 여행,358,드릴께요,VX+EF
전주 여행,358,베스트,NNP
전주 여행,358,웨스턴,NNP
전주 여행,358,플러스,NNP
전주 여행,358,한옥마을,NNP
전주 여행,358,도보,NNP
전주 여행,358,10,SN
전주 여행,358,거리,NNG
전주 여행,358,특급,NNG
전주 여행,358,호텔,NNG
전주 여행,358,인데,VCP+EC
전주 여행,358,평점,NNG
전주 여행,358,후기,NNG
전주 여행,358,980,SN
전주 여행,359,화심,NNG
전주 여행,359,순두부,NNG
전주 여행,359,본점,NNG
전주 여행,359,내산,NNP
전주 여행,359,솔직,XR
전주 여행,359,후기,NNG
전주 여행,359,아이,NNG
전주 여행,359,방문,NNG
전주 여행,359,도넛,NNG
전주 여행,359,아이스크림,NNG
전주 여행,359,좋아해서,VV+EC
전주 여행,359,다가,EC
전주 여행,359,박물관,NNG
전주 여행,359,다가,EC
전주 여행,359,동물원,NNG
전주 여행,359,다가,EC
전주 여행,359,맛있,VA
전주 여행,359,많이,MAG
전주 여행,359,완주,NNG
전주 여행,359,화심,NNG
전주 여행,359,순두부,NNG
전주 여행,359,라는,VCP+ETM
전주 여행,359,유명,NNG
전주 여행,359,순두부,NNG
전주 여행,359,어서,EC
전주 여행,359,방문,NNG
전주 여행,359,우리,NP
전주 여행,359,부부,NNG
전주 여행,359,순두부,NNG
전주 여행,359,진심,NNG
전주 여행,359,인데,VCP+EC
전주 여행,360,콩나물국,NNG
전주 여행,360,어디,NP
전주 여행,360,맛있,VA
전주 여행,360,을까,EC
전주 여행,360,들르,VV
전주 여행,360,맛집,NNG
전주 여행,360,추천,NNG
전주 여행,360,비빔밥,NNG
전주 여행,360,함께,MAG
전주 여행,360,가장,MAG
전주 여행,360,먼저,MAG
전주 여행,360,떠오르,VV
전주 여행,360,음식,NNG
전주 여행,360,바로,MAG
전주 여행,360,콩나물국,NNG
전주 여행,360,예전,NNG
전주 여행,360,부터,JX
전주 여행,360,음식,NNG
전주 여행,360,으로,JKB
전주 여행,360,유명,XR
전주 여행,360,도시,NNG
전주 여행,360,만큼,NNB
전주 여행,360,콩나물국,NNG
전주 여행,360,밥집,NNG
전주 여행,360,정말,MAG
전주 여행,360,재미있,VA
전주 여행,360,콩나물국,NNG
전주 여행,360,라고,EC
전주 여행,360,해도,VV+EC
전주 여행,361,옵션,NNG
전주 여행,361,청주,NNG
전주 여행,361,출발,NNG
전주 여행,361,중국,NNP
전주 여행,361,하문,NNG
전주 여행,361,샤먼,NNG
전주 여행,361,패키지,NNG
전주 여행,361,26,SN
전주 여행,361,12,SN
전주 여행,361,27,SN
전주 여행,361,특히,MAG
전주 여행,361,이번,NNG
전주 여행,361,광주,NNP
전주 여행,361,청주,NNP
전주 여행,361,공항,NNG
전주 여행,361,무료,NNG
전주 여행,361,수송,NNG
전주 여행,361,셔틀,NNG
전주 여행,361,까지,JX
전주 여행,361,포함,NNG
전주 여행,361,청주,NNP
전주 여행,361,공항,NNG
전주 여행,361,까지,JX
전주 여행,361,이동,NNG
전주 여행,361,부담,NNG
전주 여행,361,더욱,MAG
전주 여행,361,편안,NNG
전주 여행,361,시작,NNG
전주 여행,361,습니다,EF
전주 여행,361,CHECK,SL
전주 여행,361,POINT,SL
전주 여행,361,유럽,NNP
전주 여행,361,아름다운,VA+ETM
전주 여행,361,고랑,NNG
전주 여행,362,경기전,NNG
전주 여행,362,한옥마을,NNP
전주 여행,362,귀엽,VA
전주 여행,362,귀여운데,VA+EC
전주 여행,362,바람,NNG
전주 여행,362,버림,VX+ETN
전주 여행,362,다음,NNG
전주 여행,362,시원,XR
전주 여행,362,다시,MAG
전주 여행,362,전주비빔밥,NNG
전주 여행,362,이랑,JC
전주 여행,362,떡갈비,NNG
전주 여행,362,경기전,NNG
전주 여행,362,동물원,NNG
전주 여행,362,한옥마을,NNP
전주 여행,362,경기전,NNG
전주 여행,362,한옥마을,NNP
전주 여행,363,전북,NNP
전주 여행,363,아내,NNG
전주 여행,363,함께,MAG
전주 여행,363,맛본,VV+ETM
전주 여행,363,완벽,NNG
전주 여행,363,당일치기,NNG
전주 여행,363,오목,MAG
전주 여행,363,전망대,NNG
전주 여행,363,올라,VV+EC
전주 여행,363,내려다본,VV+ETM
전주 여행,363,한옥마을,NNP
전주 여행,363,풍경,NNG
전주 여행,363,그야말로,MAG
전주 여행,363,장관,NNG
전주 여행,363,화창,XR
전주 여행,363,푸른,VA+ETM
전주 여행,363,하늘,NNG
전주 여행,363,한옥,NNG
전주 여행,363,기와지붕,NNG
전주 여행,363,바라보,VV
전주 여행,363,아내,NNG
전주 여행,363,함께,MAG
전주 여행,363,알차,VA
전주 여행,363,행복,NNG
전주 여행,363,당일치기,NNG
전주 여행,363,마침표,NNG
전주 여행,363,본다,VV+EC
전주 여행,364,고즈넉,XR
전주 여행,364,한옥,NNG
전주 여행,364,잠시,NNG
전주 여행,364,시간,NNG
전주 여행,364,다녀온,VV+ETM
전주 여행,364,한옥마을,NNP
전주 여행,364,요즘,NNG
전주 여행,364,더라도,EC
전주 여행,364,유명,XR
전주 여행,364,관광지,NNG
전주 여행,364,바쁘,VA
전주 여행,364,돌아다니,VV
전주 여행,364,보다,JKB
전주 여행,364,조용히,MAG
전주 여행,364,머물,VV
전주 여행,364,면서,EC
전주 여행,364,공간,NNG
전주 여행,364,자체,NNG
전주 여행,364,이화,NNP
전주 여행,364,고택,NNG
전주 여행,364,다녀왔,VV+EP
전주 여행,364,어요,EF
전주 여행,364,신랑,NNG
전주 여행,364,이랑,JKB
전주 여행,364,연애,NNG
전주 여행,364,시절,NNG
전주 여행,364,다녔,VV+EP
전주 여행,364,인데,VCP+EC
전주 여행,364,아기,NNG
전주 여행,365,완주,NNP
전주 여행,365,카페,NNG
전주 여행,365,고즈넉,XR
전주 여행,365,한옥,NNG
전주 여행,365,풍경,NNG
전주 여행,365,반하,VV
전주 여행,365,힐링,NNG
전주 여행,365,카페,NNG
전주 여행,365,소양,NNP
전주 여행,365,고택,NNG
전주 여행,365,카페,NNG
전주 여행,365,완주,NNG
전주 여행,365,카페,NNG
전주 여행,365,소양,NNP
전주 여행,365,고택,NNG
전주 여행,365,소양,NNP
전주 여행,365,고택,NNG
전주 여행,365,두베,NNG
전주 여행,365,카페,NNG
전주 여행,365,카페,NNG
전주 여행,365,두베,NNG
전주 여행,365,카페,NNG
전주 여행,365,추천,NNG
전주 여행,365,완주,NNG
전주 여행,365,카페,NNG
전주 여행,365,추천,NNP
전주 여행,365,소양,NNP
전주 여행,365,카페,NNG
전주 여행,365,분위기,NNG
전주 여행,365,카페,NNG
전주 여행,365,가족,NNG
전주 여행,365,가족,NNG
전주 여행,365,코스,NNG
전주 여행,366,내산,NNP
전주 여행,366,비빔,NNG
전주 여행,366,빙수,NNG
전주 여행,366,맛집,NNG
전주 여행,366,호텔,NNG
전주 여행,366,위치,NNG
전주 여행,366,카페,NNG
전주 여행,366,녹당,NNG
전주 여행,366,오늘,NNG
전주 여행,366,지난번,NNG
전주 여행,366,에서,JKB
전주 여행,366,다녀온,VV+ETM
전주 여행,366,호텔,NNG
전주 여행,366,위치,NNG
전주 여행,366,카페,NNG
전주 여행,366,녹당,NNG
전주 여행,366,비빔,NNG
전주 여행,366,빙수,NNG
전주 여행,366,리뷰,NNP
전주 여행,366,려고,EC
전주 여행,366,해요,VX+EF
전주 여행,366,한옥,NNG
전주 여행,366,마을,NNG
전주 여행,366,위치,NNG
전주 여행,366,호텔,NNG
전주 여행,366,호텔,NNG
전주 여행,366,위치,NNG
전주 여행,366,어요,EF
전주 여행,366,매일,MAG
전주 여행,366,10,SN
전주 여행,366,30,SN
전주 여행,366,22,SN
전주 여행,366,30,SN
전주 여행,366,가능,NNG
전주 여행,367,덕진,NNP
전주 여행,367,공원,NNG
전주 여행,367,연꽃,NNG
전주 여행,367,야경,NNG
전주 여행,367,으로,JKB
전주 여행,367,유명,XR
전주 여행,367,산책,NNG
전주 여행,367,명소,NNG
전주 여행,367,오늘,NNG
전주 여행,367,방문,NNG
전주 여행,367,덕진,NNP
전주 여행,367,공원,NNG
전주 여행,367,포스팅,NNP
전주 여행,367,도록,EC
전주 여행,367,할게요,VV+EC
전주 여행,367,아요,EF
전주 여행,367,너무,MAG
전주 여행,367,더워서,VA+EC
전주 여행,367,엄청,MAG
전주 여행,367,네요,EF
전주 여행,367,데이트,NNG
전주 여행,367,친구,NNG
전주 여행,368,한옥,NNG
전주 여행,368,마을,NNG
전주 여행,368,카페,NNG
전주 여행,368,디저트,NNG
전주 여행,368,맛집,NNG
전주 여행,368,카페,NNG
전주 여행,368,이르,VV
전주 여행,368,한옥마을,NNP
전주 여행,368,한복,NNG
전주 여행,368,관광객,NNG
전주 여행,368,보이,VV
전주 여행,368,길거리,NNG
전주 여행,368,음식,NNG
전주 여행,368,학생,NNG
전주 여행,368,보이,VV
전주 여행,368,카트,NNG
전주 여행,368,가족,NNG
전주 여행,368,단위,NNG
전주 여행,368,많이,MAG
전주 여행,368,보이,VV
전주 여행,368,는데요,EC
전주 여행,368,열심히,MAG
전주 여행,368,돌아다니,VV
전주 여행,368,마시,VV
전주 여행,368,들리,VV
전주 여행,369,아이,NNG
전주 여행,369,파프리카,NNP
전주 여행,369,카페,NNP
전주 여행,369,피자,NNG
전주 여행,369,쿠키,NNG
전주 여행,369,만들,VV
전주 여행,369,체험,NNG
전주 여행,369,안녕,NNG
전주 여행,369,세요,EP+EF
전주 여행,369,40,SN
전주 여행,369,마리야,NNP
전주 여행,369,마의,NNG
전주 여행,369,직접,MAG
전주 여행,369,다녀온,VV+ETM
전주 여행,369,내산,NNG
전주 여행,369,기록,NNG
전주 여행,369,에요,EF
전주 여행,369,이번,NNG
전주 여행,369,주말,NNG
전주 여행,369,아이,NNG
전주 여행,369,어디,NP
전주 여행,369,갈까,VV+EC
전주 여행,369,찾아보,VV
전주 여행,369,다가,EC
전주 여행,369,스타,NNG
전주 여행,369,그램,NNG
전주 여행,369,검색,NNG
전주 여행,369,파프리카,NNG
전주 여행,369,카페,NNG
전주 여행,369,다녀왔,VV+EP
전주 여행,369,어요,EF
전주 여행,369,그냥,MAG
전주 여행,369,커피,NNG
전주 여행,370,맛집,NNG
전주 여행,370,막걸리,NNG
전주 여행,370,사시미,NNG
전주 여행,370,부터,JX
전주 여행,370,삼합,NNG
전주 여행,370,까지,JX
전주 여행,370,푸짐,XR
전주 여행,370,막걸리,NNG
전주 여행,370,한상,NNG
전주 여행,370,오늘,NNG
전주 여행,370,특별,NNG
전주 여행,370,습니다,EF
전주 여행,370,바로,MAG
전주 여행,370,막걸리,NNG
전주 여행,370,아니,VCN
전주 여행,370,어요,EF
전주 여행,370,막걸리,NNG
전주 여행,370,골목,NNG
전주 여행,370,따로,MAG
전주 여행,370,다고,EC
전주 여행,370,해서,VV+EC
전주 여행,370,대식가,NNG
전주 여행,370,친구,NNG
전주 여행,370,함께,MAG
전주 여행,370,막걸리,NNG
전주 여행,370,방문,NNG
전주 여행,370,습니다,EF
전주 여행,370,막걸리,NNG
전주 여행,370,골목,NNG
전주 여행,370,들어서,VV
전주 여행,370,정말,MAG
전주 여행,371,31,SN
전주 여행,371,객사,NNG
전주 여행,371,신상,NNG
전주 여행,371,습니다,EF
전주 여행,371,주가,NNG
전주 여행,371,객사,NNG
전주 여행,371,객사,NNG
전주 여행,371,객사,NNG
전주 여행,371,투어,NNG
전주 여행,371,객사,NNG
전주 여행,371,투어,NNG
전주 여행,371,투어,NNG
전주 여행,371,소품,NNG
전주 여행,371,객사,NNG
전주 여행,371,소품,NNG
전주 여행,371,소품,NNG
전주 여행,371,객사,NNG
전주 여행,372,BEST,SL
전주 여행,372,한옥마을,NNP
전주 여행,372,덕진,NNP
전주 여행,372,공원,NNG
전주 여행,372,남부,NNG
전주 여행,372,시장,NNG
전주 여행,372,까지,JX
전주 여행,372,준비,NNG
전주 여행,372,제일,MAG
전주 여행,372,먼저,MAG
전주 여행,372,검색,NNG
전주 여행,372,바로,MAG
전주 여행,372,한옥마을,NNP
전주 여행,372,워낙,MAG
전주 여행,372,유명,XR
전주 여행,372,지만,EC
전주 여행,372,막상,MAG
전주 여행,372,코스,NNG
전주 여행,372,려고,EC
전주 여행,372,경기전,NNG
전주 여행,372,언제,MAG
전주 여행,372,는지,EC
전주 여행,372,남부,NNG
전주 여행,372,시장,NNG
전주 여행,372,한옥마을,NNP
전주 여행,372,가까운지,VA+EC
전주 여행,373,발견,NNG
전주 여행,373,객사,NNG
전주 여행,373,소품,NNG
전주 여행,373,맛집,NNG
전주 여행,373,무드,NNG
전주 여행,373,군산,NNG
전주 여행,373,다녀왔,VV+EP
전주 여행,373,어요,EF
전주 여행,373,에서,JKB
전주 여행,373,발견,NNG
전주 여행,373,소품,NNG
전주 여행,373,맛집,NNG
전주 여행,373,소개,NNG
전주 여행,373,드릴게요,VX+EC
전주 여행,373,무드,NNG
전주 여행,373,전북,NNP
전주 여행,373,전주시,NNP
전주 여행,373,완산구,NNP
전주 여행,373,고사동,NNP
전주 여행,373,24,SN
전주 여행,373,12,SN
전주 여행,373,00,SN
전주 여행,373,20,SN
전주 여행,373,00,SN
전주 여행,373,맛있,VA
전주 여행,373,저녁,NNG
전주 여행,373,길거리,NNG
전주 여행,373,지나가,VV
전주 여행,373,는데,EC
전주 여행,373,에서,JKB
전주 여행,373,봐도,VV+EC
전주 여행,373,너무,MAG
전주 여행,373,이쁜,VA+ETM
전주 여행,374,전북,NNP
전주 여행,374,완산,NNP
전주 여행,374,벙커,NNG
전주 여행,374,스페이스,NNG
전주 여행,374,국립,NNG
전주 여행,374,박물관,NNG
전주 여행,374,아중,NNG
전주 여행,374,호수,NNG
전주 여행,374,막걸리,NNG
전주 여행,374,라면,NNG
전주 여행,374,과자,NNG
전주 여행,374,한잔,NNG
전주 여행,374,첫날,NNG
전주 여행,374,일정,NNG
전주 여행,374,행복,NNG
전주 여행,374,마감,NNG
전주 여행,374,개요,NNG
전주 여행,374,여행사,NNG
전주 여행,374,공방,NNG
전주 여행,374,99,SN
전주 여행,374,000,SN
전주 여행,374,가이드,NNG
전주 여행,374,포함,NNG
전주 여행,374,교통비,NNG
전주 여행,374,숙식,NNG
전주 여행,374,체험,NNG
전주 여행,374,입장료,NNG
전주 여행,374,인솔,NNG
전주 여행,375,PNB,SL
전주 여행,375,풍년제,NNP
전주 여행,375,본점,NNG
전주 여행,375,무료,NNG
전주 여행,375,주차,NNG
전주 여행,375,정보,NNG
전주 여행,375,초코파이,NNP
전주 여행,375,종류,NNG
전주 여행,375,전국,NNG
전주 여행,375,됩니다,VV+EF
전주 여행,375,케이크,NNG
전주 여행,375,사이즈,NNG
전주 여행,375,다양,NNG
전주 여행,375,어요,EF
전주 여행,375,저희,NP
전주 여행,375,구매,NNG
전주 여행,375,소보로빵,NNG
전주 여행,375,무난,XR
전주 여행,375,옥수수빵,NNG
전주 여행,375,추천,NNP
전주 여행,375,초코파이,NNP
전주 여행,375,오랜만,NNG
전주 여행,375,으니,EC
전주 여행,375,달달,MAG
전주 여행,375,맛있,VA
전주 여행,375,어요,EF
전주 여행,375,풍년제,NNP
전주 여행,375,들러,VV+EC
전주 여행,375,세요,EP+EF
전주 여행,376,맛집,NNG
전주 여행,376,추천,NNG
전주 여행,376,리스트,NNG
전주 여행,376,한식,NNG
전주 여행,376,위주,NNG
전주 여행,376,맛집,NNG
전주 여행,376,내산,NNP
전주 여행,376,진짜,MAG
전주 여행,376,여기,NP
전주 여행,376,때문,NNB
전주 여행,376,정도,NNG
전주 여행,376,VIDEO,SL
전주 여행,376,영상,NNG
전주 여행,376,으로,JKB
전주 여행,376,확인,NNG
전주 여행,376,세요,EP+EF
전주 여행,376,콩나물국,NNG
전주 여행,376,풀리,VV
전주 여행,376,깔끔,XR
전주 여행,376,콩나물국,NNG
전주 여행,376,영업시간,NNG
전주 여행,376,매일,MAG
전주 여행,376,오전,NNG
전주 여행,376,오후,NNG
전주 여행,376,주차,NNG
전주 여행,376,무료,NNG
전주 여행,376,많이,MAG
전주 여행,377,호텔,NNG
전주 여행,377,오붓,XR
전주 여행,377,솔직,XR
전주 여행,377,리뷰,NNP
전주 여행,377,호텔,NNG
전주 여행,377,오붓,XR
전주 여행,377,솔직,XR
전주 여행,377,리뷰,NNP
전주 여행,377,호텔,NNG
전주 여행,377,선택,NNG
전주 여행,377,중요,NNG
전주 여행,377,호텔,NNG
전주 여행,377,기준,NNG
전주 여행,377,에서,JKB
전주 여행,377,실제,NNG
전주 여행,377,숙박,NNG
전주 여행,377,상황,NNG
전주 여행,377,관리,NNG
전주 여행,377,편의,NNG
전주 여행,377,함께,MAG
전주 여행,377,확인,NNG
전주 여행,377,습니다,EF
전주 여행,377,특히,MAG
전주 여행,377,가격,NNG
전주 여행,377,서비스,NNG
전주 여행,377,모두,MAG
전주 여행,377,고려,NNG
전주 여행,377,해야,XSV+EC
전주 여행,377,고요,EC
전주 여행,378,한옥,NNG
전주 여행,378,마을,NNG
전주 여행,378,숙소,NNG
전주 여행,378,교동,NNG
전주 여행,378,아이,NNG
전주 여행,378,아이,NNG
전주 여행,378,아이,NNG
전주 여행,378,숙소,NNG
전주 여행,378,한옥,NNG
전주 여행,378,숙소,NNG
전주 여행,378,한옥,NNG
전주 여행,378,마을,NNG
전주 여행,378,숙소,NNG
전주 여행,378,추천,NNP
전주 여행,378,숙소,NNG
전주 여행,378,추천,NNG
전주 여행,378,코스,NNG
전주 여행,378,독채,NNG
전주 여행,378,숙소,NNG
전주 여행,378,단체,NNG
전주 여행,378,숙소,NNG
전주 여행,378,가족,NNG
전주 여행,378,숙소,NNG
전주 여행,378,한옥마을,NNP
전주 여행,379,당일치기,NNG
전주 여행,379,뚜벅,MAG
전주 여행,379,대중교통,NNG
전주 여행,379,코스,NNG
전주 여행,379,추천,NNG
전주 여행,379,당일치기,NNG
전주 여행,379,총평,NNG
전주 여행,379,대중교통,NNG
전주 여행,379,이용,NNG
전주 여행,379,해서,XSV+EC
전주 여행,379,막힐,VV+ETM
전주 여행,379,걱정,NNG
전주 여행,379,맥주,NNG
전주 여행,379,한잔,NNG
전주 여행,379,마실,VV+ETM
전주 여행,379,어서,EC
전주 여행,379,너무,MAG
전주 여행,379,어요,EF
전주 여행,379,기차,NNG
전주 여행,379,시간,NNG
전주 여행,379,맞춰,VV+EC
전주 여행,379,부지런히,MAG
전주 여행,379,움직여야,VV+EC
전주 여행,379,해서,VV+EC
전주 여행,379,아이,NNG
전주 여행,379,어렵,VA
전주 여행,379,지만,EC
전주 여행,379,성인,NNG
전주 여행,379,끼리,XSN
전주 여행,379,간다면,VV+EC
전주 여행,379,정말,MAG
전주 여행,380,서신동,NNP
전주 여행,380,맥스,NNP
전주 여행,380,체대,NNG
전주 여행,380,입시,NNG
전주 여행,380,학원,NNG
전주 여행,380,체대,NNG
전주 여행,380,입시,NNG
전주 여행,380,운동,NNG
전주 여행,380,주일,NNBC
전주 여행,380,다면,EC
전주 여행,380,시험,NNG
전주 여행,380,이나,JC
전주 여행,380,때문,NNB
전주 여행,380,체대,NNG
전주 여행,380,입시,NNG
전주 여행,380,운동,NNG
전주 여행,380,주일,NNBC
전주 여행,380,마음,NNG
전주 여행,380,해집니다,XSV+EC+VX+EC
전주 여행,380,서신동,NNP
전주 여행,380,에서,JKB
전주 여행,380,입시,NNG
전주 여행,380,준비,NNG
전주 여행,380,학생,NNG
전주 여행,380,빠진,VV+ETM
전주 여행,380,운동,NNG
전주 여행,380,오늘,MAG
전주 여행,380,해야,VV+EC
전주 여행,380,하나,NR
전주 여행,380,라고,EC
전주 여행,380,합니다,VX+EF
전주 여행,380,공백,NNG
전주 여행,380,만회,NNG
전주 여행,380,려고,EC
전주 여행,380,첫날,NNG
전주 여행,380,부터,JX
전주 여행,381,맛집,NNG
전주 여행,381,60,SN
전주 여행,381,전통,NNG
전주 여행,381,메밀,NNG
전주 여행,381,소바,NNP
전주 여행,381,특별,NNG
전주 여행,381,초당,NNG
전주 여행,381,옥수수,NNG
전주 여행,381,콩국수,NNG
전주 여행,381,만난,VV+ETM
전주 여행,381,60,SN
전주 여행,381,전통,NNG
전주 여행,381,간직,NNG
전주 여행,381,노포,NNG
전주 여행,381,메르,NNP
전주 여행,381,진미,NNG
전주 여행,381,금암,NNG
전주 여행,381,동직,NNG
전주 여행,381,방문기,NNG
전주 여행,381,사진,NNG
전주 여행,381,순서,NNG
전주 여행,381,대로,JX
전주 여행,381,생생,XR
전주 여행,381,전해,VV+EC
전주 여행,381,드릴게요,VX+EC
전주 여행,381,비빔밥,NNG
전주 여행,381,떠올리,VV
전주 여행,381,나요,EF
전주 여행,381,노포,NNG
전주 여행,381,손맛,NNG
전주 여행,381,느끼,VV
전주 여행,381,다면,EC
전주 여행,382,호텔,NNG
전주 여행,382,아라리,NNG
전주 여행,382,숙박,NNG
전주 여행,382,추천,NNG
전주 여행,382,후기,NNG
전주 여행,382,한옥,NNG
전주 여행,382,마을,NNG
전주 여행,382,근처,NNG
전주 여행,382,완벽,NNG
전주 여행,382,휴식,NNG
전주 여행,382,에서,JKB
전주 여행,382,호텔,NNG
전주 여행,382,아라리,NNG
전주 여행,382,정말,MAG
전주 여행,382,만족,NNG
전주 여행,382,스러웠,XSA+EP
전주 여행,382,어요,EF
전주 여행,382,시설,NNG
전주 여행,382,깨끗,XR
전주 여행,382,현대,NNG
전주 여행,382,감각,NNG
전주 여행,382,전통,NNG
전주 여행,382,분위기,NNG
전주 여행,382,조화,NNG
전주 여행,382,어우러졌,VV+EP
전주 여행,382,답니다,EF
전주 여행,382,특히,MAG
전주 여행,382,주변,NNG
전주 여행,382,관광지,NNG
전주 여행,382,접근성,NNG
전주 여행,382,뛰어나,VA
전주 여행,382,이동하,NNP
전주 여행,382,내내,MAG
전주 여행,382,편리,NNG
전주 여행,383,베스트,NNP
전주 여행,383,웨스턴,NNP
전주 여행,383,호텔,NNG
전주 여행,383,조식,NNG
전주 여행,383,부대시설,NNG
전주 여행,383,할인,NNG
전주 여행,383,이용,NNG
전주 여행,383,숙소,NNG
전주 여행,383,고르,VA
전주 여행,383,한옥,NNG
전주 여행,383,마을,NNG
전주 여행,383,근처,NNG
전주 여행,383,에서,JKB
전주 여행,383,베스트,NNP
전주 여행,383,웨스턴,NNP
전주 여행,383,플러스,NNP
전주 여행,383,자주,MAG
전주 여행,383,예요,VCP+EF
전주 여행,383,특급,NNG
전주 여행,383,호텔,NNG
전주 여행,383,인데,VCP+EC
전주 여행,383,여름,NNG
전주 여행,383,수영장,NNG
전주 여행,383,아침,NNG
전주 여행,383,조식,NNG
전주 여행,383,까지,JX
전주 여행,383,운영,NNG
전주 여행,383,해서,XSV+EC
전주 여행,383,검색,NNG
전주 여행,383,더라고요,EC
전주 여행,383,여기,NP
전주 여행,383,어때,VA+EC
전주 여행,384,아이,NNG
전주 여행,384,어야죠,EC
전주 여행,384,동물원,NNG
전주 여행,384,어요,EF
전주 여행,384,조용,XR
전주 여행,384,은근,NNG
전주 여행,384,동물,NNG
전주 여행,384,더라구요,EF
전주 여행,384,더웠,VA+EP
전주 여행,384,지만,EC
전주 여행,384,야무지,VA
전주 여행,384,구경,NNG
전주 여행,384,놀이,NNG
전주 여행,384,기구,NNG
전주 여행,384,으로,JKB
전주 여행,384,돌아왔,VV+EP
전주 여행,384,어요,EF
전주 여행,384,에서,JKB
전주 여행,384,즐거웠,VA+EP
전주 여행,384,다고,EC
전주 여행,384,우리,NP
전주 여행,384,아이,NNG
전주 여행,384,고마워,VA+EC
전주 여행,385,LP,SL
전주 여행,385,청음,NNG
전주 여행,385,통창,NNG
전주 여행,385,아중,NNG
전주 여행,385,호수,NNG
전주 여행,385,도서관,NNG
전주 여행,385,실내,NNG
전주 여행,385,데이트,NNG
전주 여행,385,산책,NNG
전주 여행,385,토요일,NNG
전주 여행,385,도서관,NNG
전주 여행,385,신청,NNG
전주 여행,385,어요,EF
전주 여행,385,매월,MAG
전주 여행,385,다음,NNG
전주 여행,385,신청,NNG
전주 여행,385,얼른,MAG
전주 여행,385,가보세요,NNG
전주 여행,385,반일,NNG
전주 여행,385,코스,NNG
전주 여행,385,하루,NNG
전주 여행,385,코스,NNG
전주 여행,385,습니다,EF
전주 여행,385,클래식,NNG
전주 여행,385,에서부터,JKB
전주 여행,385,재즈,NNG
전주 여행,385,까지,JX
전주 여행,385,다양,XR
전주 여행,385,음악,NNG
전주 여행,385,들으며,VV+EC
전주 여행,385,혼자,NNG
전주 여행,385,시간,NNG
전주 여행,385,보내,VV
전주 여행,386,아쿠아리움,NNG
전주 여행,386,까지,JX
전주 여행,386,다녀온,VV+ETM
전주 여행,386,후기,NNG
전주 여행,386,오늘,NNG
전주 여행,386,사천,NNG
전주 여행,386,아쿠아리움,NNG
전주 여행,386,다가,EC
전주 여행,386,카페,NNG
전주 여행,386,다가,EC
전주 여행,386,다시,MAG
전주 여행,386,돌아가,VV
전주 여행,386,일정,NNG
전주 여행,386,아침,NNG
전주 여행,386,부터,JX
전주 여행,386,이렇게,MAG
전주 여행,386,우리,NP
전주 여행,386,아쉬움,NNG
전주 여행,386,뒤로한,VV+ETM
전주 여행,386,여름휴가,NNG
전주 여행,386,마쳤,VV+EP
전주 여행,386,남해,NNP
전주 여행,386,에서,JKB
전주 여행,386,만난,VV+ETM
전주 여행,386,모든,MM
전주 여행,386,친절,NNG
전주 여행,387,가족,NNG
전주 여행,387,숙소,NNG
전주 여행,387,추천,NNG
전주 여행,387,관광호텔,NNG
전주 여행,387,조식,NNG
전주 여행,387,까지,JX
전주 여행,387,만족,NNG
전주 여행,387,후기,NNG
전주 여행,387,가깝,VA
전주 여행,387,숙소,NNG
전주 여행,387,바로,MAG
전주 여행,387,화가라,NNG
전주 여행,387,이것저것,NNG
전주 여행,387,구경,NNG
전주 여행,387,아서,EC
전주 여행,387,즐거웠,VA+EP
전주 여행,387,하루,NNG
전주 여행,387,습니다,EF
전주 여행,387,가족,NNG
전주 여행,387,숙소,NNG
전주 여행,387,으신다면,EP+EC
전주 여행,387,관광호텔,NNG
전주 여행,387,추천,NNG
전주 여행,387,드립니다,VV+EC
전주 여행,387,가족,NNG
전주 여행,387,숙소,NNG
전주 여행,387,가족호텔,NNG
전주 여행,387,추천,NNG
전주 여행,387,관광호텔,NNG
전주 여행,387,조식,NNG
전주 여행,388,편안,NNG
전주 여행,388,잠자리,NNG
전주 여행,388,위한,VV+ETM
전주 여행,388,돌침대,NNG
전주 여행,388,침대,NNG
전주 여행,388,특히,MAG
전주 여행,388,정품,NNG
전주 여행,388,침대,NNG
전주 여행,388,피로,NNG
전주 여행,388,최적,NNG
전주 여행,388,선택,NNG
전주 여행,388,입니다,VCP+EF
전주 여행,388,다양,XR
전주 여행,388,제품군,NNG
전주 여행,388,가격,NNG
전주 여행,388,돌침대,NNG
전주 여행,388,고객,NNG
전주 여행,388,다양,NNG
전주 여행,388,취향,NNG
전주 여행,388,충족,NNG
전주 여행,388,시키,XSV
전주 여행,388,위해,VV+EC
전주 여행,388,여러,MM
전주 여행,388,제품군,NNG
전주 여행,388,가격대,NNG
전주 여행,388,제공,NNG
전주 여행,388,합니다,XSV+EF
전주 여행,389,혼자,NNG
전주 여행,389,01,SN
전주 여행,389,안녕,NNG
전주 여행,389,세요,EP+EF
전주 여행,389,다녀와서,VV+EC
전주 여행,389,소개,NNG
전주 여행,389,려고,EC
전주 여행,389,해요,VX+EF
전주 여행,389,서울역,NNP
전주 여행,389,에서,JKB
전주 여행,389,기차,NNG
전주 여행,389,기다리,VV
전주 여행,389,다가,EC
전주 여행,389,코레,NNG
전주 여행,389,에서,JKB
전주 여행,389,너무,MAG
전주 여행,389,귀여운,VA+ETM
전주 여행,389,마그넷,NNG
전주 여행,389,사진,NNG
전주 여행,389,어요,EF
전주 여행,389,코레,NNG
전주 여행,389,국가,NNG
전주 여행,389,철도,NNG
전주 여행,389,공사,NNG
전주 여행,389,캐릭터,NNG
전주 여행,389,인가,VCP+EC
전주 여행,390,한지,NNG
전주 여행,390,꿀잠,NNG
전주 여행,390,숙박,NNG
전주 여행,390,추천,NNG
전주 여행,390,에서,JKB
전주 여행,390,즐기,VV
전주 여행,390,완벽,NNG
전주 여행,390,한옥,NNG
전주 여행,390,시작,NNG
전주 여행,390,숙소,NNG
전주 여행,390,에서,JKB
전주 여행,390,나오,VV
전주 여행,390,자마자,EC
전주 여행,390,정말,MAG
전주 여행,390,한옥마을,NNP
전주 여행,390,활기찬,VA+ETM
전주 여행,390,분위기,NNG
전주 여행,390,느껴졌,VV+EC+VX+EP
전주 여행,390,어요,EF
전주 여행,390,모든,MM
전주 여행,390,관광지,NNG
전주 여행,390,까지,JX
전주 여행,390,걸어갈,VV+ETM
전주 여행,390,피로,NNG
전주 여행,390,세심,XR
전주 여행,390,서비스,NNG
전주 여행,390,배려,NNG
전주 여행,390,수하물,NNG
전주 여행,390,보관,NNG
전주 여행,390,서비스,NNG
전주 여행,390,어서,EC
전주 여행,390,다음,NNG
전주 여행,390,일정,NNG
전주 여행,390,편하,VA
전주 여행,391,지복,NNG
전주 여행,391,주말,NNG
전주 여행,391,웨이팅,NNG
전주 여행,391,후기,NNG
전주 여행,391,캐치,NNG
전주 여행,391,테이블,NNG
전주 여행,391,여름휴가,NNG
전주 여행,391,다녀왔,VV+EP
전주 여행,391,는데요,EF
전주 여행,391,현지,NNG
전주 여행,391,맛집,NNG
전주 여행,391,추천,NNG
전주 여행,391,에서,JKB
전주 여행,391,유명,XR
전주 여행,391,숯불,NNG
전주 여행,391,함박,NNG
전주 여행,391,스테이크,NNG
전주 여행,391,맛집,NNG
전주 여행,391,지복,NNG
전주 여행,391,다녀왔,VV+EP
전주 여행,391,어요,EF
전주 여행,391,지복,NNG
전주 여행,391,웨이팅,NNG
전주 여행,391,부터,JX
전주 여행,391,주차,NNG
전주 여행,391,까지,JX
전주 여행,391,정리,NNG
전주 여행,391,했으니,XSA+EP+EC
전주 여행,391,까지,JX
전주 여행,392,맛집,NNG
전주 여행,392,숙영,NNG
전주 여행,392,가마솥,NNG
전주 여행,392,비빔밥,NNG
전주 여행,392,내산,NNP
전주 여행,392,후기,NNG
전주 여행,392,숙소,NNG
전주 여행,392,근처,NNG
전주 여행,392,그래서,MAJ
전주 여행,392,주역,NNP
전주 여행,392,에서,JKB
전주 여행,392,택시,NNG
전주 여행,392,바로,MAG
전주 여행,392,밥집,NNG
전주 여행,392,으로,JKB
전주 여행,392,점심,NNG
전주 여행,392,시간,NNG
전주 여행,392,아주,MAG
전주 여행,392,조금,MAG
전주 여행,392,지났,VV+EP
전주 여행,392,지만,EC
전주 여행,392,미리,MAG
전주 여행,392,택시,NNG
전주 여행,392,에서,JKB
전주 여행,392,테이블,NNG
전주 여행,392,플로,NNG
전주 여행,392,예약,NNG
전주 여행,392,아주,MAG
전주 여행,392,조금,NNG
전주 여행,393,75,SN
전주 여행,393,수강,NNG
전주 여행,393,전자,NNG
전주 여행,393,떠나,VV
전주 여행,393,요즘,NNG
전주 여행,393,전자,NNG
전주 여행,393,으로,JKB
전주 여행,393,조용필,NNP
전주 여행,393,떠나,VV
전주 여행,393,배우,VV
전주 여행,393,계신,VX+ETM
전주 여행,393,75,SN
전주 여행,393,수강생,NNG
전주 여행,393,연주,NNG
전주 여행,393,입니다,VCP+EF
전주 여행,393,아직,MAG
전주 여행,393,전체,NNG
전주 여행,393,완성,NNG
전주 여행,393,영상,NNG
전주 여행,393,아니,VCN
전주 여행,393,이번,NNG
전주 여행,393,앞부분,NNG
전주 여행,393,살짝,MAG
전주 여행,393,어요,EF
전주 여행,393,새로운,VA+ETM
전주 여행,393,배우,VV
전주 여행,393,악보,NNG
전주 여행,394,한옥마을,NNP
전주 여행,394,맛집,NNG
전주 여행,394,닭강정,NNP
전주 여행,394,한옥마을,NNP
전주 여행,394,직영,NNG
전주 여행,394,바삭,MAG
전주 여행,394,닭강정,NNP
전주 여행,394,포장,NNG
전주 여행,394,닭강정,NNP
전주 여행,394,한옥마을,NNP
전주 여행,394,직영,NNG
전주 여행,394,한옥마을,NNP
전주 여행,394,맛집,NNG
전주 여행,394,한옥마을,NNP
전주 여행,394,먹거리,NNG
전주 여행,394,먹거리,NNG
전주 여행,394,맛집,NNG
전주 여행,394,추천,NNP
전주 여행,394,닭강정,NNP
전주 여행,394,한옥마을,NNP
전주 여행,394,먹방,NNG
전주 여행,394,한옥,NNG
전주 여행,394,마을,NNG
전주 여행,394,길거리,NNG
전주 여행,394,음식,NNG
전주 여행,394,코스,NNG
전주 여행,394,야식,NNG
전주 여행,394,추천,NNP
전주 여행,394,길거리,NNG
전주 여행,394,음식,NNG
전주 여행,395,라멘,NNG
전주 여행,395,맛집,NNG
전주 여행,395,케이,NNG
전주 여행,395,금암,NNG
전주 여행,395,본점,NNG
전주 여행,395,고속,NNG
전주 여행,395,터미널,NNG
전주 여행,395,근처,NNG
전주 여행,395,현지,NNG
전주 여행,395,맛집,NNG
전주 여행,395,최근,NNG
전주 여행,395,다녀왔,VV+EP
전주 여행,395,는데,EC
전주 여행,395,예전,NNG
전주 여행,395,우연히,MAG
전주 여행,395,라멘,NNG
전주 여행,395,맛집,NNG
전주 여행,395,다고,EC
전주 여행,395,해서,VV+EC
전주 여행,395,터미널,NNG
전주 여행,395,도보,NNG
전주 여행,395,10,SN
전주 여행,395,거리,NNG
전주 여행,395,케이,NNG
전주 여행,395,금암,NNG
전주 여행,395,본점,NNG
전주 여행,395,마지막,NNG
전주 여행,395,식사,NNG
전주 여행,395,선택,NNG
전주 여행,395,습니다,EF
전주 여행,395,주라,NNG
전주 여행,395,맛집,NNG
전주 여행,396,강서구,NNP
전주 여행,396,촌동,NNG
전주 여행,396,오리,NNG
전주 여행,396,백숙,NNG
전주 여행,396,맛집,NNG
전주 여행,396,몸보신,NNG
전주 여행,396,부모,NNG
전주 여행,396,식사,NNG
전주 여행,396,안녕,NNG
전주 여행,396,세요,EP+EF
전주 여행,396,뷰리,NNP
전주 여행,396,입니다,VCP+EF
전주 여행,396,지난,VV+ETM
전주 여행,396,주말,NNG
전주 여행,396,부모,NNG
전주 여행,396,모시,VV
전주 여행,396,강서구,NNP
전주 여행,396,백숙,NNG
전주 여행,396,맛집,NNG
전주 여행,396,으로,JKB
전주 여행,396,소문난,VV+ETM
전주 여행,396,맛집,NNG
전주 여행,396,다녀왔,VV+EP
전주 여행,396,어요,EF
전주 여행,396,에게,JKB
전주 여행,396,백숙,NNG
전주 여행,396,가평,NNG
전주 여행,396,이나,JC
전주 여행,396,어디,NP
전주 여행,396,멀리,MAG
전주 여행,396,음식,NNG
전주 여행,396,라는,ETM
전주 여행,396,생각,NNG
전주 여행,396,강했,VV+EP
전주 여행,396,는데,EC
전주 여행,396,굳이,MAG
전주 여행,397,안동,NNP
전주 여행,397,갈비,NNG
전주 여행,397,골목,NNG
전주 여행,397,맛집,NNG
전주 여행,397,안동,NNG
전주 여행,397,한우,NNG
전주 여행,397,갈비,NNG
전주 여행,397,안동,NNG
전주 여행,397,에서,JKB
전주 여행,397,봐야,VX+EC
전주 여행,397,시골,NNG
전주 여행,397,안동,NNG
전주 여행,397,너무,MAG
전주 여행,397,아서,EC
전주 여행,397,돌아간,VV+ETM
전주 여행,397,후기,NNG
전주 여행,397,남긴다,VV+EC
전주 여행,397,안동,NNG
전주 여행,397,왤케,UNKNOWN
전주 여행,397,습니까,EF
전주 여행,397,그래도,VV+EC
전주 여행,397,안동,NNG
전주 여행,397,왔으니,VV+EP+EC
전주 여행,397,내산,NNG
전주 여행,397,해서,VV+EC
전주 여행,397,도전,NNG
전주 여행,397,인분,NNG
전주 여행,397,부터,JX
전주 여행,397,주문,NNG
전주 여행,397,가능,NNG
전주 여행,397,인분,NNG
전주 여행,398,전라도,NNP
전주 여행,398,미식,NNG
전주 여행,398,전라북도,NNP
전주 여행,398,전통,NNG
전주 여행,398,시장,NNG
전주 여행,398,베스트,NNG
전주 여행,398,정리,NNG
전주 여행,398,먹거리,NNG
전주 여행,398,부터,JX
전주 여행,398,볼거리,NNG
전주 여행,398,까지,JX
전주 여행,398,가득,MAG
전주 여행,398,전북,NNP
전주 여행,398,시장,NNG
전주 여행,398,지금,MAG
전주 여행,398,바로,MAG
전주 여행,398,출발,NNG
전주 여행,398,볼까요,VX+EC
전주 여행,398,남부,NNG
전주 여행,398,시장,NNG
전주 여행,398,한옥,NNG
전주 여행,398,마을,NNG
전주 여행,398,시장,NNG
전주 여행,398,주소,NNG
전주 여행,398,전주시,NNP
전주 여행,398,완산구,NNP
전주 여행,398,풍남문,NNG
전주 여행,398,63,SN
전주 여행,398,대표,NNG
전주 여행,398,장날,NNG
전주 여행,398,상설,NNG
전주 여행,398,시장,NNG
전주 여행,398,매주,NNG
전주 여행,398,토요일,NNG
전주 여행,398,야시장,NNG
전주 여행,398,운영,NNG
전주 여행,398,오후,NNG
전주 여행,399,여름,NNG
전주 여행,399,휴가,NNG
전주 여행,399,다녀오,VV
전주 여행,399,kg,SL
전주 여행,399,러닝,NNG
전주 여행,399,다이어트,NNG
전주 여행,399,여름,NNG
전주 여행,399,휴가,NNG
전주 여행,399,거제,NNG
전주 여행,399,다녀오,VV
전주 여행,399,무려,MAG
전주 여행,399,kg,SL
전주 여행,399,습니다,EF
전주 여행,399,사실,MAG
전주 여행,399,화장실,NNG
전주 여행,399,스타일,NNG
전주 여행,399,화장실,NNG
전주 여행,399,무게,NNG
전주 여행,399,내내,MAG
전주 여행,399,이랑,JKB
전주 여행,399,수영,NNG
전주 여행,400,호텔,NNG
전주 여행,400,호텔,NNG
전주 여행,400,아라리,NNG
전주 여행,400,구매,NNG
전주 여행,400,해도,XSV+EC
전주 여행,400,될까,VV+EC
전주 여행,400,숙소,NNG
전주 여행,400,선택,NNG
전주 여행,400,고민,NNG
전주 여행,400,호텔,NNG
전주 여행,400,호텔,NNG
전주 여행,400,아라리,NNG
전주 여행,400,기준,NNG
전주 여행,400,에서,JKB
전주 여행,400,실제,NNG
전주 여행,400,숙박,NNG
전주 여행,400,상황,NNG
전주 여행,400,관리,NNG
전주 여행,400,편의,NNG
전주 여행,400,함께,MAG
전주 여행,400,확인,NNG
전주 여행,400,습니다,EF
전주 여행,400,특히,MAG
전주 여행,400,한옥,NNG
전주 여행,400,마을,NNG
전주 여행,400,근처,NNG
전주 여행,400,호텔,NNG
전주 여행,400,어떤,MM
전주 여행,400,은지,EC
전주 여행,400,궁금,XR
전주 여행,400,해서,XSA+EC
전주 여행,401,다녀왔,VV+EP
전주 여행,401,습니다,EF
전주 여행,401,들어온,VV+ETM
전주 여행,401,떡집,NNG
전주 여행,401,방문,NNG
전주 여행,401,맛있,VA
전주 여행,401,쑥설기,NNG
전주 여행,401,저번,NNG
전주 여행,401,초코,NNP
전주 여행,401,설기,NNG
전주 여행,401,길래,EC
전주 여행,401,초코,NNP
전주 여행,401,설기,NNG
전주 여행,401,스프레이,NNG
전주 여행,401,칫솔,NNG
전주 여행,401,세트,NNG
전주 여행,401,칫솔,NNG
전주 여행,401,구성,NNG
전주 여행,401,는데,EC
전주 여행,401,에서,JKB
전주 여행,401,전체,NNG
전주 여행,401,박스,NNG
전주 여행,401,얼굴,NNG
전주 여행,402,한옥마을,NNP
전주 여행,402,비빔밥,NNG
전주 여행,402,맛집,NNG
전주 여행,402,청연,NNG
전주 여행,402,근처,NNG
전주 여행,402,천마,NNG
전주 여행,402,내산,NNP
전주 여행,402,오늘,MAG
전주 여행,402,소개,NNG
전주 여행,402,청연,NNG
전주 여행,402,근처,NNG
전주 여행,402,맛집,NNG
전주 여행,402,남천,NNG
전주 여행,402,마루,NNG
전주 여행,402,입니다,VCP+EF
전주 여행,402,지난,VV+ETM
전주 여행,402,다녀와서,VV+EC
전주 여행,402,요즘,NNG
전주 여행,402,관련,NNG
전주 여행,402,맛집,NNG
전주 여행,402,이나,JC
전주 여행,402,카페,NNG
전주 여행,402,포스팅,NNP
전주 여행,402,하나,NR
전주 여행,402,올리,VV
전주 여행,402,는데요,EF
전주 여행,402,이번,NNG
전주 여행,403,내산,NNP
전주 여행,403,남부,NNG
전주 여행,403,시장,NNG
전주 여행,403,운암,NNG
전주 여행,403,콩나물국,NNG
전주 여행,403,아침,NNG
전주 여행,403,식사,NNG
전주 여행,403,해장국,NNG
전주 여행,403,맛집,NNG
전주 여행,403,고등학교,NNG
전주 여행,403,졸업,NNG
전주 여행,403,처음,NNG
전주 여행,403,혼자,NNG
전주 여행,403,면서,EC
전주 여행,403,수란,NNG
전주 여행,403,콩나물,NNG
전주 여행,403,새우젓,NNG
전주 여행,403,으로,JKB
전주 여행,403,젓갈,NNG
전주 여행,403,반찬,NNG
전주 여행,403,으로,JKB
전주 여행,403,어야,EC
전주 여행,403,된다,VV+EC
전주 여행,403,배웠,VV+EP
전주 여행,403,따뜻,XR
전주 여행,403,면서,EC
전주 여행,403,부드럽,VA
전주 여행,403,든든,XR
전주 여행,403,지금,NNG
전주 여행,403,는데,EC
전주 여행,404,시외버스,NNG
전주 여행,404,공용,NNG
전주 여행,404,터미널,NNG
전주 여행,404,인천,NNP
전주 여행,404,공항,NNG
전주 여행,404,심야,NNG
전주 여행,404,우등,NNG
전주 여행,404,32,SN
전주 여행,404,000,SN
전주 여행,404,예매처,NNG
전주 여행,404,시외버스,NNG
전주 여행,404,공용,NNG
전주 여행,404,터미널,NNG
전주 여행,404,이용,NNG
전주 여행,404,급하,VA
전주 여행,404,터미널,NNG
전주 여행,404,도착,NNG
전주 여행,404,현장,NNG
전주 여행,404,시도,NNG
전주 여행,404,시간,NNG
전주 여행,404,버스,NNG
전주 여행,404,매진,NNG
전주 여행,404,낭패,NNG
전주 여행,404,경우,NNG
전주 여행,404,습니다,EF
전주 여행,404,특히,MAG
전주 여행,404,연휴,NNG
전주 여행,404,주말,NNG
전주 여행,404,미리,MAG
전주 여행,404,예매,NNG
전주 여행,404,으면,EC
전주 여행,404,계획,NNG
전주 여행,405,한옥마을,NNP
전주 여행,405,한복,NNG
전주 여행,405,대여,NNG
전주 여행,405,시간,NNG
전주 여행,405,부터,JX
전주 여행,405,주차,NNG
전주 여행,405,으로,JKB
전주 여행,405,할인,NNG
전주 여행,405,주차,NNG
전주 여행,405,정보,NNG
전주 여행,405,통해,VV+EC
전주 여행,405,더욱,MAG
전주 여행,405,알찬,VA+ETM
전주 여행,405,계획,NNG
전주 여행,405,세우,VV
전주 여행,405,바랍니다,VV+EF
전주 여행,405,한옥마을,NNP
전주 여행,405,한복,NNG
전주 여행,405,대여,NNG
전주 여행,405,한복,NNG
전주 여행,405,한옥마을,NNP
전주 여행,405,주차,NNG
전주 여행,405,한복,NNG
전주 여행,405,대여,NNG
전주 여행,405,요금,NNG
전주 여행,405,관광,NNG
전주 여행,405,한국,NNP
전주 여행,405,관광,NNG
전주 여행,405,100,SN
전주 여행,405,주차,NNG
전주 여행,406,필수,NNG
전주 여행,406,코스,NNG
전주 여행,406,소바,NNP
전주 여행,406,콩국수,NNG
전주 여행,406,맛집,NNG
전주 여행,406,태평,NNG
전주 여행,406,웨이팅,NNG
전주 여행,406,조금,MAG
전주 여행,406,수그러들,VV
전주 여행,406,다시,MAG
전주 여행,406,방문,NNG
전주 여행,406,할게요,XSV+EC
전주 여행,406,맛있,VA
전주 여행,406,습니다,EF
전주 여행,406,맛집,NNG
전주 여행,406,소바,NNP
전주 여행,406,맛집,NNG
전주 여행,406,콩국수,NNG
전주 여행,406,맛집,NNG
전주 여행,406,물맛,NNG
전주 여행,406,웨이팅,NNG
전주 여행,406,맛집,NNG
전주 여행,406,금암동,NNP
전주 여행,406,맛집,NNG
전주 여행,406,전북,NNP
전주 여행,406,대맛,NNG
전주 여행,406,필수,NNG
전주 여행,406,코스,NNG
전주 여행,406,필수,NNG
전주 여행,406,맛집,NNG
전주 여행,406,태평,NNG
전주 여행,407,우아동,NNP
전주 여행,407,호텔,NNG
전주 여행,407,총평,NNG
전주 여행,407,아늑,XR
전주 여행,407,편안,NNG
전주 여행,407,숙박,NNG
전주 여행,407,체험,NNG
전주 여행,407,위해,VV+EC
전주 여행,407,이곳,NP
전주 여행,407,머물렀,VV+EP
전주 여행,407,는데,EC
전주 여행,407,기대,NNG
전주 여행,407,이상,NNG
전주 여행,407,으로,JKB
전주 여행,407,따뜻,XR
전주 여행,407,포근,XR
전주 여행,407,기분,NNG
전주 여행,407,어요,EF
전주 여행,407,전체,NNG
전주 여행,407,깔끔,XR
전주 여행,407,관리,NNG
전주 여행,407,주변,NNG
전주 여행,407,명소,NNG
전주 여행,407,가까워서,VA+EC
전주 여행,407,움직이,VV
전주 여행,407,정말,MAG
전주 여행,407,답니다,EC
전주 여행,407,덕분,NNG
전주 여행,407,편안,NNG
전주 여행,407,완벽,NNG
전주 여행,407,휴식,NNG
전주 여행,408,아기,NNG
전주 여행,408,30,SN
전주 여행,408,개월,NNBC
전주 여행,408,아기,NNG
전주 여행,408,30,SN
전주 여행,408,개월,NNBC
전주 여행,408,아기,NNG
전주 여행,408,함께,MAG
전주 여행,408,어느,MM
전주 여행,408,30,SN
전주 여행,408,개월,NNBC
전주 여행,408,아기,NNG
전주 여행,408,급하,VA
전주 여행,408,다녀왔,VV+EP
전주 여행,408,항상,MAG
전주 여행,408,기억,NNG
전주 여행,408,가지,VX
전주 여행,408,어서,EC
전주 여행,408,20,SN
전주 여행,408,고등학교,NNG
전주 여행,408,친구,NNG
전주 여행,408,함께,MAG
전주 여행,408,왔었,VV+EP
전주 여행,408,20,SN
전주 여행,408,중반,NNG
전주 여행,408,기억,NNG
전주 여행,409,전북,NNP
전주 여행,409,필수,NNG
전주 여행,409,전북,NNP
전주 여행,409,투어,NNG
전주 여행,409,패스,NNG
전주 여행,409,사용법,NNG
전주 여행,409,사용,NNG
전주 여행,409,주편,NNG
전주 여행,409,다른,MM
전주 여행,409,지역,NNG
전주 여행,409,된다면,VV+EC
전주 여행,409,후기,NNG
전주 여행,409,올게요,VV+EC
전주 여행,409,전북,NNP
전주 여행,409,투어,NNG
전주 여행,409,패스,NNG
전주 여행,409,전북,NNP
전주 여행,409,투어,NNG
전주 여행,409,패스,NNG
전주 여행,409,전북,NNP
전주 여행,409,전북,NNG
전주 여행,409,추천,NNG
전주 여행,409,전북,NNG
전주 여행,409,필수,NNG
전주 여행,409,전북,NNP
전주 여행,409,필수,NNG
전주 여행,409,입장권,NNG
전주 여행,409,전북,NNP
전주 여행,410,경기전,NNG
전주 여행,410,여행자,NNG
전주 여행,410,라운지,NNG
전주 여행,410,한옥,NNG
전주 여행,410,마을,NNG
전주 여행,410,보관,NNG
전주 여행,410,무료,NNG
전주 여행,410,물품,NNG
전주 여행,410,보관소,NNG
전주 여행,410,당일치기,NNG
전주 여행,410,경우,NNG
전주 여행,410,아요,EF
전주 여행,410,한옥마을,NNP
전주 여행,410,자체,NNG
전주 여행,410,거리,NNG
전주 여행,410,넘쳐나,VV
전주 여행,410,때문,NNB
전주 여행,410,다니,VV
전주 여행,410,힘들,VA
전주 여행,410,답니다,EC
전주 여행,410,고민,NNG
전주 여행,410,경기전,NNG
전주 여행,410,경기전,NNG
전주 여행,410,여행자,NNG
전주 여행,410,운지,NNG
전주 여행,410,고고,NNG
전주 여행,410,기본,NNG
전주 여행,411,한옥마을,NNP
전주 여행,411,먹거리,NNG
전주 여행,411,거리,XSV
전주 여행,411,바게트,NNG
전주 여행,411,버거,NNG
전주 여행,411,풍자,NNG
전주 여행,411,이번,NNG
전주 여행,411,에서,JKB
전주 여행,411,사진,NNG
전주 여행,411,엄청,MAG
전주 여행,411,많이,MAG
전주 여행,411,는데요,EC
전주 여행,411,사진,NNG
전주 여행,411,스타,NNG
전주 여행,411,그램,NNG
전주 여행,411,스토리,NNG
전주 여행,411,올렸,VV+EP
전주 여행,411,더니,EC
전주 여행,411,지인,NNG
전주 여행,411,에게,JKB
전주 여행,411,거리,XSV
전주 여행,411,가보,NNG
전주 여행,411,라는,VCP+ETM
전주 여행,411,디엠,NNG
전주 여행,411,어요,EF
전주 여행,411,저녁,NNG
전주 여행,411,까지,JX
전주 여행,411,해도,VV+EC
전주 여행,411,생각,NNG
전주 여행,411,는데,EC
전주 여행,411,둘째,NR
전주 여행,411,아침,NNG
전주 여행,412,맛집,NNG
전주 여행,412,진미,NNG
전주 여행,412,본점,NNG
전주 여행,412,돼지,NNG
전주 여행,412,불고기,NNG
전주 여행,412,오징어,NNG
전주 여행,412,볶음,NNG
전주 여행,412,김밥,NNG
전주 여행,412,상추쌈,NNG
전주 여행,412,추천,NNG
전주 여행,412,맛집,NNG
전주 여행,412,김밥,NNG
전주 여행,412,으로,JKB
전주 여행,412,유명,XR
전주 여행,412,진미,NNG
전주 여행,412,본점,NNG
전주 여행,412,하나,NR
전주 여행,412,바로,MAG
전주 여행,412,김밥,NNG
전주 여행,412,상추,NNG
전주 여행,412,조합,NNG
전주 여행,412,처음,NNG
전주 여행,412,사실,MAG
전주 여행,412,김밥,NNG
전주 여행,412,상추,NNG
전주 여행,412,는데,EC
전주 여행,413,유니클로,NNP
전주 여행,413,주송,NNG
전주 여행,413,천점,NNG
전주 여행,413,초코파이,NNP
전주 여행,413,티셔츠,NNG
전주 여행,413,덕진,NNP
전주 여행,413,잠옷,NNG
전주 여행,413,바람,NNG
전주 여행,413,인간,NNG
전주 여행,413,아점,NNG
전주 여행,413,으로,JKB
전주 여행,413,컵라면,NNG
전주 여행,413,출근,NNG
전주 여행,413,강원도,NNP
전주 여행,413,감자,NNG
전주 여행,413,전라도,NNP
전주 여행,413,여행기,NNG
전주 여행,413,언젠가,MAG
전주 여행,413,광주,NNP
전주 여행,413,목포,NNP
전주 여행,413,담양,NNP
전주 여행,413,가리,VV
전주 여행,413,원래,MAG
전주 여행,413,퇴근,NNG
전주 여행,413,원주,NNG
전주 여행,413,다가,EC
전주 여행,413,원주,NNP
전주 여행,413,에서,JKB
전주 여행,413,주로,MAG
전주 여행,413,출발,NNG
전주 여행,413,려고,EC
전주 여행,413,였으나,EP+EC
전주 여행,413,거의,MAG
전주 여행,414,전북,NNP
전주 여행,414,브런치,NNP
전주 여행,414,맛집,NNG
전주 여행,414,베이글,NNP
전주 여행,414,카페,NNG
전주 여행,414,원탑,NNG
전주 여행,414,코스,NNG
전주 여행,414,미니,NNG
전주 여행,414,사람,NNG
전주 여행,414,라면,EC
전주 여행,414,코스,NNG
전주 여행,414,미니,NNG
전주 여행,414,세요,EP+EF
전주 여행,414,안녕,IC
전주 여행,414,세요,EP+EF
전주 여행,414,직접,MAG
전주 여행,414,느끼,VV
전주 여행,414,빠져드,VV+EC+VV
전주 여행,414,입니다,VCP+EF
전주 여행,414,평소,NNG
전주 여행,414,자주,MAG
전주 여행,414,해요,VX+EF
전주 여행,414,사실,MAG
전주 여행,414,건강,NNG
전주 여행,414,때문,NNB
전주 여행,414,조절,NNG
전주 여행,414,지만,EC
전주 여행,415,경기전,NNG
전주 여행,415,어진,VA+ETM
전주 여행,415,박물관,NNG
전주 여행,415,한옥마을,NNP
전주 여행,415,필수,NNG
전주 여행,415,코스,NNG
전주 여행,415,방문,NNG
전주 여행,415,후기,NNG
전주 여행,415,한옥마을,NNP
전주 여행,415,경기전,NNG
전주 여행,415,어진,VA+ETM
전주 여행,415,박물관,NNG
전주 여행,415,한옥마을,NNP
전주 여행,415,코스,NNG
전주 여행,415,경기전,NNG
전주 여행,415,입장료,NNG
전주 여행,415,산책,NNG
전주 여행,415,코스,NNG
전주 여행,415,블로그,NNG
전주 여행,415,내산,NNP
전주 여행,415,사진,NNG
전주 여행,415,코스,NNG
전주 여행,415,사진,NNG
전주 여행,415,포토스,NNP
전주 여행,416,무조건,MAG
전주 여행,416,베테랑,NNG
전주 여행,416,칼국수,NNG
전주 여행,416,베테랑,NNG
전주 여행,416,칼국수,NNG
전주 여행,416,칼국수,NNG
전주 여행,416,매니아,NNP
전주 여행,416,처음,NNG
전주 여행,416,검색,NNG
전주 여행,416,해서,XSV+EC
전주 여행,416,인데,VCP+EC
전주 여행,416,마다,JX
전주 여행,416,들르,VV
전주 여행,416,식당,NNG
전주 여행,416,돌아가,VV
전주 여행,416,내내,MAG
전주 여행,416,생각날,VV+ETM
전주 여행,416,정도,NNG
전주 여행,416,여기저기,NNG
전주 여행,416,체인점,NNG
전주 여행,416,지만,EC
전주 여행,417,정읍,NNG
전주 여행,417,숙소,NNG
전주 여행,417,스테이,NNG
전주 여행,417,태교,NNG
전주 여행,417,걱정,NNG
전주 여행,417,지만,EC
전주 여행,417,가장,MAG
전주 여행,417,컨디션,NNG
전주 여행,417,다는,ETM
전주 여행,417,임신,NNG
전주 여행,417,중기,NNG
전주 여행,417,가장,MAG
전주 여행,417,오히려,MAJ
전주 여행,417,다녀온,VV+ETM
전주 여행,417,정읍,NNG
전주 여행,417,에서,JKB
전주 여행,417,숙소,NNG
전주 여행,417,가까운,VA+ETM
전주 여행,417,정읍,NNG
전주 여행,417,으로,JKB
전주 여행,417,연휴,NNG
전주 여행,417,숙소,NNG
전주 여행,417,다가,EC
전주 여행,418,한옥마을,NNP
전주 여행,418,난장,NNG
전주 여행,418,콩나물,NNG
전주 여행,418,국밥,NNG
전주 여행,418,에서,JKB
전주 여행,418,직접,MAG
전주 여행,418,다녀온,VV+ETM
전주 여행,418,콩나물국,NNG
전주 여행,418,맛집,NNG
전주 여행,418,아래,NNG
전주 여행,418,따로,MAG
전주 여행,418,자세히,MAG
전주 여행,418,정리,NNG
전주 여행,418,습니다,EF
전주 여행,418,감사,NNG
전주 여행,418,합니다,XSV+EF
전주 여행,418,한옥마을,NNP
전주 여행,418,한옥마을,NNP
전주 여행,418,난장,NNG
전주 여행,419,낭만,NNG
전주 여행,419,전통,NNG
전주 여행,419,한옥마을,NNP
전주 여행,419,완벽,NNG
전주 여행,419,가이드,NNG
전주 여행,419,일반,NNG
전주 여행,419,순대,NNG
전주 여행,419,보다,JKB
전주 여행,419,훨씬,MAG
전주 여행,419,담백,XR
전주 여행,419,특징,NNG
전주 여행,419,전라도,NNP
전주 여행,419,지역,NNG
전주 여행,419,향토,NNG
전주 여행,419,음식,NNG
전주 여행,419,입니다,VCP+EF
전주 여행,419,이야기,NNG
전주 여행,419,숙소,NNG
전주 여행,419,맛집,NNG
전주 여행,419,국내,NNG
전주 여행,419,여행지,NNG
전주 여행,419,추천,NNP
전주 여행,419,한옥마을,NNP
전주 여행,419,전주호,NNP
전주 여행,419,데이트,NNG
전주 여행,419,코스,NNG
전주 여행,420,군산,NNP
전주 여행,420,성당,NNG
전주 여행,420,카페,NNG
전주 여행,420,선물,NNG
전주 여행,420,세트,NNG
전주 여행,420,가격,NNG
전주 여행,420,성당,NNG
전주 여행,420,에서,JKB
전주 여행,420,사고,NNG
전주 여행,420,숙소,NNG
전주 여행,420,돌아가,VV
전주 여행,420,바로,MAG
전주 여행,420,성당,NNG
전주 여행,420,카페,NNG
전주 여행,420,슬쩍,MAG
전주 여행,420,구경,NNG
전주 여행,420,군산,NNG
전주 여행,420,코스,NNG
전주 여행,420,코스,NNG
전주 여행,420,성당,NNG
전주 여행,420,cafe,SL
전주 여행,420,기본,NNG
전주 여행,420,정보,NNG
전주 여행,420,성당,NNG
전주 여행,420,건물,NNG
전주 여행,420,지만,EC
전주 여행,421,진미,NNG
전주 여행,421,본점,NNG
전주 여행,421,메뉴,NNG
전주 여행,421,가격,NNG
전주 여행,421,주차,NNG
전주 여행,421,웨이팅,NNG
전주 여행,421,정보,NNG
전주 여행,421,갈만,NNG
전주 여행,421,진미,NNG
전주 여행,421,본점,NNG
전주 여행,421,메뉴,NNG
전주 여행,421,가격,NNG
전주 여행,421,주차,NNG
전주 여행,421,웨이팅,NNG
전주 여행,421,정보,NNG
전주 여행,421,갈만,NNG
전주 여행,421,코스,NNG
전주 여행,421,추천,NNG
전주 여행,421,안녕,NNG
전주 여행,421,세요,EP+EF
전주 여행,421,에서,JKB
전주 여행,421,가장,MAG
전주 여행,421,맛있,VA
전주 여행,421,맛집,NNG
전주 여행,421,하나,NR
전주 여행,421,으라면,EC
전주 여행,421,미집,NNG
전주 여행,421,떠오르,VV
전주 여행,421,는데요,EF
전주 여행,421,처음,MAG
전주 여행,421,아니,VCN
전주 여행,421,지만,EC
전주 여행,422,한옥,NNG
전주 여행,422,마을,NNG
전주 여행,422,카페,NNG
전주 여행,422,추천,NNG
전주 여행,422,카페,NNG
전주 여행,422,이르,VV
전주 여행,422,오늘,NNG
전주 여행,422,가장,MAG
전주 여행,422,다운,XSA+ETM
전주 여행,422,감성,NNG
전주 여행,422,느끼,VV
전주 여행,422,힐링,NNG
전주 여행,422,한옥,NNG
전주 여행,422,마을,NNG
전주 여행,422,카페,NNG
전주 여행,422,이르,VV
전주 여행,422,다녀왔,VV+EP
전주 여행,422,습니다,EF
전주 여행,422,한옥,NNG
전주 여행,422,마을,NNG
전주 여행,422,중심가,NNG
전주 여행,422,위치,NNG
전주 여행,422,면서,EC
전주 여행,422,고즈넉,XR
전주 여행,422,웅장,XR
전주 여행,422,규모,NNG
전주 여행,422,자랑,NNG
전주 여행,422,해서,XSV+EC
전주 여행,422,들어서,VV
전주 여행,422,순간,NNG
전주 여행,422,부터,JX
전주 여행,423,내산,NNP
전주 여행,423,피순대,NNG
전주 여행,423,모듬,NNG
전주 여행,423,후기,NNG
전주 여행,423,맛집,NNG
전주 여행,423,조점,NNG
전주 여행,423,남문,NNG
전주 여행,423,피순대,NNG
전주 여행,423,맛집,NNG
전주 여행,423,한옥마을,NNP
전주 여행,423,맛집,NNG
전주 여행,423,남부,NNG
전주 여행,423,시장,NNG
전주 여행,423,남부,NNG
전주 여행,423,시장,NNG
전주 여행,423,맛집,NNG
전주 여행,423,남부,NNG
전주 여행,423,시장,NNG
전주 여행,423,주차장,NNG
전주 여행,423,피순대,NNG
전주 여행,423,피순대,NNG
전주 여행,423,맛집,NNG
전주 여행,423,조점,NNG
전주 여행,423,피순대,NNG
전주 여행,423,전주천,NNP
전주 여행,423,변주,NNG
전주 여행,423,차장,NNG
전주 여행,423,조점,NNG
전주 여행,423,조점,NNG
전주 여행,423,남문,NNG
전주 여행,423,피순대,NNG
전주 여행,424,군산,NNP
전주 여행,424,지순,NNP
전주 여행,424,성당,NNG
전주 여행,424,단팥빵,NNP
전주 여행,424,야채,NNG
전주 여행,424,슈크림,NNG
전주 여행,424,찹쌀,NNG
전주 여행,424,코스,NNG
전주 여행,424,성당,NNG
전주 여행,424,기본,NNG
전주 여행,424,정보,NNG
전주 여행,424,군산,NNG
전주 여행,424,중심지,NNG
전주 여행,424,월명동,NNP
전주 여행,424,짬뽕,NNG
전주 여행,424,특화,NNG
전주 여행,424,거리,NNG
전주 여행,424,사이,NNG
전주 여행,424,위치,NNG
전주 여행,424,성당,NNG
전주 여행,424,간판,NNG
전주 여행,424,으로,JKB
전주 여행,424,들어가,VV
전주 여행,424,단팥빵,NNP
전주 여행,424,야채,NNG
전주 여행,424,포함,NNG
전주 여행,424,다양,NNG
전주 여행,424,개별,NNG
전주 여행,424,구매,NNG
전주 여행,425,여름,NNG
전주 여행,425,28,SN
전주 여행,425,24,SN
전주 여행,425,26,SN
전주 여행,425,조카,NNG
전주 여행,425,다는,ETM
전주 여행,425,주로,MAG
전주 여행,425,고고,NNG
전주 여행,425,함께,MAG
전주 여행,425,얼마,NNG
전주 여행,425,인지,VCP+EC
전주 여행,425,서핑,NNG
전주 여행,425,마지막,NNG
전주 여행,425,따님,NNG
전주 여행,425,였으니,VCP+EP+EC
전주 여행,425,그때,NNG
전주 여행,425,무더운,VA+ETM
전주 여행,425,여름,NNG
전주 여행,425,올해,NNG
전주 여행,425,뜨거운,VA+ETM
전주 여행,425,여름,NNG
전주 여행,425,햇살,NNG
전주 여행,425,가득,MAG
전주 여행,426,공주,NNG
전주 여행,426,아기,NNG
전주 여행,426,코스,NNG
전주 여행,426,동선,NNG
전주 여행,426,맛집,NNG
전주 여행,426,숙소,NNG
전주 여행,426,실내,NNG
전주 여행,426,최근,NNG
전주 여행,426,쌍둥이,NNG
전주 여행,426,공주,NNG
전주 여행,426,다녀왔,VV+EP
전주 여행,426,는데요,EF
전주 여행,426,한옥,NNP
전주 여행,426,고즈넉,XR
전주 여행,426,감성,NNG
전주 여행,426,으면서,EC
전주 여행,426,비해,VV+EC
전주 여행,426,한적,XR
전주 여행,426,해서,XSA+EC
전주 여행,426,어린,VA+ETM
전주 여행,426,아동,NNG
전주 여행,426,다니,VV
전주 여행,426,기에,EC
전주 여행,426,정말,MAG
전주 여행,426,완벽,NNG
전주 여행,426,도시,NNG
전주 여행,426,습니다,EF
전주 여행,426,무엇,NP
전주 여행,426,보다,JKB
전주 여행,426,주요,NNG
전주 여행,426,관광지,NNG
전주 여행,427,이번,NNG
전주 여행,427,에서,JKB
전주 여행,427,카페,NNG
전주 여행,427,에서,JKB
전주 여행,427,많이,MAG
전주 여행,427,에서,JKB
전주 여행,427,아오이,NNP
전주 여행,427,시선,NNG
전주 여행,427,청주,NNG
전주 여행,427,돌아와,VV+EC
전주 여행,427,세이,NNG
전주 여행,427,시선,NNG
전주 여행,427,바로,MAG
전주 여행,427,소품,NNG
전주 여행,427,에서,JKB
전주 여행,427,코스터,NNG
전주 여행,427,장만,NNG
전주 여행,427,그러,VV
전주 여행,427,한옥마을,NNP
전주 여행,427,으로,JKB
전주 여행,427,발걸음,NNG
전주 여행,427,옮겼,VV+EP
전주 여행,428,숙소,NNG
전주 여행,428,비앤비,NNP
전주 여행,428,리틀,NNP
전주 여행,428,프랑,NNP
전주 여행,428,리틀,NNP
전주 여행,428,포레,NNP
전주 여행,428,여성,NNG
전주 여행,428,숙박,NNG
전주 여행,428,후기,NNG
전주 여행,428,에서,JKB
전주 여행,428,많이,MAG
전주 여행,428,많이,MAG
전주 여행,428,는데,EC
전주 여행,428,친구,NNG
전주 여행,428,사이,NNG
전주 여행,428,에서,JKB
전주 여행,428,가장,MAG
전주 여행,428,마음,NNG
전주 여행,428,숙소,NNG
전주 여행,428,추천,NNG
전주 여행,428,후기,NNG
전주 여행,428,볼게요,VX+EF
전주 여행,428,장날,NNG
전주 여행,428,라고,EC
전주 여행,428,자마자,EC
전주 여행,428,퍼붓,VV
전주 여행,428,다행히,MAG
전주 여행,428,숙소,NNG
전주 여행,429,가족,NNG
전주 여행,429,으로,JKB
전주 여행,429,국내,NNG
전주 여행,429,여행지,NNG
전주 여행,429,선택,NNG
전주 여행,429,기준,NNG
전주 여행,429,처럼,JKB
전주 여행,429,한옥,NNG
전주 여행,429,마을,NNG
전주 여행,429,중심,NNG
전주 여행,429,으로,JKB
전주 여행,429,식당,NNG
전주 여행,429,카페,NNG
전주 여행,429,연결,NNG
전주 여행,429,동선,NNG
전주 여행,429,단순,NNG
전주 여행,429,만들,VV
전주 여행,429,습니다,EF
전주 여행,429,여행지,NNG
전주 여행,429,고르,VV
전주 여행,429,순서,NNG
전주 여행,429,간단,XR
전주 여행,429,합니다,XSA+EF
전주 여행,429,먼저,MAG
전주 여행,429,동행자,NNG
전주 여행,429,가장,MAG
전주 여행,429,약한,VA+ETM
전주 여행,429,조건,NNG
전주 여행,429,정하,VV
전주 여행,429,다음,NNG
전주 여행,429,으로,JKB
전주 여행,429,실내,NNG
전주 여행,429,야외,NNG
전주 여행,430,신상,NNG
전주 여행,430,카페,NNG
전주 여행,430,일본,NNP
전주 여행,430,레트로,NNP
전주 여행,430,감성,NNG
전주 여행,430,폭발,NNG
전주 여행,430,쿠로다,NNP
전주 여행,430,커피,NNG
전주 여행,430,메론,NNP
전주 여행,430,소다,NNG
전주 여행,430,일본,NNP
전주 여행,430,UCC,SL
전주 여행,430,커피,NNG
전주 여행,430,즐기,VV
전주 여행,430,는데,EC
전주 여행,430,에서,JKB
전주 여행,430,즐길,VV+ETM
전주 여행,430,다니,EC
전주 여행,430,너무,MAG
전주 여행,430,행복,NNG
전주 여행,430,더라고요,EC
전주 여행,430,커피,NNG
전주 여행,430,자체,NNG
전주 여행,430,밸런스,NNG
전주 여행,430,훌륭,XR
전주 여행,430,해서,XSA+EC
전주 여행,430,마지막,NNG
전주 여행,430,모금,NNBC
전주 여행,430,까지,JX
전주 여행,430,질리,VV
전주 여행,430,맛있,VA
전주 여행,430,즐겼,VV+EP
전주 여행,430,습니다,EF
전주 여행,430,다음,NNG
전주 여행,430,시그,NNP
전주 여행,430,라는,VCP+ETM
전주 여행,431,베스트,NNP
전주 여행,431,웨스턴,NNP
전주 여행,431,플러스,NNP
전주 여행,431,가족,NNG
전주 여행,431,호텔,NNG
전주 여행,431,스탠다드,NNG
전주 여행,431,패밀리,NNG
전주 여행,431,레스토랑,NNG
전주 여행,431,좌석,NNG
전주 여행,431,넉넉,XR
전주 여행,431,가족,NNG
전주 여행,431,아이,NNG
전주 여행,431,보였,VV+EP
전주 여행,431,어요,EF
전주 여행,431,최대한,MAG
전주 여행,431,전주호,NNP
전주 여행,431,베스트,NNP
전주 여행,431,웨스턴,NNP
전주 여행,431,조식,NNG
전주 여행,431,메뉴,NNG
전주 여행,431,많이,MAG
전주 여행,431,는데요,EF
전주 여행,431,조식,NNG
전주 여행,431,메뉴,NNG
전주 여행,431,궁금,XR
전주 여행,431,사진,NNG
전주 여행,431,참고,NNG
전주 여행,432,풍년제,NNP
전주 여행,432,필수,NNG
전주 여행,432,기념품,NNG
전주 여행,432,PNB,SL
전주 여행,432,풍년제,NNP
전주 여행,432,수제,NNG
전주 여행,432,PNB,SL
전주 여행,432,풍년제,NNP
전주 여행,432,풍년제,NNP
전주 여행,432,초코파이,NNP
전주 여행,432,풍년제,NNP
전주 여행,432,수제,NNG
전주 여행,432,초코파이,NNP
전주 여행,432,맛집,NNG
전주 여행,432,기념품,NNG
전주 여행,432,먹거리,NNG
전주 여행,432,한옥마을,NNP
전주 여행,432,맛집,NNG
전주 여행,432,선물,NNG
전주 여행,432,초코파이,NNP
전주 여행,432,맛집,NNG
전주 여행,432,디저트,NNG
전주 여행,432,추천,NNG
전주 여행,432,기념품,NNG
전주 여행,432,내산,NNP
전주 여행,432,후기,NNG
전주 여행,433,루프,NNG
전주 여행,433,숙소,NNG
전주 여행,433,는다면,EC
전주 여행,433,노송,NNG
전주 여행,433,노을,NNG
전주 여행,433,먼저,MAG
전주 여행,433,보여,VV+EC
전주 여행,433,드릴게요,VX+EC
전주 여행,433,예약,NNG
전주 여행,433,노송,NNG
전주 여행,433,빌리,VV
전주 여행,433,비앤비,NNP
전주 여행,433,예약,NNG
전주 여행,433,노송,NNG
전주 여행,433,노송,NNG
전주 여행,433,별장,NNG
전주 여행,433,독채,NNG
전주 여행,433,숙소,NNG
전주 여행,433,가족,NNG
전주 여행,433,숙소,NNG
전주 여행,433,단체,NNG
전주 여행,433,숙소,NNG
전주 여행,433,감성,NNG
전주 여행,433,숙소,NNG
전주 여행,433,한옥,NNG
전주 여행,433,마을,NNG
전주 여행,433,숙소,NNG
전주 여행,433,숙소,NNG
전주 여행,433,추천,NNG
전주 여행,433,루프,NNG
전주 여행,433,숙소,NNG
전주 여행,433,친구,NNG
전주 여행,433,모임,NNG
전주 여행,434,논산,NNP
전주 여행,434,정호,NNG
전주 여행,434,출렁다리,NNG
전주 여행,434,후기,NNG
전주 여행,434,무료,NNG
전주 여행,434,주차,NNG
전주 여행,434,유모차,NNG
전주 여행,434,대여,NNG
전주 여행,434,에서,JKB
전주 여행,434,출발,NNG
전주 여행,434,경기도,NNP
전주 여행,434,중간,NNG
전주 여행,434,지점,NNG
전주 여행,434,논산,NNP
전주 여행,434,방문,NNG
전주 여행,434,어디,NP
전주 여행,434,볼까,EC+VX+EC
전주 여행,434,다가,EC
전주 여행,434,정호,NNG
전주 여행,434,출렁다리,NNG
전주 여행,434,다녀왔,VV+EP
전주 여행,434,어요,EF
전주 여행,434,논산,NNP
전주 여행,434,검색,NNG
전주 여행,434,정호,NNG
전주 여행,434,빠지,VV
전주 여행,434,나오,VV
전주 여행,434,더라고요,EC
전주 여행,434,주차,NNG
전주 여행,434,부터,JX
전주 여행,434,출렁다리,NNG
전주 여행,435,국내,NNG
전주 여행,435,숙소,NNG
전주 여행,435,한옥마을,NNP
전주 여행,435,황실,NNG
전주 여행,435,관광호텔,NNG
전주 여행,435,스탠다드,NNG
전주 여행,435,더블,NNG
전주 여행,435,묵어,NNG
전주 여행,435,안녕,NNG
전주 여행,435,세요,EP+EF
전주 여행,435,제미,NNG
전주 여행,435,입니다,VCP+EF
전주 여행,435,광복절,NNG
전주 여행,435,연휴,NNG
전주 여행,435,다녀온,VV+ETM
전주 여행,435,숙소,NNG
전주 여행,435,후기,NNG
전주 여행,435,START,SL
전주 여행,435,방문,NNG
전주 여행,435,모르,VV
전주 여행,435,처음,NNG
전주 여행,435,주역,NNG
전주 여행,435,코앞,NNG
전주 여행,435,호텔,NNG
전주 여행,435,숙소,NNG
전주 여행,435,버린,VX+ETM
전주 여행,435,제미,IC
전주 여행,435,일단,MAG
전주 여행,435,KTX,SL
전주 여행,435,숙소,NNG
전주 여행,435,일정,NNG
전주 여행,436,대전,NNP
전주 여행,436,애견,NNG
전주 여행,436,동반,NNG
전주 여행,436,식당,NNG
전주 여행,436,모든,MM
전주 여행,436,반찬,NNG
전주 여행,436,맛있,VA
전주 여행,436,단소,NNG
전주 여행,436,엑스포,NNG
전주 여행,436,과학,NNG
전주 여행,436,공원,NNG
전주 여행,436,맞은편,NNG
전주 여행,436,정거장,NNG
전주 여행,436,어서,EC
전주 여행,436,튀김,NNG
전주 여행,436,소보,NNG
전주 여행,436,저기,NP
전주 여행,436,에서,JKB
전주 여행,436,물론,MAG
전주 여행,436,웨이팅,NNG
전주 여행,436,해야함,VV+EC+VX+ETN
전주 여행,436,그래도,MAJ
전주 여행,436,엄청,MAG
전주 여행,436,아님,VCN+EC
전주 여행,436,이렇게,MAG
전주 여행,436,려던,ETM
전주 여행,436,우리,NP
전주 여행,436,계획,NNG
전주 여행,436,논산,NNP
전주 여행,436,논산,NNP
전주 여행,436,으로,JKB
전주 여행,437,아이,NNG
전주 여행,437,논산,NNP
전주 여행,437,선샤인,NNP
전주 여행,437,스튜디오,NNG
전주 여행,437,보고,JKB
전주 여행,437,원산,NNG
전주 여행,437,면옥,NNG
전주 여행,437,까지,JX
전주 여행,437,이번,NNG
전주 여행,437,여름휴가,NNG
전주 여행,437,정말,MAG
전주 여행,437,오랜만,NNG
전주 여행,437,아이,NNG
전주 여행,437,국내,NNG
전주 여행,437,다녀왔,VV+EP
전주 여행,437,어요,EF
전주 여행,437,서울,NNP
전주 여행,437,여수,NNP
전주 여행,437,까지,JX
전주 여행,437,내려갔,VV+EP
전주 여행,437,다가,EC
전주 여행,437,마지막,NNG
전주 여행,437,논산,NNP
전주 여행,437,까지,JX
전주 여행,437,들러서,VV+EC
전주 여행,437,올라오,VV
전주 여행,437,국내,NNG
전주 여행,437,는데요,EF
전주 여행,437,여수,NNP
전주 여행,437,이야기,NNG
전주 여행,437,에서,JKB
전주 여행,438,스물,NR
전주 여행,438,다섯,NR
전주 여행,438,스물,NR
전주 여행,438,하나,NR
전주 여행,438,촬영,NNG
전주 여행,438,터널,NNG
전주 여행,438,특별,NNG
전주 여행,438,느껴,VV+EC
전주 여행,438,처음,NNG
전주 여행,438,라면,EC
전주 여행,438,처럼,JKB
전주 여행,438,택시,NNG
전주 여행,438,이동한,NNP
전주 여행,438,돌아올,VV+ETM
전주 여행,438,천천히,MAG
전주 여행,438,추천,NNG
전주 여행,438,합니다,XSV+EF
전주 여행,438,다음,NNG
전주 여행,438,내리,VV
전주 여행,438,겨울,NNG
전주 여행,438,해질,VV+ETM
전주 여행,438,들러,VV+EC
전주 여행,438,터널,NNG
전주 여행,438,습니다,EF
전주 여행,439,한옥마을,NNP
전주 여행,439,가까운,VA+ETM
전주 여행,439,키즈,NNP
전주 여행,439,숙소,NNG
전주 여행,439,동선,NNG
전주 여행,439,노송,NNG
전주 여행,439,별장,NNG
전주 여행,439,비앤비,NNP
전주 여행,439,예약,NNG
전주 여행,439,노송,NNG
전주 여행,439,별장,NNG
전주 여행,439,노송,NNG
전주 여행,439,키즈,NNP
전주 여행,439,숙소,NNG
전주 여행,439,주아,NNG
전주 여행,439,이랑,JC
전주 여행,439,숙소,NNG
전주 여행,439,가족,NNG
전주 여행,439,숙소,NNG
전주 여행,439,독채,NNG
전주 여행,439,숙소,NNG
전주 여행,439,키즈,NNP
전주 여행,439,펜션,NNG
전주 여행,439,아이,NNG
전주 여행,439,가족,NNG
전주 여행,439,키즈,NNP
전주 여행,439,숙소,NNG
전주 여행,439,추천,NNP
전주 여행,439,한옥,NNG
전주 여행,439,마을,NNG
전주 여행,439,숙소,NNG
전주 여행,440,신상,NNG
전주 여행,440,카페,NNG
전주 여행,440,한옥,NNG
전주 여행,440,마을,NNG
전주 여행,440,근처,NNG
전주 여행,440,전라,NNP
전주 여행,440,감영,NNG
전주 여행,440,카페,NNG
전주 여행,440,키위,NNG
전주 여행,440,청사,NNG
전주 여행,440,곁들인,VV+ETM
전주 여행,440,상큼,XR
전주 여행,440,는데,EC
전주 여행,440,커피,NNG
전주 여행,440,어울리,VV
전주 여행,440,더라구요,EF
전주 여행,440,특히,MAG
전주 여행,440,상큼,XR
전주 여행,440,느낌,NNG
전주 여행,440,여름,NNG
전주 여행,440,어울리,VV
전주 여행,440,디저트,NNG
전주 여행,440,랍니다,VCP+EC
전주 여행,440,어울리,VV
전주 여행,440,카페,NNG
전주 여행,440,어요,EF
전주 여행,440,주비,NNP
전주 여행,440,카페,NNG
전주 여행,440,신상,NNG
전주 여행,440,카페,NNG
전주 여행,441,게스트,NNP
전주 여행,441,하우스,NNP
전주 여행,441,한옥마을,NNP
전주 여행,441,숙소,NNG
전주 여행,441,하호,NNG
전주 여행,441,침구,NNG
전주 여행,441,깨끗,XR
전주 여행,441,혼자,NNG
전주 여행,441,추천,NNG
전주 여행,441,게스트,NNP
전주 여행,441,하우스,NNP
전주 여행,441,한옥마을,NNP
전주 여행,441,숙소,NNG
전주 여행,441,하호,NNG
전주 여행,441,게스트,NNP
전주 여행,441,하우스,NNP
전주 여행,441,침구,NNG
전주 여행,441,혼자,NNG
전주 여행,441,추천,NNG
전주 여행,441,안녕,NNG
전주 여행,441,세요,EP+EF
전주 여행,441,언서,NNG
전주 여행,441,맛있,VA
전주 여행,441,트래블,NNG
전주 여행,441,입니다,VCP+EF
전주 여행,441,오랜만,NNG
전주 여행,441,친한,VA+ETM
전주 여행,441,동생,NNG
전주 여행,441,이랑,JC
전주 여행,441,전북,NNP
전주 여행,442,한옥마을,NNP
전주 여행,442,맛집,NNG
전주 여행,442,요리,NNG
전주 여행,442,한정식,NNG
전주 여행,442,녹두,NNG
전주 여행,442,코스,NNG
전주 여행,442,06,SN
전주 여행,442,이용,NNG
전주 여행,442,한옥마을,NNP
전주 여행,442,계획,NNG
전주 여행,442,면서,EC
전주 여행,442,녹두,NNG
전주 여행,442,조금,MAG
전주 여행,442,알뜰,NNG
전주 여행,442,이용,NNG
전주 여행,442,다면,EC
전주 여행,442,상품,NNG
전주 여행,442,확인,NNG
전주 여행,442,세요,EP+EF
전주 여행,442,기프,NNP
전주 여행,442,트립,NNG
전주 여행,442,에서,JKB
전주 여행,442,구매,NNG
전주 여행,442,으니,EC
전주 여행,442,방문,NNG
전주 여행,442,이용,NNG
전주 여행,442,조건,NNG
전주 여행,442,함께,MAG
전주 여행,443,한옥마을,NNP
전주 여행,443,실내,NNG
전주 여행,443,코스,NNG
전주 여행,443,까지,JX
전주 여행,443,정리,NNP
전주 여행,443,코스,NNG
전주 여행,443,한옥마을,NNP
전주 여행,443,하나,NR
전주 여행,443,끝내,VV
전주 여행,443,경우,NNG
전주 여행,443,은데,EC
전주 여행,443,정작,NNG
전주 여행,443,하루,NNG
전주 여행,443,써도,VV+EC
전주 여행,443,한옥,NNG
전주 여행,443,마을,NNG
전주 여행,443,골목,NNG
전주 여행,443,절반,NNG
전주 여행,443,본다,VV+EF
전주 여행,443,오히려,MAJ
전주 여행,443,동선,NNG
전주 여행,443,촘촘히,MAG
전주 여행,443,으면,EC
전주 여행,443,점심,NNG
전주 여행,443,시간,NNG
전주 여행,443,즈음,NNB
전주 여행,443,인파,NNG
전주 여행,443,밀려,VV+EC
전주 여행,443,사진,NNG
전주 여행,444,숙소,NNG
전주 여행,444,추천,NNG
전주 여행,444,버스,NNG
전주 여행,444,터미널,NNG
전주 여행,444,에서,JKB
전주 여행,444,목대,NNG
전주 여행,444,찾아가,VV
전주 여행,444,쉬운,VA+ETM
전주 여행,444,뚜벅,MAG
전주 여행,444,호텔,NNG
전주 여행,444,계획,NNG
전주 여행,444,신가요,EP+EC
전주 여행,444,KTX,SL
전주 여행,444,고속버스,NNG
전주 여행,444,도착,NNG
전주 여행,444,는데,EC
전주 여행,444,막상,MAG
전주 여행,444,목대,NNG
전주 여행,444,한옥마을,NNP
전주 여행,444,까지,JX
전주 여행,444,어떻게,MAG
전주 여행,444,이동,NNG
전주 여행,444,해야,XSV+EC
전주 여행,444,할지,VX+EC
전주 여행,444,막막,XR
전주 여행,444,초보,NNG
전주 여행,444,자분,NNG
전주 여행,444,위해,VV+EC
전주 여행,444,준비,NNG
전주 여행,444,습니다,EF
전주 여행,444,길치,NNG
전주 여행,444,라도,VCP+EC
전주 여행,444,걱정,NNG
전주 여행,444,습니다,EF
전주 여행,445,뉴타운,NNP
전주 여행,445,호텔,NNG
전주 여행,445,메시,NNG
전주 여행,445,숙박,NNG
전주 여행,445,후기,NNG
전주 여행,445,한옥마을,NNP
전주 여행,445,최적,NNG
전주 여행,445,에서,JKB
전주 여행,445,뉴타운,NNP
전주 여행,445,호텔,NNG
전주 여행,445,메시,NNG
전주 여행,445,덕진구,NNP
전주 여행,445,지점,NNG
전주 여행,445,정말,MAG
전주 여행,445,완벽,NNG
전주 여행,445,선택,NNG
전주 여행,445,어요,EF
전주 여행,445,객실,NNG
전주 여행,445,자체,NNG
전주 여행,445,깨끗,XR
전주 여행,445,해서,XSA+EC
전주 여행,445,오랜만,NNG
전주 여행,445,컨디션,NNG
전주 여행,445,걱정,NNG
전주 여행,445,없이,MAG
전주 여행,445,편안,NNG
전주 여행,445,네요,EF
전주 여행,445,객실,NNG
전주 여행,445,컨디션,NNG
전주 여행,445,정말,MAG
전주 여행,445,쾌적,XR
전주 여행,445,어요,EF
전주 여행,446,고궁,NNG
전주 여행,446,내산,NNP
전주 여행,446,후기,NNG
전주 여행,446,비빔밥,NNG
전주 여행,446,맛집,NNG
전주 여행,446,아이,NNG
전주 여행,446,다녀온,VV+ETM
전주 여행,446,직후,NNG
전주 여행,446,고궁,NNG
전주 여행,446,궁내,NNG
전주 여행,446,내산,NNP
전주 여행,446,전주비빔밥,NNG
전주 여행,446,전주비빔밥,NNG
전주 여행,446,맛집,NNG
전주 여행,446,맛집,NNG
전주 여행,446,맛집,NNG
전주 여행,446,추천,NNG
전주 여행,446,주한,NNG
전주 여행,446,정식,NNG
전주 여행,446,내산,NNP
전주 여행,446,맛집,NNG
전주 여행,446,아이,NNG
전주 여행,446,가족,NNG
전주 여행,447,파크,NNG
전주 여행,447,골프,NNG
전주 여행,447,인생,NNG
전주 여행,447,모작,NNG
전주 여행,447,주비전,NNG
전주 여행,447,대학교,NNG
전주 여행,447,평생,NNG
전주 여행,447,교육,NNG
전주 여행,447,파크,NNG
전주 여행,447,골프,NNG
전주 여행,447,파크,NNG
전주 여행,447,골프,NNG
전주 여행,447,힐링,NNG
전주 여행,447,떠나,VV
전주 여행,447,주비전,NNG
전주 여행,447,대학교,NNG
전주 여행,447,평생,NNG
전주 여행,447,교육,NNG
전주 여행,447,파크,NNG
전주 여행,447,골프,NNG
전주 여행,447,지도자,NNG
전주 여행,447,과정,NNG
전주 여행,447,에서,JKB
전주 여행,447,초보,NNG
전주 여행,447,차근차근,MAG
전주 여행,447,배울,VV+ETM
전주 여행,447,도록,EC
전주 여행,447,이론,NNG
전주 여행,447,실기,NNG
전주 여행,447,실습,NNG
전주 여행,447,현장,NNG
전주 여행,447,라운,NNP
전주 여행,447,연계,NNG
전주 여행,447,교육,NNG
전주 여행,447,습니다,EF
전주 여행,447,최영범,NNP
전주 여행,447,프로,NNP
전주 여행,447,함께,MAG
전주 여행,448,도서관,NNG
전주 여행,448,jeonjulibrarytravel,SL
전주 여행,448,전주국,NNG
전주 여행,448,그림책,NNG
전주 여행,448,서전,NNG
전주 여행,448,jeonju,SL
전주 여행,448,librarytravel,SL
전주 여행,448,도서관,NNG
전주 여행,448,jeonjulibrarytravel,SL
전주 여행,448,전주국,NNG
전주 여행,448,그림책,NNG
전주 여행,448,서전,NNG
전주 여행,448,jipf,SL
전주 여행,448,2026,SN
전주 여행,448,전주국,NNG
전주 여행,448,그림책,NNG
전주 여행,448,서전,NNG
전주 여행,448,도서관,NNG
전주 여행,448,그림책,NNG
전주 여행,448,으로,JKB
전주 여행,448,떠나,VV
전주 여행,448,낭만,NNG
전주 여행,448,도서관,NNG
전주 여행,448,10,SN
전주 여행,449,2026,SN
전주 여행,449,26,SN
전주 여행,449,시간,NNBC
전주 여행,449,운전,NNG
전주 여행,449,만난,VV+ETM
전주 여행,449,강릉,NNP
전주 여행,449,정동,NNG
전주 여행,449,심곡,NNG
전주 여행,449,바다,NNG
전주 여행,449,부채,NNG
전주 여행,449,일출,NNG
전주 여행,449,에서,JKB
전주 여행,449,강원도,NNP
전주 여행,449,정동진,NNP
전주 여행,449,까지,JX
전주 여행,449,다녀왔,VV+EP
전주 여행,449,아들,NNG
전주 여행,449,함께,MAG
전주 여행,449,일출,NNG
전주 여행,449,위해,VV+EC
전주 여행,449,새벽,NNG
전주 여행,449,출발,NNG
전주 여행,449,시간,NNBC
전주 여행,449,운전,NNG
전주 여행,449,해서,XSV+EC
전주 여행,449,다녀온,VV+ETM
전주 여행,449,정동진,NNP
전주 여행,449,일출,NNG
전주 여행,449,장수,NNG
전주 여행,449,에서,JKB
전주 여행,449,태어나,VV+EC
전주 여행,449,에서,JKB
전주 여행,449,면서,EC
전주 여행,449,정동진,NNP
전주 여행,449,아들놈,NNG
전주 여행,450,덕진,NNP
전주 여행,450,공원,NNG
전주 여행,450,가을,NNG
전주 여행,450,한옥,NNG
전주 여행,450,도서관,NNG
전주 여행,450,연못,NNG
전주 여행,450,산책,NNG
전주 여행,450,주차,NNG
전주 여행,450,정확,NNG
전주 여행,450,방문,NNG
전주 여행,450,공식,NNG
전주 여행,450,전주시,NNP
전주 여행,450,문화,NNG
전주 여행,450,관광,NNG
전주 여행,450,홈페이지,NNG
전주 여행,450,참고,NNG
전주 여행,450,바랍니다,VV+EF
전주 여행,450,주덕,NNG
전주 여행,450,공원,NNG
전주 여행,450,주가,NNG
전주 여행,450,한옥,NNG
전주 여행,450,도서관,NNG
전주 여행,450,덕진,NNP
전주 여행,450,공원,NNG
전주 여행,450,주차장,NNG
전주 여행,450,산책로,NNG
전주 여행,451,발걸음,NNG
전주 여행,451,고요,NNG
전주 여행,451,하룻밤,NNG
전주 여행,451,풍경,NNG
전주 여행,451,창문,NNG
전주 여행,451,살짝,MAG
전주 여행,451,선선,XR
전주 여행,451,바람,NNG
전주 여행,451,불어오,VV
전주 여행,451,는데,EC
전주 여행,451,정취,NNG
전주 여행,451,객실,NNG
전주 여행,451,에서,JKB
전주 여행,451,충분히,MAG
전주 여행,451,느낄,VV+ETM
전주 여행,451,만족,NNG
전주 여행,451,스러웠,XSA+EP
전주 여행,451,어요,EF
전주 여행,451,성비,NNG
전주 여행,451,가격대,NNG
전주 여행,451,고려,NNG
전주 여행,451,한다면,XSV+EC
전주 여행,451,정도,NNG
전주 여행,451,컨디션,NNG
전주 여행,451,누릴,VV+ETM
전주 여행,451,다는,ETM
전주 여행,451,감사,NNG
전주 여행,452,한옥,NNG
전주 여행,452,에서,JKB
전주 여행,452,즐기,VV
전주 여행,452,사우나,NNP
전주 여행,452,쿠지,NNP
전주 여행,452,힐링,NNG
전주 여행,452,치트키,NNP
전주 여행,452,바쁜,VA+ETM
전주 여행,452,일상,NNG
전주 여행,452,에서,JKB
전주 여행,452,벗어나,VV+EC
전주 여행,452,온전,XR
전주 여행,452,낭만,NNG
전주 여행,452,선물,NNG
전주 여행,452,다면,EC
전주 여행,452,이번,NNG
전주 여행,452,숙소,NNG
전주 여행,452,진짜,MAG
전주 여행,452,강력,XR
전주 여행,452,추천,NNG
전주 여행,452,드려요,VX+EF
전주 여행,452,절대,MAG
전주 여행,452,후회,NNG
전주 여행,452,으실,EP+ETM
전주 여행,452,예요,VCP+EF
전주 여행,452,감성,NNG
전주 여행,452,숙소,NNG
전주 여행,452,추천,NNG
전주 여행,452,독채,NNG
전주 여행,452,한옥,NNG
전주 여행,452,국내,NNG
전주 여행,452,여행지,NNG
전주 여행,452,추천,NNG
전주 여행,452,힐링,NNG
전주 여행,453,66,SN
전주 여행,453,19,SN
전주 여행,453,부터,JX
전주 여행,453,계절,NNG
전주 여행,453,하나,NR
전주 여행,453,오늘,NNG
전주 여행,453,퇴사,NNG
전주 여행,453,가장,MAG
전주 여행,453,먼저,MAG
전주 여행,453,너무,MAG
전주 여행,453,열심히,MAG
전주 여행,453,다녀서,VV+EC
전주 여행,453,퇴직금,NNG
전주 여행,453,탕진,NNG
전주 여행,453,생김,NNG
전주 여행,453,이제,NNG
전주 여행,453,부터,JX
전주 여행,453,라고,EC
전주 여행,453,친구,NNG
전주 여행,453,같이,MAG
전주 여행,453,태어나,VV
전주 여행,453,일어,NNG
전주 여행,453,는데,EC
전주 여행,453,방전,NNG
전주 여행,453,경험,NNG
전주 여행,453,처음,NNG
전주 여행,453,기찬,VA+ETM
전주 여행,454,떡갈비,NNG
전주 여행,454,대통,NNG
전주 여행,454,연잎밥,NNP
전주 여행,454,으로,JKB
전주 여행,454,즐긴,VV+ETM
전주 여행,454,꽃담,NNG
전주 여행,454,꽃담,NNG
전주 여행,454,맛집,NNG
전주 여행,454,한옥마을,NNP
전주 여행,454,맛집,NNG
전주 여행,454,한옥마을,NNP
전주 여행,454,맛집,NNG
전주 여행,454,추천,NNG
전주 여행,454,코스,NNG
전주 여행,454,주한,NNG
전주 여행,454,정식,NNG
전주 여행,454,한식,NNG
전주 여행,454,떡갈비,NNG
전주 여행,454,전주비빔밥,NNG
전주 여행,454,대통,NNG
전주 여행,454,연잎밥,NNP
전주 여행,454,대통,NNG
전주 여행,455,여름,NNG
전주 여행,455,기록,NNG
전주 여행,455,조금,MAG
전주 여행,455,크리스마스,NNG
전주 여행,455,군산,NNG
전주 여행,455,다녀왔,VV+EP
전주 여행,455,는데,EC
전주 여행,455,이게,NP+JKS
전주 여행,455,유명,XR
전주 여행,455,대요,EF
전주 여행,455,근데,MAJ
전주 여행,455,이거,NP
전주 여행,455,반대편,NNG
전주 여행,455,소고기,NNG
전주 여행,455,진짜,MAG
전주 여행,455,리임,NNG
전주 여행,455,사진,NNG
전주 여행,455,어요,EF
전주 여행,455,느린,VA+ETM
전주 여행,455,우체통,NNG
전주 여행,455,아요,EF
전주 여행,455,이유,NNG
전주 여행,455,어요,EF
전주 여행,455,한복,NNG
전주 여행,455,는데,EC
전주 여행,456,타지,NNG
전주 여행,456,기억,NNG
전주 여행,456,도착,NNG
전주 여행,456,부산,NNP
전주 여행,456,전포,NNG
전주 여행,456,맛집,NNG
전주 여행,456,방문,NNG
전주 여행,456,기록,NNG
전주 여행,456,시절,NNG
전주 여행,456,시간,NNG
전주 여행,456,기다려,VV+EC
전주 여행,456,맛보,VV
전주 여행,456,메밀,NNG
전주 여행,456,정갈,XR
전주 여행,456,기억,NNG
전주 여행,456,근처,NNG
전주 여행,456,거닐,VV
전주 여행,456,문득,MAG
전주 여행,456,떠올랐,VV+EP
전주 여행,456,습니다,EF
전주 여행,456,그때,NNG
전주 여행,456,감동,NNG
전주 여행,456,그대로,MAG
전주 여행,456,구현,NNG
전주 여행,456,다는,ETM
전주 여행,456,이야기,NNG
전주 여행,456,찾아간,VV+ETM
전주 여행,456,공간,NNG
전주 여행,456,기대,NNG
전주 여행,456,보다,JKB
전주 여행,456,차분,XR
전주 여행,456,아늑,XR
전주 여행,456,정서,NNG
전주 여행,457,대가족,NNG
전주 여행,457,숙소,NNG
전주 여행,457,에서,JKB
전주 여행,457,느낀,VV+ETM
전주 여행,457,뜻밖,NNG
전주 여행,457,편리,NNG
전주 여행,457,이야기,NNG
전주 여행,457,대가족,NNG
전주 여행,457,숙소,NNG
전주 여행,457,에서,JKB
전주 여행,457,느낀,VV+ETM
전주 여행,457,뜻밖,NNG
전주 여행,457,편리,NNG
전주 여행,457,이야기,NNG
전주 여행,457,계획,NNG
전주 여행,457,면서,EC
전주 여행,457,가족,NNG
전주 여행,457,모두,NNG
전주 여행,457,함께,MAG
전주 여행,457,머물,VV+ETM
전주 여행,457,숙소,NNG
전주 여행,457,습니다,EF
전주 여행,457,그런데,MAJ
전주 여행,457,대가족,NNG
전주 여행,457,머물,VV
전주 여행,457,기에,EC
전주 여행,457,적합,XR
전주 여행,457,공간,NNG
전주 여행,457,경험,NNG
전주 여행,457,예상,NNG
전주 여행,457,못한,VX+ETM
전주 여행,458,펜션,NNG
전주 여행,458,파란,VA+ETM
전주 여행,458,하늘,NNG
전주 여행,458,펜션,NNG
전주 여행,458,예약,NNG
전주 여행,458,실제,NNG
전주 여행,458,후기,NNG
전주 여행,458,펜션,NNG
전주 여행,458,파란,VA+ETM
전주 여행,458,하늘,NNG
전주 여행,458,펜션,NNG
전주 여행,458,예약,NNG
전주 여행,458,실제,NNG
전주 여행,458,후기,NNG
전주 여행,458,계획,NNG
전주 여행,458,면서,EC
전주 여행,458,숙소,NNG
전주 여행,458,선택,NNG
전주 여행,458,고민,NNG
전주 여행,458,는데,EC
전주 여행,458,파란,VA+ETM
전주 여행,458,하늘,NNG
전주 여행,458,펜션,NNG
전주 여행,458,다녀왔,VV+EP
전주 여행,458,답니다,EF
전주 여행,458,이곳,NP
전주 여행,458,자연,NNG
전주 여행,458,에서,JKB
전주 여행,458,편안,NNG
전주 여행,458,공간,NNG
전주 여행,458,으로,JKB
전주 여행,458,알려져,VV+EC+VX+EC
전주 여행,459,한옥마을,NNP
전주 여행,459,데이트,NNG
전주 여행,459,코스,NNG
전주 여행,459,난장,NNG
전주 여행,459,추천,NNG
전주 여행,459,500,SN
전주 여행,459,한옥마을,NNP
전주 여행,459,전동성당,NNP
전주 여행,459,가장,MAG
전주 여행,459,먼저,MAG
전주 여행,459,떠올리,VV
전주 여행,459,는데,EC
전주 여행,459,생각,NNG
전주 여행,459,보다,JKB
전주 여행,459,비슷비슷,XR
전주 여행,459,상점,NNG
전주 여행,459,한옥,NNG
전주 여행,459,마을,NNG
전주 여행,459,어서,EC
전주 여행,459,색다른,VA+ETM
전주 여행,459,볼거리,NNG
전주 여행,459,거리,EC
전주 여행,459,을까,EC
전주 여행,459,다가,EC
전주 여행,459,발견,NNG
전주 여행,459,난장,NNG
전주 여행,460,전주호,NNP
전주 여행,460,호텔,NNG
전주 여행,460,한옥,NNP
전주 여행,460,루프,NNG
전주 여행,460,수영장,NNG
전주 여행,460,여름,NNG
전주 여행,460,끝자락,NNG
전주 여행,460,가족,NNG
전주 여행,460,다녀왔,VV+EP
전주 여행,460,어요,EF
전주 여행,460,저희,NP
전주 여행,460,숙소,NNG
전주 여행,460,호텔,NNG
전주 여행,460,인데,VCP+EC
전주 여행,460,한옥,NNP
전주 여행,460,루프,NNG
전주 여행,460,수영장,NNG
전주 여행,460,매력,NNG
전주 여행,460,더라구요,EF
전주 여행,460,오늘,MAG
전주 여행,460,포스팅,NNP
전주 여행,460,호텔,NNG
전주 여행,460,수영장,NNG
전주 여행,460,리뷰,NNP
전주 여행,460,입니다,VCP+EF
전주 여행,460,전북,NNP
전주 여행,461,정리,NNP
전주 여행,461,한옥마을,NNP
전주 여행,461,부터,JX
전주 여행,461,덕진,NNP
전주 여행,461,공원,NNG
전주 여행,461,까지,JX
전주 여행,461,여유,NNG
전주 여행,461,즐기,VV
전주 여행,461,특히,MAG
전주 여행,461,실패,NNG
전주 여행,461,정석,NNG
전주 여행,461,코스,NNG
전주 여행,461,일정,NNG
전주 여행,461,으로,JKB
전주 여행,461,대표,NNG
전주 여행,461,명소,NNG
전주 여행,461,먹거리,NNG
전주 여행,461,야경,NNG
전주 여행,461,함께,MAG
전주 여행,461,둘러보,VV
전주 여행,461,도록,EC
전주 여행,461,구성,NNG
전주 여행,461,습니다,EF
전주 여행,461,이번,NNG
전주 여행,461,에서,JKB
전주 여행,461,처음,NNG
전주 여행,461,방문,NNG
전주 여행,461,참고,NNG
전주 여행,461,도록,EC
전주 여행,462,에서,JKB
전주 여행,462,만난,VV+ETM
전주 여행,462,청년,NNG
전주 여행,462,인생,NNG
전주 여행,462,자카야,NNP
전주 여행,462,내산,NNP
전주 여행,462,백수,NNG
전주 여행,462,에서,JKB
전주 여행,462,남부,NNG
전주 여행,462,청년,NNG
전주 여행,462,강추,NNG
전주 여행,462,드리,VV
전주 여행,462,식당,NNG
전주 여행,462,카페,NNG
전주 여행,462,지만,EC
전주 여행,462,아기자기,MAG
전주 여행,462,합리,NNG
전주 여행,462,으로,JKB
전주 여행,462,기념품,NNG
전주 여행,462,가게,NNG
전주 여행,462,더라구요,EF
전주 여행,462,처음,NNG
전주 여행,462,그냥,MAG
전주 여행,462,일본,NNP
전주 여행,462,정식,NNG
전주 여행,462,정도,NNG
전주 여행,462,생각,NNG
전주 여행,462,는데,EC
전주 여행,462,막상,MAG
전주 여행,462,들어가,VV+EC
전주 여행,462,메뉴,NNG
전주 여행,463,그리고,MAJ
전주 여행,463,도자기,NNG
전주 여행,463,체험,NNG
전주 여행,463,자산,NNG
전주 여행,463,분청,NNG
전주 여행,463,접시,NNG
전주 여행,463,체험,NNG
전주 여행,463,안녕,NNG
전주 여행,463,세요,EP+EF
전주 여행,463,오늘,MAG
전주 여행,463,분청,NNG
전주 여행,463,접시,NNG
전주 여행,463,체험,NNG
전주 여행,463,영상,NNG
전주 여행,463,입니다,VCP+EF
전주 여행,463,분청,NNG
전주 여행,463,박지,NNG
전주 여행,463,체험,NNG
전주 여행,463,미리,MAG
전주 여행,463,건조,NNG
전주 여행,463,상태,NNG
전주 여행,463,기물,NNG
전주 여행,463,준비,NNG
전주 여행,463,해야,XSV+EC
전주 여행,463,합니다,VX+EF
전주 여행,463,그래서,MAJ
전주 여행,463,물레,NNG
전주 여행,463,접시,NNG
전주 여행,463,만들,VV
전주 여행,463,줍니다,VX+EF
전주 여행,463,물레,NNG
전주 여행,463,만든,VV+ETM
전주 여행,463,다음,NNG
전주 여행,463,줍니다,VX+EF
전주 여행,463,어느,MM
전주 여행,464,순천,NNG
전주 여행,464,국가,NNG
전주 여행,464,정원,NNG
전주 여행,464,아이,NNG
전주 여행,464,서문,NNG
전주 여행,464,주차장,NNG
전주 여행,464,시원,XR
전주 여행,464,해서,XSA+EC
전주 여행,464,떠났,VV+EP
전주 여행,464,20,SN
전주 여행,464,레일바이크,NNP
전주 여행,464,다는,ETM
전주 여행,464,조카,NNG
전주 여행,464,순천,NNG
전주 여행,464,국가,NNG
전주 여행,464,정원,NNG
전주 여행,464,아주,MAG
전주 여행,464,오랜만,NNG
전주 여행,464,가을,NNG
전주 여행,464,방문,NNG
전주 여행,464,해서,XSV+EC
전주 여행,464,많이,MAG
전주 여행,464,순천,NNG
전주 여행,464,국가,NNG
전주 여행,464,정원,NNG
전주 여행,464,이번,NNG
전주 여행,464,에선,JKB+JX
전주 여행,464,조카,NNG
전주 여행,464,와의,NNG
전주 여행,465,숙소,NNG
전주 여행,465,추천,NNG
전주 여행,465,아이,NNG
전주 여행,465,동반,NNG
전주 여행,465,가족,NNG
전주 여행,465,체력,NNG
전주 여행,465,아껴,VV+EC
전주 여행,465,한옥마을,NNP
전주 여행,465,동선,NNG
전주 여행,465,아동,NNG
전주 여행,465,동반,NNG
전주 여행,465,이나,JC
전주 여행,465,부모,NNG
전주 여행,465,많이,MAG
전주 여행,465,둘러보,VV
전주 여행,465,보다,JKB
전주 여행,465,얼마나,MAG
전주 여행,465,편안,NNG
전주 여행,465,즐겼,VV+EP
전주 여행,465,는가,EC
전주 여행,465,더욱,MAG
전주 여행,465,중요,NNG
전주 여행,465,합니다,XSV+EF
전주 여행,465,청연,NNG
전주 여행,465,전주천,NNP
전주 여행,465,한옥,NNG
전주 여행,465,마을,NNG
전주 여행,465,곳곳,NNG
전주 여행,465,힐링,NNG
전주 여행,465,스팟,NNG
전주 여행,465,동선,NNG
전주 여행,465,가족,NNG
전주 여행,465,스타일,NNG
전주 여행,466,2026,SN
전주 여행,466,다시,MAG
전주 여행,466,아버지,NNG
전주 여행,466,알츠하이머,NNG
전주 여행,466,치매,NNG
전주 여행,466,진단,NNG
전주 여행,466,여름,NNG
전주 여행,466,지나갔,VV+EP
전주 여행,466,매일,MAG
전주 여행,466,일기,NNG
전주 여행,466,별일,NNG
전주 여행,466,나날이,MAG
전주 여행,466,변화,NNG
전주 여행,466,경험,NNG
전주 여행,466,무언가,NP+VCP+EC
전주 여행,466,남기,VV
전주 여행,466,기록,NNG
전주 여행,466,는데,EC
전주 여행,467,베스트,NNP
전주 여행,467,웨스턴,NNP
전주 여행,467,조식,NNG
전주 여행,467,수영장,NNG
전주 여행,467,헬스,NNG
전주 여행,467,객사,NNG
전주 여행,467,근처,NNG
전주 여행,467,호텔,NNG
전주 여행,467,이용,NNG
전주 여행,467,전북,NNP
전주 여행,467,베스트,NNP
전주 여행,467,웨스턴,NNP
전주 여행,467,조식,NNG
전주 여행,467,수영장,NNG
전주 여행,467,헬스,NNG
전주 여행,467,객사,NNG
전주 여행,467,근처,NNG
전주 여행,467,호텔,NNG
전주 여행,467,이용,NNG
전주 여행,467,안녕,NNG
전주 여행,467,세요,EP+EF
전주 여행,467,언서,NNG
전주 여행,467,아름,NNG
전주 여행,467,촌장,NNG
전주 여행,467,에요,EF
전주 여행,467,숙소,NNG
전주 여행,467,는다면,EC
전주 여행,467,객사,NNG
전주 여행,467,한옥마을,NNP
전주 여행,467,함께,MAG
전주 여행,467,둘러보,VV
전주 여행,468,2026,SN
전주 여행,468,여름,NNG
전주 여행,468,방학,NNG
전주 여행,468,기록,NNG
전주 여행,468,부안,NNG
전주 여행,468,마루,NNG
전주 여행,468,계절,NNG
전주 여행,468,물놀이장,NNG
전주 여행,468,부안,NNG
전주 여행,468,제아,NNP
전주 여행,468,기나긴,VA+ETM
전주 여행,468,여름,NNG
전주 여행,468,방학,NNG
전주 여행,468,기록,NNG
전주 여행,468,친정,NNG
전주 여행,468,식구,NNG
전주 여행,468,함께,MAG
전주 여행,468,근교,NNG
전주 여행,468,제아,NNP
전주 여행,468,기나긴,VA+ETM
전주 여행,468,여름,NNG
전주 여행,468,방학,NNG
전주 여행,468,동안,NNG
전주 여행,468,다녀왔,VV+EP
전주 여행,468,하나,NR
전주 여행,468,기록,NNG
전주 여행,468,려고,EC
전주 여행,468,해요,VX+EF
전주 여행,468,이번,NNG
전주 여행,468,친정,NNG
전주 여행,468,식구,NNG
전주 여행,468,함께,MAG
전주 여행,468,근교,NNG
전주 여행,468,으로,JKB
전주 여행,468,부안,NNG
전주 여행,469,신시가지,NNG
전주 여행,469,옥주,NNG
전주 여행,469,전주비빔밥,NNG
전주 여행,469,맛집,NNG
전주 여행,469,김부각,NNG
전주 여행,469,비빔밥,NNG
전주 여행,469,조합,NNG
전주 여행,469,다가,EC
전주 여행,469,추천,NNG
전주 여행,469,드릴,VV+ETM
전주 여행,469,맛집,NNG
전주 여행,469,발견,NNG
전주 여행,469,습니다,EF
전주 여행,469,주가,NNG
전주 여행,469,봐야,VX+EC
전주 여행,469,전주비빔밥,NNG
전주 여행,469,지만,EC
전주 여행,469,유명,XR
전주 여행,469,가격,NNG
전주 여행,469,너무,MAG
전주 여행,469,사악,XR
전주 여행,469,한데요,XSA+EC
전주 여행,469,시가지,NNG
전주 여행,469,위치,NNG
전주 여행,469,옥주,NNG
전주 여행,469,적당,XR
전주 여행,469,가격대,NNG
전주 여행,469,맛있,VA
전주 여행,470,호텔,NNG
전주 여행,470,후기,NNG
전주 여행,470,한옥,NNG
전주 여행,470,마을,NNG
전주 여행,470,중심,NNG
전주 여행,470,에서,JKB
전주 여행,470,누리,VV
전주 여행,470,완벽,NNG
전주 여행,470,또한,MAJ
전주 여행,470,지역,NNG
전주 여행,470,깊이,MAG
전주 여행,470,알아볼,VV+ETM
전주 여행,470,도록,EC
전주 여행,470,다양,XR
전주 여행,470,문화,NNG
전주 여행,470,체험,NNG
전주 여행,470,투어,NNG
전주 여행,470,정보,NNG
전주 여행,470,제공,NNG
전주 여행,470,아서,EC
전주 여행,470,어요,EF
전주 여행,470,가족,NNG
전주 여행,470,반려,NNG
전주 여행,470,동물,NNG
전주 여행,470,동반,NNG
전주 여행,470,까지,JX
전주 여행,470,고려,NNG
전주 여행,470,안락,NNG
전주 여행,470,가성,NNG
전주 여행,470,최고,NNG
전주 여행,470,저희,NP
전주 여행,470,가족,NNG
전주 여행,470,구성원,NNG
전주 여행,470,모두,NNG
전주 여행,470,만족,NNG
전주 여행,470,만큼,NNB
전주 여행,470,청결,NNG
전주 여행,471,에서,JKB
전주 여행,471,건너온,VV+ETM
전주 여행,471,메밀,NNG
전주 여행,471,향기,NNG
전주 여행,471,부산,NNP
전주 여행,471,전포,NNG
전주 여행,471,메밀,NNG
전주 여행,471,소바,NNP
전주 여행,471,맛집,NNG
전주 여행,471,기록,NNG
전주 여행,471,타지,NNG
전주 여행,471,기억,NNG
전주 여행,471,되새기,VV
전주 여행,471,전포,NNG
전주 여행,471,카페,NNG
전주 여행,471,거리,NNG
전주 여행,471,정갈,XR
전주 여행,471,요리,NNG
전주 여행,471,그릇,NNG
전주 여행,471,본점,NNG
전주 여행,471,기억,NNG
전주 여행,471,연결,NNG
전주 여행,471,미식,NNG
전주 여행,471,과거,NNG
전주 여행,471,당시,NNG
전주 여행,471,경험,NNG
전주 여행,471,메밀,NNG
전주 여행,471,풍미,NNG
전주 여행,471,이곳,NP
전주 여행,471,부산,NNP
전주 여행,471,에서,JKB
전주 여행,471,다시,MAG
전주 여행,471,마주,MAG
전주 여행,471,다는,ETM
전주 여행,471,사실,NNG
전주 여행,472,퍼센트,NNBC
전주 여행,472,호스텔,NNG
전주 여행,472,이용,NNG
전주 여행,472,후기,NNG
전주 여행,472,한옥마을,NNP
전주 여행,472,객리,NNG
전주 여행,472,사이,NNG
전주 여행,472,완벽,NNG
전주 여행,472,에서,JKB
전주 여행,472,머물렀,VV+EP
전주 여행,472,이곳,NP
전주 여행,472,정말,MAG
전주 여행,472,기대,NNG
전주 여행,472,이상,NNG
전주 여행,472,어요,EF
전주 여행,472,체크인,NNG
전주 여행,472,부터,JX
전주 여행,472,친절,NNG
전주 여행,472,직원,NNG
전주 여행,472,응대,NNG
전주 여행,472,따뜻,XR
전주 여행,472,특히,MAG
전주 여행,472,청결,NNG
전주 여행,472,깨끗,XR
전주 여행,472,관리,NNG
전주 여행,472,시설,NNG
전주 여행,472,마음,NNG
전주 여행,472,편안,NNG
전주 여행,472,더라고요,EC
전주 여행,472,체크인,NNG
전주 여행,472,부터,JX
전주 여행,472,기분,NNG
전주 여행,473,변산반도,NNP
전주 여행,473,변산반도,NNP
전주 여행,473,시작,NNG
전주 여행,473,휴게소,NNG
전주 여행,473,전주비빔밥,NNG
전주 여행,473,함께,MAG
전주 여행,473,내소사,NNG
전주 여행,473,방문,NNG
전주 여행,473,는데,EC
전주 여행,473,스마트,NNG
전주 여행,473,불전,NNG
전주 여행,473,라니,EC
전주 여행,473,esg,SL
전주 여행,473,실천,NNG
전주 여행,473,인가,VCP+EC
전주 여행,473,석강,NNG
전주 여행,473,강바다,NNP
전주 여행,473,포차,NNG
전주 여행,473,지만,EC
전주 여행,473,솔직히,MAG
전주 여행,473,보여서,VV+EC
전주 여행,473,패스,NNG
전주 여행,473,밀물,NNG
전주 여행,474,전주호,NNP
전주 여행,474,신라,NNP
전주 여행,474,스테이,NNP
전주 여행,474,한옥마을,NNP
전주 여행,474,조식,NNG
전주 여행,474,루프,NNG
전주 여행,474,수영장,NNG
전주 여행,474,여러분,NP
전주 여행,474,즐거운,VA+ETM
전주 여행,474,위해,VV+EC
전주 여행,474,꼼꼼,XR
전주 여행,474,볼까요,VX+EF
전주 여행,474,방문,NNG
전주 여행,474,숙소,NNG
전주 여행,474,결정,NNG
전주 여행,474,기준,NNG
전주 여행,474,사람,NNG
전주 여행,474,마다,JX
전주 여행,474,다르,VA
전주 여행,474,지만,EC
전주 여행,474,대부분,NNG
전주 여행,474,접근성,NNG
전주 여행,474,청결,NNG
전주 여행,474,우선,MAG
전주 여행,474,순위,NNG
전주 여행,474,으실,EP+ETM
전주 여행,474,예요,VCP+EF
전주 여행,474,브랜드,NNG
전주 여행,474,명성,NNG
전주 여행,474,깔끔,XR
전주 여행,475,풍년제,NNP
전주 여행,475,본점,NNG
전주 여행,475,내산,NNP
전주 여행,475,방문,NNG
전주 여행,475,후기,NNG
전주 여행,475,에서,JKB
전주 여행,475,들러볼,VV+EC+VX+ETM
전주 여행,475,특히,MAG
전주 여행,475,간단,XR
전주 여행,475,거나,EC
전주 여행,475,가족,NNG
전주 여행,475,친구,NNG
전주 여행,475,에게,JKB
전주 여행,475,선물,NNG
전주 여행,475,고르,VV
전주 여행,475,에게,JKB
전주 여행,475,어울리,VV
전주 여행,475,어요,EF
전주 여행,475,마침,MAG
전주 여행,475,아들,NNG
전주 여행,475,여자,NNG
전주 여행,475,친구,NNG
전주 여행,475,생일,NNG
전주 여행,475,파티,NNG
전주 여행,475,소식,NNG
전주 여행,475,갑작스레,MAG
전주 여행,475,참석,NNG
전주 여행,475,지만,EC
전주 여행,476,맛집,NNG
전주 여행,476,보장,NNG
전주 여행,476,후기,NNG
전주 여행,476,짜장,MAG
전주 여행,476,탕수육,NNG
전주 여행,476,맛집,NNG
전주 여행,476,웨이팅,NNG
전주 여행,476,필수,NNG
전주 여행,476,주물,NNG
전주 여행,476,짜장,MAG
전주 여행,476,맛집,NNG
전주 여행,476,탕수육,NNG
전주 여행,476,탕수육,NNG
전주 여행,476,맛집,NNG
전주 여행,476,간짜장,NNG
전주 여행,476,짜장,MAG
전주 여행,476,맛집,NNG
전주 여행,476,탕수육,NNG
전주 여행,476,맛집,NNG
전주 여행,476,현지,NNG
전주 여행,476,맛집,NNG
전주 여행,476,웨이팅,NNG
전주 여행,476,맛집,NNG
전주 여행,476,주말,NNG
전주 여행,476,맛집,NNG
전주 여행,476,맛집,NNG
전주 여행,476,추천,NNG
전주 여행,476,중식,NNG
전주 여행,476,맛집,NNG
전주 여행,476,노포,NNG
전주 여행,476,맛집,NNG
전주 여행,477,모르,VV
전주 여행,477,사람,NNG
전주 여행,477,이랑,JC
전주 여행,477,에서,JKB
전주 여행,477,외향,NNG
전주 여행,477,인가요,VCP+EC
전주 여행,477,국내,NNG
전주 여행,477,프로그램,NNG
전주 여행,477,로컬,NNG
전주 여행,477,에서,JKB
전주 여행,477,진행,NNG
전주 여행,477,강릉,NNP
전주 여행,477,제주,NNP
전주 여행,477,검색,NNG
전주 여행,477,인생,NNG
전주 여행,477,사진,NNG
전주 여행,477,이런,MM
전주 여행,477,나오,VV
전주 여행,477,니까,EC
전주 여행,477,후기,NNG
전주 여행,477,힘들,VA
전주 여행,477,사실,MAG
전주 여행,477,친구,NNG
전주 여행,477,자고,EC
전주 여행,478,담양,NNP
전주 여행,478,부안,NNG
전주 여행,478,일기,NNG
전주 여행,478,는데,EC
전주 여행,478,부탁,NNG
전주 여행,478,해서,VV+EC
전주 여행,478,아쉬웠,VV+EP
전주 여행,478,인천,NNP
전주 여행,478,올라가,VV
전주 여행,478,한옥마을,NNP
전주 여행,478,들려서,VV+EC
전주 여행,478,열심히,MAG
전주 여행,478,구경,NNG
전주 여행,478,한옥마을,NNP
전주 여행,478,쨩사진,UNKNOWN
전주 여행,478,넘나,VV
전주 여행,478,든다,VV+EC
전주 여행,478,아주,MAG
전주 여행,478,알찬,VA+ETM
전주 여행,478,전라도,NNP
전주 여행,479,한옥마을,NNP
전주 여행,479,카카오,NNP
전주 여행,479,프렌즈,NNP
전주 여행,479,추천,NNG
전주 여행,479,한복,NNG
전주 여행,479,카카오,NNP
전주 여행,479,프렌즈,NNP
전주 여행,479,카카오,NNP
전주 여행,479,프렌즈,NNP
전주 여행,479,카카오,NNP
전주 여행,479,프렌즈,NNP
전주 여행,479,카카오,NNP
전주 여행,479,프렌즈,NNP
전주 여행,479,한옥마을,NNP
전주 여행,479,한옥마을,NNP
전주 여행,479,카카오,NNP
전주 여행,479,코스,NNG
전주 여행,479,여행가,NNG
전주 여행,479,한옥마을,NNP
전주 여행,479,한옥마을,NNP
전주 여행,479,소품,NNG
전주 여행,480,대전,NNP
전주 여행,480,공주,NNP
전주 여행,480,여행기,NNG
전주 여행,480,기전,NNG
전주 여행,480,마지막,NNG
전주 여행,480,으로,JKB
전주 여행,480,부자,NNG
전주 여행,480,떡집,NNG
전주 여행,480,알밤,NNG
전주 여행,480,모찌,NNG
전주 여행,480,한입,NNG
전주 여행,480,마지막,NNG
전주 여행,480,행선지,NNG
전주 여행,480,이자,NNG
전주 여행,480,이번,NNG
전주 여행,480,목적,NNG
전주 여행,480,영화,NNG
전주 여행,480,도시,NNG
전주 여행,480,으니까,EC
전주 여행,480,스파이더맨,NNP
전주 여행,480,재밌,VA
전주 여행,480,오락,NNG
전주 여행,480,영화,NNG
전주 여행,480,지만,EC
전주 여행,480,마블,NNG
전주 여행,480,영화,NNG
전주 여행,480,이상,NNG
전주 여행,480,챙겨,VV+EC
전주 여행,481,아늑,XR
전주 여행,481,한옥,NNP
전주 여행,481,게스트,NNP
전주 여행,481,하우스,NNP
전주 여행,481,미담,NNG
전주 여행,481,아늑,XR
전주 여행,481,한옥,NNP
전주 여행,481,게스트,NNP
전주 여행,481,하우스,NNP
전주 여행,481,미담,NNG
전주 여행,481,계획,NNG
전주 여행,481,면서,EC
전주 여행,481,남편,NNG
전주 여행,481,조금,MAG
전주 여행,481,특별,NNG
전주 여행,481,에서,JKB
전주 여행,481,하루,NNG
전주 여행,481,호텔,NNG
전주 여행,481,대신,NNG
전주 여행,481,분위기,NNG
전주 여행,481,제대로,MAG
전주 여행,481,느낄,VV+ETM
전주 여행,481,한옥,NNP
전주 여행,481,게스트,NNP
전주 여행,481,하우스,NNP
전주 여행,481,다가,EC
전주 여행,481,미담,NNG
전주 여행,481,에서,JKB
전주 여행,481,너무,MAG
전주 여행,482,남원,NNP
전주 여행,482,광주,NNP
전주 여행,482,근교,NNG
전주 여행,482,남원,NNP
전주 여행,482,숙소,NNG
전주 여행,482,지각,NNG
전주 여행,482,동관,NNG
전주 여행,482,추천,NNG
전주 여행,482,개월,NNBC
전주 여행,482,아기,NNG
전주 여행,482,광주,NNP
전주 여행,482,근교,NNG
전주 여행,482,남원,NNP
전주 여행,482,남원,NNP
전주 여행,482,에서,JKB
전주 여행,482,가족,NNG
전주 여행,482,끼리,XSN
전주 여행,482,숙박,NNG
전주 여행,482,숙소,NNG
전주 여행,482,명지,NNG
전주 여행,482,동관,NNG
전주 여행,482,소개,NNG
전주 여행,482,합니다,XSV+EF
전주 여행,482,최대,NNG
전주 여행,482,까지,JX
전주 여행,482,마다,JX
전주 여행,482,거실,NNG
전주 여행,482,으로,JKB
전주 여행,482,분리,NNG
전주 여행,482,가족,NNG
전주 여행,482,숙소,NNG
전주 여행,483,주무,NNG
전주 여행,483,인텔,NNP
전주 여행,483,힐링,NNG
전주 여행,483,무인,NNG
전주 여행,483,호텔,NNG
전주 여행,483,에서,JKB
전주 여행,483,스파,NNP
전주 여행,483,캠핑,NNG
전주 여행,483,까지,JX
전주 여행,483,즐긴,VV+ETM
전주 여행,483,후기,NNG
전주 여행,483,인하,NNG
전주 여행,483,오늘,NNG
전주 여행,483,인즈,NNP
전주 여행,483,BBQ,SL
전주 여행,483,스파,NNP
전주 여행,483,편안,NNG
전주 여행,483,침구류,NNG
전주 여행,483,까지,JX
전주 여행,483,갖춘,VV+ETM
전주 여행,483,무인,NNG
전주 여행,483,소개,NNG
전주 여행,483,드릴게요,VX+EF
전주 여행,483,주로,MAG
전주 여행,483,떠난,VV+ETM
전주 여행,483,인즈,NNP
전주 여행,483,한옥마을,NNP
전주 여행,483,구경,NNG
전주 여행,483,신나,VV
전주 여행,483,피로,NNG
전주 여행,483,면서,EC
전주 여행,483,감성,NNG
전주 여행,483,캠핑,NNG
전주 여행,483,까지,JX
전주 여행,483,숙소,NNG
전주 여행,484,한옥마을,NNP
전주 여행,484,맛집,NNG
전주 여행,484,분위기,NNG
전주 여행,484,고기,NNG
전주 여행,484,에서,JKB
전주 여행,484,데이트,NNG
전주 여행,484,전북,NNP
전주 여행,484,전주시,NNP
전주 여행,484,완산구,NNP
전주 여행,484,현무,NNG
전주 여행,484,16,SN
전주 여행,484,화요일,NNG
전주 여행,484,휴무,NNG
전주 여행,484,16,SN
전주 여행,484,00,SN
전주 여행,484,22,SN
전주 여행,484,30,SN
전주 여행,484,12,SN
전주 여행,484,00,SN
전주 여행,484,22,SN
전주 여행,484,30,SN
전주 여행,484,한옥마을,NNP
전주 여행,484,맛집,NNG
전주 여행,484,분위기,NNG
전주 여행,484,고기,NNG
전주 여행,484,에서,JKB
전주 여행,484,데이트,NNG
전주 여행,484,다녀오,VV
전주 여행,484,면서,EC
전주 여행,484,한옥마을,NNP
전주 여행,484,둘러보,VV
전주 여행,485,ft,SL
전주 여행,485,온주,NNG
전주 여행,485,31,SN
전주 여행,485,주로,MAG
전주 여행,485,이랑,JC
전주 여행,485,가족,NNG
전주 여행,485,장날,NNG
전주 여행,485,라고,EC
전주 여행,485,와요,NNG
전주 여행,485,도착,NNG
전주 여행,485,주차,NNG
전주 여행,485,공간,NNG
전주 여행,485,가능,NNG
전주 여행,485,해요,XSA+EF
전주 여행,485,예쁘,VA
전주 여행,485,예쁘,VA
전주 여행,485,갑자기,MAG
전주 여행,485,우리,NP
전주 여행,485,사진,NNG
전주 여행,485,풍년제,NNP
전주 여행,485,어요,EF
전주 여행,485,짱짱,MAG
전주 여행,485,어서,EC
전주 여행,486,한옥마을,NNP
전주 여행,486,여행기,NNG
전주 여행,486,길거리,NNG
전주 여행,486,먹방,NNG
전주 여행,486,성지,NNG
전주 여행,486,하나,NR
전주 여행,486,골목,NNG
전주 여행,486,거닐,VV
전주 여행,486,맛보,VV
전주 여행,486,한옥마을,NNP
전주 여행,486,다채,XR
전주 여행,486,로운,XSA+ETM
전주 여행,486,간식,NNG
전주 여행,486,즐거움,NNG
전주 여행,486,채워,VV+EC
전주 여행,486,습니다,EF
전주 여행,486,신다면,EP+EC
전주 여행,486,소개,NNG
전주 여행,486,드린,VX+ETM
전주 여행,486,명물,NNG
전주 여행,486,간식,NNG
전주 여행,486,하나,NR
전주 여행,486,도장,NNG
전주 여행,486,권해,VV+EC
전주 여행,486,드립니다,VX+EC
전주 여행,487,한옥마을,NNP
전주 여행,487,이태리,NNP
전주 여행,487,얼음과자,NNG
전주 여행,487,아이스크림,NNG
전주 여행,487,수박,NNG
전주 여행,487,그라,VV
전주 여행,487,따와,VV+EC
전주 여행,487,젤라,NNP
전주 여행,487,한옥,NNG
전주 여행,487,마을,NNG
전주 여행,487,중심,NNG
전주 여행,487,성심,NNG
전주 여행,487,여자,NNG
전주 여행,487,고등학교,NNG
전주 여행,487,다니,VV
전주 여행,487,여고생,NNG
전주 여행,487,주변,NNG
전주 여행,487,아서,EC
전주 여행,487,부럽,VA
전주 여행,487,생각,NNG
전주 여행,487,지나갔,VV+EP
전주 여행,487,나란,NNG+JX
전주 여행,487,발견,NNG
전주 여행,487,인생,NNG
전주 여행,487,젤라,NNP
전주 여행,487,이태리,NNP
전주 여행,487,얼음과자,NNG
전주 여행,487,아이스크림,NNG
전주 여행,488,칼국수,NNG
전주 여행,488,로컬,NNG
전주 여행,488,맛집,NNG
전주 여행,488,금암,NNG
전주 여행,488,면옥,NNG
전주 여행,488,본점,NNG
전주 여행,488,요오,EC
전주 여행,488,오늘,NNG
전주 여행,488,칼국수,NNG
전주 여행,488,맛집,NNG
전주 여행,488,베테랑,NNG
전주 여행,488,은데,EC
전주 여행,488,여기,NP
전주 여행,488,로컬,NNG
전주 여행,488,맛집,NNG
전주 여행,488,영업시간,NNG
전주 여행,488,09,SN
전주 여행,488,30,SN
전주 여행,488,21,SN
전주 여행,488,00,SN
전주 여행,488,가능,NNG
전주 여행,488,환영,NNG
전주 여행,488,주차장,NNG
전주 여행,488,시간,NNBC
전주 여행,488,무료,NNG
전주 여행,488,글고,MAJ
전주 여행,488,여기,NP
전주 여행,488,위치,NNG
전주 여행,488,버스,NNG
전주 여행,488,터미널,NNG
전주 여행,488,이랑,JC
전주 여행,489,03,SN
전주 여행,489,01,SN
전주 여행,489,03,SN
전주 여행,489,02,SN
전주 여행,489,승후,NNG
전주 여행,489,만나,VV
전주 여행,489,미진,NNG
전주 여행,489,조지,NNP
전주 여행,489,근데,MAJ
전주 여행,489,이날,NNG
전주 여행,489,애매,XR
전주 여행,489,구이,NNG
전주 여행,489,맛있,VA
전주 여행,489,이자카야,NNP
전주 여행,489,토리,NNG
전주 여행,489,토리,NNG
전주 여행,489,이름,NNG
전주 여행,489,까먹,VV
전주 여행,490,한옥마을,NNP
전주 여행,490,여행기,NNG
전주 여행,490,고즈넉,XR
전주 여행,490,돌담길,NNP
전주 여행,490,부터,JX
전주 여행,490,맛집,NNG
전주 여행,490,이색,NNG
전주 여행,490,전통,NNG
전주 여행,490,고즈넉,XR
전주 여행,490,정취,NNG
전주 여행,490,트렌디,NNP
전주 여행,490,디저트,NNG
전주 여행,490,이색,NNG
전주 여행,490,체험,NNG
전주 여행,490,어우러진,VV+ETM
전주 여행,490,대한민국,NNP
전주 여행,490,대표,NNG
전주 여행,490,여행지,NNG
전주 여행,490,한옥마을,NNP
전주 여행,490,골목,NNG
전주 여행,490,투어,NNG
전주 여행,490,후기,NNG
전주 여행,490,입니다,VCP+EF
전주 여행,490,활기,NNG
전주 여행,490,넘치,VV
전주 여행,490,거리,NNG
전주 여행,490,풍경,NNG
전주 여행,490,곳곳,NNG
전주 여행,490,플레이스,NNG
전주 여행,490,매장,NNG
전주 여행,490,정보,NNG
전주 여행,490,그리고,MAJ
전주 여행,491,아이,NNG
전주 여행,491,BEST,SL
전주 여행,491,후기,NNG
전주 여행,491,평점,NNG
전주 여행,491,가족,NNG
전주 여행,491,추천,NNG
전주 여행,491,실내,NNG
전주 여행,491,국립,NNG
전주 여행,491,박물관,NNG
전주 여행,491,아이,NNG
전주 여행,491,함께,MAG
전주 여행,491,에서,JKB
전주 여행,491,이나,JX
전주 여행,491,무더운,VA+ETM
전주 여행,491,대비,NNG
전주 여행,491,다면,EC
전주 여행,491,추천,NNG
전주 여행,491,드립니다,VV+EF
전주 여행,491,현재,MAG
전주 여행,491,평점,NNG
전주 여행,491,리뷰,NNP
전주 여행,491,523,SN
전주 여행,491,으로,JKB
전주 여행,491,박물관,NNG
전주 여행,491,에서,JKB
전주 여행,491,후기,NNG
전주 여행,491,충분히,MAG
전주 여행,491,쌓여,VV+EC
전주 여행,491,습니다,EF
전주 여행,491,특히,MAG
전주 여행,491,일반,NNG
전주 여행,492,전북,NNP
전주 여행,492,완주,NNP
전주 여행,492,물놀,NNG
전주 여행,492,동상,NNG
전주 여행,492,계곡,NNG
전주 여행,492,평상,NNG
전주 여행,492,대여,NNG
전주 여행,492,추천,NNG
전주 여행,492,명지,NNG
전주 여행,492,목산,NNG
전주 여행,492,안녕,NNG
전주 여행,492,세요,EP+EF
전주 여행,492,블로거,NNP
전주 여행,492,입니다,VCP+EF
전주 여행,492,여름,NNG
전주 여행,492,시원,XR
전주 여행,492,잖아요,EC+VX+EF
전주 여행,492,여름,NNG
전주 여행,492,더위,NNG
전주 여행,492,피할,VV+ETM
전주 여행,492,다가,EC
전주 여행,492,완주,NNG
전주 여행,492,동상,NNG
전주 여행,492,계곡,NNG
전주 여행,492,다녀왔,VV+EP
전주 여행,492,어요,EF
전주 여행,492,계곡,NNP
전주 여행,492,개골,NNG
전주 여행,492,개골,NNG
전주 여행,492,튜버,NNP
전주 여행,492,소개,NNG
전주 여행,492,대전,NNP
전주 여행,492,근교,NNG
전주 여행,493,48,SN
전주 여행,493,충북,NNP
전주 여행,493,옥천,NNG
전주 여행,493,전부,MAG
전주 여행,493,사벌,NNG
전주 여행,493,막걸리,NNG
전주 여행,493,막걸리,NNG
전주 여행,493,탐험가,NNG
전주 여행,493,전국,NNG
전주 여행,493,막걸리,NNG
전주 여행,493,탐험,NNG
전주 여행,493,충북,NNP
전주 여행,493,옥천,NNP
전주 여행,493,사벌,NNG
전주 여행,493,막걸리,NNG
전주 여행,493,취미,NNG
전주 여행,493,소고기,NNG
전주 여행,493,갈비,NNG
전주 여행,493,구이,NNG
전주 여행,493,사벌,NNG
전주 여행,493,막걸리,NNG
전주 여행,493,사벌,NNG
전주 여행,493,막걸리,NNG
전주 여행,493,제품,NNG
전주 여행,493,사벌,NNG
전주 여행,493,막걸리,NNG
전주 여행,493,지역,NNG
전주 여행,494,숙소,NNG
전주 여행,494,한옥마을,NNP
전주 여행,494,게스트,NNP
전주 여행,494,하우스,NNP
전주 여행,494,한옥,NNG
전주 여행,494,마당,NNG
전주 여행,494,방문,NNG
전주 여행,494,소망,NNG
전주 여행,494,머물,VV
전주 여행,494,여유,NNG
전주 여행,494,로웠,XSA+EP
전주 여행,494,최대,NNG
전주 여행,494,까지,JX
전주 여행,494,이용,NNG
전주 여행,494,객실,NNG
전주 여행,494,커플,NNG
전주 여행,494,이나,JC
전주 여행,494,친구,NNG
전주 여행,494,즐기,VV
전주 여행,494,어요,EF
전주 여행,494,벽면,NNG
전주 여행,494,이나,JC
전주 여행,494,옷걸이,NNG
전주 여행,494,곳곳,NNG
전주 여행,494,에서,JKB
전주 여행,494,전통,NNG
전주 여행,494,감성,NNG
전주 여행,494,듬뿍,MAG
전주 여행,494,느껴,VV+EC
전주 여행,494,요소,NNG
전주 여행,495,전북,NNP
전주 여행,495,데이트,NNG
전주 여행,495,코스,NNG
전주 여행,495,추천,NNG
전주 여행,495,스마일,NNP
전주 여행,495,이닝,NNG
전주 여행,495,파스타,NNG
전주 여행,495,맛집,NNG
전주 여행,495,추천,NNG
전주 여행,495,안녕,NNG
전주 여행,495,세요,EP+EF
전주 여행,495,두부,NNG
전주 여행,495,만난,VV+ETM
전주 여행,495,미국,NNP
전주 여행,495,어느,MM
전주 여행,495,레스토랑,NNG
전주 여행,495,생각나,VV
전주 여행,495,멋진,VA+ETM
전주 여행,495,공간,NNG
전주 여행,495,에서,JKB
전주 여행,495,근사,XR
전주 여행,495,데이트,NNG
전주 여행,495,스마일,NNP
전주 여행,495,이닝,NNG
전주 여행,495,후기,NNG
전주 여행,495,이미,MAG
전주 여행,495,파스타,NNG
전주 여행,495,맛집,NNG
전주 여행,495,으로,JKB
전주 여행,495,유명,XR
전주 여행,495,는데요,EF
전주 여행,495,스마일,NNP
전주 여행,495,이닝,NNG
전주 여행,495,전북,NNP
전주 여행,496,맛집,NNG
전주 여행,496,뉴욕,NNP
전주 여행,496,타임스,NNP
전주 여행,496,극찬,NNG
전주 여행,496,막걸리,NNG
전주 여행,496,한상,NNG
전주 여행,496,원조,NNG
전주 여행,496,풍성,XR
전주 여행,496,장식,NNG
전주 여행,496,최고,NNG
전주 여행,496,미식,NNG
전주 여행,496,문화,NNG
전주 여행,496,주전자,NNG
전주 여행,496,함께,MAG
전주 여행,496,푸짐,XR
전주 여행,496,안주,NNG
전주 여행,496,쏟아져,VV+EC
전주 여행,496,나오,VV
전주 여행,496,막걸리,NNG
전주 여행,496,다녀왔,VV+EP
전주 여행,496,습니다,EF
전주 여행,496,서신동,NNP
전주 여행,496,본점,NNG
전주 여행,496,에서,JKB
전주 여행,496,시작,NNG
전주 여행,496,뉴욕,NNP
전주 여행,496,타임스,NNP
전주 여행,496,까지,JX
전주 여행,496,매료,NNG
전주 여행,496,시킨,XSV+ETM
전주 여행,496,막걸리,NNG
전주 여행,497,위치,NNG
전주 여행,497,감성,NNG
전주 여행,497,가진,VV+ETM
전주 여행,497,전북,NNP
전주 여행,497,주변,NNG
전주 여행,497,비앤비,NNP
전주 여행,497,독채,NNG
전주 여행,497,숙소,NNG
전주 여행,497,사람,NNG
전주 여행,497,라면,EC
전주 여행,497,한옥마을,NNP
전주 여행,497,객사,NNG
전주 여행,497,신시가지,NNG
전주 여행,497,가까운,VA+ETM
전주 여행,497,편하,VA
전주 여행,497,사실,MAG
전주 여행,497,감성,NNG
전주 여행,497,인테리어,NNG
전주 여행,497,구축,NNG
전주 여행,497,느낌,NNG
전주 여행,497,는데,EC
전주 여행,497,아니,VCN
전주 여행,497,전혀,MAG
전주 여행,497,들어가,VV
전주 여행,497,자마자,EC
전주 여행,497,보이,VV
전주 여행,497,부엌,NNG
전주 여행,497,우드,NNG
전주 여행,498,내산,NNP
전주 여행,498,한옥마을,NNP
전주 여행,498,성비,NNG
전주 여행,498,맛집,NNG
전주 여행,498,한울,NNP
전주 여행,498,밥상,NNG
전주 여행,498,그냥,MAG
전주 여행,498,나옴,VV+EC
전주 여행,498,이번,NNG
전주 여행,498,성비,NNG
전주 여행,498,컨셉,NNG
전주 여행,498,다가,EC
전주 여행,498,한옥마을,NNP
전주 여행,498,물가,NNG
전주 여행,498,으러,EC
전주 여행,498,한울,NNP
전주 여행,498,밥상,NNG
전주 여행,498,발견,NNG
전주 여행,498,가성,NNG
전주 여행,498,반찬,NNG
전주 여행,498,다양,NNG
전주 여행,498,맛있,VA
전주 여행,498,어요,EF
전주 여행,498,더니,EC
전주 여행,498,아이,NNG
전주 여행,498,데리,VV
전주 여행,498,테이블,NNG
전주 여행,498,엄청,MAG
전주 여행,499,한옥마을,NNP
전주 여행,499,청연,NNG
전주 여행,499,방문,NNG
전주 여행,499,후기,NNG
전주 여행,499,천교,NNG
전주 여행,499,에서,JKB
전주 여행,499,999,SN
전주 여행,499,트롤리버스,NNG
전주 여행,499,여름,NNG
전주 여행,499,에서,JKB
전주 여행,499,오목,MAG
전주 여행,499,정자,NNG
전주 여행,499,청연,NNG
전주 여행,499,처럼,JKB
전주 여행,499,잠시,MAG
전주 여행,499,전통,NNG
전주 여행,499,누각,NNG
전주 여행,499,하나,NR
전주 여행,499,동선,NNG
전주 여행,499,괜찮,VA
전주 여행,499,습니다,EF
전주 여행,499,터널,NNG
전주 여행,499,반대편,NNG
전주 여행,499,동선,NNG
전주 여행,499,으로,JKB
전주 여행,499,이어진다,VV+EC
전주 여행,499,천교,NNG
전주 여행,499,에서,JKB
전주 여행,499,주천,NNG
전주 여행,499,바라보,VV
전주 여행,499,한옥마을,NNP
전주 여행,500,한옥마을,NNP
전주 여행,500,호텔,NNG
전주 여행,500,신라,NNP
전주 여행,500,스테이,NNG
전주 여행,500,가성,NNG
전주 여행,500,숙소,NNG
전주 여행,500,비교,NNG
전주 여행,500,그날,NNG
전주 여행,500,요금,NNG
전주 여행,500,면서,EC
전주 여행,500,마음,NNG
전주 여행,500,으로,JKB
전주 여행,500,으시,EP
전주 여행,500,됩니다,VV+EF
전주 여행,500,한옥마을,NNP
전주 여행,500,숙소,NNG
전주 여행,500,추천,NNG
전주 여행,500,호텔,NNG
전주 여행,500,신라,NNP
전주 여행,500,스테이,NNP
전주 여행,500,호텔,NNG
전주 여행,500,한옥,NNG
전주 여행,500,마을,NNG
전주 여행,500,숙소,NNG
전주 여행,500,전주호,NNP
전주 여행,500,숙소,NNG
전주 여행,500,비교,NNG
