query,no,title,link,description,total_text
경주 여행,1,경주 황리단길 솥밥 한정식 맛집 놋전집 내돈내산 추천,https://blog.naver.com/realkjw21/224399951473,오늘도 여기저기 떠나는 역맛살이에요    오늘 떠난 곳은 경주에 있는 맛집 놋전집 입니다 경주여행에    가족여행오는 분들도 편하게 먹을 수 있어요 메뉴입니다 솥밥  고추장불고기  순두부찌개가    ,경주 황리단길 솥밥 한정식 맛집 놋전집 내돈내산 추천 오늘도 여기저기 떠나는 역맛살이에요    오늘 떠난 곳은 경주에 있는 맛집 놋전집 입니다 경주여행에    가족여행오는 분들도 편하게 먹을 수 있어요 메뉴입니다 솥밥  고추장불고기  순두부찌개가    
경주 여행,2,경주 맛집 추천   천마맷돌순두부   해장메뉴로 강추  내돈내산 솔직    ,https://blog.naver.com/offwork_everywhere/224399945547,여행 맛집 블로그를 운영한지 어연 1년이 지나가네요    저는 웨이팅이 있는 곳이라면 그 이유가    라고 생각하는 사람입니다       그래서 경주 여행가서 웨이팅이 유일하게 정말 길었던 경주맛집    ,경주 맛집 추천   천마맷돌순두부   해장메뉴로 강추  내돈내산 솔직     여행 맛집 블로그를 운영한지 어연 1년이 지나가네요    저는 웨이팅이 있는 곳이라면 그 이유가    라고 생각하는 사람입니다       그래서 경주 여행가서 웨이팅이 유일하게 정말 길었던 경주맛집    
경주 여행,3, 경주  뷰가좋은 물회맛집  갈매기횟집,https://blog.naver.com/jencee/224399942772,7월11일 가족 경주여행 아빠추천으로 방문한 횟집후기 울아빠 입구컷 1층은 홀이없고 바로 2층으로 올라감   손님 가득했는데 빌때 잠깐 찍느라 식겁했다   앞뒤옆 통창문에 바다가 바로 보여서    , 경주  뷰가좋은 물회맛집  갈매기횟집 7월11일 가족 경주여행 아빠추천으로 방문한 횟집후기 울아빠 입구컷 1층은 홀이없고 바로 2층으로 올라감   손님 가득했는데 빌때 잠깐 찍느라 식겁했다   앞뒤옆 통창문에 바다가 바로 보여서    
경주 여행,4,경주 소노캄 수영장 실시간 후기  오후 2시엔 한산했는데 지금은 ,https://blog.naver.com/vnfms-sky/224399939385, 소노캄경주  소노캄경주수영장  소노캄경주후기  경주소노캄  경주수영장  경주호텔수영장  경주호캉스  경주가족여행  경주아이와  아이와경주여행  경주숙소  경주리조트  경주여행  경주물놀이,경주 소노캄 수영장 실시간 후기  오후 2시엔 한산했는데 지금은   소노캄경주  소노캄경주수영장  소노캄경주후기  경주소노캄  경주수영장  경주호텔수영장  경주호캉스  경주가족여행  경주아이와  아이와경주여행  경주숙소  경주리조트  경주여행  경주물놀이
경주 여행,5,경주 애견풀빌라에서 마주한 우리 강아지의 행복한 순간들,https://blog.naver.com/at6sbizv8/224399938587,설레는 마음으로 떠난 경주 여행 날씨가 정말 화창한 어느 날  강아지와 함께 경주로 떠나는 계획을    이런 디테일 하나하나가 여행의 질을 높여주네요  경주에서 보낸 고요한 쉼표 단체펜션으로도 손색없을    ,경주 애견풀빌라에서 마주한 우리 강아지의 행복한 순간들 설레는 마음으로 떠난 경주 여행 날씨가 정말 화창한 어느 날  강아지와 함께 경주로 떠나는 계획을    이런 디테일 하나하나가 여행의 질을 높여주네요  경주에서 보낸 고요한 쉼표 단체펜션으로도 손색없을    
경주 여행,6,경주 프라이빗 풀빌라 스테이플랑  여름 물놀이부터 가족여행까지     ,https://blog.naver.com/jiwon202411/224399938034,햇살이 길어지고 물놀이 생각이 자연스럽게 나는 여름이면 경주 여행도 조금 다르게 계획해보게 되죠     경주커플여행  경주가족여행  경주단체숙소  경주수영장펜션  경주온수풀빌라  보문단지풀빌라    ,경주 프라이빗 풀빌라 스테이플랑  여름 물놀이부터 가족여행까지      햇살이 길어지고 물놀이 생각이 자연스럽게 나는 여름이면 경주 여행도 조금 다르게 계획해보게 되죠     경주커플여행  경주가족여행  경주단체숙소  경주수영장펜션  경주온수풀빌라  보문단지풀빌라    
경주 여행,7,기념일에 가기좋은 경주 황리단길 코스요리 타베르나 블루리본 맛    ,https://blog.naver.com/newjung1398/224399927620,친언니 생일 기념으로 경주여행을 계획하던 중 발견한 분위기 좋은 황리단길 맛집 맛도 가성비도 모두    좋고 경주 황리단길 중심가이지만 소란스럽지 않아 여유로운 식사가 가능해요 타베르나 소개 멋진    ,기념일에 가기좋은 경주 황리단길 코스요리 타베르나 블루리본 맛     친언니 생일 기념으로 경주여행을 계획하던 중 발견한 분위기 좋은 황리단길 맛집 맛도 가성비도 모두    좋고 경주 황리단길 중심가이지만 소란스럽지 않아 여유로운 식사가 가능해요 타베르나 소개 멋진    
경주 여행,8, 경주 가볼만한곳   명퉤 경주 플래그십스토어  음양오행 운을 끌어    ,https://blog.naver.com/gusdud2065/224399924192,안녕하세요 지난주 경주 여행을 다녀오면서 경주에 핫한곳을 방문해봤어요 경주 명퉤 플래그십은 오랜 세월 삶의 길흉화복      을 다스리던 그 땅의 에너지를 현대적 감각으로 재해석한 특별한    , 경주 가볼만한곳   명퉤 경주 플래그십스토어  음양오행 운을 끌어     안녕하세요 지난주 경주 여행을 다녀오면서 경주에 핫한곳을 방문해봤어요 경주 명퉤 플래그십은 오랜 세월 삶의 길흉화복      을 다스리던 그 땅의 에너지를 현대적 감각으로 재해석한 특별한    
경주 여행,9,안녕 한국의 나,https://blog.naver.com/poo902012/224399922428,패배요정   경주여행 광녀들 돌아라 돌아라 서울  Rawan s recipe   제육   mustard 사진 전문가 꺼드럭 오사카여행 갸루   전주여행 with Rawan               Authorisation My century 어깨    ,안녕 한국의 나 패배요정   경주여행 광녀들 돌아라 돌아라 서울  Rawan s recipe   제육   mustard 사진 전문가 꺼드럭 오사카여행 갸루   전주여행 with Rawan               Authorisation My century 어깨    
경주 여행,10,경주 애견동반 숙소 추천 황리단길 7분 강아지와 마음껏 뛰놀 수 있    ,https://blog.naver.com/baekmarie_/224399921938,경주 애견동반 숙소 추천  황리단길 7분 거리 한옥 독채 스테이 석류  체감거리는 5분      경주 여행을 준비하면서 이번에는 모카와 함께 편하게 머물 수 있는 애견동반 숙소를 찾았어요  강아지와 함께 여행할    ,경주 애견동반 숙소 추천 황리단길 7분 강아지와 마음껏 뛰놀 수 있     경주 애견동반 숙소 추천  황리단길 7분 거리 한옥 독채 스테이 석류  체감거리는 5분      경주 여행을 준비하면서 이번에는 모카와 함께 편하게 머물 수 있는 애견동반 숙소를 찾았어요  강아지와 함께 여행할    
경주 여행,11,라한셀렉트 경주 가을 숙박 보문호 레이크뷰와 아침 산책이 좋은     ,https://blog.naver.com/aweee_-/224399908514,경주 여행은 볼 곳이 많아 숙소에서도 서두르기 쉽습니다  라한셀렉트는 보문호의 저녁과 아침을    조용한 여행이라면 이용시간을 나눠 잡는 편이 좋습니다 라한셀렉트 경주는 북스토어 카페  경주산책     ,라한셀렉트 경주 가을 숙박 보문호 레이크뷰와 아침 산책이 좋은      경주 여행은 볼 곳이 많아 숙소에서도 서두르기 쉽습니다  라한셀렉트는 보문호의 저녁과 아침을    조용한 여행이라면 이용시간을 나눠 잡는 편이 좋습니다 라한셀렉트 경주는 북스토어 카페  경주산책     
경주 여행,12,경주 황리단길 한정식 월계관 소불고기 우렁쌈장 한상,https://blog.naver.com/koyung831/224399905722,경주 황리단길 한정식 월계관 경북 경주시 사정로57번길 8 1 1층 월계관 영업시간   매일 11 00 21 00    자극적이지 않아서 오히려 여행 중에 더 좋았어요 경주 여행하면서 계속 외식을 하다 보면 생각보다 자극적인    ,경주 황리단길 한정식 월계관 소불고기 우렁쌈장 한상 경주 황리단길 한정식 월계관 경북 경주시 사정로57번길 8 1 1층 월계관 영업시간   매일 11 00 21 00    자극적이지 않아서 오히려 여행 중에 더 좋았어요 경주 여행하면서 계속 외식을 하다 보면 생각보다 자극적인    
경주 여행,13,경주여행가서 경주 얼굴빵 사진은 필수  경주 황리단길 가볼만한곳,https://blog.naver.com/qwe765432/224399898901,무엇보다도 경주여행하면서 경주에서만 할 수 있는 여행기념품인 것 같아요  그리고 저는 보냉백에 담아서 집에가서 다음날도 먹었는데요 에어프라이에 데워 먹으니깐 맛있었습니다  쫄깃하고 추억사진 찍을    ,경주여행가서 경주 얼굴빵 사진은 필수  경주 황리단길 가볼만한곳 무엇보다도 경주여행하면서 경주에서만 할 수 있는 여행기념품인 것 같아요  그리고 저는 보냉백에 담아서 집에가서 다음날도 먹었는데요 에어프라이에 데워 먹으니깐 맛있었습니다  쫄깃하고 추억사진 찍을    
경주 여행,14,  Travel   느슨한 경주 여행 2박 3일           경주월드   단디    ,https://blog.naver.com/u_ravel/224399898228,   얼레벌레 먹부림 경주여행 2일차 스타또   숙소 앞 10분 거리에 경주월드가 있어서 느긋하게    좋은 시간  추억이 남았으니 최고로 보람찬 여행이었다         다시 현실로 돌아가야지    안녕   ,  Travel   느슨한 경주 여행 2박 3일           경주월드   단디        얼레벌레 먹부림 경주여행 2일차 스타또   숙소 앞 10분 거리에 경주월드가 있어서 느긋하게    좋은 시간  추억이 남았으니 최고로 보람찬 여행이었다         다시 현실로 돌아가야지    안녕   
경주 여행,15, 6세 아이와 경주 여행  Day 1 경주 라한셀렉트 체크인  아이와 수영    ,https://blog.naver.com/superlucky_js/224399898756,짜장면은 맛이 없다고 해서 간신히 먹였다   instagram  superlucky js  경주여행  아이와경주  경주가족여행  6세아이와여행  경주라한셀렉트  라한셀렉트경주  라한셀렉트경주수영장  경주호텔  아이와경주여행, 6세 아이와 경주 여행  Day 1 경주 라한셀렉트 체크인  아이와 수영     짜장면은 맛이 없다고 해서 간신히 먹였다   instagram  superlucky js  경주여행  아이와경주  경주가족여행  6세아이와여행  경주라한셀렉트  라한셀렉트경주  라한셀렉트경주수영장  경주호텔  아이와경주여행
경주 여행,16,경주 황리단길 여행필수코스 사진찍기 좋은 디저트선물추천 경주얼    ,https://blog.naver.com/2jaeseon/224399895096,재밌는 사진도 찍을 수 있고 맛도 있는 경주얼굴빵 가격도 부담없으니 디저트선물하기에도 좋겠어요  추억 쌓으시고 즐거운 먹거리되세요오        경주여행  경주맛집  경주디저트맛집  경주선물디저트,경주 황리단길 여행필수코스 사진찍기 좋은 디저트선물추천 경주얼     재밌는 사진도 찍을 수 있고 맛도 있는 경주얼굴빵 가격도 부담없으니 디저트선물하기에도 좋겠어요  추억 쌓으시고 즐거운 먹거리되세요오        경주여행  경주맛집  경주디저트맛집  경주선물디저트
경주 여행,17,경주 1박 2일,https://blog.naver.com/xzhjccho/224399891146,8월 29 30 1박 2일로 경주여행을 다녀왔습니다  이번에도 노션으로 일정    혼여행하거나 2명이 딱 괜찮을거같아요 나도 이런곳에서 커피내리고싶다   그리고 드라이브하다가 경주타워랑 황룡원봄 크다 끗    ,경주 1박 2일 8월 29 30 1박 2일로 경주여행을 다녀왔습니다  이번에도 노션으로 일정    혼여행하거나 2명이 딱 괜찮을거같아요 나도 이런곳에서 커피내리고싶다   그리고 드라이브하다가 경주타워랑 황룡원봄 크다 끗    
경주 여행,18,경주 황리단길 맛집 경주대게닭강정  여행 중 즐긴 야식 포장 후기,https://blog.naver.com/nyang_d/224399885569,경주 황리단길 맛집 여행 중 즐긴 야식 포장 후기 경주대게닭강정  푸드 인플루언서 K주부 얼마전 경주여행을 다녀왔는데요  숙소에서 즐길 야식을 알아보다가 경주에서 유명한 먹거리를 포장해 가자 싶어서    ,경주 황리단길 맛집 경주대게닭강정  여행 중 즐긴 야식 포장 후기 경주 황리단길 맛집 여행 중 즐긴 야식 포장 후기 경주대게닭강정  푸드 인플루언서 K주부 얼마전 경주여행을 다녀왔는데요  숙소에서 즐길 야식을 알아보다가 경주에서 유명한 먹거리를 포장해 가자 싶어서    
경주 여행,19,경주여행 돌아오는 길 들른 속초방향 옥계휴게소 바다뷰 식당 돈    ,https://blog.naver.com/wldls1012/224399881568,여행하다 배고플 때 들러서 한 끼 먹고 가기 좋은 옥계휴게소였어요  경주여행  경주여행후기  경주여행코스  경주여행추천  옥계휴게소  옥계휴게소식당  옥계휴게소맛집  속초방향옥계휴게소  속초방향휴게소    ,경주여행 돌아오는 길 들른 속초방향 옥계휴게소 바다뷰 식당 돈     여행하다 배고플 때 들러서 한 끼 먹고 가기 좋은 옥계휴게소였어요  경주여행  경주여행후기  경주여행코스  경주여행추천  옥계휴게소  옥계휴게소식당  옥계휴게소맛집  속초방향옥계휴게소  속초방향휴게소    
경주 여행,20,맛집 추천   경주  도정 ,https://blog.naver.com/karen2002/224399878818,저번 여행 때 가고 싶었는데 예약을 안 하고 갔더니 자리가 없어버림             최소 4 50분    경주성동시장맛집  경주성동시장  경주데이트  경주여행  경주여행코스추천  경주여행코스  솥밥맛집,맛집 추천   경주  도정  저번 여행 때 가고 싶었는데 예약을 안 하고 갔더니 자리가 없어버림             최소 4 50분    경주성동시장맛집  경주성동시장  경주데이트  경주여행  경주여행코스추천  경주여행코스  솥밥맛집
경주 여행,21, 경주 현지맛집추천  가족모임  친구모임으로 제격인  장수두부마을    ,https://blog.naver.com/1996dailylife/224399877091,전국 각지에서 모인 친구들과의 경주 여행에서 마지막 일정으로 현지인 추천 맛집  장수두부마을    뚜벅이 여행객들도 충분히 찾아 올 수 있는 곳이었습니다  주차공간은 3 4대 로 들어가는 입구도 좁으니    , 경주 현지맛집추천  가족모임  친구모임으로 제격인  장수두부마을     전국 각지에서 모인 친구들과의 경주 여행에서 마지막 일정으로 현지인 추천 맛집  장수두부마을    뚜벅이 여행객들도 충분히 찾아 올 수 있는 곳이었습니다  주차공간은 3 4대 로 들어가는 입구도 좁으니    
경주 여행,22,라한셀렉트 경주 뷔페 가격 석식 예약 꿀팁,https://blog.naver.com/da_zomii/224399872290,보문관광단지 안에 있는 라한셀렉트 경주는 5성급 호텔이면서 뷔페 레스토랑까지 갖추고 있어서 요즘 경주 여행에서 많이 찾는    아이 동반 가족도  성인 둘이 가는 여행도 분위기가 두루 잘 맞는    ,라한셀렉트 경주 뷔페 가격 석식 예약 꿀팁 보문관광단지 안에 있는 라한셀렉트 경주는 5성급 호텔이면서 뷔페 레스토랑까지 갖추고 있어서 요즘 경주 여행에서 많이 찾는    아이 동반 가족도  성인 둘이 가는 여행도 분위기가 두루 잘 맞는    
경주 여행,23,경주황리단길밥집 황남양옥 아침식사  대릉원 근처 애견동반 가능    ,https://blog.naver.com/qwe765432/224399868706,   사태국밥은 해장되는 느낌이었어요 깊고 진한 육수에 아롱사태가 듬뿍 들어있어서 아침식사로 먹은이깐 엄청 든든하더라구요 아침 9시 오픈해서 든든든하게 경주아침식사를 먹을 수 있어서 경주여행    ,경주황리단길밥집 황남양옥 아침식사  대릉원 근처 애견동반 가능        사태국밥은 해장되는 느낌이었어요 깊고 진한 육수에 아롱사태가 듬뿍 들어있어서 아침식사로 먹은이깐 엄청 든든하더라구요 아침 9시 오픈해서 든든든하게 경주아침식사를 먹을 수 있어서 경주여행    
경주 여행,24,경주여행 2일차   10년을 거슬러 온 수학여행,https://blog.naver.com/9dokja/224396208659,초등학생  중학생 때 수학여행을 경주로 갔다  라떼는 수학여행은 모두 제주도 아니면 경주였다  32살에 다시 떠난 수학여행 같은 기분인 2일차        TAK 어제 새벽 1시까지 떠들다 잔 우리들은 아침 9시    ,경주여행 2일차   10년을 거슬러 온 수학여행 초등학생  중학생 때 수학여행을 경주로 갔다  라떼는 수학여행은 모두 제주도 아니면 경주였다  32살에 다시 떠난 수학여행 같은 기분인 2일차        TAK 어제 새벽 1시까지 떠들다 잔 우리들은 아침 9시    
경주 여행,25, 경주 황리단길 무궁미가 아기자기한 핸드메이드 소품 가득한 기념    ,https://blog.naver.com/leehj0468/224399867143,특히 팔찌는 심플하면서도 포인트가 있어서 여행하면서 착용하기 좋았고  경주에서 샀다는 의미가 담겨 있어서 더 특별하게 느껴졌어요  작고 부담스럽지 않은 소품들이라 경주 여행 기념으로 하나쯤    , 경주 황리단길 무궁미가 아기자기한 핸드메이드 소품 가득한 기념     특히 팔찌는 심플하면서도 포인트가 있어서 여행하면서 착용하기 좋았고  경주에서 샀다는 의미가 담겨 있어서 더 특별하게 느껴졌어요  작고 부담스럽지 않은 소품들이라 경주 여행 기념으로 하나쯤    
경주 여행,26,경주여행 불국사 근처 가성비 숙소   경주 란타나 호텔 경주불국사    ,https://blog.naver.com/jikdkdlend/224399845341,가능 경주 불국사 근처 가성비 호텔 추천 경주 여행하면서 숙소를 엄청 고민했어요  황리단길에 할까     가끔 여행 올때 충전기 까먹고 안가져올때 있는데 경주 란타나 호텔 경주불국사점은 객실 안에 충전기가    ,경주여행 불국사 근처 가성비 숙소   경주 란타나 호텔 경주불국사     가능 경주 불국사 근처 가성비 호텔 추천 경주 여행하면서 숙소를 엄청 고민했어요  황리단길에 할까     가끔 여행 올때 충전기 까먹고 안가져올때 있는데 경주 란타나 호텔 경주불국사점은 객실 안에 충전기가    
경주 여행,27,경주여행   경주숙소   경주풀빌라펜션   경주독채펜션,https://blog.naver.com/bomi6897/224399836070, 경주  경주여행  경주가볼만한곳  경주펜션  경주숙소  경주숙소추천  경주수영장펜션  경주풀빌라    경주아기랑갈만한곳  경주아기랑펜션  경주아기랑숙소  경주추천펜션  국내여행지추천  국내여행    ,경주여행   경주숙소   경주풀빌라펜션   경주독채펜션  경주  경주여행  경주가볼만한곳  경주펜션  경주숙소  경주숙소추천  경주수영장펜션  경주풀빌라    경주아기랑갈만한곳  경주아기랑펜션  경주아기랑숙소  경주추천펜션  국내여행지추천  국내여행    
경주 여행,28,경주 라원 제2동궁원 아이랑 가볼만한 곳 환상적인 미디어아트,https://blog.naver.com/reumee12/224399835090,안녕하세요 루미입니다 경주 여행 중 가장 첫번째로 가고 싶었던 곳이 경주 라원이었는데요 경주 라원의 솔직 후기를 써보도록 하겠습니다 경주 라원  미디어아트는 정말 환상적이야 출처  라원 공식 홈페이지    ,경주 라원 제2동궁원 아이랑 가볼만한 곳 환상적인 미디어아트 안녕하세요 루미입니다 경주 여행 중 가장 첫번째로 가고 싶었던 곳이 경주 라원이었는데요 경주 라원의 솔직 후기를 써보도록 하겠습니다 경주 라원  미디어아트는 정말 환상적이야 출처  라원 공식 홈페이지    
경주 여행,29, 경주여행  경주국립박물관 방문,https://blog.naver.com/7edvnmxy_197/224399829636,에밀레종  신라역사  신라문화  경주문화유산  경주역사여행  경북여행  경북가볼만한곳  경주여행코스  경주여행후기  추억여행  경주가족여행  경주데이트  경주나들이  경주여행추천  경주볼거리, 경주여행  경주국립박물관 방문 에밀레종  신라역사  신라문화  경주문화유산  경주역사여행  경북여행  경북가볼만한곳  경주여행코스  경주여행후기  추억여행  경주가족여행  경주데이트  경주나들이  경주여행추천  경주볼거리
경주 여행,30,영수증일기 26 08 29 31    비오는 마지막 여름   갑오징어 비빔국수       ,https://blog.naver.com/lazy_jay_/224398470084,경주     주말 내내 비소식이 있어서 상당히 우울했는데    진짜    기상청 뭐냐    날씨 느므느므 좋아요     이번 여행을 떠나기 전 사실 혼자 답답한 것들이 많았는데 역시 혼자 고민해서 해결되는 건 아무것도    ,영수증일기 26 08 29 31    비오는 마지막 여름   갑오징어 비빔국수        경주     주말 내내 비소식이 있어서 상당히 우울했는데    진짜    기상청 뭐냐    날씨 느므느므 좋아요     이번 여행을 떠나기 전 사실 혼자 답답한 것들이 많았는데 역시 혼자 고민해서 해결되는 건 아무것도    
경주 여행,31,경주 아기랑 가볼만한곳 황리단길 포토이즘 점보네컷 미니네컷 사    ,https://blog.naver.com/nine5689/224399823287,안녕하세요 제제입니다 경주 여행에서 빠질 수 없는 황리단길  이번 여행은 10개월 아기도 함께해서 경주 아기랑 가볼만한곳 검색하다가 포토이즘 점보네컷을 발견했어요   귀여운 아기가 왕 크니까 왕    ,경주 아기랑 가볼만한곳 황리단길 포토이즘 점보네컷 미니네컷 사     안녕하세요 제제입니다 경주 여행에서 빠질 수 없는 황리단길  이번 여행은 10개월 아기도 함께해서 경주 아기랑 가볼만한곳 검색하다가 포토이즘 점보네컷을 발견했어요   귀여운 아기가 왕 크니까 왕    
경주 여행,32,경주여행 아이스토리 키즈풀빌라 경주숙소 내돈내산 후기  장단점     ,https://blog.naver.com/dlrkgus387/224399818885,안녕하세요     이번주에는 지인과 같이 경주에 풀빌라예약해서 방문했어요 인스타광고에서 할인혜택과 온수풀무료서비스 받아서 예약했답니다 그외 불멍 3만원   숯불그릴이용  4만원   인원추가  총 66만원 1박    ,경주여행 아이스토리 키즈풀빌라 경주숙소 내돈내산 후기  장단점      안녕하세요     이번주에는 지인과 같이 경주에 풀빌라예약해서 방문했어요 인스타광고에서 할인혜택과 온수풀무료서비스 받아서 예약했답니다 그외 불멍 3만원   숯불그릴이용  4만원   인원추가  총 66만원 1박    
경주 여행,33,황리단길 기념품 경주기념품 경주 여행 선물로 좋은 첨성대초콜릿,https://blog.naver.com/daynjob/224397359635,황리단길 기념품 경주기념품 경주 여행 선물로 좋은 첨성대초콜릿 글   사진   영상  잇쩡 안녕하세요  잇쩡입니다  남편과 아이들과 함께 연휴에 경주로 쓩하고 갔어요     경주 여행을 할 때는 항상    ,황리단길 기념품 경주기념품 경주 여행 선물로 좋은 첨성대초콜릿 황리단길 기념품 경주기념품 경주 여행 선물로 좋은 첨성대초콜릿 글   사진   영상  잇쩡 안녕하세요  잇쩡입니다  남편과 아이들과 함께 연휴에 경주로 쓩하고 갔어요     경주 여행을 할 때는 항상    
경주 여행,34,경주 황리단길 밥집 가성비 확실했던 황리단길 한정식 맛집 도솔마    ,https://blog.naver.com/20000950/224399782458,경주 여행에서 황리단길의 맛있는 디저트나 카페도 좋지만  중간에 이렇게 밥다운 밥을 한 번 먹어주면 여행이 훨씬 든든해지는 느낌이에요  그래서 저는 경주 황리단길 밥집을 찾는 분들에게 이런 스타일의    ,경주 황리단길 밥집 가성비 확실했던 황리단길 한정식 맛집 도솔마     경주 여행에서 황리단길의 맛있는 디저트나 카페도 좋지만  중간에 이렇게 밥다운 밥을 한 번 먹어주면 여행이 훨씬 든든해지는 느낌이에요  그래서 저는 경주 황리단길 밥집을 찾는 분들에게 이런 스타일의    
경주 여행,35,9월 경주 여행  사진 어디서 찍을까    사진 찍기 좋은 촬영 장소 5곳,https://blog.naver.com/bedelicious_/224399781530,Studio CHO  경주한복  경주한복대여  경주한복스냅  경주스냅  경주사진찍기좋은곳  경주촬영명소  경주여행  경주여행코스  경주가볼만한곳  대릉원  봉황대  황남동고분군  분황사  카페센트레  천년숲정원    ,9월 경주 여행  사진 어디서 찍을까    사진 찍기 좋은 촬영 장소 5곳 Studio CHO  경주한복  경주한복대여  경주한복스냅  경주스냅  경주사진찍기좋은곳  경주촬영명소  경주여행  경주여행코스  경주가볼만한곳  대릉원  봉황대  황남동고분군  분황사  카페센트레  천년숲정원    
경주 여행,36,경주여행,https://blog.naver.com/jesunk11/224399776674,,경주여행 
경주 여행,37,경주명물 신라명가 경주빵 20개입 국산 팥앙금 가족 아이 간식 구매    ,https://blog.naver.com/dkaeh1/224398465274,특히 경주 여행 후 먹었던 경주명물을 다시 찾거나  부모님이나 지인에게 부담 없이 보낼 간식을 찾는 경우라면 일반 빵과 비교해볼 만합니다  구매 전에 확인하면 좋은 것 20개입이라는 수량만 보고    ,경주명물 신라명가 경주빵 20개입 국산 팥앙금 가족 아이 간식 구매     특히 경주 여행 후 먹었던 경주명물을 다시 찾거나  부모님이나 지인에게 부담 없이 보낼 간식을 찾는 경우라면 일반 빵과 비교해볼 만합니다  구매 전에 확인하면 좋은 것 20개입이라는 수량만 보고    
경주 여행,38,260320 고양이사랑단 경주 여행 북카페 우연히 책방,https://blog.naver.com/jklkj0879/224399773635,다음은    경주 독립서점  북카페 우연히 책방을 다녀왔어요  있던 곳과는 반대 방향이긴 했지만 아주    여행가서 책을 사니까 또 기분이 좋네요    책장에 추억이 한켠 더 생기는 느낌    분위기도 좋고  멋진 책이    ,260320 고양이사랑단 경주 여행 북카페 우연히 책방 다음은    경주 독립서점  북카페 우연히 책방을 다녀왔어요  있던 곳과는 반대 방향이긴 했지만 아주    여행가서 책을 사니까 또 기분이 좋네요    책장에 추억이 한켠 더 생기는 느낌    분위기도 좋고  멋진 책이    
경주 여행,39,경주 황리단길 맛집 복길 경주본점 아이와 가기좋은 한정식 가족    ,https://blog.naver.com/jeongjuh/224399774436,희  담고 기록하다  희담록  경주맛집  경주황리단길맛집  경주아이와맛집  경주가족여행  경주가족식사  경주한정식  복길경주본점  황리단길맛집  황리단길한정식  경주여행  경주아이와가볼만한곳    ,경주 황리단길 맛집 복길 경주본점 아이와 가기좋은 한정식 가족     희  담고 기록하다  희담록  경주맛집  경주황리단길맛집  경주아이와맛집  경주가족여행  경주가족식사  경주한정식  복길경주본점  황리단길맛집  황리단길한정식  경주여행  경주아이와가볼만한곳    
경주 여행,40,두돌 아기와 경주 황리단길 맛집   이사부피자 웨이팅 후기,https://blog.naver.com/elog__/224399769452,글  사진   elog 안녕하세요 이로그입니다     아이와 함께하는 경주 여행이라 사실 이번 여행에서    하는 마음으로 경주 황리단길에서 유명하다는 이사부피자에 다녀왔어요  결론부터 이야기하자면  웨이팅은    ,두돌 아기와 경주 황리단길 맛집   이사부피자 웨이팅 후기 글  사진   elog 안녕하세요 이로그입니다     아이와 함께하는 경주 여행이라 사실 이번 여행에서    하는 마음으로 경주 황리단길에서 유명하다는 이사부피자에 다녀왔어요  결론부터 이야기하자면  웨이팅은    
경주 여행,41,경주 세계 문화유산 시티투어 당일 기차여행으로 특별한 주말 보내    ,https://blog.naver.com/rareadily/224399761770,명소를 하루 만에 배워가며 돌아보고 싶은 분들께 적극 추천합니다     경주 당일 여행 고민되면 한 번 살펴보세요     경주여행  시티투어  기차여행  당일여행  가족여행  세계문화유산  아이와가볼만한곳,경주 세계 문화유산 시티투어 당일 기차여행으로 특별한 주말 보내     명소를 하루 만에 배워가며 돌아보고 싶은 분들께 적극 추천합니다     경주 당일 여행 고민되면 한 번 살펴보세요     경주여행  시티투어  기차여행  당일여행  가족여행  세계문화유산  아이와가볼만한곳
경주 여행,42,대구 근교 경주 애견동반 풀빌라 독채 숙소 미온수 개별수영장 있는    ,https://blog.naver.com/spank14/224399757747,친구네 가족이랑 같이 경주 여행을 계획하면서 제일 오래 찾아본 게 바로 숙소였어요  어린이 셋과      예전보다 반려견과 함께 여행 다니는 분들이 정말 많잖아요  대구 근교 경주 나리길한옥펜션은 현재    ,대구 근교 경주 애견동반 풀빌라 독채 숙소 미온수 개별수영장 있는     친구네 가족이랑 같이 경주 여행을 계획하면서 제일 오래 찾아본 게 바로 숙소였어요  어린이 셋과      예전보다 반려견과 함께 여행 다니는 분들이 정말 많잖아요  대구 근교 경주 나리길한옥펜션은 현재    
경주 여행,43,그래도 나는 할 수 있으니까,https://blog.naver.com/tmdqls3270/224399758259,8월 https   youtu be N97WYVM4OI0 si UzOepL37vOnK7Kxl 7 31   8 2 펜타포트  따로 올려보겠습니다 조금만 기다려주세요 8 4 3 4일 진짜 계속 요양  펜타포트 뿐만 아니라 경주 여행에서부터의 피로가 쌓여있는 상태라 그냥    ,그래도 나는 할 수 있으니까 8월 https   youtu be N97WYVM4OI0 si UzOepL37vOnK7Kxl 7 31   8 2 펜타포트  따로 올려보겠습니다 조금만 기다려주세요 8 4 3 4일 진짜 계속 요양  펜타포트 뿐만 아니라 경주 여행에서부터의 피로가 쌓여있는 상태라 그냥    
경주 여행,44,포항 피플의 경주 당일치기 여행 술술방앗간  신라제면  꾸덕희  조    ,https://blog.naver.com/sony2277/224399741025, 경주맛집추천  경주당일치기코스  경주여행  경주당일치기여행  경주황리단길맛집추천  술술방앗간후기  꾸덕희버터바  꾸덕희  꾸덕희후기  술술방앗간  신라제면후기  경주신라제면  조르바  경주조르바    ,포항 피플의 경주 당일치기 여행 술술방앗간  신라제면  꾸덕희  조      경주맛집추천  경주당일치기코스  경주여행  경주당일치기여행  경주황리단길맛집추천  술술방앗간후기  꾸덕희버터바  꾸덕희  꾸덕희후기  술술방앗간  신라제면후기  경주신라제면  조르바  경주조르바    
경주 여행,45,경주여행 내돈내산 황리단길 경주빵 단골이 남기는 찐맛집,https://blog.naver.com/jiniworld529/224399739801,전화 주문하시면 돼요   쫀득한 찰보리빵도 경주빵도 다 맛있어요    두개다 드셔보시는 걸 추천드리며 인사드리겠습니다  경주 여행중이    그럼  오늘도 즐거운 하루  즐거운 여행 되세요  ,경주여행 내돈내산 황리단길 경주빵 단골이 남기는 찐맛집 전화 주문하시면 돼요   쫀득한 찰보리빵도 경주빵도 다 맛있어요    두개다 드셔보시는 걸 추천드리며 인사드리겠습니다  경주 여행중이    그럼  오늘도 즐거운 하루  즐거운 여행 되세요  
경주 여행,46, 경주 실내동물원  버드파크   동궁원 가볼 만한 곳  볼거리 많은 테    ,https://blog.naver.com/freely_jh/224399737167,수 있음 경주에서 색다른 곳 가보고 싶다면 한 번쯤 가볼 만한 곳  내돈내산 찐 만족 후기 끝    경주실내가볼만한곳  동궁원  경주동궁원  경주버드파크  경주여행  경주실내놀거리  경주테마파크  내돈내산, 경주 실내동물원  버드파크   동궁원 가볼 만한 곳  볼거리 많은 테     수 있음 경주에서 색다른 곳 가보고 싶다면 한 번쯤 가볼 만한 곳  내돈내산 찐 만족 후기 끝    경주실내가볼만한곳  동궁원  경주동궁원  경주버드파크  경주여행  경주실내놀거리  경주테마파크  내돈내산
경주 여행,47, 국내여행  경주여행 경주 맛집 추천  퇴근길 숯불갈비 방문 후기 매    ,https://blog.naver.com/argentumq/224399733648,퇴근길 숯불갈비 방문을 추천드리며 포스팅을 마쳐본다   국내여행  맛집  국내여행맛집  경주  경주여행  경주소고기  경주맛집추천  경주여행  국내여행추천  퇴근길숯불갈비  경주퇴근길숯불갈비  경주데이트, 국내여행  경주여행 경주 맛집 추천  퇴근길 숯불갈비 방문 후기 매     퇴근길 숯불갈비 방문을 추천드리며 포스팅을 마쳐본다   국내여행  맛집  국내여행맛집  경주  경주여행  경주소고기  경주맛집추천  경주여행  국내여행추천  퇴근길숯불갈비  경주퇴근길숯불갈비  경주데이트
경주 여행,48,경주여행   커피템플가서 김사홍 선생님 뵙 다,https://blog.naver.com/sunof007/224399733877,경주에 갔습니데굴 사실 경주는 처음이라 두근두근 커피템플은 사실 옛날 MBC 있었던 서울    총평 커피템플 경주점은 지어진지 6개월 정도 됐습니다  여러분  시간이 나시면 꼭 한번 들려서 김득구 블랜딩의 맛을    ,경주여행   커피템플가서 김사홍 선생님 뵙 다 경주에 갔습니데굴 사실 경주는 처음이라 두근두근 커피템플은 사실 옛날 MBC 있었던 서울    총평 커피템플 경주점은 지어진지 6개월 정도 됐습니다  여러분  시간이 나시면 꼭 한번 들려서 김득구 블랜딩의 맛을    
경주 여행,49,2026 경주 대릉원 미디어아트 9월 4일 개막 시간 기간 볼거리 총정    ,https://blog.naver.com/rorocami/224399728548, 경주가볼만한곳  경주여행  경주대릉원  9월경주행사  울산아이와가볼만한곳  경주아이와여행  울산9월행사  울산9월축제  대릉원미디어아트  경주미디어아트  경주야경  경주야간관광  황리단길    ,2026 경주 대릉원 미디어아트 9월 4일 개막 시간 기간 볼거리 총정      경주가볼만한곳  경주여행  경주대릉원  9월경주행사  울산아이와가볼만한곳  경주아이와여행  울산9월행사  울산9월축제  대릉원미디어아트  경주미디어아트  경주야경  경주야간관광  황리단길    
경주 여행,50,경주 얼굴빵 대릉원에서 얼굴빵샷 ,https://blog.naver.com/hyunttotto/224399727676,경주의 분위기를 담은 특별한 간식  얼굴빵과 함께 여행의 좋은 기억 하나 더 만들어 보세요     경주맛집  경주얼굴빵  경주여행  경주가볼만한곳  황리단길맛집  황리단길  경주핫플  경주간식  경주먹거리    ,경주 얼굴빵 대릉원에서 얼굴빵샷  경주의 분위기를 담은 특별한 간식  얼굴빵과 함께 여행의 좋은 기억 하나 더 만들어 보세요     경주맛집  경주얼굴빵  경주여행  경주가볼만한곳  황리단길맛집  황리단길  경주핫플  경주간식  경주먹거리    
경주 여행,51,260320 고양이사랑단 경주 여행 아늑한 티카페 아차차,https://blog.naver.com/jklkj0879/224399708101,감성있고 맛있는 차와 다과    다 정말 만족했던 곳이었습니다  경주 여행을 가서  카페만 너무 많이 가보셨다면 대만 우롱차의 매력도 한번 느껴보시면 어떨까요   경주 아차차 찻집 추천드려요,260320 고양이사랑단 경주 여행 아늑한 티카페 아차차 감성있고 맛있는 차와 다과    다 정말 만족했던 곳이었습니다  경주 여행을 가서  카페만 너무 많이 가보셨다면 대만 우롱차의 매력도 한번 느껴보시면 어떨까요   경주 아차차 찻집 추천드려요
경주 여행,52,경주 황리단길 오픈런 점심먹기 좋은 분위기 맛집 료코,https://blog.naver.com/2jaeseon/224399700691,안녕하세용 오랜만에 경주여행을 다녀왔어욥      경주는 올때마다 너무 좋아요 사계절 다 좋은    맛있는 식사하시고 즐거운 여행되세요오      경주맛집  황리단길맛집  황리단길식당  황리단길핫플,경주 황리단길 오픈런 점심먹기 좋은 분위기 맛집 료코 안녕하세용 오랜만에 경주여행을 다녀왔어욥      경주는 올때마다 너무 좋아요 사계절 다 좋은    맛있는 식사하시고 즐거운 여행되세요오      경주맛집  황리단길맛집  황리단길식당  황리단길핫플
경주 여행,53,경주 빵 맛집 경주 파이  경주월드 근처 기념품맛집 수제팥집 호문    ,https://blog.naver.com/babulove09/224399701076,패키지 박스도 고급스럽고 경주스러운 느낌이 가득 들어서 경주여행기념품선물로 추천하고싶어요 경주월드와 보문단지 둘러보고 여행 마지막 길 집 가기전 들르기에 동선이 딱 좋더라구요 경주월드 근처    ,경주 빵 맛집 경주 파이  경주월드 근처 기념품맛집 수제팥집 호문     패키지 박스도 고급스럽고 경주스러운 느낌이 가득 들어서 경주여행기념품선물로 추천하고싶어요 경주월드와 보문단지 둘러보고 여행 마지막 길 집 가기전 들르기에 동선이 딱 좋더라구요 경주월드 근처    
경주 여행,54,경주여행 경주가볼만한곳 추천 사진촬영하기 좋은 얼굴빵 황리단길    ,https://blog.naver.com/po3072/224399698197,그래서 사진 촬영할때는 석굴암 모양으로 찰칵 찍어주는거 추천드려요  경주맛집에 가고싶을때 경주여행 필수코스가 궁금할때 경주가볼만한곳을 찾고있을때 경주 얼굴빵 황리단길맛집은 어떠실까요 ,경주여행 경주가볼만한곳 추천 사진촬영하기 좋은 얼굴빵 황리단길     그래서 사진 촬영할때는 석굴암 모양으로 찰칵 찍어주는거 추천드려요  경주맛집에 가고싶을때 경주여행 필수코스가 궁금할때 경주가볼만한곳을 찾고있을때 경주 얼굴빵 황리단길맛집은 어떠실까요 
경주 여행,55,경주 여행 황리단길에서 만나는 우마왕 컵물회 매장  한우육회물회    ,https://blog.naver.com/woomawang0/224399695288,아니라 경주 여행 후 선물하기 좋은 우마왕 한우육포와 한우샌드도 만나볼 수 있습니다  여행 중 바로 즐길 메뉴를 찾는 분은 물론  집으로 돌아가는 길에 가족이나 지인을 위한 경주 선물을 준비하고 싶은    ,경주 여행 황리단길에서 만나는 우마왕 컵물회 매장  한우육회물회     아니라 경주 여행 후 선물하기 좋은 우마왕 한우육포와 한우샌드도 만나볼 수 있습니다  여행 중 바로 즐길 메뉴를 찾는 분은 물론  집으로 돌아가는 길에 가족이나 지인을 위한 경주 선물을 준비하고 싶은    
경주 여행,56,경주 여행    첨성대 핑크뮬리 야경,https://blog.naver.com/kimchoi0611/224357435858, 이 글은 뒤늦게 올리는 여행 후기입니다  방문 전 최신정보를 다시 확인해주세요  경주 첨성대 성대 핑크뮬리 주차 위치 안녕하세요 오늘은 경주여행하면서 꼭 들려야 할 첨성대를 포스팅 해볼게요 첨성대    ,경주 여행    첨성대 핑크뮬리 야경  이 글은 뒤늦게 올리는 여행 후기입니다  방문 전 최신정보를 다시 확인해주세요  경주 첨성대 성대 핑크뮬리 주차 위치 안녕하세요 오늘은 경주여행하면서 꼭 들려야 할 첨성대를 포스팅 해볼게요 첨성대    
경주 여행,57,경주 황리단길 먹거리  경주 얼굴빵 내돈내산  가격  주차  솔직 맛     ,https://blog.naver.com/ganadara-/224399691856, 여행  여행맛집  경주여행  경주맛집  경주가볼만한곳  경주디저트  경주간식  경주빵  경주얼굴빵  황리단길  황리단길맛집  황리단길디저트  황리단길간식  황리단길가볼만한곳  경주기념품  경주여행기념품    ,경주 황리단길 먹거리  경주 얼굴빵 내돈내산  가격  주차  솔직 맛       여행  여행맛집  경주여행  경주맛집  경주가볼만한곳  경주디저트  경주간식  경주빵  경주얼굴빵  황리단길  황리단길맛집  황리단길디저트  황리단길간식  황리단길가볼만한곳  경주기념품  경주여행기념품    
경주 여행,58,경주 유명맛집 5곳,https://blog.naver.com/chqh135/224399689542,교리 김밥본점 경주 여행에서 빼놓기 어려운 대표적인 먹거리 중 하나입니다  김밥을 좋아한다면 한    황리단길과 가까운 곳에서 경주다운 음식을 찾고 있다면 여행 식사 코스로 함께 고려해볼 만한    ,경주 유명맛집 5곳 교리 김밥본점 경주 여행에서 빼놓기 어려운 대표적인 먹거리 중 하나입니다  김밥을 좋아한다면 한    황리단길과 가까운 곳에서 경주다운 음식을 찾고 있다면 여행 식사 코스로 함께 고려해볼 만한    
경주 여행,59, 경주여행  아이와 단둘이 다녀온 경주여행    4 ,https://blog.naver.com/dbsdbs0202_/224399685532,경주 여행의 마지막 일정  불국사  불국사는 꼭 가야했다  경주까지 왔는데 불국사를 빠뜨리는 건 말도    3박 4일 모녀 여행   3일차에 오신 친정엄마와 함께 잊지 못할 추억 한가득 안고 돌아간다  이번 여행도    , 경주여행  아이와 단둘이 다녀온 경주여행    4  경주 여행의 마지막 일정  불국사  불국사는 꼭 가야했다  경주까지 왔는데 불국사를 빠뜨리는 건 말도    3박 4일 모녀 여행   3일차에 오신 친정엄마와 함께 잊지 못할 추억 한가득 안고 돌아간다  이번 여행도    
경주 여행,60,일본어일기90   경주여행둘째날이야기  2026 9 3 ,https://blog.naver.com/kmn3411/224399681981,경주 여행 둘째 날  아침은 7시 30분경 미리 예약한 호텔지하에    43년 전 수학 여행 때의 추억과 학교에서 배운 지식을 되살리며 걷고 또    햇빛은 따갑고 땀은 줄줄 9월의 경주 33도 너무 더웠다  경주에는    ,일본어일기90   경주여행둘째날이야기  2026 9 3  경주 여행 둘째 날  아침은 7시 30분경 미리 예약한 호텔지하에    43년 전 수학 여행 때의 추억과 학교에서 배운 지식을 되살리며 걷고 또    햇빛은 따갑고 땀은 줄줄 9월의 경주 33도 너무 더웠다  경주에는    
경주 여행,61,혼자서 경주 여행 DAY1,https://blog.naver.com/saludtiamo/224399681739,https   www youtube com watch v fjcwSlOkySI list RDfjcwSlOkySI start radio 1   음악과 함께    여름이 되면 나는 경주에 가고싶어진다  비 내리는 경주는 정말 신비롭다  이번 여름 혼자 온 경주에서 내가 왜 이 곳이 좋은지    ,혼자서 경주 여행 DAY1 https   www youtube com watch v fjcwSlOkySI list RDfjcwSlOkySI start radio 1   음악과 함께    여름이 되면 나는 경주에 가고싶어진다  비 내리는 경주는 정말 신비롭다  이번 여름 혼자 온 경주에서 내가 왜 이 곳이 좋은지    
경주 여행,62,경주 애견동반 여행   경주 호텔 키녹   경주 애견동반 호텔 키녹 숙    ,https://blog.naver.com/hipaw_kindergarten/224399681298,안녕하세요 지난 6월에 저희 가족은 애견동반으로 경주 여행을 다녀왔어요  가족 여행으로 경주는 처음이라 여행 준비부터 무척 설레였던 거 같아요 경주 숙소는 그 전부터 꼭 한 번 가보고 싶었던 키녹을    ,경주 애견동반 여행   경주 호텔 키녹   경주 애견동반 호텔 키녹 숙     안녕하세요 지난 6월에 저희 가족은 애견동반으로 경주 여행을 다녀왔어요  가족 여행으로 경주는 처음이라 여행 준비부터 무척 설레였던 거 같아요 경주 숙소는 그 전부터 꼭 한 번 가보고 싶었던 키녹을    
경주 여행,63,무화과 익는 중   ,https://blog.naver.com/akswls1307/224399677122,08 04 우리 경주 여행 쫌 행복했다 토일월 경주 여행 다녀오자마자 출근과 가족행사 스타트  놀러만 다니고 뭐 못 챙겼는데 오빠가 과일 야무지게 주문해둬서 겟 하고 어쩌다 잠깐 본 귀염둥이 오전 업무하고    ,무화과 익는 중    08 04 우리 경주 여행 쫌 행복했다 토일월 경주 여행 다녀오자마자 출근과 가족행사 스타트  놀러만 다니고 뭐 못 챙겼는데 오빠가 과일 야무지게 주문해둬서 겟 하고 어쩌다 잠깐 본 귀염둥이 오전 업무하고    
경주 여행,64,260320 고양이사랑단 경주 여행 큐신라 갤러리 민화작가 이연정님 전    ,https://blog.naver.com/jklkj0879/224399676962,이렇게 기념사진도 찍어주셨어요     우연히 들리게 되었는데 정말 좋은 추억과 경험이 되었습니다  여행가서 이렇게 전시회 관람하는 것도 특별한 추억이 되네요  추천드립니다  ,260320 고양이사랑단 경주 여행 큐신라 갤러리 민화작가 이연정님 전     이렇게 기념사진도 찍어주셨어요     우연히 들리게 되었는데 정말 좋은 추억과 경험이 되었습니다  여행가서 이렇게 전시회 관람하는 것도 특별한 추억이 되네요  추천드립니다  
경주 여행,65,힐튼 경주 오픈런 특가 138 800원 유레카 경주 힐튼호텔 수영장 조식     ,https://blog.naver.com/ssoondori23/224399612464,이렇게 생각하면 가장 간단해요 여행 계획 추천 숙박만 저렴하게 138 800원 객실 호텔 조식 이용 203    가지고 경주 여행을 한다면 이 부분도 편해요 힐튼 경주는 셀프 주차 무료예요 호텔 공식 안내 기준    ,힐튼 경주 오픈런 특가 138 800원 유레카 경주 힐튼호텔 수영장 조식      이렇게 생각하면 가장 간단해요 여행 계획 추천 숙박만 저렴하게 138 800원 객실 호텔 조식 이용 203    가지고 경주 여행을 한다면 이 부분도 편해요 힐튼 경주는 셀프 주차 무료예요 호텔 공식 안내 기준    
경주 여행,66,경주여행 필수 간식  경주얼굴빵 황리단길맛집  대릉원 앞 인증샷까    ,https://blog.naver.com/modm81/224399669545, 경주맛집  경주여행  경주가볼만한곳  경주가볼만한곳추천  경주여행추천  경주여행코스  경주여행필수코스  경주필수코스  경주간식  경주먹거리  경주빵  경주얼굴빵  경주특산품  경주황리단길    ,경주여행 필수 간식  경주얼굴빵 황리단길맛집  대릉원 앞 인증샷까      경주맛집  경주여행  경주가볼만한곳  경주가볼만한곳추천  경주여행추천  경주여행코스  경주여행필수코스  경주필수코스  경주간식  경주먹거리  경주빵  경주얼굴빵  경주특산품  경주황리단길    
경주 여행,67,힐튼 경주 디너 조식 뷔페 가격 비교  수영장 ,https://blog.naver.com/lovely-jeje/224399668073,경주  힐튼경주  힐튼경주조식  힐튼경주뷔페  경주힐튼  경주힐튼조식  경주힐튼뷔페  경주호텔추천  경주5성급호텔  보문단지호텔  경주가족여행숙소  경주리조트추천  경주여행숙소  경주힐튼가격    ,힐튼 경주 디너 조식 뷔페 가격 비교  수영장  경주  힐튼경주  힐튼경주조식  힐튼경주뷔페  경주힐튼  경주힐튼조식  경주힐튼뷔페  경주호텔추천  경주5성급호텔  보문단지호텔  경주가족여행숙소  경주리조트추천  경주여행숙소  경주힐튼가격    
경주 여행,68,황리단길술집 계림주막  경주 여행에서 저녁과 막걸리 한잔,https://blog.naver.com/dbswls339/224399664319,편안해서 여행 중 들르기 좋았던 곳이에요  황리단길에서 찾은 한식주점  계림주막 황리단길을 한참    만한 경주술집이에요  경주 여행 중 황리단길을 구경하고 맛있는 음식에 술 한잔까지 곁들이며 하루를    ,황리단길술집 계림주막  경주 여행에서 저녁과 막걸리 한잔 편안해서 여행 중 들르기 좋았던 곳이에요  황리단길에서 찾은 한식주점  계림주막 황리단길을 한참    만한 경주술집이에요  경주 여행 중 황리단길을 구경하고 맛있는 음식에 술 한잔까지 곁들이며 하루를    
경주 여행,69,경주 카페 테라로사 경주점 유모차 가지고 간 아기랑 즐긴 대릉뷰     ,https://blog.naver.com/kang_rice_cake/224399661094, 테라로사 경주점  월 일  09 00   21 00 라스트오더  20 30 주차 o 경주 여행을 하다 보면 예쁜 곳도 많이    테라로사드립커피  경주자몽에이드  경주카페투어  경주핫플  경주가족여행  경주한옥  경주감성카페  서이추,경주 카페 테라로사 경주점 유모차 가지고 간 아기랑 즐긴 대릉뷰       테라로사 경주점  월 일  09 00   21 00 라스트오더  20 30 주차 o 경주 여행을 하다 보면 예쁜 곳도 많이    테라로사드립커피  경주자몽에이드  경주카페투어  경주핫플  경주가족여행  경주한옥  경주감성카페  서이추
경주 여행,70,경주 황리단길 한우 육회 물회 비프칩 선물 추천  한우샌드 돌담 ,https://blog.naver.com/s_s_blog/224399657699,이번에 소개할 경주여행 기념품 추천은 경북 경주시 황리단길에 위치한  경주한우샌드돌담    시원하게 호로록 마시며 관광을 했답니다     경주 선물  경주 기념품  답례품  황리단길 여행 선물을 찾으시는    ,경주 황리단길 한우 육회 물회 비프칩 선물 추천  한우샌드 돌담  이번에 소개할 경주여행 기념품 추천은 경북 경주시 황리단길에 위치한  경주한우샌드돌담    시원하게 호로록 마시며 관광을 했답니다     경주 선물  경주 기념품  답례품  황리단길 여행 선물을 찾으시는    
경주 여행,71,경주 박물관 혼자 경주 여행 20260830,https://blog.naver.com/yanan2/224399656968, 국립경주박물관 주차장에 무료주차야 입장료는  무료야 아래 사진은 네이버 업체 제공 사진을 퍼온건데 고즈넉한 경주 분위기가 잘    만세 경주국립박물관 만세 전시해설 시간도 많이 있네 도슨트 해주는 시간    ,경주 박물관 혼자 경주 여행 20260830  국립경주박물관 주차장에 무료주차야 입장료는  무료야 아래 사진은 네이버 업체 제공 사진을 퍼온건데 고즈넉한 경주 분위기가 잘    만세 경주국립박물관 만세 전시해설 시간도 많이 있네 도슨트 해주는 시간    
경주 여행,72,경주독채풀빌라  휴식을 취하는 여행을 하고싶다면 래태리펜션,https://blog.naver.com/iquhtbkfmp2/224399655086,경주독채풀빌라  휴식을 취하는 여행을 하고싶다면 래태리펜션 이번 경주 여행은 관광지를 많이 돌아다니기보다는 숙소에서 편하게 쉬는 걸 목표로 잡았어요  그래서 숙소를 고를 때 독채인지 주변이 조용한지    ,경주독채풀빌라  휴식을 취하는 여행을 하고싶다면 래태리펜션 경주독채풀빌라  휴식을 취하는 여행을 하고싶다면 래태리펜션 이번 경주 여행은 관광지를 많이 돌아다니기보다는 숙소에서 편하게 쉬는 걸 목표로 잡았어요  그래서 숙소를 고를 때 독채인지 주변이 조용한지    
경주 여행,73,경주 아이와 가볼 만한 곳 경주엑스포대공원 실내 놀이터  화랑    ,https://blog.naver.com/cultureexpo/224399654344,경북 경주시 경감로 614 경주엑스포대공원  매일 10 00   19 00  전용 주차장 완비  경주엑스포대공원  화랑아놀자  경주아이와가볼만한곳  경주아이랑  경주가볼만한곳  경주여행  경주가족여행    ,경주 아이와 가볼 만한 곳 경주엑스포대공원 실내 놀이터  화랑     경북 경주시 경감로 614 경주엑스포대공원  매일 10 00   19 00  전용 주차장 완비  경주엑스포대공원  화랑아놀자  경주아이와가볼만한곳  경주아이랑  경주가볼만한곳  경주여행  경주가족여행    
경주 여행,74,경주여행 캘리포니아비치 경주성동시장,https://blog.naver.com/hkachieve/224399653952,일찍 품절됐나보다  국내 여행을 가면 시장을 들러보는 편인데 주전부리 사러 가기에 좋았던 시장이다  짧고 굵게 재밌게 놀았던 경주여행    국내여행 경주여행 캘리포니아비치 경주성동시장 순대,경주여행 캘리포니아비치 경주성동시장 일찍 품절됐나보다  국내 여행을 가면 시장을 들러보는 편인데 주전부리 사러 가기에 좋았던 시장이다  짧고 굵게 재밌게 놀았던 경주여행    국내여행 경주여행 캘리포니아비치 경주성동시장 순대
경주 여행,75,경주맛집 경주한정식 블루리본맛집 석쇠구이 후기  산해 ,https://blog.naver.com/babulove09/224399651552,경주 숲머리길에 위치하고 있어 경주 여행시 들리기 좋은 곳이에요   외관 여긴 블루리본맛집으로 이미 유명한 곳이더라구요 경주맛집으로 유명해서 오기전부터 궁금했어요 경주 한정식 먹고싶을때 오면    ,경주맛집 경주한정식 블루리본맛집 석쇠구이 후기  산해  경주 숲머리길에 위치하고 있어 경주 여행시 들리기 좋은 곳이에요   외관 여긴 블루리본맛집으로 이미 유명한 곳이더라구요 경주맛집으로 유명해서 오기전부터 궁금했어요 경주 한정식 먹고싶을때 오면    
경주 여행,76,백제역사 부여 익산 공주  초중등 한국사 마스터하는 방법 ,https://blog.naver.com/happyhomeedu22/224399649238,신라의 향기를 느낄 수 있는 경주여행에 이어서 백제의 향기를 느끼는 여행도 다녀왔어요     반면 서울  경주 등에 비하면 관광객이 상대적으로 적다는 것이었는데요  제가 갈 때가 겨울이어서 그랬나 싶어요     ,백제역사 부여 익산 공주  초중등 한국사 마스터하는 방법  신라의 향기를 느낄 수 있는 경주여행에 이어서 백제의 향기를 느끼는 여행도 다녀왔어요     반면 서울  경주 등에 비하면 관광객이 상대적으로 적다는 것이었는데요  제가 갈 때가 겨울이어서 그랬나 싶어요     
경주 여행,77,황리단길맛집 혼밥 한식 아침식사 너무만족 황남양옥,https://blog.naver.com/wjsalstmd00/224399641073,위치라 경주 여행 동선에 넣기 좋더라고요 특히 여기는 오전 9시부터 문을 열어요 황리단길에서    공간이라 경주에 여행 왔다는 분위기는 충분히 느껴지면서 식사하기에는 깔끔하고 편안한 느낌이에요    ,황리단길맛집 혼밥 한식 아침식사 너무만족 황남양옥 위치라 경주 여행 동선에 넣기 좋더라고요 특히 여기는 오전 9시부터 문을 열어요 황리단길에서    공간이라 경주에 여행 왔다는 분위기는 충분히 느껴지면서 식사하기에는 깔끔하고 편안한 느낌이에요    
경주 여행,78,경주 보문단지맛집 40년 전통 원조떡갈비  아침식사 및 애견동반까    ,https://blog.naver.com/shadowsj86/224399634313,한정식  보문단지맛집  경주아침식사  경주애견동반식당  경주떡갈비  경주떡갈비정식  경주원조떡갈비집  경주불국사가는길  경주한정식맛집  경주여행맛집  경주가족외식  경주가족여행  경주가볼만한곳    ,경주 보문단지맛집 40년 전통 원조떡갈비  아침식사 및 애견동반까     한정식  보문단지맛집  경주아침식사  경주애견동반식당  경주떡갈비  경주떡갈비정식  경주원조떡갈비집  경주불국사가는길  경주한정식맛집  경주여행맛집  경주가족외식  경주가족여행  경주가볼만한곳    
경주 여행,79,힐튼 경주 호텔 최대 70퍼 할인   보문호수 5성급 호캉스 13만원대 오    ,https://blog.naver.com/dosi_bam/224399628124,가을 경주여행이나 아이와 함께하는 가족여행  경주 호캉스를 계획하고 있었다면 날짜별 가격부터 확인해볼 만해요 힐튼 경주 최대 70퍼 할인 오픈런 객실 특가 13만원대 이번 특가에서 가장 먼저 볼 건    ,힐튼 경주 호텔 최대 70퍼 할인   보문호수 5성급 호캉스 13만원대 오     가을 경주여행이나 아이와 함께하는 가족여행  경주 호캉스를 계획하고 있었다면 날짜별 가격부터 확인해볼 만해요 힐튼 경주 최대 70퍼 할인 오픈런 객실 특가 13만원대 이번 특가에서 가장 먼저 볼 건    
경주 여행,80,260320 고양이사랑단 경주 여행 가마솥족발 족보세트 후기,https://blog.naver.com/jklkj0879/224399627341,여행을 갔으니 맛있는 밥을 먹어야합니다    경주의 제대로 된 첫날   무엇을 먹을까 아주 많은 이야기가 나왔는데요    낮부터 이른 저녁까지만 하는 가마솥족발을 가보기로 했습니다  현지인 맛집으로    ,260320 고양이사랑단 경주 여행 가마솥족발 족보세트 후기 여행을 갔으니 맛있는 밥을 먹어야합니다    경주의 제대로 된 첫날   무엇을 먹을까 아주 많은 이야기가 나왔는데요    낮부터 이른 저녁까지만 하는 가마솥족발을 가보기로 했습니다  현지인 맛집으로    
경주 여행,81,경주 혼빌리지 또 방문했어요 이번엔 C동  A동보다 뷰가 더 좋았던     ,https://blog.naver.com/kang-son-daughter/224399627889,다음에 경주에 가게 된다면 또 방문할 것 같아요  경주혼빌리지  혼빌리지  경주숙소  경주펜션  경주가족숙소  경주아이와가볼만한곳  경주여행  경주가족여행  경주펜션추천  경주숙소추천  경주여행숙소    ,경주 혼빌리지 또 방문했어요 이번엔 C동  A동보다 뷰가 더 좋았던      다음에 경주에 가게 된다면 또 방문할 것 같아요  경주혼빌리지  혼빌리지  경주숙소  경주펜션  경주가족숙소  경주아이와가볼만한곳  경주여행  경주가족여행  경주펜션추천  경주숙소추천  경주여행숙소    
경주 여행,82,경주한식맛집 찾는다면  한옥 연못뷰가 예쁜 소소함박,https://blog.naver.com/yejirla_97/224399626851,이번 경주 여행에서는 예쁜 카페나 디저트도 많이 찾아다녔지만  역시 여행하다 보면 든든한 밥 한 끼가 제일 중요하잖아요  특히 여기는    경주에서 분위기까지 챙길 수 있는 경주한식맛집을 찾는 분들이라면    ,경주한식맛집 찾는다면  한옥 연못뷰가 예쁜 소소함박 이번 경주 여행에서는 예쁜 카페나 디저트도 많이 찾아다녔지만  역시 여행하다 보면 든든한 밥 한 끼가 제일 중요하잖아요  특히 여기는    경주에서 분위기까지 챙길 수 있는 경주한식맛집을 찾는 분들이라면    
경주 여행,83,2026 경주 대릉원 미디어아트 일정 시간 체험 개막 전 현장 미리보    ,https://blog.naver.com/vnfms-sky/224399619731,어제 경주 여행에서 대릉원을 찾았어요  마침  2026 국가유산 미디어아트 경주 대릉원  개막일인 9월 4일이 저희 여행 마지막 날이었는데요  행사가 저녁 7시 30분부터 시작해 마지막 날 저녁까지 머물기에는    ,2026 경주 대릉원 미디어아트 일정 시간 체험 개막 전 현장 미리보     어제 경주 여행에서 대릉원을 찾았어요  마침  2026 국가유산 미디어아트 경주 대릉원  개막일인 9월 4일이 저희 여행 마지막 날이었는데요  행사가 저녁 7시 30분부터 시작해 마지막 날 저녁까지 머물기에는    
경주 여행,84,260319 고양이사랑단 경주 여행 내돈내산 복길 솔직 후기 ,https://blog.naver.com/jklkj0879/224399613434,드디어 퇴근하고 대구에서 넘어온 뀰님과 경주에서 합류했습니다    경주에 가서 포근한 밥을 드시고 싶다면  복길 정말 추천드려요        다음은 신라한복으로 경주 돌아다니는 이야기가 이어집니다     ,260319 고양이사랑단 경주 여행 내돈내산 복길 솔직 후기  드디어 퇴근하고 대구에서 넘어온 뀰님과 경주에서 합류했습니다    경주에 가서 포근한 밥을 드시고 싶다면  복길 정말 추천드려요        다음은 신라한복으로 경주 돌아다니는 이야기가 이어집니다     
경주 여행,85,국내 여름휴가지 추천  경주 가볼 만한 곳 BEST 3,https://blog.naver.com/ji_min1902/224399613273,이번 여름 국내 여행지를 고민하고 있다면 천년의 역사를 품은 경주로 여행을 떠나보세요    경주여행영화  경주가볼만한곳  경주여행코스  경주핫플  경주불국사  불국사  경주첨성대  첨성대  황리단길    ,국내 여름휴가지 추천  경주 가볼 만한 곳 BEST 3 이번 여름 국내 여행지를 고민하고 있다면 천년의 역사를 품은 경주로 여행을 떠나보세요    경주여행영화  경주가볼만한곳  경주여행코스  경주핫플  경주불국사  불국사  경주첨성대  첨성대  황리단길    
경주 여행,86,경주 아이랑가볼만한곳 주렁주렁동물원 먹이주기,https://blog.naver.com/dlsdud5332/224399608452, 경주 주렁주렁동물원  경북 경주시 엑스포로 80 3층 주렁주렁경주는 보문단지 경주월드 근처에 위치해있어요  경주여행 시 방문하기 좋은 위치이고 근처에 식당 카페 등 이동하기 편한 위치에있어요 https   link     ,경주 아이랑가볼만한곳 주렁주렁동물원 먹이주기  경주 주렁주렁동물원  경북 경주시 엑스포로 80 3층 주렁주렁경주는 보문단지 경주월드 근처에 위치해있어요  경주여행 시 방문하기 좋은 위치이고 근처에 식당 카페 등 이동하기 편한 위치에있어요 https   link     
경주 여행,87,경주 여행코스 고민할 때 여행 중 들르기 좋은 근교 가볼만한곳 경    ,https://blog.naver.com/pjmysm/224399603962,경주 여행코스 고민할 때 여행 중 들르기 좋은 근교 가볼만한곳 경주루지월드 경주 여행을 계획할 때마다 고민되는 게 동선이에요  황리단길이나 시내권만 돌기에는 조금 아쉽고  그렇다고 멀리 이동만 하다    ,경주 여행코스 고민할 때 여행 중 들르기 좋은 근교 가볼만한곳 경     경주 여행코스 고민할 때 여행 중 들르기 좋은 근교 가볼만한곳 경주루지월드 경주 여행을 계획할 때마다 고민되는 게 동선이에요  황리단길이나 시내권만 돌기에는 조금 아쉽고  그렇다고 멀리 이동만 하다    
경주 여행,88,경주월드 할인 43  21 500원 자유이용권경주월드 드라켄 파에톤 놀이    ,https://blog.naver.com/ssoondori23/224399602408,보세요 경주 여행이랑 어떻게 묶을까요  경주월드 주소는 경북 경주시 보문로 544 보문관광단지 쪽이에요 그래서 숙소도 보문단지 근처에 잡으면 동선이 편해요 경주월드에서 하루를 보내고 저녁에는 보문호    ,경주월드 할인 43  21 500원 자유이용권경주월드 드라켄 파에톤 놀이     보세요 경주 여행이랑 어떻게 묶을까요  경주월드 주소는 경북 경주시 보문로 544 보문관광단지 쪽이에요 그래서 숙소도 보문단지 근처에 잡으면 동선이 편해요 경주월드에서 하루를 보내고 저녁에는 보문호    
경주 여행,89,경주 소노캄 디럭스 스위트 A 레이크뷰 풀앤스파,https://blog.naver.com/hi_tiger/224399599405,경주 소노캄 디럭스 스위트 A 제가 이번 경주 여행에서 선택한 객실은 9층에 있는 디럭스 스위트 A    친구끼리 여행을 오거나 연인끼리 넉넉하게 머물고 싶을 때  또는 아이 한 명과 함께하는 가족 여행에도 잘    ,경주 소노캄 디럭스 스위트 A 레이크뷰 풀앤스파 경주 소노캄 디럭스 스위트 A 제가 이번 경주 여행에서 선택한 객실은 9층에 있는 디럭스 스위트 A    친구끼리 여행을 오거나 연인끼리 넉넉하게 머물고 싶을 때  또는 아이 한 명과 함께하는 가족 여행에도 잘    
경주 여행,90,경주 가볼만한 곳  경주 한옥뷰 카페 경주 노경보차라파 후기,https://blog.naver.com/suphia514/224399597802,경주 특유의 조용하고 고즈넉한 분위기를 마음껏 느끼고 싶으신 분들께 적극 추천하고 싶은 곳이에요  바쁜 일상에서 벗어나 예쁜 한옥 뷰  마운티 뷰 바라보며 힐링하기에 완벽한 공간이었답니다  경주 여행    ,경주 가볼만한 곳  경주 한옥뷰 카페 경주 노경보차라파 후기 경주 특유의 조용하고 고즈넉한 분위기를 마음껏 느끼고 싶으신 분들께 적극 추천하고 싶은 곳이에요  바쁜 일상에서 벗어나 예쁜 한옥 뷰  마운티 뷰 바라보며 힐링하기에 완벽한 공간이었답니다  경주 여행    
경주 여행,91,라한셀렉트 경주 마켓338 수영장 가이드,https://blog.naver.com/erooon/224399594754,하러가기    라한셀렉트경주  경주호텔  경주호캉스  보문단지호텔  경주수영장호텔  라한셀렉트수영장  마켓338  경주5성급호텔  경주여행  보문관광단지숙소  경주숙소추천  경주가족여행  경주커플여행    ,라한셀렉트 경주 마켓338 수영장 가이드 하러가기    라한셀렉트경주  경주호텔  경주호캉스  보문단지호텔  경주수영장호텔  라한셀렉트수영장  마켓338  경주5성급호텔  경주여행  보문관광단지숙소  경주숙소추천  경주가족여행  경주커플여행    
경주 여행,92,경주 야간데이트 추천 황리단길 근처 한적한 향수공방에서 만드는    ,https://blog.naver.com/rowoon-scent/224399594686,여러분은 경주 여행을 오시면 어떤 곳을 가장 기대하시나요  신나는 경주월드부터 황리단길 구경    숙소에 들어가기 전  조금 특별한 야간데이트 멀리 경주까지 여행을 왔는데 숙소에서 편안하게 쉬는 것도 물론    ,경주 야간데이트 추천 황리단길 근처 한적한 향수공방에서 만드는     여러분은 경주 여행을 오시면 어떤 곳을 가장 기대하시나요  신나는 경주월드부터 황리단길 구경    숙소에 들어가기 전  조금 특별한 야간데이트 멀리 경주까지 여행을 왔는데 숙소에서 편안하게 쉬는 것도 물론    
경주 여행,93,밤이 되니 더 예뻤던 한옥스테이뜰  경주한옥펜션에서 찾은 작은 쉼,https://blog.naver.com/nanaso_/224399594240,주변을 둘러보고 숙소로 돌아오는 동선도 괜찮아서 여행하기    이번 경주 여행에서 가장 기억에 남은 건 오히려 이런 느긋한 시간이었는데요  조용한 밤을 보내기 좋았던 한옥스테이뜰  경주한옥펜션    ,밤이 되니 더 예뻤던 한옥스테이뜰  경주한옥펜션에서 찾은 작은 쉼 주변을 둘러보고 숙소로 돌아오는 동선도 괜찮아서 여행하기    이번 경주 여행에서 가장 기억에 남은 건 오히려 이런 느긋한 시간이었는데요  조용한 밤을 보내기 좋았던 한옥스테이뜰  경주한옥펜션    
경주 여행,94,경주 황리단길 디저트 모찌 타르당 경주 모찌 타르당 후기,https://blog.naver.com/dbcldnjs-tjstodsla/224399590923,안쪽에는  경주의 달콤한 한조각 타르당  오늘의 타르트가 당신의 여행을 더 달콤하게 만들길 바랍니다   라는 문구도 적혀 있어서 경주여행 중 사 먹는 디저트라는 느낌이 더 들더라고요 복숭아요거트  첫    ,경주 황리단길 디저트 모찌 타르당 경주 모찌 타르당 후기 안쪽에는  경주의 달콤한 한조각 타르당  오늘의 타르트가 당신의 여행을 더 달콤하게 만들길 바랍니다   라는 문구도 적혀 있어서 경주여행 중 사 먹는 디저트라는 느낌이 더 들더라고요 복숭아요거트  첫    
경주 여행,95,나 4n살인데 고등학교 수학여행이후 처음 와본다   비오는날 불국사,https://blog.naver.com/polobearar/224399591314,8월15일 16일 예정에도 없던 경주여행을 다녀왔는데   간 사유   친오빠가 혼자 경주 여름휴가를 가    수학여행때 와보고 처음와서 좋았고 아직도 여긴 홀리하고 신기하고 멋있고 뭐 그렇구나 했고 석굴암    ,나 4n살인데 고등학교 수학여행이후 처음 와본다   비오는날 불국사 8월15일 16일 예정에도 없던 경주여행을 다녀왔는데   간 사유   친오빠가 혼자 경주 여름휴가를 가    수학여행때 와보고 처음와서 좋았고 아직도 여긴 홀리하고 신기하고 멋있고 뭐 그렇구나 했고 석굴암    
경주 여행,96,경북 경주   경주여행 추천 왕릉뷰 소금빵 맛집 베이커리 카페   두    ,https://blog.naver.com/z_yunee/224397823488,쥬니입니다아 경주 여행 중 치즈오에서 치즈케이크를 구매하고    여행 중 뭐 들고다니는 거 안좋아하는 1인   나 흐지만    2층에서는 커피도 마시구 이런 뷰도 볼 수 있었다는 거잖아       나 경주 또 갈래    ,경북 경주   경주여행 추천 왕릉뷰 소금빵 맛집 베이커리 카페   두     쥬니입니다아 경주 여행 중 치즈오에서 치즈케이크를 구매하고    여행 중 뭐 들고다니는 거 안좋아하는 1인   나 흐지만    2층에서는 커피도 마시구 이런 뷰도 볼 수 있었다는 거잖아       나 경주 또 갈래    
경주 여행,97, 경북경주  불국사맛집 고색창연에서 속이 든든한 돼지떡갈비정식     ,https://blog.naver.com/yeohees2/224399588212,불국사 근처에서 방문한 곳은 경주떡갈비 고색창연이에요  경주 여행 내내 한식을 먹은 적이 없어서    가게에 도착해서 가장 먼저 마음에 들었던 건 역시 주차장  이었어요 여행 다니다 보면 음식점 주차가 은근    , 경북경주  불국사맛집 고색창연에서 속이 든든한 돼지떡갈비정식      불국사 근처에서 방문한 곳은 경주떡갈비 고색창연이에요  경주 여행 내내 한식을 먹은 적이 없어서    가게에 도착해서 가장 먼저 마음에 들었던 건 역시 주차장  이었어요 여행 다니다 보면 음식점 주차가 은근    
경주 여행,98,친구들 뜨개선물,https://blog.naver.com/annhouse1101/224399582965,하여 경주여행 가기로 한 약속은 취소됐지만 서울서 만나 시간을 보내기로 하였다  여름내내 제작한 친구들 선물     더운 와중에 뜨느라 힘들었지만 친구들이 좋아 할 생각하니 기쁨이 더 크다  점점 각자 자신의    ,친구들 뜨개선물 하여 경주여행 가기로 한 약속은 취소됐지만 서울서 만나 시간을 보내기로 하였다  여름내내 제작한 친구들 선물     더운 와중에 뜨느라 힘들었지만 친구들이 좋아 할 생각하니 기쁨이 더 크다  점점 각자 자신의    
경주 여행,99,경주맛집 교촌삼백년집 퓨전한식,https://blog.naver.com/sehi9873/224399580385,경주맛집 교촌삼백년집 퓨전한식 경주여행 마지막날 들른 교촌마을 최부자집 우리나라 경주에 이런 훌륭한 부자 찐어른이 있었구나 하고 살짝 감동후 밥먹으러 갔습니다  교촌마을에 위치한 교촌삼백년집    ,경주맛집 교촌삼백년집 퓨전한식 경주맛집 교촌삼백년집 퓨전한식 경주여행 마지막날 들른 교촌마을 최부자집 우리나라 경주에 이런 훌륭한 부자 찐어른이 있었구나 하고 살짝 감동후 밥먹으러 갔습니다  교촌마을에 위치한 교촌삼백년집    
경주 여행,100,경주 황리단길 맛집 카페 타르당 과일 가득 들어간 황리단길 디저    ,https://blog.naver.com/dyanni/224399577832,경주카페  경주디저트  경주디저트맛집  타르당  경주타르당  황리단길타르당  경주과일모찌  황리단길과일모찌  경주과일맛집  황리단길먹거리  경주여행  경주가볼만한곳  경주간식  경주여행코스,경주 황리단길 맛집 카페 타르당 과일 가득 들어간 황리단길 디저     경주카페  경주디저트  경주디저트맛집  타르당  경주타르당  황리단길타르당  경주과일모찌  황리단길과일모찌  경주과일맛집  황리단길먹거리  경주여행  경주가볼만한곳  경주간식  경주여행코스
경주 여행,101,경주 여행 가성비 숙소 추천  성호리조트 할인예약팁,https://blog.naver.com/kimjr7315/224399576079,가면 여행 준비할 때 훨씬 수월하더라고요    경주 성호리조트에 대해 자주 묻는 질문  Q  사우나 2인 무료 혜택은 어떻게 사용하나요  A  예약 상품에 사우나 2인 무료가 포함되어 있어서 체크인 시    ,경주 여행 가성비 숙소 추천  성호리조트 할인예약팁 가면 여행 준비할 때 훨씬 수월하더라고요    경주 성호리조트에 대해 자주 묻는 질문  Q  사우나 2인 무료 혜택은 어떻게 사용하나요  A  예약 상품에 사우나 2인 무료가 포함되어 있어서 체크인 시    
경주 여행,102,경주 카페 연화   경주 한옥 카페   경주 여행   경주 연화 웨이팅,https://blog.naver.com/silentmode_/224399575148,경주에 갔을 때 첫째 날 연화에 다녀왔었다 대구에 있을 때 연화가 초창기에 생기자마자 다녀왔었는데 경주로 이사한지 오래되었는데 이제 다녀와봤다  이 사진이 대구 연화 근데 연화의 퍼스널은 경주였던걸    ,경주 카페 연화   경주 한옥 카페   경주 여행   경주 연화 웨이팅 경주에 갔을 때 첫째 날 연화에 다녀왔었다 대구에 있을 때 연화가 초창기에 생기자마자 다녀왔었는데 경주로 이사한지 오래되었는데 이제 다녀와봤다  이 사진이 대구 연화 근데 연화의 퍼스널은 경주였던걸    
경주 여행,103,경주 족욕 카페  고분뷰 보며 힐링하는 경주 이색 데이트 쉼족욕카    ,https://blog.naver.com/kkong6912/224399570332,황리단길   대릉원   첨성대 쪽으로 여행 계획을 잡았다면 중간이나 마지막에 경주 족욕 카페를 넣어보세요  많이 걷는 경주 여행에서 생각보다 만족도가 높은 코스가 될 것 같아요  데이트다운 특별함도    ,경주 족욕 카페  고분뷰 보며 힐링하는 경주 이색 데이트 쉼족욕카     황리단길   대릉원   첨성대 쪽으로 여행 계획을 잡았다면 중간이나 마지막에 경주 족욕 카페를 넣어보세요  많이 걷는 경주 여행에서 생각보다 만족도가 높은 코스가 될 것 같아요  데이트다운 특별함도    
경주 여행,104,9월 국내여행 숙소 예약 신규회원 할인 쿠폰 총정리,https://blog.naver.com/ifnotnow_thenwhen/224399497907,그래서 이번에는 제가 직접 가입하고 쿠폰을 받아 경주 숙소를 예약했는데요  이번에 경주 여행 숙소를 예약하면서 알아 본 9월 국내여행 숙소 여기어때 신규회원 혜택에 대해 정리해봤어요  1  여기어때    ,9월 국내여행 숙소 예약 신규회원 할인 쿠폰 총정리 그래서 이번에는 제가 직접 가입하고 쿠폰을 받아 경주 숙소를 예약했는데요  이번에 경주 여행 숙소를 예약하면서 알아 본 9월 국내여행 숙소 여기어때 신규회원 혜택에 대해 정리해봤어요  1  여기어때    
경주 여행,105,경주교동순두부 황리단길점  경주현지인맛집으로 소문난 그곳,https://blog.naver.com/southy8/224399563279, 경주교동순두부황리단길점  경주맛집  황리단길맛집  경주순두부  경주한정식  경주여행  경주가볼만한곳  경주현지인맛집  경주데이트  경주먹방  경주밥집  경주불고기 경북 경주시 황남동 328 1,경주교동순두부 황리단길점  경주현지인맛집으로 소문난 그곳  경주교동순두부황리단길점  경주맛집  황리단길맛집  경주순두부  경주한정식  경주여행  경주가볼만한곳  경주현지인맛집  경주데이트  경주먹방  경주밥집  경주불고기 경북 경주시 황남동 328 1
경주 여행,106,경주 여행 필수 코스  훌림목에서 만난 황리단길 수플레맛집,https://blog.naver.com/southy8/224399561463,황리단길의 숨겨진 보석 같은 카페  훌림목  경주 여행을 더욱 달콤하게 만들어줄 곳으로 강력 추천합니다   훌림목  경주카페  황리단길카페  경주수플레  수플레맛집  경주여행  황리단길,경주 여행 필수 코스  훌림목에서 만난 황리단길 수플레맛집 황리단길의 숨겨진 보석 같은 카페  훌림목  경주 여행을 더욱 달콤하게 만들어줄 곳으로 강력 추천합니다   훌림목  경주카페  황리단길카페  경주수플레  수플레맛집  경주여행  황리단길
경주 여행,107,경주 노경보차라파  비 내리는 대형 한옥카페,https://blog.naver.com/aelegant/224399552836,경주 노경보차라파  비 내리는 대형 한옥카페 경주 여행을 끝내고 대구로 돌아오던 어느 날  이대로    우래기 사진으로 마무리   경주 대형 한옥카페 찾으신다면 경주IC 근처라 여행 전후에 들르기도 좋고    ,경주 노경보차라파  비 내리는 대형 한옥카페 경주 노경보차라파  비 내리는 대형 한옥카페 경주 여행을 끝내고 대구로 돌아오던 어느 날  이대로    우래기 사진으로 마무리   경주 대형 한옥카페 찾으신다면 경주IC 근처라 여행 전후에 들르기도 좋고    
경주 여행,108,경주 여행 파일,https://blog.naver.com/aiworksconsulting/224399549058,첨부파일 summer leaflet pdf,경주 여행 파일 첨부파일 summer leaflet pdf
경주 여행,109,경주 신상 한옥 카페 추천 소디스에스프레소바 황오점 후기,https://blog.naver.com/xxxkkkiiixxx/224399549176,다녀온 경주 여행    경주에서 이미 유명하다는 소디스에스프레소바에 방문했어요 지점이 경주 시내 안에도 여러 개 있더라고요 그중에서도 가장 최근에 생긴 황오점에 방문했습니다 위치가 좀    ,경주 신상 한옥 카페 추천 소디스에스프레소바 황오점 후기 다녀온 경주 여행    경주에서 이미 유명하다는 소디스에스프레소바에 방문했어요 지점이 경주 시내 안에도 여러 개 있더라고요 그중에서도 가장 최근에 생긴 황오점에 방문했습니다 위치가 좀    
경주 여행,110,경주 황남정 황리단길 돼지갈비  물갈비 가성비 좋은 저녁식당 추천    ,https://blog.naver.com/cityloansol/224399549331,경북 경주시 포석로1050번길 33 매일 10시 30분 오후 10시까지 운영  멋드러진 한옥 돼지갈비   물갈비집 황남정   실은 경주 여행와서 남편이    어떻게 보면 평범한 돼지갈비지만  또 여행와서 먹으면 이 또한    ,경주 황남정 황리단길 돼지갈비  물갈비 가성비 좋은 저녁식당 추천     경북 경주시 포석로1050번길 33 매일 10시 30분 오후 10시까지 운영  멋드러진 한옥 돼지갈비   물갈비집 황남정   실은 경주 여행와서 남편이    어떻게 보면 평범한 돼지갈비지만  또 여행와서 먹으면 이 또한    
경주 여행,111,경주에서 발견한 한우 맛집  청마루 한우에서 꽃갈비살 맛보고 왔어    ,https://blog.naver.com/mercy0502/224397972382,차가 없으면 찾아가기 살짝 힘든 위치에 있긴 하지만  자차가 있다면 주 여행할 때 무조건 들러봐야 할     경주맛집  경주한우맛집  청마루한우  경주청마루한우  경주여행코스  경주한우  꽃갈비살    ,경주에서 발견한 한우 맛집  청마루 한우에서 꽃갈비살 맛보고 왔어     차가 없으면 찾아가기 살짝 힘든 위치에 있긴 하지만  자차가 있다면 주 여행할 때 무조건 들러봐야 할     경주맛집  경주한우맛집  청마루한우  경주청마루한우  경주여행코스  경주한우  꽃갈비살    
경주 여행,112,경북 경주   숭문대 백일홍 군락지 1부드론  26년9월1일 ,https://blog.naver.com/skdywjd22/224399548250,숭문대 백일홍 군락지 1부드론  경주 숭문대 놋점들 백일홍 군락지 9월 경주 꽃구경 명소 가을의 문턱에 들어선 9월이다 신라 역사의 고즈넉한 경주 경주여행 하면서 9월 꽃구경 할 곳을 찾고 있다면 요즘    ,경북 경주   숭문대 백일홍 군락지 1부드론  26년9월1일  숭문대 백일홍 군락지 1부드론  경주 숭문대 놋점들 백일홍 군락지 9월 경주 꽃구경 명소 가을의 문턱에 들어선 9월이다 신라 역사의 고즈넉한 경주 경주여행 하면서 9월 꽃구경 할 곳을 찾고 있다면 요즘    
경주 여행,113,경주시청년센터 아리아리6기  한적한 역사 공간 경주 읍성 산책,https://blog.naver.com/inyung14/224399547208,경주 여행 코스  경주 걷기 좋은 곳  경주 산책코스로 경주읍성은 어떠세요    경주읍성   경북 경주시 북부동 1번지 경주 읍성의 향일문을 향해 다가가면 아래에서 위로 바라보는 시선에서 멋스러운 광경을    ,경주시청년센터 아리아리6기  한적한 역사 공간 경주 읍성 산책 경주 여행 코스  경주 걷기 좋은 곳  경주 산책코스로 경주읍성은 어떠세요    경주읍성   경북 경주시 북부동 1번지 경주 읍성의 향일문을 향해 다가가면 아래에서 위로 바라보는 시선에서 멋스러운 광경을    
경주 여행,114,경주 여행코스 야경 시간대와 주차비  무료 축 짜는 법,https://blog.naver.com/cocoaisland31/224399546390,경주 여행코스는 해가 진 뒤가 본편이라 낮 일정을 그만큼 줄여 잡아야 합니다  1  경주에서 시간대로    아이와 짜는 여행코스 경주월드는 보문로 544입니다  타임라이더는 좌우로 흔들리며 회전하고    ,경주 여행코스 야경 시간대와 주차비  무료 축 짜는 법 경주 여행코스는 해가 진 뒤가 본편이라 낮 일정을 그만큼 줄여 잡아야 합니다  1  경주에서 시간대로    아이와 짜는 여행코스 경주월드는 보문로 544입니다  타임라이더는 좌우로 흔들리며 회전하고    
경주 여행,115,경북 경주 여행 코스로 들르는 경주 빵집 추천,https://blog.naver.com/organicorbit7/224399542736,경주 여행 마지막 날 시간이 떠서 들른 게 시작이었는데 그 뒤로는 아예 동선에 넣고 다닙니다  여행 코스 끝에 들를 데를 찾으시면 여기부터 추천해요   1  대릉원에서 걸어가요   경북 경주시 북정로 6 1   09 00    ,경북 경주 여행 코스로 들르는 경주 빵집 추천 경주 여행 마지막 날 시간이 떠서 들른 게 시작이었는데 그 뒤로는 아예 동선에 넣고 다닙니다  여행 코스 끝에 들를 데를 찾으시면 여기부터 추천해요   1  대릉원에서 걸어가요   경북 경주시 북정로 6 1   09 00    
경주 여행,116,경주여행   경주 라한셀렉트 내돈내산 후기,https://blog.naver.com/aaeda/224399541483, 사실경주여행이 너무좋았음    여행후기도 곧  포스팅  할 예  정       경상북도 경주시 보문로 338 라한셀렉트 경주 라한셀렉트 경주는 보문단지 쪽에 위치하고있어요  보문관광단지에서 조금  많이    ,경주여행   경주 라한셀렉트 내돈내산 후기  사실경주여행이 너무좋았음    여행후기도 곧  포스팅  할 예  정       경상북도 경주시 보문로 338 라한셀렉트 경주 라한셀렉트 경주는 보문단지 쪽에 위치하고있어요  보문관광단지에서 조금  많이    
경주 여행,117,경주 불국사 여행 시 꼭 가봐야 할 숙소 추천  3천 원의 행복 전복죽     ,https://blog.naver.com/vview_log/224399536258,깨끗하고 카페테리아 시설까지 완벽한 란타나 경주불국사점을 적극 추천합니다  커플 여행은 물론 가족 여행 숙소로도 손색없는 곳이에요   경주여행  경주불국사  경주불국사숙소  경주가족여행  경주커플여행,경주 불국사 여행 시 꼭 가봐야 할 숙소 추천  3천 원의 행복 전복죽      깨끗하고 카페테리아 시설까지 완벽한 란타나 경주불국사점을 적극 추천합니다  커플 여행은 물론 가족 여행 숙소로도 손색없는 곳이에요   경주여행  경주불국사  경주불국사숙소  경주가족여행  경주커플여행
경주 여행,118,경북 경주   숭문대 백일홍 군락지 1부드론  26년9월1일 ,https://skdywjd25.tistory.com/11625,숭문대 백일홍 군락지 1부드론  경주 숭문대 놋점들 백일홍 군락지 9월 경주 꽃구경 명소 가을의 문턱에 들어선 9월이다 신라 역사의 고즈넉한 경주 경주여행 하면서 9월 꽃구경 할 곳을 찾고 있다면 요즘    ,경북 경주   숭문대 백일홍 군락지 1부드론  26년9월1일  숭문대 백일홍 군락지 1부드론  경주 숭문대 놋점들 백일홍 군락지 9월 경주 꽃구경 명소 가을의 문턱에 들어선 9월이다 신라 역사의 고즈넉한 경주 경주여행 하면서 9월 꽃구경 할 곳을 찾고 있다면 요즘    
경주 여행,119,창조적 영감에 관하여 20대책추천 새로운 경험이 삶을 풍요롭게 한    ,https://blog.naver.com/wh1gus2tkd3/224397733392,3일 경주 여행을 다녀온 적이 있다  이날 마지막 여행 코스는 경주엑스포공원이었다  경주엑스포공원 안이 워낙 넓은 터라  안내 요원께서 추천 경로를 알려주셨다  여러 곳 중에서 꼭 방문해야 하는 곳으로    ,창조적 영감에 관하여 20대책추천 새로운 경험이 삶을 풍요롭게 한     3일 경주 여행을 다녀온 적이 있다  이날 마지막 여행 코스는 경주엑스포공원이었다  경주엑스포공원 안이 워낙 넓은 터라  안내 요원께서 추천 경로를 알려주셨다  여러 곳 중에서 꼭 방문해야 하는 곳으로    
경주 여행,120,경주 역사여행 동궁과월지 안압지 야경명소 투어 갈만한곳,https://blog.naver.com/lemon8363/224398132683,경주 역사여행 동궁과월지 안압지 야경명소 투어 갈만한곳 글 사진 영상  봉봉츄 낮보다 밤이 더 어여쁜 도시 경주로 역사여행 계획하고 계신가요  경주 여행의 꽃은 단연코 야경투어라고 할 수 있죠  그    ,경주 역사여행 동궁과월지 안압지 야경명소 투어 갈만한곳 경주 역사여행 동궁과월지 안압지 야경명소 투어 갈만한곳 글 사진 영상  봉봉츄 낮보다 밤이 더 어여쁜 도시 경주로 역사여행 계획하고 계신가요  경주 여행의 꽃은 단연코 야경투어라고 할 수 있죠  그    
경주 여행,121,가슴 벅찬 추억을 만드는 경주스쿠터 대여의 만족도란 이런 것,https://blog.naver.com/hljfhdgcqhpern/224399524319,주소 및 연락처 주소   경상북도 경주시 태종로685번길 2 연락처   010           경주스쿠터 경주 여행을    가격도 중요하지만 솔직히 진짜 만족스러운 여행을 위해선 마음이 어떻게 움직이는지가 더 크다고    ,가슴 벅찬 추억을 만드는 경주스쿠터 대여의 만족도란 이런 것 주소 및 연락처 주소   경상북도 경주시 태종로685번길 2 연락처   010           경주스쿠터 경주 여행을    가격도 중요하지만 솔직히 진짜 만족스러운 여행을 위해선 마음이 어떻게 움직이는지가 더 크다고    
경주 여행,122,현지인 추천 숨겨진 인스타 감성 경주 카페 발견,https://blog.naver.com/kingofking-/224399518545,제가 오늘 소개해 드릴 곳들은 다들 저마다의 개성과 스토리를 가지고 있어서  분명 여러분의 경주 여행을 더욱 풍성하게 만들어 줄 거예요  1894사랑채  고택에서 만나는 시간 여행 경주 황남동의 조용한    ,현지인 추천 숨겨진 인스타 감성 경주 카페 발견 제가 오늘 소개해 드릴 곳들은 다들 저마다의 개성과 스토리를 가지고 있어서  분명 여러분의 경주 여행을 더욱 풍성하게 만들어 줄 거예요  1894사랑채  고택에서 만나는 시간 여행 경주 황남동의 조용한    
경주 여행,123,경주 황리단길 올드패션델리 생햄 화덕피자 인생 피자 맛집 추천,https://blog.naver.com/bessy763/224399512597, 화덕피자가 맛있는 경주 황리단길 맛집  올드패션델리 즐거웠던 경주여행   국립경주박물관에 갔다가 점심을 먹으러 황리단길에 왔어요   점심도 먹고 사진도 찍고 놀다가 숙소에 피자를 포장해가기루    ,경주 황리단길 올드패션델리 생햄 화덕피자 인생 피자 맛집 추천  화덕피자가 맛있는 경주 황리단길 맛집  올드패션델리 즐거웠던 경주여행   국립경주박물관에 갔다가 점심을 먹으러 황리단길에 왔어요   점심도 먹고 사진도 찍고 놀다가 숙소에 피자를 포장해가기루    
경주 여행,124, 경주여행 4탄  황리단길 가볼만한 곳 거리 구경부터 소품샵 먹거    ,https://blog.naver.com/pppke123/224399509556,경주 황리단길 경주여행 3탄 바실라에서 예쁜 풍경도 보고 팥빙수도 야무지게 먹었으니 이제 다음    함께한 여행이라 어른도 구경할 게 있고 아이들도 지루하지 않게 돌아다닐 수 있어서 좋았던 것 같아요 다만    , 경주여행 4탄  황리단길 가볼만한 곳 거리 구경부터 소품샵 먹거     경주 황리단길 경주여행 3탄 바실라에서 예쁜 풍경도 보고 팥빙수도 야무지게 먹었으니 이제 다음    함께한 여행이라 어른도 구경할 게 있고 아이들도 지루하지 않게 돌아다닐 수 있어서 좋았던 것 같아요 다만    
경주 여행,125,경주 황리단길 생선구이 맛집 한다솥 경주점 화덕생선구이와 솥밥     ,https://blog.naver.com/rmaqlc471/224399509405,황리단길솥밥  경주한정식  경주한정식맛집  황리단길한식  황리단길밥집  경주한식맛집  경주밥집  경주여행맛집  경주가족식사  경주부모님맛집  대릉원맛집  첨성대맛집  경주여행  황리단길여행,경주 황리단길 생선구이 맛집 한다솥 경주점 화덕생선구이와 솥밥      황리단길솥밥  경주한정식  경주한정식맛집  황리단길한식  황리단길밥집  경주한식맛집  경주밥집  경주여행맛집  경주가족식사  경주부모님맛집  대릉원맛집  첨성대맛집  경주여행  황리단길여행
경주 여행,126,경주정육점에서 알게 된 한우 고르는 숨겨진 비밀,https://blog.naver.com/dy5321149/224399499711,그냥 지나쳤으면 진짜 후회할 뻔했어요 경주 여행을 자주 가는    시작이었거든요 경주정육점이라고 하면 그냥 동네 마트 정육 코너 같은    함정이었어요 여행지에서 뭔가 특별한 걸 먹고 싶을 때  유명한 식당    ,경주정육점에서 알게 된 한우 고르는 숨겨진 비밀 그냥 지나쳤으면 진짜 후회할 뻔했어요 경주 여행을 자주 가는    시작이었거든요 경주정육점이라고 하면 그냥 동네 마트 정육 코너 같은    함정이었어요 여행지에서 뭔가 특별한 걸 먹고 싶을 때  유명한 식당    
경주 여행,127, 경주가볼만한 곳  경주의 유익한 전시 공연 축제 정보,https://blog.naver.com/kj-story/224399497703,해양역사관  2026년 5월 정식 개관   주최 주관  경주문화재단  문의처  054 777 6784  1  2  우리가족만의 프라이빗한 가족여행을 원하시다면 네이버 스마트 스토어  경주여행스토리  를 검색해주세요 , 경주가볼만한 곳  경주의 유익한 전시 공연 축제 정보 해양역사관  2026년 5월 정식 개관   주최 주관  경주문화재단  문의처  054 777 6784  1  2  우리가족만의 프라이빗한 가족여행을 원하시다면 네이버 스마트 스토어  경주여행스토리  를 검색해주세요 
경주 여행,128,경주여행 황리단길 디저트 기념품 포장 경주얼굴빵 솔직 후기,https://blog.naver.com/apexapexapex/224399492058,경주빵 비쥬얼 대비 쫄깃한 식감이 난리난 경주 기념품 간식 경주얼굴빵   맛과 식감이 어떤지  당도는 어떤지   선물이나 기념품 간식으로 괜찮은지   주차는 어떤지 알아볼게요 경주여행 경주디저트포장    ,경주여행 황리단길 디저트 기념품 포장 경주얼굴빵 솔직 후기 경주빵 비쥬얼 대비 쫄깃한 식감이 난리난 경주 기념품 간식 경주얼굴빵   맛과 식감이 어떤지  당도는 어떤지   선물이나 기념품 간식으로 괜찮은지   주차는 어떤지 알아볼게요 경주여행 경주디저트포장    
경주 여행,129,경주 황리단길 가성비 좋은 숙소 추천 한옥스테이 라온 후기,https://blog.naver.com/wjdrjffl/224399479938, 경주숙소  경주숙소추천  경주한옥숙소  경주한옥스테이  황리단길숙소  황리단길한옥숙소  경주가성비숙소  경주가족숙소  경주아이와숙소  경주여행  경주여행숙소  황리단길숙소추천  경주한옥    ,경주 황리단길 가성비 좋은 숙소 추천 한옥스테이 라온 후기  경주숙소  경주숙소추천  경주한옥숙소  경주한옥스테이  황리단길숙소  황리단길한옥숙소  경주가성비숙소  경주가족숙소  경주아이와숙소  경주여행  경주여행숙소  황리단길숙소추천  경주한옥    
경주 여행,130,경주 소노캄 부대시설 총정리 북카페 마트 풀앤스파 조식 플레    ,https://blog.naver.com/jennieluvsmay/224395065114,경주 여행에서 숙소를 소노캄 경주로 잡았다면 객실뿐만 아니라 리조트 안에 있는 부대시설도 꽤    사실 1박2일 여행이라면  경주 소노캄에서만 풀로 보내도 전혀 아쉽지 않을 여행을 할 수 있습니다  오히려    ,경주 소노캄 부대시설 총정리 북카페 마트 풀앤스파 조식 플레     경주 여행에서 숙소를 소노캄 경주로 잡았다면 객실뿐만 아니라 리조트 안에 있는 부대시설도 꽤    사실 1박2일 여행이라면  경주 소노캄에서만 풀로 보내도 전혀 아쉽지 않을 여행을 할 수 있습니다  오히려    
경주 여행,131,두 번째 만난 불국사  이번에는 천천히 한 바퀴 돌아봤어요,https://blog.naver.com/leenwoo/224399461931,https   www youtube com shorts nn vJbJpA00  경주여행  경주가볼만한곳  불국사  불국사여행  경주불국사  경주여행코스  경주반나절코스  경주가을여행  9월여행  경주데이트  경주아이와가볼만한곳  청운교백운교  석가탑    ,두 번째 만난 불국사  이번에는 천천히 한 바퀴 돌아봤어요 https   www youtube com shorts nn vJbJpA00  경주여행  경주가볼만한곳  불국사  불국사여행  경주불국사  경주여행코스  경주반나절코스  경주가을여행  9월여행  경주데이트  경주아이와가볼만한곳  청운교백운교  석가탑    
경주 여행,132,라한셀렉트 경주 조식 4부제 수영장 요금 정보  보문단지 5성급 ,https://blog.naver.com/hwmy0510/224399461334,경주 여행 숙소로 라한셀렉트 경주를 고민하고 계신 분들 많으시죠  보문단지 한가운데 자리한    오션플레이  경주루지월드  경주 스프링덤까지 전부 2km 내외에 모여 있어서 보문단지 위주로 여행 계획    ,라한셀렉트 경주 조식 4부제 수영장 요금 정보  보문단지 5성급  경주 여행 숙소로 라한셀렉트 경주를 고민하고 계신 분들 많으시죠  보문단지 한가운데 자리한    오션플레이  경주루지월드  경주 스프링덤까지 전부 2km 내외에 모여 있어서 보문단지 위주로 여행 계획    
경주 여행,133, 경주  보문갈비에서 인생갈비를 만나다 ,https://blog.naver.com/yalulu_/224399458045,경주 여행을 다녀온지 거의 한달이 되어가네요  경주 여행 다녀온 걸 하나로 포스팅 하려했는데    보문갈비 땜에 경주 다시 오고싶네요   지금까지 먹은 갈비한테 좀 미안해지는 맛     영업시간  매일 11 30    , 경주  보문갈비에서 인생갈비를 만나다  경주 여행을 다녀온지 거의 한달이 되어가네요  경주 여행 다녀온 걸 하나로 포스팅 하려했는데    보문갈비 땜에 경주 다시 오고싶네요   지금까지 먹은 갈비한테 좀 미안해지는 맛     영업시간  매일 11 30    
경주 여행,134,경주 여행 가성비 좋은 깔끔한 한옥 숙소    칠불암한옥펜션,https://blog.naver.com/sosimtraveler/224399458403,경주 가성비 좋은 깔끔한 한옥 숙소   칠불암한옥펜션 에서 1박한 후기입니다   칠불암한옥펜션 은 가격이 저렴해서 그런지  경주 여행객이 찾는 시내 쪽과는 거리가 좀 떨어져 있기는 합니다  그래도 차로    ,경주 여행 가성비 좋은 깔끔한 한옥 숙소    칠불암한옥펜션 경주 가성비 좋은 깔끔한 한옥 숙소   칠불암한옥펜션 에서 1박한 후기입니다   칠불암한옥펜션 은 가격이 저렴해서 그런지  경주 여행객이 찾는 시내 쪽과는 거리가 좀 떨어져 있기는 합니다  그래도 차로    
경주 여행,135,경주 코오롱 호텔 수영장 조식 온돌룸 할인 예약 꿀팁,https://blog.naver.com/yomisyday/224399425200,경주 코오롱 호텔 예약 바로가기  경주코오롱호텔  경주호텔  경주숙소  코오롱호텔  경주코오롱  경주온돌방  경주조식  불국사근처숙소  경주가족여행  경주여행숙소  경주호텔추천  코오롱호텔조식    ,경주 코오롱 호텔 수영장 조식 온돌룸 할인 예약 꿀팁 경주 코오롱 호텔 예약 바로가기  경주코오롱호텔  경주호텔  경주숙소  코오롱호텔  경주코오롱  경주온돌방  경주조식  불국사근처숙소  경주가족여행  경주여행숙소  경주호텔추천  코오롱호텔조식    
경주 여행,136,경주 실내 데이트 코스 플래시백계림 미디어아트 전시장,https://blog.naver.com/bd5bd5/224376318417,오늘은 경주여행에서 플래시백 계림을 보고 왔습니다  아이랑 가기도 좋았고 어른이 데이트하기도 참 좋은 곳이었어요   주소  경상북도 경주시 천북남로 14 플래시백 계림  전화번호    054 705 3700    ,경주 실내 데이트 코스 플래시백계림 미디어아트 전시장 오늘은 경주여행에서 플래시백 계림을 보고 왔습니다  아이랑 가기도 좋았고 어른이 데이트하기도 참 좋은 곳이었어요   주소  경상북도 경주시 천북남로 14 플래시백 계림  전화번호    054 705 3700    
경주 여행,137,경주한식맛집 소소함박 황리단길점  대릉원 천마총 여행 코스 추천 ,https://blog.naver.com/nyang_d/224399453522,대릉원 천마총 여행 코스 추천  경주한식맛집 소소함박 황리단길점  푸드 인플루언서 K주부 경주여행 둘째 날  신랑과 아들과 함께 대릉원과 천마총을 천천히 둘러봤는데요  풍경을 실컷 감상하고 나니 어느새    ,경주한식맛집 소소함박 황리단길점  대릉원 천마총 여행 코스 추천  대릉원 천마총 여행 코스 추천  경주한식맛집 소소함박 황리단길점  푸드 인플루언서 K주부 경주여행 둘째 날  신랑과 아들과 함께 대릉원과 천마총을 천천히 둘러봤는데요  풍경을 실컷 감상하고 나니 어느새    
경주 여행,138,경주 여행 필수코스  겉바속촉 팥파이가 맛있는 보문단지 경주 파이    ,https://blog.naver.com/keko2566/224398196099,매일 매장에서 직접 구워내는 수제 페이스트리 파이라 여행 기념 선물이나 답례용으로도 인기가    경주디저트선물  경주월드맛집  경주여행기념품  보문단지맛집  경주빵맛집  경주 파이  경주기념품  경주여행,경주 여행 필수코스  겉바속촉 팥파이가 맛있는 보문단지 경주 파이     매일 매장에서 직접 구워내는 수제 페이스트리 파이라 여행 기념 선물이나 답례용으로도 인기가    경주디저트선물  경주월드맛집  경주여행기념품  보문단지맛집  경주빵맛집  경주 파이  경주기념품  경주여행
경주 여행,139, 가을 경주여행 숙소는 여기   힐튼호텔 조식 수영장 패키지 특가 아    ,https://blog.naver.com/dneyppah/224399452187,  우양미술관 선선한 바람이 불어오는 가을이 다가오면 먼저 떠오르는 여행지가 바로 고즈넉한 경주    인기 있는 날짜나 주말 수량은 빠르게 마감되니 가을 경주 여행을 염두에 두고 계시다면 미리 혜택을    , 가을 경주여행 숙소는 여기   힐튼호텔 조식 수영장 패키지 특가 아       우양미술관 선선한 바람이 불어오는 가을이 다가오면 먼저 떠오르는 여행지가 바로 고즈넉한 경주    인기 있는 날짜나 주말 수량은 빠르게 마감되니 가을 경주 여행을 염두에 두고 계시다면 미리 혜택을    
경주 여행,140, 경주 맛집  이탈리아 여행의 기억을 떠올리게 한 도미 DOMi  Kitchen Pub,https://blog.naver.com/todaypick_kr/224399446759,무엇보다 올해 다녀온 이탈리아 여행의 기억을 다시 떠올리게 해준 곳이라 저에게는 조금 특별하게    해시태그  경주맛집  경주여행  경주이탈리아음식  경주피자  경주피자맛집  경주데이트    , 경주 맛집  이탈리아 여행의 기억을 떠올리게 한 도미 DOMi  Kitchen Pub 무엇보다 올해 다녀온 이탈리아 여행의 기억을 다시 떠올리게 해준 곳이라 저에게는 조금 특별하게    해시태그  경주맛집  경주여행  경주이탈리아음식  경주피자  경주피자맛집  경주데이트    
경주 여행,141,경주 가족여행 추천  뽀로로 워터파크 코코몽까지 켄싱턴리조트 경    ,https://blog.naver.com/relimo/224398897950,켄싱턴리조트 경주 특가 확인하기  경주가족여행  경주가볼만한곳  경주여행  켄싱턴리조트경주  경주켄싱턴  경주리조트  경주키캉스  뽀로로아쿠아빌리지  코코몽키즈플레이존  경주아이와가볼만한곳   본    ,경주 가족여행 추천  뽀로로 워터파크 코코몽까지 켄싱턴리조트 경     켄싱턴리조트 경주 특가 확인하기  경주가족여행  경주가볼만한곳  경주여행  켄싱턴리조트경주  경주켄싱턴  경주리조트  경주키캉스  뽀로로아쿠아빌리지  코코몽키즈플레이존  경주아이와가볼만한곳   본    
경주 여행,142,경주 아이랑 가기 좋은 식당  경주한식뷔페 후기  풀잎채 경주보문    ,https://blog.naver.com/babulove09/224399433583,아이랑 경주여행하다보면 어디 식당을 가야할까 엄마들은 고민이 되잖아요 경주맛집은 너무 많은데 메뉴가 너무 다양하니 결정장애가 와요 메뉴도 중요하지만 아이들과 여행와서 맛집 찾아다니려면 숙소와    ,경주 아이랑 가기 좋은 식당  경주한식뷔페 후기  풀잎채 경주보문     아이랑 경주여행하다보면 어디 식당을 가야할까 엄마들은 고민이 되잖아요 경주맛집은 너무 많은데 메뉴가 너무 다양하니 결정장애가 와요 메뉴도 중요하지만 아이들과 여행와서 맛집 찾아다니려면 숙소와    
경주 여행,143,경주 여행 기념품 지인선물 디저트 수제팥 가득 경주파이 호문당 카    ,https://blog.naver.com/migi22_/224399432911,   경주 여행 기념품 선물 추천 경주파이    겉바속촉 수제팥이 가득 들어있어요    파이에서    지인선물용  여행기념  아이간식으로 추천    6개입 8개입 10개입으로 판매    주차장이 넓어서    ,경주 여행 기념품 지인선물 디저트 수제팥 가득 경주파이 호문당 카        경주 여행 기념품 선물 추천 경주파이    겉바속촉 수제팥이 가득 들어있어요    파이에서    지인선물용  여행기념  아이간식으로 추천    6개입 8개입 10개입으로 판매    주차장이 넓어서    
경주 여행,144,경주 불국사 다보탑 대웅전 주차장 혼자경주여행 1박2일,https://blog.naver.com/axax79/224399420440,경주 불국사 다보탑 대웅전 주차장 혼자경주여행 1박2일 9월 맞이해서 제가 좋아하는 경주 1박2일 여행을 다녀왔습니다  혼자경주여행하고 왔는데요 아침 경주 불국사 풍경이 궁금해서 첫 번째로 달려갔네요     ,경주 불국사 다보탑 대웅전 주차장 혼자경주여행 1박2일 경주 불국사 다보탑 대웅전 주차장 혼자경주여행 1박2일 9월 맞이해서 제가 좋아하는 경주 1박2일 여행을 다녀왔습니다  혼자경주여행하고 왔는데요 아침 경주 불국사 풍경이 궁금해서 첫 번째로 달려갔네요     
경주 여행,145,단순한 경주여행은 뻔해  경주 황리단길운세 특별한 경험 달빛서재    ,https://blog.naver.com/jssuli/224399418739,단순한 여행을 넘어 내 삶을 되돌아보고 특별하고 의미있는 여행으로 추천드립니다  경주사주  황리단길운세  황리단길타로  경주여행 달빛 서재 사주 타로 바로 출발합니다     취업  이직  연애 등 인생의    ,단순한 경주여행은 뻔해  경주 황리단길운세 특별한 경험 달빛서재     단순한 여행을 넘어 내 삶을 되돌아보고 특별하고 의미있는 여행으로 추천드립니다  경주사주  황리단길운세  황리단길타로  경주여행 달빛 서재 사주 타로 바로 출발합니다     취업  이직  연애 등 인생의    
경주 여행,146,경주여행선물 l 경주맥주 별맥 석빙고 라거  동궁과 월지 IPA,https://blog.naver.com/stosto1/224398593690,경주맥주 별맥 석빙고 라거  동궁과 월지 IPA 경주여행선물  경주맥주 오늘의 포스팅은 지난번에    07  사이즈가 330ml라 그냥 병으로 마셔도 좋지만 저희는 잔에 따라 마셔봤습니다  여행지에서 잔이    ,경주여행선물 l 경주맥주 별맥 석빙고 라거  동궁과 월지 IPA 경주맥주 별맥 석빙고 라거  동궁과 월지 IPA 경주여행선물  경주맥주 오늘의 포스팅은 지난번에    07  사이즈가 330ml라 그냥 병으로 마셔도 좋지만 저희는 잔에 따라 마셔봤습니다  여행지에서 잔이    
경주 여행,147, 경주 여행  새로워진 국립경주박물관 월지관 재개관 방문 후기 신    ,https://blog.naver.com/jho8027/224399415607,월지관 국립경주박물관에 위치한 월지관은 동궁과 월지에서 나온 유물들을 통해 통일신라 왕실과    경북 경주시 일정로 186 국립경주박물관   운영시간 10 00   18 00    3월 부터 10월까지 매주 토요일은 20    , 경주 여행  새로워진 국립경주박물관 월지관 재개관 방문 후기 신     월지관 국립경주박물관에 위치한 월지관은 동궁과 월지에서 나온 유물들을 통해 통일신라 왕실과    경북 경주시 일정로 186 국립경주박물관   운영시간 10 00   18 00    3월 부터 10월까지 매주 토요일은 20    
경주 여행,148,경주 소고기집 오가네한우  경주 용강동 한우 제대로 즐긴 곳,https://blog.naver.com/ry091919/224399413823,경주 여행 중 든든한 식사를 하고 싶을 때나 가족 외식  단체 모임을 계획하고 있을 때 경주 소고기집 오가네한우를 기억해두면 좋을 것 같아요   오가네한우 주소   경상북도 경주시 다불로 204 전화   054 771 9077    ,경주 소고기집 오가네한우  경주 용강동 한우 제대로 즐긴 곳 경주 여행 중 든든한 식사를 하고 싶을 때나 가족 외식  단체 모임을 계획하고 있을 때 경주 소고기집 오가네한우를 기억해두면 좋을 것 같아요   오가네한우 주소   경상북도 경주시 다불로 204 전화   054 771 9077    
경주 여행,149,경주여행 아이랑 가볼만한곳 경주 뽀로로아쿠아빌리지 아이들과 가    ,https://blog.naver.com/milk_nammae/224399402814,안녕하세요 쑤마냐에요 올 여름  가을이 오기전에 마지막 물놀이 장소로 경주 뽀로로 아쿠아빌리지를    나와 경주 관광지 구경을 많이 못한게 너무 아쉬웠어요  준비물은 이렇게 챙겨가세요   수영복 수영모    ,경주여행 아이랑 가볼만한곳 경주 뽀로로아쿠아빌리지 아이들과 가     안녕하세요 쑤마냐에요 올 여름  가을이 오기전에 마지막 물놀이 장소로 경주 뽀로로 아쿠아빌리지를    나와 경주 관광지 구경을 많이 못한게 너무 아쉬웠어요  준비물은 이렇게 챙겨가세요   수영복 수영모    
경주 여행,150,경주 원조 콩국은 40분 기다려 먹을 만큼 맛있을까 ,https://blog.naver.com/jangdy02/224399392330,이번 경주 여행은 사실 맛집을 찾아 떠난 여행은 아니었어요   부산으로 내려가기 전에 경주에 잠깐 들른 이유는 국립경주박물관에서 열리고 있는 황룡사 특별전을 보기 위해서였어요    이번에는    ,경주 원조 콩국은 40분 기다려 먹을 만큼 맛있을까  이번 경주 여행은 사실 맛집을 찾아 떠난 여행은 아니었어요   부산으로 내려가기 전에 경주에 잠깐 들른 이유는 국립경주박물관에서 열리고 있는 황룡사 특별전을 보기 위해서였어요    이번에는    
경주 여행,151,경주 아이랑 가볼만한곳  경주데이트 도자기체험후기 세인도예연구    ,https://blog.naver.com/babulove09/224399391423,같아요 경주여행 중에 제일 기억에 남는 추억이 될 것같아요  하동여행  경주민속공예촌  경주데이트  경주아이와가볼만한곳  세인도예연구소  경주여행  경주아이랑가볼만한곳  경주실내데이트  경주물레체험    ,경주 아이랑 가볼만한곳  경주데이트 도자기체험후기 세인도예연구     같아요 경주여행 중에 제일 기억에 남는 추억이 될 것같아요  하동여행  경주민속공예촌  경주데이트  경주아이와가볼만한곳  세인도예연구소  경주여행  경주아이랑가볼만한곳  경주실내데이트  경주물레체험    
경주 여행,152, 경주 숙소 추천  호텔 미온   경주 여행 황리단길 접근성 좋은 신상     ,https://blog.naver.com/bnieeeeee/224399369420,하이띠 이번에 진짜 진짜 오고 싶었던 경주를 드디어 왔습니다 어무니랑 함께   음 엄마 퇴직하고 난 뒤로는 가족 여행은 몇 번 갔는데 생각보다 엄마랑 단 둘이 뭘 한 기억이 없는 거예요 장 보는 거 정도    , 경주 숙소 추천  호텔 미온   경주 여행 황리단길 접근성 좋은 신상      하이띠 이번에 진짜 진짜 오고 싶었던 경주를 드디어 왔습니다 어무니랑 함께   음 엄마 퇴직하고 난 뒤로는 가족 여행은 몇 번 갔는데 생각보다 엄마랑 단 둘이 뭘 한 기억이 없는 거예요 장 보는 거 정도    
경주 여행,153,아이랑 경주 여행 비오는 날 갈만한 곳 국립경주박물관 신라 역사     ,https://blog.naver.com/citrontea413/224399360626,경주 여행 둘째 날  새벽부터 비가 많이 내렸어요  원래 불국사와 석굴암을 가려고 했는데 실내인 국립경주박물관으로 향했습니다  국립경주박물관은 신라의 문화유산을 살펴볼 수 있는 한국의 대표적인    ,아이랑 경주 여행 비오는 날 갈만한 곳 국립경주박물관 신라 역사      경주 여행 둘째 날  새벽부터 비가 많이 내렸어요  원래 불국사와 석굴암을 가려고 했는데 실내인 국립경주박물관으로 향했습니다  국립경주박물관은 신라의 문화유산을 살펴볼 수 있는 한국의 대표적인    
경주 여행,154,경주 황리단길 데이트 티라미수 디저트 맛집 어마무시 황리단길점,https://blog.naver.com/com0748/224399353971,어마무시 황리단길점   전화번호   0507 1345 6930   영업시간   10 00   18 00   매주 수 목 정기휴무   주소   경북 경주시 첨성로99번길 25 6 친구들과 경주여행 가서 카페를 찾는데 세상에   웨이팅 없는    ,경주 황리단길 데이트 티라미수 디저트 맛집 어마무시 황리단길점 어마무시 황리단길점   전화번호   0507 1345 6930   영업시간   10 00   18 00   매주 수 목 정기휴무   주소   경북 경주시 첨성로99번길 25 6 친구들과 경주여행 가서 카페를 찾는데 세상에   웨이팅 없는    
경주 여행,155,경주 한정식 맛집 느티나무 ,https://blog.naver.com/shs0218ek/224399352431,휴무  주차  매장 주변 주차 가능 경주에서 정갈하고 속 편한 한정식을 찾으신다면 꼭 한번 방문해 보세요     저희 부부도 2박3일 경주 여행을 하면서 차분히 음식 즐기며 여행 정리하는 기분이었답니다 ,경주 한정식 맛집 느티나무  휴무  주차  매장 주변 주차 가능 경주에서 정갈하고 속 편한 한정식을 찾으신다면 꼭 한번 방문해 보세요     저희 부부도 2박3일 경주 여행을 하면서 차분히 음식 즐기며 여행 정리하는 기분이었답니다 
경주 여행,156,19개월 아기와 경주 여행 Day2 펜션 퇴실 후 주렁주렁 카페 맛집 코    ,https://blog.naver.com/hye_ji713/224399349622,마무리는 출발하자마자 잠든 보름이  19개월아기  아기랑경주  경주아기랑여행  경주여행  경주여행코스  경주가볼만한곳  경주1박2일  경주이솝키즈풀빌라  주렁주렁경주  카페괘릉  경주정보리,19개월 아기와 경주 여행 Day2 펜션 퇴실 후 주렁주렁 카페 맛집 코     마무리는 출발하자마자 잠든 보름이  19개월아기  아기랑경주  경주아기랑여행  경주여행  경주여행코스  경주가볼만한곳  경주1박2일  경주이솝키즈풀빌라  주렁주렁경주  카페괘릉  경주정보리
경주 여행,157, 경주맛집  경주 기와메밀막국수 정직 솔직후기   비빔 vs 물 곱빼기     ,https://blog.naver.com/sosohappy1234_/224399347616, 경주맛집  경주막국수  기와메밀막국수  경주기와메밀막국수  경주맛집추천  경주여행  경주여행코스  경주가볼만한곳  비빔막국수  물막국수  경주점심추천  경주식당  경주내돈내산  경주솔직후기    , 경주맛집  경주 기와메밀막국수 정직 솔직후기   비빔 vs 물 곱빼기       경주맛집  경주막국수  기와메밀막국수  경주기와메밀막국수  경주맛집추천  경주여행  경주여행코스  경주가볼만한곳  비빔막국수  물막국수  경주점심추천  경주식당  경주내돈내산  경주솔직후기    
경주 여행,158,경주 여행 필수 코스  웨이팅 아깝지 않은 찐맛집  한우 육회 물회      ,https://blog.naver.com/martine5879/224399346590,그래서 제가 이번 경주 여행에서 픽한 메뉴는 바로바로  뼛속까지 시원해지는    경주 한우 육회 물회    이번 가을 경주 여행 계획하고 계신다면  웨이팅 하는 시간이 1초도 아깝지 않은 이 맛집은 여행 코스에    ,경주 여행 필수 코스  웨이팅 아깝지 않은 찐맛집  한우 육회 물회       그래서 제가 이번 경주 여행에서 픽한 메뉴는 바로바로  뼛속까지 시원해지는    경주 한우 육회 물회    이번 가을 경주 여행 계획하고 계신다면  웨이팅 하는 시간이 1초도 아깝지 않은 이 맛집은 여행 코스에    
경주 여행,159,경주 용산회식당 오픈런  초장까지 산 회덮밥 맛집,https://blog.naver.com/moon10e/224399343648,경주 여행 중 아침 식사로 경주 용산회식당에 다녀왔어요  대표 메뉴가 유명하고 늦으면 재료가    기준 경주역에서는 차로 약 10분 정도라 뚜벅이보다 차량 여행 일정에 넣기 편한 위치입니다  영업시간   오전    ,경주 용산회식당 오픈런  초장까지 산 회덮밥 맛집 경주 여행 중 아침 식사로 경주 용산회식당에 다녀왔어요  대표 메뉴가 유명하고 늦으면 재료가    기준 경주역에서는 차로 약 10분 정도라 뚜벅이보다 차량 여행 일정에 넣기 편한 위치입니다  영업시간   오전    
경주 여행,160,경주 골목식당 부잣집 쌈밥 가성비 좋은 쌈밥 정식 후기,https://blog.naver.com/sugy1983/224399338908,   경주 여행을 하면서 어디서 밥을 먹을까 찾다가 이번에 처음 가본 곳이 골목식당 부잣집    골목식당 부잣집 쌈밥  골목식당 부잣집 쌈밥 주소 경북 경주시 유림로13번길 161 3 영업시간 매일 09 00 23 00 14 30 17 30    ,경주 골목식당 부잣집 쌈밥 가성비 좋은 쌈밥 정식 후기    경주 여행을 하면서 어디서 밥을 먹을까 찾다가 이번에 처음 가본 곳이 골목식당 부잣집    골목식당 부잣집 쌈밥  골목식당 부잣집 쌈밥 주소 경북 경주시 유림로13번길 161 3 영업시간 매일 09 00 23 00 14 30 17 30    
경주 여행,161, 버터링스 경북 경주 황리단길 디저트 맛집 수제에그롤 선물세트 아    ,https://blog.naver.com/gmlakd0105/224399339153,눈도 즐겁고 입도 즐거운 경주여행 다음에는 에그롤을 꼭 먹어보리라 다짐하고 다시 또 방문하고 싶어요  경주버터링스  경주황리단길디저트맛집  경주에그롤  경주아이스크림  경주선물세트  내돈내산, 버터링스 경북 경주 황리단길 디저트 맛집 수제에그롤 선물세트 아     눈도 즐겁고 입도 즐거운 경주여행 다음에는 에그롤을 꼭 먹어보리라 다짐하고 다시 또 방문하고 싶어요  경주버터링스  경주황리단길디저트맛집  경주에그롤  경주아이스크림  경주선물세트  내돈내산
경주 여행,162,경주신라반상 수리뫼 웨이팅 후기 경주 여행 중 가장 오래 기다린     ,https://blog.naver.com/hyelim30613/224399337675,엄마가 경주 맛집을 다 찾아보셨거든용 그래서 이번 경주여행때는 한식 위주로 많이 먹었는데    싶다구해서 여행 마지막날 들렸는데     캐치테이블은 한시간 전에 했단 말이에요 근데도 거의 가서 2시간 넘게    ,경주신라반상 수리뫼 웨이팅 후기 경주 여행 중 가장 오래 기다린      엄마가 경주 맛집을 다 찾아보셨거든용 그래서 이번 경주여행때는 한식 위주로 많이 먹었는데    싶다구해서 여행 마지막날 들렸는데     캐치테이블은 한시간 전에 했단 말이에요 근데도 거의 가서 2시간 넘게    
경주 여행,163,경주 황리단길 카페 두낫디스터브 황남군 고분군 뷰와 소금빵 맛    ,https://blog.naver.com/ttungttang_/224397833326,경주 여행 3일차  경주원조콩국에서 콩국을 먹기 전에 잠시 쉬어갈 곳을 찾다가 두낫디스터브에    창밖으로 보이는 초록 풍경을 바라보고 있으니 여행 중 쌓인 피로가 잠시 풀리는 듯했고  자연스럽게 사진도    ,경주 황리단길 카페 두낫디스터브 황남군 고분군 뷰와 소금빵 맛     경주 여행 3일차  경주원조콩국에서 콩국을 먹기 전에 잠시 쉬어갈 곳을 찾다가 두낫디스터브에    창밖으로 보이는 초록 풍경을 바라보고 있으니 여행 중 쌓인 피로가 잠시 풀리는 듯했고  자연스럽게 사진도    
경주 여행,164,경주 신라당 경주여행 중 들른 황리단길 한옥카페 후기,https://blog.naver.com/ong_ji/224399053917,경주 신라당 경주여행 중 들른 황리단길 한옥카페 후기 안녕하세요 여러분 지난주 화요일에는 친구와 함께 경주여행을 다녀왔어요  8월 말이라 조금 선선해졌을 거라고 생각했는데 생각보다 날씨가 너무    ,경주 신라당 경주여행 중 들른 황리단길 한옥카페 후기 경주 신라당 경주여행 중 들른 황리단길 한옥카페 후기 안녕하세요 여러분 지난주 화요일에는 친구와 함께 경주여행을 다녀왔어요  8월 말이라 조금 선선해졌을 거라고 생각했는데 생각보다 날씨가 너무    
경주 여행,165,경주 첨성대 직접 가보니  1 500년 된 유적을 이렇게 가까이 볼 수 있    ,https://blog.naver.com/daylog_trip/224398687161,이번에는 경주 여행을 하면서 빼놓을 수 없는 곳 중 하나인 첨성대에 다녀왔어요  경주 하면 불국사나    괜히 여행 온 기분도 더 나고   아  여기가 진짜 경주구나   싶은 느낌이 들었어요  첨성대 주변은    ,경주 첨성대 직접 가보니  1 500년 된 유적을 이렇게 가까이 볼 수 있     이번에는 경주 여행을 하면서 빼놓을 수 없는 곳 중 하나인 첨성대에 다녀왔어요  경주 하면 불국사나    괜히 여행 온 기분도 더 나고   아  여기가 진짜 경주구나   싶은 느낌이 들었어요  첨성대 주변은    
경주 여행,166,경주 여행 필수코스 아이와 가볼만한곳 불국사 유모차 후기,https://blog.naver.com/5859887/224398537119, 경주불국사  불국사  경주여행  경주가볼만한곳  경주아이와가볼만한곳  경주아이와  경주가족여행  아이와경주여행  경주여행코스  경주필수코스  불국사다보탑  다보탑  경주문화유적지  경주아이랑    ,경주 여행 필수코스 아이와 가볼만한곳 불국사 유모차 후기  경주불국사  불국사  경주여행  경주가볼만한곳  경주아이와가볼만한곳  경주아이와  경주가족여행  아이와경주여행  경주여행코스  경주필수코스  불국사다보탑  다보탑  경주문화유적지  경주아이랑    
경주 여행,167,경주 황리단길 이자카야 모모치준 마라모츠나베 메가하이볼,https://blog.naver.com/ektmf0213/224396021097,매장 위치경북 경주시 첨성로81번길 7 2층 영업시간  매일 16 00 다음날02 00 전화번호  054 776 8965 주차  매장 옆 공터  무료  날이 꾸리꾸리한 경주 여행 저녁    마지막 코스로 모모리전에서 모츠나베 먹고    ,경주 황리단길 이자카야 모모치준 마라모츠나베 메가하이볼 매장 위치경북 경주시 첨성로81번길 7 2층 영업시간  매일 16 00 다음날02 00 전화번호  054 776 8965 주차  매장 옆 공터  무료  날이 꾸리꾸리한 경주 여행 저녁    마지막 코스로 모모리전에서 모츠나베 먹고    
경주 여행,168,경주 불국사 입장료 주차장 요금 평일 방문 솔직 후기,https://blog.naver.com/jshj9244/224399321502,경주 여행을 계획할 때 빠질 수 없는 필수 코스가 있죠  바로 세계문화유산인 경주 불국사입니다  오랜만에 마음의 여유도 찾을 겸 다녀왔는데  방문 전에 꼭 알아두어야 할 불국사 입장료 정보와 불국사    ,경주 불국사 입장료 주차장 요금 평일 방문 솔직 후기 경주 여행을 계획할 때 빠질 수 없는 필수 코스가 있죠  바로 세계문화유산인 경주 불국사입니다  오랜만에 마음의 여유도 찾을 겸 다녀왔는데  방문 전에 꼭 알아두어야 할 불국사 입장료 정보와 불국사    
경주 여행,169,경주숙소공구 풀빌라공구 경주숲결 공구 9월7일까지,https://blog.naver.com/mystar_s2/224399320466,이번 경주 여행 알차게 다녀오시길 바래요 경주 숲결 풀빌라는 사장님이 직접 관리하는 곳으로    있어서 여행 동선짜기 좋고 관광지와 가까우면서 자연을 느낄 수 있는 곳이에요 그리고   무엇보다 9월    ,경주숙소공구 풀빌라공구 경주숲결 공구 9월7일까지 이번 경주 여행 알차게 다녀오시길 바래요 경주 숲결 풀빌라는 사장님이 직접 관리하는 곳으로    있어서 여행 동선짜기 좋고 관광지와 가까우면서 자연을 느낄 수 있는 곳이에요 그리고   무엇보다 9월    
경주 여행,170,아이들의 웃음소리가 온종일 머물렀던 파미유 키즈펜션 방문기,https://blog.naver.com/glqxwfjnet164/224399311949,설레는 마음으로 시작한 경주 여행 오랜만에 온 가족이 함께하는 여행이라 며칠 전부터 아이들과 짐을 챙기며 어찌나 설레어했는지 몰라요  경주는 언제 방문해도 마음이 편안해지는 매력이 있는 곳인데    ,아이들의 웃음소리가 온종일 머물렀던 파미유 키즈펜션 방문기 설레는 마음으로 시작한 경주 여행 오랜만에 온 가족이 함께하는 여행이라 며칠 전부터 아이들과 짐을 챙기며 어찌나 설레어했는지 몰라요  경주는 언제 방문해도 마음이 편안해지는 매력이 있는 곳인데    
경주 여행,171,경주 보문단지 소노캄 경주  객실 타입 조식 가격 관광지 거리 총    ,https://blog.naver.com/ttae_jun/224399306556,안녕하세요 여러분  여행하는 직장인 태래블러예요  오늘은 경주 여행 숙소로 많이들 검색하시는 소노캄 경주 이야기를 정리해볼게요  예약 전에 비교해봤는데요  객실 타입이 워낙 다양하고 조식 가격도    ,경주 보문단지 소노캄 경주  객실 타입 조식 가격 관광지 거리 총     안녕하세요 여러분  여행하는 직장인 태래블러예요  오늘은 경주 여행 숙소로 많이들 검색하시는 소노캄 경주 이야기를 정리해볼게요  예약 전에 비교해봤는데요  객실 타입이 워낙 다양하고 조식 가격도    
경주 여행,172,경주 첨성대 야경 투어  동양 최고 천문대의 반전 매력 3가지,https://blog.naver.com/kangkyo0624/224399305837,인근 황리단길에서 맛있는 간식을 즐기며 여행의 묘미를 더해보세요   경주첨성대  첨성대야경  경주가볼만한곳  경주야경명소  신라역사여행  경주여행코스  첨성대조명  경주인생샷  천문대  아이와함께경주,경주 첨성대 야경 투어  동양 최고 천문대의 반전 매력 3가지 인근 황리단길에서 맛있는 간식을 즐기며 여행의 묘미를 더해보세요   경주첨성대  첨성대야경  경주가볼만한곳  경주야경명소  신라역사여행  경주여행코스  첨성대조명  경주인생샷  천문대  아이와함께경주
경주 여행,173, 경주 불국사 맛집  고즈넉한 한옥에서 즐기는 명품 쫄면   경주명    ,https://blog.naver.com/c1c1girl/224399297725, 경주맛집  불국사맛집  경주명동쫄면  경주명동쫄면불국점  명동쫄면  경주쫄면맛집  백종원3대천왕맛집  경주불국사맛집  불국사 근처맛집  경주한옥식당  경주여행코스  경주가볼만한곳  비빔쫄면  유부쫄면    , 경주 불국사 맛집  고즈넉한 한옥에서 즐기는 명품 쫄면   경주명      경주맛집  불국사맛집  경주명동쫄면  경주명동쫄면불국점  명동쫄면  경주쫄면맛집  백종원3대천왕맛집  경주불국사맛집  불국사 근처맛집  경주한옥식당  경주여행코스  경주가볼만한곳  비빔쫄면  유부쫄면    
경주 여행,174,경주 황리단길 맛집 추천  정갈한 한 상이 매력적인 우물집 경주,https://blog.naver.com/mejusa/224399297226,경주 여행 중 속 편한 한 끼를 찾는다면 황리단길에는 워낙 다양한 맛집이 있어서 여행 전에 무엇을 먹을지 고민하게 되는데요  개인적으로 우물집 경주는 부모님과 함께하는 경주 여행  깔끔한 식사를 선호하는    ,경주 황리단길 맛집 추천  정갈한 한 상이 매력적인 우물집 경주 경주 여행 중 속 편한 한 끼를 찾는다면 황리단길에는 워낙 다양한 맛집이 있어서 여행 전에 무엇을 먹을지 고민하게 되는데요  개인적으로 우물집 경주는 부모님과 함께하는 경주 여행  깔끔한 식사를 선호하는    
경주 여행,175,경주 불국사 석굴암 운영시간 및 입장료  이거 하나면 끝,https://blog.naver.com/dok2dok2-/224399292445,경주 불국사와 석굴암은 두 곳 모두 입장료가 무료이고  관람시간은 09시부터 18시까지 입장마감 18시 로 연중무휴 운영된다  경주 여행 코스 짤 때 불국사  석굴암 순서로 가장 많이들 물어보는 게    ,경주 불국사 석굴암 운영시간 및 입장료  이거 하나면 끝 경주 불국사와 석굴암은 두 곳 모두 입장료가 무료이고  관람시간은 09시부터 18시까지 입장마감 18시 로 연중무휴 운영된다  경주 여행 코스 짤 때 불국사  석굴암 순서로 가장 많이들 물어보는 게    
경주 여행,176,경주여행 추석때 가볼만한가 명절 연휴 방문전 알아두면 좋은정보,https://blog.naver.com/mintrold/224399286779,읽어 봐주셔서 감사합니다     경주여행  추석여행지  추석연휴여행  경주수학여행지  추억의수학여행  신라여행  경주관광지  불국사어떤곳  대릉원  첨성대가볼만한가  첨성대유적지  교촌마을  국립경주박물관,경주여행 추석때 가볼만한가 명절 연휴 방문전 알아두면 좋은정보 읽어 봐주셔서 감사합니다     경주여행  추석여행지  추석연휴여행  경주수학여행지  추억의수학여행  신라여행  경주관광지  불국사어떤곳  대릉원  첨성대가볼만한가  첨성대유적지  교촌마을  국립경주박물관
경주 여행,177,경주 황리단길 숙소 깔끔하고 만족스러웠던 지베르니호텔,https://blog.naver.com/yangsyuni/224397493663,있었어요 여행하면서 쌓인 피로를 풀 수 있는 안마기도 있고 장기간 여행하는 분들에게 유용할    추천드려요   경주숙소  경주호텔  경주숙소추천  경주황리단길숙소  황리단길숙소  경주터미널숙소  경주여행    ,경주 황리단길 숙소 깔끔하고 만족스러웠던 지베르니호텔 있었어요 여행하면서 쌓인 피로를 풀 수 있는 안마기도 있고 장기간 여행하는 분들에게 유용할    추천드려요   경주숙소  경주호텔  경주숙소추천  경주황리단길숙소  황리단길숙소  경주터미널숙소  경주여행    
경주 여행,178,경주 맛집 추천 웰빙황토우렁이쌈밥 본점  쌈 채소 가득한 건강 밥    ,https://blog.naver.com/wnwldnd1234/224396570750,경주 여행을 하다 보면 고기나 면 종류보다는 오랜만에 제대로 된 한식 한 끼가 당길 때가 있잖아요  이번에는 친구 부부와 함께 점심을 먹으러 경주 웰빙황토우렁이쌈밥 본점에 다녀왔어요  여기는    ,경주 맛집 추천 웰빙황토우렁이쌈밥 본점  쌈 채소 가득한 건강 밥     경주 여행을 하다 보면 고기나 면 종류보다는 오랜만에 제대로 된 한식 한 끼가 당길 때가 있잖아요  이번에는 친구 부부와 함께 점심을 먹으러 경주 웰빙황토우렁이쌈밥 본점에 다녀왔어요  여기는    
경주 여행,179,경주 키캉스 추천 켄싱턴리조트 경주 뽀로로 아쿠아빌리지 아이랑    ,https://blog.naver.com/sooong_yii/224398522891,가족여행으로 딱인데요  이번 특가 투숙기간도 9월부터 11월까지라 가을 경주여행 준비하고 있었다면 타이밍이 괜찮아요   사진출처 마이리얼트립X캔싱턴리조트 경주 위치 경상북도 경주시 보문로 182 29    ,경주 키캉스 추천 켄싱턴리조트 경주 뽀로로 아쿠아빌리지 아이랑     가족여행으로 딱인데요  이번 특가 투숙기간도 9월부터 11월까지라 가을 경주여행 준비하고 있었다면 타이밍이 괜찮아요   사진출처 마이리얼트립X캔싱턴리조트 경주 위치 경상북도 경주시 보문로 182 29    
경주 여행,180,경주 아이와 가볼만한곳 키즈 공방 원데이클래스 실내 놀거리 체험     ,https://blog.naver.com/77rb2/224399264345,후기 여행가서 욕조에서 쓰기 좋은 배쓰밤 입욕제 만들기 체험했어용  start  향료와 컬러 선택하기    한 경주 애플캔들하우스   경주 여행하면서 아이와 함께할 실내 놀거리 찾고 계시거나  매일 비슷한 데이트    ,경주 아이와 가볼만한곳 키즈 공방 원데이클래스 실내 놀거리 체험      후기 여행가서 욕조에서 쓰기 좋은 배쓰밤 입욕제 만들기 체험했어용  start  향료와 컬러 선택하기    한 경주 애플캔들하우스   경주 여행하면서 아이와 함께할 실내 놀거리 찾고 계시거나  매일 비슷한 데이트    
경주 여행,181, 경북 경주  경주 버드파크   새를 가장 가까이에서 볼 수 있는 체험    ,https://blog.naver.com/rnjswl0112/224398364940,아이와 함께 경주 여행을 하며 꼭 방문하고 싶었던 경주 버드파크 동궁원 내부에 있고  버드파크 뒤쪽   으로 주차장이 또 제법 넓게 있다  동궁원에 있는 시설마다 입장료가 따로 있고  버드파크는 대인 20 000원    , 경북 경주  경주 버드파크   새를 가장 가까이에서 볼 수 있는 체험     아이와 함께 경주 여행을 하며 꼭 방문하고 싶었던 경주 버드파크 동궁원 내부에 있고  버드파크 뒤쪽   으로 주차장이 또 제법 넓게 있다  동궁원에 있는 시설마다 입장료가 따로 있고  버드파크는 대인 20 000원    
경주 여행,182, 경주  2박 3일 경주여행 기록   황리단길 소품샵  대릉원  첨성대     ,https://blog.naver.com/wooyeong2_/224399255489,요즘 여행 포스팅에 재미가 들려서 앨범 뒤적이는데 초여름에 다녀온 경주 사진이 딱 걸림 그럼 아묻따 시작  동탄에서 경주가는 SRT 타고 가는중   요 미국 젤리 너무 맛있음 특히 당근이랑 토끼 2분할인거 존기     , 경주  2박 3일 경주여행 기록   황리단길 소품샵  대릉원  첨성대      요즘 여행 포스팅에 재미가 들려서 앨범 뒤적이는데 초여름에 다녀온 경주 사진이 딱 걸림 그럼 아묻따 시작  동탄에서 경주가는 SRT 타고 가는중   요 미국 젤리 너무 맛있음 특히 당근이랑 토끼 2분할인거 존기     
경주 여행,183,편안함과 즐거움이 공존하는 경주 판타지키즈풀빌라에서 경주키즈    ,https://blog.naver.com/teajap222/224399251726,가족 여행을 계획할 때 가장 중요한 요소 중 하나는 아이와 함께 머무르기 좋은 숙소를 찾는 일입니다  최근 저는 경주 여행 중 경주 판타지키즈풀빌라를 방문할 기회가 있었는데  아이와 함께 편안하게 머물기    ,편안함과 즐거움이 공존하는 경주 판타지키즈풀빌라에서 경주키즈     가족 여행을 계획할 때 가장 중요한 요소 중 하나는 아이와 함께 머무르기 좋은 숙소를 찾는 일입니다  최근 저는 경주 여행 중 경주 판타지키즈풀빌라를 방문할 기회가 있었는데  아이와 함께 편안하게 머물기    
경주 여행,184,능남20 한옥풀빌라에서 경험한 경주풀빌라의 여유로운 감성 휴식,https://blog.naver.com/l6770971/224399250123,경주 여행을 계획하면서 가장 신경 썼던 부분 중 하나는 숙소였습니다  한옥이라는 전통적인 멋과 함께    점이 여행 중 특별함을 더해주었습니다  경주남산이 내려다보이는 아름다운 전망 덕분에 아침 햇살을    ,능남20 한옥풀빌라에서 경험한 경주풀빌라의 여유로운 감성 휴식 경주 여행을 계획하면서 가장 신경 썼던 부분 중 하나는 숙소였습니다  한옥이라는 전통적인 멋과 함께    점이 여행 중 특별함을 더해주었습니다  경주남산이 내려다보이는 아름다운 전망 덕분에 아침 햇살을    
경주 여행,185,경주 야경 가볼만한곳 동궁과 월지 아이랑 가족여행 코스,https://blog.naver.com/wealthy_s/224399249556,알아보기  경주여행  동궁과월지  경주야경  동궁과월지야경  경주가볼만한곳  경주야경가볼만한곳  경주아이랑  경주아이랑가볼만한곳  경주가족여행  경주가족여행코스  경주야경명소  경주여행코스    ,경주 야경 가볼만한곳 동궁과 월지 아이랑 가족여행 코스 알아보기  경주여행  동궁과월지  경주야경  동궁과월지야경  경주가볼만한곳  경주야경가볼만한곳  경주아이랑  경주아이랑가볼만한곳  경주가족여행  경주가족여행코스  경주야경명소  경주여행코스    
경주 여행,186,경주한옥펜션  교촌마을한옥펜션 경주의 매력을 더 느낄수 있는 감    ,https://blog.naver.com/pma9216/224397766256,한번 경주의 분위기를 느끼고 싶어서 계획하게 된 경주여행  경주 특유의 분위기를 고즈넉하게 느낄수    경주한옥펜션추천  경주한옥펜션  경주감성숙소  경주독채펜션  경주자쿠지펜션  경주가족여행숙소,경주한옥펜션  교촌마을한옥펜션 경주의 매력을 더 느낄수 있는 감     한번 경주의 분위기를 느끼고 싶어서 계획하게 된 경주여행  경주 특유의 분위기를 고즈넉하게 느낄수    경주한옥펜션추천  경주한옥펜션  경주감성숙소  경주독채펜션  경주자쿠지펜션  경주가족여행숙소
경주 여행,187,고즈넉한 한옥인테리어 정취 제대로 느껴지는 경주한옥스테이,https://blog.naver.com/heesue2240/224398745661,따뜻한 햇살이 마당에 내려앉고 기와지붕이 눈에 들어오는 한옥에서 하루를 마무리한다면 그것 자체가 여행의 한 장면이 될 것 같거든요  그래서 이번 가을 경주 여행에서는 경주한옥스테이를 찾는 분들이라면    ,고즈넉한 한옥인테리어 정취 제대로 느껴지는 경주한옥스테이 따뜻한 햇살이 마당에 내려앉고 기와지붕이 눈에 들어오는 한옥에서 하루를 마무리한다면 그것 자체가 여행의 한 장면이 될 것 같거든요  그래서 이번 가을 경주 여행에서는 경주한옥스테이를 찾는 분들이라면    
경주 여행,188,청담풀빌라펜션에서 만나는 여유로운 경주키즈펜션의 휴식 공간,https://blog.naver.com/gmlcjf95217/224399225338,최근 가족과 함께 경주여행을 계획하며 청담풀빌라펜션을 방문하게 되었습니다  경주키즈펜션으로    청담풀빌라펜션에서는 경주펜션 여행의 새로운 매력 또한 발견할 수 있었는데요  키즈 제품과 시설이    ,청담풀빌라펜션에서 만나는 여유로운 경주키즈펜션의 휴식 공간 최근 가족과 함께 경주여행을 계획하며 청담풀빌라펜션을 방문하게 되었습니다  경주키즈펜션으로    청담풀빌라펜션에서는 경주펜션 여행의 새로운 매력 또한 발견할 수 있었는데요  키즈 제품과 시설이    
경주 여행,189,카프리펜션에서 느끼는 경주펜션의 세심한 매력과 여유로운 휴식,https://blog.naver.com/ydw23706/224399222926,경주 여행을 계획하면서 숙소 선택이 가장 중요한 부분이라는 생각이    묻어나 여행자에게 특별한 경험을 선사합니다  이런 세심한 공간 구성 덕분에 경주펜션을 찾는 분들이 자연과 편안한 분위기를 동시에    ,카프리펜션에서 느끼는 경주펜션의 세심한 매력과 여유로운 휴식 경주 여행을 계획하면서 숙소 선택이 가장 중요한 부분이라는 생각이    묻어나 여행자에게 특별한 경험을 선사합니다  이런 세심한 공간 구성 덕분에 경주펜션을 찾는 분들이 자연과 편안한 분위기를 동시에    
경주 여행,190,가족의 특별한 추억을 선사하는 벤투스와 함께하는 경주키즈숙소     ,https://blog.naver.com/pwj7839/224399222696,앞으로 경주로 가족 여행을 계획할 때 벤투스가 좋은 선택지로 기억될 듯합니다  가족 단위로 머무르며 아이와 함께 경주 여행을 더 여유롭게 즐기시는 분께 부드러운 방향성을 제시해주는 공간으로 본인이    ,가족의 특별한 추억을 선사하는 벤투스와 함께하는 경주키즈숙소      앞으로 경주로 가족 여행을 계획할 때 벤투스가 좋은 선택지로 기억될 듯합니다  가족 단위로 머무르며 아이와 함께 경주 여행을 더 여유롭게 즐기시는 분께 부드러운 방향성을 제시해주는 공간으로 본인이    
경주 여행,191,경주 켄싱턴리조트 특가 뽀로로 아쿠아빌리지 조식 패키지   9 6까지    ,https://blog.naver.com/anneandchief/224399219842,아이와 경주 여행을 준비하는 분들이 단순 숙소보다 물놀이와 키즈시설을 함께 찾는 경우가 많다는 뜻으로도 볼 수 있습니다  특히 가을 여행은 낮에는 경주 관광지를 돌아보고  아이들이 지치기 전에 리조트    ,경주 켄싱턴리조트 특가 뽀로로 아쿠아빌리지 조식 패키지   9 6까지     아이와 경주 여행을 준비하는 분들이 단순 숙소보다 물놀이와 키즈시설을 함께 찾는 경우가 많다는 뜻으로도 볼 수 있습니다  특히 가을 여행은 낮에는 경주 관광지를 돌아보고  아이들이 지치기 전에 리조트    
경주 여행,192,경주 지상낙원풀빌라 선택 기준,https://blog.naver.com/fqh3aqnjmu3/224399212397,특히 경주 여행 시 편안한 휴식을 원하신다면 경주 지상낙원풀빌라가 제격인 것 같아요     1위    함께하는 여행을 원하는 분들에게 인기예요     경주 지상낙원풀빌라와 함께 보면 선택 기준과 각 숙소의    ,경주 지상낙원풀빌라 선택 기준 특히 경주 여행 시 편안한 휴식을 원하신다면 경주 지상낙원풀빌라가 제격인 것 같아요     1위    함께하는 여행을 원하는 분들에게 인기예요     경주 지상낙원풀빌라와 함께 보면 선택 기준과 각 숙소의    
경주 여행,193,경주 호텔 공간 솔직리뷰,https://blog.naver.com/g8vmtthdo5ii9/224399198083,경주 호텔 공간 솔직리뷰 요즘 여행을 가면 숙박 선택이 중요한 것 같아요  특히 경주 여행 시  경주 호텔 공간 이라는 숙소의 후기가 무척 좋더라고요  평점이 9 3점으로 상당히 높고  다양한 고객 후기도    ,경주 호텔 공간 솔직리뷰 경주 호텔 공간 솔직리뷰 요즘 여행을 가면 숙박 선택이 중요한 것 같아요  특히 경주 여행 시  경주 호텔 공간 이라는 숙소의 후기가 무척 좋더라고요  평점이 9 3점으로 상당히 높고  다양한 고객 후기도    
경주 여행,194, 경주 가을 야경 추천  경주루지월드 자매 체험  가족 친화 스릴,https://blog.naver.com/akdodbd/224399197705,바람을 맞으며 보문호 전망대를 스쳐 지나가듯 경치를 보니까  루지 타기 전부터 이미  야외 여행 이    6km 화랑코스  브레이크로 속도 조절  경주  경주루지월드  경주놀거리  경주데이트  경주여행, 경주 가을 야경 추천  경주루지월드 자매 체험  가족 친화 스릴 바람을 맞으며 보문호 전망대를 스쳐 지나가듯 경치를 보니까  루지 타기 전부터 이미  야외 여행 이    6km 화랑코스  브레이크로 속도 조절  경주  경주루지월드  경주놀거리  경주데이트  경주여행
경주 여행,195,롯데렌터카 경주지점 경주 여행에서 직접 이용해본 과정과 느낌,https://blog.naver.com/lyp101819/224391361212,경주 여행자에게 맞는 이용 방식 경주시 안에서 여러 장소를 연결해 이동하려는 여행자라면 렌터카의 활용도가 높을 것 같아요  반대로 이동 동선이 한두 곳으로 제한되고 대중교통 이용이 쉬운 일정이라면    ,롯데렌터카 경주지점 경주 여행에서 직접 이용해본 과정과 느낌 경주 여행자에게 맞는 이용 방식 경주시 안에서 여러 장소를 연결해 이동하려는 여행자라면 렌터카의 활용도가 높을 것 같아요  반대로 이동 동선이 한두 곳으로 제한되고 대중교통 이용이 쉬운 일정이라면    
경주 여행,196,경주 효니네 민박 솔직리뷰,https://blog.naver.com/r5s5njqn2z/224399193259,경주 효니네 민박 솔직리뷰 경주 여행을 계획하신다면 효니네 민박을 꼭 고려해보세요  이곳은    특히 숙소 만족도가 높아 많은 여행자들이 추천하고 있어요   1위   경주 효니네 민박 1  경주 효니네    ,경주 효니네 민박 솔직리뷰 경주 효니네 민박 솔직리뷰 경주 여행을 계획하신다면 효니네 민박을 꼭 고려해보세요  이곳은    특히 숙소 만족도가 높아 많은 여행자들이 추천하고 있어요   1위   경주 효니네 민박 1  경주 효니네    
경주 여행,197,경주 더품은펜션 추천 대상,https://blog.naver.com/ds9gmjzjohjrdvuaq4b/224399192498,경주 더품은펜션 추천 대상 요즘 경주를 여행하는 분들이 많이 찾는 숙소 중에 경주 더품은펜션이       경주 여행 시 편안한 휴식을 원한다면 한번 고려해보세요  1위   경주 더품은펜션 1  경주    ,경주 더품은펜션 추천 대상 경주 더품은펜션 추천 대상 요즘 경주를 여행하는 분들이 많이 찾는 숙소 중에 경주 더품은펜션이       경주 여행 시 편안한 휴식을 원한다면 한번 고려해보세요  1위   경주 더품은펜션 1  경주    
경주 여행,198,경주 체스터톤스 더 테라스 호텔 수영장부터 객실까지 솔직 후기,https://blog.naver.com/cozy_vov/224399192532,체스터톤스 경주는 가격 부담은 덜하면서 편안하게 머물 수 있는 곳을 찾으신다면 가족여행이나 호캉스 숙소로 추천드려요  경주  경주여행  여름휴가  여름여행  숙소추천  가성비숙소  경주호텔    ,경주 체스터톤스 더 테라스 호텔 수영장부터 객실까지 솔직 후기 체스터톤스 경주는 가격 부담은 덜하면서 편안하게 머물 수 있는 곳을 찾으신다면 가족여행이나 호캉스 숙소로 추천드려요  경주  경주여행  여름휴가  여름여행  숙소추천  가성비숙소  경주호텔    
경주 여행,199,경주 옛길펜션  감성숙소 황리단길인근 주차여유  선택 기준,https://blog.naver.com/uyb1f79p6jf8/224399185917,경주 옛길펜션  감성숙소 황리단길인근 주차여유  선택 기준 요즘 경주 여행을 계획하신다면 경주    있어 여행자들에게 인기가 많아요  주차 공간이 여유로워 차량 이용에도 불편함이 없고요  가격도 124    ,경주 옛길펜션  감성숙소 황리단길인근 주차여유  선택 기준 경주 옛길펜션  감성숙소 황리단길인근 주차여유  선택 기준 요즘 경주 여행을 계획하신다면 경주    있어 여행자들에게 인기가 많아요  주차 공간이 여유로워 차량 이용에도 불편함이 없고요  가격도 124    
경주 여행,200,경주 세계 문화유산 시티투어 당일 기차여행으로 주말 알차게 다녀    ,https://blog.naver.com/yjwqvodxjy/224399182821,그래도 시간적 여유 없이 경주를 알차게 다녀오고 싶은 분들께는 추천합니다   경주 여행 계획하고 있다면 한번 살펴보세요   경주  경주여행  시티투어  기차여행  당일여행  불국사  주말여행,경주 세계 문화유산 시티투어 당일 기차여행으로 주말 알차게 다녀     그래도 시간적 여유 없이 경주를 알차게 다녀오고 싶은 분들께는 추천합니다   경주 여행 계획하고 있다면 한번 살펴보세요   경주  경주여행  시티투어  기차여행  당일여행  불국사  주말여행
경주 여행,201,경주기념품 오르신라에서 경주선물 챙기기 ,https://blog.naver.com/dbffkd/224399181596,경주를 대표하는 문화재 모양을 초콜릿으로 만들어서 그런지  그냥 디저트라기보다는 경주 여행    달콤한 여행같아요 경주기념품 오르신라의 생초코릿 나머지는 다음날 먹었어요 참  보냉팩에 포장해주시니    ,경주기념품 오르신라에서 경주선물 챙기기  경주를 대표하는 문화재 모양을 초콜릿으로 만들어서 그런지  그냥 디저트라기보다는 경주 여행    달콤한 여행같아요 경주기념품 오르신라의 생초코릿 나머지는 다음날 먹었어요 참  보냉팩에 포장해주시니    
경주 여행,202,경주 파크스테이 추천,https://blog.naver.com/drdxors9oasvrs/224399181298,경주 여행을 계획하면서 숙소 선택에 고민이 많으셨죠  특히 가성비가 뛰어난 숙소를 찾으신다면 경주 파크스테이를 꼭 고려해보세요  이곳은 합리적인 가격에 다양한 편의시설을 제공해 많은 여행객들    ,경주 파크스테이 추천 경주 여행을 계획하면서 숙소 선택에 고민이 많으셨죠  특히 가성비가 뛰어난 숙소를 찾으신다면 경주 파크스테이를 꼭 고려해보세요  이곳은 합리적인 가격에 다양한 편의시설을 제공해 많은 여행객들    
경주 여행,203,경주 호텔 나무 추천 후기 황리단길 근처의 완벽한 위치와 깔끔함,https://blog.naver.com/suite_trail/224399022970,이번 경주 여행에서 묵었던 호텔은 정말 만족스러웠어요  건물 외관과는 달리 내부 인테리어가 너무    덕분에 편하게 도보 여행을 즐기며 경주의 분위기를 만끽할 수 있었습니다  겉모습만 보고 판단하면 안    ,경주 호텔 나무 추천 후기 황리단길 근처의 완벽한 위치와 깔끔함 이번 경주 여행에서 묵었던 호텔은 정말 만족스러웠어요  건물 외관과는 달리 내부 인테리어가 너무    덕분에 편하게 도보 여행을 즐기며 경주의 분위기를 만끽할 수 있었습니다  겉모습만 보고 판단하면 안    
경주 여행,204,황리단길 초밥 맛집 참치향  경주 초밥 후토마끼 세트 추천,https://blog.naver.com/lkmn0900/224399158308,황리단길맛집  경주초밥  황리단길일식  황리단길참치향  황리단길후토마끼  경주초밥맛집  경주맛집  경주일식  경주후토마끼  황리단길데이트  경주데이트맛집  황리단길밥집  경주여행맛집  경주가족식사,황리단길 초밥 맛집 참치향  경주 초밥 후토마끼 세트 추천 황리단길맛집  경주초밥  황리단길일식  황리단길참치향  황리단길후토마끼  경주초밥맛집  경주맛집  경주일식  경주후토마끼  황리단길데이트  경주데이트맛집  황리단길밥집  경주여행맛집  경주가족식사
경주 여행,205,라한셀렉트 경주 수영장 식당 카페 가족여행 호텔 이용팁,https://blog.naver.com/arum_chon/224399155016,경북 경주 여행 가볼만한곳 라한셀렉트 경주 수영장 식당 카페 가족여행 호텔 이용팁 안녕하세요    여행 인플루언서 아름촌장이에요  경주 가족여행 숙소를 찾다 보면 보문단지 호텔을 많이 비교하게    ,라한셀렉트 경주 수영장 식당 카페 가족여행 호텔 이용팁 경북 경주 여행 가볼만한곳 라한셀렉트 경주 수영장 식당 카페 가족여행 호텔 이용팁 안녕하세요    여행 인플루언서 아름촌장이에요  경주 가족여행 숙소를 찾다 보면 보문단지 호텔을 많이 비교하게    
경주 여행,206,경주 보문호수 달리기,https://blog.naver.com/solhyanggi365/224399153563,지난주에 가족들과 경주 여행을 했습니다  경주 여행 알아보다 보니 보문호 러닝이 유명하더라고요    보문호 일출 너무 이쁘더라고요 여행 가서 보문호 달리기하실 분들 일출 보기 추천합니다  달리면서 찍은    ,경주 보문호수 달리기 지난주에 가족들과 경주 여행을 했습니다  경주 여행 알아보다 보니 보문호 러닝이 유명하더라고요    보문호 일출 너무 이쁘더라고요 여행 가서 보문호 달리기하실 분들 일출 보기 추천합니다  달리면서 찍은    
경주 여행,207,소노벨 경주 감포 조식 수영장 객실 예약 꿀팁 총정리,https://blog.naver.com/arum_chon/224399138884,경북 경주 여행 가볼만한곳 소노벨 경주 감포 조식 수영장 객실 예약 꿀팁 총정리 안녕하세요    여행 인플루언서 아름촌장이에요  경주 여행은 보통 황리단길이나 보문단지 쪽 숙소를 먼저 찾게 되는데요     ,소노벨 경주 감포 조식 수영장 객실 예약 꿀팁 총정리 경북 경주 여행 가볼만한곳 소노벨 경주 감포 조식 수영장 객실 예약 꿀팁 총정리 안녕하세요    여행 인플루언서 아름촌장이에요  경주 여행은 보통 황리단길이나 보문단지 쪽 숙소를 먼저 찾게 되는데요     
경주 여행,208,경주 여행 스파 펜션 찐후기,https://blog.naver.com/yxwrkyqaz9hrhjxr/224399137417,1위인 경주 여행 스파 펜션은 이름처럼 스파 시설이 정말 뛰어나다고 해요   특히 가족 단위 여행객에게 안성맞춤인 곳으로 유명하죠  넓고 쾌적한 공간이 인상적이었어요     2위   호텔 넘버 25 경주터    ,경주 여행 스파 펜션 찐후기 1위인 경주 여행 스파 펜션은 이름처럼 스파 시설이 정말 뛰어나다고 해요   특히 가족 단위 여행객에게 안성맞춤인 곳으로 유명하죠  넓고 쾌적한 공간이 인상적이었어요     2위   호텔 넘버 25 경주터    
경주 여행,209,경주 술술방앗간 평일 웨이팅 후기 휴무일 피해서 다녀온 팁   소금    ,https://blog.naver.com/llj3729/224399131966,추천 여행 첫날 산 거라 일단 먹을 만큼만 적당히 샀음 집 돌아가는 날에 구매했다면 냉동보관 되니까    느낌 경주 여행 중 아이들이랑 먹을 디저트나 간식 찾고 있다면 경주 술술방앗간 한번 들러보는 것도    ,경주 술술방앗간 평일 웨이팅 후기 휴무일 피해서 다녀온 팁   소금     추천 여행 첫날 산 거라 일단 먹을 만큼만 적당히 샀음 집 돌아가는 날에 구매했다면 냉동보관 되니까    느낌 경주 여행 중 아이들이랑 먹을 디저트나 간식 찾고 있다면 경주 술술방앗간 한번 들러보는 것도    
경주 여행,210,경주 보문단지맛집 아침식사 해장으로 완벽했던 경주전복해물뚝배    ,https://blog.naver.com/semsemmul/224399129531,싱싱한 해산물과 따뜻한 국물 덕분에 속도 편안하게 풀리고  여행의 시작을 기분 좋게 열 수    경주맛집  경주아침식사  경주해장맛집  경주부모님맛집  보문단지아침식사  경주여행코스  경주보문단지한식,경주 보문단지맛집 아침식사 해장으로 완벽했던 경주전복해물뚝배     싱싱한 해산물과 따뜻한 국물 덕분에 속도 편안하게 풀리고  여행의 시작을 기분 좋게 열 수    경주맛집  경주아침식사  경주해장맛집  경주부모님맛집  보문단지아침식사  경주여행코스  경주보문단지한식
경주 여행,211,소노캄 경주 풀앤스파 조식 스위트 객실 리조트 추천,https://blog.naver.com/arum_chon/224399122655,경북 경주 여행 가볼만한곳 소노캄 경주 풀앤스파 조식 스위트 객실 리조트 추천 안녕하세요    여행 인플루언서 아름촌장이에요  경주 여행 숙소를 찾다 보면 보문관광단지 쪽 리조트를 한 번쯤 비교하게    ,소노캄 경주 풀앤스파 조식 스위트 객실 리조트 추천 경북 경주 여행 가볼만한곳 소노캄 경주 풀앤스파 조식 스위트 객실 리조트 추천 안녕하세요    여행 인플루언서 아름촌장이에요  경주 여행 숙소를 찾다 보면 보문관광단지 쪽 리조트를 한 번쯤 비교하게    
경주 여행,212,경주 얼굴빵 후기 재미있는 인증샷으로 특별한 경주 여행 만들기,https://blog.naver.com/inyung14/224399122495,무엇보다도 너무 맛있다  어린아이들부터 어른들도 좋아하는 간식거리로 경주 여행 필수 코스 꼭 사야 하는 빵으로 경주얼굴빵은 솔직하게 추천할 만하다    영상으로 한 번에 살펴보기 위치 정보,경주 얼굴빵 후기 재미있는 인증샷으로 특별한 경주 여행 만들기 무엇보다도 너무 맛있다  어린아이들부터 어른들도 좋아하는 간식거리로 경주 여행 필수 코스 꼭 사야 하는 빵으로 경주얼굴빵은 솔직하게 추천할 만하다    영상으로 한 번에 살펴보기 위치 정보
경주 여행,213,경주데이트 경주 한정식 경주유명한맛집 경주맛집 산해식당 후기,https://blog.naver.com/skql4745/224399115916,산해식당이에요 경주 보문단지와도 가까운 편이라 여행 동선에 넣기 좋았고  무엇보다 한옥 느낌이 물씬 나는 외관과 실내 분위기가 경주 여행 분위기와 정말 잘 어울리더라구요 경주 산해식당  영업시간 매일    ,경주데이트 경주 한정식 경주유명한맛집 경주맛집 산해식당 후기 산해식당이에요 경주 보문단지와도 가까운 편이라 여행 동선에 넣기 좋았고  무엇보다 한옥 느낌이 물씬 나는 외관과 실내 분위기가 경주 여행 분위기와 정말 잘 어울리더라구요 경주 산해식당  영업시간 매일    
경주 여행,214,경주 택시맛객 경험담 솔직하게 전해요,https://blog.naver.com/qvrkxwhi/224395425782,최근 경주 여행 중에 택시를 타며 느낀 점을 솔직하게 나누고자 합니다  편리함과 지역 특색을 함께    만족스러운 여행이 될 거예요  경주에서 택시를 타면서 느꼈던 점들을 공유하면서 앞으로 방문하실 분들이    ,경주 택시맛객 경험담 솔직하게 전해요 최근 경주 여행 중에 택시를 타며 느낀 점을 솔직하게 나누고자 합니다  편리함과 지역 특색을 함께    만족스러운 여행이 될 거예요  경주에서 택시를 타면서 느꼈던 점들을 공유하면서 앞으로 방문하실 분들이    
경주 여행,215,태교 여행으로 다녀온 경주 여행  임산부 pick 맛집   ,https://blog.naver.com/joo_runi/224399107929,연말 여행 겸 태교 여행으로 남편이랑 둘이서 경주 여행을 다녀왔다   입덧   아기의 먹성 으로 배고픈    그래서 먹어보고 싶었는데 경주에도 있었습니다   밑반찬 4개  아주 정갈합니다 저 감자 샐러드    ,태교 여행으로 다녀온 경주 여행  임산부 pick 맛집    연말 여행 겸 태교 여행으로 남편이랑 둘이서 경주 여행을 다녀왔다   입덧   아기의 먹성 으로 배고픈    그래서 먹어보고 싶었는데 경주에도 있었습니다   밑반찬 4개  아주 정갈합니다 저 감자 샐러드    
경주 여행,216,경주 힐튼호텔   여름 수영장   아기랑 경주여행   온돌룸   조식패키    ,https://blog.naver.com/uuvv8/224399103917,16개월 아기랑 첫 여행으로 경주에 다녀왔어요  작년 2025년 7월 후기임을 참고해주세요 엄마아빠 따라 경주로 끌려가는 찰떡이      우리 세가족 첫여행이라 너무 설렜다는 고작 1박2일인데 짐이 이만큼    ,경주 힐튼호텔   여름 수영장   아기랑 경주여행   온돌룸   조식패키     16개월 아기랑 첫 여행으로 경주에 다녀왔어요  작년 2025년 7월 후기임을 참고해주세요 엄마아빠 따라 경주로 끌려가는 찰떡이      우리 세가족 첫여행이라 너무 설렜다는 고작 1박2일인데 짐이 이만큼    
경주 여행,217,경주 가볼만한곳 추천 황남두꺼비식당   경주 여행코스 필수 첨성대    ,https://blog.naver.com/pizza_cider/224399103537,경주 가볼만한곳 추천 황남두꺼비식당 경주 여행코스 필수 첨성대 7종세트 한상 후기 경주 가볼만한곳이나 여행코스 짤 때 다들 한 번쯤 보셨을 황남두꺼비식당   인스타에서 워낙 핫하고 첨성대 모양    ,경주 가볼만한곳 추천 황남두꺼비식당   경주 여행코스 필수 첨성대     경주 가볼만한곳 추천 황남두꺼비식당 경주 여행코스 필수 첨성대 7종세트 한상 후기 경주 가볼만한곳이나 여행코스 짤 때 다들 한 번쯤 보셨을 황남두꺼비식당   인스타에서 워낙 핫하고 첨성대 모양    
경주 여행,218,천년애 황남점 경주 찰보리빵 맛집 황리단길 여행 선물로 살펴보기,https://blog.naver.com/ekfqlc118/224399102029,경주 황리단길 간식 천년애 황남점 여러분  안녕하세요  경주 여행을 준비하다 보면 황리단길이나    경주 황리단길이나 대릉원 인근에서 여행 간식과 선물을 함께 준비하고 있다면 천년애 황남점의 찰보리떡과    ,천년애 황남점 경주 찰보리빵 맛집 황리단길 여행 선물로 살펴보기 경주 황리단길 간식 천년애 황남점 여러분  안녕하세요  경주 여행을 준비하다 보면 황리단길이나    경주 황리단길이나 대릉원 인근에서 여행 간식과 선물을 함께 준비하고 있다면 천년애 황남점의 찰보리떡과    
경주 여행,219,경주 딸기 수플레가 유명한 구릉 내돈내산 다녀온 후기  메뉴 가격,https://blog.naver.com/epic611/224395045714,다음에 경주 카페 후기가 궁금하실 때를 위해 이 글은 저장해두시면 좋을 것 같습니다     경주카페  경주카페구릉  경주디저트카페  경주데이트코스  경주딸기수플레  경주가볼만한곳  경주여행  경주맛집투    ,경주 딸기 수플레가 유명한 구릉 내돈내산 다녀온 후기  메뉴 가격 다음에 경주 카페 후기가 궁금하실 때를 위해 이 글은 저장해두시면 좋을 것 같습니다     경주카페  경주카페구릉  경주디저트카페  경주데이트코스  경주딸기수플레  경주가볼만한곳  경주여행  경주맛집투    
경주 여행,220,힐튼 경주 조식 디럭스더블 유레카 수영장 찐후기,https://blog.naver.com/jinny00421/224399100131,경주 여행 숙소를 찾다 보면 힐튼 경주가 항상 상위에 나오더라구요  보문관광단지 부근에 위치해    세련되면서도 편안한 느낌이라 비즈니스 출장으로도  여행 목적으로도 둘 다 잘 맞는 스타일이에요     ,힐튼 경주 조식 디럭스더블 유레카 수영장 찐후기 경주 여행 숙소를 찾다 보면 힐튼 경주가 항상 상위에 나오더라구요  보문관광단지 부근에 위치해    세련되면서도 편안한 느낌이라 비즈니스 출장으로도  여행 목적으로도 둘 다 잘 맞는 스타일이에요     
경주 여행,221,경주 황리단길 맛집 경주대게닭강정 새우세트 간식 야식 포장 주차    ,https://blog.naver.com/mode592/224399098500,경주여행을 계획하다 보면 맛집 투어도 빼놓을 수 없는데요  특히 경주 황리단길에 방문했다면 식사뿐만 아니라 여행하면서 가볍게 즐길 수 있는 황리단길 간식도 하나쯤 맛봐야겠죠  이번 경주여행에서는    ,경주 황리단길 맛집 경주대게닭강정 새우세트 간식 야식 포장 주차     경주여행을 계획하다 보면 맛집 투어도 빼놓을 수 없는데요  특히 경주 황리단길에 방문했다면 식사뿐만 아니라 여행하면서 가볍게 즐길 수 있는 황리단길 간식도 하나쯤 맛봐야겠죠  이번 경주여행에서는    
경주 여행,222,경주 황리단길 맛집 청온채 저녁 한식 추천,https://blog.naver.com/anauda_/224399094809,청온채 경주 황리단길 한식 블루리본맛집   경북 경주시 포석로1079번길 8 5 사정동 29 1  0507 1323 3904 안녕하세요  김디드입니다  경주 여행 잘 돌아다니다가  저녁을 먹기 위해  청온채 로 왔습니다  이번 경주여행    ,경주 황리단길 맛집 청온채 저녁 한식 추천 청온채 경주 황리단길 한식 블루리본맛집   경북 경주시 포석로1079번길 8 5 사정동 29 1  0507 1323 3904 안녕하세요  김디드입니다  경주 여행 잘 돌아다니다가  저녁을 먹기 위해  청온채 로 왔습니다  이번 경주여행    
경주 여행,223, 이런 곳이 있었어   9월 경주가볼만한곳  줄 안 서고 인생샷 건지는     ,https://blog.naver.com/767672/224399093728,9월 경주 여행  지금 가야 하는 이유 9월의 경주는 여름의 끝자락과 가을의 시작이 만나는 마법 같은 시기입니다  낮에는 따스한 햇볕이 내리쬐지만 저녁에는 선선한 바람이 불어와 유적지를 걷기에 최적의    , 이런 곳이 있었어   9월 경주가볼만한곳  줄 안 서고 인생샷 건지는      9월 경주 여행  지금 가야 하는 이유 9월의 경주는 여름의 끝자락과 가을의 시작이 만나는 마법 같은 시기입니다  낮에는 따스한 햇볕이 내리쬐지만 저녁에는 선선한 바람이 불어와 유적지를 걷기에 최적의    
경주 여행,224,스타벅스 경주보문호수DT점   경주여행 쉬어가기 좋은 카페와 경주    ,https://blog.naver.com/oftear/224396579932,있어서 경주여행 분위기를 쉬는 시간에도 이어갈 수 있었답니다    맛있게 음료와 디저트를 먹으며 충분히 휴식을 취하고 다시 경주에서의 여행을 이어갑니다          제 돈 주고 구입한 직접 체험한 내돈내산    ,스타벅스 경주보문호수DT점   경주여행 쉬어가기 좋은 카페와 경주     있어서 경주여행 분위기를 쉬는 시간에도 이어갈 수 있었답니다    맛있게 음료와 디저트를 먹으며 충분히 휴식을 취하고 다시 경주에서의 여행을 이어갑니다          제 돈 주고 구입한 직접 체험한 내돈내산    
경주 여행,225,경주한옥펜션 고즈넉한 쉼 한옥스테이뜰,https://blog.naver.com/luvtousw/224398388961,경주 여행을 하다 보면 관광지만 돌아다니기보다는 조용한 곳에서 푹 쉬어가는 시간도 갖고    복잡한 여행지에서 벗어나 둘만의 시간을 보내고 싶은 분들이라면 경주커플펜션으로도 잘 어울릴 것 같아요    ,경주한옥펜션 고즈넉한 쉼 한옥스테이뜰 경주 여행을 하다 보면 관광지만 돌아다니기보다는 조용한 곳에서 푹 쉬어가는 시간도 갖고    복잡한 여행지에서 벗어나 둘만의 시간을 보내고 싶은 분들이라면 경주커플펜션으로도 잘 어울릴 것 같아요    
경주 여행,226,경주 아이와 가볼만한곳 신상 실내 여행지 문무대왕해양역사관 무    ,https://blog.naver.com/momo_salon-/224397094014,경주실내아이랑가볼만한곳  문무대왕해양역사관  경주신상여행지  경주가볼만한곳  경주아이와여행  경주아이랑  경주놀거리  경주무료가볼만한곳  경주여행  경주가족여행  감포가볼만한곳  경주동해안여행,경주 아이와 가볼만한곳 신상 실내 여행지 문무대왕해양역사관 무     경주실내아이랑가볼만한곳  문무대왕해양역사관  경주신상여행지  경주가볼만한곳  경주아이와여행  경주아이랑  경주놀거리  경주무료가볼만한곳  경주여행  경주가족여행  감포가볼만한곳  경주동해안여행
경주 여행,227,경주 황리단길 카페  설월당,https://blog.naver.com/hihing__/224399084850,황리단길카페  황리단길카페추천  경주황리단길카페  경주한옥카페  황리단길한옥카페  경주디저트카페  황리단길디저트  대릉원타르트  경주디저트맛집  경주여행  경주가볼만한곳  황리단길핫플  대릉원카페,경주 황리단길 카페  설월당 황리단길카페  황리단길카페추천  경주황리단길카페  경주한옥카페  황리단길한옥카페  경주디저트카페  황리단길디저트  대릉원타르트  경주디저트맛집  경주여행  경주가볼만한곳  황리단길핫플  대릉원카페
경주 여행,228,경주여행맛집 추천 백년가게 복터진집 경주점에서 맛본 찐 경주맛    ,https://blog.naver.com/yootoome0/224399084981,이용 시간도 오전 11시부터 오후 3시까지로 아주 넉넉하게 운영되고 있어서 주말 가족 외식이나 여행 코스로 들르기에 부담 없이 딱이라는 생각이 들었다  경주여행맛집 추천 백년가게 경주맛집 복터진집    ,경주여행맛집 추천 백년가게 복터진집 경주점에서 맛본 찐 경주맛     이용 시간도 오전 11시부터 오후 3시까지로 아주 넉넉하게 운영되고 있어서 주말 가족 외식이나 여행 코스로 들르기에 부담 없이 딱이라는 생각이 들었다  경주여행맛집 추천 백년가게 경주맛집 복터진집    
경주 여행,229,경주 야경명소1위  동궁과 월지 안압지 야경 직접 가보니  경주 밤    ,https://blog.naver.com/sm1698/224399078526,신라의 밤을 만나는 경주 야간 여행 경주 야경 명소 1위  동궁과 월지  밤에 더 예쁜 경주  경주 여행을 하다 보면 낮에는 대릉원이나 첨성대 같은 역사 유적지를 둘러보고  저녁에는 야경을 찾아가게    ,경주 야경명소1위  동궁과 월지 안압지 야경 직접 가보니  경주 밤     신라의 밤을 만나는 경주 야간 여행 경주 야경 명소 1위  동궁과 월지  밤에 더 예쁜 경주  경주 여행을 하다 보면 낮에는 대릉원이나 첨성대 같은 역사 유적지를 둘러보고  저녁에는 야경을 찾아가게    
경주 여행,230,황리단길 일식 규카츠 맛집 규카츠정 후기,https://blog.naver.com/seowoorang/224399078772,빼고 다 먹고 간듯한 경주 여행이지만 규카츠정에 외국분들도 많으시더라구요  맛집 인정   가게는    밥이랑 장국은 한번씩 리필된데요   경주에서 왠지 일식이 땡기신다면 추천드리는 황리단길 규카츠정입니당  ,황리단길 일식 규카츠 맛집 규카츠정 후기 빼고 다 먹고 간듯한 경주 여행이지만 규카츠정에 외국분들도 많으시더라구요  맛집 인정   가게는    밥이랑 장국은 한번씩 리필된데요   경주에서 왠지 일식이 땡기신다면 추천드리는 황리단길 규카츠정입니당  
경주 여행,231,경주 야경 명소 동궁과 월지 입장료  주차 꿀팁까지 내돈내산,https://blog.naver.com/hooom_/224397416015,많았음 경주 야경 명소로 워낙 유명한 곳이라 주말이나 여행객 많은 시기에는 어느 정도 각오하고    경주여행  경주여행코스  경주데이트  경주데이트코스  경주밤에가볼만한곳  경주야간관광  동궁과월지주차    ,경주 야경 명소 동궁과 월지 입장료  주차 꿀팁까지 내돈내산 많았음 경주 야경 명소로 워낙 유명한 곳이라 주말이나 여행객 많은 시기에는 어느 정도 각오하고    경주여행  경주여행코스  경주데이트  경주데이트코스  경주밤에가볼만한곳  경주야간관광  동궁과월지주차    
경주 여행,232,경주 황리단길 데이트 명퉤 경주 플래그십스토어 경주 최초  방문     ,https://blog.naver.com/ds7646211/224398383339,T  0507 1365 4007 주소  포석로 1061 6 1층 매일 11 00 21 30 경주여행을 하다 줄이 쭈우욱 플래그십 발견     액운 정화 원석  무료 사주 오행 조회  재물 원석 체험을 즐길 수 있는곳이 있는 명퉤 경주 플래그십스토어    ,경주 황리단길 데이트 명퉤 경주 플래그십스토어 경주 최초  방문      T  0507 1365 4007 주소  포석로 1061 6 1층 매일 11 00 21 30 경주여행을 하다 줄이 쭈우욱 플래그십 발견     액운 정화 원석  무료 사주 오행 조회  재물 원석 체험을 즐길 수 있는곳이 있는 명퉤 경주 플래그십스토어    
경주 여행,233,그냥 지나치면 후회해요  경주 황리단길 놀거리 소품샵 TOP5,https://blog.naver.com/vnvnfn91/224399071983,여행 인플루언서 여행가나연 입니다     경주 여행을 가면 역시 한 번쯤 걷게 되는 곳이    경 주소품샵도 매장마다 분위기가 달라서 소품 좋아하는 저한테는 구경 자체가 하나의 코스였어요  특히 경주    ,그냥 지나치면 후회해요  경주 황리단길 놀거리 소품샵 TOP5 여행 인플루언서 여행가나연 입니다     경주 여행을 가면 역시 한 번쯤 걷게 되는 곳이    경 주소품샵도 매장마다 분위기가 달라서 소품 좋아하는 저한테는 구경 자체가 하나의 코스였어요  특히 경주    
경주 여행,234,경주여행 월정교 주간  야경 와 교촌마을은 바로 옆동네,https://blog.naver.com/goldmonji2/224399069125,저보다는 외국인이 우선이니까요    내가 봐도 합성 사진같음     하지만 리얼 제가 찍은 원본 사진    월정교   시내권   권역별 관광지   경주 여행   경주문화관광 월정교  여행지    열린 관광  모두의 여행    ,경주여행 월정교 주간  야경 와 교촌마을은 바로 옆동네 저보다는 외국인이 우선이니까요    내가 봐도 합성 사진같음     하지만 리얼 제가 찍은 원본 사진    월정교   시내권   권역별 관광지   경주 여행   경주문화관광 월정교  여행지    열린 관광  모두의 여행    
경주 여행,235,1박 2일 경주여행 26 09 01 02 ,https://blog.naver.com/gkswjdal1040/224399067775,원래는 강릉 2박 3일이 목적이였는데 옥수수 이슈로 1박 2일에 강릉보다 가까운 경주로 결정  여행 가기 전 유튜브랑 검색을 통해 경주 맛집을 여기저기 알아봤는데 아빠  나  해산물 좋아함 엄마  딱히 없지만    ,1박 2일 경주여행 26 09 01 02  원래는 강릉 2박 3일이 목적이였는데 옥수수 이슈로 1박 2일에 강릉보다 가까운 경주로 결정  여행 가기 전 유튜브랑 검색을 통해 경주 맛집을 여기저기 알아봤는데 아빠  나  해산물 좋아함 엄마  딱히 없지만    
경주 여행,236,경주월드 근처 디저트 맛집  포장 선물 강추  호문당,https://blog.naver.com/apexapexapex/224399064451,경주 여행 마지막 코스  경주 디저트 선물하기 딱 좋은  아이 어른 할 거 없이 정말 괜찮은 디저트   선물로 정말 괜찮은 파이인지   주차는 어떤지 알아볼게요 경주빵 맛집 호문당 경주파이 한줄요약 한    ,경주월드 근처 디저트 맛집  포장 선물 강추  호문당 경주 여행 마지막 코스  경주 디저트 선물하기 딱 좋은  아이 어른 할 거 없이 정말 괜찮은 디저트   선물로 정말 괜찮은 파이인지   주차는 어떤지 알아볼게요 경주빵 맛집 호문당 경주파이 한줄요약 한    
경주 여행,237,2박3일 경주여행 애견동반 호텔 키녹 반려견 펫파크 가족여행 내돈    ,https://blog.naver.com/star_haena/224399060458,식구들이랑 강아지들까지 다 같이 2박 3일 경주 여행을    그렇게 찾다가 고른 곳이 보문관광단지에 있는 경주 애견동반 호텔    저희처럼 성인 4명   강아지 조합의 가족 여행이나  조용하게 강아지랑 쉬다    ,2박3일 경주여행 애견동반 호텔 키녹 반려견 펫파크 가족여행 내돈     식구들이랑 강아지들까지 다 같이 2박 3일 경주 여행을    그렇게 찾다가 고른 곳이 보문관광단지에 있는 경주 애견동반 호텔    저희처럼 성인 4명   강아지 조합의 가족 여행이나  조용하게 강아지랑 쉬다    
경주 여행,238,경주여행 황리단길 한복대여 화연한복 신라복 후기,https://blog.naver.com/donggreee/224399056931,경주 여행 얼굴빵 사진 포즈 모음 특히 경주라는 장소와 의상이 자연스럽게 연결되니까 그냥 예쁜 한복 사진보다  경주에서 찍은 사진 이라는 느낌이 확실하게 남는 것도 좋았어요   합장  경주 야호    ,경주여행 황리단길 한복대여 화연한복 신라복 후기 경주 여행 얼굴빵 사진 포즈 모음 특히 경주라는 장소와 의상이 자연스럽게 연결되니까 그냥 예쁜 한복 사진보다  경주에서 찍은 사진 이라는 느낌이 확실하게 남는 것도 좋았어요   합장  경주 야호    
경주 여행,239,경주 황리단길 맛집 황남우엉김밥  생활의달인의 우엉조림 깁밥 후    ,https://blog.naver.com/keurimbbang52/224399055939,이용 경주 여행 중 숙소에서 간단하게 아침식사 하려고 방문한 경주 황리단길에 위치한 황남우엉김밥 이름 그대로 우엉을 김밥 위에 듬뿍 올려주는 김밥집인데 사진으로 봤을 때부터 일반적인 김밥이랑은    ,경주 황리단길 맛집 황남우엉김밥  생활의달인의 우엉조림 깁밥 후     이용 경주 여행 중 숙소에서 간단하게 아침식사 하려고 방문한 경주 황리단길에 위치한 황남우엉김밥 이름 그대로 우엉을 김밥 위에 듬뿍 올려주는 김밥집인데 사진으로 봤을 때부터 일반적인 김밥이랑은    
경주 여행,240,경주 숙소 추천 BEST 5  황리단길 한옥부터 가성비 독채까지,https://blog.naver.com/brandblog133/224399014237,오늘 소개해 드린 정보가 여러분의 경주 여행 준비에 조금이나마 도움이 되었기를 바랍니다  경주는 머무는 숙소에 따라 여행의 색깔이 완전히 달라지는 매력적인 도시입니다  나에게 꼭 맞는 숙소를 찾아 잊지    ,경주 숙소 추천 BEST 5  황리단길 한옥부터 가성비 독채까지 오늘 소개해 드린 정보가 여러분의 경주 여행 준비에 조금이나마 도움이 되었기를 바랍니다  경주는 머무는 숙소에 따라 여행의 색깔이 완전히 달라지는 매력적인 도시입니다  나에게 꼭 맞는 숙소를 찾아 잊지    
경주 여행,241,감포 수산시장 가성비 포장하기 좋은 신선한 부부수산 방문,https://blog.naver.com/min_sam222/224399048032,경주 여행  감포까지 갔는데 신선한 회를 안 먹고 올 수 없죠  그래서 감포수산시장인 수협활어직판장에    역시 감포 횟집에 방문해 줘야죠  경북 경주시 감포읍 감포항구길91 수협활어직판장 1층 매주 수요일    ,감포 수산시장 가성비 포장하기 좋은 신선한 부부수산 방문 경주 여행  감포까지 갔는데 신선한 회를 안 먹고 올 수 없죠  그래서 감포수산시장인 수협활어직판장에    역시 감포 횟집에 방문해 줘야죠  경북 경주시 감포읍 감포항구길91 수협활어직판장 1층 매주 수요일    
경주 여행,242,경주여행 코스추천 2박3일 가볼만한곳 맛집추천,https://blog.naver.com/luna_life_/224399045476,신혼여행 갔다오고 한달이 지나 간 첫 국내여행은 경주  요즘 경주가 볼거리도 많고 맛있는것도    맛도 좋고 원두가 다양하게 있다 직원용라떼가 신기해서 시켜봤다 짧지만 행복했던 경주여행 재밌었다,경주여행 코스추천 2박3일 가볼만한곳 맛집추천 신혼여행 갔다오고 한달이 지나 간 첫 국내여행은 경주  요즘 경주가 볼거리도 많고 맛있는것도    맛도 좋고 원두가 다양하게 있다 직원용라떼가 신기해서 시켜봤다 짧지만 행복했던 경주여행 재밌었다
경주 여행,243,경주여행 깨끗하고 가격 저렴한 숙소 추천   메종미니호텔,https://blog.naver.com/miomio_mm/224399044686,내돈내산 경주여행 가성비 숙소 추천 황리단길 걸어서 15분이내  신호등만 안걸리면 10분  황리단길   경주중앙시장 사이에 있음 예약은    찝찝함없이 여행을 시작할수 있었다  수건과 헤어드라이기 위생가운    ,경주여행 깨끗하고 가격 저렴한 숙소 추천   메종미니호텔 내돈내산 경주여행 가성비 숙소 추천 황리단길 걸어서 15분이내  신호등만 안걸리면 10분  황리단길   경주중앙시장 사이에 있음 예약은    찝찝함없이 여행을 시작할수 있었다  수건과 헤어드라이기 위생가운    
경주 여행,244,경주 불국사 근처 맛집  초원석쇠불고기 ,https://blog.naver.com/applemop_/224399041340,주소는 경북 경주시 진현로2길 54입니다  실제로 불국사 주변 맛집으로 많이    가족 여행 중 식사할 곳을 찾는 분들에게도 잘 맞을 것 같아요  무엇보다 경주 여행에서 불국사 쪽을 방문한다면 관광만 하고    ,경주 불국사 근처 맛집  초원석쇠불고기  주소는 경북 경주시 진현로2길 54입니다  실제로 불국사 주변 맛집으로 많이    가족 여행 중 식사할 곳을 찾는 분들에게도 잘 맞을 것 같아요  무엇보다 경주 여행에서 불국사 쪽을 방문한다면 관광만 하고    
경주 여행,245, 맛집  경주 황리단길 산도 맛집 이치니산도 내돈내산 후기,https://blog.naver.com/daily_0910/224399039321,이용  경주 여행 갔을 때 방문한 이치니산도 원래 산도 디저트를 별로 안 좋아하는데 경주에서 엄청 핫하다고 해서 슬쩍 가봤다 이치니산도 웨이팅   어라  이것 뭐예요  우리가 방문했을 때 오전 재료가    , 맛집  경주 황리단길 산도 맛집 이치니산도 내돈내산 후기 이용  경주 여행 갔을 때 방문한 이치니산도 원래 산도 디저트를 별로 안 좋아하는데 경주에서 엄청 핫하다고 해서 슬쩍 가봤다 이치니산도 웨이팅   어라  이것 뭐예요  우리가 방문했을 때 오전 재료가    
경주 여행,246,경주독채풀빌라  풀빌라 찾다가 발견한 래태리펜션 가족끼리 제대    ,https://blog.naver.com/h66rap0a7j24zk7l/224399034821,가족들과 경주 여행을 계획하면서 이번에는 관광지를 많이 돌아다니기보다 숙소에서 여유롭게 쉬는 여행을 해보고 싶었어요  여러 경주독채펜션을 찾아보다가 독채로 이용할 수 있는 래태리펜션을 알게 되어    ,경주독채풀빌라  풀빌라 찾다가 발견한 래태리펜션 가족끼리 제대     가족들과 경주 여행을 계획하면서 이번에는 관광지를 많이 돌아다니기보다 숙소에서 여유롭게 쉬는 여행을 해보고 싶었어요  여러 경주독채펜션을 찾아보다가 독채로 이용할 수 있는 래태리펜션을 알게 되어    
경주 여행,247, 경주  테라로사 경주점 한옥카페,https://blog.naver.com/justhye123/224399033048,테라로사가 경주에도 있단 거 아셨나요  전 이게 강릉에만 있는 줄 알았는데 경주 여행 갔다가 너무너무 더워서 카페 검색하던 중 테라로사가 있지 뭐예요  마침 차도 렌트했겠다 바로 가봤는데 주차장은 매장    , 경주  테라로사 경주점 한옥카페 테라로사가 경주에도 있단 거 아셨나요  전 이게 강릉에만 있는 줄 알았는데 경주 여행 갔다가 너무너무 더워서 카페 검색하던 중 테라로사가 있지 뭐예요  마침 차도 렌트했겠다 바로 가봤는데 주차장은 매장    
경주 여행,248,경주 시외버스터미널 카페  룸펜경주,https://blog.naver.com/pshpsh1503/224399032304, 여행  국내여행  경주  경주여행  경주카페  경주핫플  카페  경주노서동카페  갬성카페  데이트  행복  힐링  일상 경주 시외버스터미널 바로 옆에 LP감상과 독서를 즐길 수 있는 아늑한 카페가 있음 터미널    ,경주 시외버스터미널 카페  룸펜경주  여행  국내여행  경주  경주여행  경주카페  경주핫플  카페  경주노서동카페  갬성카페  데이트  행복  힐링  일상 경주 시외버스터미널 바로 옆에 LP감상과 독서를 즐길 수 있는 아늑한 카페가 있음 터미널    
경주 여행,249, 일상  8월 극 반기   경주 여행 편,https://blog.naver.com/mms04109/224399031472,경주여행의 참맛은 Crazy    바로 이맛 아입니까 연꽃밭에서 1 캬하 동궁과월지가서 2캬하 마지막으로 경주갔을 때에도 동궁과월지    가서 시원한데서 사드시길    39도에서 소용없는 살안타템 그저 여행    , 일상  8월 극 반기   경주 여행 편 경주여행의 참맛은 Crazy    바로 이맛 아입니까 연꽃밭에서 1 캬하 동궁과월지가서 2캬하 마지막으로 경주갔을 때에도 동궁과월지    가서 시원한데서 사드시길    39도에서 소용없는 살안타템 그저 여행    
경주 여행,250,10개월 아기랑 국내 여행 경주 한화리조트 담톤 숙소 1박 이용기,https://blog.naver.com/kd8905/224399026888,8월 말 약간 늦은 여름휴가로 경주 여행을 결정했어요  4년만에 가는 경주  아기랑 떠나는 첫 여행  숙소를 알아보다가 경주 한화리조트로 선택했어요  돌 전 아기라 바닥에서 잘 수 있는 온돌 객실을 생각했는데    ,10개월 아기랑 국내 여행 경주 한화리조트 담톤 숙소 1박 이용기 8월 말 약간 늦은 여름휴가로 경주 여행을 결정했어요  4년만에 가는 경주  아기랑 떠나는 첫 여행  숙소를 알아보다가 경주 한화리조트로 선택했어요  돌 전 아기라 바닥에서 잘 수 있는 온돌 객실을 생각했는데    
경주 여행,251, 맛집  경주 맛집 향화정 솔직후기 10명이 먹고 전부 맛있다고 한     ,https://blog.naver.com/soohiii/224399025274,오늘 소개해 드릴 곳은 경주 여행을 계획하고 계신다면 한 번쯤 들어보셨을 황리단길 맛집  향화정     경주는 이렇게 한옥 건물과 골목을 보고 있는 것만으로도 여행 온 기분이 제대로 나는 것 같아요  사람이    , 맛집  경주 맛집 향화정 솔직후기 10명이 먹고 전부 맛있다고 한      오늘 소개해 드릴 곳은 경주 여행을 계획하고 계신다면 한 번쯤 들어보셨을 황리단길 맛집  향화정     경주는 이렇게 한옥 건물과 골목을 보고 있는 것만으로도 여행 온 기분이 제대로 나는 것 같아요  사람이    
경주 여행,252,라한셀렉트경주 패밀리트윈 리버뷰  숙박 후기,https://blog.naver.com/bombom_real/224399021452,경주 여행을 하려고 숙소 알아보다가 선택한 라한셀렉트경주  패밀리트윈 리버뷰  보문호 바로    불편했어요  아이들과 여행은 리조트로 해야하나  생각이 들었답니다 제빙기 있음     저희방은 E V 내려서 제일    ,라한셀렉트경주 패밀리트윈 리버뷰  숙박 후기 경주 여행을 하려고 숙소 알아보다가 선택한 라한셀렉트경주  패밀리트윈 리버뷰  보문호 바로    불편했어요  아이들과 여행은 리조트로 해야하나  생각이 들었답니다 제빙기 있음     저희방은 E V 내려서 제일    
경주 여행,253,경주 여행 중 포장해서 먹은 현지인 맛집 후기  가마솥족발  충효닭    ,https://blog.naver.com/riuuuni/224399019282,그 덕에 갈때마다 현지인 맛집에서 맛있는거 잔뜩 먹고 온다 그래서 경주 더 좋아함   이번에 경주여행 갔을때도 맛있는거 많이 먹고왔는데 신랑 친구네 집이랑 리조트에서 포장해서 먹기도 했다  가마솥족발    ,경주 여행 중 포장해서 먹은 현지인 맛집 후기  가마솥족발  충효닭     그 덕에 갈때마다 현지인 맛집에서 맛있는거 잔뜩 먹고 온다 그래서 경주 더 좋아함   이번에 경주여행 갔을때도 맛있는거 많이 먹고왔는데 신랑 친구네 집이랑 리조트에서 포장해서 먹기도 했다  가마솥족발    
경주 여행,254,경주 여행 코스 추천  역사와 힙한 감성이 공존하는 알짜배기 일정,https://blog.naver.com/brandblog133/224399017263,경주는 갈 때마다 새로운 매력을 발견하게 되는 곳입니다  이번 가이드가 여러분의 성공적인 경주 여행에 도움이 되기를 바랍니다  여행 중 발견한 나만의 숨은 명소가 있다면 댓글로 공유해 주세요  이번 경주    ,경주 여행 코스 추천  역사와 힙한 감성이 공존하는 알짜배기 일정 경주는 갈 때마다 새로운 매력을 발견하게 되는 곳입니다  이번 가이드가 여러분의 성공적인 경주 여행에 도움이 되기를 바랍니다  여행 중 발견한 나만의 숨은 명소가 있다면 댓글로 공유해 주세요  이번 경주    
경주 여행,255,경주 아이랑 무료체험 경상북도교육청발명인공지능교육원 발명체    ,https://blog.naver.com/hyerigg1008/224399011045,이날부터가 찐 경주여행 시작  아이가 둘이라면 아이들 위주로 돌아가는 여행 이번 경주에서의 일주일은 박물관이나 체험관 위주로 돌았다  경주에 아이들과 갈만한 곳이 이렇게 많았다니  우리가족이    ,경주 아이랑 무료체험 경상북도교육청발명인공지능교육원 발명체     이날부터가 찐 경주여행 시작  아이가 둘이라면 아이들 위주로 돌아가는 여행 이번 경주에서의 일주일은 박물관이나 체험관 위주로 돌았다  경주에 아이들과 갈만한 곳이 이렇게 많았다니  우리가족이    
경주 여행,256,황리단길 야장 분위기 끝판왕 황남거북이   노을뷰 갖춘 경주 맛집     ,https://blog.naver.com/pizza_cider/224399004265,운영하여 여행객들의 흥겨운 파티 분위기 형성   다양한 주류 라인업과 거북알라떼  거북알샤베트 등     황리단길  경주맛집  경주여행  황남거북이  황리단길야장  황리단길한옥펍  황리단길술집  경주한옥펍    ,황리단길 야장 분위기 끝판왕 황남거북이   노을뷰 갖춘 경주 맛집      운영하여 여행객들의 흥겨운 파티 분위기 형성   다양한 주류 라인업과 거북알라떼  거북알샤베트 등     황리단길  경주맛집  경주여행  황남거북이  황리단길야장  황리단길한옥펍  황리단길술집  경주한옥펍    
경주 여행,257,소노캄 경주 디럭스 스위트 B 레이크뷰 조식 부대시설 꿀팁 솔직후    ,https://blog.naver.com/that1219/224399000071,경주 여행 숙소 추천 소노캄 경주 리조트 체크인 15 00 체크아웃 11 00 경북 경주시 보문로 402 12 소노캄 경주 1588 4888 아기가 태어나면 당분간 장거리 여행은 어려울 테니  남편이랑 마지막으로 경주를    ,소노캄 경주 디럭스 스위트 B 레이크뷰 조식 부대시설 꿀팁 솔직후     경주 여행 숙소 추천 소노캄 경주 리조트 체크인 15 00 체크아웃 11 00 경북 경주시 보문로 402 12 소노캄 경주 1588 4888 아기가 태어나면 당분간 장거리 여행은 어려울 테니  남편이랑 마지막으로 경주를    
경주 여행,258,경주 플래시백계림 후기  아이랑 실내여행 ,https://blog.naver.com/bombom_real/224398998125,찾게되는데 아이랑 함께 하는 여행이면 여기 딱 좋은 것 같아요 사람을 홀리는 듯한 미디어아트에 집중하면 시간이 금방 지나가버리고 아이들도 생각보다 즐기면서 잘 놀았어요     플래시백계림  경주여행추천,경주 플래시백계림 후기  아이랑 실내여행  찾게되는데 아이랑 함께 하는 여행이면 여기 딱 좋은 것 같아요 사람을 홀리는 듯한 미디어아트에 집중하면 시간이 금방 지나가버리고 아이들도 생각보다 즐기면서 잘 놀았어요     플래시백계림  경주여행추천
경주 여행,259,경주 한옥 카페 카페노경보차라파 고즈넉한 분위기에 반한 곳,https://blog.naver.com/lim0153/224398995975,경주 한옥 카페 카페노경보차라파 고즈넉한 분위기에 반한 곳 안녕하세요  에스더예요  지난 경주 여행에서는 당연히 카페도 여러 곳 다녀왔는데요  그중에서도 친구가 꼭 가보고 싶다고 한 곳이 있었어요     ,경주 한옥 카페 카페노경보차라파 고즈넉한 분위기에 반한 곳 경주 한옥 카페 카페노경보차라파 고즈넉한 분위기에 반한 곳 안녕하세요  에스더예요  지난 경주 여행에서는 당연히 카페도 여러 곳 다녀왔는데요  그중에서도 친구가 꼭 가보고 싶다고 한 곳이 있었어요     
경주 여행,260,88한 청춘커플,https://blog.naver.com/cseungm_/224398994164,우리는 경주여행을 가요  시작부터 난리가 났지만 금방 순한 양으로 잠재웠어요    난 햄아가 조련사   경주 도착   시작부터 배고프니 떡보끼로 배를 채워요 오랜만이다 여행 넘나 신나 신나 와 뒤태부터    ,88한 청춘커플 우리는 경주여행을 가요  시작부터 난리가 났지만 금방 순한 양으로 잠재웠어요    난 햄아가 조련사   경주 도착   시작부터 배고프니 떡보끼로 배를 채워요 오랜만이다 여행 넘나 신나 신나 와 뒤태부터    
경주 여행,261, 경주 보문단지 맛집  어촌밥상 아이와 생선구이 솥밥정식 솔직후기,https://blog.naver.com/jane-road/224398993730,경주생선구이  경주생선구이맛집  경주솥밥  경주한식  경주한식맛집  경주아이와  경주아이랑  경주가족여행  경주가족식당  경주아이와맛집  경주보문단지  보문단지아이와  경주여행맛집  경주여행  재인로드, 경주 보문단지 맛집  어촌밥상 아이와 생선구이 솥밥정식 솔직후기 경주생선구이  경주생선구이맛집  경주솥밥  경주한식  경주한식맛집  경주아이와  경주아이랑  경주가족여행  경주가족식당  경주아이와맛집  경주보문단지  보문단지아이와  경주여행맛집  경주여행  재인로드
경주 여행,262,경주맛집 여행 코스 추천  경주 노포 감성 부산숯불갈비 방문 후기,https://blog.naver.com/jse0105/224398989085,타지역 여행을 다닐때면 유명한곳도 가보고싶지만 현지인들이 실제 찾는 맛집도 꼭 가보곤 하는데요    경주여행  경주여행코스  경주현지인추천  경주로컬맛집  경주노포  경주삼겹살맛집  경주고기집    ,경주맛집 여행 코스 추천  경주 노포 감성 부산숯불갈비 방문 후기 타지역 여행을 다닐때면 유명한곳도 가보고싶지만 현지인들이 실제 찾는 맛집도 꼭 가보곤 하는데요    경주여행  경주여행코스  경주현지인추천  경주로컬맛집  경주노포  경주삼겹살맛집  경주고기집    
경주 여행,263,경주 교동 한옥스테이 추천  황리단길 근처에서 찾은 완벽한 한옥     ,https://blog.naver.com/hotel_meridian/224398689311,경주 여행의 중심에 자리 잡은 이곳에서의 숙박은 정말 꿈결 같았어요     곳이라  여행 내내 설레는 기분이었답니다  따뜻하고 아늑한 한옥에서 보내는 완벽한 휴식 시간 하루 종일 경주를 돌아다니느라 많이    ,경주 교동 한옥스테이 추천  황리단길 근처에서 찾은 완벽한 한옥      경주 여행의 중심에 자리 잡은 이곳에서의 숙박은 정말 꿈결 같았어요     곳이라  여행 내내 설레는 기분이었답니다  따뜻하고 아늑한 한옥에서 보내는 완벽한 휴식 시간 하루 종일 경주를 돌아다니느라 많이    
경주 여행,264,황리단길에서 주차 걱정 덜고 즐기기 좋은 우대갈비 경주맛집 큰기    ,https://blog.naver.com/lemon_-2/224398977127,경주 여행을 계획하면서 황리단길을 돌아다니다 보면 맛집도 정말 많고 카페도 많아서 어디에서 식사를    가족끼리 경주에 놀러 갔을 때나 친구들과 여행을 왔을 때처럼 여러 명이 함께 식사하는 상황이라면    ,황리단길에서 주차 걱정 덜고 즐기기 좋은 우대갈비 경주맛집 큰기     경주 여행을 계획하면서 황리단길을 돌아다니다 보면 맛집도 정말 많고 카페도 많아서 어디에서 식사를    가족끼리 경주에 놀러 갔을 때나 친구들과 여행을 왔을 때처럼 여러 명이 함께 식사하는 상황이라면    
경주 여행,265,경주 여행지 관광지 경주 대릉원 포토존,https://blog.naver.com/hnmh2332/224398974524,푸른 잔디와 둥근 고분이 이어지는 풍경 속을 천천히 걷다 보니 여행의 여유가 제대로 느껴졌다  특히 대릉원 포토존은 계절에 따라 분위기가 달라서 사진 찍는 재미가 쏠쏠했다  경주 여행지 경주 관광지   글    ,경주 여행지 관광지 경주 대릉원 포토존 푸른 잔디와 둥근 고분이 이어지는 풍경 속을 천천히 걷다 보니 여행의 여유가 제대로 느껴졌다  특히 대릉원 포토존은 계절에 따라 분위기가 달라서 사진 찍는 재미가 쏠쏠했다  경주 여행지 경주 관광지   글    
경주 여행,266,경주 황리단길 한식 맛집 향화정 비빔밥 메뉴 가족 식사 후기,https://blog.naver.com/bitenflight/224398967572,이런 분들께 추천해요   경주 여행 중 황리단길에서 한식 메뉴 원하시는 분   경주 꼬막비빔밥이나 경주 육회비빔밥을 찾는 분   황리단길에서 든든한 점심 또는 식사 장소를 찾는 분 경주    ,경주 황리단길 한식 맛집 향화정 비빔밥 메뉴 가족 식사 후기 이런 분들께 추천해요   경주 여행 중 황리단길에서 한식 메뉴 원하시는 분   경주 꼬막비빔밥이나 경주 육회비빔밥을 찾는 분   황리단길에서 든든한 점심 또는 식사 장소를 찾는 분 경주    
경주 여행,267,경주 소품샵 한국가체연구소 후기   전통적인 소품들이 가득있어 구    ,https://blog.naver.com/jikdkdlend/224398965801,0507 1347 1177 경주 소품샵 추천 경주 여행하면 빠질 수 없는 황리단길   황리단길에는 많은 소품샵이    여행 기념품으로 제일 많이 모으는게 마그넷이잖아요  냉장고에도 붙여놓고  현관에 붙여놓기도 좋아    ,경주 소품샵 한국가체연구소 후기   전통적인 소품들이 가득있어 구     0507 1347 1177 경주 소품샵 추천 경주 여행하면 빠질 수 없는 황리단길   황리단길에는 많은 소품샵이    여행 기념품으로 제일 많이 모으는게 마그넷이잖아요  냉장고에도 붙여놓고  현관에 붙여놓기도 좋아    
경주 여행,268,국립 경주박물관  초등학생 경주여행 꼭 방문해야 하는 경주 유적지,https://blog.naver.com/hsts0830/224398964092,초등학교 아이를 키우는 부모로서  저희는 아이와 함께 여행을 많이 다니고 있어요  그리고 지역에    삼국문화유산의 의미를 되세겨 볼 수 있었답니다   경주여행   경주박물관   국립경주박물관   초등학생경주여행,국립 경주박물관  초등학생 경주여행 꼭 방문해야 하는 경주 유적지 초등학교 아이를 키우는 부모로서  저희는 아이와 함께 여행을 많이 다니고 있어요  그리고 지역에    삼국문화유산의 의미를 되세겨 볼 수 있었답니다   경주여행   경주박물관   국립경주박물관   초등학생경주여행
경주 여행,269, 오늘 기억  경주  천년고도의 멋 월정교 ,https://blog.naver.com/artghost/224398962899, 오늘기억  경북경주여행  경주월정교  낭만야경  경북경주가볼만한곳  천년고도경주 감상하시죠  경주  월정교 야경  천년고도의 멋스러움을 고스란히 담고 있는 경주  황금빛 조명이 켜진 야간 명소    , 오늘 기억  경주  천년고도의 멋 월정교   오늘기억  경북경주여행  경주월정교  낭만야경  경북경주가볼만한곳  천년고도경주 감상하시죠  경주  월정교 야경  천년고도의 멋스러움을 고스란히 담고 있는 경주  황금빛 조명이 켜진 야간 명소    
경주 여행,270,경주여행 황리단길 점심 맛집 취향가옥 솔직후기,https://blog.naver.com/naayounga/224398957604,항상 여행이며 코스를 내가 정하니 짝꿍한테 오늘점심은    콜라 사이다 맥주 소주 경주쌀막걸리 우리는 소갈비찜 공기밥2개 사이다1개를 주문했다 경주여행 황리단길 점심 맛집 취향가옥 매장내부    ,경주여행 황리단길 점심 맛집 취향가옥 솔직후기 항상 여행이며 코스를 내가 정하니 짝꿍한테 오늘점심은    콜라 사이다 맥주 소주 경주쌀막걸리 우리는 소갈비찜 공기밥2개 사이다1개를 주문했다 경주여행 황리단길 점심 맛집 취향가옥 매장내부    
경주 여행,271,2026 경주 가을여행 코스 추천 가을에 꼭 가봐야 할 경주 여행지 BEST    ,https://blog.naver.com/ktw8801/224398954998,2026 경주 가을여행 추천 코스 DAY 1 대릉원   황리단길   첨성대   계림   교촌마을   월정교    한옥 분위기의 카페와 식당  다양한 소품숍이 모여 있어 경주 여행에서 빠지지 않는 인기 코스입니다     ,2026 경주 가을여행 코스 추천 가을에 꼭 가봐야 할 경주 여행지 BEST     2026 경주 가을여행 추천 코스 DAY 1 대릉원   황리단길   첨성대   계림   교촌마을   월정교    한옥 분위기의 카페와 식당  다양한 소품숍이 모여 있어 경주 여행에서 빠지지 않는 인기 코스입니다     
경주 여행,272,경주여행 필수코스에 이곳은 꼭  황리단길에서 만난 하우해브유빈,https://blog.naver.com/rlawldud714/224398953535,경주여행 계획 중이신 분들이나 소품샵 좋아하시면 끝까지 꼭 읽어주세요 건물자체는 경주느낌이 확 느껴지는데 인테리어 감성은 약간 유럽처럼 해외여행온 기분이 느껴지더라구요   황리단길 매인 거리랑도    ,경주여행 필수코스에 이곳은 꼭  황리단길에서 만난 하우해브유빈 경주여행 계획 중이신 분들이나 소품샵 좋아하시면 끝까지 꼭 읽어주세요 건물자체는 경주느낌이 확 느껴지는데 인테리어 감성은 약간 유럽처럼 해외여행온 기분이 느껴지더라구요   황리단길 매인 거리랑도    
경주 여행,273,경주 보문단지 맷돌순두부 아기랑 같이 먹은 내돈내산 후기,https://blog.naver.com/standup0220/224398949779,가깝기도하고  경주 여행 코스 시작 전 방문하기 좋은 위치라서 그런지 오후 2시쯤인데도 사람이    있는데  경주에서 안동까지 여행 할 예정이라 상할까봐 챙기지 못했어요 블루리본 인정 맛집 답게 웨이팅이    ,경주 보문단지 맷돌순두부 아기랑 같이 먹은 내돈내산 후기 가깝기도하고  경주 여행 코스 시작 전 방문하기 좋은 위치라서 그런지 오후 2시쯤인데도 사람이    있는데  경주에서 안동까지 여행 할 예정이라 상할까봐 챙기지 못했어요 블루리본 인정 맛집 답게 웨이팅이    
경주 여행,274, 보문갈비  경주 보문단지 맛집 보문갈비 오픈런 주차 점심특선 육    ,https://blog.naver.com/jhsong1376/224398945290,경주 여행에서 빠질 수 없는 경주월드 근처  주말 풀웨이팅으로 유명한 경주 보문단지 맛집 보문갈비에 오픈런으로 다녀온 솔직 후기를 말씀드릴게용 보문갈비   경북 경주시 보문로 529   연중무휴 11 30 21 00    , 보문갈비  경주 보문단지 맛집 보문갈비 오픈런 주차 점심특선 육     경주 여행에서 빠질 수 없는 경주월드 근처  주말 풀웨이팅으로 유명한 경주 보문단지 맛집 보문갈비에 오픈런으로 다녀온 솔직 후기를 말씀드릴게용 보문갈비   경북 경주시 보문로 529   연중무휴 11 30 21 00    
경주 여행,275, 경주 카페 어마무시    1인 1티라미수 하고 싶은 맛   티라미수 맛집     ,https://blog.naver.com/nezzido/224398942887,오늘은 경주 여행 당시에 친구 추천을 받아서 갔던 카페 리뷰로 돌아왔어요  친구가 예전에 방문했을    어우러져서 경주에 놀러온 느낌 낭낭하게 느껴볼 수 있어요  내부가 엄청 넓은데 사람이 너무 많이    , 경주 카페 어마무시    1인 1티라미수 하고 싶은 맛   티라미수 맛집      오늘은 경주 여행 당시에 친구 추천을 받아서 갔던 카페 리뷰로 돌아왔어요  친구가 예전에 방문했을    어우러져서 경주에 놀러온 느낌 낭낭하게 느껴볼 수 있어요  내부가 엄청 넓은데 사람이 너무 많이    
경주 여행,276,경주고기집 현지인맛집 동천 부경숯불갈비 여행 중 저녁식사 후기,https://blog.naver.com/nyang_d/224398934634,경주 여행 중 저녁식사 후기 경주현지인맛집 경주고기집 동천 부경숯불갈비  푸드 인플루언서 K주부    경주현지인맛집 여행 중 저녁식사 후기 저희는 양념삼겹살과 양념돼지갈비를 선택했는데요  양념이    ,경주고기집 현지인맛집 동천 부경숯불갈비 여행 중 저녁식사 후기 경주 여행 중 저녁식사 후기 경주현지인맛집 경주고기집 동천 부경숯불갈비  푸드 인플루언서 K주부    경주현지인맛집 여행 중 저녁식사 후기 저희는 양념삼겹살과 양념돼지갈비를 선택했는데요  양념이    
경주 여행,277, 경주 맛집  1시간 웨이팅 끝에 먹어본  함양집 보문점  솔직후기  주    ,https://blog.naver.com/aromse/224398928897,오늘은 34개월 첫째  4개월 둘째 아이와 함께 다녀온 경주 여행 이야기를 들려드릴게요  숙박후기가    기대를 너무 많이 했던 탓인지  아니면 1시간 넘는 무더위 속 웨이팅에 지쳐서인지  경주에 오면 무조건 꼭    , 경주 맛집  1시간 웨이팅 끝에 먹어본  함양집 보문점  솔직후기  주     오늘은 34개월 첫째  4개월 둘째 아이와 함께 다녀온 경주 여행 이야기를 들려드릴게요  숙박후기가    기대를 너무 많이 했던 탓인지  아니면 1시간 넘는 무더위 속 웨이팅에 지쳐서인지  경주에 오면 무조건 꼭    
경주 여행,278, 경북 경주  경주 내돈내산 카페 모음   밀푀유가 맛있는 월정제과       ,https://blog.naver.com/y_ssoya/224398922102,기억이 휘발되기 전에 경주 여행하면서 다녀온 카페들을 남겨보아요   1   월정제과 웨이팅이 있을 수       추억여행 경주 진짜     뭐냐고 경주    외관 사진과 내부 사진을 지웠네요  젠쟝    치즈떡볶이 자꾸    , 경북 경주  경주 내돈내산 카페 모음   밀푀유가 맛있는 월정제과        기억이 휘발되기 전에 경주 여행하면서 다녀온 카페들을 남겨보아요   1   월정제과 웨이팅이 있을 수       추억여행 경주 진짜     뭐냐고 경주    외관 사진과 내부 사진을 지웠네요  젠쟝    치즈떡볶이 자꾸    
경주 여행,279,경주여행코스       ,https://blog.naver.com/vkkv/224398906174,경주 여행 가볼 만한 곳  하루 동안 둘러보기 좋은 여행 코스 경주는 신라의 역사와 문화가 남아 있는 대표적인 국내 여행지입니다  오래된 유적과 아름다운 자연을 함께 볼 수 있어 가족 여행이나 친구와의 여행    ,경주여행코스        경주 여행 가볼 만한 곳  하루 동안 둘러보기 좋은 여행 코스 경주는 신라의 역사와 문화가 남아 있는 대표적인 국내 여행지입니다  오래된 유적과 아름다운 자연을 함께 볼 수 있어 가족 여행이나 친구와의 여행    
경주 여행,280,경주 황리단길 한옥 숙소 한옥스테이 원화루   조식이 나오는 가성    ,https://blog.naver.com/myhelloyj/224398906142,경주여행을 계획할 때 한옥숙소에서의 하루를 보내고 싶어서 서치하는 분들이 많잖아요  원화루는    경주가족여행  경주커플여행  경주숙소추천  황리단길펜션  경주한옥숙소  한옥숙소추천  보문단지숙소    ,경주 황리단길 한옥 숙소 한옥스테이 원화루   조식이 나오는 가성     경주여행을 계획할 때 한옥숙소에서의 하루를 보내고 싶어서 서치하는 분들이 많잖아요  원화루는    경주가족여행  경주커플여행  경주숙소추천  황리단길펜션  경주한옥숙소  한옥숙소추천  보문단지숙소    
경주 여행,281,경주한정식맛집  소소함박  황리단길맛집에서 즐기는 한옥 연목뷰     ,https://blog.naver.com/modm81/224398904732,경주여행맛집  경주여행코스  경주데이트  경주데이트코스  경주가족식사  경주가족모임  경주웨이팅맛집  경주뷰맛집  경주한옥맛집  경주야경맛집  경주반주맛집  소소함박  경주소소함박  황리단길밥집    ,경주한정식맛집  소소함박  황리단길맛집에서 즐기는 한옥 연목뷰      경주여행맛집  경주여행코스  경주데이트  경주데이트코스  경주가족식사  경주가족모임  경주웨이팅맛집  경주뷰맛집  경주한옥맛집  경주야경맛집  경주반주맛집  소소함박  경주소소함박  황리단길밥집    
경주 여행,282,경주단체풀빌라펜션도노  숲속에서 만난 여유로운 하루,https://blog.naver.com/v6jrsyvsn7/224398904154,설렘으로 가득했던 경주 여행 준비 여행을 계획할 때면 늘 고민되는 게 있죠  바로 우리 일행 모두가    이번에는 경주단체풀빌라펜션도노를 선택했는데  예약하는 순간부터 마음이 참 설렜어요  경북 경주시    ,경주단체풀빌라펜션도노  숲속에서 만난 여유로운 하루 설렘으로 가득했던 경주 여행 준비 여행을 계획할 때면 늘 고민되는 게 있죠  바로 우리 일행 모두가    이번에는 경주단체풀빌라펜션도노를 선택했는데  예약하는 순간부터 마음이 참 설렜어요  경북 경주시    
경주 여행,283, 경주 황리단길 맛집  첨성대 근처 고즈넉한 한옥에서 즐기는 든든    ,https://blog.naver.com/tyslgh/224398901333,가족 여행이나 단체 모임 장소로도 손색이 없어 보였습니다  경주 특유의 멋을 온전히 느끼며    가능  경주황리단길맛집  경주맛집  황남정  황남갈비  경주한식맛집  첨성대맛집  경주여행코스  경주핫플    , 경주 황리단길 맛집  첨성대 근처 고즈넉한 한옥에서 즐기는 든든     가족 여행이나 단체 모임 장소로도 손색이 없어 보였습니다  경주 특유의 멋을 온전히 느끼며    가능  경주황리단길맛집  경주맛집  황남정  황남갈비  경주한식맛집  첨성대맛집  경주여행코스  경주핫플    
경주 여행,284, 경북 경주  경주 분위기 좋은 카페 유호재 티룸   예약방법,https://blog.naver.com/y_ssoya/224398894640,경주 여행하면서 여유롭게 즐겼던 카페  유호재티룸 입니다  동아시아 차를 전문으로 하는 티룸 입니다     경주혼자여행  경주티룸  경주가볼만한곳  경주카페추천  경주유호재티룸  유호재티룸  경주황리단길    , 경북 경주  경주 분위기 좋은 카페 유호재 티룸   예약방법 경주 여행하면서 여유롭게 즐겼던 카페  유호재티룸 입니다  동아시아 차를 전문으로 하는 티룸 입니다     경주혼자여행  경주티룸  경주가볼만한곳  경주카페추천  경주유호재티룸  유호재티룸  경주황리단길    
경주 여행,285,여름 휴가 경주 여행  1    하나둘셋넷 모여서 차타고    영국제과      ,https://blog.naver.com/heebi_a3/224398895054,근데 그날    우리의 여름 휴가 여행이 정해졌슴다         다른 글 제치고 시작은 해봤는데    바로 경주       차에서 뭔 얘기했더라  별 얘기 다 나왔던 것 같은데    경주  아직은 평화로워    ,여름 휴가 경주 여행  1    하나둘셋넷 모여서 차타고    영국제과       근데 그날    우리의 여름 휴가 여행이 정해졌슴다         다른 글 제치고 시작은 해봤는데    바로 경주       차에서 뭔 얘기했더라  별 얘기 다 나왔던 것 같은데    경주  아직은 평화로워    
경주 여행,286,경주 황리단길 한식 맛집 데이트 하기 딱 좋은곳,https://blog.naver.com/78gywk/224398893017,경주 황리단길 맛집 동양백반에서 닭볶음탕과 백반 먹고 온 후기 경주 여행을 가면 황리단길은 빼놓을 수 없는 코스잖아요  맛있는 것도    깔끔하고 편안한 분위기에서 정갈한 한식을 먹을 수 있는 곳이라 여행    ,경주 황리단길 한식 맛집 데이트 하기 딱 좋은곳 경주 황리단길 맛집 동양백반에서 닭볶음탕과 백반 먹고 온 후기 경주 여행을 가면 황리단길은 빼놓을 수 없는 코스잖아요  맛있는 것도    깔끔하고 편안한 분위기에서 정갈한 한식을 먹을 수 있는 곳이라 여행    
경주 여행,287,화장실 여행이라고 해야하나    ,https://blog.naver.com/george_308/224398888865,2026 06 22 경주여행 시작 여행 전날에도 새벽에 화장실에 왔다 갔다 했지만 약 먹으면 괜찮겠지      피곤하지만 계속 꾸룩되는 장 때문에 화장실에 왔다갔다 하니 경주 도착 네이버 일기예보에서는 여행 내내    ,화장실 여행이라고 해야하나     2026 06 22 경주여행 시작 여행 전날에도 새벽에 화장실에 왔다 갔다 했지만 약 먹으면 괜찮겠지      피곤하지만 계속 꾸룩되는 장 때문에 화장실에 왔다갔다 하니 경주 도착 네이버 일기예보에서는 여행 내내    
경주 여행,288, 경주 소노캄 완벽 가이드  객실 타입부터 조식 뷔페  부대시설까지     ,https://blog.naver.com/sknix/224396399739,아이와 함께 혹은 연인과 함께 역사와 전통이 숨쉬는 경주 여행을 계획하다 보면 숙소 선택에서부터     경주소노캄  경주소노캄리조트  경주숙소추천  보문단지호텔  경주가족여행숙소  소노캄경주조식, 경주 소노캄 완벽 가이드  객실 타입부터 조식 뷔페  부대시설까지      아이와 함께 혹은 연인과 함께 역사와 전통이 숨쉬는 경주 여행을 계획하다 보면 숙소 선택에서부터     경주소노캄  경주소노캄리조트  경주숙소추천  보문단지호텔  경주가족여행숙소  소노캄경주조식
경주 여행,289,여행 폴리오 2   시절인연,https://blog.naver.com/paper_present_/224398878732,시절인연   경주감성숙소   경주여행코스추천   경주터미널근처  황리단길근처숙소 색색깔 사계절을    생각해보면 여행은 사랑하는 사람과 함께 여행의 순간   하이라이트 를 함께 한다는 것이 가장 내적    ,여행 폴리오 2   시절인연 시절인연   경주감성숙소   경주여행코스추천   경주터미널근처  황리단길근처숙소 색색깔 사계절을    생각해보면 여행은 사랑하는 사람과 함께 여행의 순간   하이라이트 를 함께 한다는 것이 가장 내적    
경주 여행,290,    경주    ,https://blog.naver.com/mijeong535/224398874966,DAY1 기다리고 기다렸던 녜빈이와 경주 여행을 갔어요   이때 30도 가뿐히 넘던   시기였음   사진 찍고 얼마 걷지도 않았지만   경주의    음 그니까 바다로 갈 계획은 없었는데요 이번 여행을   정말 무계획으로    ,    경주     DAY1 기다리고 기다렸던 녜빈이와 경주 여행을 갔어요   이때 30도 가뿐히 넘던   시기였음   사진 찍고 얼마 걷지도 않았지만   경주의    음 그니까 바다로 갈 계획은 없었는데요 이번 여행을   정말 무계획으로    
경주 여행,291,보문동맛집 든든한 밥집 찾다가 다녀온 나현생오리 돌솥밥 오리고    ,https://blog.naver.com/dpskdia1234/224398873635,보문동맛집 나현생오리 안녕하세요  오늘은 가족과 함께 경주 여행갔을때 다녀온 든든하게 먹기 좋은 보문동맛집 후기 한번 남겨볼께요  매장명   나현생오리 주소   경상북도 경주시 숲머리길 149 번호   0507    ,보문동맛집 든든한 밥집 찾다가 다녀온 나현생오리 돌솥밥 오리고     보문동맛집 나현생오리 안녕하세요  오늘은 가족과 함께 경주 여행갔을때 다녀온 든든하게 먹기 좋은 보문동맛집 후기 한번 남겨볼께요  매장명   나현생오리 주소   경상북도 경주시 숲머리길 149 번호   0507    
경주 여행,292, 숙소 경주 경주 시외버스터미널 숙소 추천 디바인 미니호텔 후기       ,https://blog.naver.com/everythingworld/224398865929,경주 여행을 준비하다 보면 숙소를 어디로 잡을지가 생각보다 중요합니다  특히 뚜벅이로 경주를 여행하거나 시외버스를 이용해서 경주에 도착한다면 경주 시외버스터미널 근처 숙소를 잡아두는 것이    , 숙소 경주 경주 시외버스터미널 숙소 추천 디바인 미니호텔 후기        경주 여행을 준비하다 보면 숙소를 어디로 잡을지가 생각보다 중요합니다  특히 뚜벅이로 경주를 여행하거나 시외버스를 이용해서 경주에 도착한다면 경주 시외버스터미널 근처 숙소를 잡아두는 것이    
경주 여행,293,경주 기념품 추천 황남빵 대신 특별한 첨성대초콜릿 후기,https://blog.naver.com/qowlgml802/224398759505,안녕하세요  지히입니다  경주 여행을 다녀오면 경주 기념품으로 보통 황남빵이나 찰보리빵을 많이 사    황리단길을 구경하다가 들르기 좋은 위치라 여행 동선에 넣기 편했고 외관도 깔끔해서 금방 찾을 수    ,경주 기념품 추천 황남빵 대신 특별한 첨성대초콜릿 후기 안녕하세요  지히입니다  경주 여행을 다녀오면 경주 기념품으로 보통 황남빵이나 찰보리빵을 많이 사    황리단길을 구경하다가 들르기 좋은 위치라 여행 동선에 넣기 편했고 외관도 깔끔해서 금방 찾을 수    
경주 여행,294,경주 빵지순례 3탄   황리단길 빵 투어 경주여행 필수   경주 얼굴빵     ,https://blog.naver.com/haenjimade/224390964462,경주 1박2일 여행   황리단길 빵지순례 3탄이에요  황리단길에는 맛있는 빵집이 많아서 큰일인데 아직    바로  경주 얼굴빵 이에요  경주 여행 오면 필수로 찍는다는 그 인증샷  저희도 찍어보려고 경주    ,경주 빵지순례 3탄   황리단길 빵 투어 경주여행 필수   경주 얼굴빵      경주 1박2일 여행   황리단길 빵지순례 3탄이에요  황리단길에는 맛있는 빵집이 많아서 큰일인데 아직    바로  경주 얼굴빵 이에요  경주 여행 오면 필수로 찍는다는 그 인증샷  저희도 찍어보려고 경주    
경주 여행,295, 경북 경주  경주 벚꽃 여행 1   경주 입성  경주 한우물회 맛집   함    ,https://blog.naver.com/jin3654/224398309716,너무너무 늦은 경주 후기 입니다요     경주 벚꽃 여행 기록   경주여행  경주벚꽃여행 4월 6일 월   8일 수  2박 3일 일정으로 경주 여행을 다녀왔다  처음부터  경주 를 계획한건 아니었는데 결혼 기념일    , 경북 경주  경주 벚꽃 여행 1   경주 입성  경주 한우물회 맛집   함     너무너무 늦은 경주 후기 입니다요     경주 벚꽃 여행 기록   경주여행  경주벚꽃여행 4월 6일 월   8일 수  2박 3일 일정으로 경주 여행을 다녀왔다  처음부터  경주 를 계획한건 아니었는데 결혼 기념일    
경주 여행,296,경주 황리단길 선물 바삭한 페스츄리 속 달콤한 사과  경주도쿄파이,https://blog.naver.com/aj1595/224398847395,페스츄리 식감이 살아 있어 남녀노소 좋아할 듯싶다  황리단길 한식 맛집  동양백반  황리단길디저트  황리단길간식  경주황리단길선물  경주도쿄파이  경주사과파이  경주애플파이  경주여행  황리단길먹거리,경주 황리단길 선물 바삭한 페스츄리 속 달콤한 사과  경주도쿄파이 페스츄리 식감이 살아 있어 남녀노소 좋아할 듯싶다  황리단길 한식 맛집  동양백반  황리단길디저트  황리단길간식  경주황리단길선물  경주도쿄파이  경주사과파이  경주애플파이  경주여행  황리단길먹거리
경주 여행,297,푸짐하고 가성비 좋아 경주 여행 가면 꼭 들르는 감포 횟집 부부수    ,https://blog.naver.com/rlawodrnr88/224398840961,맛집 탐방 부부수산 오늘의 맛집 저희 부부가 항상 경주에 여행을 가면 해산물을 즐기러 감포에 자주    하지만 경주 여행 오면 꼭 들르는 감포 횟집으로 항상 재방문 하고 싶은 곳이에요 해산물은 새우와 전복    ,푸짐하고 가성비 좋아 경주 여행 가면 꼭 들르는 감포 횟집 부부수     맛집 탐방 부부수산 오늘의 맛집 저희 부부가 항상 경주에 여행을 가면 해산물을 즐기러 감포에 자주    하지만 경주 여행 오면 꼭 들르는 감포 횟집으로 항상 재방문 하고 싶은 곳이에요 해산물은 새우와 전복    
경주 여행,298,여름 경주 여행,https://blog.naver.com/susan27125/224398839742,야무지게 계획한 우리의 경주 여행 기차 기차여행 국룰은 서울역에서 산 간식꾸러미들 아니겠냐구요    삿서요 경주역 도착    경주 도착하자마자 계단에서 마주친 모형 같이 생긴 개구리 처음에 모형인줄알고    ,여름 경주 여행 야무지게 계획한 우리의 경주 여행 기차 기차여행 국룰은 서울역에서 산 간식꾸러미들 아니겠냐구요    삿서요 경주역 도착    경주 도착하자마자 계단에서 마주친 모형 같이 생긴 개구리 처음에 모형인줄알고    
경주 여행,299,경주 아이와 가볼만한곳 경주 실내데이트 추천 원더스페이스 보문    ,https://blog.naver.com/babulove09/224398837948,아이와 경주여행 왔을때 경주 아이와 가볼만한곳 찾으신다면 필수코스로 들려보시면 좋을 것 같아요 특히 전부 실내라 경주 비오는날에 어디가야하나 고민이시라면 전 무조건 원더플레이스라고 말할래요    ,경주 아이와 가볼만한곳 경주 실내데이트 추천 원더스페이스 보문     아이와 경주여행 왔을때 경주 아이와 가볼만한곳 찾으신다면 필수코스로 들려보시면 좋을 것 같아요 특히 전부 실내라 경주 비오는날에 어디가야하나 고민이시라면 전 무조건 원더플레이스라고 말할래요    
경주 여행,300,추석 연휴 아이와 가볼만한 곳 국립경주박물관,https://blog.naver.com/sujin2025/224398835933,국립경주박물관 경주 가족여행 경주 아이랑 가볼만한곳 지난 8월  경주 여행 중 아이들과 함께 국립경주박물관을 다녀왔어요  이제야 정리해보는 방문 후기인데 마침 다가오는 추석 연휴에 가족 나들이 장소를    ,추석 연휴 아이와 가볼만한 곳 국립경주박물관 국립경주박물관 경주 가족여행 경주 아이랑 가볼만한곳 지난 8월  경주 여행 중 아이들과 함께 국립경주박물관을 다녀왔어요  이제야 정리해보는 방문 후기인데 마침 다가오는 추석 연휴에 가족 나들이 장소를    
경주 여행,301, 6월  첫 결혼기념일이랑 이모저모,https://blog.naver.com/skdusdldla/224398833685,시댁과 경주여행   첫 경주여행 너무너무 좋아서 오빠랑 둘이서 또 가기로 했다 숙소 뷰가 너무 좋았고    예전에 잠실 롯데몰에 있었는데 어느순간 사라져버린 경주는 다음에 꼭 또 가야지   동기언니 결혼식    , 6월  첫 결혼기념일이랑 이모저모 시댁과 경주여행   첫 경주여행 너무너무 좋아서 오빠랑 둘이서 또 가기로 했다 숙소 뷰가 너무 좋았고    예전에 잠실 롯데몰에 있었는데 어느순간 사라져버린 경주는 다음에 꼭 또 가야지   동기언니 결혼식    
경주 여행,302,26년7월 2박 3일 경주여행 2일차 입고놀자  경주최부자댁  함양집  불    ,https://blog.naver.com/eun00ks/224398831397,경주   안녕하세요    경주 여행 2일차입니다 1일차 저녁에는 날씨가 좋았는데 2일차 아침은 흐리네요    빌렸습니다 경주 시내만 여행할 때는 도보로 충분하지만 불국사까지 둘러보려면 차가 편해서    ,26년7월 2박 3일 경주여행 2일차 입고놀자  경주최부자댁  함양집  불     경주   안녕하세요    경주 여행 2일차입니다 1일차 저녁에는 날씨가 좋았는데 2일차 아침은 흐리네요    빌렸습니다 경주 시내만 여행할 때는 도보로 충분하지만 불국사까지 둘러보려면 차가 편해서    
경주 여행,303,경주 소노캄 가격 식당 수영장 정보,https://blog.naver.com/byw0524/224398830076,경주 여행 숙소  보문관광단지에서 고민 많이 되시죠  소노캄 경주가 보문호수 바로 옆에 있어서 경주    소노캄후기  경주숙소추천  보문관광단지호텔  경주가족여행숙소   사진 출처   소노캄 경주,경주 소노캄 가격 식당 수영장 정보 경주 여행 숙소  보문관광단지에서 고민 많이 되시죠  소노캄 경주가 보문호수 바로 옆에 있어서 경주    소노캄후기  경주숙소추천  보문관광단지호텔  경주가족여행숙소   사진 출처   소노캄 경주
경주 여행,304,나혼자 경주 여행 당일치기 황리단길 카페 투어 코스 일정 공유,https://blog.naver.com/sohyun6575/224398825418,안녕하세요 여행블로거 소땡입니다 일 년에 한 번씩 경주 놀러 가는 여성의 나혼자 경주 여행 당일치기 코스 일정을 공유합니다 작년에는 박물관이나 미술관처럼 문화생활을 즐길 수 있는 일정 위주였다면    ,나혼자 경주 여행 당일치기 황리단길 카페 투어 코스 일정 공유 안녕하세요 여행블로거 소땡입니다 일 년에 한 번씩 경주 놀러 가는 여성의 나혼자 경주 여행 당일치기 코스 일정을 공유합니다 작년에는 박물관이나 미술관처럼 문화생활을 즐길 수 있는 일정 위주였다면    
경주 여행,305,경주 황리단길 맛집   분위기 좋은 경주한식맛집 소소함박 솔직후기,https://blog.naver.com/pizza_cider/224398816714, 황리단길맛집  경주황리단길맛집  경주한식맛집  경주저녁맛집  경주한정식맛집  소소함박  경주소소함박  경주방문필수코스  경주데이트코스  경주여행  경주가볼만한곳  경주한식  경주한옥식당    ,경주 황리단길 맛집   분위기 좋은 경주한식맛집 소소함박 솔직후기  황리단길맛집  경주황리단길맛집  경주한식맛집  경주저녁맛집  경주한정식맛집  소소함박  경주소소함박  경주방문필수코스  경주데이트코스  경주여행  경주가볼만한곳  경주한식  경주한옥식당    
경주 여행,306,2026 경주 첨성대 핑크뮬리 시기 9월 10월 11월 개화 차이 주차  위치     ,https://blog.naver.com/jinifantasy/224398816909,가을 경주 여행을 준비하고 있다면 한 번쯤 경주 핑크뮬리를 떠올리게 되지  첨성대 주변은 계절마다    황리단길을 방문하는 여행객까지 몰리는 오후에는 주차 대기 시간이 길어질 수도 있거든  그래서 조금    ,2026 경주 첨성대 핑크뮬리 시기 9월 10월 11월 개화 차이 주차  위치      가을 경주 여행을 준비하고 있다면 한 번쯤 경주 핑크뮬리를 떠올리게 되지  첨성대 주변은 계절마다    황리단길을 방문하는 여행객까지 몰리는 오후에는 주차 대기 시간이 길어질 수도 있거든  그래서 조금    
경주 여행,307,경주 서민식당 보문단지 맛집 메뉴 주차 주말 웨이팅 후기,https://blog.naver.com/challity/224398815476,경주떡갈비  경주떡갈비맛집  한우떡갈비  경주아이와맛집  경주가족식사  경주가족여행  경주여행맛집  경주점심맛집  경주한식맛집  경주주말맛집  경주맛집추천  경주서민식당주차  경주서민식당웨이팅,경주 서민식당 보문단지 맛집 메뉴 주차 주말 웨이팅 후기 경주떡갈비  경주떡갈비맛집  한우떡갈비  경주아이와맛집  경주가족식사  경주가족여행  경주여행맛집  경주점심맛집  경주한식맛집  경주주말맛집  경주맛집추천  경주서민식당주차  경주서민식당웨이팅
경주 여행,308,경주가족펜션 방2개  소가족 여행에 딱 맞는 숙소,https://blog.naver.com/mitiioi/224398814185,경주가족펜션 방2개  소가족 여행에 딱 맞는 숙소 경주 사리풀빌라입니다 아이와 함께 경주 여행을 준비할 때 숙소를 고르는 일이 생각보다 쉽지 않습니다  객실이 너무 넓으면 아이를 살피기 어렵고  반대로    ,경주가족펜션 방2개  소가족 여행에 딱 맞는 숙소 경주가족펜션 방2개  소가족 여행에 딱 맞는 숙소 경주 사리풀빌라입니다 아이와 함께 경주 여행을 준비할 때 숙소를 고르는 일이 생각보다 쉽지 않습니다  객실이 너무 넓으면 아이를 살피기 어렵고  반대로    
경주 여행,309,아 예  개강이요 ,https://blog.naver.com/dofu127/224398812236,일단 저는 경주에 갔다 왔으요 이래저래 많은 일들이 있었는데   얘들아 미안해 내가 앞으로는 술조절 잘할게  이게 다  너네를 사랑해서 그런거야  경주 여행을 간 뒤에는 끝나지 않는 고하노라에 갔습니다       ,아 예  개강이요  일단 저는 경주에 갔다 왔으요 이래저래 많은 일들이 있었는데   얘들아 미안해 내가 앞으로는 술조절 잘할게  이게 다  너네를 사랑해서 그런거야  경주 여행을 간 뒤에는 끝나지 않는 고하노라에 갔습니다       
경주 여행,310,경주 월지빵 경주여행에서 발견한 특별한 소금빵  여행 선물 추천,https://blog.naver.com/lusthis83/224398810342,경주 여행에서 그냥 지나치기 아쉬워서 들러본 곳인데  먹어보고 나니 경주에서 사 오는 간식이나 여행 선물로도 괜찮겠다는 생각이 들었던 곳이에요 월지빵 매장은 전통적인 한옥 스타일의 외관이라 처음부터    ,경주 월지빵 경주여행에서 발견한 특별한 소금빵  여행 선물 추천 경주 여행에서 그냥 지나치기 아쉬워서 들러본 곳인데  먹어보고 나니 경주에서 사 오는 간식이나 여행 선물로도 괜찮겠다는 생각이 들었던 곳이에요 월지빵 매장은 전통적인 한옥 스타일의 외관이라 처음부터    
경주 여행,311,라한셀렉트 경주 조식 시간 및 투숙객 할인 안내,https://blog.naver.com/da_zomii/224398808696,라한셀렉트경주조식  경주조식뷔페  경주숙소추천  경주가족여행숙소  라한셀렉트  보문단지호텔  경주여행숙소  경주호텔추천  여기어때숙소  경주수영장호텔  경주5성호텔  사진출처   여기어때 ,라한셀렉트 경주 조식 시간 및 투숙객 할인 안내 라한셀렉트경주조식  경주조식뷔페  경주숙소추천  경주가족여행숙소  라한셀렉트  보문단지호텔  경주여행숙소  경주호텔추천  여기어때숙소  경주수영장호텔  경주5성호텔  사진출처   여기어때 
경주 여행,312,경주 황리단길 대릉갈비 일정 맞춰 편하게 들르는 시간대,https://blog.naver.com/green146998/224398807671,경주 여행 일정에 식사 시간을 넣을 때는 이동 동선과 주변 관광 시간을 함께 고려하면 한결 여유롭습니다  경주 황리단길 맛집을 찾는 경우에도 관광지 관람 전후 시간을 미리 나눠두면 일정이 자연스럽게    ,경주 황리단길 대릉갈비 일정 맞춰 편하게 들르는 시간대 경주 여행 일정에 식사 시간을 넣을 때는 이동 동선과 주변 관광 시간을 함께 고려하면 한결 여유롭습니다  경주 황리단길 맛집을 찾는 경우에도 관광지 관람 전후 시간을 미리 나눠두면 일정이 자연스럽게    
경주 여행,313,경주 황리단길 간식 추천  경주여행 기념품 선물추천 인스타 핫한     ,https://blog.naver.com/hn05023/224398806893,포장해서 집에서 먹어도 맛있는 경주 간식 여행지에서 먹는 것도 좋지만 저는 맛있어서 포장까지 해왔어요  경주여행이 끝난 후 집에 가져와서 먹으려고 하니 여행의 즐거움을 조금 더 오래 느낄 수 있는 것    ,경주 황리단길 간식 추천  경주여행 기념품 선물추천 인스타 핫한      포장해서 집에서 먹어도 맛있는 경주 간식 여행지에서 먹는 것도 좋지만 저는 맛있어서 포장까지 해왔어요  경주여행이 끝난 후 집에 가져와서 먹으려고 하니 여행의 즐거움을 조금 더 오래 느낄 수 있는 것    
경주 여행,314,일본어일기89   경주여행첫째날이야기  2026 9 2 ,https://blog.naver.com/kmn3411/224398799850,그럼 경주는 어때  고등학교 때 수학여행으로 간 적밖에 없는데    오랜만에 다시 가보고 싶네요  난    경주 여행은 9월 1일  2일로 결정됐다  어제 출발 전 남편이 말했다   이번 여행은 무조건 당신 마음대로    ,일본어일기89   경주여행첫째날이야기  2026 9 2  그럼 경주는 어때  고등학교 때 수학여행으로 간 적밖에 없는데    오랜만에 다시 가보고 싶네요  난    경주 여행은 9월 1일  2일로 결정됐다  어제 출발 전 남편이 말했다   이번 여행은 무조건 당신 마음대로    
경주 여행,315,경주 2박3일 여행 직접 다녀온 현지 맛집 카페 10곳 내돈내산 리얼     ,https://blog.naver.com/yj_9oo/224398580034,이번 글에는 경주 2박3일 여행 중 실제로 가본 맛집과 카페 10곳을 한 번에 정리해봤다  황리단길  감포  월정교  불국사 등까지 경주 시내와 해안을 오가며 다녔다  경주 여행은 시내 황리단길  대릉원    ,경주 2박3일 여행 직접 다녀온 현지 맛집 카페 10곳 내돈내산 리얼      이번 글에는 경주 2박3일 여행 중 실제로 가본 맛집과 카페 10곳을 한 번에 정리해봤다  황리단길  감포  월정교  불국사 등까지 경주 시내와 해안을 오가며 다녔다  경주 여행은 시내 황리단길  대릉원    
경주 여행,316,경주 여행 2    불국사와 석굴암,https://blog.naver.com/tjsn0201/224398424001,사실 이번 경주 여행에서 제일 기대했던 게 경주월드였는데 여행 내내 비가 와버림  그래서 오늘은 머하냐고요  기존 수학여행 컨셉에 맞춰 불국사와 석굴암을 보러 가기로 했읍니다  불국사 가는 길 발견한 그    ,경주 여행 2    불국사와 석굴암 사실 이번 경주 여행에서 제일 기대했던 게 경주월드였는데 여행 내내 비가 와버림  그래서 오늘은 머하냐고요  기존 수학여행 컨셉에 맞춰 불국사와 석굴암을 보러 가기로 했읍니다  불국사 가는 길 발견한 그    
경주 여행,317,경주 감포이견대카페  조용한 오션뷰와 반려견 동반 가능한 힐링 카    ,https://blog.naver.com/n2rang/224398784948,경주 여행 중 감포 해안도로를 따라가다 보면 자연스럽게 만나는 감포이견대카페  이름 그대로 경주    관광과 카페를 함께 즐길 수 있다는 점에서 경주 포항 여행 코스에 넣으면 만족도가 높을 것 같습니다     ,경주 감포이견대카페  조용한 오션뷰와 반려견 동반 가능한 힐링 카     경주 여행 중 감포 해안도로를 따라가다 보면 자연스럽게 만나는 감포이견대카페  이름 그대로 경주    관광과 카페를 함께 즐길 수 있다는 점에서 경주 포항 여행 코스에 넣으면 만족도가 높을 것 같습니다     
경주 여행,318,고기만 생각하고 갔는데 분위기까지 좋았던 대릉갈비  헐 진짜 솔찍    ,https://blog.naver.com/earn6805/224398781671,경주 황리단길에서 뭐 먹을지 한참 고민하다가 결국 대릉갈비로    길부터 경주 여행 느낌이 제대로 났음   나는 그날 혼자 돌아다니던    오히려 여행 중 한 장면처럼 기억에 남았음  식사하면서 주변을    ,고기만 생각하고 갔는데 분위기까지 좋았던 대릉갈비  헐 진짜 솔찍     경주 황리단길에서 뭐 먹을지 한참 고민하다가 결국 대릉갈비로    길부터 경주 여행 느낌이 제대로 났음   나는 그날 혼자 돌아다니던    오히려 여행 중 한 장면처럼 기억에 남았음  식사하면서 주변을    
경주 여행,319,경주 황리단길 신라제면   프롬상록 GOGO,https://blog.naver.com/sj4733/224398780869,20260816 일요일에 다녀온  경주여행  경주맛집  황리단길맛집  경주황리단길맛집추천  신라제면  신라제면경주 10 00 21 00 20 20 라스트오더  아침 10시 오픈인데 캐치테이블로 웨이팅을 걸었다  10 12에 걸었는데    ,경주 황리단길 신라제면   프롬상록 GOGO 20260816 일요일에 다녀온  경주여행  경주맛집  황리단길맛집  경주황리단길맛집추천  신라제면  신라제면경주 10 00 21 00 20 20 라스트오더  아침 10시 오픈인데 캐치테이블로 웨이팅을 걸었다  10 12에 걸었는데    
경주 여행,320,경주 대릉원 미디어아트 2026  9월 경주 가볼만한곳,https://blog.naver.com/daldal_hj/224398778607,천년의 시간을 간직한 대릉원의 고분과 빛  영상이 어우러지는 모습을 만나볼 수 있는 2026 국가유산 미디어아트 경주 대릉원  9월 경주 여행을 계획하고 있다면 경주 대릉원 미디어아트 일정을 참고해서 가을    ,경주 대릉원 미디어아트 2026  9월 경주 가볼만한곳 천년의 시간을 간직한 대릉원의 고분과 빛  영상이 어우러지는 모습을 만나볼 수 있는 2026 국가유산 미디어아트 경주 대릉원  9월 경주 여행을 계획하고 있다면 경주 대릉원 미디어아트 일정을 참고해서 가을    
경주 여행,321,경주여행 보문호 산책,https://blog.naver.com/nono1114/224398771675,,경주여행 보문호 산책 
경주 여행,322,경주  병과점 아시,https://blog.naver.com/hellodamme/224398766903,경주 여행 갔을때 좋았던 병과점 아시 후기입니당 병과점 아시 경주 포석로 1068번길 20 4 매일 11 00   18 00  경주병과점아시 황리단길 골목 사이로 들어오면 입구가 보여요 큰 길에서 도보 5 10분정도  걸리네용    ,경주  병과점 아시 경주 여행 갔을때 좋았던 병과점 아시 후기입니당 병과점 아시 경주 포석로 1068번길 20 4 매일 11 00   18 00  경주병과점아시 황리단길 골목 사이로 들어오면 입구가 보여요 큰 길에서 도보 5 10분정도  걸리네용    
경주 여행,323, 경주여행 3탄  바실라 카페 팥빙수 먹으러 갔다가 예쁜 풍경에 반    ,https://blog.naver.com/pppke123/224398765903,것만으로도 여행 온 기분이 제대로 나더라고요  흐린날씨였지만 그래도 나름 운치 있었어요  평소에    아니죠   바실라에서 여유롭게 쉬었으니 다음 목적지는 경주 황리단길    경주여행 4탄에서 만나요 , 경주여행 3탄  바실라 카페 팥빙수 먹으러 갔다가 예쁜 풍경에 반     것만으로도 여행 온 기분이 제대로 나더라고요  흐린날씨였지만 그래도 나름 운치 있었어요  평소에    아니죠   바실라에서 여유롭게 쉬었으니 다음 목적지는 경주 황리단길    경주여행 4탄에서 만나요 
경주 여행,324, 경주 여행 2편  황리단길 맛집 이사부피자 내돈내산 솔직후기  웨이    ,https://blog.naver.com/dbavs/224398559407,여행 와서까지 부지런히 골목골목을 누볐더니  아니나 다를까    힌트 들어갑니다  다음 경주 여행 3편에서는 배부르게 식사를 마치고 가볍게 산책할 겸 찾아간 특별한 경주의 명소 이야기를 가져올게요    , 경주 여행 2편  황리단길 맛집 이사부피자 내돈내산 솔직후기  웨이     여행 와서까지 부지런히 골목골목을 누볐더니  아니나 다를까    힌트 들어갑니다  다음 경주 여행 3편에서는 배부르게 식사를 마치고 가볍게 산책할 겸 찾아간 특별한 경주의 명소 이야기를 가져올게요    
경주 여행,325, 경주 경주여행 1일차   애플망고 빙수 맛집 후기   스테이550,https://blog.naver.com/ohkyoungmin/224389659539,특히 케이크를 단순히 매장에서 먹는 것뿐만 아니라 포장해서 숙소에서 즐기거나 여행 중 간식으로    황리단길빙수  경주여행  경주여행코스  경주가볼만한곳  경주데이트  경주핫플  경주맛집카페, 경주 경주여행 1일차   애플망고 빙수 맛집 후기   스테이550 특히 케이크를 단순히 매장에서 먹는 것뿐만 아니라 포장해서 숙소에서 즐기거나 여행 중 간식으로    황리단길빙수  경주여행  경주여행코스  경주가볼만한곳  경주데이트  경주핫플  경주맛집카페
경주 여행,326,소노캄 경주 맛집 조식 풀앤스파 솔직후기,https://blog.naver.com/da_zomii/224398754368,소노캄 경주 주말 여행이나 가족 단위 리조트를 찾고 계신 분들  여기 한번 보세요    소노캄 경주  경주 여행에서 리조트 숙소를 고민할 때 자주 나오는 이름이에요  풀앤스파에 조식까지 있고  반려견도    ,소노캄 경주 맛집 조식 풀앤스파 솔직후기 소노캄 경주 주말 여행이나 가족 단위 리조트를 찾고 계신 분들  여기 한번 보세요    소노캄 경주  경주 여행에서 리조트 숙소를 고민할 때 자주 나오는 이름이에요  풀앤스파에 조식까지 있고  반려견도    
경주 여행,327, 경주 숙소 추천  황리단길 가성비 숙소 가야미니호텔 온돌룸  아이    ,https://blog.naver.com/lucky-happy-/224398746394,정한 경주여행이라 숙소도 급하게 알아봤어요  성수기라 경주 숙박비가 생각보다 비싸서 황리단길과    이번 여행은 관광 일정이 많아 숙소에 오래 머물 계획은 없었기 때문에 가성비를 가장 중요하게 봤어요     , 경주 숙소 추천  황리단길 가성비 숙소 가야미니호텔 온돌룸  아이     정한 경주여행이라 숙소도 급하게 알아봤어요  성수기라 경주 숙박비가 생각보다 비싸서 황리단길과    이번 여행은 관광 일정이 많아 숙소에 오래 머물 계획은 없었기 때문에 가성비를 가장 중요하게 봤어요     
경주 여행,328,경주 황리단길 맛집 경주 먹방 경주대게닭강정 ,https://blog.naver.com/babulove09/224398746477,먹어보니 여행 중 간단하게 포장해서 숙소가서 먹어도되고 간식용으로 먹기에도 좋아서 꼭 한번    나도 먹어봤다   라는 뿌듯함을 안고 경주여행을 마무리를 했어요 경주에서만 즐길 수있는 먹거리라    ,경주 황리단길 맛집 경주 먹방 경주대게닭강정  먹어보니 여행 중 간단하게 포장해서 숙소가서 먹어도되고 간식용으로 먹기에도 좋아서 꼭 한번    나도 먹어봤다   라는 뿌듯함을 안고 경주여행을 마무리를 했어요 경주에서만 즐길 수있는 먹거리라    
경주 여행,329,경주 황리단길 밥집 아기랑 가기 좋은 식당 황남양옥,https://blog.naver.com/lifeisfullofdream/224398744990,함께 경주 여행을 다녀오면서 방문한 경주황리단길밥집  황남양옥  후기입니다  고풍스러운 한옥 외관과 레트로 감성의 내부  그리고 아이 배려가 인상 깊었던 곳이에요  감성적인 매장 분위기와 인테리어    ,경주 황리단길 밥집 아기랑 가기 좋은 식당 황남양옥 함께 경주 여행을 다녀오면서 방문한 경주황리단길밥집  황남양옥  후기입니다  고풍스러운 한옥 외관과 레트로 감성의 내부  그리고 아이 배려가 인상 깊었던 곳이에요  감성적인 매장 분위기와 인테리어    
경주 여행,330,경북여행코스   경주 가볼만한곳 기도성지 이색사찰 골굴사 추천  ft    ,https://blog.naver.com/mcp_jane/224398740231,경주 여행 가볼만한곳   골굴사  여행으로 채우는 삶  짱짱부부 부산토박이로 결혼 후에도 부산에    부산근교여행으로 경주는 수십번을 가봤다  그럼에도 가지 못한 곳이 있었으니  그곳이 바로  골굴사 다     ,경북여행코스   경주 가볼만한곳 기도성지 이색사찰 골굴사 추천  ft     경주 여행 가볼만한곳   골굴사  여행으로 채우는 삶  짱짱부부 부산토박이로 결혼 후에도 부산에    부산근교여행으로 경주는 수십번을 가봤다  그럼에도 가지 못한 곳이 있었으니  그곳이 바로  골굴사 다     
경주 여행,331,범외양간 황리단길본점 경주맛집  고소한 치즈규동에 반했어요 ,https://blog.naver.com/mmhh1212/224398740319,범외양간 황리단길본점은 단순한 경주맛집을 넘어  경주 여행의 필수 코스로 자리매김할 만한 곳이라고    후회하지 않으실 거예요  따뜻한 한 끼 식사가 여행의 즐거움을 더해줄 거예요   황리단길맛집  경주맛집,범외양간 황리단길본점 경주맛집  고소한 치즈규동에 반했어요  범외양간 황리단길본점은 단순한 경주맛집을 넘어  경주 여행의 필수 코스로 자리매김할 만한 곳이라고    후회하지 않으실 거예요  따뜻한 한 끼 식사가 여행의 즐거움을 더해줄 거예요   황리단길맛집  경주맛집
경주 여행,332,소노캄 경주 수영장 조식 강아지 객실 정리 보문관광단지 숙소,https://blog.naver.com/lovely_weekday/224398732597,경주 여행 숙소로 소노캄 경주를 고민 중이신 분들 많으시죠   보문관광단지 바로 옆에 있고 여기어때    방학 시즌이나 주말 여행을 계획 중이라면 미리 날짜 넣어보고 비교해보는 게 좋아요    소노캄 경주    ,소노캄 경주 수영장 조식 강아지 객실 정리 보문관광단지 숙소 경주 여행 숙소로 소노캄 경주를 고민 중이신 분들 많으시죠   보문관광단지 바로 옆에 있고 여기어때    방학 시즌이나 주말 여행을 계획 중이라면 미리 날짜 넣어보고 비교해보는 게 좋아요    소노캄 경주    
경주 여행,333,수학여행에서 돌아오지 못한 막내  8년 만에 떠난 네 모녀의  죽이는    ,https://blog.naver.com/kstarinside/224397996900,기도하는 여행이 아니라  죽이는  여행이라는 반전 제목만 보면 잔잔한 로드무비를 떠올리기 쉽습니다  경주라는 지명과  기행 이라는 단어가 나란히 붙으니  오래된 도시를 천천히 도는 조용한 여정을    ,수학여행에서 돌아오지 못한 막내  8년 만에 떠난 네 모녀의  죽이는     기도하는 여행이 아니라  죽이는  여행이라는 반전 제목만 보면 잔잔한 로드무비를 떠올리기 쉽습니다  경주라는 지명과  기행 이라는 단어가 나란히 붙으니  오래된 도시를 천천히 도는 조용한 여정을    
경주 여행,334,아이들의 웃음이 끊이지 않는 곳  경주키즈풀빌라 파미유 키즈펜션    ,https://blog.naver.com/ijivrqpqal149/224398725925,설레는 마음으로 향한 경주 여행 가족들과 함께 어떤 여행을 계획하면 좋을까 고민하다가 경북 경주시 새골길 49 33 파미유펜션으로 발걸음을 옮겨 보았어요  경주라는 도시는 언제 와도 참 고즈넉하고 편안한    ,아이들의 웃음이 끊이지 않는 곳  경주키즈풀빌라 파미유 키즈펜션     설레는 마음으로 향한 경주 여행 가족들과 함께 어떤 여행을 계획하면 좋을까 고민하다가 경북 경주시 새골길 49 33 파미유펜션으로 발걸음을 옮겨 보았어요  경주라는 도시는 언제 와도 참 고즈넉하고 편안한    
경주 여행,335,40대 퇴사 후 디지털노마드 일상   여행하고 일하고 루틴으로 중심잡    ,https://blog.naver.com/yoonviewlog/224398723659,지난주 생일 기념으로 즉흥 경주여행을 떠났다  집에서 경주까지 4시간이 걸리기 때문에 남편과 서로    우리와 함께 전국을 여행 다니는 뭉이는 이제 익숙한 듯 고속도로를 달리기만 하면 체념한 듯 바로 누워서    ,40대 퇴사 후 디지털노마드 일상   여행하고 일하고 루틴으로 중심잡     지난주 생일 기념으로 즉흥 경주여행을 떠났다  집에서 경주까지 4시간이 걸리기 때문에 남편과 서로    우리와 함께 전국을 여행 다니는 뭉이는 이제 익숙한 듯 고속도로를 달리기만 하면 체념한 듯 바로 누워서    
경주 여행,336,경주 외곽 대형카페 아레나피나  감포 브런치카페 빵굳 ,https://blog.naver.com/djawl0821/224398721729,경주 여행을 하면서 어디 카페를 가볼까 찾다가 해수욕장 바로 앞에 위치한 아레나피나에 다녀왔어요    생긴 지 얼마 되지 않은 곳이라 그런지 사람도 정말 많았고 가족 단위 방문객도 많아서 경주 가족여행 중    ,경주 외곽 대형카페 아레나피나  감포 브런치카페 빵굳  경주 여행을 하면서 어디 카페를 가볼까 찾다가 해수욕장 바로 앞에 위치한 아레나피나에 다녀왔어요    생긴 지 얼마 되지 않은 곳이라 그런지 사람도 정말 많았고 가족 단위 방문객도 많아서 경주 가족여행 중    
경주 여행,337,경주 여행 숙소 추천  성호리조트 특가 사우나 2인 무료 혜택,https://blog.naver.com/coss7536/224398720639,특히 역사와 문화가 살아 숨 쉬는 경주는 사계절 내내 사랑받는 국내 대표 여행지로  가족 단위 방문객이나 연인들의 데이트 코스로 늘 손꼽히는 곳입니다  경주 여행을 계획할 때 가장 중요한 부분 중 하나는    ,경주 여행 숙소 추천  성호리조트 특가 사우나 2인 무료 혜택 특히 역사와 문화가 살아 숨 쉬는 경주는 사계절 내내 사랑받는 국내 대표 여행지로  가족 단위 방문객이나 연인들의 데이트 코스로 늘 손꼽히는 곳입니다  경주 여행을 계획할 때 가장 중요한 부분 중 하나는    
경주 여행,338,경주 키즈풀빌라 아이가 숙소에서도 심심하지 않았던 솜다리 키즈    ,https://blog.naver.com/stack7594/224398719454, 경주키즈풀빌라  솜다리키즈풀빌라경주점  경주아이와가볼만한곳  경주가족펜션  경주키즈펜션  경주가족여행  경주숙소  경주여행  아이와경주여행  경주풀빌라,경주 키즈풀빌라 아이가 숙소에서도 심심하지 않았던 솜다리 키즈      경주키즈풀빌라  솜다리키즈풀빌라경주점  경주아이와가볼만한곳  경주가족펜션  경주키즈펜션  경주가족여행  경주숙소  경주여행  아이와경주여행  경주풀빌라
경주 여행,339,경주 여행 불국사 석가탑 다보탑 입장료 주차비 운영시간,https://blog.naver.com/xotjr9242/224398718996,포스팅은 경주 여행 필수 코스 중 하나인 불국사에 대해서 알아보도록 할게요 세계문화유산 불국사 저희 세대 땐 초등학교 수학여행 필수 코스 중 하나였던 곳이 바로 경주 불국사인데요 불국사에 대해서    ,경주 여행 불국사 석가탑 다보탑 입장료 주차비 운영시간 포스팅은 경주 여행 필수 코스 중 하나인 불국사에 대해서 알아보도록 할게요 세계문화유산 불국사 저희 세대 땐 초등학교 수학여행 필수 코스 중 하나였던 곳이 바로 경주 불국사인데요 불국사에 대해서    
경주 여행,340,건천 휴게소를 지나 대구   새소리  리레이데 브샤  신세계백화점,https://blog.naver.com/akswls1307/224398705275,studio   대구 신세계백화점   무화과 경주 여행 2박 3일 동안 우리의 숙소는  경주수수상라  예쁜       제주에서도 아니고 여행 중에 가야 해서 더 복잡했을 텐데 고마워 자자 옷 갈아입고 혼자 풍선 들고    ,건천 휴게소를 지나 대구   새소리  리레이데 브샤  신세계백화점 studio   대구 신세계백화점   무화과 경주 여행 2박 3일 동안 우리의 숙소는  경주수수상라  예쁜       제주에서도 아니고 여행 중에 가야 해서 더 복잡했을 텐데 고마워 자자 옷 갈아입고 혼자 풍선 들고    
경주 여행,341,경주 가성비 숙소부터 5성급 호텔까지 3곳 비교   할인쿠폰,https://blog.naver.com/baum9712/224398701994,경주 숙소 추천 3곳 가격비교 힐튼  소노캄 소노벨 감포 경주 여행을 준비하면서 가장 고민되는게 숙소인데요  같은 경주라도 보문관광단지와 감포는 여행 분위기부터 달라요  이번에는 보문관광단지에    ,경주 가성비 숙소부터 5성급 호텔까지 3곳 비교   할인쿠폰 경주 숙소 추천 3곳 가격비교 힐튼  소노캄 소노벨 감포 경주 여행을 준비하면서 가장 고민되는게 숙소인데요  같은 경주라도 보문관광단지와 감포는 여행 분위기부터 달라요  이번에는 보문관광단지에    
경주 여행,342,켄싱턴리조트 경주 특가 6일동안만 판매되는 159 900원 키즈 패키지,https://blog.naver.com/xlmoonlx/224398698807, 켄싱턴리조트경주  켄싱턴리조트  켄싱턴리조트특가  켄싱턴리조트할인  경주숙소  경주숙소추천  경주가족여행  경주아이와가볼만한곳  경주아이랑  경주여행  경주키즈호텔  경주호캉스  경주가을여행    ,켄싱턴리조트 경주 특가 6일동안만 판매되는 159 900원 키즈 패키지  켄싱턴리조트경주  켄싱턴리조트  켄싱턴리조트특가  켄싱턴리조트할인  경주숙소  경주숙소추천  경주가족여행  경주아이와가볼만한곳  경주아이랑  경주여행  경주키즈호텔  경주호캉스  경주가을여행    
경주 여행,343,9월 첫째 주 경주 가볼 만한 곳  도자기축제부터 대릉원 미디어아트    ,https://blog.naver.com/hisuk6336/224398695888, 경주여행  경주가볼만한곳  경주주말여행  경주행사  경주축제  경주도자기축제  첨성대  대릉원미디어아트  경주문화관1918  천북면  경주가족여행  경주독채펜션  경주펜션유휴정,9월 첫째 주 경주 가볼 만한 곳  도자기축제부터 대릉원 미디어아트      경주여행  경주가볼만한곳  경주주말여행  경주행사  경주축제  경주도자기축제  첨성대  대릉원미디어아트  경주문화관1918  천북면  경주가족여행  경주독채펜션  경주펜션유휴정
경주 여행,344,경주 가족여행 숙소 추천 소노캄 풀앤스파 수영장 할인 팁,https://blog.naver.com/yhluna0228/224398694286,소노캄 경주 할인 팁 9월 추석연휴 10월 연휴 가족여행으로 경주 여행 숙소 알아보다가 요즘 풀앤스파 수영장으로 인기가 특히 많은 소노캄 경주가 눈에 딱 들어왔다  보문호수 바로 앞에 있어서 산책하기도    ,경주 가족여행 숙소 추천 소노캄 풀앤스파 수영장 할인 팁 소노캄 경주 할인 팁 9월 추석연휴 10월 연휴 가족여행으로 경주 여행 숙소 알아보다가 요즘 풀앤스파 수영장으로 인기가 특히 많은 소노캄 경주가 눈에 딱 들어왔다  보문호수 바로 앞에 있어서 산책하기도    
경주 여행,345,부산 경주여행 영화체험박물관 168계단 경주야시장 20191219 22,https://blog.naver.com/aso1416/224398689679,이곳은 경주 야시장 숙소 잡는데 마땅한 곳이 없어서 옛날 민박집 같은       방하나에서 옹기종기 이불깔고 모여 자는 곳  일단 야시장 유명하다니까 나와봐요 사각 용기에 내가 원하는 집 가서 구매하면    ,부산 경주여행 영화체험박물관 168계단 경주야시장 20191219 22 이곳은 경주 야시장 숙소 잡는데 마땅한 곳이 없어서 옛날 민박집 같은       방하나에서 옹기종기 이불깔고 모여 자는 곳  일단 야시장 유명하다니까 나와봐요 사각 용기에 내가 원하는 집 가서 구매하면    
경주 여행,346,황리단길 맛집 경주 초밥 추천 일식 참치향 후기,https://blog.naver.com/wlgml3237/224398684020,오늘은 제가 경주 여행을 하면서 발견한 맛집을 소개해드리려고 해요  바로 황리단길 참치향인데요  참치향 경주에 가면 무조건 들르는    무거운 짐을 들고 오래 걷지 않아도 돼서 여행객들에게 완전    ,황리단길 맛집 경주 초밥 추천 일식 참치향 후기 오늘은 제가 경주 여행을 하면서 발견한 맛집을 소개해드리려고 해요  바로 황리단길 참치향인데요  참치향 경주에 가면 무조건 들르는    무거운 짐을 들고 오래 걷지 않아도 돼서 여행객들에게 완전    
경주 여행,347,경주 황리단길 신상 카페 추천 크레이프롤 맛집 햇오프커피 후기,https://blog.naver.com/qowlgml802/224398683309,안녕하세요  지히입니다  경주 여행 중 잠시 쉬어갈 카페를 찾다가 오픈한 지 얼마 안 된 경주 신상카페 햇오프커피에 다녀왔습니다  황리단길 메인 거리에서 조금 벗어난 골목에 위치해 있어서 한적한    ,경주 황리단길 신상 카페 추천 크레이프롤 맛집 햇오프커피 후기 안녕하세요  지히입니다  경주 여행 중 잠시 쉬어갈 카페를 찾다가 오픈한 지 얼마 안 된 경주 신상카페 햇오프커피에 다녀왔습니다  황리단길 메인 거리에서 조금 벗어난 골목에 위치해 있어서 한적한    
경주 여행,348,경주보문단지독채펜션 경주보문단지수영장펜션 뉴더안펜션에서 즐    ,https://blog.naver.com/qkrqh0728/224398679847,보문관광단지와 함께 둘러보기 좋은 경주 경주 여행에서 빼놓기 어려운 곳이 바로 보문관광단지죠  뉴더안펜션을 중심으로 여행 일정을 잡는다면 보문관광단지의 다양한 볼거리와 주변 관광지를 함께 둘러보는    ,경주보문단지독채펜션 경주보문단지수영장펜션 뉴더안펜션에서 즐     보문관광단지와 함께 둘러보기 좋은 경주 경주 여행에서 빼놓기 어려운 곳이 바로 보문관광단지죠  뉴더안펜션을 중심으로 여행 일정을 잡는다면 보문관광단지의 다양한 볼거리와 주변 관광지를 함께 둘러보는    
경주 여행,349,경주 콩국수 맛집 추천 황리단길 근처 현지인 맛집 홍두깨국시 후기,https://blog.naver.com/qowlgml802/224398678307,안녕하세요  지히입니다  이번 경주 여행에서 첫 점심으로 경주 콩국수 맛집 홍두깨국시에    황리단길에서도 차로 약 5분 정도라 여행 중 점심 먹기에도 부담 없는 거리였습니다  저희는 토요일 오후 12시가    ,경주 콩국수 맛집 추천 황리단길 근처 현지인 맛집 홍두깨국시 후기 안녕하세요  지히입니다  이번 경주 여행에서 첫 점심으로 경주 콩국수 맛집 홍두깨국시에    황리단길에서도 차로 약 5분 정도라 여행 중 점심 먹기에도 부담 없는 거리였습니다  저희는 토요일 오후 12시가    
경주 여행,350,경주 여행  경주 맛집  이사부 피자,https://ggumosi.tistory.com/2004,오늘은  경주여행  경주맛집  이사부피자 이야기 함께해요  경주 여행 경주 가볼만한곳  첨성대 그리고    꿈꾸는 모래시계  꿈모 ggumosi tistory com  경주 로 여름휴가를 다녀온 꿈부부  모든 여행의 첫 일정은      ,경주 여행  경주 맛집  이사부 피자 오늘은  경주여행  경주맛집  이사부피자 이야기 함께해요  경주 여행 경주 가볼만한곳  첨성대 그리고    꿈꾸는 모래시계  꿈모 ggumosi tistory com  경주 로 여름휴가를 다녀온 꿈부부  모든 여행의 첫 일정은      
경주 여행,351, 경주여행 2탄  엄마랑 조카들이랑 경주 원더스페이스 게임부터 포    ,https://blog.naver.com/pppke123/224398675239,게임만 하는 공간인 줄 알았는데 이렇게 사진 찍을 수 있는 공간까지 있어서 아이들과 여행 온 기분을    꼬집어본 경주 원더스페이스 후기였습니다   경주여행 3탄 고고     경주여행 1탄 보러가기 , 경주여행 2탄  엄마랑 조카들이랑 경주 원더스페이스 게임부터 포     게임만 하는 공간인 줄 알았는데 이렇게 사진 찍을 수 있는 공간까지 있어서 아이들과 여행 온 기분을    꼬집어본 경주 원더스페이스 후기였습니다   경주여행 3탄 고고     경주여행 1탄 보러가기 
경주 여행,352,1박2일 경주여행 준비와 출발  숙소예약 일정표짜기 준비물챙기기     ,https://blog.naver.com/euna_adoreyou/224398674094,이번 여행 테마   수영   리프레쉬 경주 즐길거리가 너무 많았다 플래시백 계림 천년숲정원 불국사    후회했다 경주는 햇빛이 쨍쨍이었다 눈이 부셨다 그러고 최종 경주여행 1박2일 실행일정표 최종의    ,1박2일 경주여행 준비와 출발  숙소예약 일정표짜기 준비물챙기기      이번 여행 테마   수영   리프레쉬 경주 즐길거리가 너무 많았다 플래시백 계림 천년숲정원 불국사    후회했다 경주는 햇빛이 쨍쨍이었다 눈이 부셨다 그러고 최종 경주여행 1박2일 실행일정표 최종의    
경주 여행,353,소노캄 경주 최저가 예약팁 가을 경주 여행 솔직 후기,https://blog.naver.com/2kids_travel/224398666340,경주의 가을은 정말 최고 였어요  여행하기 딱 좋은 날씨였고 노을이나 풍경등이 정말 예쁩니다  벌써 몇번째 가을 경주여행인지 모르겠어요  객실 상태 리모델링이 되어 있어서 인테리어가 깔끔하고 세련된    ,소노캄 경주 최저가 예약팁 가을 경주 여행 솔직 후기 경주의 가을은 정말 최고 였어요  여행하기 딱 좋은 날씨였고 노을이나 풍경등이 정말 예쁩니다  벌써 몇번째 가을 경주여행인지 모르겠어요  객실 상태 리모델링이 되어 있어서 인테리어가 깔끔하고 세련된    
경주 여행,354,경주 감포 맛집 갈매기 횟집 바다 보며 먹는 푸짐한 회와 해산물 한    ,https://blog.naver.com/kshyunju/224398435985,일상을 여행처럼  삶은 여행입니다  경주 여행 마지막 날 점심으로 선택한 곳 경주 감포 바닷가  갈매기 횟집 입니다  방문일은 2026 8 23  일 입니다  내돈내산  또 가고 싶은 곳만 리뷰해요  경주 숙소    ,경주 감포 맛집 갈매기 횟집 바다 보며 먹는 푸짐한 회와 해산물 한     일상을 여행처럼  삶은 여행입니다  경주 여행 마지막 날 점심으로 선택한 곳 경주 감포 바닷가  갈매기 횟집 입니다  방문일은 2026 8 23  일 입니다  내돈내산  또 가고 싶은 곳만 리뷰해요  경주 숙소    
경주 여행,355,경주 황리단길 맛집 옥포554  고기 먹으러 갔다가 주류 냉장고에 깜    ,https://blog.naver.com/daylog_trip/224398661171,경주 여행을 가면 황리단길에서 예쁜 카페나 맛집을 찾게 되는데요     있는 경주 새마을금고 고객 전용 주차장을 이용하면 되는 것으로 안내받아 이용했습니다  황리단길 쪽은 아무래도 여행객이 많이 몰리는    ,경주 황리단길 맛집 옥포554  고기 먹으러 갔다가 주류 냉장고에 깜     경주 여행을 가면 황리단길에서 예쁜 카페나 맛집을 찾게 되는데요     있는 경주 새마을금고 고객 전용 주차장을 이용하면 되는 것으로 안내받아 이용했습니다  황리단길 쪽은 아무래도 여행객이 많이 몰리는    
경주 여행,356, 경주 기념품  경주 황리단길 경주빵  경주얼굴빵 황리단길맛집      ,https://blog.naver.com/alswn99477/224398659422,황리단길을 여유롭게 걷다 보면 사람들이 줄을 서 있는 곳이 눈에 띄는데 요즘은 경주빵 말고 경주얼굴빵 경주여행가면 꼭 사야할 빵이에요 왜냐하면    대릉원빵으로 유명한 경주얼굴빵 들고 대릉원 앞에서    , 경주 기념품  경주 황리단길 경주빵  경주얼굴빵 황리단길맛집       황리단길을 여유롭게 걷다 보면 사람들이 줄을 서 있는 곳이 눈에 띄는데 요즘은 경주빵 말고 경주얼굴빵 경주여행가면 꼭 사야할 빵이에요 왜냐하면    대릉원빵으로 유명한 경주얼굴빵 들고 대릉원 앞에서    
경주 여행,357,상다리 부러지는 조식에 반한 경주  석굴암한옥 펜션  후기,https://blog.naver.com/mingming_337/224398657589,안녕하세요  0 지난 7월 경주 여행 중 하루는 시내를 벗어나 자연 속에서 조용히 쉬고 싶어서 검색하다 발견한 곳  경주 석굴암한옥 펜션에 다녀왔어요  결론부터 말하면 이번 여행에서 가장 만족스러웠던    ,상다리 부러지는 조식에 반한 경주  석굴암한옥 펜션  후기 안녕하세요  0 지난 7월 경주 여행 중 하루는 시내를 벗어나 자연 속에서 조용히 쉬고 싶어서 검색하다 발견한 곳  경주 석굴암한옥 펜션에 다녀왔어요  결론부터 말하면 이번 여행에서 가장 만족스러웠던    
경주 여행,358,황리단길맛집 맥반 숯불떡갈비 더덕구이 경주 한식 맛집,https://blog.naver.com/keingirl/224398653169,황리단길맛집추천  경주황리단길맛집  황리단길맥반  맥반  경주맥반  황리단길떡갈비  경주떡갈비  경주데이트  경주데이트맛집  황리단길데이트  경주여행  황리단길여행  경주가볼만한곳  경주부부여행,황리단길맛집 맥반 숯불떡갈비 더덕구이 경주 한식 맛집 황리단길맛집추천  경주황리단길맛집  황리단길맥반  맥반  경주맥반  황리단길떡갈비  경주떡갈비  경주데이트  경주데이트맛집  황리단길데이트  경주여행  황리단길여행  경주가볼만한곳  경주부부여행
경주 여행,359,경주 황리단길 한식 맛집 한다솥 경주점 화덕생선구이 한상,https://blog.naver.com/yootoome0/224398653781,덕분에 여행의 피로가 사르르 풀리는 저녁 식사였다  부모님이나 아이와 함께 가도 모두가 배부르게 즐길 수 있어 경주 여행 중 정성 가득한 한 끼가 생각날 때 들르기 참 좋은 곳이다  경주 분위기 가득한    ,경주 황리단길 한식 맛집 한다솥 경주점 화덕생선구이 한상 덕분에 여행의 피로가 사르르 풀리는 저녁 식사였다  부모님이나 아이와 함께 가도 모두가 배부르게 즐길 수 있어 경주 여행 중 정성 가득한 한 끼가 생각날 때 들르기 참 좋은 곳이다  경주 분위기 가득한    
경주 여행,360,경주 황리단길 숙소 호텔미온 뚜벅이 여행에 좋았던 조식 포함 신    ,https://blog.naver.com/soon-z/224398653536,이번 경주 여행에서 숙소 하나 잘 잡았더니 1박 2일 동선이 정말 편해지더라고요  이번에 묵었던 곳은    특히 경주 뚜벅이 여행 숙소를 찾는 분들에게 괜찮겠다 싶었어요  객실도 화이트 우드톤으로 깔끔했고    ,경주 황리단길 숙소 호텔미온 뚜벅이 여행에 좋았던 조식 포함 신     이번 경주 여행에서 숙소 하나 잘 잡았더니 1박 2일 동선이 정말 편해지더라고요  이번에 묵었던 곳은    특히 경주 뚜벅이 여행 숙소를 찾는 분들에게 괜찮겠다 싶었어요  객실도 화이트 우드톤으로 깔끔했고    
경주 여행,361,경주박물관 도슨트 경주여행스토리 어렵지 않게 역사 이야기 들은     ,https://blog.naver.com/2uchan_/224398646470,경주박물관 도슨트는 아이가 흥미를 보이는 유물을 중심으로 설명을 이어갈 수 있다는 점이 마음에    아이와 경주에서 역사 공간을 둘러볼 계획이라면 무조건 많이 보는 것보다 아이가 궁금해하는 부분을    ,경주박물관 도슨트 경주여행스토리 어렵지 않게 역사 이야기 들은      경주박물관 도슨트는 아이가 흥미를 보이는 유물을 중심으로 설명을 이어갈 수 있다는 점이 마음에    아이와 경주에서 역사 공간을 둘러볼 계획이라면 무조건 많이 보는 것보다 아이가 궁금해하는 부분을    
경주 여행,362,경주 대릉원뷰 돌담길 감성카페 슬랩트,https://blog.naver.com/one_ordinary_day/224398647377,경주 여행을 갈 때마다 꼭 한번씩 가보게되는 곳이 황리단길과    2026년 8월 11일 방문 내돈내산 경주 카페 슬랩트 영업 정보 슬랩트    복잡했던 여행 일정도 잠시 멈추는 기분이 들었습니다  황리단길을 걷다가    ,경주 대릉원뷰 돌담길 감성카페 슬랩트 경주 여행을 갈 때마다 꼭 한번씩 가보게되는 곳이 황리단길과    2026년 8월 11일 방문 내돈내산 경주 카페 슬랩트 영업 정보 슬랩트    복잡했던 여행 일정도 잠시 멈추는 기분이 들었습니다  황리단길을 걷다가    
경주 여행,363,독일 부부와 함께한 안동시티투어 4가지 특별한 순간,https://blog.naver.com/andong-city-tour/224398644205,경주여행을 즐기시던 독일 부부에게 연락이 왔어요  왓츠앱을 통해 갑작스럽게 안동 여행을 예약하셨어요   급하게 잡힌 일정이었지만 결과는 참 알찬 하루였답니다  이번 안동시티투어에서는 영어 안내    ,독일 부부와 함께한 안동시티투어 4가지 특별한 순간 경주여행을 즐기시던 독일 부부에게 연락이 왔어요  왓츠앱을 통해 갑작스럽게 안동 여행을 예약하셨어요   급하게 잡힌 일정이었지만 결과는 참 알찬 하루였답니다  이번 안동시티투어에서는 영어 안내    
경주 여행,364,경주 2박 3일 엄마랑 여행 26 08 15 17 3편 가마솥 족발 웨이팅 월정제과    ,https://blog.naver.com/qpwwkddl_/224398644842,com qpwwkddl  224395891149   경주 여행 2일차 시작합니다  오늘 날씨는 계속 비    하지만 덥지 않으니까 오히려 좋아  라고 세뇌하면서 아점 먹으러 갑니다  경주 오면 꼭 먹어보고 싶었던 곳    가마솥 족발     화    ,경주 2박 3일 엄마랑 여행 26 08 15 17 3편 가마솥 족발 웨이팅 월정제과     com qpwwkddl  224395891149   경주 여행 2일차 시작합니다  오늘 날씨는 계속 비    하지만 덥지 않으니까 오히려 좋아  라고 세뇌하면서 아점 먹으러 갑니다  경주 오면 꼭 먹어보고 싶었던 곳    가마솥 족발     화    
경주 여행,365,경주 별자리캠핑랜드 글램핑 후기  아이와 수영장은 좋았지만 시설    ,https://blog.naver.com/traveldaddyj/224398627808,안녕하세요 여행아빠J입니다  갈증해소 헛개수 1 5L 12개입 투스타몰 naver me 아이들과 여름 경주여행을 하면서 이번에는 호텔이나 펜션 대신 경주 별자리캠핑랜드 글램핑을 이용했습니다   저희가 방문한 시기는    ,경주 별자리캠핑랜드 글램핑 후기  아이와 수영장은 좋았지만 시설     안녕하세요 여행아빠J입니다  갈증해소 헛개수 1 5L 12개입 투스타몰 naver me 아이들과 여름 경주여행을 하면서 이번에는 호텔이나 펜션 대신 경주 별자리캠핑랜드 글램핑을 이용했습니다   저희가 방문한 시기는    
경주 여행,366,경주기행 영화 팝콘주의,https://blog.naver.com/sopia07ksj/224398621557,스포주의    팝콘주의 오랜만에 영화보고 왔더염 경주기행 범죄2026김미조 이동진 평론가는 3점 줬어요 저는 2점 줄게요  10점 만점  솔지키 말하면 그냥 경주 여행가는게 더 재밌을 것 같아요 사실 팝콘    ,경주기행 영화 팝콘주의 스포주의    팝콘주의 오랜만에 영화보고 왔더염 경주기행 범죄2026김미조 이동진 평론가는 3점 줬어요 저는 2점 줄게요  10점 만점  솔지키 말하면 그냥 경주 여행가는게 더 재밌을 것 같아요 사실 팝콘    
경주 여행,367,경주키즈풀빌라 속에서 아이들과 함께 그려본 따뜻한 풍경,https://blog.naver.com/f3mun20i4/224398612647,설레는 마음으로 시작한 경주 여행 어느덧 아이들과 함께하는 시간이 가장 소중한 일상이 되었어요     소중한 추억을 간직하며 경주풀빌라 여행을 계획하면서 가장 중요하게 생각했던 것은 아이들과의 온전한    ,경주키즈풀빌라 속에서 아이들과 함께 그려본 따뜻한 풍경 설레는 마음으로 시작한 경주 여행 어느덧 아이들과 함께하는 시간이 가장 소중한 일상이 되었어요     소중한 추억을 간직하며 경주풀빌라 여행을 계획하면서 가장 중요하게 생각했던 것은 아이들과의 온전한    
경주 여행,368,경주 황리단길 빵투어 녹음제과 테이블링 주말 웨이팅 후기 내돈내    ,https://blog.naver.com/k_summer_2/224398608892,경주여행갔다가 친구가 웨이팅 개쩌는 집 있다고 해서 못참고 바로 트라이 영업시간이 무려   일요일 하루 너무 믓져   방문날짜   26 08 29 일  메뉴 소개도 아주 간단함   빵   아주 멋져  테이블링 10시    ,경주 황리단길 빵투어 녹음제과 테이블링 주말 웨이팅 후기 내돈내     경주여행갔다가 친구가 웨이팅 개쩌는 집 있다고 해서 못참고 바로 트라이 영업시간이 무려   일요일 하루 너무 믓져   방문날짜   26 08 29 일  메뉴 소개도 아주 간단함   빵   아주 멋져  테이블링 10시    
경주 여행,369,경주 라원 미디어아트 입장료 할인 주차장까지 직접 다녀온 후기,https://blog.naver.com/as00131/224398589830,라원 주차장 여행할 때 은근히 신경 쓰이는 게 주차잖아요  라원은 전용 주차장이 마련되어 있어요     10 000원   경주시민 울산 포항 시민  7 000원 경주 여행하면서 새로운 미디어아트 전시를 찾고 있다면    ,경주 라원 미디어아트 입장료 할인 주차장까지 직접 다녀온 후기 라원 주차장 여행할 때 은근히 신경 쓰이는 게 주차잖아요  라원은 전용 주차장이 마련되어 있어요     10 000원   경주시민 울산 포항 시민  7 000원 경주 여행하면서 새로운 미디어아트 전시를 찾고 있다면    
경주 여행,370,가족 여행의 완성  뉴밸리 키즈풀빌라에서 찾은 힐링 시간,https://blog.naver.com/cljamcmlfe316/224398587418,설렘 가득 안고 떠난 경주 여행 경주로 향하는 길은 언제나 마음을 두근거리게 해요     아이들과 함께하는 여행이라 숙소 선택에 고민이 정말 많았는데요  이번에 선택한 곳은 경북 경주시 새골길 49 89 뉴밸리    ,가족 여행의 완성  뉴밸리 키즈풀빌라에서 찾은 힐링 시간 설렘 가득 안고 떠난 경주 여행 경주로 향하는 길은 언제나 마음을 두근거리게 해요     아이들과 함께하는 여행이라 숙소 선택에 고민이 정말 많았는데요  이번에 선택한 곳은 경북 경주시 새골길 49 89 뉴밸리    
경주 여행,371,경주여행 소노캄 경주 조식 뷔페 셰프스 키친 담음,https://blog.naver.com/nono1114/224398579067,  소노캄 경주 지하 1층 조식 뷔페  투숙 하루 전 미리 1부  2부 중에 선택 예약  식사시간은 1시간 30분    음식 가짓수가 꽤나 많은 편    창가 자리는 인기가 많아 일찍 방문해야 앉을 수 있다    가격대가    ,경주여행 소노캄 경주 조식 뷔페 셰프스 키친 담음   소노캄 경주 지하 1층 조식 뷔페  투숙 하루 전 미리 1부  2부 중에 선택 예약  식사시간은 1시간 30분    음식 가짓수가 꽤나 많은 편    창가 자리는 인기가 많아 일찍 방문해야 앉을 수 있다    가격대가    
경주 여행,372,경주여행 경주카페 경주어마무시 경주맛집 일일시호다 경주오차즈    ,https://blog.naver.com/jjwjyn/224398574186,티라미수가 존맛이라는 경주어마무시 계획이 없던 오후 방문이라 지인 추천대로 움직임 다양하게    일본 여행 못 가긋다   라멘도 오차즈케도 내 입맛에 안 맞음 그나마 연어보다는 고등어 오차즈케가    ,경주여행 경주카페 경주어마무시 경주맛집 일일시호다 경주오차즈     티라미수가 존맛이라는 경주어마무시 계획이 없던 오후 방문이라 지인 추천대로 움직임 다양하게    일본 여행 못 가긋다   라멘도 오차즈케도 내 입맛에 안 맞음 그나마 연어보다는 고등어 오차즈케가    
경주 여행,373,9월 경주 여행코스 추천 경주국립박물관부터 가볼만한 곳,https://blog.naver.com/tripinstyle/224398568688,경 주 9월 경주 여행코스 추천 경주국립박물관부터 가볼만한 곳   글 구성 새론데 9월의 가을도 살짝 덥지만 여름보다는 경주 여행하기 좋은 계절이에요  저는 초등학생 아들과 가족여행으로 경주의 인기    ,9월 경주 여행코스 추천 경주국립박물관부터 가볼만한 곳 경 주 9월 경주 여행코스 추천 경주국립박물관부터 가볼만한 곳   글 구성 새론데 9월의 가을도 살짝 덥지만 여름보다는 경주 여행하기 좋은 계절이에요  저는 초등학생 아들과 가족여행으로 경주의 인기    
경주 여행,374,경주여행 필수코스  동궁과 월지  야경 데이트   주차장  포토존 꿀    ,https://blog.naver.com/hottae_19/224398568381,경주 여행 2일차   낮엔 남해 바다에서 스노쿨링 즐기고 밤에 산책    동궁과 월지 주소 경북 경주시 원화로 102 안압지 입장료 어른 개인    여행지에 가면 늘 사람 많은 곳  유명한 곳만 가기 바빴는데 요런    ,경주여행 필수코스  동궁과 월지  야경 데이트   주차장  포토존 꿀     경주 여행 2일차   낮엔 남해 바다에서 스노쿨링 즐기고 밤에 산책    동궁과 월지 주소 경북 경주시 원화로 102 안압지 입장료 어른 개인    여행지에 가면 늘 사람 많은 곳  유명한 곳만 가기 바빴는데 요런    
경주 여행,375,경주 호텔 넘버25호텔 경주시청점 구매한 이유,https://blog.naver.com/yc5r6lj8pm8rppf/224398568111,경주 호텔 넘버25호텔 경주시청점 구매한 이유 요즘 경주 여행 준비하면서 숙소 선택에 고민이    주변에 식당과 편의시설이 많아 여행 일정에 딱 맞았어요     3위   두바퀴 게스트하우스 3  두바퀴    ,경주 호텔 넘버25호텔 경주시청점 구매한 이유 경주 호텔 넘버25호텔 경주시청점 구매한 이유 요즘 경주 여행 준비하면서 숙소 선택에 고민이    주변에 식당과 편의시설이 많아 여행 일정에 딱 맞았어요     3위   두바퀴 게스트하우스 3  두바퀴    
경주 여행,376,교촌마을한옥펜션 경주 황리단길 한옥스테이 재매정 고즈넉한 경주    ,https://blog.naver.com/dldusdn0725/224398563455,천년의 역사와 아름다운 풍경이 공존하는 경주 여행 경주를 찾는다면 관광지만 둘러보는 것보다 경주다운 분위기를 느낄 수 있는 한옥 숙소에서 머물러보는 것도 여행의 즐거움을 더해주는 방법인데요   이번에    ,교촌마을한옥펜션 경주 황리단길 한옥스테이 재매정 고즈넉한 경주     천년의 역사와 아름다운 풍경이 공존하는 경주 여행 경주를 찾는다면 관광지만 둘러보는 것보다 경주다운 분위기를 느낄 수 있는 한옥 숙소에서 머물러보는 것도 여행의 즐거움을 더해주는 방법인데요   이번에    
경주 여행,377,경주 황리단길 소고기 맛집 찾는다면  교리숯불갈비에서 소금구이    ,https://blog.naver.com/yejirla_97/224398563116,경주 여행을 가면 황리단길에서 맛있는 거 하나쯤은 꼭 먹게 되잖아요   이번에는    특히 경주 황리단길 소고기를 찾는 분들이라면 고기 맛도 중요하지만 여행 중 분위기까지 같이 즐길 수 있는 곳을 찾게 되는데    ,경주 황리단길 소고기 맛집 찾는다면  교리숯불갈비에서 소금구이     경주 여행을 가면 황리단길에서 맛있는 거 하나쯤은 꼭 먹게 되잖아요   이번에는    특히 경주 황리단길 소고기를 찾는 분들이라면 고기 맛도 중요하지만 여행 중 분위기까지 같이 즐길 수 있는 곳을 찾게 되는데    
경주 여행,378, 경주 맛집  성동시장 원조 우엉김밥  보배김밥 ,https://blog.naver.com/youngmi1982/224398562574,공영 주차장  경주맛집  성동시장맛집  우엉김밥  보배김밥  경주김밥맛집  시장김밥  생활의달인맛집  백반기행맛집  경주여행코스  경주먹거리  줄서는맛집  단짠단짠  우엉조림맛집  경주가볼만한곳  내돈내산, 경주 맛집  성동시장 원조 우엉김밥  보배김밥  공영 주차장  경주맛집  성동시장맛집  우엉김밥  보배김밥  경주김밥맛집  시장김밥  생활의달인맛집  백반기행맛집  경주여행코스  경주먹거리  줄서는맛집  단짠단짠  우엉조림맛집  경주가볼만한곳  내돈내산
경주 여행,379, 경주  BUSH,https://blog.naver.com/wodrhfksl/224398559098,1 8 BUSH 부쉬 경주 여행을 갔다가 너무 마음에 드는 카페를 발견했어요 경주 시내 골목 사이에 있어서 가다 보면 이런 곳에 그런 카페가 있다고  하는 생각이 들더라구요    대릉원 옆이라 구경하시고    , 경주  BUSH 1 8 BUSH 부쉬 경주 여행을 갔다가 너무 마음에 드는 카페를 발견했어요 경주 시내 골목 사이에 있어서 가다 보면 이런 곳에 그런 카페가 있다고  하는 생각이 들더라구요    대릉원 옆이라 구경하시고    
경주 여행,380,경주풀빌라 경주독채풀빌라 제네시스 경주신상펜션 경주감성숙소    ,https://blog.naver.com/crcr889977/224398551701,경주 여행 계획하고 계신가요  얼마 전에 일상에 지쳐서 힐링이 정말 간절하게 필요하던 차에  인스타랑    결과적으로 너무 만족한 힐링여행이었어요  경주풀빌라 중에서도 이렇게 우주선 형태의    ,경주풀빌라 경주독채풀빌라 제네시스 경주신상펜션 경주감성숙소     경주 여행 계획하고 계신가요  얼마 전에 일상에 지쳐서 힐링이 정말 간절하게 필요하던 차에  인스타랑    결과적으로 너무 만족한 힐링여행이었어요  경주풀빌라 중에서도 이렇게 우주선 형태의    
경주 여행,381,경주 감성 느끼며 막걸리 한 잔  황리단길 술집  계림주막,https://blog.naver.com/ph_theflower/224398543604,한옥 주점에서 전골과 전을 곁들여 막걸리를 즐길 수 있어 이번 여행의 저녁 코스로 골랐어요  가족과    경주 감성 속에서 즐긴 든든한 한 잔 아이와 신랑이랑 경주 여행 중 밥도 먹고 술도 한잔하려고 찾은    ,경주 감성 느끼며 막걸리 한 잔  황리단길 술집  계림주막 한옥 주점에서 전골과 전을 곁들여 막걸리를 즐길 수 있어 이번 여행의 저녁 코스로 골랐어요  가족과    경주 감성 속에서 즐긴 든든한 한 잔 아이와 신랑이랑 경주 여행 중 밥도 먹고 술도 한잔하려고 찾은    
경주 여행,382,경주 보문단지 맛집 효은옥 경주본점 미나리 소갈비전골 현지 맛집,https://blog.naver.com/rmaqlc471/224398536396,경주분점 이었습니다     효은옥  효은옥경주본점  경주효은옥  경주맛집  경주현지인맛집  경주보문단지맛집  경주보문맛집  경주여행맛집  경주여행  경주가볼만한곳  경주한식맛집  경주소갈비    ,경주 보문단지 맛집 효은옥 경주본점 미나리 소갈비전골 현지 맛집 경주분점 이었습니다     효은옥  효은옥경주본점  경주효은옥  경주맛집  경주현지인맛집  경주보문단지맛집  경주보문맛집  경주여행맛집  경주여행  경주가볼만한곳  경주한식맛집  경주소갈비    
경주 여행,383,소노캄 경주 풀앤스파 가격  겨울 가족여행 예약 할인 팁,https://blog.naver.com/ee__ve/224398535984,소노캄 경주는 단순히 경주에서 하루 숙박할 곳을 찾는 경우보다 가족이나 부모님과 함께 조금 더 여유롭게 여행하고 싶은 분들에게 잘 맞는 선택지라고 생각해요  특히 겨울 경주 여행이라면 관광만    ,소노캄 경주 풀앤스파 가격  겨울 가족여행 예약 할인 팁 소노캄 경주는 단순히 경주에서 하루 숙박할 곳을 찾는 경우보다 가족이나 부모님과 함께 조금 더 여유롭게 여행하고 싶은 분들에게 잘 맞는 선택지라고 생각해요  특히 겨울 경주 여행이라면 관광만    
경주 여행,384,강아지와 경주 여행  리포소애견동반풀빌라에서 찾은 힐링 모먼트,https://blog.naver.com/n4hiyuehb/224398534879,설레는 마음으로 향한 경주 여행 반려견과 함께하는 여행은 준비부터가 설렘 그 자체죠  이번에는 경북 경주시 외동읍 토함산로 41 6 리포소애견동반풀빌라 로 가족 같은 우리 아이와 다녀왔어요  경주라는    ,강아지와 경주 여행  리포소애견동반풀빌라에서 찾은 힐링 모먼트 설레는 마음으로 향한 경주 여행 반려견과 함께하는 여행은 준비부터가 설렘 그 자체죠  이번에는 경북 경주시 외동읍 토함산로 41 6 리포소애견동반풀빌라 로 가족 같은 우리 아이와 다녀왔어요  경주라는    
경주 여행,385,경주 가볼만한곳 실내 데이트 추천 국립경주박물관,https://blog.naver.com/dltnfla1109/224398534341,오늘은 가족들과 경주 여행 중 다녀온 국립경주박물관을 소개해보겠다 우선 국립경주박물관은 신라의    국립경주박물관을 출발점으로 신라 천년의 역사문화와 만나는 여행을 떠나보시기 바랍니다 전시관    ,경주 가볼만한곳 실내 데이트 추천 국립경주박물관 오늘은 가족들과 경주 여행 중 다녀온 국립경주박물관을 소개해보겠다 우선 국립경주박물관은 신라의    국립경주박물관을 출발점으로 신라 천년의 역사문화와 만나는 여행을 떠나보시기 바랍니다 전시관    
경주 여행,386, 경주   다인매운등갈비찜  경주 갈 때 마다 가줘야됨  아이메뉴 있    ,https://blog.naver.com/oeooii/224398531442,경주 여행 에서 가장 행복한 것은 다인등갈비를 먹을 수 있다는 것이야    코로나 시절    내 큰딸 만삭여행으로 경주를 갔었는데 경주에서 한달 살이 한 동생이 추천해준 로컬 맛집 중 하나였다지    핵심 요약    , 경주   다인매운등갈비찜  경주 갈 때 마다 가줘야됨  아이메뉴 있     경주 여행 에서 가장 행복한 것은 다인등갈비를 먹을 수 있다는 것이야    코로나 시절    내 큰딸 만삭여행으로 경주를 갔었는데 경주에서 한달 살이 한 동생이 추천해준 로컬 맛집 중 하나였다지    핵심 요약    
경주 여행,387,19개월 아기랑 경주여행 Day 1 인생네컷   황리단길 수플레 맛집      ,https://blog.naver.com/hye_ji713/224398521154,  매일 11 00   20 00  19 30 라스트오더   황리단길 공영주차장 정보 황리단길은 주말이나 여행     경주여행  경주수플레맛집  아기랑경주  아기랑경주여행  아기랑경주여행코스  경주훌림목  육아기록,19개월 아기랑 경주여행 Day 1 인생네컷   황리단길 수플레 맛집         매일 11 00   20 00  19 30 라스트오더   황리단길 공영주차장 정보 황리단길은 주말이나 여행     경주여행  경주수플레맛집  아기랑경주  아기랑경주여행  아기랑경주여행코스  경주훌림목  육아기록
경주 여행,388,경주,https://blog.naver.com/wjs2752/224398520043,경주여행 하필 제일 더운 주간이었던 8월 둘째주  경기도는 38도까지 올라갔다  경주가 덥다고 난리가 나서 걱정을 많이 했는데 우리집보다 4도정도 낮았다  그래도 덥긴 더웠다      코오롱호텔 로비  호텔은    ,경주 경주여행 하필 제일 더운 주간이었던 8월 둘째주  경기도는 38도까지 올라갔다  경주가 덥다고 난리가 나서 걱정을 많이 했는데 우리집보다 4도정도 낮았다  그래도 덥긴 더웠다      코오롱호텔 로비  호텔은    
경주 여행,389,소노캄 경주 풀앤스파 이용 전 알아두면 좋은 점 총정리,https://blog.naver.com/windy2014/224398514809,경주 여행 중 물놀이를 함께 즐기고 싶다면 경주는 대표적인 역사 여행지라서 관광 위주로 일정을 짜는 경우가 많다  하지만 여름철에는 한낮에 야외 관광지를 여러 곳 돌아다니는 것이 생각보다 쉽지 않다  특히    ,소노캄 경주 풀앤스파 이용 전 알아두면 좋은 점 총정리 경주 여행 중 물놀이를 함께 즐기고 싶다면 경주는 대표적인 역사 여행지라서 관광 위주로 일정을 짜는 경우가 많다  하지만 여름철에는 한낮에 야외 관광지를 여러 곳 돌아다니는 것이 생각보다 쉽지 않다  특히    
경주 여행,390,경주맛집 포석로소갈비찜  황리단길에서 제대로 즐기는 고추장 소    ,https://blog.naver.com/espia812/224398509349,경주맛집 포석로소갈비찜  황리단길에서 제대로 즐기는 고추장 소갈비찜과 푸짐한 한 끼 경주 여행을 계획하면서 황리단길을 둘러볼 예정이라면 식사 메뉴도 미리 정해두면 여행이 한결 편해지는데요  카페나    ,경주맛집 포석로소갈비찜  황리단길에서 제대로 즐기는 고추장 소     경주맛집 포석로소갈비찜  황리단길에서 제대로 즐기는 고추장 소갈비찜과 푸짐한 한 끼 경주 여행을 계획하면서 황리단길을 둘러볼 예정이라면 식사 메뉴도 미리 정해두면 여행이 한결 편해지는데요  카페나    
경주 여행,391,경주 고향밀면 주차 팁부터 내돈내산 솔직 후기,https://blog.naver.com/wjdqls3302/224398502409,위치한 경주 고향밀면은 동선이 참 좋아서 여행 코스로 들르기 딱이에요  차를 가져오시는 분들은    만드세요   경주고향밀면  경주밀면맛집  경주맛집  황리단길맛집  경주황리단길맛집  경주여행코스  경주가    ,경주 고향밀면 주차 팁부터 내돈내산 솔직 후기 위치한 경주 고향밀면은 동선이 참 좋아서 여행 코스로 들르기 딱이에요  차를 가져오시는 분들은    만드세요   경주고향밀면  경주밀면맛집  경주맛집  황리단길맛집  경주황리단길맛집  경주여행코스  경주가    
경주 여행,392,1박2일 경주여행 내돈내산 후기 올려봅니다,https://blog.naver.com/yeenee72/224398498084,2026년 여름에 잠시나마 힐링 하러 광복절 대체 휴가와 화요일 정기 휴무를 이용해 경주로 1박2일 여행을        에츠헤어살롱성남시청점  여수동미용실  성남시청미용실  경주여행  소노캄경주  경주1박2일,1박2일 경주여행 내돈내산 후기 올려봅니다 2026년 여름에 잠시나마 힐링 하러 광복절 대체 휴가와 화요일 정기 휴무를 이용해 경주로 1박2일 여행을        에츠헤어살롱성남시청점  여수동미용실  성남시청미용실  경주여행  소노캄경주  경주1박2일
경주 여행,393,1박 2일 경주여행 오아르미술관 금관총 어향원 은미밀면,https://blog.naver.com/mingzkim76/224398498206,함께 다녀온 경주 여행 즐거웠어요 엄마가 건강하실 때 더 많이 다녀야지란 생각이 들었답니다 1박 2일 경주여행 코스가 더 궁금하시면        경주맛집  경주오아르미술관  경주어향원  경주은미밀면  금관총,1박 2일 경주여행 오아르미술관 금관총 어향원 은미밀면 함께 다녀온 경주 여행 즐거웠어요 엄마가 건강하실 때 더 많이 다녀야지란 생각이 들었답니다 1박 2일 경주여행 코스가 더 궁금하시면        경주맛집  경주오아르미술관  경주어향원  경주은미밀면  금관총
경주 여행,394,경주 여행    경주 야경 명소 추천 동궁과 월지  안압지 ,https://blog.naver.com/kimchoi0611/224357437439, 이 글은 뒤늦게 올리는 여행 후기입니다  방문 전 최신정보를 다시 확인해주세요  경주 동궁과     경주여행  경주가볼만한곳  경주데이트  경주여행지추천  경주야경  경주저녁에갈곳  경주여행코스추천    ,경주 여행    경주 야경 명소 추천 동궁과 월지  안압지   이 글은 뒤늦게 올리는 여행 후기입니다  방문 전 최신정보를 다시 확인해주세요  경주 동궁과     경주여행  경주가볼만한곳  경주데이트  경주여행지추천  경주야경  경주저녁에갈곳  경주여행코스추천    
경주 여행,395,경주여행  아름답고 몽환적인 코스믹리조트,https://blog.naver.com/chol635/224398497521,천천히 사진찍으며 여유롭게 관람하시면 좋을 것 같습니다  그럼 저희는 다음에 봬요   경상북도  경북경주  경주  경주가볼만한곳  경주여행  경주코스믹리조트  코스믹리조트  아기랑경주  가족여행  국내여행,경주여행  아름답고 몽환적인 코스믹리조트 천천히 사진찍으며 여유롭게 관람하시면 좋을 것 같습니다  그럼 저희는 다음에 봬요   경상북도  경북경주  경주  경주가볼만한곳  경주여행  경주코스믹리조트  코스믹리조트  아기랑경주  가족여행  국내여행
경주 여행,396,경주 황리단길 맛집 잔치집 경주박물관 근처 수제 콩국수 칼국수     ,https://blog.naver.com/wldls1012/224398492850,황리단길맛집추천  경주잔치집  잔치집  경주콩국수  경주칼국수  경주박물관맛집  경주박물관근처맛집  대릉원맛집  첨성대맛집  경주한옥맛집  경주국수맛집  경주아이와가볼만한곳  경주가족여행  경주여행코스,경주 황리단길 맛집 잔치집 경주박물관 근처 수제 콩국수 칼국수      황리단길맛집추천  경주잔치집  잔치집  경주콩국수  경주칼국수  경주박물관맛집  경주박물관근처맛집  대릉원맛집  첨성대맛집  경주한옥맛집  경주국수맛집  경주아이와가볼만한곳  경주가족여행  경주여행코스
경주 여행,397,경주한옥펜션 추천  고즈넉한 감성의 한옥스테이재매정 휴식 후기,https://blog.naver.com/hyemin612/224398480507,얼마 전 오랜만에 마음의 여유를 찾고 싶어서 고즈넉한 역사와 전통이 살아 숨쉬는 경주 여행을 다녀왔어요  경주는 언제 방문해도 특유의 분위기 덕분에 힐링이 되는 곳인데요  이번 여행에서는 경주다운 멋을    ,경주한옥펜션 추천  고즈넉한 감성의 한옥스테이재매정 휴식 후기 얼마 전 오랜만에 마음의 여유를 찾고 싶어서 고즈넉한 역사와 전통이 살아 숨쉬는 경주 여행을 다녀왔어요  경주는 언제 방문해도 특유의 분위기 덕분에 힐링이 되는 곳인데요  이번 여행에서는 경주다운 멋을    
경주 여행,398, 꽃이 없어서 이것으로 대신합니다  감상문,https://blog.naver.com/jangseungdooly/224398480178,친구들과 경주 여행을 갔을 때 방문했던 서점에서 발견한 책이었는데 읽고 싶어서 한동안 찾다가 결국 개강하면서 학교 도서관에서 발견했음 서점 사장님이 소장용 으로 하실 정도면 정말 좋은 책인가보다    , 꽃이 없어서 이것으로 대신합니다  감상문 친구들과 경주 여행을 갔을 때 방문했던 서점에서 발견한 책이었는데 읽고 싶어서 한동안 찾다가 결국 개강하면서 학교 도서관에서 발견했음 서점 사장님이 소장용 으로 하실 정도면 정말 좋은 책인가보다    
경주 여행,399,경주 맛집 한식 황리단길 식당은 바로여기  동양백반 본점,https://blog.naver.com/guskr0512/224398473886,방문했던 경주 여행이 너무 좋았던 기억 덕분인지 올해 벌써 3번이나 경주를 방문했어요 올해 3번이나    이번 여행에서 들린 식당은 경주 맛집 한식 메뉴로 황리단길 안에 있는 식당이라 접근성도 좋았고    ,경주 맛집 한식 황리단길 식당은 바로여기  동양백반 본점 방문했던 경주 여행이 너무 좋았던 기억 덕분인지 올해 벌써 3번이나 경주를 방문했어요 올해 3번이나    이번 여행에서 들린 식당은 경주 맛집 한식 메뉴로 황리단길 안에 있는 식당이라 접근성도 좋았고    
경주 여행,400,경주 숨은 암자 BEST 5 불국사 말고 꼭 가볼 조용하고 아름다운 작은    ,https://blog.naver.com/qorfyd1101/224398473817,경주 여행이라고 하면 가장 먼저 불국사와 석굴암을 떠올리게 됩니다  하지만 경주에는 유명    경주 남산에서 비교적 부담 없이 찾아볼 수 있는 숨은 사찰 여행지라는 점도 매력입니다  옥룡암 탑골길 36    ,경주 숨은 암자 BEST 5 불국사 말고 꼭 가볼 조용하고 아름다운 작은     경주 여행이라고 하면 가장 먼저 불국사와 석굴암을 떠올리게 됩니다  하지만 경주에는 유명    경주 남산에서 비교적 부담 없이 찾아볼 수 있는 숨은 사찰 여행지라는 점도 매력입니다  옥룡암 탑골길 36    
경주 여행,401,경주여행,https://blog.naver.com/kimyeam/224398468341,매년 작기시작전 가족여행으로 들리는 경주   가는곳도 매년 똑같다   첨성대갔다가  불국사갔다가  애들이 좋아하는 찜질방에서 하루밤자고  집으로 귀가   매년 같은곳을 왜가냐고 질문할수도있겠지만      ,경주여행 매년 작기시작전 가족여행으로 들리는 경주   가는곳도 매년 똑같다   첨성대갔다가  불국사갔다가  애들이 좋아하는 찜질방에서 하루밤자고  집으로 귀가   매년 같은곳을 왜가냐고 질문할수도있겠지만      
경주 여행,402,경주 율동 펜션 추천  정 스테이 ,https://blog.naver.com/babmacita/224398449279,요즘 경주 여행이 핫하던데 가족끼리 가기 좋은 펜션으로  정 스테이  추천해드립니다  일단은 뷰가    저는 비빔칼국수라는 건 처음 먹어봤어서 신기하고 맛있었어요    경주는 멀리에서 여행오시는    ,경주 율동 펜션 추천  정 스테이  요즘 경주 여행이 핫하던데 가족끼리 가기 좋은 펜션으로  정 스테이  추천해드립니다  일단은 뷰가    저는 비빔칼국수라는 건 처음 먹어봤어서 신기하고 맛있었어요    경주는 멀리에서 여행오시는    
경주 여행,403,예전 펜션 숙박 후기 보문동에서 누리는 완벽하고 따뜻한 경주 여행,https://blog.naver.com/pillow_talk_kr/224398276731,아침을 든든하게 시작할 수 있어서 하루 종일 여행하는 데 큰 힘이 되었답니다  위치와 편의성  경주의 모든 명소 접근성이 최고예요  숙소가 보문동에 위치해 있어서 그런지  주변에 멋진 관광 명소나 맛집들이    ,예전 펜션 숙박 후기 보문동에서 누리는 완벽하고 따뜻한 경주 여행 아침을 든든하게 시작할 수 있어서 하루 종일 여행하는 데 큰 힘이 되었답니다  위치와 편의성  경주의 모든 명소 접근성이 최고예요  숙소가 보문동에 위치해 있어서 그런지  주변에 멋진 관광 명소나 맛집들이    
경주 여행,404, 경주  경주여행코스 추천 경주데이트코스 경주에서 즐기는 이색 코    ,https://blog.naver.com/1212wlals/224398440261,싶은 곳이에요     경주중앙야시장  경주중앙시장  경주야시장  경주먹거리  경주여행  경주가볼만한곳  경주밤에가볼만한곳  경주야간여행  경주야식  경주데이트  경주여행코스  경주먹거리추천  경주전통시장, 경주  경주여행코스 추천 경주데이트코스 경주에서 즐기는 이색 코     싶은 곳이에요     경주중앙야시장  경주중앙시장  경주야시장  경주먹거리  경주여행  경주가볼만한곳  경주밤에가볼만한곳  경주야간여행  경주야식  경주데이트  경주여행코스  경주먹거리추천  경주전통시장
경주 여행,405,경주 황리단길 가볼만한 곳  소소밀밀 그림책서점,https://blog.naver.com/pshpsh1503/224398428154, 여행  국내여행  경주  경주여행  경주핫플  경주황리단길  황리단길가볼만한곳  황리단길서점  아기랑갈만한곳  데이트  행복  힐링  일상 한나언니랑 밥을 먹고 카페 가기 전 소화시킬 겸 방문한 서점 다양한    ,경주 황리단길 가볼만한 곳  소소밀밀 그림책서점  여행  국내여행  경주  경주여행  경주핫플  경주황리단길  황리단길가볼만한곳  황리단길서점  아기랑갈만한곳  데이트  행복  힐링  일상 한나언니랑 밥을 먹고 카페 가기 전 소화시킬 겸 방문한 서점 다양한    
경주 여행,406,경주 주상절리 맛집  쫄깃한 짜장면 추천 많은 중국집  청해중식당 ,https://blog.naver.com/hosan544/224398426769,경주 여행을 하면 보통 황리단길이나 보문단지 쪽에서 밥을 먹게    있어 여행 중 들르기 괜찮았던 곳이에요  무엇보다 쫄깃한 면발에 소스를 슥슥 비벼 먹었던 간짜장이 기억에 남아서 경주 주상절리 짜장면    ,경주 주상절리 맛집  쫄깃한 짜장면 추천 많은 중국집  청해중식당  경주 여행을 하면 보통 황리단길이나 보문단지 쪽에서 밥을 먹게    있어 여행 중 들르기 괜찮았던 곳이에요  무엇보다 쫄깃한 면발에 소스를 슥슥 비벼 먹었던 간짜장이 기억에 남아서 경주 주상절리 짜장면    
경주 여행,407,경주 주상절리 중국집 주차까지 편했던 청해중식당,https://blog.naver.com/steady_3379/224398414476,저희도 전망대를 구경한 뒤 맛있게 식사하고 카페에서 여유롭게 쉬면서 경주 여행을 이어갈 수 있었답니다  주차 때문에 여행 동선이 꼬이는 건 피하면서 맛있는 한 끼까지 챙기고 싶다면  경주 주상절리 중국집    ,경주 주상절리 중국집 주차까지 편했던 청해중식당 저희도 전망대를 구경한 뒤 맛있게 식사하고 카페에서 여유롭게 쉬면서 경주 여행을 이어갈 수 있었답니다  주차 때문에 여행 동선이 꼬이는 건 피하면서 맛있는 한 끼까지 챙기고 싶다면  경주 주상절리 중국집    
경주 여행,408,경주여행 현지인맛집 백년가게 영양숯불갈비 한우 갈빗살 내돈내산    ,https://blog.naver.com/hyun_lovelee/224398413061, 경주맛집  경주현지인맛집  경주여행맛집  경주소고기맛집  영양숯불갈비경주  경주한우맛집  경주골프모임  경주모임맛집  경주단체맛집  경주회식맛집  경주여행코스  경주백년가게  경주현지맛집    ,경주여행 현지인맛집 백년가게 영양숯불갈비 한우 갈빗살 내돈내산      경주맛집  경주현지인맛집  경주여행맛집  경주소고기맛집  영양숯불갈비경주  경주한우맛집  경주골프모임  경주모임맛집  경주단체맛집  경주회식맛집  경주여행코스  경주백년가게  경주현지맛집    
경주 여행,409,경주 기념품 추천 황리단길 첨성대초콜렛  선물하기 좋은 경주 초콜    ,https://blog.naver.com/dbcldnjs-tjstodsla/224398412790,안녕하세요 소떡이네에요 엄마와 함께한 경주여행에서 그냥 돌아가기 아쉬워 각자 남편에게 줄 선물을    황리단길  황리단길가볼만한곳  황리단길먹거리  경주먹거리  경주특산품  경주간식  경주모녀여행,경주 기념품 추천 황리단길 첨성대초콜렛  선물하기 좋은 경주 초콜     안녕하세요 소떡이네에요 엄마와 함께한 경주여행에서 그냥 돌아가기 아쉬워 각자 남편에게 줄 선물을    황리단길  황리단길가볼만한곳  황리단길먹거리  경주먹거리  경주특산품  경주간식  경주모녀여행
경주 여행,410,경주 소품샵 추천 황리단길 동네점빵 마옹이점빵 기념품 내돈내산     ,https://blog.naver.com/thenotebook__/224398400306,안녕하세요 김지후입니다  오늘은 경주 여행 중 황리단길에서 발견한 아기자기하고 레트로한 감성이    공주들  여행 기념품 구매할 곳을 찾으시는 분들께 경주 황리단길 소품샵  동네점빵 을 추천드립니다,경주 소품샵 추천 황리단길 동네점빵 마옹이점빵 기념품 내돈내산      안녕하세요 김지후입니다  오늘은 경주 여행 중 황리단길에서 발견한 아기자기하고 레트로한 감성이    공주들  여행 기념품 구매할 곳을 찾으시는 분들께 경주 황리단길 소품샵  동네점빵 을 추천드립니다
경주 여행,411,경주 비단벌레열차 예매와 탑승후기   아이와 부모님과 함께한 경주    ,https://blog.naver.com/ssuk0513/224398380722,무더운 여름날 다녀온 경주 여행  예상은 했지만 뜨거운 햇볕 아래    비단벌레열차는 경주시에서 운영하는 서비스다  예약오픈은 일주일전 9시에 땅  하고 열림  그래서 여행을 계획했다면 미리미리    ,경주 비단벌레열차 예매와 탑승후기   아이와 부모님과 함께한 경주     무더운 여름날 다녀온 경주 여행  예상은 했지만 뜨거운 햇볕 아래    비단벌레열차는 경주시에서 운영하는 서비스다  예약오픈은 일주일전 9시에 땅  하고 열림  그래서 여행을 계획했다면 미리미리    
경주 여행,412, 경주 여행  신라 금관의 고향  거대한 능선 사이를 거니는  경주 노    ,https://blog.naver.com/gyoungju-/224398377953,바로 경주 노서동 고분군 유적지 입니다   경주 여행  신라 금관의 고향  거대한 능선 사이를 거니는    담장으로 둘러싸여 입장료를 받는 대릉원과 달리  노서동 유적지는 시민들과 여행객들에게 언제나    , 경주 여행  신라 금관의 고향  거대한 능선 사이를 거니는  경주 노     바로 경주 노서동 고분군 유적지 입니다   경주 여행  신라 금관의 고향  거대한 능선 사이를 거니는    담장으로 둘러싸여 입장료를 받는 대릉원과 달리  노서동 유적지는 시민들과 여행객들에게 언제나    
경주 여행,413,경주보문단지맛집 경주전복해물뚝배기   아침식사 해장으로 딱 좋    ,https://blog.naver.com/learner_runner/224398378492,특히 전날 여행하면서 맛있는 음식에 술까지 한잔했다면 다음 날에는 속을 든든하게 풀어줄 경주해장맛집이 더욱 간절해지는데요  이번 경주 여행에서 보문호 산책을 하다가 발견한 곳이 바로    ,경주보문단지맛집 경주전복해물뚝배기   아침식사 해장으로 딱 좋     특히 전날 여행하면서 맛있는 음식에 술까지 한잔했다면 다음 날에는 속을 든든하게 풀어줄 경주해장맛집이 더욱 간절해지는데요  이번 경주 여행에서 보문호 산책을 하다가 발견한 곳이 바로    
경주 여행,414,라한셀렉트 경주 수영장 요금 이용시간 숙박 할인 예약팁,https://blog.naver.com/lovely_s_2/224398377596,경주 여행에서 호텔 고민되시는 분들  보문관광단지 안에서 뷰까지 챙길 수 있는 5성급을 찾고    라한셀렉트 경주 날짜별 요금 보기 저는 여행 가기 전 숙소 예약할 때도 가격만 보고 바로 결제하지 않는    ,라한셀렉트 경주 수영장 요금 이용시간 숙박 할인 예약팁 경주 여행에서 호텔 고민되시는 분들  보문관광단지 안에서 뷰까지 챙길 수 있는 5성급을 찾고    라한셀렉트 경주 날짜별 요금 보기 저는 여행 가기 전 숙소 예약할 때도 가격만 보고 바로 결제하지 않는    
경주 여행,415,경주 황리단길맛집 고도리  오감을 만족시킨 특별한 경험,https://blog.naver.com/dudfkrzla123/224398376637,이글은 소정의 원고료를 받고 작성했습니다 경주 여행을 가면 꼭 들러보고 싶었던 곳이 있었어요     특히 경주 현지인들에게도 사랑받는다는 숨겨진 명소라는 이야기에 기대가 커졌죠  저녁 식사 겸 술 한잔 할    ,경주 황리단길맛집 고도리  오감을 만족시킨 특별한 경험 이글은 소정의 원고료를 받고 작성했습니다 경주 여행을 가면 꼭 들러보고 싶었던 곳이 있었어요     특히 경주 현지인들에게도 사랑받는다는 숨겨진 명소라는 이야기에 기대가 커졌죠  저녁 식사 겸 술 한잔 할    
경주 여행,416,경주 키즈풀빌라  안녕경주키즈풀빌라  연년생과 함께 경주여행,https://blog.naver.com/thdnjf7777/224398375960,소중한 여행이되었어요    빗소리와 함께 마무리한 작은달의 내돈내산 후기였습니다  안녕경주키즈풀빌라  경주펜션  경주풀빌라  경주키즈풀빌라  울산근교숙박  경주여행  경주가족여행  경주가볼만한곳,경주 키즈풀빌라  안녕경주키즈풀빌라  연년생과 함께 경주여행 소중한 여행이되었어요    빗소리와 함께 마무리한 작은달의 내돈내산 후기였습니다  안녕경주키즈풀빌라  경주펜션  경주풀빌라  경주키즈풀빌라  울산근교숙박  경주여행  경주가족여행  경주가볼만한곳
경주 여행,417, 경주 여행  황리단길 야간 산책   명물  경주 대게닭강정  포장 후기    ,https://blog.naver.com/freestar815/224398371996,경주 여행에서 빼놓을 수 없는 필수 코스  바로 황리단길입니다  낮에도 골목마다 구경거리가    이번에는 황리단길 밤 산책과 함께 경주의 별미로 꼽히는  경주 대게닭강정 을 포장해 맛보았습니다   쏠라티    , 경주 여행  황리단길 야간 산책   명물  경주 대게닭강정  포장 후기     경주 여행에서 빼놓을 수 없는 필수 코스  바로 황리단길입니다  낮에도 골목마다 구경거리가    이번에는 황리단길 밤 산책과 함께 경주의 별미로 꼽히는  경주 대게닭강정 을 포장해 맛보았습니다   쏠라티    
경주 여행,418, 26년 5월  꽉꽉 눌러담다가 넘칠뻔한 5월의 일상  연휴에 경주 여행    ,https://blog.naver.com/hellody326/224398368054,수건으로 가려야겠다 경주 덤벼라 요번 여행에서 제일 만족스러웠던 다도 카페  물고기들 보면서 힐링하고 차 마시면서 마음을 진정시켰다 사람에 치이는 여행이었지만 연휴는 또 이런 맛 아니겠어  하며    , 26년 5월  꽉꽉 눌러담다가 넘칠뻔한 5월의 일상  연휴에 경주 여행     수건으로 가려야겠다 경주 덤벼라 요번 여행에서 제일 만족스러웠던 다도 카페  물고기들 보면서 힐링하고 차 마시면서 마음을 진정시켰다 사람에 치이는 여행이었지만 연휴는 또 이런 맛 아니겠어  하며    
경주 여행,419, 경주 여행  밤이 되면 금빛으로 물드는 낭만 야경  경주 월정교 방    ,https://blog.naver.com/freestar815/224398368859,경주 여행을 오면 저녁 일정으로 절대 빠뜨릴 수 없는 코스가 있습니다  바로 교촌한옥마을 옆 남천을    느껴지는 경주의 대표 야간 명소 월정교  경주 밤 여행을 계획하고 계신다면 꼭 들러보시길 추천드립니다 , 경주 여행  밤이 되면 금빛으로 물드는 낭만 야경  경주 월정교 방     경주 여행을 오면 저녁 일정으로 절대 빠뜨릴 수 없는 코스가 있습니다  바로 교촌한옥마을 옆 남천을    느껴지는 경주의 대표 야간 명소 월정교  경주 밤 여행을 계획하고 계신다면 꼭 들러보시길 추천드립니다 
경주 여행,420,경주 여행 2일차        ,https://blog.naver.com/minn407/224398361227, 경주  경주여행  황리단길  석굴암  석가탑  다보탑  호반오리  버드파크  경주체리주  대흥만두  오짱  불국사  기차여행  미피스토어  석굴암미피  석굴암미피인형  석굴암미피볼펜  미피가방  경주마그넷  맛집    ,경주 여행 2일차          경주  경주여행  황리단길  석굴암  석가탑  다보탑  호반오리  버드파크  경주체리주  대흥만두  오짱  불국사  기차여행  미피스토어  석굴암미피  석굴암미피인형  석굴암미피볼펜  미피가방  경주마그넷  맛집    
경주 여행,421,8월 말에 쓰는 7월 초 일상모음,https://blog.naver.com/gkwlswkd3939/224398359968,두구두구 수빈이와의 경주여행 나 휴게소에서 휴게소 간식 잔뜩    도 집에 들구 왓는데 어케 쓸지는 모르겟서유 추천바랍니다 앤드 여행    들어요 경주에 오신 걸 환영합니다 아니 숙소왔는데 진심 넘 좋잔아요    ,8월 말에 쓰는 7월 초 일상모음 두구두구 수빈이와의 경주여행 나 휴게소에서 휴게소 간식 잔뜩    도 집에 들구 왓는데 어케 쓸지는 모르겟서유 추천바랍니다 앤드 여행    들어요 경주에 오신 걸 환영합니다 아니 숙소왔는데 진심 넘 좋잔아요    
경주 여행,422,경주 황리단길 필수 먹거리   황남 우엉김밥  솔직 후기,https://blog.naver.com/chfhdqwee/224394412492,안녕하세요   오늘은 경주여행 중 사람들이 줄을 서있고 밖에 의자에서 뭘 먹고 있는거예요 그래서      경주 황리단길이나 중앙시장 인근을 지나신다면 한 번쯤 포장해 맛보시길 추천해요 짭조름하면서도    ,경주 황리단길 필수 먹거리   황남 우엉김밥  솔직 후기 안녕하세요   오늘은 경주여행 중 사람들이 줄을 서있고 밖에 의자에서 뭘 먹고 있는거예요 그래서      경주 황리단길이나 중앙시장 인근을 지나신다면 한 번쯤 포장해 맛보시길 추천해요 짭조름하면서도    
경주 여행,423,교육 겸 가게된 경주여행  ,https://blog.naver.com/dmswndmswn49/224398333498,교육으로 겸사겸사 오게된 경주 여행이였지만  가족과 함께여서 너무 좋았고  재밌고  값진 여행이였다    경주여행  경주황남밀면  경주황리단길  경주국립중앙박물관  경주동궁과월지  경주반듯이,교육 겸 가게된 경주여행   교육으로 겸사겸사 오게된 경주 여행이였지만  가족과 함께여서 너무 좋았고  재밌고  값진 여행이였다    경주여행  경주황남밀면  경주황리단길  경주국립중앙박물관  경주동궁과월지  경주반듯이
경주 여행,424,경주 프룩스플럭스 후기  동해 오션뷰 풀빌라 수영장 조식 할인 특    ,https://blog.naver.com/dkrdka18/224398330180,카나페입니다 경주 여행 계획하면서 황리단길도 가고 바다 앞에서 조용히 힐링도 하고 싶어서 진리해변 쪽 펜션을 찾다가 발견했어요   경주 프룩스플럭스 평점 9 9에 동해바다랑 주상절리가 통창 가득    ,경주 프룩스플럭스 후기  동해 오션뷰 풀빌라 수영장 조식 할인 특     카나페입니다 경주 여행 계획하면서 황리단길도 가고 바다 앞에서 조용히 힐링도 하고 싶어서 진리해변 쪽 펜션을 찾다가 발견했어요   경주 프룩스플럭스 평점 9 9에 동해바다랑 주상절리가 통창 가득    
경주 여행,425,경주 황리단길 맛집 료혼 신라관 사케동부터 장어덮밥  튀김우동    ,https://blog.naver.com/yejirla_97/224398320750,이번 경주 여행에서는 경주 황리단길 맛집으로 찾아보다가 알게 된 료혼 신라관에 다녀왔어요  한옥    분위기의 공간을 자주 만나게 되는데  식사까지 이런 분위기에서 하니까 여행 온 느낌이 더 제대로 났답니당 ,경주 황리단길 맛집 료혼 신라관 사케동부터 장어덮밥  튀김우동     이번 경주 여행에서는 경주 황리단길 맛집으로 찾아보다가 알게 된 료혼 신라관에 다녀왔어요  한옥    분위기의 공간을 자주 만나게 되는데  식사까지 이런 분위기에서 하니까 여행 온 느낌이 더 제대로 났답니당 
경주 여행,426,경주키즈풀빌라에서 마주한 우리 가족의 특별한 시간,https://blog.naver.com/x4i7dikb/224398317107,설렘 가득 안고 떠난 경주 여행 여행을 떠나기 전날은 언제나 마음이 몽글몽글해요  아이들이 좋아하는    경북 경주시 새골길 49 33 파미유펜션 이에요  경주 단체키즈원데이펜션 파미유 는 도착하자마자 탁 트인    ,경주키즈풀빌라에서 마주한 우리 가족의 특별한 시간 설렘 가득 안고 떠난 경주 여행 여행을 떠나기 전날은 언제나 마음이 몽글몽글해요  아이들이 좋아하는    경북 경주시 새골길 49 33 파미유펜션 이에요  경주 단체키즈원데이펜션 파미유 는 도착하자마자 탁 트인    
경주 여행,427,경주 첨성대근처 도화당 웨이팅 주차장 내돈내산 솔직후기,https://blog.naver.com/catall_/224398314909,첨성대와도 가깝고 주차장도 바로 앞에 크게 있어서 가족단위로 방문하시기에  차로 경주 여행하시는 분들에게 아주 좋을거 같아요  도화당 위치 경북 경주시 쪽샘길 11  1층 영업시간 월 일 11 00  21 00    ,경주 첨성대근처 도화당 웨이팅 주차장 내돈내산 솔직후기 첨성대와도 가깝고 주차장도 바로 앞에 크게 있어서 가족단위로 방문하시기에  차로 경주 여행하시는 분들에게 아주 좋을거 같아요  도화당 위치 경북 경주시 쪽샘길 11  1층 영업시간 월 일 11 00  21 00    
경주 여행,428,경주렌트카 경주여행 빠른배차 가성비 좋은 고퀄리티 렌트카 하이    ,https://blog.naver.com/always979/224398313925,포항 경주지역 어디든 렌트 가능  네이버로 하이렌터카 예약하고 포토리뷰 작성  블로그 SNS 업로드 시 특별한 할인 혜택 제공까지  여행용 단기렌트는 물론 오래 타고다닐 월차 장기렌트도 언제든 문의해주세요    ,경주렌트카 경주여행 빠른배차 가성비 좋은 고퀄리티 렌트카 하이     포항 경주지역 어디든 렌트 가능  네이버로 하이렌터카 예약하고 포토리뷰 작성  블로그 SNS 업로드 시 특별한 할인 혜택 제공까지  여행용 단기렌트는 물론 오래 타고다닐 월차 장기렌트도 언제든 문의해주세요    
경주 여행,429,경주 소고기 맛집 우두갈비 대릉원 황리단길 근처 현지인 추천 맛집    ,https://blog.naver.com/yox_th310/224357026138,테이블 간격도 괜찮아서 답답한 느낌이 없었고  가족 단위 방문이나 여행 중 식사하기에도 좋아    경주여행맛집  경주여행코스  경주갈비맛집  경주고기집  경주내돈내산  황리단길맛집  경주가볼만한곳,경주 소고기 맛집 우두갈비 대릉원 황리단길 근처 현지인 추천 맛집     테이블 간격도 괜찮아서 답답한 느낌이 없었고  가족 단위 방문이나 여행 중 식사하기에도 좋아    경주여행맛집  경주여행코스  경주갈비맛집  경주고기집  경주내돈내산  황리단길맛집  경주가볼만한곳
경주 여행,430,황리단길 카페 여기 중 내 취향은  경주 분위기 카페 추천 best5 테라    ,https://blog.naver.com/soso_common_day/224397952821,그래서 이번에는 카페와 기념품 숍을 여행 코스에 같이 넣어봤다  취향이 서로 다른 곳이라 경주 여행 중 어디를 갈지 고르는 재미도 있을 것 같다  경주 가볼만한곳 테라로사 경주점 첫 번째는 테라로사    ,황리단길 카페 여기 중 내 취향은  경주 분위기 카페 추천 best5 테라     그래서 이번에는 카페와 기념품 숍을 여행 코스에 같이 넣어봤다  취향이 서로 다른 곳이라 경주 여행 중 어디를 갈지 고르는 재미도 있을 것 같다  경주 가볼만한곳 테라로사 경주점 첫 번째는 테라로사    
경주 여행,431, 경북 경주시  황리단길 카페 경주여행 경주카페 추천 청수당     ,https://blog.naver.com/siruthinking/224318906861,청수담 경주 2  영업시간  1  일  목   10 30   21 00  2  금 토   10 30   21 30 3  주소   연락처   인스타그램   주차  1  주소  경북 경주    후기   경주 황리단길에 위치한 연못이 있는 멋진 카페    , 경북 경주시  황리단길 카페 경주여행 경주카페 추천 청수당      청수담 경주 2  영업시간  1  일  목   10 30   21 00  2  금 토   10 30   21 30 3  주소   연락처   인스타그램   주차  1  주소  경북 경주    후기   경주 황리단길에 위치한 연못이 있는 멋진 카페    
경주 여행,432,경주 안압지 월정교  야경은 꼭 보라던데  ,https://blog.naver.com/happyhomeedu22/224398300618,늦은 경주여행 후기 작성 중입니다  1일차 경기도에서 출발하여 경주에는 오후에 도착  첫 날 오후에는 교촌마을  천마총  첨성대를 둘러봤어요  저녁을 먹고 저녁에는 안압지  월정교를 둘러봤습니다     ,경주 안압지 월정교  야경은 꼭 보라던데   늦은 경주여행 후기 작성 중입니다  1일차 경기도에서 출발하여 경주에는 오후에 도착  첫 날 오후에는 교촌마을  천마총  첨성대를 둘러봤어요  저녁을 먹고 저녁에는 안압지  월정교를 둘러봤습니다     
경주 여행,433,소노캄 경주 리조트 패밀리 뷰프리 풀앤스파 리모델링 후기,https://blog.naver.com/gpwjdrhd/224398293860,비가 오고 날씨가 좀 시원해지면 가기 좋은 곳 바로 경주  경주 여행 계획하면서 제일 신경 쓴 건 바로    가족여행에 딱이죠 부산 갔다가 경주까지 열심히 운전해서 지하 주차장에 편하게 차 대고 로비층으로    ,소노캄 경주 리조트 패밀리 뷰프리 풀앤스파 리모델링 후기 비가 오고 날씨가 좀 시원해지면 가기 좋은 곳 바로 경주  경주 여행 계획하면서 제일 신경 쓴 건 바로    가족여행에 딱이죠 부산 갔다가 경주까지 열심히 운전해서 지하 주차장에 편하게 차 대고 로비층으로    
경주 여행,434,경주얼굴빵이랑 대릉원 인생샷 찍고 선물용으로 딱인 경주여행 필    ,https://blog.naver.com/pizza_cider/224398292096, 존맛  경주얼굴빵 티셔츠  굿즈  요즘 여행지에서 그 지역 관련된 티셔츠 입고 여행하는게     서이추  서이추환영  경주맛집  경주여행  경주가볼만한곳  경주얼굴빵  경주여행필수코스  경주대릉원맛집    ,경주얼굴빵이랑 대릉원 인생샷 찍고 선물용으로 딱인 경주여행 필      존맛  경주얼굴빵 티셔츠  굿즈  요즘 여행지에서 그 지역 관련된 티셔츠 입고 여행하는게     서이추  서이추환영  경주맛집  경주여행  경주가볼만한곳  경주얼굴빵  경주여행필수코스  경주대릉원맛집    
경주 여행,435,경주 황리단길 맛집 경주 얼굴빵 경주여행 기념품 추천,https://blog.naver.com/bbungseos2/224398288830,경주에 여행 온 가족들 커플들이 기념품으로 엄청 많이 사가더라구요 경주여행 필수코스 실감      경주얼굴빵을 활용해서 사진 잘 찍는 5가지 방법 사진 찍는 사람이 빵을 들고 찍는다    친구들이랑    ,경주 황리단길 맛집 경주 얼굴빵 경주여행 기념품 추천 경주에 여행 온 가족들 커플들이 기념품으로 엄청 많이 사가더라구요 경주여행 필수코스 실감      경주얼굴빵을 활용해서 사진 잘 찍는 5가지 방법 사진 찍는 사람이 빵을 들고 찍는다    친구들이랑    
경주 여행,436,   또 쓰는 경주 여행 2탄,https://blog.naver.com/honghwa_farm/224398277734,암튼 경주 여행 끄적거려볼까요 아 이 때 한 명은 인천에서 오고 저랑 이 친구는 광주에서 넘어갔음    인천에서 경주까지 가는     원랜 여행와도 낮잠 안자고 잘 놀았는데 앞자리 3은 확실히 다르네    근데    ,   또 쓰는 경주 여행 2탄 암튼 경주 여행 끄적거려볼까요 아 이 때 한 명은 인천에서 오고 저랑 이 친구는 광주에서 넘어갔음    인천에서 경주까지 가는     원랜 여행와도 낮잠 안자고 잘 놀았는데 앞자리 3은 확실히 다르네    근데    
경주 여행,437,경주 황오동 현지 중식맛집 이틀 연속으로 방문한  대림반점 ,https://blog.naver.com/hzz5689/224397677396,경주대림반점  경주맛집 이번 경주여행에서 이틀 연속으로 방문한 중식맛집  대림반점  저는 얇은 면   짬뽕 깔끔육수파 인데  여행 전 한 리뷰를 보고 여기다    싶어서 다녀왔어요   결론은 대 대 대 대 대    ,경주 황오동 현지 중식맛집 이틀 연속으로 방문한  대림반점  경주대림반점  경주맛집 이번 경주여행에서 이틀 연속으로 방문한 중식맛집  대림반점  저는 얇은 면   짬뽕 깔끔육수파 인데  여행 전 한 리뷰를 보고 여기다    싶어서 다녀왔어요   결론은 대 대 대 대 대    
경주 여행,438,경주 여행에서 즐기는 힐링 숙소 추천   라한셀렉트 경주  패밀리 트    ,https://blog.naver.com/urlaub91/224397881592,또 보문호수는 바로 근처에 경주월드  보문관광단지  경주타워  동궁원이 있고 첨성대  동궁과 월지와도 가까워 경주 여행의 기준이 될 수 있는 곳인데요  그래서 이번 여행에서는 경주 보문호수를 보면서    ,경주 여행에서 즐기는 힐링 숙소 추천   라한셀렉트 경주  패밀리 트     또 보문호수는 바로 근처에 경주월드  보문관광단지  경주타워  동궁원이 있고 첨성대  동궁과 월지와도 가까워 경주 여행의 기준이 될 수 있는 곳인데요  그래서 이번 여행에서는 경주 보문호수를 보면서    
경주 여행,439,경주 황리단길 카페 봉황당  비 오는 저녁 더 멋졌던 능의 파노라마     ,https://blog.naver.com/321dy/224398260880,커피 한 잔을 마시면서 조용히 이야기를 나누기에도 좋고  여행 중    좋고  경주 여행 중 잠시 쉬어갈 곳을 찾는 분들에게도 추천하고 싶은 곳이에요    경주 가볼 만한 곳을 찾는 분   경주 황리단길 카페를    ,경주 황리단길 카페 봉황당  비 오는 저녁 더 멋졌던 능의 파노라마      커피 한 잔을 마시면서 조용히 이야기를 나누기에도 좋고  여행 중    좋고  경주 여행 중 잠시 쉬어갈 곳을 찾는 분들에게도 추천하고 싶은 곳이에요    경주 가볼 만한 곳을 찾는 분   경주 황리단길 카페를    
경주 여행,440,경주 전시 추천   스누피 전시부터 우당탕까지  직접 다녀온 경주 여    ,https://blog.naver.com/1014kate/224398259706,경주 여행을 계획하면서  불국사나 황리단길 말고 어디 가볼 만한 곳 없을까   찾아보다가 발견한 경주 전시  이번에는 그냥 유명 관광지만 둘러보는 여행이 아니라 조금 색다르게 시간을 보내보고 싶어서    ,경주 전시 추천   스누피 전시부터 우당탕까지  직접 다녀온 경주 여     경주 여행을 계획하면서  불국사나 황리단길 말고 어디 가볼 만한 곳 없을까   찾아보다가 발견한 경주 전시  이번에는 그냥 유명 관광지만 둘러보는 여행이 아니라 조금 색다르게 시간을 보내보고 싶어서    
경주 여행,441, 경북 경주  경주 카페 추천 브레스커피웍스   내돈내산 불국사 근     ,https://blog.naver.com/gonahee_/224398258279,불국사와 석굴암 주변에 여행을 계획 중이시라면 방문해 보시는 것을 추천드립니다  카페에 들어가기    경주 브레스커피웍스 총평 경주 여행 중에 불국사 주변에서 이쁘고 분위기 좋은 대형 베이커리 카페를    , 경북 경주  경주 카페 추천 브레스커피웍스   내돈내산 불국사 근      불국사와 석굴암 주변에 여행을 계획 중이시라면 방문해 보시는 것을 추천드립니다  카페에 들어가기    경주 브레스커피웍스 총평 경주 여행 중에 불국사 주변에서 이쁘고 분위기 좋은 대형 베이커리 카페를    
경주 여행,442,경주 켄싱턴리조트 키캉스 역대급 특가 세일 ,https://blog.naver.com/kongzil_512/224398258595,가족여행 가성비 있게 다녀오실 분들은 쿠폰 소진되기 전에 바로 챙겨두세요   경주여행  아이와가볼만한곳  아이랑경주여행  경주숙소추천  키즈키캉스  코코몽키즈플레이존  가을가족여행  경주가성비숙소,경주 켄싱턴리조트 키캉스 역대급 특가 세일  가족여행 가성비 있게 다녀오실 분들은 쿠폰 소진되기 전에 바로 챙겨두세요   경주여행  아이와가볼만한곳  아이랑경주여행  경주숙소추천  키즈키캉스  코코몽키즈플레이존  가을가족여행  경주가성비숙소
경주 여행,443,경주여행 황리단길 근처 가성비 좋은 한옥숙소 추천 구황stay 구황스    ,https://blog.naver.com/zz18011/224398256812,안녕하세요 경주에 갔을 때 다녀왔던 숙소를 소개해 볼까 합니다 구황 stay  구황 스테이는 공용공간이    이상 숙소 리뷰를 마치겠습니다  아래 경주여행 관련 포스팅 링크도 남겨두니 구경해주세요     ,경주여행 황리단길 근처 가성비 좋은 한옥숙소 추천 구황stay 구황스     안녕하세요 경주에 갔을 때 다녀왔던 숙소를 소개해 볼까 합니다 구황 stay  구황 스테이는 공용공간이    이상 숙소 리뷰를 마치겠습니다  아래 경주여행 관련 포스팅 링크도 남겨두니 구경해주세요     
경주 여행,444,경주 개별바베큐 펜션 추천  황리단길 20분 가성비 숙소 무드B 후기,https://blog.naver.com/qowlgml802/224398250162,안녕하세요  지히입니다  이번에 친구들과 함께 경주 여행을 다녀왔는데요  숙소를 찾다가 저렴한 가격에 개별 바베큐까지 가능한 경주    제대로 여행 분위기가 나더라고요  삼겹살과 막걸리 조합이 의외로    ,경주 개별바베큐 펜션 추천  황리단길 20분 가성비 숙소 무드B 후기 안녕하세요  지히입니다  이번에 친구들과 함께 경주 여행을 다녀왔는데요  숙소를 찾다가 저렴한 가격에 개별 바베큐까지 가능한 경주    제대로 여행 분위기가 나더라고요  삼겹살과 막걸리 조합이 의외로    
경주 여행,445,경주 한정식 맛집 수리뫼  까다로운 엄마와 아기 입맛까지 사로 잡    ,https://blog.naver.com/wjdrjffl/224398248132,안녕하세요 젤리맘입니다    어제까지 효도 여행 겸 젤리 2살 생일을 맞이해 경주 여행을 다녀왔는데요    경주여행  경주여행맛집  경주가볼만한곳  경주밥집  경주가족외식  경주한옥맛집  경주한식    ,경주 한정식 맛집 수리뫼  까다로운 엄마와 아기 입맛까지 사로 잡     안녕하세요 젤리맘입니다    어제까지 효도 여행 겸 젤리 2살 생일을 맞이해 경주 여행을 다녀왔는데요    경주여행  경주여행맛집  경주가볼만한곳  경주밥집  경주가족외식  경주한옥맛집  경주한식    
경주 여행,446,경주 황리단길 맛집 퇴근길 숯불갈비 한우 갈비살 대갈비 후기,https://blog.naver.com/ttungttang_/224395714940,안녕하세요  뮤르예요    이번 2박 3일 경주여행에서 첫날 저녁으로 다녀온 곳은 경주 숯불갈비 맛집  퇴근길 숯불갈비 예요  식객허영만의 백반기행에도 나왔던 집    퇴근길숯불갈비 운영시간   주차    ,경주 황리단길 맛집 퇴근길 숯불갈비 한우 갈비살 대갈비 후기 안녕하세요  뮤르예요    이번 2박 3일 경주여행에서 첫날 저녁으로 다녀온 곳은 경주 숯불갈비 맛집  퇴근길 숯불갈비 예요  식객허영만의 백반기행에도 나왔던 집    퇴근길숯불갈비 운영시간   주차    
경주 여행,447,경주   소노캄  황리단길 어서어서책방 ,https://blog.naver.com/diffmal/224398237279,사실 경주 여행이라기 보다는 소노캄경주만 생각하고 다녀옴  경주소노캄은 수영장만 보고 결정했는데  다녀와보니 애기들이랑 가면 좋은곳이다  비가 많이 온다해서 걱정을 많이했는데 다행이 수영장에서    ,경주   소노캄  황리단길 어서어서책방  사실 경주 여행이라기 보다는 소노캄경주만 생각하고 다녀옴  경주소노캄은 수영장만 보고 결정했는데  다녀와보니 애기들이랑 가면 좋은곳이다  비가 많이 온다해서 걱정을 많이했는데 다행이 수영장에서    
경주 여행,448,경주여행,https://blog.naver.com/canon1340/224398235503,경주여행 첫날 동대구에서 경주에 도착해 시외버스터미널에서 보게된 노인의 정성스런 기도,경주여행 경주여행 첫날 동대구에서 경주에 도착해 시외버스터미널에서 보게된 노인의 정성스런 기도
경주 여행,449, 경주여행특집 오늘가족끼리 경주여행가는날,https://blog.naver.com/humu0411/224398234627,각자잠을잤다  자작소설  자작  소설  블로그  에고편  경주  여행  경주여행  호텔  로네오  로잘리  아버지  로제리  낮잠  수다  황리단길  꼬막비빕밥  파전  육회비빕밥  물회  향화정  기록  블로그    , 경주여행특집 오늘가족끼리 경주여행가는날 각자잠을잤다  자작소설  자작  소설  블로그  에고편  경주  여행  경주여행  호텔  로네오  로잘리  아버지  로제리  낮잠  수다  황리단길  꼬막비빕밥  파전  육회비빕밥  물회  향화정  기록  블로그    
경주 여행,450,경주 맛집 영양숯불갈비  고소한 한우 갈비살과 치마살 맛집,https://blog.naver.com/hanseul0925/224398233243,경주 주민분들은 물론이고 경주 여행을 자주 다니시는 분들도 이미 잘 알고 계시는 맛집이라고    식당 규모도 꽤 큰 편이라 단체 모임이나 가족 여행으로 방문하기에도 좋겠더라고요   영양숯불갈비는 54년간    ,경주 맛집 영양숯불갈비  고소한 한우 갈비살과 치마살 맛집 경주 주민분들은 물론이고 경주 여행을 자주 다니시는 분들도 이미 잘 알고 계시는 맛집이라고    식당 규모도 꽤 큰 편이라 단체 모임이나 가족 여행으로 방문하기에도 좋겠더라고요   영양숯불갈비는 54년간    
경주 여행,451, 경주 황리단길맛집  우마왕 컵물회 직영점,https://blog.naver.com/ji_vely__/224398229357,같이 맛볼 수 있는 세트로 먹어보는 것도 추천합니다     황리단길맛집  우마왕컵물회  우마왕컵물회직영점  경주육회물회  경주한우물회  경주맛집  황리단길먹거리  경주기념품  경주디저트  경주여행, 경주 황리단길맛집  우마왕 컵물회 직영점 같이 맛볼 수 있는 세트로 먹어보는 것도 추천합니다     황리단길맛집  우마왕컵물회  우마왕컵물회직영점  경주육회물회  경주한우물회  경주맛집  황리단길먹거리  경주기념품  경주디저트  경주여행
경주 여행,452,경주 가볼만한곳 한옥마을 당일치기 여행 양동마을 산책로,https://blog.naver.com/lstory_/224398223661,경주 가볼만한곳   경주 여행 명소 양동마을 우리의 전통과 멋이 그리울 때 가장 먼저 생각나는 관광 명소는 바로 경주인데요  그런 지역에서 특히 유서 깊은 역사를 느낄 수 있는 경주 한옥마을이 있답니다     ,경주 가볼만한곳 한옥마을 당일치기 여행 양동마을 산책로 경주 가볼만한곳   경주 여행 명소 양동마을 우리의 전통과 멋이 그리울 때 가장 먼저 생각나는 관광 명소는 바로 경주인데요  그런 지역에서 특히 유서 깊은 역사를 느낄 수 있는 경주 한옥마을이 있답니다     
경주 여행,453,경주 황리단길 밥집 황남양옥   미나리 육전 비빔면과 육회비빔밥     ,https://blog.naver.com/dyanni/224398219375,대릉원 돌담길 바로 인근에 위치해 있어 여행 동선으로 들르기 딱 좋고  아침 일찍부터 문을 열어    이루어 경주에 오면 맛봐야 할 별미였어요 경주 여행 중 실패 없는 정갈한 한 끼를 맛보고 싶으시거나 이른    ,경주 황리단길 밥집 황남양옥   미나리 육전 비빔면과 육회비빔밥      대릉원 돌담길 바로 인근에 위치해 있어 여행 동선으로 들르기 딱 좋고  아침 일찍부터 문을 열어    이루어 경주에 오면 맛봐야 할 별미였어요 경주 여행 중 실패 없는 정갈한 한 끼를 맛보고 싶으시거나 이른    
경주 여행,454,불국사 근처 맛집 경주소반 내돈내산 대만족 후기,https://blog.naver.com/ssodayly/224398218353,얼마 전 가족들과 함께 경주 여행을 갔다가 정말 기분 좋게 식사하고 온 곳이 있어서 이렇게 글을 남겨봅니다  이번에 다녀온 곳은 불국사 근처에 위치한 경주소반이라는 정갈한 한식당이에요  저희는 어른 네    ,불국사 근처 맛집 경주소반 내돈내산 대만족 후기 얼마 전 가족들과 함께 경주 여행을 갔다가 정말 기분 좋게 식사하고 온 곳이 있어서 이렇게 글을 남겨봅니다  이번에 다녀온 곳은 불국사 근처에 위치한 경주소반이라는 정갈한 한식당이에요  저희는 어른 네    
경주 여행,455, 경북경주  황리단길 한옥펍에서 보낸 저녁  노을뷰까지 좋앗던 황    ,https://blog.naver.com/yeohees2/224398211086,이색적인 경주 여행이 하고싶었는데 제 여행 테마에 너무 잘 맞는거 같았어요  자리에 앉아서 메뉴를    경주 맛집 황남거북이 영수증리뷰도 이벤트중이니 확인하셔요   저는 너무 많이 먹고 마셔서 챙기지못한    , 경북경주  황리단길 한옥펍에서 보낸 저녁  노을뷰까지 좋앗던 황     이색적인 경주 여행이 하고싶었는데 제 여행 테마에 너무 잘 맞는거 같았어요  자리에 앉아서 메뉴를    경주 맛집 황남거북이 영수증리뷰도 이벤트중이니 확인하셔요   저는 너무 많이 먹고 마셔서 챙기지못한    
경주 여행,456,경주 소솜당 한옥 감성 맛집  석갈비와 김치찜이 맛있는 곳,https://blog.naver.com/coddong89/224398199539,  빗소리를 들으면서 따뜻한 한식을 먹으니 오히려 여행 온 기분이 더 물씬 나는 느낌이었답니다       경주여행  경주여행맛집  경주가볼만한곳  경주데이트  경주가족외식  경주밥집  경주감성맛집    ,경주 소솜당 한옥 감성 맛집  석갈비와 김치찜이 맛있는 곳   빗소리를 들으면서 따뜻한 한식을 먹으니 오히려 여행 온 기분이 더 물씬 나는 느낌이었답니다       경주여행  경주여행맛집  경주가볼만한곳  경주데이트  경주가족외식  경주밥집  경주감성맛집    
경주 여행,457,경주,https://blog.naver.com/y_ngl3/224398198871,카우걸   경주 가는 길에 포항을 들려서 마라도에 가줬어요 근데    최영화빵 사세요  네 이렇게 해서 경주 여행은 끝이 났어요 아빠랑 오빠들이 바빠서 시간이 안돼가지고 가족끼리 여행을 못 가다가 저 고2     ,경주 카우걸   경주 가는 길에 포항을 들려서 마라도에 가줬어요 근데    최영화빵 사세요  네 이렇게 해서 경주 여행은 끝이 났어요 아빠랑 오빠들이 바빠서 시간이 안돼가지고 가족끼리 여행을 못 가다가 저 고2     
경주 여행,458,경주여행1박2일 코스 추천  무리없이 여유롭게 즐기는 KTX여행,https://blog.naver.com/hongik1202/224398199469,홀로 여행까지  여유롭게 즐기기 좋은 코스예요 1일차 신라의 자취를 따라 걷는 하루 경주여행1박2일 경주역 도착   양동 민속마을   황리단길 자유중식    대릉원 천마총   첨성대   동궁과 월지    ,경주여행1박2일 코스 추천  무리없이 여유롭게 즐기는 KTX여행 홀로 여행까지  여유롭게 즐기기 좋은 코스예요 1일차 신라의 자취를 따라 걷는 하루 경주여행1박2일 경주역 도착   양동 민속마을   황리단길 자유중식    대릉원 천마총   첨성대   동궁과 월지    
경주 여행,459,경주개인택시 경주관광택시로 편안하게 떠나는 경주 여행,https://blog.naver.com/lllll2488/224398198533,응대하며 여행의 시작부터 마지막 이동까지 기분 좋게 이용할 수 있도록 세심하게 신경 쓰는 것이 좋겠어요  경주 여행을 준비하면서 경주장거리택시를 알아보는 분들도 많으실 텐데요  경주 시내 관광뿐 아니라    ,경주개인택시 경주관광택시로 편안하게 떠나는 경주 여행 응대하며 여행의 시작부터 마지막 이동까지 기분 좋게 이용할 수 있도록 세심하게 신경 쓰는 것이 좋겠어요  경주 여행을 준비하면서 경주장거리택시를 알아보는 분들도 많으실 텐데요  경주 시내 관광뿐 아니라    
경주 여행,460,경주 풀빌라 숙소 추천 알베센트 프라이빗 개별수영장 캠핑존 내돈    ,https://blog.naver.com/optimist322/224397719536,안녕하세요 알찌입니당    경주 여행하면서 숙소 어디로 잡을지 고민하다가 이번에는 조금 제대로 쉬어보자 싶어서 경주 알베센트    숙박 가격은 날짜나 주말 평일  성수기에 따라 차이가 꽤 있어서 여행    ,경주 풀빌라 숙소 추천 알베센트 프라이빗 개별수영장 캠핑존 내돈     안녕하세요 알찌입니당    경주 여행하면서 숙소 어디로 잡을지 고민하다가 이번에는 조금 제대로 쉬어보자 싶어서 경주 알베센트    숙박 가격은 날짜나 주말 평일  성수기에 따라 차이가 꽤 있어서 여행    
경주 여행,461, 경주여행  황리단길 고기집 여기로 종결  잡내없는 목장생갈비 경    ,https://blog.naver.com/coolgaram9/224396484420,청결해보여서 더 좋았어요   경주놀러오시면 황리단길 고기집 목장생고기 가보시는 걸 경주 여행온 사람으로써 맛집 추천드립니닷    잡내도 없고 맛은 기본이고   인심좋으신 사장님이 잘  해서 주실거에요      , 경주여행  황리단길 고기집 여기로 종결  잡내없는 목장생갈비 경     청결해보여서 더 좋았어요   경주놀러오시면 황리단길 고기집 목장생고기 가보시는 걸 경주 여행온 사람으로써 맛집 추천드립니닷    잡내도 없고 맛은 기본이고   인심좋으신 사장님이 잘  해서 주실거에요      
경주 여행,462,경주 여행 가볼 만한 곳 대릉원 포토존 정보,https://blog.naver.com/n11n_a/224398195396,대릉원은 황리단길 바로 옆에 위치하고 있어서 한 번에 둘러보기 좋은 여행 코스로 추천이에요     여유롭게 산책할 수 있었던 경주 여행 가볼 만한 곳 경주 대릉원   경주 여행 가신다면 한 번 방문해 보세요,경주 여행 가볼 만한 곳 대릉원 포토존 정보 대릉원은 황리단길 바로 옆에 위치하고 있어서 한 번에 둘러보기 좋은 여행 코스로 추천이에요     여유롭게 산책할 수 있었던 경주 여행 가볼 만한 곳 경주 대릉원   경주 여행 가신다면 한 번 방문해 보세요
경주 여행,463,경주 가족투어 역사 도슨트 추천   불국사 국보 7선 투어   아이고고X    ,https://blog.naver.com/myigo/224398188554,아이와 함께 경주 여행을 계획하며  교과서에서 보던 불국사를 어떻게 해야 더 깊이 있게 전해줄 수    경주가볼만한곳추천  다보탑  석가탑  관음전  경주역사도슨트  경주데이트코스  경주가족여행  서이추,경주 가족투어 역사 도슨트 추천   불국사 국보 7선 투어   아이고고X     아이와 함께 경주 여행을 계획하며  교과서에서 보던 불국사를 어떻게 해야 더 깊이 있게 전해줄 수    경주가볼만한곳추천  다보탑  석가탑  관음전  경주역사도슨트  경주데이트코스  경주가족여행  서이추
경주 여행,464,부모님과 국내여행 효도여행 경주 달동네 추억의달동네 주차 위치,https://blog.naver.com/spxl1010/224398175033,부모님과 국내여행 효도여행 경주 달동네 추억의달동네 주차 위치 부모님과 함께 경주여행을 계획하고 있다면 천년고도 경주의 문화유적만 둘러보는 여행도 좋지만  부모님 어린 시절의 추억을 함께 떠올려볼    ,부모님과 국내여행 효도여행 경주 달동네 추억의달동네 주차 위치 부모님과 국내여행 효도여행 경주 달동네 추억의달동네 주차 위치 부모님과 함께 경주여행을 계획하고 있다면 천년고도 경주의 문화유적만 둘러보는 여행도 좋지만  부모님 어린 시절의 추억을 함께 떠올려볼    
경주 여행,465,경주 여행 엄마랑 당일치기 황리단길 코스,https://blog.naver.com/seuri_day/224398173025,금요일에 떠난 경주 당일치기 여행 엄마와 함께 황리단길 경주 여행 다녀왔어요  짧지만 알차게 다녀온 경주 여행 코스 지금 바로 소개해 드릴게요    황리단길 도착   미피스토어   아침 겸 점심  신라제면    ,경주 여행 엄마랑 당일치기 황리단길 코스 금요일에 떠난 경주 당일치기 여행 엄마와 함께 황리단길 경주 여행 다녀왔어요  짧지만 알차게 다녀온 경주 여행 코스 지금 바로 소개해 드릴게요    황리단길 도착   미피스토어   아침 겸 점심  신라제면    
경주 여행,466,우리의 첫 경주,https://blog.naver.com/zzyun87/224398165755,생일 기념으로 다같이 경주여행 가기로 했더요    히 에궁 내가 다    이제 여행 간다   1박2일에 짐을 바리바리바리스타로 챙겨    경주야 안뇽 행복했다 오빠 생일추카해 우리가족 사랑해      이     ,우리의 첫 경주 생일 기념으로 다같이 경주여행 가기로 했더요    히 에궁 내가 다    이제 여행 간다   1박2일에 짐을 바리바리바리스타로 챙겨    경주야 안뇽 행복했다 오빠 생일추카해 우리가족 사랑해      이     
경주 여행,467,경주 황리단길 맛집 소소함박 함박스테이크와 육회비빔밥 먹어본     ,https://blog.naver.com/lovejin7705/224398162330, 소소함박  경주소소함박  경주맛집  황리단길맛집  황리단길맛집추천  경주황리단길  경주함박스테이크  경주육회비빔밥  황리단길점심  황리단길식당  경주여행맛집  경주가족여행  아이와경주여행    ,경주 황리단길 맛집 소소함박 함박스테이크와 육회비빔밥 먹어본       소소함박  경주소소함박  경주맛집  황리단길맛집  황리단길맛집추천  경주황리단길  경주함박스테이크  경주육회비빔밥  황리단길점심  황리단길식당  경주여행맛집  경주가족여행  아이와경주여행    
경주 여행,468, 경주 여행 필수 정보  800개 팀이 몰려오는 진짜 이유  모르면 그냥     ,https://blog.naver.com/gogogohappyday/224398161602, 경주유소년축구대회숙소  경주화랑대기  화랑대기전국유소년축구대회  경주유소년축구대회  경주축구대회  경주여행  경주가족여행  경주아이랑가볼만한곳  경주아이와가볼만한곳  경주축제    , 경주 여행 필수 정보  800개 팀이 몰려오는 진짜 이유  모르면 그냥       경주유소년축구대회숙소  경주화랑대기  화랑대기전국유소년축구대회  경주유소년축구대회  경주축구대회  경주여행  경주가족여행  경주아이랑가볼만한곳  경주아이와가볼만한곳  경주축제    
경주 여행,469,KBS2TV 드라마  문무   문무대왕 이야기가 드라마로 ,https://blog.naver.com/my_shiny_days/224398160652, 초등 아이와 경주여행  문무대왕해양역사관   감은사지 방문 포스팅   어제 경주 문무대왕릉 관련 포스팅을 했는데 반갑게도 문무대왕이 드라마로 만들어진다고 한다  장혁  김강우  박성웅  정웅인    ,KBS2TV 드라마  문무   문무대왕 이야기가 드라마로   초등 아이와 경주여행  문무대왕해양역사관   감은사지 방문 포스팅   어제 경주 문무대왕릉 관련 포스팅을 했는데 반갑게도 문무대왕이 드라마로 만들어진다고 한다  장혁  김강우  박성웅  정웅인    
경주 여행,470,경주 황리단길 맛집 BEST 10 경주 여행에서 꼭 가볼만한 맛집,https://blog.naver.com/siho84/224398158167,  추천 부모님과 경주여행   가족여행   깔끔한 한식 4  황리화덕가 450  화덕에서 굽는 피자  경북 경주시 사정로50번길 12  대표메뉴   쉬림프 피자 마르게리타 관자 크림 파스타 한식이 싫다면    ,경주 황리단길 맛집 BEST 10 경주 여행에서 꼭 가볼만한 맛집   추천 부모님과 경주여행   가족여행   깔끔한 한식 4  황리화덕가 450  화덕에서 굽는 피자  경북 경주시 사정로50번길 12  대표메뉴   쉬림프 피자 마르게리타 관자 크림 파스타 한식이 싫다면    
경주 여행,471,9월가볼만한곳 황리단길 포토존 핫플 경주도토리캐리커쳐 칼라액자    ,https://blog.naver.com/flckem11/224398148644,경주 여행의 추억을 사진과 그림으로 오래오래 남겨보세요  경주황리단길  황리단길포토존  황리단길핫플  경주핫플  경주여행  경주가볼만한곳  경주실내데이트  경주데이트  경주포토존  도토리캐리커쳐    ,9월가볼만한곳 황리단길 포토존 핫플 경주도토리캐리커쳐 칼라액자     경주 여행의 추억을 사진과 그림으로 오래오래 남겨보세요  경주황리단길  황리단길포토존  황리단길핫플  경주핫플  경주여행  경주가볼만한곳  경주실내데이트  경주데이트  경주포토존  도토리캐리커쳐    
경주 여행,472,울산 무거동 맛집 문수순메밀 메밀함량 선택가능한 문수경기장 부    ,https://blog.naver.com/mooguess/224398147488,저희 가족은 여름오면 밖에서 제일 많이 먹는 음식이 메밀면과 막국수인데요   오늘 경주 여행가기전 문수경기장 맞은편에 위치한 울산 무거동 맛집 문수순메밀에 방문해서 전메뉴 다 뿌시고 왔거든요 솔직한    ,울산 무거동 맛집 문수순메밀 메밀함량 선택가능한 문수경기장 부     저희 가족은 여름오면 밖에서 제일 많이 먹는 음식이 메밀면과 막국수인데요   오늘 경주 여행가기전 문수경기장 맞은편에 위치한 울산 무거동 맛집 문수순메밀에 방문해서 전메뉴 다 뿌시고 왔거든요 솔직한    
경주 여행,473,만 3주년 기념 경주 여행,https://blog.naver.com/gugomi/224398146881,여행지를 경주로 고른 이유는 글쎄요   부산 사는 동기의 건강 이슈 그리고 수학여행 느낌  울산에 미리 내려와있다가 다음날 올라갑니다 경주 20분 컷 한 시간 정도 일찍 도착해서 서울에서 내려오는 친구들    ,만 3주년 기념 경주 여행 여행지를 경주로 고른 이유는 글쎄요   부산 사는 동기의 건강 이슈 그리고 수학여행 느낌  울산에 미리 내려와있다가 다음날 올라갑니다 경주 20분 컷 한 시간 정도 일찍 도착해서 서울에서 내려오는 친구들    
경주 여행,474,경주 여행 기념품 추천 황남빵 본점 두 번 방문해서 사 먹어본 후    ,https://blog.naver.com/hyelim30613/224398146477,익숙한 맛인데 또 맛은 있어서 자극적인 빵을 별로 안좋아시는분들에게 추천드리고 단팥빵 느낌이긴 한데 피가 얇아서 좋았답니당 경주여행 준비중이시거나 기념품이 고민이시라면 저는 경주 황남빵 추천드려유,경주 여행 기념품 추천 황남빵 본점 두 번 방문해서 사 먹어본 후     익숙한 맛인데 또 맛은 있어서 자극적인 빵을 별로 안좋아시는분들에게 추천드리고 단팥빵 느낌이긴 한데 피가 얇아서 좋았답니당 경주여행 준비중이시거나 기념품이 고민이시라면 저는 경주 황남빵 추천드려유
경주 여행,475,경주 첨성대 야간 미디어아트 후기 명당 시간 대릉원 일정,https://blog.naver.com/rlaguswn444/224398143732,경주 여행으로 빼놓을 수 없는 곳이 바로 경주 첨성대  요즘은 또 해바라기가 한창이라 낮 시간에 자주 가실텐데요  작년부터 시작한 경주 첨성대 미디어아트도 꼭 보고 가야할 필수 코스랍니다  첨성대    ,경주 첨성대 야간 미디어아트 후기 명당 시간 대릉원 일정 경주 여행으로 빼놓을 수 없는 곳이 바로 경주 첨성대  요즘은 또 해바라기가 한창이라 낮 시간에 자주 가실텐데요  작년부터 시작한 경주 첨성대 미디어아트도 꼭 보고 가야할 필수 코스랍니다  첨성대    
경주 여행,476,경주 해바라기 명소 바실라  커피 한 잔과 함께 즐기는 여름 풍경,https://blog.naver.com/logmora/224398142884,경주 여행 코스 중간에 넣으면 더 좋은 이유 바실라 하나만을 위해 경주를 찾기보다는 주변 여행과 연결했을 때 활용도가 높아집니다  경주는 역사문화유적부터 보문관광단지  불국사 일대까지 볼거리가 넓게    ,경주 해바라기 명소 바실라  커피 한 잔과 함께 즐기는 여름 풍경 경주 여행 코스 중간에 넣으면 더 좋은 이유 바실라 하나만을 위해 경주를 찾기보다는 주변 여행과 연결했을 때 활용도가 높아집니다  경주는 역사문화유적부터 보문관광단지  불국사 일대까지 볼거리가 넓게    
경주 여행,477,경주 가성비 아기 숙소 추천 신라부티크호텔 키즈디럭스베드 내돈    ,https://blog.naver.com/nine5689/224398143422,아기랑 경주 여행 계획하시는 엄마아빠들 주목    내돈내산 인증 저는 야놀자로 예약했는데요  인원은    계획한 여행 완전 대성공  다음에 경주오면 무조건 또 오기로       아기랑 함께 하는 가성비 좋은    ,경주 가성비 아기 숙소 추천 신라부티크호텔 키즈디럭스베드 내돈     아기랑 경주 여행 계획하시는 엄마아빠들 주목    내돈내산 인증 저는 야놀자로 예약했는데요  인원은    계획한 여행 완전 대성공  다음에 경주오면 무조건 또 오기로       아기랑 함께 하는 가성비 좋은    
경주 여행,478,경주 현지인 맛집 완도참전복집  전복죽 물회 해물찜 가족 외식 후    ,https://blog.naver.com/nyang_d/224398141983,K주부 경주여행을 하다 보면 황리단길 주변 맛집을 많이 찾게 되는데요  장거리 운전으로 지친 신랑을    관광객이 많은 황리단길 중심에서 조금 벗어난 곳이라 여행객뿐 아니라 경주 현지인 맛집으로 인기가    ,경주 현지인 맛집 완도참전복집  전복죽 물회 해물찜 가족 외식 후     K주부 경주여행을 하다 보면 황리단길 주변 맛집을 많이 찾게 되는데요  장거리 운전으로 지친 신랑을    관광객이 많은 황리단길 중심에서 조금 벗어난 곳이라 여행객뿐 아니라 경주 현지인 맛집으로 인기가    
경주 여행,479,소노캄 경주 리뉴얼  17만원대 객실에 풀앤스파 수영장까지 직접 가    ,https://blog.naver.com/daystar604/224398140090,        나도 경주 여행을 준비하면서 알게 됐는데 객실부터 수영장까지 전체적으로 새롭게    가족여행에서는 꽤 편하더라  경주에서 관광지만 돌아다니는 일정보다는 하루 정도는 소노캄에서    ,소노캄 경주 리뉴얼  17만원대 객실에 풀앤스파 수영장까지 직접 가             나도 경주 여행을 준비하면서 알게 됐는데 객실부터 수영장까지 전체적으로 새롭게    가족여행에서는 꽤 편하더라  경주에서 관광지만 돌아다니는 일정보다는 하루 정도는 소노캄에서    
경주 여행,480,경주루지월드 경주 보문단지 가을 데이트  보문호 전경 루지 한판,https://blog.naver.com/choooocoopie/224398138297,우리처럼 여행 중 하루를 알차게 채우려는 50대 부부한테 딱 맞는 느낌이었어요  루지 카트 탑승할수록    여행 마지막을 시원한 야외 스피드로 채우고픈 분  경주  경주루지월드  경주놀거리  경주데이트  경주여행,경주루지월드 경주 보문단지 가을 데이트  보문호 전경 루지 한판 우리처럼 여행 중 하루를 알차게 채우려는 50대 부부한테 딱 맞는 느낌이었어요  루지 카트 탑승할수록    여행 마지막을 시원한 야외 스피드로 채우고픈 분  경주  경주루지월드  경주놀거리  경주데이트  경주여행
경주 여행,481,경주 신라한복체험 교촌의상실 후기   월정교에서 사진 찍기 좋은     ,https://blog.naver.com/lemon200603/224398138167,친구들이랑 경주 여행 가신다면 경주 신라한복체험 한번 해보는 거 추천드려요 특히 평범한 여행 사진 말고 조금 특별한 사진 남기고 싶은 분들이라면 더 재밌게 즐길 수 있을 것 같아요 커플끼리 입어도 예쁠    ,경주 신라한복체험 교촌의상실 후기   월정교에서 사진 찍기 좋은      친구들이랑 경주 여행 가신다면 경주 신라한복체험 한번 해보는 거 추천드려요 특히 평범한 여행 사진 말고 조금 특별한 사진 남기고 싶은 분들이라면 더 재밌게 즐길 수 있을 것 같아요 커플끼리 입어도 예쁠    
경주 여행,482,반려동물 동반 가능한 황리단길 맛집 첨성대볶음밥 경주 여행코스     ,https://blog.naver.com/igloo6/224398137508,갑니다 경주 식당들은 대부분 간이 자극적이기보다는 삼삼해서 질리지 않고 더부룩하지도 않더라고요 덕분에 2박3일동안 야무지게 먹었습니다 황남두꺼비 경주 여행코스로 추천드려요    네이버 예약 꼭 하시고    ,반려동물 동반 가능한 황리단길 맛집 첨성대볶음밥 경주 여행코스      갑니다 경주 식당들은 대부분 간이 자극적이기보다는 삼삼해서 질리지 않고 더부룩하지도 않더라고요 덕분에 2박3일동안 야무지게 먹었습니다 황남두꺼비 경주 여행코스로 추천드려요    네이버 예약 꼭 하시고    
경주 여행,483,경주엑스포대공원 자연사박물관 경주미술관 경주미디어아트 아이    ,https://blog.naver.com/gywkgywk/224397351023,경주엑스포대공원 경주여행오게되면 아이랑 하루 보내기엔 엑스포대공원이 좋을것같습니다  여러군데를 돌아다닐수 있어서 좋아요  여러가지 테마가 있는 곳이 많은데요  저희는 일정이 빡빡하여  솔거미술관    ,경주엑스포대공원 자연사박물관 경주미술관 경주미디어아트 아이     경주엑스포대공원 경주여행오게되면 아이랑 하루 보내기엔 엑스포대공원이 좋을것같습니다  여러군데를 돌아다닐수 있어서 좋아요  여러가지 테마가 있는 곳이 많은데요  저희는 일정이 빡빡하여  솔거미술관    
경주 여행,484,경주현지인맛집  가족들과 함께 먹고 싶은 갈비찜 맛집 보문뜰,https://blog.naver.com/mint5500/224398127313,가족단위로 경주여행을 하러 올때 온가족이 다 같이 즐길만한    있어서 여행중에 오며가며 들르기가 아주 좋아요  갈비찜  돼지갈비찜    경주 숲머리 맛집 보문뜰의 내부는 한옥으로 되어있는 외부와는 또 다른    ,경주현지인맛집  가족들과 함께 먹고 싶은 갈비찜 맛집 보문뜰 가족단위로 경주여행을 하러 올때 온가족이 다 같이 즐길만한    있어서 여행중에 오며가며 들르기가 아주 좋아요  갈비찜  돼지갈비찜    경주 숲머리 맛집 보문뜰의 내부는 한옥으로 되어있는 외부와는 또 다른    
경주 여행,485,황리단길 걷다 들어간 대릉갈비 생각보다 더 괜찮았네요,https://blog.naver.com/holy35011/224398126360,경주 여행하면서 황리단길을 한참 걷다가 슬슬 배가 고파지기    유명한 경주 고기집 중 하나겠거니 했네요  그런데 막상 들어가 보니    오늘 뭐 먹지 고민하는 시간마저 여행의 일부가 된 느낌이었어요  특히    ,황리단길 걷다 들어간 대릉갈비 생각보다 더 괜찮았네요 경주 여행하면서 황리단길을 한참 걷다가 슬슬 배가 고파지기    유명한 경주 고기집 중 하나겠거니 했네요  그런데 막상 들어가 보니    오늘 뭐 먹지 고민하는 시간마저 여행의 일부가 된 느낌이었어요  특히    
경주 여행,486, 황남칼국수 경주본점 경주 칼국수 맛집 황남 칼국수 황리단길 칼국    ,https://blog.naver.com/gmlakd0105/224398124674,안녕하세요   행복한 복복이네입니다   1박2일 경주여행 아쉬운 마지막 날 경주 황리단길을 전동차를 타고 이곳저곳 종횡무진 누비다  찾아간 황리단길 칼국수 맛집   황남칼국수 경주본점 경주여행    , 황남칼국수 경주본점 경주 칼국수 맛집 황남 칼국수 황리단길 칼국     안녕하세요   행복한 복복이네입니다   1박2일 경주여행 아쉬운 마지막 날 경주 황리단길을 전동차를 타고 이곳저곳 종횡무진 누비다  찾아간 황리단길 칼국수 맛집   황남칼국수 경주본점 경주여행    
경주 여행,487,경주 황리단길 료혼 신라관 후기   일식 좋아하면 한 번쯤 방문하는     ,https://blog.naver.com/jikdkdlend/224398116995,일식집 경주 여행 중 저녁으로 경주 황리단길 맛집 료혼 신라관 방문했어요  평택  분당  수원 등 다른 지역에서도 일식 맛집으로 소문난 료혼을 경주에서도 먹을 수 있는 료혼 신라관  황리단길 골목 안쪽으로    ,경주 황리단길 료혼 신라관 후기   일식 좋아하면 한 번쯤 방문하는      일식집 경주 여행 중 저녁으로 경주 황리단길 맛집 료혼 신라관 방문했어요  평택  분당  수원 등 다른 지역에서도 일식 맛집으로 소문난 료혼을 경주에서도 먹을 수 있는 료혼 신라관  황리단길 골목 안쪽으로    
경주 여행,488,아이랑 경주 맛집 추천 불국사 근처 토함산식당 토종닭백숙 묵은    ,https://blog.naver.com/gyeom-vely/224396704158,경주 여행을 하다 보면 불국사나 보문단지 쪽으로 다닐 일이 많잖아요  이날은 불국사 근처 경주 맛집을 찾아보다 발견한 토함산식당에 다녀왔어요  산자락에 자리하고 있어 주변 풍경을 바라보며 여유롭게    ,아이랑 경주 맛집 추천 불국사 근처 토함산식당 토종닭백숙 묵은     경주 여행을 하다 보면 불국사나 보문단지 쪽으로 다닐 일이 많잖아요  이날은 불국사 근처 경주 맛집을 찾아보다 발견한 토함산식당에 다녀왔어요  산자락에 자리하고 있어 주변 풍경을 바라보며 여유롭게    
경주 여행,489,소노캄 경주 리뉴얼 총정리  웰니스 풀앤스파부터 객실 선택 팁까지,https://blog.naver.com/yeojeong0507/224397494665,경주 여행의 완성  완전히 새로워진 소노캄 경주 경주 가족 여행이나 커플 여행을 계획하시면서 숙소 고민 많으시죠  특히 보문단지 중심에 위치한 소노캄 경주는 늘 인기 있는 곳이에요  이번에 2025년 9월    ,소노캄 경주 리뉴얼 총정리  웰니스 풀앤스파부터 객실 선택 팁까지 경주 여행의 완성  완전히 새로워진 소노캄 경주 경주 가족 여행이나 커플 여행을 계획하시면서 숙소 고민 많으시죠  특히 보문단지 중심에 위치한 소노캄 경주는 늘 인기 있는 곳이에요  이번에 2025년 9월    
경주 여행,490,경주 황리단길 맛집 샷타 내돈내산 술집 추천후기,https://blog.naver.com/malgum_100/224387653005,황리단길 여행 분위기와도 잘 어울려서 친구들과 2차로 방문하거나 데이트하면서 가볍게 술    황남시장맛집  황남시장술집  내돈내산  경주여행  경주여행맛집  경주황리단길  황리단길이자카야  황리단길핫플,경주 황리단길 맛집 샷타 내돈내산 술집 추천후기 황리단길 여행 분위기와도 잘 어울려서 친구들과 2차로 방문하거나 데이트하면서 가볍게 술    황남시장맛집  황남시장술집  내돈내산  경주여행  경주여행맛집  경주황리단길  황리단길이자카야  황리단길핫플
경주 여행,491, 경주 황리단길 맛집 향택 경주 삼치곤드레밥  육회 비빔밥  버섯전     ,https://blog.naver.com/tndkqkr12/224398110915,향택 경주 위치   경북 경주시 사정로57번길 7 7 향택 경주 황리단길 맛집 향택 경주 삼치곤드레밥  육회 비빔밥  버섯전 솔직 후기 안녕하세요 여행하는 수수한 수수입니다  날씨도 선선해지고 경주 여행    , 경주 황리단길 맛집 향택 경주 삼치곤드레밥  육회 비빔밥  버섯전      향택 경주 위치   경북 경주시 사정로57번길 7 7 향택 경주 황리단길 맛집 향택 경주 삼치곤드레밥  육회 비빔밥  버섯전 솔직 후기 안녕하세요 여행하는 수수한 수수입니다  날씨도 선선해지고 경주 여행    
경주 여행,492,경주 치킨 맛집 충효닭집 순살 반반 포장 경주숙소 야식 추천,https://blog.naver.com/yuchaelog/224398074311, 경주숙소야식 경주 여행 일정을 마치고 숙소로 들어가기 전에 치킨을 포장한 뒤  숙소에 도착해 컵라면과 밥을 함께 준비했어요  여행 중 숙소에서 편하게 먹는 치킨은 밖에서 먹는 것과 또 다른 매력이    ,경주 치킨 맛집 충효닭집 순살 반반 포장 경주숙소 야식 추천  경주숙소야식 경주 여행 일정을 마치고 숙소로 들어가기 전에 치킨을 포장한 뒤  숙소에 도착해 컵라면과 밥을 함께 준비했어요  여행 중 숙소에서 편하게 먹는 치킨은 밖에서 먹는 것과 또 다른 매력이    
경주 여행,493,경주커플펜션 한옥스테이뜰 대청마루감성,https://blog.naver.com/happy_today1004/224397641311,경주 여행을 계획하면서 조금 더 특별하고 조용한 곳에서 쉬고 싶어 선택한 한옥스테이 뜰     취사는 불가능하지만 오히려 맛있는 경주 음식을 찾아다니며 여행 자체에 집중할 수 있어 만족스러웠습니다     ,경주커플펜션 한옥스테이뜰 대청마루감성 경주 여행을 계획하면서 조금 더 특별하고 조용한 곳에서 쉬고 싶어 선택한 한옥스테이 뜰     취사는 불가능하지만 오히려 맛있는 경주 음식을 찾아다니며 여행 자체에 집중할 수 있어 만족스러웠습니다     
경주 여행,494,내돈내산 경주 가성비 숙소 펜션 시크릿  개별 바베큐와 깔끔한 아    ,https://blog.naver.com/tastydadong/224398105179,오늘은 지난 경주 여행 때 진짜 알차게 묵고 온 가성비 숙소  펜션 시크릿 을 소개해 드리려고 해요  솔직히 이번 여행은 화려한 감성이나    딱히 밤에 소음이 들리거나 하진 않았어요   경주에서 깔끔하고    ,내돈내산 경주 가성비 숙소 펜션 시크릿  개별 바베큐와 깔끔한 아     오늘은 지난 경주 여행 때 진짜 알차게 묵고 온 가성비 숙소  펜션 시크릿 을 소개해 드리려고 해요  솔직히 이번 여행은 화려한 감성이나    딱히 밤에 소음이 들리거나 하진 않았어요   경주에서 깔끔하고    
경주 여행,495,경주 소노캄 리뉴얼 2026년 9월 최신 요금과 핵심 시설 총정리,https://blog.naver.com/bbaa5736/224398104984,2026년 9월  5성급으로 돌아온 경주 소노캄의 모든 것 경주 여행을 계획 중이신가요  그렇다면 최근    추천 이용 패키지  합리적인 경주 소노캄 여행 경주 소노캄에서는 다양한 패키지를 통해 더욱 합리적인    ,경주 소노캄 리뉴얼 2026년 9월 최신 요금과 핵심 시설 총정리 2026년 9월  5성급으로 돌아온 경주 소노캄의 모든 것 경주 여행을 계획 중이신가요  그렇다면 최근    추천 이용 패키지  합리적인 경주 소노캄 여행 경주 소노캄에서는 다양한 패키지를 통해 더욱 합리적인    
경주 여행,496,포항 아이와 가볼 만한 곳 이가리 닻 전망대 맑은 바다에서 물고기    ,https://blog.naver.com/crab_diary/224397857410,  포항에는 바다를 볼 수 있는 여행지가 정말 많은데 여기는 이름부터 조금 특이하죠  포항 경주 여행의 포항 숙소인  안도바이네이처  바로인근에 있어서 체크인 전이나 체크아웃하고 나오는길에 들러서 놀기    ,포항 아이와 가볼 만한 곳 이가리 닻 전망대 맑은 바다에서 물고기       포항에는 바다를 볼 수 있는 여행지가 정말 많은데 여기는 이름부터 조금 특이하죠  포항 경주 여행의 포항 숙소인  안도바이네이처  바로인근에 있어서 체크인 전이나 체크아웃하고 나오는길에 들러서 놀기    
경주 여행,497,경주보문단지맛집 숲머리면가  동죽칼국수와 해물부추전 먹어본 후    ,https://blog.naver.com/soyeon_ss/224395760415,포스팅해볼께요 경주 여행을 하다 보면 관광지 가까이에 있으면서    우리나라 국보와 경주에 있는 국보에 대한 내용이 표시되어 있어서 식사를 기다리면서 구경하기도 했어요  여행을 오면 음식뿐만 아니라    ,경주보문단지맛집 숲머리면가  동죽칼국수와 해물부추전 먹어본 후     포스팅해볼께요 경주 여행을 하다 보면 관광지 가까이에 있으면서    우리나라 국보와 경주에 있는 국보에 대한 내용이 표시되어 있어서 식사를 기다리면서 구경하기도 했어요  여행을 오면 음식뿐만 아니라    
경주 여행,498, 경북경주  여행기간동안 다녀온 황리단길 맛집  료혼 신라관,https://blog.naver.com/yeohees2/224398090036,경주 여행을 계획하면서 맛있는 곳을 찾아보다가 료혼 신라관에    가게 외관은 경주의 분위기랑 잘어울리는 한옥이었어요 황리단길    여행지에서 흔히 볼 수 있는 화려한 느낌보다는 차분하고 깔끔한    , 경북경주  여행기간동안 다녀온 황리단길 맛집  료혼 신라관 경주 여행을 계획하면서 맛있는 곳을 찾아보다가 료혼 신라관에    가게 외관은 경주의 분위기랑 잘어울리는 한옥이었어요 황리단길    여행지에서 흔히 볼 수 있는 화려한 느낌보다는 차분하고 깔끔한    
경주 여행,499,경주 가볼만한곳 경주소품샵 디스모먼트 경주 감성 소품 구경,https://blog.naver.com/ono_c/224387319640,경주 디스모먼트 위치 및 이용정보 디스모먼트는 황리단길 주변을 여행하면서 함께 들러보기 좋은 경주소품샵이에요  경주 여행 기념으로 가져가기 좋은 작은 소품부터 집에 두고 사용할 만한 제품까지    ,경주 가볼만한곳 경주소품샵 디스모먼트 경주 감성 소품 구경 경주 디스모먼트 위치 및 이용정보 디스모먼트는 황리단길 주변을 여행하면서 함께 들러보기 좋은 경주소품샵이에요  경주 여행 기념으로 가져가기 좋은 작은 소품부터 집에 두고 사용할 만한 제품까지    
경주 여행,500,경주 첨성대 근처 카페 오마모리 말차빙수 맛있는 한옥 감성 카페,https://blog.naver.com/qdf1234/224398072737, 경주카페  경주카페추천  경주오마모리  오마모리경주  첨성대카페  첨성대근처카페  황리단길카페  경주한옥카페  경주말차  경주말차빙수  말차빙수  경주빙수맛집  경주디저트  경주여행  경주내돈내산,경주 첨성대 근처 카페 오마모리 말차빙수 맛있는 한옥 감성 카페  경주카페  경주카페추천  경주오마모리  오마모리경주  첨성대카페  첨성대근처카페  황리단길카페  경주한옥카페  경주말차  경주말차빙수  말차빙수  경주빙수맛집  경주디저트  경주여행  경주내돈내산
전주 여행,1,전주역 맛집 온정스시 장어가 다했다  전주여행 시작과 마무리로     ,https://blog.naver.com/sweetonly/224399947062,전주 도착해서 캐리어 들고 멀리 이동하기 전에 맛있는 거부터 먹고 여행을 시작하기에도 좋고  반대로 전주여행 마지막 날 전주역으로 가기 전에 든든하게 먹고 가기에도 좋은 위치  전주여행의 시작 또는    ,전주역 맛집 온정스시 장어가 다했다  전주여행 시작과 마무리로      전주 도착해서 캐리어 들고 멀리 이동하기 전에 맛있는 거부터 먹고 여행을 시작하기에도 좋고  반대로 전주여행 마지막 날 전주역으로 가기 전에 든든하게 먹고 가기에도 좋은 위치  전주여행의 시작 또는    
전주 여행,2,태안 전주 화장실 소변기 막힘 한 단계 더 나아가는 팁,https://blog.naver.com/twilight25173/224399946329,태안 전주 화장실에 갔는데 소변기가 막혀서 난감한 경험을 한 적 있으신가요  급할 때 화장실에 가야 하는데 소변기가 막히면 정말 당황스럽죠  여러분의 이런 고민과 걱정  충분히 이해합니다  예를 들어  여행    ,태안 전주 화장실 소변기 막힘 한 단계 더 나아가는 팁 태안 전주 화장실에 갔는데 소변기가 막혀서 난감한 경험을 한 적 있으신가요  급할 때 화장실에 가야 하는데 소변기가 막히면 정말 당황스럽죠  여러분의 이런 고민과 걱정  충분히 이해합니다  예를 들어  여행    
전주 여행,3,전주여행 아늑료칸호텔 내돈내산 별채탕 이용 2박3일 후기,https://blog.naver.com/myoru_a/224399943534,지난 주 전주여행을 다녀오며 2박 3일로  아늑료칸호텔 전주 를 이용하고 느낀점을 후기로 말아왔심다    완존 100  내돈내산임  객실은 여러 타입 중에 선택이 가능한데  명상룸  스파룸 등 다양한 룸이 있음    ,전주여행 아늑료칸호텔 내돈내산 별채탕 이용 2박3일 후기 지난 주 전주여행을 다녀오며 2박 3일로  아늑료칸호텔 전주 를 이용하고 느낀점을 후기로 말아왔심다    완존 100  내돈내산임  객실은 여러 타입 중에 선택이 가능한데  명상룸  스파룸 등 다양한 룸이 있음    
전주 여행,4,전주역 현대옥 오징어사리 추가한 콩나물국밥 후기,https://blog.naver.com/hyein_hi7/224399929626,맛있게 잘먹겠습니다     전주여행의 좋은점은 맛집이 진짜 많다   전주 도착해서 첫 음식이 콩나물국밥이라니    진짜 속풀리고 하루종일 건강해지는 느낌 든든하고 맛있잖아요  먹는방법 그대로 하는편    ,전주역 현대옥 오징어사리 추가한 콩나물국밥 후기 맛있게 잘먹겠습니다     전주여행의 좋은점은 맛집이 진짜 많다   전주 도착해서 첫 음식이 콩나물국밥이라니    진짜 속풀리고 하루종일 건강해지는 느낌 든든하고 맛있잖아요  먹는방법 그대로 하는편    
전주 여행,5,전주 여행 레트로 현지인 맛집 가맥집 경원상회,https://blog.naver.com/jkgr020318/224397145728,꼭   드셔보시길 바랍니당  전주맛집  전주가맥집  전주경원상회  전주노포맛집  전주황태맛집  전주술집  전주여행  한옥마을맛집  전주맥주집  전주오징어맛집,전주 여행 레트로 현지인 맛집 가맥집 경원상회 꼭   드셔보시길 바랍니당  전주맛집  전주가맥집  전주경원상회  전주노포맛집  전주황태맛집  전주술집  전주여행  한옥마을맛집  전주맥주집  전주오징어맛집
전주 여행,6,전주 모주 선물은 여기서 사세요  전주 비빔밥 맛집 추천  전주티    ,https://blog.naver.com/autora_kimmy/224399924402,아래 네이버 지도에서 주소를 찾으실 수 있습니다  근데 김부각만 가게가 안와서 부각마을 주소입니다  전주여행에서 이웃님이 사보신 선물은 어떤게 있나요  댓글로 알려주세요   ,전주 모주 선물은 여기서 사세요  전주 비빔밥 맛집 추천  전주티     아래 네이버 지도에서 주소를 찾으실 수 있습니다  근데 김부각만 가게가 안와서 부각마을 주소입니다  전주여행에서 이웃님이 사보신 선물은 어떤게 있나요  댓글로 알려주세요   
전주 여행,7,전주 가족 숙소 추천 한옥마을 인근에서 아이와 가기 좋은 호텔,https://blog.naver.com/reviewlover8/224399918514,성공적인 전주 여행을 위해서는 주요 관광지와의 접근성뿐만 아니라 동행자의 성향과 목적에 맞는 숙소를 선택하는 것이 중요합니다  이번 글에서는 전주 한옥마을과 시내 중심가 인근에서 편안한 휴식을    ,전주 가족 숙소 추천 한옥마을 인근에서 아이와 가기 좋은 호텔 성공적인 전주 여행을 위해서는 주요 관광지와의 접근성뿐만 아니라 동행자의 성향과 목적에 맞는 숙소를 선택하는 것이 중요합니다  이번 글에서는 전주 한옥마을과 시내 중심가 인근에서 편안한 휴식을    
전주 여행,8,전주 가볼만한 곳 여행코스 추천 베스트5 강아지 동반,https://blog.naver.com/hakueiii/224399682472,전주 여행코스 추천 전주 가볼만한 곳 베스트5를 하루에 둘러본다면 전주한옥마을   전주향교   오목대   자만벽화마을   청연루 순서로 움직이는 방법을 추천합니다  아래 여행지를 하나씩 소개해봅니다     ,전주 가볼만한 곳 여행코스 추천 베스트5 강아지 동반 전주 여행코스 추천 전주 가볼만한 곳 베스트5를 하루에 둘러본다면 전주한옥마을   전주향교   오목대   자만벽화마을   청연루 순서로 움직이는 방법을 추천합니다  아래 여행지를 하나씩 소개해봅니다     
전주 여행,9, 전주 맛집  베테랑 칼국수   고소한 들깨 폭탄  전주 필수 코스 내돈    ,https://blog.naver.com/littlejisun/224399905979, 전주맛집  전주한옥마을맛집  전주베테랑칼국수  베테랑칼국수  전주칼국수맛집  전주한옥마을데이트  전주여행코스  전주맛집추천  전주가볼만한곳  전주한옥마을먹거리  전주교동맛집    , 전주 맛집  베테랑 칼국수   고소한 들깨 폭탄  전주 필수 코스 내돈      전주맛집  전주한옥마을맛집  전주베테랑칼국수  베테랑칼국수  전주칼국수맛집  전주한옥마을데이트  전주여행코스  전주맛집추천  전주가볼만한곳  전주한옥마을먹거리  전주교동맛집    
전주 여행,10,전주 여행 필수 코스 길거리야 바게트버거 메뉴  가격  맛 내돈내산,https://blog.naver.com/lovekra88/224399903668,가격이 저렴하다곤 할 수 없지만 상당한 매력을 지닌 음식이라 전주여행을 가신다면 한 번 쯤음 먹어 볼 만한 메뉴였던 것 같네요  맛있게 잘 먹었습니다  길거리야 전주한옥마을점에 대한 보다 자세한 후기는    ,전주 여행 필수 코스 길거리야 바게트버거 메뉴  가격  맛 내돈내산 가격이 저렴하다곤 할 수 없지만 상당한 매력을 지닌 음식이라 전주여행을 가신다면 한 번 쯤음 먹어 볼 만한 메뉴였던 것 같네요  맛있게 잘 먹었습니다  길거리야 전주한옥마을점에 대한 보다 자세한 후기는    
전주 여행,11,대문자 T P인 집단의 당일치기 전주여행,https://blog.naver.com/ugillsam/224399895167,사람 싫어 인간 군체는 8 15 16 17 휴일이 있지만 14일에 휴가를 잡고 여행을 갑니다  사람 싫어 인간 군체 DNA제공자들 및 DNA후배 사실 전주는 남자혈육이 오디세이를 아이맥스로 보고 싶다고 간 거였는데  지가    ,대문자 T P인 집단의 당일치기 전주여행 사람 싫어 인간 군체는 8 15 16 17 휴일이 있지만 14일에 휴가를 잡고 여행을 갑니다  사람 싫어 인간 군체 DNA제공자들 및 DNA후배 사실 전주는 남자혈육이 오디세이를 아이맥스로 보고 싶다고 간 거였는데  지가    
전주 여행,12,전주 한옥마을 맛집 전주는전주 본점  보석 육회 김밥부터 육전까지    ,https://blog.naver.com/hanip4985/224399407446,오랜만에 전주 한옥마을로 여행을 떠나면서  어디서 맛있는 한식을 즐길 수 있을까 한참을 고민했어요  그러다 전북 전주시 완산구 태조로 31에 위치한  전주는전주 전주한옥마을 본점 이라는 곳을    ,전주 한옥마을 맛집 전주는전주 본점  보석 육회 김밥부터 육전까지     오랜만에 전주 한옥마을로 여행을 떠나면서  어디서 맛있는 한식을 즐길 수 있을까 한참을 고민했어요  그러다 전북 전주시 완산구 태조로 31에 위치한  전주는전주 전주한옥마을 본점 이라는 곳을    
전주 여행,13,전주 여행 가볼만한곳 전주한옥마을 한복대여 한복남 가격 시간 후    ,https://blog.naver.com/yo2ng22/224399890578,   전주한옥마을 한복대여 티켓 확인하기 전주 여행 계획 중이라면 추천합니다     전주한옥마을  전주한옥마을한복대여  한옥마을한복체험  한복대여  전주여행  전주경기전  전주가볼만한곳  전북여행    ,전주 여행 가볼만한곳 전주한옥마을 한복대여 한복남 가격 시간 후        전주한옥마을 한복대여 티켓 확인하기 전주 여행 계획 중이라면 추천합니다     전주한옥마을  전주한옥마을한복대여  한옥마을한복체험  한복대여  전주여행  전주경기전  전주가볼만한곳  전북여행    
전주 여행,14, 전주 데이트 파스타  분위기 끝판왕 맛집  실패 없는 코스 추천,https://blog.naver.com/bbangyi_/224399869841,오늘은 전주 여행차 한옥마을 구경을 하다가 들린 양식 맛집  아담  솔직후기입니다  저는 이번에 전주로 2박 3일 여행을 갔는데  처음 도착한 날 저녁에 양식을 먹고 싶어서 열심히 서치하다가 발견한 곳이에요    , 전주 데이트 파스타  분위기 끝판왕 맛집  실패 없는 코스 추천 오늘은 전주 여행차 한옥마을 구경을 하다가 들린 양식 맛집  아담  솔직후기입니다  저는 이번에 전주로 2박 3일 여행을 갔는데  처음 도착한 날 저녁에 양식을 먹고 싶어서 열심히 서치하다가 발견한 곳이에요    
전주 여행,15,나홀로 뚜벅이 국내 여행지 추천 BEST 4 치안과 힐링 코스,https://blog.naver.com/nstartkkh/224399858532,경주  강릉  전주  통영은 KTX와 시내버스 연계가 탁월하고 1인 여행자 대상의 편의시설이 잘 갖추어져 있어 처음 혼자 여행을 시작하는 분들에게 최적의 선택지입니다  한눈에 보는 나홀로 뚜벅이 국내 여행지    ,나홀로 뚜벅이 국내 여행지 추천 BEST 4 치안과 힐링 코스 경주  강릉  전주  통영은 KTX와 시내버스 연계가 탁월하고 1인 여행자 대상의 편의시설이 잘 갖추어져 있어 처음 혼자 여행을 시작하는 분들에게 최적의 선택지입니다  한눈에 보는 나홀로 뚜벅이 국내 여행지    
전주 여행,16,전주에서 인천공항 콜밴 이용 후기  ,https://blog.naver.com/roses386/224399858024,   전주에서 인천공항까지 편하게 이동하고 싶다면 이번 고객님은 가족분들과 함께 해외여행을 앞두고 전주에서 인천공항까지 이동하기 위해 저희에게 예약을 주셨습니다  여행 전날이라 그런지 짐이    ,전주에서 인천공항 콜밴 이용 후기      전주에서 인천공항까지 편하게 이동하고 싶다면 이번 고객님은 가족분들과 함께 해외여행을 앞두고 전주에서 인천공항까지 이동하기 위해 저희에게 예약을 주셨습니다  여행 전날이라 그런지 짐이    
전주 여행,17,전주 호텔 한옥마을 일락당 사랑채 장점 3가지,https://blog.naver.com/hvxwpmjgkgohqm1l/224399854322,전주 호텔 한옥마을 일락당 사랑채 장점 3가지 전주 한옥마을 여행을 계획하면서 숙소 선택에 고민이 많았어요  특히 한옥마을 내에서 편안한 휴식을 원하는 분들께 어떤 숙소가 적합할지 궁금했죠     ,전주 호텔 한옥마을 일락당 사랑채 장점 3가지 전주 호텔 한옥마을 일락당 사랑채 장점 3가지 전주 한옥마을 여행을 계획하면서 숙소 선택에 고민이 많았어요  특히 한옥마을 내에서 편안한 휴식을 원하는 분들께 어떤 숙소가 적합할지 궁금했죠     
전주 여행,18, 전주맛집  전주여행 맛집 추천 해태바베큐 내돈내산 웨이팅   꿀팁     ,https://blog.naver.com/daunzzi/224399845935,오늘은 전주 여행을 다녀오신 분들이라면 한 번쯤 들어보셨을  입소문 어마어마한 노포 감성 맛집 후기를 낋여왔어용  바로 전주시 완산구에 위치한  해태바베큐 인데요  전주 한옥마을이나 전동성당 같은    , 전주맛집  전주여행 맛집 추천 해태바베큐 내돈내산 웨이팅   꿀팁      오늘은 전주 여행을 다녀오신 분들이라면 한 번쯤 들어보셨을  입소문 어마어마한 노포 감성 맛집 후기를 낋여왔어용  바로 전주시 완산구에 위치한  해태바베큐 인데요  전주 한옥마을이나 전동성당 같은    
전주 여행,19,둘이 아닌 셋이서 전주여행,https://blog.naver.com/yun_uu88/224399831192,한 여름의 당일치기 전주여행 생각해보니 연애때보다 결혼하고 나서 여행을 더 안다녔던거 같다  그래서 말양이가 태어나기 전에 열심히 돌아다니자 마음으로 오빠랑 가게된 전주여행 연애 때 갔던 전주였는데    ,둘이 아닌 셋이서 전주여행 한 여름의 당일치기 전주여행 생각해보니 연애때보다 결혼하고 나서 여행을 더 안다녔던거 같다  그래서 말양이가 태어나기 전에 열심히 돌아다니자 마음으로 오빠랑 가게된 전주여행 연애 때 갔던 전주였는데    
전주 여행,20, 전북 전주  전주한옥마을 도보 10분 히하호게스트하우스 자세한 후    ,https://blog.naver.com/ondubuon/224399829465,안녕하세요 온두부에요 전주여행으로 새로 지어 깔끔하고 쾌적한 전주한옥마을 도보 10분거리 히하호게스트하우스 후기에요 히하호게스트하우스  전북 전주시 완산구 관선1길 25  0507 1491 5536 3시 체크인   11시    , 전북 전주  전주한옥마을 도보 10분 히하호게스트하우스 자세한 후     안녕하세요 온두부에요 전주여행으로 새로 지어 깔끔하고 쾌적한 전주한옥마을 도보 10분거리 히하호게스트하우스 후기에요 히하호게스트하우스  전북 전주시 완산구 관선1길 25  0507 1491 5536 3시 체크인   11시    
전주 여행,21,전주 자만벽화마을  골목마다 이야기가 가득한 전주 여행지,https://blog.naver.com/wow_junghwa/224399825628,한옥마을 언덕 위 미술관 전주 자만벽화마을 글 사진  살림하는여행가 전주 한옥마을을 여행할 때면 그냥 지나치기 아쉬운 곳이 있다  바로 전주 자만벽화마을이다  전주 자만 마을 소개와 골목 지도 전주    ,전주 자만벽화마을  골목마다 이야기가 가득한 전주 여행지 한옥마을 언덕 위 미술관 전주 자만벽화마을 글 사진  살림하는여행가 전주 한옥마을을 여행할 때면 그냥 지나치기 아쉬운 곳이 있다  바로 전주 자만벽화마을이다  전주 자만 마을 소개와 골목 지도 전주    
전주 여행,22,  다가양조장   전주객사 술집추천 무한안주맛집 전주또간집 1등       ,https://blog.naver.com/ghkdguswjd656/224399818180,   진짜 맛있더라구요 그래도 다 못먹어서 이제 진짜 막잔하고 일어나자 하는데  띠용 미역국이 나와욬      안그래도 남자친구 생일기념으로 전주여행 온거라 미역국 못먹나했는데 이렇게    ,  다가양조장   전주객사 술집추천 무한안주맛집 전주또간집 1등           진짜 맛있더라구요 그래도 다 못먹어서 이제 진짜 막잔하고 일어나자 하는데  띠용 미역국이 나와욬      안그래도 남자친구 생일기념으로 전주여행 온거라 미역국 못먹나했는데 이렇게    
전주 여행,23,전주 객사 맛집   누보닭갈비 내돈내산 후기   닭갈비 고르곤졸라피    ,https://blog.naver.com/cestisch/224399814645,세티입니다   오늘은 전주 여행 첫 번째 맛집  누보닭갈비 의 내돈내산 후기를 기록해볼게요  누보닭갈비  전북 전주시 완산구 전주객사4길 74 54   영업시간   매일 11 00   22 00  브레이크타임 15 30   17 00   주차    ,전주 객사 맛집   누보닭갈비 내돈내산 후기   닭갈비 고르곤졸라피     세티입니다   오늘은 전주 여행 첫 번째 맛집  누보닭갈비 의 내돈내산 후기를 기록해볼게요  누보닭갈비  전북 전주시 완산구 전주객사4길 74 54   영업시간   매일 11 00   22 00  브레이크타임 15 30   17 00   주차    
전주 여행,24,전주 풍남문광장 금연 금주 구역 지정 과태료 5만원 및 단속 일정 정    ,https://blog.naver.com/trendalert/224399797558,전주 여행의 필수 명소인 전주한옥마을 인근에 위치해 많은 시민과 관광객이 찾는 전주 풍남문광장이 새롭게 탈바꿈합니다  그동안 일부 무질서한 행위로 인해 불편을 겪었던 광장이 술과 담배 없는 청정    ,전주 풍남문광장 금연 금주 구역 지정 과태료 5만원 및 단속 일정 정     전주 여행의 필수 명소인 전주한옥마을 인근에 위치해 많은 시민과 관광객이 찾는 전주 풍남문광장이 새롭게 탈바꿈합니다  그동안 일부 무질서한 행위로 인해 불편을 겪었던 광장이 술과 담배 없는 청정    
전주 여행,25,전주 호텔 노송동의 프라이빗 하우스  75m   침실 3개  프라이빗 욕실    ,https://blog.naver.com/x84l6o5t7qhzvtzc/224399789445,특히 가족 단위 여행자에게 안성맞춤인 것 같아요     2위   전주 신시가지 쿡 2  전주 신시가지 쿡 1박 37 124원  별점         반면 전주 신시가지 쿡은 합리적인 가격에 깔끔한 객실을 제공하는    ,전주 호텔 노송동의 프라이빗 하우스  75m   침실 3개  프라이빗 욕실     특히 가족 단위 여행자에게 안성맞춤인 것 같아요     2위   전주 신시가지 쿡 2  전주 신시가지 쿡 1박 37 124원  별점         반면 전주 신시가지 쿡은 합리적인 가격에 깔끔한 객실을 제공하는    
전주 여행,26,전주여행에서 빠질 수 없는 전주한옥마을 카페  고즈넉한 찻집 교동    ,https://blog.naver.com/gyung_____/224399778360,최근에 전주여행을 다녀오면서  제가 보던 유튜버가 소개해주신 전주 한옥마을 카페인 교동다원에 들렀던 후기를 써봅니다  교동다원은 전주한옥마을 안에 위치하고 있어요  아래 지도를 참고해주세요     ,전주여행에서 빠질 수 없는 전주한옥마을 카페  고즈넉한 찻집 교동     최근에 전주여행을 다녀오면서  제가 보던 유튜버가 소개해주신 전주 한옥마을 카페인 교동다원에 들렀던 후기를 써봅니다  교동다원은 전주한옥마을 안에 위치하고 있어요  아래 지도를 참고해주세요     
전주 여행,27, 목포  가볼만한곳  목포 해상케이블카 가격  할인  내돈내산 후기,https://blog.naver.com/mewing-/224399775335,야옹이예요  전주    목포    제주 여행기 오늘은 목포 여행에서 진짜 가장 스릴있고 재밌었던  목포 가볼만한곳 한 곳을 소개시켜드리려구요    목포해상케이블카 북항승강장   네이버지도 목포 해상케이블카    , 목포  가볼만한곳  목포 해상케이블카 가격  할인  내돈내산 후기 야옹이예요  전주    목포    제주 여행기 오늘은 목포 여행에서 진짜 가장 스릴있고 재밌었던  목포 가볼만한곳 한 곳을 소개시켜드리려구요    목포해상케이블카 북항승강장   네이버지도 목포 해상케이블카    
전주 여행,28,전주 한옥마을 1박 2일 여행 코스 추천 및 길거리 간식 리스트,https://blog.naver.com/cubone-/224386746156,오늘은 맛과 멋의 고장 전주 한옥마을 여행 코스를 소개해 드렸어요  이번 주말에는 아름다운 한옥 풍경을 감상하며 맛있는 간식 투어를 떠나보시는 건 어떨까요 ,전주 한옥마을 1박 2일 여행 코스 추천 및 길거리 간식 리스트 오늘은 맛과 멋의 고장 전주 한옥마을 여행 코스를 소개해 드렸어요  이번 주말에는 아름다운 한옥 풍경을 감상하며 맛있는 간식 투어를 떠나보시는 건 어떨까요 
전주 여행,29,전주 고속버스터미널 시간표 하게 확인하고 맛집까지 꿀팁,https://blog.naver.com/ksh32181/224399469065,전주 여행 시 유용한 꿀팁 전주를 더욱 알차게 즐기기 위한 몇 가지 꿀팁을 공유합니다  고속버스터미널에서 한옥마을까지는 택시를 이용하면 약 10 15분 정도 소요됩니다  버스를 이용할 경우에도 다양한    ,전주 고속버스터미널 시간표 하게 확인하고 맛집까지 꿀팁 전주 여행 시 유용한 꿀팁 전주를 더욱 알차게 즐기기 위한 몇 가지 꿀팁을 공유합니다  고속버스터미널에서 한옥마을까지는 택시를 이용하면 약 10 15분 정도 소요됩니다  버스를 이용할 경우에도 다양한    
전주 여행,30,  전주 2박 3일 맛집 추천,https://blog.naver.com/ajbgmall/224399768935, 전주맛집  전주맛집추천  전주여행  전주여행코스  전주가볼만한곳  전주가족여행  전주먹방  전주맛집리뷰  전주카페  전주카페추천  전주팥빙수  전주아이와가볼만한곳  전주2박3일  전주여행추천  AJBGMALL,  전주 2박 3일 맛집 추천  전주맛집  전주맛집추천  전주여행  전주여행코스  전주가볼만한곳  전주가족여행  전주먹방  전주맛집리뷰  전주카페  전주카페추천  전주팥빙수  전주아이와가볼만한곳  전주2박3일  전주여행추천  AJBGMALL
전주 여행,31,전주여행   담양추성로 1205에서 만난  갈비한상,https://blog.naver.com/son4226_/224399768600,안녕하세요 문경선옥입니다    전주여행을 하다 보면 관광지만큼이나 기대되는 것이 바로 맛집 탐방이죠   이번 여행의 여섯 번째 이야기는 여행의 피로를 든든하게 풀어준 곳  추성로1205 갈비집입니다     ,전주여행   담양추성로 1205에서 만난  갈비한상 안녕하세요 문경선옥입니다    전주여행을 하다 보면 관광지만큼이나 기대되는 것이 바로 맛집 탐방이죠   이번 여행의 여섯 번째 이야기는 여행의 피로를 든든하게 풀어준 곳  추성로1205 갈비집입니다     
전주 여행,32, 전주  2박3일 전주여행   전주에 간 빵도  전주 첫경험,https://blog.naver.com/go_odssol/224399768390,사실 전주여행은 빵도의 나 혼자 여행으로 계획했으나 여행 전 갑자기 마음 심란 이슈로 당사자 모르게 찌도와 함께하는 여행으로 변경  숙소는 처음에 혼자 갈 생각으로 미리 잡아뒀었구 기차표는 찌도    , 전주  2박3일 전주여행   전주에 간 빵도  전주 첫경험 사실 전주여행은 빵도의 나 혼자 여행으로 계획했으나 여행 전 갑자기 마음 심란 이슈로 당사자 모르게 찌도와 함께하는 여행으로 변경  숙소는 처음에 혼자 갈 생각으로 미리 잡아뒀었구 기차표는 찌도    
전주 여행,33, 전주도 로컬 패스  더 풍성한 전주 여행 즐기는 법  내가 사랑하는     ,https://blog.naver.com/tripongil/224399757685,전주도 로컬 패스  여행온길   전주도 로컬 패스 전주여행을 준비하고 있는데 유명한 전주 명소들만 생각난다면  전주도 로컬 패스를 사용하면 혜택과 함께 더 풍성하고 알차게 찐 전주를 즐겨볼 수 있다는 사실    , 전주도 로컬 패스  더 풍성한 전주 여행 즐기는 법  내가 사랑하는      전주도 로컬 패스  여행온길   전주도 로컬 패스 전주여행을 준비하고 있는데 유명한 전주 명소들만 생각난다면  전주도 로컬 패스를 사용하면 혜택과 함께 더 풍성하고 알차게 찐 전주를 즐겨볼 수 있다는 사실    
전주 여행,34, 라한호텔 전주,https://blog.naver.com/jung10507/224399748077,가족들과 즐거운 여름여행   전주 라한호텔에 다녀왔어요  차를 타고 씽씽달려서 전주 도착  객실은  한옥뷰 디럭스 트윈  들어가면 바로보이는 입구에 커피포트와 생수  차  종이컵이있구요  밑에는 미니    , 라한호텔 전주 가족들과 즐거운 여름여행   전주 라한호텔에 다녀왔어요  차를 타고 씽씽달려서 전주 도착  객실은  한옥뷰 디럭스 트윈  들어가면 바로보이는 입구에 커피포트와 생수  차  종이컵이있구요  밑에는 미니    
전주 여행,35,전주 가볼만한곳 9월 추천  가을 여행 코스 이렇게 다녀오세요,https://blog.naver.com/relimo/224396492329,전주한옥마을 전주 여행에서 가장 먼저 떠오르는 곳이죠  한옥이 이어지는 골목을 천천히 걷다 보면 여행 온 기분이 제대로 느껴져요  한복을 입고 사진을 찍어도 좋고 한옥 카페에 들러 쉬어가도 좋아서    ,전주 가볼만한곳 9월 추천  가을 여행 코스 이렇게 다녀오세요 전주한옥마을 전주 여행에서 가장 먼저 떠오르는 곳이죠  한옥이 이어지는 골목을 천천히 걷다 보면 여행 온 기분이 제대로 느껴져요  한복을 입고 사진을 찍어도 좋고 한옥 카페에 들러 쉬어가도 좋아서    
전주 여행,36,전주 카페 평화와평화 한옥마을 근처 휘낭시에 맛집,https://blog.naver.com/zzzz_zz0/224399736790,전주 카페  한옥마을 근처 휘낭시에 맛집 평화와평화  좋은 주방  전북 전주시 완산구 전주천서로 47    매일 08 00   20 00   전용 주차공간 없음  근처 무료주차장 이용 가능 전주 여행 간다고 카페 추천을    ,전주 카페 평화와평화 한옥마을 근처 휘낭시에 맛집 전주 카페  한옥마을 근처 휘낭시에 맛집 평화와평화  좋은 주방  전북 전주시 완산구 전주천서로 47    매일 08 00   20 00   전용 주차공간 없음  근처 무료주차장 이용 가능 전주 여행 간다고 카페 추천을    
전주 여행,37,전주다래끼  외출 전에 갑자기 눈꺼풀이 붓고 아프다면 ,https://blog.naver.com/kgidistinction/224391756066,선선한 바람이 불기 시작하는 9월에는 여름보다 야외 활동이 한결 편해지면서 여행하거나 산책을    전주다래끼 다래끼가 의심된다고 해서 손으로 누르거나 직접 짜서 내용물을 빼내려고 하는 행동은 피해야    ,전주다래끼  외출 전에 갑자기 눈꺼풀이 붓고 아프다면  선선한 바람이 불기 시작하는 9월에는 여름보다 야외 활동이 한결 편해지면서 여행하거나 산책을    전주다래끼 다래끼가 의심된다고 해서 손으로 누르거나 직접 짜서 내용물을 빼내려고 하는 행동은 피해야    
전주 여행,38,전주 다가여행자도서관,https://blog.naver.com/smy2266/224399712277,좋아요 온돌마루도 있고 테이블도 있어요 딸하고 전 엽서에 색칠하고 왔답니다 지나가다 보시면 한번 들러보세요  색다른 경험이 될거에요  전주가볼만한곳  전주도서관  전주다가여행자도서관  전주  도서관,전주 다가여행자도서관 좋아요 온돌마루도 있고 테이블도 있어요 딸하고 전 엽서에 색칠하고 왔답니다 지나가다 보시면 한번 들러보세요  색다른 경험이 될거에요  전주가볼만한곳  전주도서관  전주다가여행자도서관  전주  도서관
전주 여행,39, 전주여행  2일차   현대옥 남부시장점  길다방  동쿡바게트바   전주    ,https://blog.naver.com/rin_marcellina/224399152669,전주 1일차에 이어서  전주 1박2일 코스   1일차 치명자산 성지   메르밀진미집 금암직영점     글로스터호텔 전주   체크인    디드 DID 객사점   금지옥엽   동영커피   전주 옥 순교지   PNB 풍년제과    , 전주여행  2일차   현대옥 남부시장점  길다방  동쿡바게트바   전주     전주 1일차에 이어서  전주 1박2일 코스   1일차 치명자산 성지   메르밀진미집 금암직영점     글로스터호텔 전주   체크인    디드 DID 객사점   금지옥엽   동영커피   전주 옥 순교지   PNB 풍년제과    
전주 여행,40, 통영맛집  전현무계획에 나온 통영다찌 맛집   은하수다찌 내돈내    ,https://blog.naver.com/dkfkfldkek/224399666599,여전히 거제 통영 여행중  통영에 숙박을 잡아 여행을 하다보니 자연스레 통영에서 둘째날 저녁식사를    다찌가 뭐냐  하면 전주의 막걸리한상 요새 유행하는 이모카세 같은 느낌으로 술을 시키면 안주가    , 통영맛집  전현무계획에 나온 통영다찌 맛집   은하수다찌 내돈내     여전히 거제 통영 여행중  통영에 숙박을 잡아 여행을 하다보니 자연스레 통영에서 둘째날 저녁식사를    다찌가 뭐냐  하면 전주의 막걸리한상 요새 유행하는 이모카세 같은 느낌으로 술을 시키면 안주가    
전주 여행,41,1박 2일 전주 한옥마을  아이랑 홍시 한옥숙박 조식 전주난장 한울밥    ,https://blog.naver.com/kje2591/224399664962,잰하   무더운 여름  남편의 고향인 전주에서 가족 제사가 있어서 겸사겸사 짧은 여행을 다녀왔다 아이들이랑 전주 한옥마을 다니면 재밌을 것 같아서 한옥 숙박도 예약했다 전주 한옥마을은 3번정도 와봤는데    ,1박 2일 전주 한옥마을  아이랑 홍시 한옥숙박 조식 전주난장 한울밥     잰하   무더운 여름  남편의 고향인 전주에서 가족 제사가 있어서 겸사겸사 짧은 여행을 다녀왔다 아이들이랑 전주 한옥마을 다니면 재밌을 것 같아서 한옥 숙박도 예약했다 전주 한옥마을은 3번정도 와봤는데    
전주 여행,42,해외여행 준비가 더 편해졌다  KT 로밍 데이터 확대   전주 익산에서    ,https://blog.naver.com/dhlimousine/224399662286,전주 익산 여행객이라면 무료 장기주차도 활용하세요 자가용으로 대한관광리무진 승차장까지 이동하는 고객이라면 승객전용 무료 장기주차장을 이용할 수 있다는 것도 장점입니다  전주와 익산IC 승차장    ,해외여행 준비가 더 편해졌다  KT 로밍 데이터 확대   전주 익산에서     전주 익산 여행객이라면 무료 장기주차도 활용하세요 자가용으로 대한관광리무진 승차장까지 이동하는 고객이라면 승객전용 무료 장기주차장을 이용할 수 있다는 것도 장점입니다  전주와 익산IC 승차장    
전주 여행,43,전주 고속버스터미널 시간표 예매부터 주차장 맛집까지 최신 정보     ,https://blog.naver.com/cochfls01948/224399388639,시간표 확인부터 예매 방법  터미널 주차장 정보  그리고 주변 맛집까지  전주 여행을 계획하시는 분들께 꼭 필요한 내용을 상세하게 정리했습니다   시간표 바로 확인   주차장 정보 조회   맛집 리스트 보기  1     ,전주 고속버스터미널 시간표 예매부터 주차장 맛집까지 최신 정보      시간표 확인부터 예매 방법  터미널 주차장 정보  그리고 주변 맛집까지  전주 여행을 계획하시는 분들께 꼭 필요한 내용을 상세하게 정리했습니다   시간표 바로 확인   주차장 정보 조회   맛집 리스트 보기  1     
전주 여행,44,강릉 만동제과  왜 이렇게 유명할까  여행 가면 꼭 찾는 빵집 추천,https://blog.naver.com/mercurykm/224399655096,저는 봄에는 전주  여름에는 강릉 여행을 좋아하는데요  강릉 여행을 계획하다 보면 맛집만큼 더 고민되는게 있는데   여기까지 왔는데 꼭 먹어봐야 하는 것은 뭐지  하는 것들입니다  특히 강릉은 커피부터    ,강릉 만동제과  왜 이렇게 유명할까  여행 가면 꼭 찾는 빵집 추천 저는 봄에는 전주  여름에는 강릉 여행을 좋아하는데요  강릉 여행을 계획하다 보면 맛집만큼 더 고민되는게 있는데   여기까지 왔는데 꼭 먹어봐야 하는 것은 뭐지  하는 것들입니다  특히 강릉은 커피부터    
전주 여행,45,유럽 감성과 이색적인 토루를 한번에   청주공항 무료수송 포함 대    ,https://blog.naver.com/nada121600/224399649397, 포함사항  왕복항공료  유류할증료 및 TAX  숙소비  식사비  전용차량  관광지 입장료  기사 가이드 경비  여행자보험 광주 전주      청구공항 무료수송 셔틀   불포함사항  기타 개인경비  각종 매너팁    ,유럽 감성과 이색적인 토루를 한번에   청주공항 무료수송 포함 대      포함사항  왕복항공료  유류할증료 및 TAX  숙소비  식사비  전용차량  관광지 입장료  기사 가이드 경비  여행자보험 광주 전주      청구공항 무료수송 셔틀   불포함사항  기타 개인경비  각종 매너팁    
전주 여행,46,전주 호텔 하늘애 전주한옥마을숙박 솔직후기,https://blog.naver.com/xsag5rskhb0j7se/224399648143,전주 호텔 하늘애 전주한옥마을숙박 솔직후기 전주에 여행 가신다면 숙소 선택이 항상 고민이죠  특히 한옥마을 근처에서의 숙박을 찾으신다면 어떤 곳이 좋을지 궁금하실 거예요  그래서 오늘은 제가    ,전주 호텔 하늘애 전주한옥마을숙박 솔직후기 전주 호텔 하늘애 전주한옥마을숙박 솔직후기 전주에 여행 가신다면 숙소 선택이 항상 고민이죠  특히 한옥마을 근처에서의 숙박을 찾으신다면 어떤 곳이 좋을지 궁금하실 거예요  그래서 오늘은 제가    
전주 여행,47,전주맛집 여행 제대로  전주물갈비  베테랑칼국수 방문후기 ,https://blog.naver.com/sosohansona/224399641808,오늘은 작년 이맘때 다녀온 전주여행 이야기를 적어보려고 합니다  저희 부부는 자차로 이동하는 것보다 KTX를 타고 여행하는 것을 좋아하는데요  운전할 필요 없이 편하게 이동하면서 여행 기분도 제대로 낼 수    ,전주맛집 여행 제대로  전주물갈비  베테랑칼국수 방문후기  오늘은 작년 이맘때 다녀온 전주여행 이야기를 적어보려고 합니다  저희 부부는 자차로 이동하는 것보다 KTX를 타고 여행하는 것을 좋아하는데요  운전할 필요 없이 편하게 이동하면서 여행 기분도 제대로 낼 수    
전주 여행,48,전주 호텔 아름다운집 한옥 체험관 추천 이유,https://blog.naver.com/u8t8rpu183s3/224399623931,전주 H Avenue 전주 터미널 지점 1박 294 403원  별점        편리한 위치에 있어 여행자들에게 인기가 많아요  전주 호텔 아름다운집 한옥 체험관를 기준으로 보면 이 순위 숙소는 구성과 관리 편의성을    ,전주 호텔 아름다운집 한옥 체험관 추천 이유 전주 H Avenue 전주 터미널 지점 1박 294 403원  별점        편리한 위치에 있어 여행자들에게 인기가 많아요  전주 호텔 아름다운집 한옥 체험관를 기준으로 보면 이 순위 숙소는 구성과 관리 편의성을    
전주 여행,49,라한호텔 전주 수영장 조식 사우나 가격 예약 꿀팁,https://blog.naver.com/luvbittt/224399619030,저처럼 전주여행 예정이신 분들은 꼭    할인쿠폰팩 받고 예약하시는 걸 추천드려요  여기어때 숙소 할인쿠폰팩 다운 위치  전주한옥마을 도보 3분 위치 얘기를 안 할 수가 없어요  체크인하고 엘리베이터    ,라한호텔 전주 수영장 조식 사우나 가격 예약 꿀팁 저처럼 전주여행 예정이신 분들은 꼭    할인쿠폰팩 받고 예약하시는 걸 추천드려요  여기어때 숙소 할인쿠폰팩 다운 위치  전주한옥마을 도보 3분 위치 얘기를 안 할 수가 없어요  체크인하고 엘리베이터    
전주 여행,50,2026여름방학여행 전주 2,https://blog.naver.com/ssone8318/224399604191,전주 초코파이 사고 집으로    다음 겨울방학엔 어디루   잘 놀았으니 또 열심히    날 좋을때 맛난 거 많은 전주로 가보세요    전주여행 전주한옥마을 전주전동떡갈비  전주는전주한옥마을본점 전주파스쿠찌,2026여름방학여행 전주 2 전주 초코파이 사고 집으로    다음 겨울방학엔 어디루   잘 놀았으니 또 열심히    날 좋을때 맛난 거 많은 전주로 가보세요    전주여행 전주한옥마을 전주전동떡갈비  전주는전주한옥마을본점 전주파스쿠찌
전주 여행,51, 금암면옥 본점  전주 금암동 맛집 전주 여행 필수코스 칼국수 돈가    ,https://blog.naver.com/suni_log_in/224399595874,통깨가 잔뜩 들어가 있어서 고소하고 계란이 풀어져 있어서 녹진한게 진짜 맛있으니 꼭 드셔보세요      전주 맛집 전주 여행코스 전주 금암동 맛집 찾으시면 금암면옥 본점 강력 추천드립니다  , 금암면옥 본점  전주 금암동 맛집 전주 여행 필수코스 칼국수 돈가     통깨가 잔뜩 들어가 있어서 고소하고 계란이 풀어져 있어서 녹진한게 진짜 맛있으니 꼭 드셔보세요      전주 맛집 전주 여행코스 전주 금암동 맛집 찾으시면 금암면옥 본점 강력 추천드립니다  
전주 여행,52,전주 1박 2일 식도락 여행 전주한옥마을부터 콩나물국밥 비빔밥     ,https://blog.naver.com/key11145/224399595440,그래서 전주 여행은 식도락 여행과 궁합이 상당히 좋습니다   전주 1박 2일 식도락 여행 전체 일정  1일차 전주 도착   점심 콩나물국밥   전주한옥마을   경기전   전동성당   한옥마을 간식   오목대    ,전주 1박 2일 식도락 여행 전주한옥마을부터 콩나물국밥 비빔밥      그래서 전주 여행은 식도락 여행과 궁합이 상당히 좋습니다   전주 1박 2일 식도락 여행 전체 일정  1일차 전주 도착   점심 콩나물국밥   전주한옥마을   경기전   전동성당   한옥마을 간식   오목대    
전주 여행,53,여행의 중간에 발견한 전주휘낭시에맛집 근처  휴식과 여유를 주는     ,https://blog.naver.com/dyqbgiylateo/224399591282,주소 및 연락처 주소   전북 전주시 완산구 태평1길 32 2층 연락처   010 5041    싶어요 전주휘낭시에맛집 찾으러 오시는 분들이라면 꼭 한 번쯤 들러볼 만한 곳이에요 전주하면 떠오르는 건 맛있는 음식도 많지만    ,여행의 중간에 발견한 전주휘낭시에맛집 근처  휴식과 여유를 주는      주소 및 연락처 주소   전북 전주시 완산구 태평1길 32 2층 연락처   010 5041    싶어요 전주휘낭시에맛집 찾으러 오시는 분들이라면 꼭 한 번쯤 들러볼 만한 곳이에요 전주하면 떠오르는 건 맛있는 음식도 많지만    
전주 여행,54,전주 1박 2일 혼자 여행 01 2,https://blog.naver.com/0408heejin/224397633572,도대체 나는 왜 혼자 다녀야 하는지 이해가 안간다 이번엔 딸기맛초코파이다    주차장 공사인가  도대체 뭔가 모르겠다 다음 여행은 내년쯤  잘지내 전주한옥마을   04월 전주 여행 포스팅  ,전주 1박 2일 혼자 여행 01 2 도대체 나는 왜 혼자 다녀야 하는지 이해가 안간다 이번엔 딸기맛초코파이다    주차장 공사인가  도대체 뭔가 모르겠다 다음 여행은 내년쯤  잘지내 전주한옥마을   04월 전주 여행 포스팅  
전주 여행,55,국내여행 아이랑 부여1박2일코스   황포돛배  낙화암  하루two펜션      ,https://blog.naver.com/tlstlf2669/224399575741,전주1박2일하고 부여로 1박2일 아들이 엄마차는 타임머신이라면서        부여는 백제의    아이가 너무 좋았다며 또 가자고 한 여행 나도 좋았다 이제 전라북도까지 갈정도 거리는 이제 별거 아니라는    ,국내여행 아이랑 부여1박2일코스   황포돛배  낙화암  하루two펜션       전주1박2일하고 부여로 1박2일 아들이 엄마차는 타임머신이라면서        부여는 백제의    아이가 너무 좋았다며 또 가자고 한 여행 나도 좋았다 이제 전라북도까지 갈정도 거리는 이제 별거 아니라는    
전주 여행,56,7개월 아기랑 전주여행   스테이 수채화 펜션 감성 독채 후기,https://blog.naver.com/1004_jjune/224399563617,바로 전주 스테이 수채화입니다 또한 사장님은 서울대학교 미학과 출신이에요 미술 관련 예술 철학 및    아기와의 여행 기록 사진을 남기기에 완벽했어요          캔버스와 붓  물감 등 다양한 미술    ,7개월 아기랑 전주여행   스테이 수채화 펜션 감성 독채 후기 바로 전주 스테이 수채화입니다 또한 사장님은 서울대학교 미학과 출신이에요 미술 관련 예술 철학 및    아기와의 여행 기록 사진을 남기기에 완벽했어요          캔버스와 붓  물감 등 다양한 미술    
전주 여행,57,전주 호텔 추천 전주역 근처 위치와 조식 편의시설 알찬 전주시그니    ,https://blog.naver.com/sdczey0012/224399560062,이번 글에서는 여행자의 이동 편의성  객실 내 편의시설  그리고 조식 만족도까지 고려하여 전주 여행에 꼭 맞는 숙소를 질문과 답변 형식으로 상세히 소개해 드리고자 합니다  위치와 시설 면에서 알찬 숙소를    ,전주 호텔 추천 전주역 근처 위치와 조식 편의시설 알찬 전주시그니     이번 글에서는 여행자의 이동 편의성  객실 내 편의시설  그리고 조식 만족도까지 고려하여 전주 여행에 꼭 맞는 숙소를 질문과 답변 형식으로 상세히 소개해 드리고자 합니다  위치와 시설 면에서 알찬 숙소를    
전주 여행,58,전주 객리단길 소품샵 모헨트 전주여행 객사 가볼만한 감성 소품샵     ,https://blog.naver.com/seul_ee328/224399539554,집에서 컵 쓸 때마다 전주여행 생각하려구요  열심히 구석구석 구경해줍니다   컵  접시 등 식기 종류도 많은 편이라 구경하는데 한참 걸렸습니다  모헨트에 볼꾸도 있습니다  실제로 보는건 처음인데 귀여운    ,전주 객리단길 소품샵 모헨트 전주여행 객사 가볼만한 감성 소품샵      집에서 컵 쓸 때마다 전주여행 생각하려구요  열심히 구석구석 구경해줍니다   컵  접시 등 식기 종류도 많은 편이라 구경하는데 한참 걸렸습니다  모헨트에 볼꾸도 있습니다  실제로 보는건 처음인데 귀여운    
전주 여행,59,전주한옥마을 아이랑 밥집 어디 갈까  가족식사하기 좋은 선화식당,https://blog.naver.com/kimkil54/224398358635,전주한옥마을에서 가족과 함께하는 따뜻한 한 끼 전주 여행에서 빠질 수 없는 즐거움 중 하나가 바로 맛있는 음식입니다  하지만 어린아이부터 부모님까지 함께하는 가족여행이라면 유명한 메뉴를 찾아가는    ,전주한옥마을 아이랑 밥집 어디 갈까  가족식사하기 좋은 선화식당 전주한옥마을에서 가족과 함께하는 따뜻한 한 끼 전주 여행에서 빠질 수 없는 즐거움 중 하나가 바로 맛있는 음식입니다  하지만 어린아이부터 부모님까지 함께하는 가족여행이라면 유명한 메뉴를 찾아가는    
전주 여행,60,2026 전북 가을축제 총정리 9월 10월 무주 반딧불축제부터 임실 치    ,https://blog.naver.com/tjddusdl11/224399518526,전주는 원래도 한옥마을과 먹거리 여행으로 유명한 곳이라 축제 기간에 방문하면 전주 여행과 지역 음식을 동시에 즐길 수 있다는 장점이 있어요  개인적으로 먹거리 축제는 아이들과 함께 가도 실패    ,2026 전북 가을축제 총정리 9월 10월 무주 반딧불축제부터 임실 치     전주는 원래도 한옥마을과 먹거리 여행으로 유명한 곳이라 축제 기간에 방문하면 전주 여행과 지역 음식을 동시에 즐길 수 있다는 장점이 있어요  개인적으로 먹거리 축제는 아이들과 함께 가도 실패    
전주 여행,61, 자매갈비전골  전주 한옥마을 맛집 수제 물갈비 떡갈비 웨이팅 팁     ,https://blog.naver.com/bbomiddoddo/224399497486,만점   전주한옥마을맛집  자매갈비전골  전주물갈비맛집  전주자매갈비전골  전주맛집  전주여행코스  전주물갈비  수제물갈비  전주떡갈비맛집  수제떡갈비  부추볶음밥  자매갈비전골웨이팅    , 자매갈비전골  전주 한옥마을 맛집 수제 물갈비 떡갈비 웨이팅 팁      만점   전주한옥마을맛집  자매갈비전골  전주물갈비맛집  전주자매갈비전골  전주맛집  전주여행코스  전주물갈비  수제물갈비  전주떡갈비맛집  수제떡갈비  부추볶음밥  자매갈비전골웨이팅    
전주 여행,62,Hot핫 여름휴가  ,https://blog.naver.com/20_ing-/224399488990,체력비축하고 담날 열심히 놀기로 다짐하고 바로 휴식  생얼들이 너무 귀엽고 어려보여서 한장 굿모닝      일어나서 모닝셀카 찍어주기  자 이제 전주여행 시작해볼까  아니 박예향 박지원  준비를    ,Hot핫 여름휴가   체력비축하고 담날 열심히 놀기로 다짐하고 바로 휴식  생얼들이 너무 귀엽고 어려보여서 한장 굿모닝      일어나서 모닝셀카 찍어주기  자 이제 전주여행 시작해볼까  아니 박예향 박지원  준비를    
전주 여행,63,전주 호텔 한옥마을 하늘기와 써봤어요,https://blog.naver.com/aau8vlbbxsy263/224399468380,실내 인테리어도 깔끔하고 현대적이어서 젊은 커플이나 단체 여행객에게 인기가 많아요  3위   전주 스토리 모텔 3  전주 스토리 모텔 1박 38 452원  별점         전주 스토리 모텔 은 합리적인 가격에    ,전주 호텔 한옥마을 하늘기와 써봤어요 실내 인테리어도 깔끔하고 현대적이어서 젊은 커플이나 단체 여행객에게 인기가 많아요  3위   전주 스토리 모텔 3  전주 스토리 모텔 1박 38 452원  별점         전주 스토리 모텔 은 합리적인 가격에    
전주 여행,64,전주 여행 모임 모두 만족  믿고 찾는 전주송천동맛집  호남각,https://blog.naver.com/u7u7u789/224399463804,전주송천동맛집  전주에코시티맛집  전주가족모임  전주환갑잔치  전주칠순잔치  전주회갑잔치장소  전주맛집  전주한정식추천  전주여행코스  전주1박2일  전주2박3일  전주1박2일맛집코스  전주한식당추천,전주 여행 모임 모두 만족  믿고 찾는 전주송천동맛집  호남각 전주송천동맛집  전주에코시티맛집  전주가족모임  전주환갑잔치  전주칠순잔치  전주회갑잔치장소  전주맛집  전주한정식추천  전주여행코스  전주1박2일  전주2박3일  전주1박2일맛집코스  전주한식당추천
전주 여행,65, 전주  화응 2박 3일 머물러본 전주 독채 한옥숙소 후기 자쿠지 있    ,https://blog.naver.com/zer01222/224399457012,감사합니다    전주숙소  전주한옥숙소  전주독채숙소  전주독채한옥  전주한옥마을숙소  전주감성숙소  전주자쿠지숙소  전주숙소추천  전주여행  전주여행코스  전주가볼만한곳  전주데이트  전주커플여행    , 전주  화응 2박 3일 머물러본 전주 독채 한옥숙소 후기 자쿠지 있     감사합니다    전주숙소  전주한옥숙소  전주독채숙소  전주독채한옥  전주한옥마을숙소  전주감성숙소  전주자쿠지숙소  전주숙소추천  전주여행  전주여행코스  전주가볼만한곳  전주데이트  전주커플여행    
전주 여행,66,34년만에 명절에시댁안가고 사돈이랑 외국여행 갑니다,https://blog.naver.com/sunn_yyum/224399430771,벌써 1년전의 추억여행이다 작년에 있었던 추억여행 끄집어 내어본다 명절 전주에는 아이들하고 성묘도 다녀오고 본가에서 1박을했다 어머님이랑 명절에는 여행때문에 미리가서 성묘도 하고 어머님하고도    ,34년만에 명절에시댁안가고 사돈이랑 외국여행 갑니다 벌써 1년전의 추억여행이다 작년에 있었던 추억여행 끄집어 내어본다 명절 전주에는 아이들하고 성묘도 다녀오고 본가에서 1박을했다 어머님이랑 명절에는 여행때문에 미리가서 성묘도 하고 어머님하고도    
전주 여행,67,전주 황실 관광 호텔 숙박 후기  한옥마을 중심에서 만난 최고의 휴    ,https://blog.naver.com/pillow_report/224387773010,전주 여행의 추억이 가득 담긴 곳을 소개해 드릴게요  정말 역사가 느껴지는 아름다운 위치에 있으면서도  마치 고급 호텔처럼 세련되고 아늑하게 묵어갈 수 있어서 너무 좋았어요  무엇보다 필요한 모든 것이    ,전주 황실 관광 호텔 숙박 후기  한옥마을 중심에서 만난 최고의 휴     전주 여행의 추억이 가득 담긴 곳을 소개해 드릴게요  정말 역사가 느껴지는 아름다운 위치에 있으면서도  마치 고급 호텔처럼 세련되고 아늑하게 묵어갈 수 있어서 너무 좋았어요  무엇보다 필요한 모든 것이    
전주 여행,68,전주 여행 가볼만한곳 한옥마을 볼거리 이색체험 전주난장,https://blog.naver.com/benjamin0109/224399424384,전주 2박 3일 여행 첫날  한옥마을에서 가보고 싶었던 곳 중 하나라 이번에 직접 찾아가 봤는데요  7080년대 레트로 감성을 그대로 재현한 체험형 박물관이라 다양한 볼거리와 체험을 함께 즐길 수 있었어요     ,전주 여행 가볼만한곳 한옥마을 볼거리 이색체험 전주난장 전주 2박 3일 여행 첫날  한옥마을에서 가보고 싶었던 곳 중 하나라 이번에 직접 찾아가 봤는데요  7080년대 레트로 감성을 그대로 재현한 체험형 박물관이라 다양한 볼거리와 체험을 함께 즐길 수 있었어요     
전주 여행,69, 맛집  전주 현지인 추천 맛집 에루화 내돈내산 솔직후기  입에서 녹    ,https://blog.naver.com/hyoon000205/224379688925,  월 일 11 00 21 00  20 20 라스트 오더     063 252 9946   주차 가능 한참 전에 다녀온 전주 여행 포스팅을 이제야 합니다     작년 가을에 기분 전환도 할 겸 전주에 있는 지인을 만나러 다녀왔어요  전주 하면 역시    , 맛집  전주 현지인 추천 맛집 에루화 내돈내산 솔직후기  입에서 녹       월 일 11 00 21 00  20 20 라스트 오더     063 252 9946   주차 가능 한참 전에 다녀온 전주 여행 포스팅을 이제야 합니다     작년 가을에 기분 전환도 할 겸 전주에 있는 지인을 만나러 다녀왔어요  전주 하면 역시    
전주 여행,70,전주 이대감집 현지인 픽 전주 교대 맛집 물갈비 내돈내산,https://blog.naver.com/songhee519/224399416567,Restaurant 전주 물갈비 맛집 이대감집 전주한옥마을 근처 전주교대 맛집이네 이대감집 글   사진   송난로 취뽀하면서 급하게 다녀온 전주 여행 너무 더워서 전주한옥마을 좀 돌다가 호캉스 했다네요 밥도 멀리    ,전주 이대감집 현지인 픽 전주 교대 맛집 물갈비 내돈내산 Restaurant 전주 물갈비 맛집 이대감집 전주한옥마을 근처 전주교대 맛집이네 이대감집 글   사진   송난로 취뽀하면서 급하게 다녀온 전주 여행 너무 더워서 전주한옥마을 좀 돌다가 호캉스 했다네요 밥도 멀리    
전주 여행,71,전주 신라스테이 근처 설렁탕 맛집 연지본관,https://blog.naver.com/meme_7/224399408294,전주 맛집여행 1박2일의 시작 일단 점심 설렁탕으로 열어보기로 했다  신라스테이 전주 바로 앞이라 숙소와 가깝고  도보 3분컷  콩나물국밥은 다음날 아침 예정   한옥마을에서도 걸어서 10분 정도면 올 수    ,전주 신라스테이 근처 설렁탕 맛집 연지본관 전주 맛집여행 1박2일의 시작 일단 점심 설렁탕으로 열어보기로 했다  신라스테이 전주 바로 앞이라 숙소와 가깝고  도보 3분컷  콩나물국밥은 다음날 아침 예정   한옥마을에서도 걸어서 10분 정도면 올 수    
전주 여행,72,가족회관 건강함 최고 맛집 전주 한옥마을 비빔밥,https://blog.naver.com/yeeoonny/224399403013,전주 여행을 계획할 때 절대 빠질 수 없는 필수 음식 코스가 있는 것을 알고 계셨나요    바로 전주를 대표하는 먹거리  비빔밥이랍니다  1979년에 개업해 3대째 그 맛을 이어오고 있는 전주 비빔밥 맛집    ,가족회관 건강함 최고 맛집 전주 한옥마을 비빔밥 전주 여행을 계획할 때 절대 빠질 수 없는 필수 음식 코스가 있는 것을 알고 계셨나요    바로 전주를 대표하는 먹거리  비빔밥이랍니다  1979년에 개업해 3대째 그 맛을 이어오고 있는 전주 비빔밥 맛집    
전주 여행,73,전주 호텔 아름다운 집 찐후기,https://blog.naver.com/hr676s9m74/224399401117,전주 호텔 아름다운 집 찐후기 최근에 여행 계획을 세우다가 전주 호텔이 자꾸 눈에 띄더라구요  특히  전주 호텔 아름다운 집 이 많은 사람들에게 사랑받고 있더라고요  그래서 가격과 조건을    ,전주 호텔 아름다운 집 찐후기 전주 호텔 아름다운 집 찐후기 최근에 여행 계획을 세우다가 전주 호텔이 자꾸 눈에 띄더라구요  특히  전주 호텔 아름다운 집 이 많은 사람들에게 사랑받고 있더라고요  그래서 가격과 조건을    
전주 여행,74,온정스시   전주역 첫마중길 일본인 와이프가 인정한 초밥맛집,https://blog.naver.com/projectevan/224398179844,전주여행 첫날이든 마지막 날이든  전주역 근처에서 전주초밥 생각나면 저희는 또 여기로 올 것 같아요  전주일식 중에서도  전주스시 맛집으로 한일부부가 같이 인정한 곳이었어요  가게 정보  영업 시간 11    ,온정스시   전주역 첫마중길 일본인 와이프가 인정한 초밥맛집 전주여행 첫날이든 마지막 날이든  전주역 근처에서 전주초밥 생각나면 저희는 또 여기로 올 것 같아요  전주일식 중에서도  전주스시 맛집으로 한일부부가 같이 인정한 곳이었어요  가게 정보  영업 시간 11    
전주 여행,75,전주 가족여행 1일차  3대가 함께한 알찬 코스  은행나무가든 카페이    ,https://blog.naver.com/bogoim/224398486690,다음 편에서는 2일차 이야기로 찾아올게요   전주가족여행  전주한옥마을  전주한옥마을숙소  전주맛집  은행나무가든  카페이르리  경기전  전주족욕카페  전주는전주  전주여행코스,전주 가족여행 1일차  3대가 함께한 알찬 코스  은행나무가든 카페이     다음 편에서는 2일차 이야기로 찾아올게요   전주가족여행  전주한옥마을  전주한옥마을숙소  전주맛집  은행나무가든  카페이르리  경기전  전주족욕카페  전주는전주  전주여행코스
전주 여행,76,제철 맞이 대하 먹으러 서영 수산 방문  친구들과 대하구이 먹고 온     ,https://blog.naver.com/buddy_777/224384853626,여행 다니며 맛있는 것을 먹고  공연 보는 것을 즐기는 버디입니다  진짜 무더웠던 올여름이 드디어 지나고 대하 철이에요     전주 현지인들에게 횟집으로 유명한 서영 수산에서 제철을 맞은 대하 구이도 먹을    ,제철 맞이 대하 먹으러 서영 수산 방문  친구들과 대하구이 먹고 온      여행 다니며 맛있는 것을 먹고  공연 보는 것을 즐기는 버디입니다  진짜 무더웠던 올여름이 드디어 지나고 대하 철이에요     전주 현지인들에게 횟집으로 유명한 서영 수산에서 제철을 맞은 대하 구이도 먹을    
전주 여행,77,8월 끝,https://blog.naver.com/qkqk1671/224399379338,다들 추천드려요    사진 맛집이에요     굳굳 짧지만 당일치기로 야무지게 전주를 놀다가 왔어요   전주면 당일치기 괜찮은 것 같아요   추천드립니다    휴가  전주맛집  전주여행  당일치기여행,8월 끝 다들 추천드려요    사진 맛집이에요     굳굳 짧지만 당일치기로 야무지게 전주를 놀다가 왔어요   전주면 당일치기 괜찮은 것 같아요   추천드립니다    휴가  전주맛집  전주여행  당일치기여행
전주 여행,78,대전 근교 아이와 함께 캠핑  전주 캠프 히어  콩제슬래드 조엘 드레    ,https://blog.naver.com/luvyuha/224399379121,전주성당 보고 이렇게 전주여행은 끝     대전 근교 아이와 함께 캠핑  전주 캠프 히어  콩제슬래드 조엘 드레스   콩제슬래드 왕관  전주물갈비  자매갈비전골  전주성당  아이와함께 전주여행  콩제조엘    ,대전 근교 아이와 함께 캠핑  전주 캠프 히어  콩제슬래드 조엘 드레     전주성당 보고 이렇게 전주여행은 끝     대전 근교 아이와 함께 캠핑  전주 캠프 히어  콩제슬래드 조엘 드레스   콩제슬래드 왕관  전주물갈비  자매갈비전골  전주성당  아이와함께 전주여행  콩제조엘    
전주 여행,79,전주 맛집 솔뫼마을 전주본점 진한 콩국수와 팥칼국수 내돈내산 후    ,https://blog.naver.com/cutielatte/224399377090,맛있다구해서 전주여행 첫빠따로 간 곳입니다  영업시간 매일 10 00 20 00 주차   골목 적당히  외관  주차 대구에서 출발해서 전주에 11시 조금 넘어서 도착 바로 솔뫼마을로 갔습니다 바로 옆 교회주차장도    ,전주 맛집 솔뫼마을 전주본점 진한 콩국수와 팥칼국수 내돈내산 후     맛있다구해서 전주여행 첫빠따로 간 곳입니다  영업시간 매일 10 00 20 00 주차   골목 적당히  외관  주차 대구에서 출발해서 전주에 11시 조금 넘어서 도착 바로 솔뫼마을로 갔습니다 바로 옆 교회주차장도    
전주 여행,80,전주 1박2일 여행코스 뚜벅이 맛집 카페 숙소 총정리  ,https://blog.naver.com/jin980719/224399371919,돈이 아깝지 않게 너무 알차게 구경했답니다   무엇보다 체험공간이 많아서 너무 좋았어요 특히 전주 가족여행 오시면 전주난장은 꼬옥 와보세요  전주 길거리야 여긴 이미 유명한 전주맛집인데요   바게트    ,전주 1박2일 여행코스 뚜벅이 맛집 카페 숙소 총정리   돈이 아깝지 않게 너무 알차게 구경했답니다   무엇보다 체험공간이 많아서 너무 좋았어요 특히 전주 가족여행 오시면 전주난장은 꼬옥 와보세요  전주 길거리야 여긴 이미 유명한 전주맛집인데요   바게트    
전주 여행,81, 추석 해외여행 D DAY  전주 익산에서 인천공항 가장 편하게 가는 법     ,https://blog.naver.com/dhlimousine/224399368547, 추석 해외여행 D DAY  전주 익산에서 인천공항 가장 편하게 가는 법  대한리무진 완벽 총정리  예약 팁   주차 꿀팁  안녕하세요  여러분     어느덧 아침저녁으로 선선한 바람이 불어오며 추석 황금연휴가    , 추석 해외여행 D DAY  전주 익산에서 인천공항 가장 편하게 가는 법       추석 해외여행 D DAY  전주 익산에서 인천공항 가장 편하게 가는 법  대한리무진 완벽 총정리  예약 팁   주차 꿀팁  안녕하세요  여러분     어느덧 아침저녁으로 선선한 바람이 불어오며 추석 황금연휴가    
전주 여행,82,전북 전주 감성 독채 숙소 서학368 위치 객실 가격 정보,https://blog.naver.com/peep5986/224399369328,서학동 예술마을에 위치한 가족여행에 특화된 24평 독채펜션입니다  전주한옥마을 청연루 3분거리  넓은 마당이 있어 아이들이 뛰어놀기 좋습니다  저희는 방이 모두 개별로 나뉘어져 있어 각자의 방에서    ,전북 전주 감성 독채 숙소 서학368 위치 객실 가격 정보 서학동 예술마을에 위치한 가족여행에 특화된 24평 독채펜션입니다  전주한옥마을 청연루 3분거리  넓은 마당이 있어 아이들이 뛰어놀기 좋습니다  저희는 방이 모두 개별로 나뉘어져 있어 각자의 방에서    
전주 여행,83,빵순이는 날씨요정  전주여행  4,https://blog.naver.com/hip2sprits/224399366086,3편에서 계속  전주여행 마지막 저녁이라 가보고 싶었던 술집으로 향했다   바닷고기  링크는 맨밑에  객리단길에는 바닷고기와 작은 바닷고기가 있는데  작은 바닷고기는 좀더 간단한 안주위주로 파는 이자카야    ,빵순이는 날씨요정  전주여행  4 3편에서 계속  전주여행 마지막 저녁이라 가보고 싶었던 술집으로 향했다   바닷고기  링크는 맨밑에  객리단길에는 바닷고기와 작은 바닷고기가 있는데  작은 바닷고기는 좀더 간단한 안주위주로 파는 이자카야    
전주 여행,84,전주 한옥마을   전주 독채 감성 숙소   테오리아,https://blog.naver.com/s00hh/224399365570,그리고 자기 전에 불멍도 하고 정말 좋은 시간이었습니다   전주 가시는 분들 테오리아 강강강강추입니다      전주한옥마을  전주감성숙소  전주독채숙소  테오리아  전주한옥마을숙소  독채숙소  전주여행,전주 한옥마을   전주 독채 감성 숙소   테오리아 그리고 자기 전에 불멍도 하고 정말 좋은 시간이었습니다   전주 가시는 분들 테오리아 강강강강추입니다      전주한옥마을  전주감성숙소  전주독채숙소  테오리아  전주한옥마을숙소  독채숙소  전주여행
전주 여행,85,2박3일 군산 전주 여행 소품샵 투어 피스오피스 자주적관람 마리서    ,https://blog.naver.com/zezewryoo/224387268325,1박2일 전주 여행코스 1일차 2일차 피스오피스 기본정보 군산 여행하면 꼭 들리는 동네 영화동에 위치한 피스오피스  운영시간 목 화 12 30   19 00 수요일 정기 휴무 주차 불가 안내문부터 엠즤다 이것저것별것    ,2박3일 군산 전주 여행 소품샵 투어 피스오피스 자주적관람 마리서     1박2일 전주 여행코스 1일차 2일차 피스오피스 기본정보 군산 여행하면 꼭 들리는 동네 영화동에 위치한 피스오피스  운영시간 목 화 12 30   19 00 수요일 정기 휴무 주차 불가 안내문부터 엠즤다 이것저것별것    
전주 여행,86,전주 서신동 술집 철길부산집  떡볶이 조합이 찰떡인 이자카야  5,https://blog.naver.com/chuchus1216/224399355130,여행에서 돌아오던 길  전주 서신동 술집 철길부산집을 찾았는데요 어묵과 떡볶이 조합이 찰떡이었던 이자카야라 소개해 드릴게요 주소   전북 전주시 완산구 고사평로 22 1층 철길부산집 전주서신점 영업시간    ,전주 서신동 술집 철길부산집  떡볶이 조합이 찰떡인 이자카야  5 여행에서 돌아오던 길  전주 서신동 술집 철길부산집을 찾았는데요 어묵과 떡볶이 조합이 찰떡이었던 이자카야라 소개해 드릴게요 주소   전북 전주시 완산구 고사평로 22 1층 철길부산집 전주서신점 영업시간    
전주 여행,87,전주 한옥마을 여행 코스 2일차  지출 총 비용 알뜰 꿀팁 공개,https://blog.naver.com/shanshani/224398746075,전주 한옥마을 여행 코스 2일차  지출 총 비용 알뜰 꿀팁 공개 갑자기 떠난 전주여행 1박 2일 코스와 경비 2026 08 14 15 둘째날 나이가 드니 아침 일찍 눈이 떠졌어요  커피가 있아사 한잔 뽑아서 커피와 빵을    ,전주 한옥마을 여행 코스 2일차  지출 총 비용 알뜰 꿀팁 공개 전주 한옥마을 여행 코스 2일차  지출 총 비용 알뜰 꿀팁 공개 갑자기 떠난 전주여행 1박 2일 코스와 경비 2026 08 14 15 둘째날 나이가 드니 아침 일찍 눈이 떠졌어요  커피가 있아사 한잔 뽑아서 커피와 빵을    
전주 여행,88,7월 일상 미국 독립기념일  용산 드래곤힐랏지  서울 여행  고창 여    ,https://blog.naver.com/lea_oui/224399348292,24주 시작하자마자 친구들이랑 고창 여행 갔어요     원래는 목포 가려고 하다가 군산이랑 생각보다 더 멀고 너무 운전 많이 해야 해서 친구들이랑 급 고창으로 결정하고 놀러 갔어요      아무도 이런 급    ,7월 일상 미국 독립기념일  용산 드래곤힐랏지  서울 여행  고창 여     24주 시작하자마자 친구들이랑 고창 여행 갔어요     원래는 목포 가려고 하다가 군산이랑 생각보다 더 멀고 너무 운전 많이 해야 해서 친구들이랑 급 고창으로 결정하고 놀러 갔어요      아무도 이런 급    
전주 여행,89, W11  몰디브 신혼여행 허니문  준비   팜투어 전주지사 허니문리조트    ,https://blog.naver.com/eodeod_zip/224399345640,아직 결혼식까지 시간이 많이 남아있지만 준비하기 전에 아무것도 모르던 시절 팜투어 전주지사와 허니문리조트 전주지사 신혼여행 상담을 다녀왔다    두 여행사 모두 신혼여행 웨딩박람회를 하고 있어    , W11  몰디브 신혼여행 허니문  준비   팜투어 전주지사 허니문리조트     아직 결혼식까지 시간이 많이 남아있지만 준비하기 전에 아무것도 모르던 시절 팜투어 전주지사와 허니문리조트 전주지사 신혼여행 상담을 다녀왔다    두 여행사 모두 신혼여행 웨딩박람회를 하고 있어    
전주 여행,90, 전라도 전주  연못에 잉어가 있는 이색카페  만추  by 뚜벅이,https://blog.naver.com/yeokma_salon/224399344152,전주 여행을 준비하면서 특이한 카페를 검색하다가 우연히 발견한 곳  만추 한옥마을 근처에 있다는 것도 마음에 들었고 무엇보다 카페 안에 연못이 있고 거기에 잉어가 산다는 게 사진만 봐도 궁금해서 안    , 전라도 전주  연못에 잉어가 있는 이색카페  만추  by 뚜벅이 전주 여행을 준비하면서 특이한 카페를 검색하다가 우연히 발견한 곳  만추 한옥마을 근처에 있다는 것도 마음에 들었고 무엇보다 카페 안에 연못이 있고 거기에 잉어가 산다는 게 사진만 봐도 궁금해서 안    
전주 여행,91,축구 보고 야시장 찍고 새벽엔 국밥  전주 남부시장  올데이 트립      ,https://blog.naver.com/hancj0817/224399305695,남부시장  올데이 트립 으로 밤도깨비 여행 떠나보시는 걸 추천합니다   전주남부시장  전주야시장  전주남부시장올데이트립  전주여행  전북현대  전주가볼만한곳  전주콩나물국밥  전주청년몰  K관광마켓,축구 보고 야시장 찍고 새벽엔 국밥  전주 남부시장  올데이 트립       남부시장  올데이 트립 으로 밤도깨비 여행 떠나보시는 걸 추천합니다   전주남부시장  전주야시장  전주남부시장올데이트립  전주여행  전북현대  전주가볼만한곳  전주콩나물국밥  전주청년몰  K관광마켓
전주 여행,92,전주맛집 현대옥 한옥마을점 콩나물국밥 비빔밥 전주여행 관광객     ,https://blog.naver.com/hyok_s2/224399339291,전주여행 1일차  한옥마을에 도착하자마자 먹은게 있어요 바로 콩나물 국밥  전주여행 가기 전에 직장동료 선생님께 전주맛집 추천을 받았는데요 현대옥 본점에 꼭 가보라고 하시더라구요  그런데 제가 다니는    ,전주맛집 현대옥 한옥마을점 콩나물국밥 비빔밥 전주여행 관광객      전주여행 1일차  한옥마을에 도착하자마자 먹은게 있어요 바로 콩나물 국밥  전주여행 가기 전에 직장동료 선생님께 전주맛집 추천을 받았는데요 현대옥 본점에 꼭 가보라고 하시더라구요  그런데 제가 다니는    
전주 여행,93,전주 호텔 노송동의 프라이빗 하우스  84m   침실 3개  프라이빗 욕실    ,https://blog.naver.com/m9ejreemfodyledtkyl9/224399329351,전주 호텔 노송동의 프라이빗 하우스  84m   침실 3개  프라이빗 욕실 2개  추천 이유 요즘 여행 가면 숙소 선택이 참 중요하죠  특히 가족이나 친구들과 함께 편안한 시간을 보내고 싶을 때  특별한 공간이    ,전주 호텔 노송동의 프라이빗 하우스  84m   침실 3개  프라이빗 욕실     전주 호텔 노송동의 프라이빗 하우스  84m   침실 3개  프라이빗 욕실 2개  추천 이유 요즘 여행 가면 숙소 선택이 참 중요하죠  특히 가족이나 친구들과 함께 편안한 시간을 보내고 싶을 때  특별한 공간이    
전주 여행,94, 아산  알마게스트  5인 숙소  침대2 화2  바베큐  아산감성펜션  아산    ,https://blog.naver.com/x0222x/224393335683,매년 놀러가는 멤버들과 함께 여름휴가로 고고 우리는 여행 or 좋은펜션에 바베큐 이 둘중하나를 선택해서 1년에 2번정도 모이는데 올해 초에 전주여행을 다녀왔던터라 시원한 펜션에서 여름모임을 즐기기로 함    , 아산  알마게스트  5인 숙소  침대2 화2  바베큐  아산감성펜션  아산     매년 놀러가는 멤버들과 함께 여름휴가로 고고 우리는 여행 or 좋은펜션에 바베큐 이 둘중하나를 선택해서 1년에 2번정도 모이는데 올해 초에 전주여행을 다녀왔던터라 시원한 펜션에서 여름모임을 즐기기로 함    
전주 여행,95,전주 맛집 고궁 본점  전주비빔밥 제대로 먹고 온 후기,https://blog.naver.com/sun_gong/224398959729,사랑하는 가족과 함께   전주 여행을 다녀왔습니다  전주 여행을 계획하면서 가장 먼저 떠오르는 음식 하면 역시 전주비빔밥 아닐까요  전주에는 비빔밥으로 유명한 식당들이 정말 많이 있지만  이번에    ,전주 맛집 고궁 본점  전주비빔밥 제대로 먹고 온 후기 사랑하는 가족과 함께   전주 여행을 다녀왔습니다  전주 여행을 계획하면서 가장 먼저 떠오르는 음식 하면 역시 전주비빔밥 아닐까요  전주에는 비빔밥으로 유명한 식당들이 정말 많이 있지만  이번에    
전주 여행,96,전주 수제 마카롱맛집 전주문호떡 문마카롱 남부시장야시장 여행선    ,https://blog.naver.com/jheeiove/224399164872,전주여행중 다양한 볼거리 먹거리가 가득하지만 13년동안 전주현지인과 여행객들에게 사랑받는 전주 남부시장야시장 다양하고 풍성한 먹거리로 눈과 입이 행복해지는 시간을 이어갈수있는곳이에요 오늘    ,전주 수제 마카롱맛집 전주문호떡 문마카롱 남부시장야시장 여행선     전주여행중 다양한 볼거리 먹거리가 가득하지만 13년동안 전주현지인과 여행객들에게 사랑받는 전주 남부시장야시장 다양하고 풍성한 먹거리로 눈과 입이 행복해지는 시간을 이어갈수있는곳이에요 오늘    
전주 여행,97,전주 여행에서 무엇을 체험할까 직접 만들어 가져가는 한국적인 기    ,https://blog.naver.com/yeonjikkot/224394037739, 연지꽃  전주여행  전주체험  전주가볼만한곳  전주데이트  전주공방  전주원데이클래스  전주공예체험  전주이색체험  전주여행코스  전주기념품  전주여행기념품  한국적인기념품  한국문화체험    ,전주 여행에서 무엇을 체험할까 직접 만들어 가져가는 한국적인 기      연지꽃  전주여행  전주체험  전주가볼만한곳  전주데이트  전주공방  전주원데이클래스  전주공예체험  전주이색체험  전주여행코스  전주기념품  전주여행기념품  한국적인기념품  한국문화체험    
전주 여행,98,유네스코가 인정한 도시라더니   캐나다 부부가 처음 먹고 감탄한     ,https://blog.naver.com/powerfuleats/224398531347,캐나다에서 온 부부가 전주 여행 마지막 날 한 식당에 들어갔습니다  그런데 주문을 마친 지 얼마 지나지도 않았는데 눈앞에 밥상이 펼쳐지는데요  이걸 어떻게 먹는 거지  테이블에 놓인 건 전주를 대표하는    ,유네스코가 인정한 도시라더니   캐나다 부부가 처음 먹고 감탄한      캐나다에서 온 부부가 전주 여행 마지막 날 한 식당에 들어갔습니다  그런데 주문을 마친 지 얼마 지나지도 않았는데 눈앞에 밥상이 펼쳐지는데요  이걸 어떻게 먹는 거지  테이블에 놓인 건 전주를 대표하는    
전주 여행,99,전주 블루리본 맛집 현대옥 남부시장점 토렴식 콩나물국밥과 오징    ,https://blog.naver.com/ashtaii/224399311001,전주 여행을 오거나 전날 시원하게 한잔하고 나면 속을 편안하고 개운하게 풀어줄 따끈한 해장국이 절실하게 생각나죠  수많은 콩나물국밥집 중에서도 원조의 깊은 맛과 토렴의 매력을 제대로 느낄 수 있는    ,전주 블루리본 맛집 현대옥 남부시장점 토렴식 콩나물국밥과 오징     전주 여행을 오거나 전날 시원하게 한잔하고 나면 속을 편안하고 개운하게 풀어줄 따끈한 해장국이 절실하게 생각나죠  수많은 콩나물국밥집 중에서도 원조의 깊은 맛과 토렴의 매력을 제대로 느낄 수 있는    
전주 여행,100,아리랑호오프 전주 신시가지 술집   분위기 좋은 신상 호프집 후기,https://blog.naver.com/suneats/224399305650,아리랑호오프 전주 신시가지 술집 분위기 좋은 신상 호프집 후기 여행블로거 써늬닝 입니다  전주 신시가지에서 남자친구와 가볍게 한잔할 술집을 찾다가 새로 생긴 아리랑호오프에 다녀왔어요  30가지가    ,아리랑호오프 전주 신시가지 술집   분위기 좋은 신상 호프집 후기 아리랑호오프 전주 신시가지 술집 분위기 좋은 신상 호프집 후기 여행블로거 써늬닝 입니다  전주 신시가지에서 남자친구와 가볍게 한잔할 술집을 찾다가 새로 생긴 아리랑호오프에 다녀왔어요  30가지가    
전주 여행,101,전주 한옥마을 숙소 추천    왕의지밀 가족여행 한옥호텔,https://blog.naver.com/joy282sy/224396090630,이번에 조카가 전주에서 큐브대회를 나간다고 해서 겸사겸사 전주 여행을 하기로  전주는 내가 정말 좋아하는 도시  내가 20년전에 처음으로 숙박을 했던 곳이  동락원 이었는데     그 이후에는 호텔에서만    ,전주 한옥마을 숙소 추천    왕의지밀 가족여행 한옥호텔 이번에 조카가 전주에서 큐브대회를 나간다고 해서 겸사겸사 전주 여행을 하기로  전주는 내가 정말 좋아하는 도시  내가 20년전에 처음으로 숙박을 했던 곳이  동락원 이었는데     그 이후에는 호텔에서만    
전주 여행,102,날씨 요정의 군산   전주 그리고 익산까지  1박 2일이면 충분해,https://blog.naver.com/ibboon21004/224399295821,당일치기 여행이 많은지 충분히 알 것 같더라    군산에 마땅찮은 호텔이 없어서 잠자러 전주까지 왔다 룸이 없어서 온돌로 예약했는데 창문   이게 뭔가요  하   좀   그렇네   테이블이 없어서 음식 먹는 게 약간    ,날씨 요정의 군산   전주 그리고 익산까지  1박 2일이면 충분해 당일치기 여행이 많은지 충분히 알 것 같더라    군산에 마땅찮은 호텔이 없어서 잠자러 전주까지 왔다 룸이 없어서 온돌로 예약했는데 창문   이게 뭔가요  하   좀   그렇네   테이블이 없어서 음식 먹는 게 약간    
전주 여행,103,  전주 여행   풍년제과,https://blog.naver.com/michkim24/224399292655,일요일과 월요일에 전주 여행을 다녀왔어요  비오는 월요일 아침  아침 식사로 빵을 먹기로 했어요  넓고 쾌적한 곳으로 풍년제과 본점을 방문했어요  체크아웃하고 나와서 차도 있는데  여기 주차장도 있어    ,  전주 여행   풍년제과 일요일과 월요일에 전주 여행을 다녀왔어요  비오는 월요일 아침  아침 식사로 빵을 먹기로 했어요  넓고 쾌적한 곳으로 풍년제과 본점을 방문했어요  체크아웃하고 나와서 차도 있는데  여기 주차장도 있어    
전주 여행,104,전주 호텔 Eosahwa Hanok Stay Featured in Petit Fut  2026 구매하기 전에 보세    ,https://blog.naver.com/q0do5u1e610tkva/224399290495,특히 전주 여행을 준비하신다면 독특한 경험을 제공하는 숙소가 필요해요  제가 살펴본 결과  전주 호텔 Eosahwa Hanok Stay Featured in Petit Fut  2026가 정말 매력적이었어요   1위   Eosahwa    ,전주 호텔 Eosahwa Hanok Stay Featured in Petit Fut  2026 구매하기 전에 보세     특히 전주 여행을 준비하신다면 독특한 경험을 제공하는 숙소가 필요해요  제가 살펴본 결과  전주 호텔 Eosahwa Hanok Stay Featured in Petit Fut  2026가 정말 매력적이었어요   1위   Eosahwa    
전주 여행,105,전주 이비스 앰배서더 발코니 디럭스 더블룸 조식레스토랑 조식정    ,https://blog.naver.com/ysb66ysb/224396568532,이비스 앰배서더 전주 어제 디럭스 트윈룸에 이어서 테라스 더블룸  조식 스타일J 리뷰 및 후기입니다 이번 전주여행은 두집이 이용해서 저희는 3인이라 디럭스 트윈룸이용하고 같이간 일행은 테라스 더블룸    ,전주 이비스 앰배서더 발코니 디럭스 더블룸 조식레스토랑 조식정     이비스 앰배서더 전주 어제 디럭스 트윈룸에 이어서 테라스 더블룸  조식 스타일J 리뷰 및 후기입니다 이번 전주여행은 두집이 이용해서 저희는 3인이라 디럭스 트윈룸이용하고 같이간 일행은 테라스 더블룸    
전주 여행,106,전라북도 여권재발급 방법 저는 도청 민원실로 갔다왔어요,https://blog.naver.com/ahdzmtm1124/224397141539,전주  김제  익산  군산 등 전라북도 여권재발급과 관련해 준비물부터 위치 비용 수령까지 한 번에 정리해 드리겠습니다  해외여행 준비하다가 여권을 봤는데 유효기간이 얼마 안 남았다면 빨리    ,전라북도 여권재발급 방법 저는 도청 민원실로 갔다왔어요 전주  김제  익산  군산 등 전라북도 여권재발급과 관련해 준비물부터 위치 비용 수령까지 한 번에 정리해 드리겠습니다  해외여행 준비하다가 여권을 봤는데 유효기간이 얼마 안 남았다면 빨리    
전주 여행,107,2박 3일 전주여행   하와이안레시피  청연루  팀버앤타임,https://blog.naver.com/apodjk/224399284353,무노는 예전에 전주 여행 왔을 때 한옥마을에서 설빙을 갔다고 한다  나두 설빙 좋아하니까 그럼 설빙에 가볼까 했는데 역시나 여기고 마감이었음  그러고 보니 한옥마을은 대체적으로 일찍 마감하는 게    ,2박 3일 전주여행   하와이안레시피  청연루  팀버앤타임 무노는 예전에 전주 여행 왔을 때 한옥마을에서 설빙을 갔다고 한다  나두 설빙 좋아하니까 그럼 설빙에 가볼까 했는데 역시나 여기고 마감이었음  그러고 보니 한옥마을은 대체적으로 일찍 마감하는 게    
전주 여행,108,전주 6인 모임숙소 정리  노송맨숀 체크리스트,https://blog.naver.com/nosongmansion/224399282755,예약하기       노송빌리지 에어비앤비 예약하기    노송맨숀  노송별장  전주독채숙소  전주가족숙소  전주단체숙소  전주감성숙소  전주한옥마을숙소  전주여행  전주숙소추천  전주루프탑숙소  전주친구모임,전주 6인 모임숙소 정리  노송맨숀 체크리스트 예약하기       노송빌리지 에어비앤비 예약하기    노송맨숀  노송별장  전주독채숙소  전주가족숙소  전주단체숙소  전주감성숙소  전주한옥마을숙소  전주여행  전주숙소추천  전주루프탑숙소  전주친구모임
전주 여행,109,강원도 평창 1박 2일 애견동반 가족여행  가볼만한곳 카페 식당 펜션    ,https://blog.naver.com/limsoo3120/224399281598,매 달 가족끼리 회비를 걷는데 그 돈을 가지고 1년에 1 2번씩 가족여행을 간다  작년에는 추석 연휴에 전주  남해를 다녀왔는데 올해는 계곡으로   재작년에 간 평창 여행은 날씨가 좋지 않아 계곡을 못들어    ,강원도 평창 1박 2일 애견동반 가족여행  가볼만한곳 카페 식당 펜션     매 달 가족끼리 회비를 걷는데 그 돈을 가지고 1년에 1 2번씩 가족여행을 간다  작년에는 추석 연휴에 전주  남해를 다녀왔는데 올해는 계곡으로   재작년에 간 평창 여행은 날씨가 좋지 않아 계곡을 못들어    
전주 여행,110, 전주송천동맛집  호남각  부모님 모시고 전주칠순잔치 하기 딱 좋    ,https://blog.naver.com/kus03241/224399015599,   전주 여행 계획 중이시거나  격식 있는 모임 장소를 찾으시는 분들이라면 전주송천동맛집 호남각을 강력 추천드립니다  후회 없는 선택이 되실 거예요  저 하랑이가 보증하는 맛집 리스트에 바로    , 전주송천동맛집  호남각  부모님 모시고 전주칠순잔치 하기 딱 좋        전주 여행 계획 중이시거나  격식 있는 모임 장소를 찾으시는 분들이라면 전주송천동맛집 호남각을 강력 추천드립니다  후회 없는 선택이 되실 거예요  저 하랑이가 보증하는 맛집 리스트에 바로    
전주 여행,111,전주 한옥마을 가볼만한곳   전동성당 전동차 투어 전시까지  전    ,https://blog.naver.com/khyo0629/224387083170,전주여행 시리즈 1편 한옥마을 가볼만한곳 현재글    2편 전주 맛집   3편 전주 카페 간식 고즈넉한 한옥과 맛있는 먹거리로 유명한 전주  KTX 타고 2박3일로 다녀왔어요  볼거리 먹거리가 워낙 많아서 한 번에    ,전주 한옥마을 가볼만한곳   전동성당 전동차 투어 전시까지  전     전주여행 시리즈 1편 한옥마을 가볼만한곳 현재글    2편 전주 맛집   3편 전주 카페 간식 고즈넉한 한옥과 맛있는 먹거리로 유명한 전주  KTX 타고 2박3일로 다녀왔어요  볼거리 먹거리가 워낙 많아서 한 번에    
전주 여행,112, 여행코스  전주 가볼만한 곳  전주동물원   드림랜드 완벽 정리,https://blog.naver.com/seniordream50/224399263579, 전주동물원  전주드림랜드  전주가볼만한곳  전주여행  전주나들이  전주놀이공원  전주키즈여행  전주아이와가볼만한곳  전주데이트코스  전주주말나들이  가족여행코스  동물원나들이  대관람차  회전목마    , 여행코스  전주 가볼만한 곳  전주동물원   드림랜드 완벽 정리  전주동물원  전주드림랜드  전주가볼만한곳  전주여행  전주나들이  전주놀이공원  전주키즈여행  전주아이와가볼만한곳  전주데이트코스  전주주말나들이  가족여행코스  동물원나들이  대관람차  회전목마    
전주 여행,113, 현대옥 전주본점   전주 콩나물 국밥 맛집 추천   내돈내산 가족여    ,https://blog.naver.com/jthekingsname/224399065430,총평 전주 여행 와서 유명한 콩나물국밥 한 번 먹어보자 하고 간 곳인데 생각보다 가족들 메뉴 취향이 전부 달라도 선택지가 많아서 좋았어요  엄마는 깔끔하고 시원한 남부식  아빠랑 형은 칼칼한    , 현대옥 전주본점   전주 콩나물 국밥 맛집 추천   내돈내산 가족여     총평 전주 여행 와서 유명한 콩나물국밥 한 번 먹어보자 하고 간 곳인데 생각보다 가족들 메뉴 취향이 전부 달라도 선택지가 많아서 좋았어요  엄마는 깔끔하고 시원한 남부식  아빠랑 형은 칼칼한    
전주 여행,114, 전주 막걸리 골목 맛집  전주여행 21가지 푸짐한 한상차림  복막걸    ,https://blog.naver.com/han_dia/224399253510, 전주막걸리  전주막걸리골목  복막걸리  전주복막걸리  전주삼천동맛집  전주막걸리골목주차  전주연예인맛집  전주가족모임  전주단체회식  전주레트로데이트  간장게장밥  전주여행코스  모르버드    , 전주 막걸리 골목 맛집  전주여행 21가지 푸짐한 한상차림  복막걸      전주막걸리  전주막걸리골목  복막걸리  전주복막걸리  전주삼천동맛집  전주막걸리골목주차  전주연예인맛집  전주가족모임  전주단체회식  전주레트로데이트  간장게장밥  전주여행코스  모르버드    
전주 여행,115,전주 숙소 추천 한옥마을 도보 이동과 조식이 훌륭한 호텔,https://blog.naver.com/reviewlover8/224399247266,전주 여행을 계획 중이신가요  전통과 현대가 공존하는 매력적인 도시 전주는 언제 방문해도 마음이 포근해지는 곳입니다  성공적인 여행을 만들기 위해 가장 중요한 것 중 하나가 바로 편안하고 쾌적한    ,전주 숙소 추천 한옥마을 도보 이동과 조식이 훌륭한 호텔 전주 여행을 계획 중이신가요  전통과 현대가 공존하는 매력적인 도시 전주는 언제 방문해도 마음이 포근해지는 곳입니다  성공적인 여행을 만들기 위해 가장 중요한 것 중 하나가 바로 편안하고 쾌적한    
전주 여행,116,전주 호텔 한이녹 의 이화원 힐링 스페이스 프라이빗 펜션 써봤어요,https://blog.naver.com/jqru1re5gca773pz/224399245986,전주 호텔 한이녹 의 이화원 힐링 스페이스 프라이빗 펜션 써봤어요 전주를 여행하면서 편안한 숙소 찾기가 쉽지 않았어요  그래서 전주 호텔 중에서 어떤 곳이 가장 마음에 드는지 알아보았답니다  그    ,전주 호텔 한이녹 의 이화원 힐링 스페이스 프라이빗 펜션 써봤어요 전주 호텔 한이녹 의 이화원 힐링 스페이스 프라이빗 펜션 써봤어요 전주를 여행하면서 편안한 숙소 찾기가 쉽지 않았어요  그래서 전주 호텔 중에서 어떤 곳이 가장 마음에 드는지 알아보았답니다  그    
전주 여행,117,전주 산정동 제이즈 호텔 소감  완벽한 위치와 편안함 덕분에 힐링    ,https://blog.naver.com/haven_index/224399107163,드디어 전주 여행을 위해 제이즈 호텔에 머물렀어요  위치가 정말 최고라 여기저기 돌아다니기 너무 좋았고  객실도 기대했던 것보다 훨씬 넓어서 편안하게 쉬었습니다  교통의 요지  전주의 주요 명소와    ,전주 산정동 제이즈 호텔 소감  완벽한 위치와 편안함 덕분에 힐링     드디어 전주 여행을 위해 제이즈 호텔에 머물렀어요  위치가 정말 최고라 여기저기 돌아다니기 너무 좋았고  객실도 기대했던 것보다 훨씬 넓어서 편안하게 쉬었습니다  교통의 요지  전주의 주요 명소와    
전주 여행,118,전주 한옥마을 근처 물갈비 맛집 이대감집 방문후기,https://blog.naver.com/wngml3410/224399236566,정말 오랜만에 전주여행에서 먹었던 물갈비  전주는 유명한 음식이 있는데 그 중 물갈비도 유명하죠    친구랑 여행와서 저녁밥은 물갈비와 모주 선택했습니다 매일 11 00   22 00 15 00   16 30 브레이크타임 매달 1    ,전주 한옥마을 근처 물갈비 맛집 이대감집 방문후기 정말 오랜만에 전주여행에서 먹었던 물갈비  전주는 유명한 음식이 있는데 그 중 물갈비도 유명하죠    친구랑 여행와서 저녁밥은 물갈비와 모주 선택했습니다 매일 11 00   22 00 15 00   16 30 브레이크타임 매달 1    
전주 여행,119,전주 호텔 Wolha House Premium Traditional Hanok Stay 써봤어요,https://blog.naver.com/tai96kdbov4xu/224399228029,전주 호텔 Wolha House Premium Traditional Hanok Stay 써봤어요 전주 여행을 계획하면서 숙소를 찾는 건 중요한 일이죠  특히 전통적인 분위기를 즐기고 싶은 분들에게 전주 호텔 Wolha House Premium    ,전주 호텔 Wolha House Premium Traditional Hanok Stay 써봤어요 전주 호텔 Wolha House Premium Traditional Hanok Stay 써봤어요 전주 여행을 계획하면서 숙소를 찾는 건 중요한 일이죠  특히 전통적인 분위기를 즐기고 싶은 분들에게 전주 호텔 Wolha House Premium    
전주 여행,120,전주 여행의 흐름을 따라 머문 정갈한 공간 이야기,https://blog.naver.com/z1l9gqvy0f/224399224707,전주 여행의 중심지에서 너무 멀지도  그렇다고 너무 번잡한 곳에 있지도 않아서 여행의 균형을 맞추기에 참 좋았어요  거리와 휴식  두 마리 토끼를 잡고 싶은 분들이라면 이런 위치적 특성이 매력적일 거예요     ,전주 여행의 흐름을 따라 머문 정갈한 공간 이야기 전주 여행의 중심지에서 너무 멀지도  그렇다고 너무 번잡한 곳에 있지도 않아서 여행의 균형을 맞추기에 참 좋았어요  거리와 휴식  두 마리 토끼를 잡고 싶은 분들이라면 이런 위치적 특성이 매력적일 거예요     
전주 여행,121,전주 모임 숙소 고민된다면  노송빌리지 두 채 구조 알려드릴게요,https://blog.naver.com/nosongmansion/224399224312,예약하기    노송맨숀  전주단체숙소  전주가족숙소  전주독채숙소  전주숙소추천  전주감성숙소  전주한옥마을숙소  전주모임숙소  전주워크숍숙소  전주우정여행  전주숙박  전주여행  전주가볼만한곳    ,전주 모임 숙소 고민된다면  노송빌리지 두 채 구조 알려드릴게요 예약하기    노송맨숀  전주단체숙소  전주가족숙소  전주독채숙소  전주숙소추천  전주감성숙소  전주한옥마을숙소  전주모임숙소  전주워크숍숙소  전주우정여행  전주숙박  전주여행  전주가볼만한곳    
전주 여행,122,전주 2일차 여행 블루리본 하숙영 가마솥비빔밥  전라감영 산책       ,https://blog.naver.com/atoridan/224395100585,수박주스도 100  생수박을 통째로 시원하게 갈아 넣은 맛이라 한 방에 갈증 해소  즐거웠던 전주 여행을 마무리하며 맛있는 전주비빔밥과 고즈넉한 전라감영 산책  그리고 완벽한 호수 뷰와 우베라떼로    ,전주 2일차 여행 블루리본 하숙영 가마솥비빔밥  전라감영 산책        수박주스도 100  생수박을 통째로 시원하게 갈아 넣은 맛이라 한 방에 갈증 해소  즐거웠던 전주 여행을 마무리하며 맛있는 전주비빔밥과 고즈넉한 전라감영 산책  그리고 완벽한 호수 뷰와 우베라떼로    
전주 여행,123,전주 숙소 추천 한옥 감성 휴식과 아이 동반 가족 여행 어디가 좋을    ,https://blog.naver.com/wsckpz7063/224399210172,전주 여행을 알차게 즐기기 위해서는 관광지와의 접근성  객실의 분위기와 청결도  그리고 동행자에 맞는 숙소 규정을 꼼꼼히 체크하는 것이 중요합니다  이번 글에서는 전주 주요 명소와 가까운 위치를    ,전주 숙소 추천 한옥 감성 휴식과 아이 동반 가족 여행 어디가 좋을     전주 여행을 알차게 즐기기 위해서는 관광지와의 접근성  객실의 분위기와 청결도  그리고 동행자에 맞는 숙소 규정을 꼼꼼히 체크하는 것이 중요합니다  이번 글에서는 전주 주요 명소와 가까운 위치를    
전주 여행,124,전주 호텔 한옥 마을 숙박 별빛궁 장점 3가지,https://blog.naver.com/btubvwuh2mjtzzymf1/224399209498,전주 호텔 한옥 마을 숙박 별빛궁 장점 3가지 요즘 여행 계획 세우시나요   전주 한옥 마을은 정말 매력적인 장소인데  그 중에서도  전주 호텔 한옥 마을 숙박 별빛궁 이 눈에 띄어요   별빛궁 은 전통과    ,전주 호텔 한옥 마을 숙박 별빛궁 장점 3가지 전주 호텔 한옥 마을 숙박 별빛궁 장점 3가지 요즘 여행 계획 세우시나요   전주 한옥 마을은 정말 매력적인 장소인데  그 중에서도  전주 호텔 한옥 마을 숙박 별빛궁 이 눈에 띄어요   별빛궁 은 전통과    
전주 여행,125,전주 서울 KTX 요금과 소요시간 최신 정보 정리,https://lefthusband.tistory.com/1641,저 역시 출장이나 여행으로 전주와 서울을 자주 오가며 KTX를 이용하는데  매번 최신 요금과 소요시간을 확인하는 것이 번거롭게 느껴지더라고요  특히 명절이나 연휴 기간에는 미리 정보를 알아두지 않으면    ,전주 서울 KTX 요금과 소요시간 최신 정보 정리 저 역시 출장이나 여행으로 전주와 서울을 자주 오가며 KTX를 이용하는데  매번 최신 요금과 소요시간을 확인하는 것이 번거롭게 느껴지더라고요  특히 명절이나 연휴 기간에는 미리 정보를 알아두지 않으면    
전주 여행,126,전주 호텔 한옥마을 홍시 게스트하우스 찐후기,https://blog.naver.com/b62d9h6rt8/224399200486,전주 호텔 한옥마을 홍시 게스트하우스 찐후기 전주 한옥마을을 여행할 때 편안한 숙소를 찾는 건 정말 중요한 문제예요  특히 한옥마을 홍시 게스트하우스는 많은 여행자들에게 사랑받고 있어요  저는    ,전주 호텔 한옥마을 홍시 게스트하우스 찐후기 전주 호텔 한옥마을 홍시 게스트하우스 찐후기 전주 한옥마을을 여행할 때 편안한 숙소를 찾는 건 정말 중요한 문제예요  특히 한옥마을 홍시 게스트하우스는 많은 여행자들에게 사랑받고 있어요  저는    
전주 여행,127,전주 한옥마을 카페 공간봄 수제맥주와 음악이 있는 감성카페,https://blog.naver.com/japantrip007/224399192204, 전주공간봄  공간봄  전주카페  전주한옥마을카페  전주한옥마을  전주카페추천  전주감성카페  전주한옥카페  전주여행  전주여행코스  전주가볼만한곳  전주데이트  전주핫플  전주카페투어  한옥카페    ,전주 한옥마을 카페 공간봄 수제맥주와 음악이 있는 감성카페  전주공간봄  공간봄  전주카페  전주한옥마을카페  전주한옥마을  전주카페추천  전주감성카페  전주한옥카페  전주여행  전주여행코스  전주가볼만한곳  전주데이트  전주핫플  전주카페투어  한옥카페    
전주 여행,128,전주 본점의 정갈함을 그대로 재현한 부산 전포동 맛집 메밀소바 기    ,https://blog.naver.com/republic98272/224399188340,타지 여행에서 맛보던 소중한 미식의 기억을 일상 가까이에서 다시 마주한 행복한 기록 지역 여행의 향수를 불러일으키는 면 요리 먼 곳으로 떠났던 여행지에서 맛보았던 특별한 요리가 문득 그리워질 때가    ,전주 본점의 정갈함을 그대로 재현한 부산 전포동 맛집 메밀소바 기     타지 여행에서 맛보던 소중한 미식의 기억을 일상 가까이에서 다시 마주한 행복한 기록 지역 여행의 향수를 불러일으키는 면 요리 먼 곳으로 떠났던 여행지에서 맛보았던 특별한 요리가 문득 그리워질 때가    
전주 여행,129,타지에서 맛본 소박한 메밀 요리 추억을 부산 전포 맛집 공간에서     ,https://blog.naver.com/course99822/224399184477,멀리서 찾았던 깊은 메밀 향기가 일상 속 편안한 식탁으로 다가오는 소중한 경험 낯선 도시의 기억과 익숙한 미식의 만남 여행은 때로 뜻밖의 장소에서 이전의 소중한 기억을 되살려주곤 합니다  전주의 오래된    ,타지에서 맛본 소박한 메밀 요리 추억을 부산 전포 맛집 공간에서      멀리서 찾았던 깊은 메밀 향기가 일상 속 편안한 식탁으로 다가오는 소중한 경험 낯선 도시의 기억과 익숙한 미식의 만남 여행은 때로 뜻밖의 장소에서 이전의 소중한 기억을 되살려주곤 합니다  전주의 오래된    
전주 여행,130,부산 메밀소바 맛집에서 경험한 전주 본점의 담백한 미식 기록,https://blog.naver.com/afflicte336/224399183456,여행의 여운이 깊어지는 전포동 공간에서 마주한 정갈한 면 요리의 정취와 편안한 식사 시간의 소중함 전주에서 온 메밀 향기를 만나는 전포동의 새로운 일상 전주에서 오랜 시간 사랑받아 온 맛집의 정취가    ,부산 메밀소바 맛집에서 경험한 전주 본점의 담백한 미식 기록 여행의 여운이 깊어지는 전포동 공간에서 마주한 정갈한 면 요리의 정취와 편안한 식사 시간의 소중함 전주에서 온 메밀 향기를 만나는 전포동의 새로운 일상 전주에서 오랜 시간 사랑받아 온 맛집의 정취가    
전주 여행,131,부산 전포 직장인 맛집 메르밀진미집에서 만난 여름날의 시원한 미    ,https://blog.naver.com/rallyraps/224399178509,타지 여행에서 경험했던 소중한 미식의 기억을 일상 공간에서 다시 만나는 즐거움이 있습니다 전주 본점의 감동을 옮겨온 매장 분위기 전주 여행 당시 긴 대기 줄을 견디며 먹었던 그 기억이 참 선명합니다  멀리    ,부산 전포 직장인 맛집 메르밀진미집에서 만난 여름날의 시원한 미     타지 여행에서 경험했던 소중한 미식의 기억을 일상 공간에서 다시 만나는 즐거움이 있습니다 전주 본점의 감동을 옮겨온 매장 분위기 전주 여행 당시 긴 대기 줄을 견디며 먹었던 그 기억이 참 선명합니다  멀리    
전주 여행,132,전주 호텔 봄밤 후기,https://blog.naver.com/y90hc60zkjiqqc/224399174882,특히 전주 여행을 계획하고 있다면  전주 호텔 봄밤 이 눈에 띄어요   전주 호텔 봄밤 은 합리적인 가격에 다양한 혜택을 제공해서 많은 사람들이 찾는 곳이에요  정말 매력적이죠  1위   봄밤 1  봄밤 1박    ,전주 호텔 봄밤 후기 특히 전주 여행을 계획하고 있다면  전주 호텔 봄밤 이 눈에 띄어요   전주 호텔 봄밤 은 합리적인 가격에 다양한 혜택을 제공해서 많은 사람들이 찾는 곳이에요  정말 매력적이죠  1위   봄밤 1  봄밤 1박    
전주 여행,133, 전주 완산구  전주한옥마을호텔   평일 1박 7만원 청연루 야경 볼 수    ,https://blog.naver.com/dglee0911/224399160274,몸만 가도 되는 전주 숙소 추천 전주한옥마을 10분 거리 근처 호텔  전주한옥마을호텔   전주한옥마을 근처 숙소 추천   전주한옥마을호텔 후기 전주 여행할 때 묵었던 숙소예요  숙소 컨디션도 좋고 뷰도    , 전주 완산구  전주한옥마을호텔   평일 1박 7만원 청연루 야경 볼 수     몸만 가도 되는 전주 숙소 추천 전주한옥마을 10분 거리 근처 호텔  전주한옥마을호텔   전주한옥마을 근처 숙소 추천   전주한옥마을호텔 후기 전주 여행할 때 묵었던 숙소예요  숙소 컨디션도 좋고 뷰도    
전주 여행,134, go  개강 전 마지막 발악 후쿠오카 여행,https://blog.naver.com/jiryun_317/224399158965,개강 전주에 깜짝 일본 여행을 다녀오게 되었답니당 여행 하루 전날 입욕을 해주어요   출발 전에 야무지게 캐리어 반쪽 다 비워갑네다 이제는 혼자 오는 공항 전혀 두렵지 않악    혼자 비행기 탄적이 훨씬    , go  개강 전 마지막 발악 후쿠오카 여행 개강 전주에 깜짝 일본 여행을 다녀오게 되었답니당 여행 하루 전날 입욕을 해주어요   출발 전에 야무지게 캐리어 반쪽 다 비워갑네다 이제는 혼자 오는 공항 전혀 두렵지 않악    혼자 비행기 탄적이 훨씬    
전주 여행,135,부산 전포 점심 맛집 선택과 면 요리 미식 탐구,https://blog.naver.com/concve27931/224399156500,부산 전포 점심 맛집 중 예전 전주 여행에서 마주했던 그 정갈한 메밀소바의 풍미를 그대로 구현한 공간이 자리 잡고 있습니다  번잡한 도심을 지나 카페거리 쪽으로 방향을 틀면 여행지에서 느꼈던 여유로움과    ,부산 전포 점심 맛집 선택과 면 요리 미식 탐구 부산 전포 점심 맛집 중 예전 전주 여행에서 마주했던 그 정갈한 메밀소바의 풍미를 그대로 구현한 공간이 자리 잡고 있습니다  번잡한 도심을 지나 카페거리 쪽으로 방향을 틀면 여행지에서 느꼈던 여유로움과    
전주 여행,136,전주 호텔 여가 써보니 이렇네요,https://blog.naver.com/o03jhodt2eiuo0v/224399149154,특히 전주 여행을 계획하고 계시다면 다양한 숙소를 비교하는 게 중요하죠  저는 이 중에서 전주 호텔 여가가 눈에 띄어서 자세히 살펴보았답니다     1위   전주 여가 1  전주 여가 1박 241 799원    ,전주 호텔 여가 써보니 이렇네요 특히 전주 여행을 계획하고 계시다면 다양한 숙소를 비교하는 게 중요하죠  저는 이 중에서 전주 호텔 여가가 눈에 띄어서 자세히 살펴보았답니다     1위   전주 여가 1  전주 여가 1박 241 799원    
전주 여행,137,전주 여행의 기억을 되살리는 부산 전포 콩국수 맛집 면 요리 미식     ,https://blog.naver.com/ihwslb0h/224399145187,전주 여행 중에 들렀던 메르밀진미집에서 느꼈던 깊고도 자극적이지 않은 메밀 소바와 콩국수의 여운은 시간이 지나도 잊히지 않더군요  최근 부산 전포 카페거리를 거닐다 그곳의 지점을 마주하게 되었을 때    ,전주 여행의 기억을 되살리는 부산 전포 콩국수 맛집 면 요리 미식      전주 여행 중에 들렀던 메르밀진미집에서 느꼈던 깊고도 자극적이지 않은 메밀 소바와 콩국수의 여운은 시간이 지나도 잊히지 않더군요  최근 부산 전포 카페거리를 거닐다 그곳의 지점을 마주하게 되었을 때    
전주 여행,138,f45 신사역 헬스장 하이록스 대비 가격 후기 ,https://blog.naver.com/162_5/224399141387,영국 공항에서 시내  전주 남부시장 야시장 전주 당일치기   안녕하세요 여행인플루언서 김쩡니입니다  벌써 F45 신사 엠베서더를 한지 4개월 차  역시나 혼자였으면 못했을 운동을 즐겁게 또 체중감량까지    ,f45 신사역 헬스장 하이록스 대비 가격 후기  영국 공항에서 시내  전주 남부시장 야시장 전주 당일치기   안녕하세요 여행인플루언서 김쩡니입니다  벌써 F45 신사 엠베서더를 한지 4개월 차  역시나 혼자였으면 못했을 운동을 즐겁게 또 체중감량까지    
전주 여행,139,전주 라한호텔 조식 수영장 웨딩 사우나 리얼후기,https://blog.naver.com/on_monday/224399128998,전주 첫 여행인데 숙소 고민이 제일 컸어요  남자친구랑 전라도는 처음이라 더 신경 쓰였는데  모든 걸 고려해봤을 때 전주 라한호텔이 최적이었습니다  한옥마을 도보 3분 거리에 수영장에 사우나까지    ,전주 라한호텔 조식 수영장 웨딩 사우나 리얼후기 전주 첫 여행인데 숙소 고민이 제일 컸어요  남자친구랑 전라도는 처음이라 더 신경 쓰였는데  모든 걸 고려해봤을 때 전주 라한호텔이 최적이었습니다  한옥마을 도보 3분 거리에 수영장에 사우나까지    
전주 여행,140,전주 호텔 건축의 선율 독채펜션 찐후기,https://blog.naver.com/ejnudorp5vfhsucnbsno/224399118071,전주 호텔 건축의 선율 독채펜션 찐후기 전주에 여행 가신다면 독특한 숙소 찾기가 쉽지 않죠  그래서 이번 기회에  전주 호텔 건축의 선율 독채펜션 을 눈여겨봤어요   전주 호텔 건축의 선율 독채펜션 은    ,전주 호텔 건축의 선율 독채펜션 찐후기 전주 호텔 건축의 선율 독채펜션 찐후기 전주에 여행 가신다면 독특한 숙소 찾기가 쉽지 않죠  그래서 이번 기회에  전주 호텔 건축의 선율 독채펜션 을 눈여겨봤어요   전주 호텔 건축의 선율 독채펜션 은    
전주 여행,141,장수가볼만한곳 장수한우랑사과랑축제 일정 프로그램 주차 총정리,https://blog.naver.com/seoul-lee1m/224398744366, 깨비의숲마을  전주 백석공원  전북 전주 숲체험 어린이 가을 유아 초등 자연 곤충 주말 체험 학습 아이고고 naver me 전북여행 여행지 장수가볼만한곳 전북가볼만한곳  혀니더기 장수가볼만한곳    ,장수가볼만한곳 장수한우랑사과랑축제 일정 프로그램 주차 총정리  깨비의숲마을  전주 백석공원  전북 전주 숲체험 어린이 가을 유아 초등 자연 곤충 주말 체험 학습 아이고고 naver me 전북여행 여행지 장수가볼만한곳 전북가볼만한곳  혀니더기 장수가볼만한곳    
전주 여행,142, 호텔 이비스 스타일 앰배서더 전주 시티센터 2박 숙박 후기,https://blog.naver.com/jhloveshs/224399111265,이비스 스타일 앰배서더 전주 시티센터        디럭스 트윈 조식 미포함 2박 약 18만원 아고다  안녕하세요 쏭쏭입니다 전주 여행에서 선택한 숙소   이비스 스타일 앰배서더 전주 시티센터   2박    , 호텔 이비스 스타일 앰배서더 전주 시티센터 2박 숙박 후기 이비스 스타일 앰배서더 전주 시티센터        디럭스 트윈 조식 미포함 2박 약 18만원 아고다  안녕하세요 쏭쏭입니다 전주 여행에서 선택한 숙소   이비스 스타일 앰배서더 전주 시티센터   2박    
전주 여행,143,안정감이 주는 행복 ,https://blog.naver.com/sjmomo21/224399110201,오빠랑 2박 3일동안 전주여행    다녀와써요      벌써 5번째 여행    600일이 넘엇다니   왕빠르다  한울밥상 우선 도착하자마자 한정식 무거줬음    오빠랑 나랑 둘다 한식에 환장하느라      무엇보다 전주는    ,안정감이 주는 행복  오빠랑 2박 3일동안 전주여행    다녀와써요      벌써 5번째 여행    600일이 넘엇다니   왕빠르다  한울밥상 우선 도착하자마자 한정식 무거줬음    오빠랑 나랑 둘다 한식에 환장하느라      무엇보다 전주는    
전주 여행,144,전주 라한호텔 아기랑 가족여행 조식 사우나 수영장 숙소 추천,https://blog.naver.com/diaxbs/224399105980, 전주호텔  라한호텔전주  전주한옥마을숙소  전주가족여행  전주여행숙소  한옥마을도보  전주4성급호텔  전주호캉스  라한호텔  전주숙소추천  전주여행  전주한옥마을  전주아이와여행  전주가족호텔    ,전주 라한호텔 아기랑 가족여행 조식 사우나 수영장 숙소 추천  전주호텔  라한호텔전주  전주한옥마을숙소  전주가족여행  전주여행숙소  한옥마을도보  전주4성급호텔  전주호캉스  라한호텔  전주숙소추천  전주여행  전주한옥마을  전주아이와여행  전주가족호텔    
전주 여행,145,전주 한옥마을 주차 걱정 끝  아기랑 1박2일 무료코스 숙소 5만원 할    ,https://blog.naver.com/pieeer/224399091388,아기랑 전주 1박2일 여행을 준비하면서 주차문제부터 아이와 추억  여행경비까지 생각할게 많은데 그래서 최대한 엄마도 편하고 아이도 편하도록 베스트웨스턴플러스전주호텔에서 주차걱정없이 한옥마을을    ,전주 한옥마을 주차 걱정 끝  아기랑 1박2일 무료코스 숙소 5만원 할     아기랑 전주 1박2일 여행을 준비하면서 주차문제부터 아이와 추억  여행경비까지 생각할게 많은데 그래서 최대한 엄마도 편하고 아이도 편하도록 베스트웨스턴플러스전주호텔에서 주차걱정없이 한옥마을을    
전주 여행,146,,https://blog.naver.com/rlob1n/224399089308,이제 여름에 안갈거야 전주여행 푸딩이 너무 귀엽지만 가격은 안귀여운  맛도 그냥 그저 그런  인스타 사진 찍으러 갔는데 자리도 맘에 안들어서 안찍음   한옥마을가서 육전에 맥쥬    숟가락 젓가락을    , 이제 여름에 안갈거야 전주여행 푸딩이 너무 귀엽지만 가격은 안귀여운  맛도 그냥 그저 그런  인스타 사진 찍으러 갔는데 자리도 맘에 안들어서 안찍음   한옥마을가서 육전에 맥쥬    숟가락 젓가락을    
전주 여행,147,전주 빵지순례 국룰  한옥마을 초코파이 종류 먹거리 기념품,https://blog.naver.com/0026_j/224399085750,Jeon ju 전주 빵지순례 국룰  한옥마을 초코파이 종류 먹거리 기념품 추천  수띵 전주 여행 기념품 국룰은 바로 수제 초코파이죠  하나씩 낱개포장되어 있어 챙기기도 편하고  전주 한옥마을에서 다양한 맛    ,전주 빵지순례 국룰  한옥마을 초코파이 종류 먹거리 기념품 Jeon ju 전주 빵지순례 국룰  한옥마을 초코파이 종류 먹거리 기념품 추천  수띵 전주 여행 기념품 국룰은 바로 수제 초코파이죠  하나씩 낱개포장되어 있어 챙기기도 편하고  전주 한옥마을에서 다양한 맛    
전주 여행,148,전주 이비스 호텔  한옥마을 근처 숙소 추천,https://blog.naver.com/dltpfud00/224399084552,해서 여행가려는 날에 숙소 객실이 있는지 없는지 미리미리 확인하는 걸 추천합니다    맛있는 것도 너무 많고  고즈넉한 느낌으로 힐링하기 좋았던 전주 다들 좋은 숙소 고르고 재밌는 전주 여행하세요  ,전주 이비스 호텔  한옥마을 근처 숙소 추천 해서 여행가려는 날에 숙소 객실이 있는지 없는지 미리미리 확인하는 걸 추천합니다    맛있는 것도 너무 많고  고즈넉한 느낌으로 힐링하기 좋았던 전주 다들 좋은 숙소 고르고 재밌는 전주 여행하세요  
전주 여행,149, 전북 익산   충남 보령여행  미륵사지  개화예술공원  보령 수영성,https://blog.naver.com/gulpok1/224399078871,2026 8 29  금   8 30  토  버스 패키지 여행 일정 2026  8  30   조식  콩나물국밥 제공    전주   미륵사지   익산   개화예술공원   보령   중식  잔치국수 간재미무침 해물파전    보령   원산도 자전거 라이딩    , 전북 익산   충남 보령여행  미륵사지  개화예술공원  보령 수영성 2026 8 29  금   8 30  토  버스 패키지 여행 일정 2026  8  30   조식  콩나물국밥 제공    전주   미륵사지   익산   개화예술공원   보령   중식  잔치국수 간재미무침 해물파전    보령   원산도 자전거 라이딩    
전주 여행,150, 소양맛집  집 갈때 비지 챙겨주는 전주근교 현지인맛집 매큼한 순    ,https://blog.naver.com/zzang_1228/224399077437,오늘은 전주 근교 맛집을 포스팅할게요 이집은 아는사람만 가는 현지인 맛집이랍니다 특히 차끌고 전주여행와서 복잡한 전주에서 피로감만 느꼈던 분들께 진짜  진짜  진 짜 추천하는 곳입니다 이곳은 완주    , 소양맛집  집 갈때 비지 챙겨주는 전주근교 현지인맛집 매큼한 순     오늘은 전주 근교 맛집을 포스팅할게요 이집은 아는사람만 가는 현지인 맛집이랍니다 특히 차끌고 전주여행와서 복잡한 전주에서 피로감만 느꼈던 분들께 진짜  진짜  진 짜 추천하는 곳입니다 이곳은 완주    
전주 여행,151,전주 커피맛집 광커피 로스터리 블루리본 핸드드립 맛집 한옥마을     ,https://blog.naver.com/seul_ee328/224399076419,오늘은 전주여행 중 남편이 유일하게 가고싶다고해서 다녀온 전주 커피맛집을 가져왔습니다  핸드드립 커피가 정말 맛있어서 대만족하고온 전주 한옥마을에 위치한 광커피 로스터리 함께 보시죠오    광커피    ,전주 커피맛집 광커피 로스터리 블루리본 핸드드립 맛집 한옥마을      오늘은 전주여행 중 남편이 유일하게 가고싶다고해서 다녀온 전주 커피맛집을 가져왔습니다  핸드드립 커피가 정말 맛있어서 대만족하고온 전주 한옥마을에 위치한 광커피 로스터리 함께 보시죠오    광커피    
전주 여행,152,전주한옥숙소 객리당 객리단길 감성숙소 추천 아이들과 숙박 후기,https://blog.naver.com/withonon/224399072300,전주여행의 마지막을 오래 기억하게 해준 곳 이번 전주여행에서 가장 좋았던 건 유명한 관광지를 많이 돌아본 것만은 아니었어요  가족과 함께 예쁜 공간에서 맛있는 음식을 먹고  따뜻한 물에 몸을 담그고    ,전주한옥숙소 객리당 객리단길 감성숙소 추천 아이들과 숙박 후기 전주여행의 마지막을 오래 기억하게 해준 곳 이번 전주여행에서 가장 좋았던 건 유명한 관광지를 많이 돌아본 것만은 아니었어요  가족과 함께 예쁜 공간에서 맛있는 음식을 먹고  따뜻한 물에 몸을 담그고    
전주 여행,153,전주호텔 애견동반 바베큐 가능한 다빈호텔 한옥마을,https://blog.naver.com/poem486/224399068742,다녀왔는데요 전주여행 중 신축급 컨디션의 깔끔하고 가성비 좋은 호텔 찾는 분들께 다빈호텔 소개할게요 애견동반 가능한 호텔이지만 애견 객실와 비애견 객실을 구분하고 있어서 반려견 동반 아용하실 때    ,전주호텔 애견동반 바베큐 가능한 다빈호텔 한옥마을 다녀왔는데요 전주여행 중 신축급 컨디션의 깔끔하고 가성비 좋은 호텔 찾는 분들께 다빈호텔 소개할게요 애견동반 가능한 호텔이지만 애견 객실와 비애견 객실을 구분하고 있어서 반려견 동반 아용하실 때    
전주 여행,154,파티룸 브라이덜샤워 추천 전주 스튜디오 대여 브릴란테모먼트 가    ,https://blog.naver.com/0574s2/224399066004,큰아들 생일을 시작으로 시아버님 생신  둘째아들 생일  추석 민족 대이동과 가족여행까지 일정이 정말    다만 이용 가능한 자리가 1대뿐이라 차량을 가지고 방문한다면  예약 전 주차 가능 여부를 미리    ,파티룸 브라이덜샤워 추천 전주 스튜디오 대여 브릴란테모먼트 가     큰아들 생일을 시작으로 시아버님 생신  둘째아들 생일  추석 민족 대이동과 가족여행까지 일정이 정말    다만 이용 가능한 자리가 1대뿐이라 차량을 가지고 방문한다면  예약 전 주차 가능 여부를 미리    
전주 여행,155,전주 볼륨매직 하이윤헤어  수현디자이너님에게 힐링후기,https://blog.naver.com/skswldms93/224399052179,다음주에 여행계획이 있는데 이렇게 갈순없어       볼륨매직하러 전주 하이윤헤어에 다녀왔어요     저는 수현디자이너님께 예약했답니다    하이윤헤어 전주  전북 전주시 완산구 구룡1길 33 16 1층    ,전주 볼륨매직 하이윤헤어  수현디자이너님에게 힐링후기 다음주에 여행계획이 있는데 이렇게 갈순없어       볼륨매직하러 전주 하이윤헤어에 다녀왔어요     저는 수현디자이너님께 예약했답니다    하이윤헤어 전주  전북 전주시 완산구 구룡1길 33 16 1층    
전주 여행,156, 전주여행 2일차  증량하러 갔냐구요  아뇨   조점례피순대국밥  메    ,https://blog.naver.com/lovetree9825/224399051433,오늘은 전주여행 2일차 코스로 포팅해봅니다  조점례피순대국밥   자연도소금빵   전주난장  메르미멜집 코스로 소개해드릴테니  얼른 따라오셔요   저희의 여행 스타일은 온리 먹방이에요     그리고 웃긴 사진    , 전주여행 2일차  증량하러 갔냐구요  아뇨   조점례피순대국밥  메     오늘은 전주여행 2일차 코스로 포팅해봅니다  조점례피순대국밥   자연도소금빵   전주난장  메르미멜집 코스로 소개해드릴테니  얼른 따라오셔요   저희의 여행 스타일은 온리 먹방이에요     그리고 웃긴 사진    
전주 여행,157,전주 숙소 추천 한옥마을 도보 이동 가능한 뚜벅이 여행 감성 독채    ,https://blog.naver.com/100eogwon/224399046958,완벽한 전주 여행을 완성하기 위해서는 자신의 이동 동선과 여행 스타일에 딱 맞는 숙소를 선택하는 것이 무엇보다 중요합니다  혼자 떠나는 뚜벅이 여행부터 연인과의 감성 여행  반려견이나 가족과 함께하는    ,전주 숙소 추천 한옥마을 도보 이동 가능한 뚜벅이 여행 감성 독채     완벽한 전주 여행을 완성하기 위해서는 자신의 이동 동선과 여행 스타일에 딱 맞는 숙소를 선택하는 것이 무엇보다 중요합니다  혼자 떠나는 뚜벅이 여행부터 연인과의 감성 여행  반려견이나 가족과 함께하는    
전주 여행,158,9월 전주여행 가볼만한곳 덕진공원 밤밤페스타 무료 야간축제 일    ,https://blog.naver.com/yhn031/224399037339,덕진공원  전주덕진공원  덕진공원주차장  덕진공원주차  연화정도서관  전주연화정도서관  전주플리마켓  전주공연  전주버스킹  전주무료공연  전주아이와가볼만한곳  전북가볼만한곳  전북축제  전주여행,9월 전주여행 가볼만한곳 덕진공원 밤밤페스타 무료 야간축제 일     덕진공원  전주덕진공원  덕진공원주차장  덕진공원주차  연화정도서관  전주연화정도서관  전주플리마켓  전주공연  전주버스킹  전주무료공연  전주아이와가볼만한곳  전북가볼만한곳  전북축제  전주여행
전주 여행,159,  전주 여행   전주여행기록 마지막3탄,https://blog.naver.com/yeneelog_/224399029446,전주여행하면서 사실 먹는거 밖에 없었던거같아요 관광위주보다 먹방      부모님들도 잘 드시고 나름 알차게 놀다가 온 전주여행이었어요 전주 다음에 또 만나 저는 다시 인천맛집요정으로 돌아올게용  ,  전주 여행   전주여행기록 마지막3탄 전주여행하면서 사실 먹는거 밖에 없었던거같아요 관광위주보다 먹방      부모님들도 잘 드시고 나름 알차게 놀다가 온 전주여행이었어요 전주 다음에 또 만나 저는 다시 인천맛집요정으로 돌아올게용  
전주 여행,160,전주 한옥마을 맛집 애견동반 고깃집 해율담 가마솥밥 강추   ,https://blog.naver.com/bbb_angg/224399025290,급 다녀오게되었던 애견동반 전주여행    전주여행에서 빠뜨릴 수 없는게 전주 맛집인데 그중에서도 전주 한옥마을 맛집   여행객들은 전주 한옥마을 맛집으로 찾아가면 좋을 것 같고 찐 동네사람들은 전주    ,전주 한옥마을 맛집 애견동반 고깃집 해율담 가마솥밥 강추    급 다녀오게되었던 애견동반 전주여행    전주여행에서 빠뜨릴 수 없는게 전주 맛집인데 그중에서도 전주 한옥마을 맛집   여행객들은 전주 한옥마을 맛집으로 찾아가면 좋을 것 같고 찐 동네사람들은 전주    
전주 여행,161,2026 여름방학여행  전주1,https://blog.naver.com/ssone8318/224399023376,        이렇게 첫날을 마무리했습니다 공동육아는 역시 시간이 빨리가요     그럼 다음 2편에서 뵐게요       전주여행 라한호텔전주 한옥마을  전주라한수영장 전주베테랑칼국수  전주덕진공원,2026 여름방학여행  전주1         이렇게 첫날을 마무리했습니다 공동육아는 역시 시간이 빨리가요     그럼 다음 2편에서 뵐게요       전주여행 라한호텔전주 한옥마을  전주라한수영장 전주베테랑칼국수  전주덕진공원
전주 여행,162, 국내  여자 둘이 전주여행코스 추천 도서관투어 콩나물국밥 맛집,https://blog.naver.com/rlacodus1011/224399019390,헤헤 전주여행 갔다온걸 이제야 쓰다니 어쩔수가 없다 나란 게으름벵이    전주에 갔다온지 넘넘 오래돼서 사촌동생이랑 전주 1박 부산 1박 이렇게 국내여행 하고 왔당 나중에 도서관투어 제대로 하고 싶어서    , 국내  여자 둘이 전주여행코스 추천 도서관투어 콩나물국밥 맛집 헤헤 전주여행 갔다온걸 이제야 쓰다니 어쩔수가 없다 나란 게으름벵이    전주에 갔다온지 넘넘 오래돼서 사촌동생이랑 전주 1박 부산 1박 이렇게 국내여행 하고 왔당 나중에 도서관투어 제대로 하고 싶어서    
전주 여행,163, 전북 전주  6개월 아기와 함께 한 여수 여행 신라스테이 여수 스탠    ,https://blog.naver.com/sweetice00/224399016756,안녕하세요 리하입니다   사랑이와 첫 여행지였던 여수에서의 하루가 시작되면서 숙소 체크인도 바로    엄마 껌딱지 사랑이랑 여수 여행 천천히 기록해 볼게요    여수여행  여수숙소  여수신라스테이    , 전북 전주  6개월 아기와 함께 한 여수 여행 신라스테이 여수 스탠     안녕하세요 리하입니다   사랑이와 첫 여행지였던 여수에서의 하루가 시작되면서 숙소 체크인도 바로    엄마 껌딱지 사랑이랑 여수 여행 천천히 기록해 볼게요    여수여행  여수숙소  여수신라스테이    
전주 여행,164,전주여행 n회차 뚜벅이들의 여름나기 1박2일 여행코스,https://blog.naver.com/vitamin_sw1/224399007098,전주여행 8월 전주는 무지더움 사람없음 눈치게임 성공 베테랑 칼국수 과거에는 긴 웨이팅 끝에 간신히 아빠다리하고 앉아 먹을 수 있었는데 간편해진 좌식에 조직적인 서빙 물론 맛은 있었으나  그리운 감각이    ,전주여행 n회차 뚜벅이들의 여름나기 1박2일 여행코스 전주여행 8월 전주는 무지더움 사람없음 눈치게임 성공 베테랑 칼국수 과거에는 긴 웨이팅 끝에 간신히 아빠다리하고 앉아 먹을 수 있었는데 간편해진 좌식에 조직적인 서빙 물론 맛은 있었으나  그리운 감각이    
전주 여행,165,신라스테이 전주 한옥마을 추석연휴 15만원대 가족여행,https://blog.naver.com/clio19/224399000566,신라스테이 전주 할인쿠폰 받기 전주한옥마을 가까운 위치 전주여행은 하루만 가도 생각보다 할 게 정말 많잖아요  한옥마을 돌아보고 경기전이나 전동성당 쪽 구경하고 중간중간 맛집이나 카페 들르면 하루    ,신라스테이 전주 한옥마을 추석연휴 15만원대 가족여행 신라스테이 전주 할인쿠폰 받기 전주한옥마을 가까운 위치 전주여행은 하루만 가도 생각보다 할 게 정말 많잖아요  한옥마을 돌아보고 경기전이나 전동성당 쪽 구경하고 중간중간 맛집이나 카페 들르면 하루    
전주 여행,166,전주 뚜벅이 2박 3일 여행 코스   전주 한옥마을 전주일몽 모주 클    ,https://blog.naver.com/pinggpingg_/224398993632,저 집에 돌아갈 때 두 개나 포장해갔어요   제발 전주 여행 가시는 분들은 매일매일 하나씩 여기 명란소금빵을 드시길  아메는 살짝 산미가 있었습니다 안에 명란크림이 넘칠만큼 가득 들어있어서 빵    ,전주 뚜벅이 2박 3일 여행 코스   전주 한옥마을 전주일몽 모주 클     저 집에 돌아갈 때 두 개나 포장해갔어요   제발 전주 여행 가시는 분들은 매일매일 하나씩 여기 명란소금빵을 드시길  아메는 살짝 산미가 있었습니다 안에 명란크림이 넘칠만큼 가득 들어있어서 빵    
전주 여행,167,전주여행   전주 금암면옥   전주 플랫메이트   전주 에어비앤비 그    ,https://blog.naver.com/haeun55548/224398991105,친구들과 1박 2일 전주여행 시작  점심부터 먹고 시작하자구용 메뉴를 어떻게 시킬지 도착하기 전부터 열띤 회의를 한 끝에 쫄면 칼국수 만두 돈까스        셋이먹는건데오   남겨도 시키자       쫄면    ,전주여행   전주 금암면옥   전주 플랫메이트   전주 에어비앤비 그     친구들과 1박 2일 전주여행 시작  점심부터 먹고 시작하자구용 메뉴를 어떻게 시킬지 도착하기 전부터 열띤 회의를 한 끝에 쫄면 칼국수 만두 돈까스        셋이먹는건데오   남겨도 시키자       쫄면    
전주 여행,168,정선 하이원 리조트 워터파크 최신 여행코스로 추천,https://blog.naver.com/adsac/224398990145,그럼 오늘은 전주 금요일에 다녀온 정선 하이원 워터파크의 최신 모습을 자세히 소개해드릴게요  정선 여행코스 추천 하이원 워터파크 정선 하이원 워터파크 주소  강원 정선군 고한읍 하이원길 424 전주 금요일    ,정선 하이원 리조트 워터파크 최신 여행코스로 추천 그럼 오늘은 전주 금요일에 다녀온 정선 하이원 워터파크의 최신 모습을 자세히 소개해드릴게요  정선 여행코스 추천 하이원 워터파크 정선 하이원 워터파크 주소  강원 정선군 고한읍 하이원길 424 전주 금요일    
전주 여행,169,전주 호텔 추천 한옥마을 도보 거리와 조식 차이 중 어디가 좋을까 ,https://blog.naver.com/9001067/224398986112,전주 여행을 알차게 즐기기 위해서는 주요 관광지와의 도보 접근성  주차 편의성  객실 위생 상태 및 조식 서비스 등 자신의 여행 목적과 동행자에 맞는 숙소를 선택하는 것이 중요합니다  이번    ,전주 호텔 추천 한옥마을 도보 거리와 조식 차이 중 어디가 좋을까  전주 여행을 알차게 즐기기 위해서는 주요 관광지와의 도보 접근성  주차 편의성  객실 위생 상태 및 조식 서비스 등 자신의 여행 목적과 동행자에 맞는 숙소를 선택하는 것이 중요합니다  이번    
전주 여행,170,전주 샐러드 맛집으로 유명한 전주 신시가지 브런치 맛집 효자동 올    ,https://blog.naver.com/ckongkcong/224398983755,다행히     전주 여행 때는 감기몸살이 세게 와서 입맛이 똑 떨어진 상태   전주그루브호텔에서 꿀잠자고 나와서 몸이 좋아진 걸 느껴 점심은 건강하고 맛있다고 소문 난 지중해식 음식 먹으러 12시 맞춰 갔더니    ,전주 샐러드 맛집으로 유명한 전주 신시가지 브런치 맛집 효자동 올     다행히     전주 여행 때는 감기몸살이 세게 와서 입맛이 똑 떨어진 상태   전주그루브호텔에서 꿀잠자고 나와서 몸이 좋아진 걸 느껴 점심은 건강하고 맛있다고 소문 난 지중해식 음식 먹으러 12시 맞춰 갔더니    
전주 여행,171,전주 9월 축제 뭐가 있지  밤밤페스타 무료 야간축제 총정리,https://blog.naver.com/dlwodud8309/224398427292, 전주밤밤페스타  2026밤밤페스타  전주축제  전주9월축제  전주가볼만한곳  전주야간축제  전주야간관광  덕진공원  연화정도서관  전주데이트  전주여행  전주가을여행  전주야경  전주여행코스    ,전주 9월 축제 뭐가 있지  밤밤페스타 무료 야간축제 총정리  전주밤밤페스타  2026밤밤페스타  전주축제  전주9월축제  전주가볼만한곳  전주야간축제  전주야간관광  덕진공원  연화정도서관  전주데이트  전주여행  전주가을여행  전주야경  전주여행코스    
전주 여행,172, 내돈내산  전주한옥마을 맛집 베테랑칼국수 후기 칼국수 쫄면     ,https://blog.naver.com/happygb777/224398969419,짧은 휴양림 여행 아니고 극기훈련    을 마치고 우리 가족이 간단하게 점심을 먹으러 들른 곳은 바로 전주한옥마을 베테랑칼국수  전주 출신인 남편 친구가 보내준 맛집 리스트에도 있던 곳이고  나도    , 내돈내산  전주한옥마을 맛집 베테랑칼국수 후기 칼국수 쫄면      짧은 휴양림 여행 아니고 극기훈련    을 마치고 우리 가족이 간단하게 점심을 먹으러 들른 곳은 바로 전주한옥마을 베테랑칼국수  전주 출신인 남편 친구가 보내준 맛집 리스트에도 있던 곳이고  나도    
전주 여행,173,가족회관 빠질수없는 메뉴 전주 비빔밥 전문점,https://blog.naver.com/pjac0422/224398960367,전주 여행에서 빠질 수 없는 메뉴 하면 역시 전주 비빔밥이죠   이번에 전주에 갔다가 비빔밥 전문점으로 유명한 가족회관에 다녀왔어요  방송에도 여러 번 소개된 곳이라 전부터 궁금했는데  직접 먹어보니 왜    ,가족회관 빠질수없는 메뉴 전주 비빔밥 전문점 전주 여행에서 빠질 수 없는 메뉴 하면 역시 전주 비빔밥이죠   이번에 전주에 갔다가 비빔밥 전문점으로 유명한 가족회관에 다녀왔어요  방송에도 여러 번 소개된 곳이라 전부터 궁금했는데  직접 먹어보니 왜    
전주 여행,174,엄마랑 떠나는 전주여행 1박2일 같은 2박3일,https://blog.naver.com/yehgamja/224398956343,금요일날 퇴근하고 엄마랑 훌쩍 떠나보는 1박2일같은 2박3일 전주 여행 3월말에 훅 떠나보기로 한 전주 저는 뚱이의 본가가 전주여서 몇번 가봤지만 엄마는 전주도 처음  고속버스도 처음  그래도 3시간정도    ,엄마랑 떠나는 전주여행 1박2일 같은 2박3일 금요일날 퇴근하고 엄마랑 훌쩍 떠나보는 1박2일같은 2박3일 전주 여행 3월말에 훅 떠나보기로 한 전주 저는 뚱이의 본가가 전주여서 몇번 가봤지만 엄마는 전주도 처음  고속버스도 처음  그래도 3시간정도    
전주 여행,175,전주 월야애담 키이스케이프 방탈출 추천  조조할인 신시가지 ,https://blog.naver.com/paran_life/224398956829,        전주를 여행간 김에 전주 방탈출은 유명한 게 있나 찾아보던 중 키이스케이프 테마들이 괜찮다는 소식을 듣고 그 중 가장 후기가 괜찮은 것 같은 월야애담을 선택하게 됐습니다   2026 08 28   A   방    ,전주 월야애담 키이스케이프 방탈출 추천  조조할인 신시가지          전주를 여행간 김에 전주 방탈출은 유명한 게 있나 찾아보던 중 키이스케이프 테마들이 괜찮다는 소식을 듣고 그 중 가장 후기가 괜찮은 것 같은 월야애담을 선택하게 됐습니다   2026 08 28   A   방    
전주 여행,176,전주 여행 코스 추천 한옥마을과 경기전 전동성당 산책,https://blog.naver.com/gvor9mzjui1cu10/224398951727,더 자세한 정보  아래에서 자세히 확인해보세요   더 자세한 정보  아래에서 자세히 확인해보세요  전주 여행 코스로 묶기 좋은 이유 이 동선의 핵심은 한옥마을 안팎의 분위기를 한 번에 이어볼 수 있다는    ,전주 여행 코스 추천 한옥마을과 경기전 전동성당 산책 더 자세한 정보  아래에서 자세히 확인해보세요   더 자세한 정보  아래에서 자세히 확인해보세요  전주 여행 코스로 묶기 좋은 이유 이 동선의 핵심은 한옥마을 안팎의 분위기를 한 번에 이어볼 수 있다는    
전주 여행,177,전주에서 먹어야 할 것  전주사람이 추천한 콩나물국밥 집은 ,https://blog.naver.com/piano_miri/224398903320,전주여행을 가면 뭘 먹어야 할까요  비빔밥  한정식도 유명하지만 현재 비엔나에 살고 있는 저희 가족에게 전주는 조금 특별해요  남편이 전주에서 자랐거든요  그래서 이번에는 관광객 추천 맛집보다는    ,전주에서 먹어야 할 것  전주사람이 추천한 콩나물국밥 집은  전주여행을 가면 뭘 먹어야 할까요  비빔밥  한정식도 유명하지만 현재 비엔나에 살고 있는 저희 가족에게 전주는 조금 특별해요  남편이 전주에서 자랐거든요  그래서 이번에는 관광객 추천 맛집보다는    
전주 여행,178,국내 미식 여행지 리스트 제주 포항 전주 맛집 추천,https://blog.naver.com/jhjymama/224398901261,전주 전통의 깊은 맛과 건강한 저염식 전주 여행의 정점은 아침 식사로 즐기는 전주왱이콩나물국밥입니다  수란과 함께 제공되는 시원한 국물은 여행의 피로를 싹 씻어주기에 충분하죠  주차 공간이 넉넉해    ,국내 미식 여행지 리스트 제주 포항 전주 맛집 추천 전주 전통의 깊은 맛과 건강한 저염식 전주 여행의 정점은 아침 식사로 즐기는 전주왱이콩나물국밥입니다  수란과 함께 제공되는 시원한 국물은 여행의 피로를 싹 씻어주기에 충분하죠  주차 공간이 넉넉해    
전주 여행,179,전주 호텔 추천 한옥마을 도보 접근성과 넉넉한 주차 공간,https://blog.naver.com/9001067/224398901285,완벽한 전주 여행을 즐기기 위해서는 여행 목적과 동선에 맞춰 위치  객실 상태  편의 시설 등을 다각도로 살펴보는 것이 매우 중요합니다  이번 글에서는 전주 한옥마을과 도심 근처에 위치한 매력적인    ,전주 호텔 추천 한옥마을 도보 접근성과 넉넉한 주차 공간 완벽한 전주 여행을 즐기기 위해서는 여행 목적과 동선에 맞춰 위치  객실 상태  편의 시설 등을 다각도로 살펴보는 것이 매우 중요합니다  이번 글에서는 전주 한옥마을과 도심 근처에 위치한 매력적인    
전주 여행,180,전주 평화동 맛집 엄특벳   현지 느낌 가득한 쌀국수 분짜 후기,https://blog.naver.com/mh307vk/224398899143,작년에 베트남 여행 갔다가 3kg나 쪄서 돌아온 사람 저요      평소 베트남 요리를 정말 좋아해서  동네에서 오가며 눈여겨본 전주 평화동 베트남 음식점 엄특벳에 좋은 기회로 다녀왔어요  아가씨랑 같이    ,전주 평화동 맛집 엄특벳   현지 느낌 가득한 쌀국수 분짜 후기 작년에 베트남 여행 갔다가 3kg나 쪄서 돌아온 사람 저요      평소 베트남 요리를 정말 좋아해서  동네에서 오가며 눈여겨본 전주 평화동 베트남 음식점 엄특벳에 좋은 기회로 다녀왔어요  아가씨랑 같이    
전주 여행,181,전주 관광 호텔 총평  전주 한옥마을 여행의 완벽한 거점 ,https://blog.naver.com/stay_craft/224392164537,전주 관광 호텔에 묵고 온 후기를 들려드리려고 해요  일단 위치가 정말 최고였고요  특히 깊게 잠들 수    제가 묵었던 곳은 정말 여행하기 좋은 중심지에 자리 잡고 있더라고요  한옥마을까지 걸어서 10분도 채    ,전주 관광 호텔 총평  전주 한옥마을 여행의 완벽한 거점  전주 관광 호텔에 묵고 온 후기를 들려드리려고 해요  일단 위치가 정말 최고였고요  특히 깊게 잠들 수    제가 묵었던 곳은 정말 여행하기 좋은 중심지에 자리 잡고 있더라고요  한옥마을까지 걸어서 10분도 채    
전주 여행,182,전주 라한호텔 아기랑 여행 후기 한옥마을 도보 5분  디럭스 더블 v    ,https://blog.naver.com/sayhello1225/224398889305,전주 한옥마을 여행 계획하고 있다면 위치 좋고  한옥마을 뷰 좋고  객실 선택지도 다양한 라한호텔 전주 한 번 참고해 보세요     전주여행  전주숙소  전주호텔  전주한옥마을숙소  전주라한호텔  라한호텔전주    ,전주 라한호텔 아기랑 여행 후기 한옥마을 도보 5분  디럭스 더블 v     전주 한옥마을 여행 계획하고 있다면 위치 좋고  한옥마을 뷰 좋고  객실 선택지도 다양한 라한호텔 전주 한 번 참고해 보세요     전주여행  전주숙소  전주호텔  전주한옥마을숙소  전주라한호텔  라한호텔전주    
전주 여행,183,대전 봉명동 전주의 손맛 담은 맛집 엄마가 해주신 밥집,https://blog.naver.com/nowafter-/224398879993,이번 대전 여행에서는 유성온천이 있는 봉명동의 엄마가 해주신 듯 푸짐하고 정성가득한 맛집 전주하우스를 찾아 솥뚜껑삼겹살을 먹었습니다  역시 밥집은 손맛이죠  전주하우스라는 명칭에 걸맞는 맛 가득    ,대전 봉명동 전주의 손맛 담은 맛집 엄마가 해주신 밥집 이번 대전 여행에서는 유성온천이 있는 봉명동의 엄마가 해주신 듯 푸짐하고 정성가득한 맛집 전주하우스를 찾아 솥뚜껑삼겹살을 먹었습니다  역시 밥집은 손맛이죠  전주하우스라는 명칭에 걸맞는 맛 가득    
전주 여행,184, 코지풋샵 전주 발마사지 찾는다면 완산구 중화산동 코지풋샵 힐링     ,https://blog.naver.com/kim1004a/224398877364, 전주마사지  전주커플마사지  전주발마사지  이색데이트  전주여행코스  전주발관리  전주가볼만한곳  마사지  전주  부모님마사지추천  족욕  전주발마사지추천, 코지풋샵 전주 발마사지 찾는다면 완산구 중화산동 코지풋샵 힐링       전주마사지  전주커플마사지  전주발마사지  이색데이트  전주여행코스  전주발관리  전주가볼만한곳  마사지  전주  부모님마사지추천  족욕  전주발마사지추천
전주 여행,185,전주 가볼만한곳 전주한옥마을 둘러보기 오짱  육전 꼭먹기,https://blog.naver.com/mimi-choco/224398871834,전주여행을 가기 전부터 주변에서 꼭 가봐야할 곳이라며 추천해준 전주한옥마을에 무조건 가야겠다 생각했다  전주여행 첫날과 이튿날 열심히 돌아보다 보니 나중엔 남편한테 한옥마을 가이드를 해 줄 수 있을    ,전주 가볼만한곳 전주한옥마을 둘러보기 오짱  육전 꼭먹기 전주여행을 가기 전부터 주변에서 꼭 가봐야할 곳이라며 추천해준 전주한옥마을에 무조건 가야겠다 생각했다  전주여행 첫날과 이튿날 열심히 돌아보다 보니 나중엔 남편한테 한옥마을 가이드를 해 줄 수 있을    
전주 여행,186,독박투어 전주 오원집 김밥쌈 주차 가격 메뉴 곽범 맛집,https://blog.naver.com/sugarbia/224398863562,독박투어 전주 오원집 김밥쌈 주차 메뉴 전주 여행 로컬 맛집 글과 사진  라스타 전주 맛집을 찾다가 방문한 곳은 전주 중앙시장에 위치한 오원집 본점이에요  오래전부터 연탄불 돼지구이와 김밥을 상추쌈에    ,독박투어 전주 오원집 김밥쌈 주차 가격 메뉴 곽범 맛집 독박투어 전주 오원집 김밥쌈 주차 메뉴 전주 여행 로컬 맛집 글과 사진  라스타 전주 맛집을 찾다가 방문한 곳은 전주 중앙시장에 위치한 오원집 본점이에요  오래전부터 연탄불 돼지구이와 김밥을 상추쌈에    
전주 여행,187,전주 케익 맛집 맘스브레드 효자동 본점 생일 케이크 빵집 추천,https://blog.naver.com/arum_chon/224398861804,전북 전주 여행 가볼만한곳 전주 케익 맛집 맘스브레드 효자동 본점 생일 케이크 빵집 추천   K 로컬기행  아름촌장 안녕하세요    우리나라 구석구석의 로컬 이야기를 전하는 여행 인플루언서 아름촌장이에요     ,전주 케익 맛집 맘스브레드 효자동 본점 생일 케이크 빵집 추천 전북 전주 여행 가볼만한곳 전주 케익 맛집 맘스브레드 효자동 본점 생일 케이크 빵집 추천   K 로컬기행  아름촌장 안녕하세요    우리나라 구석구석의 로컬 이야기를 전하는 여행 인플루언서 아름촌장이에요     
전주 여행,188, 한옥마을만 가면 손해  전주 가볼만한 곳 BEST 7   경기전 덕진공원     ,https://blog.naver.com/dldydgy456/224396402077,목차 전주 여행  한옥마을만 둘러보고 끝내시나요  전주 핵심 여행지 한눈에 비교하기 전통과 역사가 숨 쉬는 필수 코스는 어디일까요  이색 실내 데이트와 문화예술 명소는 어디인가요  자연 속에서 여유롭게    , 한옥마을만 가면 손해  전주 가볼만한 곳 BEST 7   경기전 덕진공원      목차 전주 여행  한옥마을만 둘러보고 끝내시나요  전주 핵심 여행지 한눈에 비교하기 전통과 역사가 숨 쉬는 필수 코스는 어디일까요  이색 실내 데이트와 문화예술 명소는 어디인가요  자연 속에서 여유롭게    
전주 여행,189,Hi jeju,https://blog.naver.com/sein6913/224398845985,한여름 오기 전의 제주 여행 26 5 17   26 5 19 거의 인생 처음이라고 할 수 있는 제주 여행기  기억 안나는 어린 시절에 다녀왔던 것만 알아욤    아침부터 전주에서 광주 공항으로 출발   전날 술먹고 몇시간 못자고    ,Hi jeju 한여름 오기 전의 제주 여행 26 5 17   26 5 19 거의 인생 처음이라고 할 수 있는 제주 여행기  기억 안나는 어린 시절에 다녀왔던 것만 알아욤    아침부터 전주에서 광주 공항으로 출발   전날 술먹고 몇시간 못자고    
전주 여행,190,전주 여행 호캉스 라한호텔 루프탑 수영장 가격  샤워장 후기,https://blog.naver.com/dana_won/224398841521,체크하기  전주라한호텔수영장  전주라한호텔수영장입장료  전주수영장호텔  전주수영장숙소  전주한옥마을여행  라한호텔전주수영장후기  라한호텔전주루프탑수영장  전주여행  전주여행숙소추천    ,전주 여행 호캉스 라한호텔 루프탑 수영장 가격  샤워장 후기 체크하기  전주라한호텔수영장  전주라한호텔수영장입장료  전주수영장호텔  전주수영장숙소  전주한옥마을여행  라한호텔전주수영장후기  라한호텔전주루프탑수영장  전주여행  전주여행숙소추천    
전주 여행,191,전주여행 5편 메타세콰이아길부터 담양 죽녹원까지  초록빛 힐링    ,https://blog.naver.com/son4226_/224398824314,담양 죽녹원 전남 담양군 담양읍 죽녹원로 119    061 380 2680  대나무숲 산책   힐링 여행지 초록빛 메타세콰이아길과 싱그러운 대나무숲 죽녹원까지 함께 걸어본 전주여행5편 이제 아쉽지만 여기서 잠시    ,전주여행 5편 메타세콰이아길부터 담양 죽녹원까지  초록빛 힐링     담양 죽녹원 전남 담양군 담양읍 죽녹원로 119    061 380 2680  대나무숲 산책   힐링 여행지 초록빛 메타세콰이아길과 싱그러운 대나무숲 죽녹원까지 함께 걸어본 전주여행5편 이제 아쉽지만 여기서 잠시    
전주 여행,192,전주여행 2 나바위성당  두동교회 덕진호수 ,https://blog.naver.com/jjkim4509/224398822957,안했다 여행간 게 아니고 살았으니까 먹어야겠다 생각해본 적이 없다 중국집 가면 짬뽕 짜장면 볶음밥이나 먹었다 연오가 있어서 어딜가나 환영받는다 덩치 크고 무섭게 생긴 분이 식사하고 있었는데 그분이    ,전주여행 2 나바위성당  두동교회 덕진호수  안했다 여행간 게 아니고 살았으니까 먹어야겠다 생각해본 적이 없다 중국집 가면 짬뽕 짜장면 볶음밥이나 먹었다 연오가 있어서 어딜가나 환영받는다 덩치 크고 무섭게 생긴 분이 식사하고 있었는데 그분이    
전주 여행,193,BOOK CHECK IN   책크인  1   전주 독립서점 도장깨기  전주 책크인 여행,https://blog.naver.com/worldpeacebgm/224398821328,기차를 타고 도착한 첫 번째 책크인 여행지  전주 도차끄  캐리어를 끌고 밖으로 나오니 그제야 진짜 여행이 시작된 기분이 들었다  오늘의 목적지는 책방  그렇다고 책방만 찍고 돌아다닐 생각은 없었다     ,BOOK CHECK IN   책크인  1   전주 독립서점 도장깨기  전주 책크인 여행 기차를 타고 도착한 첫 번째 책크인 여행지  전주 도차끄  캐리어를 끌고 밖으로 나오니 그제야 진짜 여행이 시작된 기분이 들었다  오늘의 목적지는 책방  그렇다고 책방만 찍고 돌아다닐 생각은 없었다     
전주 여행,194,전주한옥마을 안마족욕카페만족 어깨마사지 족욕 음료까지 현금14    ,https://blog.naver.com/bvbnbvbnk/224380528850,그동안 봐주셔서 감사합니다   전주한옥마을  전주한옥마을족욕  전주족욕  전주족욕카페  안마족욕카페만족  전주안마  전주안마카페  전주여행  전주여행코스  전주가볼만한곳  전주한옥마을가볼만한곳    ,전주한옥마을 안마족욕카페만족 어깨마사지 족욕 음료까지 현금14     그동안 봐주셔서 감사합니다   전주한옥마을  전주한옥마을족욕  전주족욕  전주족욕카페  안마족욕카페만족  전주안마  전주안마카페  전주여행  전주여행코스  전주가볼만한곳  전주한옥마을가볼만한곳    
전주 여행,195, 전주 여행 백서  전주 남부시장 처음 가는 사람을 위한 완벽 가이드    ,https://blog.naver.com/wjswnekdma/224379252495,대한민국에서 전통의 미학과 현대적인 미식이 가장 조화롭게 어우러진 천년고도 전라북도 전주시를 방문하는 여행객들에게  도심 속에서 수십 년간 서민들의 삶과 애환을 품고 살아 숨 쉬는  전주 남부시장 은    , 전주 여행 백서  전주 남부시장 처음 가는 사람을 위한 완벽 가이드     대한민국에서 전통의 미학과 현대적인 미식이 가장 조화롭게 어우러진 천년고도 전라북도 전주시를 방문하는 여행객들에게  도심 속에서 수십 년간 서민들의 삶과 애환을 품고 살아 숨 쉬는  전주 남부시장 은    
전주 여행,196,전주여행맛집탐방후기 야식술집오원집닭발최고,https://blog.naver.com/jung8113189/224398809739, 내돈내산    안녕하세요 블링이 입니다   오늘은 남편이랑 전주여행을 하기로 했습니다 전주여행으로 딱 결정 나쓸때 젤 먼저 찾았던게 먹고 싶은 음식을 찾았던 거 같아요  차를 타고 가는 동안 기대 반    ,전주여행맛집탐방후기 야식술집오원집닭발최고  내돈내산    안녕하세요 블링이 입니다   오늘은 남편이랑 전주여행을 하기로 했습니다 전주여행으로 딱 결정 나쓸때 젤 먼저 찾았던게 먹고 싶은 음식을 찾았던 거 같아요  차를 타고 가는 동안 기대 반    
전주 여행,197,전주 숙소 추천 한옥마을 도보 탐방과 반려견 동반에 어울리는 곳,https://blog.naver.com/100eogwon/224398801999,중시하는 여행자에게 최적의 선택지입니다  반면 메종 드 온유 호텔 전주 한옥마을점은 프라이빗한 자쿠지와 다도 체험  루프탑 글램핑 등 감성적인 여유를 원하거나 반려견과 함께 여행하는 분들에게    ,전주 숙소 추천 한옥마을 도보 탐방과 반려견 동반에 어울리는 곳 중시하는 여행자에게 최적의 선택지입니다  반면 메종 드 온유 호텔 전주 한옥마을점은 프라이빗한 자쿠지와 다도 체험  루프탑 글램핑 등 감성적인 여유를 원하거나 반려견과 함께 여행하는 분들에게    
전주 여행,198, 전주 한옥마을 객사 가성비 호텔   글로스터호텔  스탠다드 트윈 내    ,https://blog.naver.com/ys_67/224398800989, 내돈내산 yan얌  오늘은 전주 여행에서 만족스럽게 머물렀던 전주 숙소 추천 리뷰를 들고 왔습니다 한옥마을과 객사 모두 도보로 이동하기 편해 뚜벅이 여행자도 정말 좋을 것 같은  글로스터호텔 전주 입니다    , 전주 한옥마을 객사 가성비 호텔   글로스터호텔  스탠다드 트윈 내      내돈내산 yan얌  오늘은 전주 여행에서 만족스럽게 머물렀던 전주 숙소 추천 리뷰를 들고 왔습니다 한옥마을과 객사 모두 도보로 이동하기 편해 뚜벅이 여행자도 정말 좋을 것 같은  글로스터호텔 전주 입니다    
전주 여행,199,전주 근교 아이와가볼만한곳 추천 군산 근대역사박물관 스탬프 투    ,https://blog.naver.com/junki0123/224398792460,최근 6살 조카랑 여행 중 너무 재밌었다고 다시 가고 싶다 말하는 곳이 있어 글로 써보려고 해요  이번 글은 전주 근교 아이와가볼만한곳 추천 군산 근대역사박물관 스탬프 투어 입장료 이성당 내돈내산    ,전주 근교 아이와가볼만한곳 추천 군산 근대역사박물관 스탬프 투     최근 6살 조카랑 여행 중 너무 재밌었다고 다시 가고 싶다 말하는 곳이 있어 글로 써보려고 해요  이번 글은 전주 근교 아이와가볼만한곳 추천 군산 근대역사박물관 스탬프 투어 입장료 이성당 내돈내산    
전주 여행,200,전주 한옥마을부터 경기전 전동성당까지 걷는 여행 코스,https://blog.naver.com/elbowohornd95495/224398781605,한옥마을에서 경기전으로 이어지는 길은 전주 여행의 핵심 도보 구간으로 잡기 좋습니다  전동성당까지 더하면 조선시대 유적과 근대 건축을 한 코스에서 함께 볼 수 있습니다   더 자세한 정보  아래에서    ,전주 한옥마을부터 경기전 전동성당까지 걷는 여행 코스 한옥마을에서 경기전으로 이어지는 길은 전주 여행의 핵심 도보 구간으로 잡기 좋습니다  전동성당까지 더하면 조선시대 유적과 근대 건축을 한 코스에서 함께 볼 수 있습니다   더 자세한 정보  아래에서    
전주 여행,201,PNB 풍년제과 내돈내산 전주 초코파이 원조가 궁금하다면  종류  가    ,https://blog.naver.com/qlcnl1001/224398779939,전주 여행 기념품 선물 추천 전주 초코파이가 유명한 이유 전주 여행 가면 꼭 들르게 되는 PNB 풍년제과  전주 여행하면서 들르기 좋은 전주 빵집이자 전주 디저트 맛집 자세히 소개해 볼게요    ,PNB 풍년제과 내돈내산 전주 초코파이 원조가 궁금하다면  종류  가     전주 여행 기념품 선물 추천 전주 초코파이가 유명한 이유 전주 여행 가면 꼭 들르게 되는 PNB 풍년제과  전주 여행하면서 들르기 좋은 전주 빵집이자 전주 디저트 맛집 자세히 소개해 볼게요    
전주 여행,202, 블로그 추가 추천  선선한 계절에 딱  전국 가을 미식 여행 맛집 베    ,https://blog.naver.com/littleprince04_/224398769893, 가을미식여행  여수순이네밥상  통영한일식당  현대옥전주본점  통나무집닭갈비  여수맛집  통영맛집  전주한옥마을맛집  춘천닭갈비맛집  국내여행코스  가을나들이  환절기맛집  전국맛집투어, 블로그 추가 추천  선선한 계절에 딱  전국 가을 미식 여행 맛집 베      가을미식여행  여수순이네밥상  통영한일식당  현대옥전주본점  통나무집닭갈비  여수맛집  통영맛집  전주한옥마을맛집  춘천닭갈비맛집  국내여행코스  가을나들이  환절기맛집  전국맛집투어
전주 여행,203, 명진당 베이커리 카페 전주 베이커리 전주 베이커리 카페 전주 빵    ,https://blog.naver.com/gmlakd0105/224398768769, 내돈내산 안녕하세요   행복한 복복이네입니다   전주여행 필수코스로 전주 베이커리  유명한 맛집   유럽 월드 마스터 제과제빵 명장 김명진 한국을 대표하는 이름 명진당 베이커리 카페 자랑스러운    , 명진당 베이커리 카페 전주 베이커리 전주 베이커리 카페 전주 빵      내돈내산 안녕하세요   행복한 복복이네입니다   전주여행 필수코스로 전주 베이커리  유명한 맛집   유럽 월드 마스터 제과제빵 명장 김명진 한국을 대표하는 이름 명진당 베이커리 카페 자랑스러운    
전주 여행,204,안성 진천여행 1일차,https://blog.naver.com/yuntatata/224398747054,단양 여행을 가기로 한 날이었는데 연휴라 그런지 아침 일찍 출발인데도 차가 너무 막혀서 가는 길 차를    고소공포증 이슈로 전망대 정상까지는 못올라가고 살살 산책만  새벽에 일어나 배가 고파서 전주에    ,안성 진천여행 1일차 단양 여행을 가기로 한 날이었는데 연휴라 그런지 아침 일찍 출발인데도 차가 너무 막혀서 가는 길 차를    고소공포증 이슈로 전망대 정상까지는 못올라가고 살살 산책만  새벽에 일어나 배가 고파서 전주에    
전주 여행,205, 2026 08  coffee dessert and the moment,https://blog.naver.com/jungflower06/224398765954,벌써 8월이 돌아왔네요 이번 블로그 주제는 전주여행 갔을 때 봤던 문구 coffee dessert and the moment 우선 시작 거의 우리 아지트 되고 있는 인중리 또 와버리기 여기 화장실 핸드워시 냄새 너무 좋아서 사고 싶어서    , 2026 08  coffee dessert and the moment 벌써 8월이 돌아왔네요 이번 블로그 주제는 전주여행 갔을 때 봤던 문구 coffee dessert and the moment 우선 시작 거의 우리 아지트 되고 있는 인중리 또 와버리기 여기 화장실 핸드워시 냄새 너무 좋아서 사고 싶어서    
전주 여행,206,엄마랑 전주 1박2일 여행코스 맛집  한복대여  볼거리  숙소,https://blog.naver.com/rjf852/224398762736,볶음밥 무조건 드세요  남은 고기까지 올려서 먹어주면 기가 막힙니다   옛촌막걸리 영업시간   12시 23시 전주여행에서 빼놓을 수 없는 또 하나의 재미 바로  막걸리 한상  이에요 옛촌막걸리는 막걸리 코    ,엄마랑 전주 1박2일 여행코스 맛집  한복대여  볼거리  숙소 볶음밥 무조건 드세요  남은 고기까지 올려서 먹어주면 기가 막힙니다   옛촌막걸리 영업시간   12시 23시 전주여행에서 빼놓을 수 없는 또 하나의 재미 바로  막걸리 한상  이에요 옛촌막걸리는 막걸리 코    
전주 여행,207,1000일기념 전주여행을 곁들인 1,https://blog.naver.com/lovewow122/224398759057,넘 놀래서 병원갔더니  표피낭종 이랍니다    여행가기 하루전에 이러기있냐 큰병원가랬는데 이미 늦은시간 주말이라서 약묵고 버텨보기로 전주로 쏘자마자 콩나물국밥 맛집  왱이집 사람들 줄서있길래 따라    ,1000일기념 전주여행을 곁들인 1 넘 놀래서 병원갔더니  표피낭종 이랍니다    여행가기 하루전에 이러기있냐 큰병원가랬는데 이미 늦은시간 주말이라서 약묵고 버텨보기로 전주로 쏘자마자 콩나물국밥 맛집  왱이집 사람들 줄서있길래 따라    
전주 여행,208,전주 맛집 전주 한옥마을 비빔밥 맛집 흑백요리사 비빔대왕 유비빔    ,https://blog.naver.com/nsj1019/224398140737,전주비빔소리  전북 전주시 완산구 경기전길 126 1층  월요일   일요일  매일  전주여행 하면서 가고싶은 식당이 현대옥 본점과 비빔소리 딱 두 군데 있었어요  현대옥 본점은 전주에 도착하자마자 먹었고  첫    ,전주 맛집 전주 한옥마을 비빔밥 맛집 흑백요리사 비빔대왕 유비빔     전주비빔소리  전북 전주시 완산구 경기전길 126 1층  월요일   일요일  매일  전주여행 하면서 가고싶은 식당이 현대옥 본점과 비빔소리 딱 두 군데 있었어요  현대옥 본점은 전주에 도착하자마자 먹었고  첫    
전주 여행,209,전주여행 예쁜카페  스타벅스  전주한옥마을점 전망좋은 전주카    ,https://blog.naver.com/in_young791/224397392771,창가자리 선점하니 좋네요   호텔 체크인 시간이 아직 안되서 전주 뷰맛집 카페 스벅 전주한옥마을점에서 커피 마시면서 시간 보내다가 출발하려구요   뷰 좋은 카페에서 남은 전주여행을 계획해보며    ,전주여행 예쁜카페  스타벅스  전주한옥마을점 전망좋은 전주카     창가자리 선점하니 좋네요   호텔 체크인 시간이 아직 안되서 전주 뷰맛집 카페 스벅 전주한옥마을점에서 커피 마시면서 시간 보내다가 출발하려구요   뷰 좋은 카페에서 남은 전주여행을 계획해보며    
전주 여행,210,예쁜 뷰 감상 가능한 전주 근교 부안 여행 추천,https://blog.naver.com/u-ble/224398756051,전주 근교에 놀러갈만한 곳을 찾다가   부안으로 가기로 결정  1박을 할 계획이라 숙소를 찾다가 너무    선유도 내용은 따로 들고오겠습니당 전주 근교에서 바다를 즐기고 싶으신 분들은 자차 기준 1시간 1시간    ,예쁜 뷰 감상 가능한 전주 근교 부안 여행 추천 전주 근교에 놀러갈만한 곳을 찾다가   부안으로 가기로 결정  1박을 할 계획이라 숙소를 찾다가 너무    선유도 내용은 따로 들고오겠습니당 전주 근교에서 바다를 즐기고 싶으신 분들은 자차 기준 1시간 1시간    
전주 여행,211,전주 가볼만한곳  한옥마을 다음엔 어디를 가야 할까,https://blog.naver.com/epos5822/224398229353,한옥 골목에서 시작해 성당과 시장  높은 전망 포인트까지 연결하면 하루만 머물러도 전주의 분위기를 꽤 다양하게 볼 수 있습니다   전주가볼만한곳  전주한옥마을  전주여행  전주당일치기  전주여행코스,전주 가볼만한곳  한옥마을 다음엔 어디를 가야 할까 한옥 골목에서 시작해 성당과 시장  높은 전망 포인트까지 연결하면 하루만 머물러도 전주의 분위기를 꽤 다양하게 볼 수 있습니다   전주가볼만한곳  전주한옥마을  전주여행  전주당일치기  전주여행코스
전주 여행,212,전주 라한호텔 수영장 조식 주차 꿀팁,https://blog.naver.com/ibg0908/224398744008,그럼에도 불구하고 전주 여행을 계획하신다면 라한호텔 전주는 위치 하나만으로도 선택할 이유가 충분한 곳입니다   한옥마을 입구와 이어진 지하 연결 통로  루프탑에서 내려다보이는 기와지붕 뷰  포근한    ,전주 라한호텔 수영장 조식 주차 꿀팁 그럼에도 불구하고 전주 여행을 계획하신다면 라한호텔 전주는 위치 하나만으로도 선택할 이유가 충분한 곳입니다   한옥마을 입구와 이어진 지하 연결 통로  루프탑에서 내려다보이는 기와지붕 뷰  포근한    
전주 여행,213,전주 애견유치원  포롱도그  산책,https://blog.naver.com/forlongdog_trainer/224398739675,수학여행 소풍 명절 시상식 등 FORLONGDOG 월간 세미나 진행  포롱 살롱  가정방문 출장교육  호텔  단체강의  문의 포롱도그 서신센터 금암센터    인스타그램 6월 월간 세미나  전주핫플  전주일상    ,전주 애견유치원  포롱도그  산책 수학여행 소풍 명절 시상식 등 FORLONGDOG 월간 세미나 진행  포롱 살롱  가정방문 출장교육  호텔  단체강의  문의 포롱도그 서신센터 금암센터    인스타그램 6월 월간 세미나  전주핫플  전주일상    
전주 여행,214,여수여행 루트 웅천해수욕장  황소식당  이순신광장 버스킹 ,https://blog.naver.com/losjueves/224392919915,기록용으로 남겨보는 아주 간단한 여수여행 1일차 루트 여수 무료 스노쿨링  스킨스쿠버  카약 웅천해수욕장 무료로 다 가능         대감동 이야기는 따로 포스팅해뒀다 점심은 전주에서 출발할 때 아침용으로    ,여수여행 루트 웅천해수욕장  황소식당  이순신광장 버스킹  기록용으로 남겨보는 아주 간단한 여수여행 1일차 루트 여수 무료 스노쿨링  스킨스쿠버  카약 웅천해수욕장 무료로 다 가능         대감동 이야기는 따로 포스팅해뒀다 점심은 전주에서 출발할 때 아침용으로    
전주 여행,215,나 혼자 떠난 3박4일 내일로 전라선 일주 순천 1편 10년만에 돌아온     ,https://blog.naver.com/juhyeogg06/224398728723,전주4편에서 이어집니다  어느덧 2번째 목적지인 순천을 소개할 시간이 되었다  순천은 무려 지난 10년전에 아빠차를 타고 가족여행으로 왔던 곳이라 10년만의 첫 방문이자 기차로 첫 방문이 되었다  재밌었던    ,나 혼자 떠난 3박4일 내일로 전라선 일주 순천 1편 10년만에 돌아온      전주4편에서 이어집니다  어느덧 2번째 목적지인 순천을 소개할 시간이 되었다  순천은 무려 지난 10년전에 아빠차를 타고 가족여행으로 왔던 곳이라 10년만의 첫 방문이자 기차로 첫 방문이 되었다  재밌었던    
전주 여행,216,전주 객리단길 야장 맛집 솔직리뷰   까치산장,https://blog.naver.com/jkgr020318/224397142001,안녕하세요 잇님덜  요즘 새우가 철인데 다들 새우 드셨는지요  가지남녀는 이번 전주여행에서 객리단길 야장맛집 까치산장에서 생새우회에 소주한잔 걸치고 왔답니당    I love 전주  까치산장  영업정보    ,전주 객리단길 야장 맛집 솔직리뷰   까치산장 안녕하세요 잇님덜  요즘 새우가 철인데 다들 새우 드셨는지요  가지남녀는 이번 전주여행에서 객리단길 야장맛집 까치산장에서 생새우회에 소주한잔 걸치고 왔답니당    I love 전주  까치산장  영업정보    
전주 여행,217,전주 호텔 추천 한옥마을 근처 아늑한 휴식처,https://blog.naver.com/stylistsoolin/224398718056,등 아늑하고 편안한 숙소에서의 휴식을 통해 완벽한 여행의 피로를 말끔히 씻어내보세요  철저한 주행 준비와 든든한 휴식처가 함께한다면 여러분의 전주 여행은 언제나 즐겁고 안전한 추억으로 기억될 것입니다 ,전주 호텔 추천 한옥마을 근처 아늑한 휴식처 등 아늑하고 편안한 숙소에서의 휴식을 통해 완벽한 여행의 피로를 말끔히 씻어내보세요  철저한 주행 준비와 든든한 휴식처가 함께한다면 여러분의 전주 여행은 언제나 즐겁고 안전한 추억으로 기억될 것입니다 
전주 여행,218,잘 먹고 잘 놀았던 우리 ,https://blog.naver.com/hyeonju3251/224398706954,전주에서 구미까지 버스 타고 나하고 시간을 보내기 위해 왔다 결혼하고 처음으로 혼자 여행 이란다   어디 가지  뭐 하지  비 온다던데    여러 생각    내가 더 씐났다   드디어 언니 오는 날  첫 끼는    ,잘 먹고 잘 놀았던 우리  전주에서 구미까지 버스 타고 나하고 시간을 보내기 위해 왔다 결혼하고 처음으로 혼자 여행 이란다   어디 가지  뭐 하지  비 온다던데    여러 생각    내가 더 씐났다   드디어 언니 오는 날  첫 끼는    
전주 여행,219,전주 한옥마을 1일차 코스  주차 꿀팁 및 맛집  비용 총정리,https://blog.naver.com/shanshani/224398705049,전주 한옥마을 1일차 코스  주차 꿀팁 및 맛집  비용 총정리 갑자기 떠난 전주여행 1박 2일 코스와 경비   첫째날 2026 08 14 15 일상에서 벗어나 고즈넉한 한옥 감성을 만끽하고 싶어 오래전부터 한번 가보고 싶던    ,전주 한옥마을 1일차 코스  주차 꿀팁 및 맛집  비용 총정리 전주 한옥마을 1일차 코스  주차 꿀팁 및 맛집  비용 총정리 갑자기 떠난 전주여행 1박 2일 코스와 경비   첫째날 2026 08 14 15 일상에서 벗어나 고즈넉한 한옥 감성을 만끽하고 싶어 오래전부터 한번 가보고 싶던    
전주 여행,220,뚜벅이 커플의 전주 2박 3일 여행 코스  레일바이크  남부시장 야시    ,https://blog.naver.com/kimhamzzi_nyamnyam/224398699017,이걸 동선이라 해도 되는지 모르겠는데 진짜 넘 지쳐서 쉴 공간이 필요했어요    아무튼 여름에 전주 여행을 계획하고 계신 분들이라면 웬만하면 실내 데이트 위주로 즐기시고  한옥마을이나 덕진공원 같은    ,뚜벅이 커플의 전주 2박 3일 여행 코스  레일바이크  남부시장 야시     이걸 동선이라 해도 되는지 모르겠는데 진짜 넘 지쳐서 쉴 공간이 필요했어요    아무튼 여름에 전주 여행을 계획하고 계신 분들이라면 웬만하면 실내 데이트 위주로 즐기시고  한옥마을이나 덕진공원 같은    
전주 여행,221,독서교육 전학공 Book   3  전주 도서관 여행 준비,https://blog.naver.com/wisdoms_dailylife/224398697677,책의도시 전주   전주 도서관 여행   전주 도서관 여행 안내   2026년 전주 도서관 여행       책의도시 전주   전주 도서관 여행   전주 도서관 여행 안내   2026년 전주 도서관 여행 다른 프로그램들은 평일에    ,독서교육 전학공 Book   3  전주 도서관 여행 준비 책의도시 전주   전주 도서관 여행   전주 도서관 여행 안내   2026년 전주 도서관 여행       책의도시 전주   전주 도서관 여행   전주 도서관 여행 안내   2026년 전주 도서관 여행 다른 프로그램들은 평일에    
전주 여행,222,전주 한옥마을에서의 특별한 기록 한복 스냅 촬영  전주 군산 익산     ,https://blog.naver.com/amazing1203/224398696899,com amazing1203 224396189835  한복  한복스냅  한복화보  한복체험  한복사진  한복촬영  한복웨딩  한복개인스냅  한복가족스냅  한복우정스냅  웨딩스냅  한복커플스냅  전주여행  전북여행  전주한복체험    ,전주 한옥마을에서의 특별한 기록 한복 스냅 촬영  전주 군산 익산      com amazing1203 224396189835  한복  한복스냅  한복화보  한복체험  한복사진  한복촬영  한복웨딩  한복개인스냅  한복가족스냅  한복우정스냅  웨딩스냅  한복커플스냅  전주여행  전북여행  전주한복체험    
전주 여행,223,전주 호텔 아라리 후기 깔끔한 객실과 좋은 위치를 갖춘 전주 숙소,https://blog.naver.com/hotelsss/224398693211,숙박 조건을 중요하게 생각하는 분들에게 잘 맞는 숙소입니다  전주 여행뿐 아니라 출장이나 가족 여행에서 편하게 머물 곳을 찾을 때도 참고해볼 만합니다   전주호텔  전주호텔아라리  전주숙소  전주여행,전주 호텔 아라리 후기 깔끔한 객실과 좋은 위치를 갖춘 전주 숙소 숙박 조건을 중요하게 생각하는 분들에게 잘 맞는 숙소입니다  전주 여행뿐 아니라 출장이나 가족 여행에서 편하게 머물 곳을 찾을 때도 참고해볼 만합니다   전주호텔  전주호텔아라리  전주숙소  전주여행
전주 여행,224,전주 호텔 전라고택 써보니 이렇습니다,https://blog.naver.com/yff7b8wpjk/224398692148,가족 여행객에게 특히 추천하고 싶어요  4위   전주한옥마을 마담초이 독채펜션 4  전주한옥마을 마담초이 독채펜션 1박 213 793원  별점        마담초이도독채펜션을 경험해보니  깔끔하고 모던한    ,전주 호텔 전라고택 써보니 이렇습니다 가족 여행객에게 특히 추천하고 싶어요  4위   전주한옥마을 마담초이 독채펜션 4  전주한옥마을 마담초이 독채펜션 1박 213 793원  별점        마담초이도독채펜션을 경험해보니  깔끔하고 모던한    
전주 여행,225,전주한옥마을 애견동반 카페 느좋 카페1938,https://blog.naver.com/idlke/224398689780, 러브  전주한옥마을애견동반카페  전주한옥마을카페추천  카페1938 전주한옥마을 애견동반 카페는 여기    신랑 생일 겸 전주여행을 다녀왔어요 연애할 때 신랑이랑 전주한옥마을 왔었던 기억이 있어서    ,전주한옥마을 애견동반 카페 느좋 카페1938  러브  전주한옥마을애견동반카페  전주한옥마을카페추천  카페1938 전주한옥마을 애견동반 카페는 여기    신랑 생일 겸 전주여행을 다녀왔어요 연애할 때 신랑이랑 전주한옥마을 왔었던 기억이 있어서    
전주 여행,226, 전주 완산구  전주여행에서 비가온다면 여기로    무료로 아기랑 놀    ,https://blog.naver.com/giga_mom/224398155405,국립전주박물관 어린이 박물관 전주여행가서는 비 온다고 패닉올 필요없잖아요  여행가서 가장 곤란한 순간이 언제나면 바로 비가오는날        전주 여행 내내 비소식이 있었기 때문에 조금 걱정했는데    , 전주 완산구  전주여행에서 비가온다면 여기로    무료로 아기랑 놀     국립전주박물관 어린이 박물관 전주여행가서는 비 온다고 패닉올 필요없잖아요  여행가서 가장 곤란한 순간이 언제나면 바로 비가오는날        전주 여행 내내 비소식이 있었기 때문에 조금 걱정했는데    
전주 여행,227,2026년 10월 전국 가을축제 일정 총정리 서울 부산 전주 경주 강    ,https://blog.naver.com/boom_xboom/224398592106,추천 대상 전주 맛집과 함께 여행하고 싶은 분 가족 단위 여행객 음식 체험을 좋아하는 분 전주 한옥마을과 연계한 여행을 계획하는 분  2025 전주비빔밥축제 행사장  김제지평선축제 10월 1 5일 황금빛    ,2026년 10월 전국 가을축제 일정 총정리 서울 부산 전주 경주 강     추천 대상 전주 맛집과 함께 여행하고 싶은 분 가족 단위 여행객 음식 체험을 좋아하는 분 전주 한옥마을과 연계한 여행을 계획하는 분  2025 전주비빔밥축제 행사장  김제지평선축제 10월 1 5일 황금빛    
전주 여행,228,전주 가볼만한 곳 BEST 10  2026 전주 여행 코스 추천,https://blog.naver.com/ung_on/224398670269, 전주가볼만한곳  전주여행  전주여행코스  전주BEST10  전주한옥마을  경기전  전동성당  오목대  이목대  전주남부시장  남부시장야시장  완산칠봉  전주수목원  국립전주박물관  덕진공원  전주한지마을    ,전주 가볼만한 곳 BEST 10  2026 전주 여행 코스 추천  전주가볼만한곳  전주여행  전주여행코스  전주BEST10  전주한옥마을  경기전  전동성당  오목대  이목대  전주남부시장  남부시장야시장  완산칠봉  전주수목원  국립전주박물관  덕진공원  전주한지마을    
전주 여행,229, 지역조직화  막둥이 여행사 8월 여행 이야기 ,https://blog.naver.com/nswc275/224398669435,맛과 멋의 도시 전주  막둥이 여행사 8월의 여행지는 바로 전주였답니다  남원에서 1시간 거리로 멀지 않아 대부분 많이 방문하지만  먹을 기회가 적었던  이번 점심은 바로  전주비빔밥 이었습니다  밑반찬도    , 지역조직화  막둥이 여행사 8월 여행 이야기  맛과 멋의 도시 전주  막둥이 여행사 8월의 여행지는 바로 전주였답니다  남원에서 1시간 거리로 멀지 않아 대부분 많이 방문하지만  먹을 기회가 적었던  이번 점심은 바로  전주비빔밥 이었습니다  밑반찬도    
전주 여행,230,전주여행 숙소   투썸스테이 서신점   디럭스킹   슈페리어 리뷰,https://blog.naver.com/visual_diary_/224398667293,전주여행을 하려던건 아니고 남부지방 여행을 가기 위한 경유지였습니다  퇴근하고 바로 중간지점쯤까진 갔다가 쉬고 다음날 아침에 바로 출발하기 위함이었죠   여기어때 어플에서 괜찮은 곳을 발견했습니다     ,전주여행 숙소   투썸스테이 서신점   디럭스킹   슈페리어 리뷰 전주여행을 하려던건 아니고 남부지방 여행을 가기 위한 경유지였습니다  퇴근하고 바로 중간지점쯤까진 갔다가 쉬고 다음날 아침에 바로 출발하기 위함이었죠   여기어때 어플에서 괜찮은 곳을 발견했습니다     
전주 여행,231,전주 여행 추천  24시 식당 맛집 내돈내산 현대옥 본점 콩나물국밥     ,https://blog.naver.com/wyelcyxl486/224398664852,늦은시간에 전주여행 왔을 때 들르기에도 좋은 곳이에요 저희는 1차로 전주 삼천동 막걸리골목에서 한잔하고 2차로 방문했는데요 늦은 시간에도 손님이 계속 들어왔어요   전주 맛집 현대옥본점의    ,전주 여행 추천  24시 식당 맛집 내돈내산 현대옥 본점 콩나물국밥      늦은시간에 전주여행 왔을 때 들르기에도 좋은 곳이에요 저희는 1차로 전주 삼천동 막걸리골목에서 한잔하고 2차로 방문했는데요 늦은 시간에도 손님이 계속 들어왔어요   전주 맛집 현대옥본점의    
전주 여행,232,곡성 샤브샤브 맛집 광주 근교 무한리필 기차마을 나들이 후 가기     ,https://blog.naver.com/wk5864/224398659473,하니에요 오늘은 가족  연인  친구들과 함께 곡성 여행을 계획하시는 분들  그리고 전남 지역 광주 근교  전주 근교  여수 근교  순천 근교 에서 맛있는 식사를 찾으시는 분들을 위해 특별한 곳을 소개하려 해요     ,곡성 샤브샤브 맛집 광주 근교 무한리필 기차마을 나들이 후 가기      하니에요 오늘은 가족  연인  친구들과 함께 곡성 여행을 계획하시는 분들  그리고 전남 지역 광주 근교  전주 근교  여수 근교  순천 근교 에서 맛있는 식사를 찾으시는 분들을 위해 특별한 곳을 소개하려 해요     
전주 여행,233,전주 여행 다녀온 날   왱이콩나물국밥전문점 금성당 전주한옥마을,https://blog.naver.com/eun_hee526/224398652730,싶어요   전주여행  전주여행코스  전주가볼만한곳  전주맛집  전주콩나물국밥  왱이콩나물국밥전문점  왱이콩나물국밥  전주금성당  금성당  전주카페  전주카페추천  전주감성카페  전주이색카페    ,전주 여행 다녀온 날   왱이콩나물국밥전문점 금성당 전주한옥마을 싶어요   전주여행  전주여행코스  전주가볼만한곳  전주맛집  전주콩나물국밥  왱이콩나물국밥전문점  왱이콩나물국밥  전주금성당  금성당  전주카페  전주카페추천  전주감성카페  전주이색카페    
전주 여행,234,전주 금성당 카페 내돈내산 방문 후기   전주 가볼만한 곳 금성당 금    ,https://blog.naver.com/eun_hee526/224398650885,싶어요     전주금성당  금성당  전주카페  전주카페추천  전주여행  전주여행코스  전주가볼만한곳  전주데이트  전주데이트코스  전주구도심  전주객리단길  전주웨리단길  전주핫플  전주감성카페    ,전주 금성당 카페 내돈내산 방문 후기   전주 가볼만한 곳 금성당 금     싶어요     전주금성당  금성당  전주카페  전주카페추천  전주여행  전주여행코스  전주가볼만한곳  전주데이트  전주데이트코스  전주구도심  전주객리단길  전주웨리단길  전주핫플  전주감성카페    
전주 여행,235, 초등여행  전주한옥마을 2박3일 여행 기록   3일차  교동시래청  전    ,https://blog.naver.com/lovenewdays/224398642424,전주한옥마을 여행 3일차  여행을 가면 시간이 왜이리 빨리 지나가는지   정말 순식간에 이틀이 지나가 버렸다  아이는 아침부터 여행의 마지막을 아쉬워하며 하루 더 있고 싶다고 했다   전주한옥마을 2박3일    , 초등여행  전주한옥마을 2박3일 여행 기록   3일차  교동시래청  전     전주한옥마을 여행 3일차  여행을 가면 시간이 왜이리 빨리 지나가는지   정말 순식간에 이틀이 지나가 버렸다  아이는 아침부터 여행의 마지막을 아쉬워하며 하루 더 있고 싶다고 했다   전주한옥마을 2박3일    
전주 여행,236,전주 한옥마을 1박2일 여행 숙박추천,https://blog.naver.com/y2s0307/224398639795,게스트하우스 사장님도 너무 친절하시고 숙소도 이쁘고 한옥마을도 걸어서 갈수있다 전주여행 잘다녀왔다 전주가실분들 참고하시면 좋을듯 강추  입구 화초가 이쁘게 진열되어있다  초상권 침해로 지움      ,전주 한옥마을 1박2일 여행 숙박추천 게스트하우스 사장님도 너무 친절하시고 숙소도 이쁘고 한옥마을도 걸어서 갈수있다 전주여행 잘다녀왔다 전주가실분들 참고하시면 좋을듯 강추  입구 화초가 이쁘게 진열되어있다  초상권 침해로 지움      
전주 여행,237,전주 한옥마을 숙소 독채 감성숙소 사로 아이와 숙박 후기,https://blog.naver.com/kkkimi/224398638673,이번에는 전주여행을 다녀왔습니다  전주까지 가는데 평범한 숙소에 묵기에는 조금 아쉽다는 생각이 들어서 고심 끝에 예쁜 한옥 숙소에 다녀왔어요  전주 학옥 숙소 사로 꼬마와 함께하는 국내여행 후기    ,전주 한옥마을 숙소 독채 감성숙소 사로 아이와 숙박 후기 이번에는 전주여행을 다녀왔습니다  전주까지 가는데 평범한 숙소에 묵기에는 조금 아쉽다는 생각이 들어서 고심 끝에 예쁜 한옥 숙소에 다녀왔어요  전주 학옥 숙소 사로 꼬마와 함께하는 국내여행 후기    
전주 여행,238,8월   쪄죽지 않고 살아남은 이야기,https://blog.naver.com/jinji0603/224398636148, 다정한전주여행 이상하게 나는 전주에서 자랐거나  전주에 살고 있는 친구가 많다  출장으로도 열번은 다녀왔던 곳  감성적이고 문학적이며 다정한 도시  전주  그런 전주에 올 여름엔 두번이나 다녀왔다  7월에    ,8월   쪄죽지 않고 살아남은 이야기  다정한전주여행 이상하게 나는 전주에서 자랐거나  전주에 살고 있는 친구가 많다  출장으로도 열번은 다녀왔던 곳  감성적이고 문학적이며 다정한 도시  전주  그런 전주에 올 여름엔 두번이나 다녀왔다  7월에    
전주 여행,239,전주 한옥스테이 쉼 내돈내산  감성숙소 솔직후기,https://blog.naver.com/simple0127_/224398634578,전주 1박 2일 여행했을 때 1박 머물렀던 곳을 포스팅해 보려고 합니다  그곳은   전주 한옥스테이 쉼  이에요  인테리어 자체가 요즘 감성 스타일이고 특히 여자분들이 좋아할 거 같은 곳이에요  숙소 안에서도    ,전주 한옥스테이 쉼 내돈내산  감성숙소 솔직후기 전주 1박 2일 여행했을 때 1박 머물렀던 곳을 포스팅해 보려고 합니다  그곳은   전주 한옥스테이 쉼  이에요  인테리어 자체가 요즘 감성 스타일이고 특히 여자분들이 좋아할 거 같은 곳이에요  숙소 안에서도    
전주 여행,240,2026 전주 한옥마을 9월 10월 행사 축제 총정리 가을 전주여행 가기     ,https://blog.naver.com/hoci06/224398627870,2026 전주 한옥마을 9월 10월 행사 축제 총정리 가을 전주여행 가기 좋은 시기는  선선한 바람이 불기 시작하는 9월과 본격적인 가을 분위기가 느껴지는 10월은 전주 여행을 계획하기 좋은 시기입니다  특히    ,2026 전주 한옥마을 9월 10월 행사 축제 총정리 가을 전주여행 가기      2026 전주 한옥마을 9월 10월 행사 축제 총정리 가을 전주여행 가기 좋은 시기는  선선한 바람이 불기 시작하는 9월과 본격적인 가을 분위기가 느껴지는 10월은 전주 여행을 계획하기 좋은 시기입니다  특히    
전주 여행,241,전주 호텔 Stay윤슬 독채펜션 구매한 이유,https://blog.naver.com/z0qlnlpo4c58s/224398614018,전주 호텔 Stay윤슬 독채펜션 구매한 이유 전주에 여행을 가면 숙소 선택이 참 고민될 때가 있어요  전주 호텔 Stay윤슬 독채펜션 기준에서는 실제 숙박 상황과 관리 편의성을 함께 확인하는 편이    ,전주 호텔 Stay윤슬 독채펜션 구매한 이유 전주 호텔 Stay윤슬 독채펜션 구매한 이유 전주에 여행을 가면 숙소 선택이 참 고민될 때가 있어요  전주 호텔 Stay윤슬 독채펜션 기준에서는 실제 숙박 상황과 관리 편의성을 함께 확인하는 편이    
전주 여행,242,  전주동물원   전주드림랜드   전주여행코스 아이랑 가볼만한곳 국    ,https://blog.naver.com/ghkdguswjd656/224398606847,전주 여행을 계획하면서 밥먹고 뭘해야할까 찾다가 전주 한옥마을에서 차타고 20 30분 가면 전주동물원이 있다고해서 방문했어요  사실 어제 가야했던 계획인데 일정에 차질이 생겨서  다음날 방문  위치    ,  전주동물원   전주드림랜드   전주여행코스 아이랑 가볼만한곳 국     전주 여행을 계획하면서 밥먹고 뭘해야할까 찾다가 전주 한옥마을에서 차타고 20 30분 가면 전주동물원이 있다고해서 방문했어요  사실 어제 가야했던 계획인데 일정에 차질이 생겨서  다음날 방문  위치    
전주 여행,243,전주 한옥마을 먹거리 만년닭강정 포장 매콤한맛 후기,https://blog.naver.com/is00261/224398597960,한옥마을닭강정  한옥마을간식  한옥마을먹거리추천  전주포장맛집  전주포장음식  전주여행먹거리  전주여행  전주여행코스  전주가볼만한곳  전주맛집추천  한옥마을맛집추천  전주핫플  전주먹방,전주 한옥마을 먹거리 만년닭강정 포장 매콤한맛 후기 한옥마을닭강정  한옥마을간식  한옥마을먹거리추천  전주포장맛집  전주포장음식  전주여행먹거리  전주여행  전주여행코스  전주가볼만한곳  전주맛집추천  한옥마을맛집추천  전주핫플  전주먹방
전주 여행,244,전주여행에서 꼭 먹어봐야 할 대표음식 4가지,https://blog.naver.com/m_chanolja/224398595119,전주여행을 계획하고 있다면 볼거리만큼 빼놓을 수 없는 게 바로 먹거리죠   한옥의 정취를 느끼며 골목골목을 구경하는 재미도 있지만  전주는 다양한 음식으로도 잘 알려진 여행지입니다  든든한 한 끼부터    ,전주여행에서 꼭 먹어봐야 할 대표음식 4가지 전주여행을 계획하고 있다면 볼거리만큼 빼놓을 수 없는 게 바로 먹거리죠   한옥의 정취를 느끼며 골목골목을 구경하는 재미도 있지만  전주는 다양한 음식으로도 잘 알려진 여행지입니다  든든한 한 끼부터    
전주 여행,245,전북대사진관 쥬얼리 스튜디오  전주 여권사진 증명사진 믹스 출력     ,https://blog.naver.com/skyc486/224398587804,오늘은 전북대사진관 쥬얼리 스튜디오에서 전주여권사진 촬영하고 온 후기입니다  11월에 일본 여행을 앞두고 집에서 여권을 찾았는데     아니 아무리 찾아도 나오질 않는거에요   일단 비행기티켓만 끊어놓고    ,전북대사진관 쥬얼리 스튜디오  전주 여권사진 증명사진 믹스 출력      오늘은 전북대사진관 쥬얼리 스튜디오에서 전주여권사진 촬영하고 온 후기입니다  11월에 일본 여행을 앞두고 집에서 여권을 찾았는데     아니 아무리 찾아도 나오질 않는거에요   일단 비행기티켓만 끊어놓고    
전주 여행,246,전주에선 뭐하고 놀까  ,https://blog.naver.com/000qwe/224398585942,이번 여행은 전주다   내가 일하는 거 스트레스 받아하니까 어떻게든 나 행복하게 해주려고 고민하는 오뺘미 덕분에 여행 계획 세우는 게 아주 즐거워요 극 J는 어쩔 수 없짜나    블글라가 나왔다는 건 가을이    ,전주에선 뭐하고 놀까   이번 여행은 전주다   내가 일하는 거 스트레스 받아하니까 어떻게든 나 행복하게 해주려고 고민하는 오뺘미 덕분에 여행 계획 세우는 게 아주 즐거워요 극 J는 어쩔 수 없짜나    블글라가 나왔다는 건 가을이    
전주 여행,247,베스트웨스턴 플러스 전주  할인 ,https://blog.naver.com/darim5050/224398574029,전주여행의 핵심 전주한옥마을은 꼭 들리는곳이죠   그 동선에 딱 알맞은 호텔은 소개해드릴께요  베스트웨스턴 플러스 전주는 한옥마을 도보 10분 거리에 있는 특급 호텔인데  평점 9 3에 후기 1 980개로    ,베스트웨스턴 플러스 전주  할인  전주여행의 핵심 전주한옥마을은 꼭 들리는곳이죠   그 동선에 딱 알맞은 호텔은 소개해드릴께요  베스트웨스턴 플러스 전주는 한옥마을 도보 10분 거리에 있는 특급 호텔인데  평점 9 3에 후기 1 980개로    
전주 여행,248,화심순두부 본점 내돈내산 솔직후기 아이랑 방문  도넛  아이스크림    ,https://blog.naver.com/wbhk35/224398570436,전주를 좋아해서 전주 여행갔다가 전주 박물관도 갔다가 전주 동물원도 갔다가 맛있는 것도 많이 먹고 전주 옆 완주에 화심순두부라는 유명 순두부집이 있어서 방문함 우리 부부는 늘 순두부에 진심인데    ,화심순두부 본점 내돈내산 솔직후기 아이랑 방문  도넛  아이스크림     전주를 좋아해서 전주 여행갔다가 전주 박물관도 갔다가 전주 동물원도 갔다가 맛있는 것도 많이 먹고 전주 옆 완주에 화심순두부라는 유명 순두부집이 있어서 방문함 우리 부부는 늘 순두부에 진심인데    
전주 여행,249,전주 콩나물국밥 어디가 맛있을까  여행 중 들르기 좋은 맛집 추천,https://blog.naver.com/initiate9970/224398568830,전주 여행을 가면 비빔밥과 함께 가장 먼저 떠오르는 음식이 바로 콩나물국밥이다  전주는 예전부터 음식으로 유명한 도시인 만큼 콩나물국밥집도 정말 많은데  재미있는 점은 같은 콩나물국밥이라고 해도    ,전주 콩나물국밥 어디가 맛있을까  여행 중 들르기 좋은 맛집 추천 전주 여행을 가면 비빔밥과 함께 가장 먼저 떠오르는 음식이 바로 콩나물국밥이다  전주는 예전부터 음식으로 유명한 도시인 만큼 콩나물국밥집도 정말 많은데  재미있는 점은 같은 콩나물국밥이라고 해도    
전주 여행,250, 노옵션 노팁 청주출발  중국 하문 샤먼 여행 패키지 26년 12월   27년     ,https://blog.naver.com/gomtravel/224398562674,특히 이번 여행은 광주 전주    청주공항 무료수송 셔틀 까지 포함  청주공항까지의 이동 부담은 덜고 더욱 편안하게 여행을 시작하실 수 있습니다   CHECK POINT     유럽을 품은 아름다운 작은 섬 고랑서    , 노옵션 노팁 청주출발  중국 하문 샤먼 여행 패키지 26년 12월   27년      특히 이번 여행은 광주 전주    청주공항 무료수송 셔틀 까지 포함  청주공항까지의 이동 부담은 덜고 더욱 편안하게 여행을 시작하실 수 있습니다   CHECK POINT     유럽을 품은 아름다운 작은 섬 고랑서    
전주 여행,251,전주 경기전 한옥마을,https://blog.naver.com/hi_____jii/224398561768,귀엽긴 귀여운데 바람막아버림    다음엔 좀 시원할때 다시가고픈곳    전주비빔밥이랑 떡갈비도 먹음  전주여행  전주경기전  전주동물원  전주한옥마을  경기전  한옥마을  전주  전주가볼만한곳,전주 경기전 한옥마을 귀엽긴 귀여운데 바람막아버림    다음엔 좀 시원할때 다시가고픈곳    전주비빔밥이랑 떡갈비도 먹음  전주여행  전주경기전  전주동물원  전주한옥마을  경기전  한옥마을  전주  전주가볼만한곳
전주 여행,252, 전북 전주  아내와 함께 걷고 맛본  완벽했던 전주 당일치기 여행     ,https://blog.naver.com/nemojjw/224398559519,오목대 전망대에 올라 내려다본 전주한옥마을의 풍경은 그야말로 장관이었다  화창한 푸른 하늘과 한옥의 기와지붕들을 바라보며  아내와 함께했던 알차고 행복했던 당일치기 전주 여행의 마침표를 찍어본다 , 전북 전주  아내와 함께 걷고 맛본  완벽했던 전주 당일치기 여행      오목대 전망대에 올라 내려다본 전주한옥마을의 풍경은 그야말로 장관이었다  화창한 푸른 하늘과 한옥의 기와지붕들을 바라보며  아내와 함께했던 알차고 행복했던 당일치기 전주 여행의 마침표를 찍어본다 
전주 여행,253,고즈넉한 한옥  잠시 시간 여행을 다녀온 듯한 곳 전주 한옥마을  이    ,https://blog.naver.com/imgimg88/224398551606,요즘은 여행을 가더라도 유명한 관광지만 바쁘게 돌아다니기보다는 조용히 머물면서 그 공간 자체를    전주에 있는  이화고택 에 다녀왔어요  신랑이랑 연애시절 몇번이고 다녔던 곳인데 아기랑 오니    ,고즈넉한 한옥  잠시 시간 여행을 다녀온 듯한 곳 전주 한옥마을  이     요즘은 여행을 가더라도 유명한 관광지만 바쁘게 돌아다니기보다는 조용히 머물면서 그 공간 자체를    전주에 있는  이화고택 에 다녀왔어요  신랑이랑 연애시절 몇번이고 다녔던 곳인데 아기랑 오니    
전주 여행,254, 완주 전주 카페  고즈넉한 한옥 풍경에 반하는 힐링카페  소양고택     ,https://blog.naver.com/yjjlove79/224398536784, 전주카페  완주카페  전주여행  전주가볼만한곳  소양고택  전주소양고택  두베카페  카페두베  전주카페추천  완주카페추천  소양카페  분위기좋은전주카페  가족여행  전주가족여행  전주여행코스    , 완주 전주 카페  고즈넉한 한옥 풍경에 반하는 힐링카페  소양고택       전주카페  완주카페  전주여행  전주가볼만한곳  소양고택  전주소양고택  두베카페  카페두베  전주카페추천  완주카페추천  소양카페  분위기좋은전주카페  가족여행  전주가족여행  전주여행코스    
전주 여행,255, 내돈내산  전주 비빔빙수 맛집 라한호텔에 위치한 카페 하녹당,https://blog.naver.com/hahiho-hahiho/224398533780,오늘은 지난번 전주 여행에서 다녀온 전주 라한호텔 안에 위치한 카페 하녹당 비빔빙수를 리뷰해 보려고해요  전주 한옥마을에 위치한 호텔    라한호텔 2층에 위치해 있어요  매일 10 30   22 30 주차가능     , 내돈내산  전주 비빔빙수 맛집 라한호텔에 위치한 카페 하녹당 오늘은 지난번 전주 여행에서 다녀온 전주 라한호텔 안에 위치한 카페 하녹당 비빔빙수를 리뷰해 보려고해요  전주 한옥마을에 위치한 호텔    라한호텔 2층에 위치해 있어요  매일 10 30   22 30 주차가능     
전주 여행,256,전주 덕진공원 연꽃과 야경으로 유명한 전주 산책명소,https://blog.naver.com/simple0127_/224398530841,오늘은 전주 여행 중에 방문했던 곳   덕진공원   포스팅을 해보도록 할게요  전주 여행 중이신 분들은 가보시면 좋을 거 같아요  저 갔을 땐 너무 더워서   살 엄청 타고 왔네요      데이트할 때도 좋고 친구와    ,전주 덕진공원 연꽃과 야경으로 유명한 전주 산책명소 오늘은 전주 여행 중에 방문했던 곳   덕진공원   포스팅을 해보도록 할게요  전주 여행 중이신 분들은 가보시면 좋을 거 같아요  저 갔을 땐 너무 더워서   살 엄청 타고 왔네요      데이트할 때도 좋고 친구와    
전주 여행,257,전주 한옥마을 카페 전주 디저트 맛집  카페이르리 ,https://blog.naver.com/ujeong0521/224398531019,전주 한옥마을을 걷다 보면 한복 입은 관광객들도 보이고  길거리 음식 사 먹는 학생들도 보이고  카트 타는 가족 단위들도 많이 보이는데요 전주 여행 중 열심히 돌아다니다 차 한 잔 마시고 싶을 때 들리면    ,전주 한옥마을 카페 전주 디저트 맛집  카페이르리  전주 한옥마을을 걷다 보면 한복 입은 관광객들도 보이고  길거리 음식 사 먹는 학생들도 보이고  카트 타는 가족 단위들도 많이 보이는데요 전주 여행 중 열심히 돌아다니다 차 한 잔 마시고 싶을 때 들리면    
전주 여행,258,전주 아이와 가볼 만한 곳 파프리카 카페 피자 쿠키 만들기 체험    ,https://blog.naver.com/hyrxxx12/224398527885,안녕하세요    40대 라때는마리야 줌마의 직접 다녀온 내돈내산 여행 기록이에요  이번 주말에는 아이랑 어디를 갈까 찾아보다가 인스타그램 검색 중에 알게 된 전주 파프리카 카페에 다녀왔어요  그냥 커피만    ,전주 아이와 가볼 만한 곳 파프리카 카페 피자 쿠키 만들기 체험     안녕하세요    40대 라때는마리야 줌마의 직접 다녀온 내돈내산 여행 기록이에요  이번 주말에는 아이랑 어디를 갈까 찾아보다가 인스타그램 검색 중에 알게 된 전주 파프리카 카페에 다녀왔어요  그냥 커피만    
전주 여행,259, 전주맛집  전주막걸리  육사시미부터 삼합까지 푸짐한 막걸리 한상    ,https://blog.naver.com/eatda_official/224398521835,오늘은 특별하게 전주 여행을 왔습니다  전주하면 바로 막걸리 아니겠어요     전주에 막걸리 골목이 따로 있다고 해서  대식가 친구와 함께 전주막걸리에 방문했습니다  전주막걸리 골목에 들어서니 정말    , 전주맛집  전주막걸리  육사시미부터 삼합까지 푸짐한 막걸리 한상     오늘은 특별하게 전주 여행을 왔습니다  전주하면 바로 막걸리 아니겠어요     전주에 막걸리 골목이 따로 있다고 해서  대식가 친구와 함께 전주막걸리에 방문했습니다  전주막걸리 골목에 들어서니 정말    
전주 여행,260,8 31 전주 객사 가챠샵 가챠팡팡 신상 가챠,https://blog.naver.com/gacha_panpan/224398501981,입고되었습니다  전주가챠샵  전주가챠  객사가챠샵  객사가챠  전주  객사  가챠샵  가챠  전주가챠샵투어  객사가챠샵투어  가챠샵투어  전주소품샵  객사소품샵  소품샵  전주굿즈샵  객사굿즈샵  전주여행    ,8 31 전주 객사 가챠샵 가챠팡팡 신상 가챠 입고되었습니다  전주가챠샵  전주가챠  객사가챠샵  객사가챠  전주  객사  가챠샵  가챠  전주가챠샵투어  객사가챠샵투어  가챠샵투어  전주소품샵  객사소품샵  소품샵  전주굿즈샵  객사굿즈샵  전주여행    
전주 여행,261,전주 가볼만한곳 BEST 7  한옥마을 덕진공원 남부시장까지,https://blog.naver.com/dlalsrud0614/224398417115,전주 여행을 준비할 때 제일 먼저 검색하게 되는 말이 바로 전주 가볼만한곳이죠  한옥마을은 워낙 유명하지만 막상 여행 코스를 짜려고 하면 경기전은 언제 가야 하는지  남부시장은 한옥마을과 가까운지    ,전주 가볼만한곳 BEST 7  한옥마을 덕진공원 남부시장까지 전주 여행을 준비할 때 제일 먼저 검색하게 되는 말이 바로 전주 가볼만한곳이죠  한옥마을은 워낙 유명하지만 막상 여행 코스를 짜려고 하면 경기전은 언제 가야 하는지  남부시장은 한옥마을과 가까운지    
전주 여행,262,전주 여행 중 발견한 객사 소품샵 맛집 무드인뮤트 가볼 만한 곳 무    ,https://blog.naver.com/tanglylog/224398495510,전주 1박 군산 1박 여행 다녀왔어요    전주에서 발견한 소품샵 맛집 소개해 드릴게요  무드인뮤트 전북 전주시 완산구 고사동 24 4 12 00 20 00 맛있게 저녁 먹고 길거리 지나가는데 밖에서 봐도 너무 이쁜    ,전주 여행 중 발견한 객사 소품샵 맛집 무드인뮤트 가볼 만한 곳 무     전주 1박 군산 1박 여행 다녀왔어요    전주에서 발견한 소품샵 맛집 소개해 드릴게요  무드인뮤트 전북 전주시 완산구 고사동 24 4 12 00 20 00 맛있게 저녁 먹고 길거리 지나가는데 밖에서 봐도 너무 이쁜    
전주 여행,263, 전북 전주여행  완산벙커 더 스페이스  국립전주박물관  아중호수      ,https://blog.naver.com/gulpok1/224398485320,전주 막걸리와 라면  과자로 한잔하고 첫날 일정을 행복하게 마감했다  여행 개요  여행사  여행공방  여행비  1인당 99 000원  1박 2일  가이드  문  선  포함됨  교통비  숙식비 1박 3식   체험 및 입장료  인솔    , 전북 전주여행  완산벙커 더 스페이스  국립전주박물관  아중호수       전주 막걸리와 라면  과자로 한잔하고 첫날 일정을 행복하게 마감했다  여행 개요  여행사  여행공방  여행비  1인당 99 000원  1박 2일  가이드  문  선  포함됨  교통비  숙식비 1박 3식   체험 및 입장료  인솔    
전주 여행,264,PNB 전주 풍년제과 본점 무료 주차 정보   초코파이  빵종류  전국 빵    ,https://blog.naver.com/dms7830/224398484442,보면됩니다 홀케이크는 사이즈도 다양했어요 저희가 구매한 빵  소보로빵은 무난했고  옥수수빵은 추천 초코파이는 오랜만에 먹으니 달달하고 맛있었어요 전주여행가면 풍년제과 한번쯤 들러보세요,PNB 전주 풍년제과 본점 무료 주차 정보   초코파이  빵종류  전국 빵     보면됩니다 홀케이크는 사이즈도 다양했어요 저희가 구매한 빵  소보로빵은 무난했고  옥수수빵은 추천 초코파이는 오랜만에 먹으니 달달하고 맛있었어요 전주여행가면 풍년제과 한번쯤 들러보세요
전주 여행,265,전주 맛집 추천 리스트 한식 위주 맛집 내돈내산,https://blog.naver.com/105sl/224398481857, 진짜 여기 때문에 전주여행을 또 가고 싶을 정도   VIDEO     영상으로도 확인해 보세요     2  전주 왱이콩나물국밥 속 풀리는 깔끔한 콩나물국밥 영업시간 매일 오전 7시   오후 9시 주차 무료 비가 많이 올    ,전주 맛집 추천 리스트 한식 위주 맛집 내돈내산  진짜 여기 때문에 전주여행을 또 가고 싶을 정도   VIDEO     영상으로도 확인해 보세요     2  전주 왱이콩나물국밥 속 풀리는 깔끔한 콩나물국밥 영업시간 매일 오전 7시   오후 9시 주차 무료 비가 많이 올    
전주 여행,266,전주 호텔 오붓 솔직리뷰,https://blog.naver.com/r5gn8qkdodg/224398479353,전주 호텔 오붓 솔직리뷰 전주 호텔은 여행 시 선택이 중요하죠  전주 호텔 오붓 기준에서는 실제 숙박 상황과 관리 편의성을 함께 확인하는 편이 좋습니다  특히 가격과 서비스 모두 고려해야 하고요     ,전주 호텔 오붓 솔직리뷰 전주 호텔 오붓 솔직리뷰 전주 호텔은 여행 시 선택이 중요하죠  전주 호텔 오붓 기준에서는 실제 숙박 상황과 관리 편의성을 함께 확인하는 편이 좋습니다  특히 가격과 서비스 모두 고려해야 하고요     
전주 여행,267,전주한옥마을 숙소 교동온 아이랑 오기 좋은 곳,https://blog.naver.com/apfjtzzz/224398469176,전주아이와여행  전주아이와숙소  전주한옥숙소  전주한옥마을숙소추천  전주숙소추천  전주여행  전주1박2일  전주여행코스  전주가볼만한곳  전주독채숙소  전주단체숙소  전주가족여행숙소  전주한옥마을여행,전주한옥마을 숙소 교동온 아이랑 오기 좋은 곳 전주아이와여행  전주아이와숙소  전주한옥숙소  전주한옥마을숙소추천  전주숙소추천  전주여행  전주1박2일  전주여행코스  전주가볼만한곳  전주독채숙소  전주단체숙소  전주가족여행숙소  전주한옥마을여행
전주 여행,268,전주 당일치기 뚜벅이 대중교통 여행코스 추천,https://blog.naver.com/0purehoi0/224398465308,당일치기 전주여행 총평 대중교통을 이용해서 차 막힐 걱정도 없고 맥주도 한잔 마실 수 있어서 너무 좋았어요    기차 시간에 맞춰 부지런히 움직여야 해서 아이와 가는 건 어렵겠지만  성인들끼리 간다면 정말    ,전주 당일치기 뚜벅이 대중교통 여행코스 추천 당일치기 전주여행 총평 대중교통을 이용해서 차 막힐 걱정도 없고 맥주도 한잔 마실 수 있어서 너무 좋았어요    기차 시간에 맞춰 부지런히 움직여야 해서 아이와 가는 건 어렵겠지만  성인들끼리 간다면 정말    
전주 여행,269,전주 서신동 맥스체대입시학원  체대입시 운동을 일주일 쉬었다면     ,https://blog.naver.com/reperformance_/224398461621,시험이나 여행 때문에 체대입시 운동을 일주일 쉬고 나면 마음이 급해집니다  전주 서신동에서 입시를 준비하는 학생도  빠진 운동을 오늘 다 해야 하나요  라고 묻곤 합니다  공백을 만회하려고 첫날부터    ,전주 서신동 맥스체대입시학원  체대입시 운동을 일주일 쉬었다면      시험이나 여행 때문에 체대입시 운동을 일주일 쉬고 나면 마음이 급해집니다  전주 서신동에서 입시를 준비하는 학생도  빠진 운동을 오늘 다 해야 하나요  라고 묻곤 합니다  공백을 만회하려고 첫날부터    
전주 여행,270, 전주 맛집  60년 전통의 메밀 소바와 특별한 초당 옥수수 콩국수  메    ,https://blog.naver.com/jbsolution8844/224398456566,전주 여행 중에 만난  60년 전통의 깊은 맛을 간직한 노포  메르밀진미집 금암동직영점 방문기를 사진 순서대로 생생하게 전해드릴게요  전주 하면 비빔밥만 떠올리시나요  노포의 손맛을 느끼고 싶다면 꼭    , 전주 맛집  60년 전통의 메밀 소바와 특별한 초당 옥수수 콩국수  메     전주 여행 중에 만난  60년 전통의 깊은 맛을 간직한 노포  메르밀진미집 금암동직영점 방문기를 사진 순서대로 생생하게 전해드릴게요  전주 하면 비빔밥만 떠올리시나요  노포의 손맛을 느끼고 싶다면 꼭    
전주 여행,271,호텔 아라리 전주 숙박 추천 후기 한옥마을 근처의 완벽한 휴식 경    ,https://blog.naver.com/pillow_report/224387095267,전주 여행에서 묵었던 호텔 아라리는 정말 만족스러웠어요  시설이 깨끗하고 현대적인 감각과 전통적인 분위기가 조화롭게 어우러졌답니다  특히 주변 관광지 접근성이 뛰어나서 이동하는 내내 편리하게    ,호텔 아라리 전주 숙박 추천 후기 한옥마을 근처의 완벽한 휴식 경     전주 여행에서 묵었던 호텔 아라리는 정말 만족스러웠어요  시설이 깨끗하고 현대적인 감각과 전통적인 분위기가 조화롭게 어우러졌답니다  특히 주변 관광지 접근성이 뛰어나서 이동하는 내내 편리하게    
전주 여행,272,전주 베스트웨스턴 호텔 조식 부대시설 할인 이용팁,https://blog.naver.com/sooomn_/224398448845,전주 여행 숙소 고르다 보면 한옥마을 근처에서 베스트웨스턴 플러스 전주가 자주 눈에 띄실 거예요  특급호텔인데 여름엔 수영장  아침엔 조식까지 운영해서 검색해보는 분들 많더라고요  여기어때    ,전주 베스트웨스턴 호텔 조식 부대시설 할인 이용팁 전주 여행 숙소 고르다 보면 한옥마을 근처에서 베스트웨스턴 플러스 전주가 자주 눈에 띄실 거예요  특급호텔인데 여름엔 수영장  아침엔 조식까지 운영해서 검색해보는 분들 많더라고요  여기어때    
전주 여행,273,아이와 가볼만한곳 전주,https://blog.naver.com/asasas1290/224398444557,먹어야죠   전주동물원에왔어요 조용하고 은근 동물이 많고 크더라구요 더웠지만 야무지게 구경하고 놀이기구 타고 집으로 돌아왔어요 전주에서도 즐거웠다고하는 우리 아이들 고마워    전주여행 끄읏 ,아이와 가볼만한곳 전주 먹어야죠   전주동물원에왔어요 조용하고 은근 동물이 많고 크더라구요 더웠지만 야무지게 구경하고 놀이기구 타고 집으로 돌아왔어요 전주에서도 즐거웠다고하는 우리 아이들 고마워    전주여행 끄읏 
전주 여행,274,LP청음 통창뷰 전주 아중호수 도서관 실내 데이트 가볼만한곳 산책    ,https://blog.naver.com/hihihim1/224398441665,토요일 전주 도서관 여행 신청 할 수 있어요 매월1일에 다음달 신청 얼른 가보세요  반일코스와 하루코스가 있습니다         클래식에서부터 재즈까지 다양한 좋아하는 음악들으며 혼자 시간보내기에도    ,LP청음 통창뷰 전주 아중호수 도서관 실내 데이트 가볼만한곳 산책     토요일 전주 도서관 여행 신청 할 수 있어요 매월1일에 다음달 신청 얼른 가보세요  반일코스와 하루코스가 있습니다         클래식에서부터 재즈까지 다양한 좋아하는 음악들으며 혼자 시간보내기에도    
전주 여행,275,남해 2박3일 여행 아쿠아리움까지 다녀온 후기,https://blog.naver.com/calyuu/224398429282,오늘은 사천에 있는 아쿠아리움을 갔다가 밥먹고 카페갔다가 다시 전주 돌아가는 일정 아침부터    이렇게 우리는 아쉬움을 뒤로한채 2박3일간의 남해여행  여름휴가를 마쳤다  남해에서 만난 모든곳이 친절했고    ,남해 2박3일 여행 아쿠아리움까지 다녀온 후기 오늘은 사천에 있는 아쿠아리움을 갔다가 밥먹고 카페갔다가 다시 전주 돌아가는 일정 아침부터    이렇게 우리는 아쉬움을 뒤로한채 2박3일간의 남해여행  여름휴가를 마쳤다  남해에서 만난 모든곳이 친절했고    
전주 여행,276,전주 가족 숙소 추천 전주관광호텔 조식까지 만족 후기,https://blog.naver.com/nanah5678/224398416910,가깝고 숙소 바로앞이 번화가라 이것저것 구경할 것도 많아서 즐거웠던 하루였습니다  전주 여행중 가족 숙소를 찾으신다면 전주관광호텔 추천드립니다   전주가족숙소  전주가족호텔추천  전주관광호텔조식,전주 가족 숙소 추천 전주관광호텔 조식까지 만족 후기 가깝고 숙소 바로앞이 번화가라 이것저것 구경할 것도 많아서 즐거웠던 하루였습니다  전주 여행중 가족 숙소를 찾으신다면 전주관광호텔 추천드립니다   전주가족숙소  전주가족호텔추천  전주관광호텔조식
전주 여행,277,편안한 잠자리를 위한 전주 돌침대  흙침대,https://blog.naver.com/seoyoungsin/224398403188,특히 정품 흙침대는 여행 후 피로를 풀어주는 데 최적의 선택이 될 것입니다  다양한 제품군과 가격대 전주 돌침대는 고객의 다양한 취향을 충족시키기 위해 여러 제품군과 가격대를 제공합니다  예를 들어    ,편안한 잠자리를 위한 전주 돌침대  흙침대 특히 정품 흙침대는 여행 후 피로를 풀어주는 데 최적의 선택이 될 것입니다  다양한 제품군과 가격대 전주 돌침대는 고객의 다양한 취향을 충족시키기 위해 여러 제품군과 가격대를 제공합니다  예를 들어    
전주 여행,278,전주 1박 2일 혼자 여행 01 1,https://blog.naver.com/0408heejin/224395221116,안녕하세요 8월에도 전주 여행을 다녀와서 소개 하려고 해요 서울역 안에서 기차 기다리다가 코레일 굿즈샵에서 너무 귀여운 마그넷을 사진 찍어 보았어요 코레일 국가철도공사 캐릭터인가     ,전주 1박 2일 혼자 여행 01 1 안녕하세요 8월에도 전주 여행을 다녀와서 소개 하려고 해요 서울역 안에서 기차 기다리다가 코레일 굿즈샵에서 너무 귀여운 마그넷을 사진 찍어 보았어요 코레일 국가철도공사 캐릭터인가     
전주 여행,279,한지 꿀잠 숙박 추천 전주에서 즐기는 완벽한 한옥 여행의 시작,https://blog.naver.com/night_haven/224392385266,숙소에서 나오자마자 정말 전주 한옥마을의 활기찬 분위기가 느껴졌어요  모든 관광지까지 걸어갈 수    여행의 피로를 덜어주는 세심한 서비스와 배려 수하물 보관 서비스를 받을 수 있어서 다음 일정을 편하게    ,한지 꿀잠 숙박 추천 전주에서 즐기는 완벽한 한옥 여행의 시작 숙소에서 나오자마자 정말 전주 한옥마을의 활기찬 분위기가 느껴졌어요  모든 관광지까지 걸어갈 수    여행의 피로를 덜어주는 세심한 서비스와 배려 수하물 보관 서비스를 받을 수 있어서 다음 일정을 편하게    
전주 여행,280,전주 지복점 주말 웨이팅 후기  캐치테이블 ,https://blog.naver.com/yumyum_memo/224398388321,여름휴가로 전주 여행을 다녀왔는데요  전주 현지인 맛집을 추천받아 전주에서 유명한 숯불함박스테이크 맛집인 전주 지복점에 다녀왔어요 전주 지복점 웨이팅 꿀팁부터 주차까지 총정리했으니 끝까지    ,전주 지복점 주말 웨이팅 후기  캐치테이블  여름휴가로 전주 여행을 다녀왔는데요  전주 현지인 맛집을 추천받아 전주에서 유명한 숯불함박스테이크 맛집인 전주 지복점에 다녀왔어요 전주 지복점 웨이팅 꿀팁부터 주차까지 총정리했으니 끝까지    
전주 여행,281,전주 여행 맛집  하숙영 가마솥비빔밥 내돈내산 후기,https://blog.naver.com/ysd0809/224398369215,전주 여행의 첫 끼  숙소 근처로 가기로  그래서 전주역에서 택시타고 바로 밥집으로 점심시간이 아주 조금 지났지만 내 앞에 3팀이 있었다    나는 미리 택시에서 테이블링 어플로 예약하고 감 아주 조금    ,전주 여행 맛집  하숙영 가마솥비빔밥 내돈내산 후기 전주 여행의 첫 끼  숙소 근처로 가기로  그래서 전주역에서 택시타고 바로 밥집으로 점심시간이 아주 조금 지났지만 내 앞에 3팀이 있었다    나는 미리 택시에서 테이블링 어플로 예약하고 감 아주 조금    
전주 여행,282,75세 수강생분의 전자올겐 여행을떠나요 전주,https://blog.naver.com/sky_blue2/224398352530,요즘 전자올겐으로 조용필의    여행을 떠나요   를 배우고 계신 75세 수강생님의 연주입니다  아직 곡 전체를 완성한 영상은 아니고 이번에는 앞부분 전주만 살짝 담아봤어요  새로운 곡을 배우면 악보를 보고    ,75세 수강생분의 전자올겐 여행을떠나요 전주 요즘 전자올겐으로 조용필의    여행을 떠나요   를 배우고 계신 75세 수강생님의 연주입니다  아직 곡 전체를 완성한 영상은 아니고 이번에는 앞부분 전주만 살짝 담아봤어요  새로운 곡을 배우면 악보를 보고    
전주 여행,283,전주한옥마을맛집 만년닭강정 한옥마을직영점 바삭한 닭강정 포장     ,https://blog.naver.com/h343411/224398352651, 만년닭강정한옥마을직영점  전주한옥마을맛집  전주한옥마을먹거리  전주먹거리  전주맛집추천  전주닭강정  전주한옥마을먹방  전주한옥마을길거리음식  전주여행코스  전주야식추천  전주길거리음식    ,전주한옥마을맛집 만년닭강정 한옥마을직영점 바삭한 닭강정 포장       만년닭강정한옥마을직영점  전주한옥마을맛집  전주한옥마을먹거리  전주먹거리  전주맛집추천  전주닭강정  전주한옥마을먹방  전주한옥마을길거리음식  전주여행코스  전주야식추천  전주길거리음식    
전주 여행,284,전주 라멘 맛집   멘야케이 금암본점 고속터미널 근처 현지인 맛집     ,https://blog.naver.com/saay_jjang/224398348032,최근 와 전주여행을 다녀왔었는데 예전에 우연히 알게된 라멘 맛집이 있다고 해서 터미널 도보 10분 거리에 있는  멘야케이 금암본점 전주여행의 마지막 식사로 선택했습니다   전주라멘맛집    ,전주 라멘 맛집   멘야케이 금암본점 고속터미널 근처 현지인 맛집      최근 와 전주여행을 다녀왔었는데 예전에 우연히 알게된 라멘 맛집이 있다고 해서 터미널 도보 10분 거리에 있는  멘야케이 금암본점 전주여행의 마지막 식사로 선택했습니다   전주라멘맛집    
전주 여행,285,강서구 등촌동 오리백숙 맛집 몸보신 부모님과 식사하기 좋은 전주    ,https://blog.naver.com/jina7415/224398346511,안녕하세요 뷰리입니다 지난 주말에는 부모님 모시고 강서구 백숙 맛집으로 소문난 전주맛집 다녀왔어요 저에게 백숙이라하면 가평이나 어디 멀리 여행 갔을때 먹는 음식이라는 생각이 강했는데 굳이    ,강서구 등촌동 오리백숙 맛집 몸보신 부모님과 식사하기 좋은 전주     안녕하세요 뷰리입니다 지난 주말에는 부모님 모시고 강서구 백숙 맛집으로 소문난 전주맛집 다녀왔어요 저에게 백숙이라하면 가평이나 어디 멀리 여행 갔을때 먹는 음식이라는 생각이 강했는데 굳이    
전주 여행,286,안동 갈비골목 맛집 안동한우갈비  안동 여행에서 꼭 먹어봐야 할     ,https://blog.naver.com/joyridee/224398338612,전주 시골쥐 안동가서 먹을게 너무 많아서 눈 돌아간 후기 남긴다 안동 왤케 먹을게 많습니까   찜닭만    그래도 안동 여행왔으니 내돈내산 먹어보자해서 도전 3인분부터 주문가능한줄알고 첨에 걍 3인분    ,안동 갈비골목 맛집 안동한우갈비  안동 여행에서 꼭 먹어봐야 할      전주 시골쥐 안동가서 먹을게 너무 많아서 눈 돌아간 후기 남긴다 안동 왤케 먹을게 많습니까   찜닭만    그래도 안동 여행왔으니 내돈내산 먹어보자해서 도전 3인분부터 주문가능한줄알고 첨에 걍 3인분    
전주 여행,287, 전라도 미식 여행  전라북도 가볼만한 전통시장 베스트 5 총정리      ,https://blog.naver.com/noelocean/224390891926,먹거리부터 볼거리까지 가득한 전북 시장 여행  지금 바로 출발해 볼까요  1  전주 남부시장  한옥마을 옆 백년 시장  주소  전주시 완산구 풍남문2길 63 대표 장날  상설시장  매주 금 토요일 야시장 운영  오후    , 전라도 미식 여행  전라북도 가볼만한 전통시장 베스트 5 총정리       먹거리부터 볼거리까지 가득한 전북 시장 여행  지금 바로 출발해 볼까요  1  전주 남부시장  한옥마을 옆 백년 시장  주소  전주시 완산구 풍남문2길 63 대표 장날  상설시장  매주 금 토요일 야시장 운영  오후    
전주 여행,288,여름 휴가 다녀오고 4kg 찌고 급찐급빠 러닝 다이어트중  ,https://blog.naver.com/wjslrud93/224398328389,  늦은 여름 휴가로 거제   전주 3박 4일 여행을 다녀오고 무려 4kg 찐 썰을 풀어보겠습니다       사실 여행 가면 화장실을 잘 못가는 스타일이라 화장실 무게도 있을거 같고 여행 내내 애들이랑 수영 하고 놀고    ,여름 휴가 다녀오고 4kg 찌고 급찐급빠 러닝 다이어트중     늦은 여름 휴가로 거제   전주 3박 4일 여행을 다녀오고 무려 4kg 찐 썰을 풀어보겠습니다       사실 여행 가면 화장실을 잘 못가는 스타일이라 화장실 무게도 있을거 같고 여행 내내 애들이랑 수영 하고 놀고    
전주 여행,289,전주 호텔 호텔 아라리 구매해도 될까 ,https://blog.naver.com/nbbsnh90sbap1prqf2v/224398320408,전주 여행 시 숙소 선택이 고민되죠  전주 호텔 호텔 아라리 기준에서는 실제 숙박 상황과 관리 편의성을 함께 확인하는 편이 좋습니다  특히 한옥마을 근처 호텔은 어떤 곳이 좋은지 궁금해서    ,전주 호텔 호텔 아라리 구매해도 될까  전주 여행 시 숙소 선택이 고민되죠  전주 호텔 호텔 아라리 기준에서는 실제 숙박 상황과 관리 편의성을 함께 확인하는 편이 좋습니다  특히 한옥마을 근처 호텔은 어떤 곳이 좋은지 궁금해서    
전주 여행,290,전주 여행을 다녀왔습니다,https://blog.naver.com/sprhworld/224396628320,들어온 전주떡집 재방문 젤 맛있게 먹었던 쑥설기가 없고 저번엔 없엇던 초코설기가 있길래 초코설기    스프레이   여행용 칫솔세트   왕칫솔   굿즈 구성   다 맘에 들긴 하는데 그중에서도 전체 박스랑 얼굴    ,전주 여행을 다녀왔습니다 들어온 전주떡집 재방문 젤 맛있게 먹었던 쑥설기가 없고 저번엔 없엇던 초코설기가 있길래 초코설기    스프레이   여행용 칫솔세트   왕칫솔   굿즈 구성   다 맘에 들긴 하는데 그중에서도 전체 박스랑 얼굴    
전주 여행,291,전주 한옥마을 비빔밥 맛집 청연루 근처 남천마루 내돈내산 전주데    ,https://blog.naver.com/jooogooo3/224396478419,오늘 소개할 곳은 청연루 근처 맛집 남천마루 입니다           제가 지난 7월에 전주여행을 다녀와서 요즘 전주와 관련된 맛집이나 카페 포스팅을 하나씩 올리고 있는데요    이번에는 전주    ,전주 한옥마을 비빔밥 맛집 청연루 근처 남천마루 내돈내산 전주데     오늘 소개할 곳은 청연루 근처 맛집 남천마루 입니다           제가 지난 7월에 전주여행을 다녀와서 요즘 전주와 관련된 맛집이나 카페 포스팅을 하나씩 올리고 있는데요    이번에는 전주    
전주 여행,292,전주시외버스공용터미널 인천공항 심야우등 32 000원  예매처 및 최    ,https://blog.naver.com/tn354/224398269626,전주시외버스공용터미널 이용 시  급하게 터미널에 도착해 현장 발권을 시도하다 원하는 시간대 버스가 매진되어 낭패를 보는 경우가 많습니다  특히 연휴나 주말에는 미리 예매하지 않으면 여행 계획이    ,전주시외버스공용터미널 인천공항 심야우등 32 000원  예매처 및 최     전주시외버스공용터미널 이용 시  급하게 터미널에 도착해 현장 발권을 시도하다 원하는 시간대 버스가 매진되어 낭패를 보는 경우가 많습니다  특히 연휴나 주말에는 미리 예매하지 않으면 여행 계획이    
전주 여행,293,내돈내산  전주 남부시장 운암콩나물국밥 아침식사  해장국 맛집 주    ,https://blog.naver.com/gaogaiguu/224398268885,고등학교 졸업하고 처음 전주를 혼자 여행하면서 수란은 밥과 콩나물을 넣어 새우젓으로 간을 하고 김과 젓갈을 반찬으로 먹어야 된다 배웠다  그 따뜻하면서 부드럽고 든든한 맛이 좋아 지금도 하고 있는데    ,내돈내산  전주 남부시장 운암콩나물국밥 아침식사  해장국 맛집 주     고등학교 졸업하고 처음 전주를 혼자 여행하면서 수란은 밥과 콩나물을 넣어 새우젓으로 간을 하고 김과 젓갈을 반찬으로 먹어야 된다 배웠다  그 따뜻하면서 부드럽고 든든한 맛이 좋아 지금도 하고 있는데    
전주 여행,294,전주 우아동 호텔 비채 총평 전주의 아늑하고 편안했던 숙박 체험     ,https://blog.naver.com/luxe_check_in/224392370999,전주 여행을 위해 이곳에 머물렀는데  기대 이상으로 따뜻하고 포근한 기분이었어요  방 전체가 깔끔하게 관리되어 있고  주변 명소와도 가까워서 움직이기가 정말 좋았답니다  덕분에 편안하고 완벽한 휴식을    ,전주 우아동 호텔 비채 총평 전주의 아늑하고 편안했던 숙박 체험      전주 여행을 위해 이곳에 머물렀는데  기대 이상으로 따뜻하고 포근한 기분이었어요  방 전체가 깔끔하게 관리되어 있고  주변 명소와도 가까워서 움직이기가 정말 좋았답니다  덕분에 편안하고 완벽한 휴식을    
전주 여행,295,전주여행 필수코스 소바 콩국수 맛집   태평집,https://blog.naver.com/jessie_302/224397253478,웨이팅 조금 수그러들면 다시 또 방문할게요  맛있게 잘 먹었습니다  전주맛집  전주소바맛집  전주콩국수맛집  전주콩물맛집  전주웨이팅맛집  금암동맛집  전북대맛집  전주여행필수코스  전주필수맛집  태평집,전주여행 필수코스 소바 콩국수 맛집   태평집 웨이팅 조금 수그러들면 다시 또 방문할게요  맛있게 잘 먹었습니다  전주맛집  전주소바맛집  전주콩국수맛집  전주콩물맛집  전주웨이팅맛집  금암동맛집  전북대맛집  전주여행필수코스  전주필수맛집  태평집
전주 여행,296,전주한옥마을 한복대여 1 5시간 8천원부터  주차는 앱으로 할인받으    ,https://blog.naver.com/tn354/224398263912,주차 정보를 통해 더욱 알찬 여행 계획을 세우시길 바랍니다   전주한옥마을  한복대여  전주한복  전주여행  전주가볼만한곳  전주한옥마을주차  한복대여요금  전주관광  한국관광100선  주차할인,전주한옥마을 한복대여 1 5시간 8천원부터  주차는 앱으로 할인받으     주차 정보를 통해 더욱 알찬 여행 계획을 세우시길 바랍니다   전주한옥마을  한복대여  전주한복  전주여행  전주가볼만한곳  전주한옥마을주차  한복대여요금  전주관광  한국관광100선  주차할인
전주 여행,297, 아기랑 가볼만한곳   30개월아기랑  1박2일 전주여행,https://blog.naver.com/dkdud9008/224398246267,30개월 아기와 함께한 1박2일 전주여행 8월의 어느날 30개월 아기랑 급하게 전주여행을 다녀왔다  전주는 항상 좋은 기억만 가지고있어서  20살이 되던날 고등학교친구들과 함께 왔었고  20대 중반에 그 기억을    , 아기랑 가볼만한곳   30개월아기랑  1박2일 전주여행 30개월 아기와 함께한 1박2일 전주여행 8월의 어느날 30개월 아기랑 급하게 전주여행을 다녀왔다  전주는 항상 좋은 기억만 가지고있어서  20살이 되던날 고등학교친구들과 함께 왔었고  20대 중반에 그 기억을    
전주 여행,298,전북여행 필수템  전북투어패스 사용법 및 사용처   전주편  내돈내    ,https://blog.naver.com/puppy7643/224397486384,다른지역도 가게 된다면 또 후기들고올게요  전북투어패스  전북투어패스전주  전북여행  전북여행추천  전북여행필수  전북여행필수템  전주여행  전주입장권  전북여행할인,전북여행 필수템  전북투어패스 사용법 및 사용처   전주편  내돈내     다른지역도 가게 된다면 또 후기들고올게요  전북투어패스  전북투어패스전주  전북여행  전북여행추천  전북여행필수  전북여행필수템  전주여행  전주입장권  전북여행할인
전주 여행,299,전주 경기전여행자라운지 한옥마을 짐보관 무료물품보관소,https://blog.naver.com/kdia2353/224398197658,전주여행은 당일치기나 1박2일일 경우가 많아요  전주 한옥마을 자체에 볼거리가 넘쳐나기 때문에 짐을 들고 다니기 힘들답니다  고민하지 말고 전주 경기전 앞에 있는 경기전여행자라운지로 고고   1  기본    ,전주 경기전여행자라운지 한옥마을 짐보관 무료물품보관소 전주여행은 당일치기나 1박2일일 경우가 많아요  전주 한옥마을 자체에 볼거리가 넘쳐나기 때문에 짐을 들고 다니기 힘들답니다  고민하지 말고 전주 경기전 앞에 있는 경기전여행자라운지로 고고   1  기본    
전주 여행,300,2025년 전북여행을 위한 필수 방문지 7곳,https://dwqn.tistory.com/99,사용자 시나리오 예를 들어  서울에서 전북으로 주말 여행을 계획하는 친구들과 함께 한다고 가정해 보세요  오전 10시에 출발하여 전주에 도착 후  비빔밥을 점심으로 먹고  오후에 막걸리로 여유로운 시간을    ,2025년 전북여행을 위한 필수 방문지 7곳 사용자 시나리오 예를 들어  서울에서 전북으로 주말 여행을 계획하는 친구들과 함께 한다고 가정해 보세요  오전 10시에 출발하여 전주에 도착 후  비빔밥을 점심으로 먹고  오후에 막걸리로 여유로운 시간을    
전주 여행,301,전주한옥마을 먹거리 길거리야 바게트버거  풍자 또간집 전주 1등     ,https://blog.naver.com/hyok_s2/224398179818,이번 전주여행에서도 사진을 엄청 많이 찍었는데요 찍은 사진들을 인스타그램 스토리에 올렸더니 지인에게 길거리야 가보라는 디엠이 왔어요   저녁까지만 해도 갈 생각이 없었는데 전주여행 둘째 날 아침이    ,전주한옥마을 먹거리 길거리야 바게트버거  풍자 또간집 전주 1등      이번 전주여행에서도 사진을 엄청 많이 찍었는데요 찍은 사진들을 인스타그램 스토리에 올렸더니 지인에게 길거리야 가보라는 디엠이 왔어요   저녁까지만 해도 갈 생각이 없었는데 전주여행 둘째 날 아침이    
전주 여행,302,전주여행 맛집 진미집 본점 돼지불고기 오징어볶음 김밥 상추쌈으    ,https://blog.naver.com/chimni825/224398178532,전주 여행 추천 맛집 김밥쌈으로 유명한 진미집 본점 전주여행을 가면 꼭 먹어보고 싶었던 것 중 하나가 바로 김밥을 상추에 싸먹는 조합이었음  처음 들었을 때는 사실  김밥을 왜 상추에 싸먹지   싶었는데    ,전주여행 맛집 진미집 본점 돼지불고기 오징어볶음 김밥 상추쌈으     전주 여행 추천 맛집 김밥쌈으로 유명한 진미집 본점 전주여행을 가면 꼭 먹어보고 싶었던 것 중 하나가 바로 김밥을 상추에 싸먹는 조합이었음  처음 들었을 때는 사실  김밥을 왜 상추에 싸먹지   싶었는데    
전주 여행,303,2박 3일 전주여행   유니클로 전주송천점 초코파이 티셔츠  전주덕진    ,https://blog.naver.com/apodjk/224398175192,잠옷 바람의 인간 두 명 아점으로 컵라면 먹고 출근 강원도 감자들의 전라도 여행기   1편 전주 언젠가 광주  목포  담양도 가리라 원래 퇴근하고 원주 갔다가 원주에서 자고 전주로 출발하려고 하였으나   거의    ,2박 3일 전주여행   유니클로 전주송천점 초코파이 티셔츠  전주덕진     잠옷 바람의 인간 두 명 아점으로 컵라면 먹고 출근 강원도 감자들의 전라도 여행기   1편 전주 언젠가 광주  목포  담양도 가리라 원래 퇴근하고 원주 갔다가 원주에서 자고 전주로 출발하려고 하였으나   거의    
전주 여행,304,전주 전북대 브런치 맛집 베이글 카페 원탑 코스베 미니 여행중 간    ,https://blog.naver.com/ppazbayo/224397724800,전주사람   전주여행 중이라면 꼭  코스베 미니  먹어보세요  안녕하세요  직접 보고 느끼며 빠져드는 빠즈바 입니다  저는 평소에 빵을 자주 먹고 싶어 해요  사실 건강 때문에 참고 조절하지만 좋아하는    ,전주 전북대 브런치 맛집 베이글 카페 원탑 코스베 미니 여행중 간     전주사람   전주여행 중이라면 꼭  코스베 미니  먹어보세요  안녕하세요  직접 보고 느끼며 빠져드는 빠즈바 입니다  저는 평소에 빵을 자주 먹고 싶어 해요  사실 건강 때문에 참고 조절하지만 좋아하는    
전주 여행,305,경기전 어진박물관 전주 한옥마을 필수 여행 코스 방문 후기,https://blog.naver.com/ahnjk1234/224398164865, 전주한옥마을  경기전  어진박물관  전주가볼만한곳  전주한옥마을코스  전주여행  경기전입장료  전주산책코스  쩡블로그  전주내돈내산  전주사진코스  사진찍기좋은곳  전주포토스팟,경기전 어진박물관 전주 한옥마을 필수 여행 코스 방문 후기  전주한옥마을  경기전  어진박물관  전주가볼만한곳  전주한옥마을코스  전주여행  경기전입장료  전주산책코스  쩡블로그  전주내돈내산  전주사진코스  사진찍기좋은곳  전주포토스팟
전주 여행,306,전주여행 하면 무조건 가는 베테랑칼국수,https://blog.naver.com/ddaengule/224364697576,베테랑 칼국수는 칼국수 매니아인 내가 전주여행 처음 했을 때에 검색해서 알게 된 곳인데 전주 올 때마다 들르게 되는 식당이다  안 먹고 가면 집 돌아가서 내내 생각날 정도     여기저기 체인점이 많지만    ,전주여행 하면 무조건 가는 베테랑칼국수 베테랑 칼국수는 칼국수 매니아인 내가 전주여행 처음 했을 때에 검색해서 알게 된 곳인데 전주 올 때마다 들르게 되는 식당이다  안 먹고 가면 집 돌아가서 내내 생각날 정도     여기저기 체인점이 많지만    
전주 여행,307, 정읍 숙소  스테이 여휴   태교여행,https://blog.naver.com/sangsang1623/224398163496,많은 걱정을 받았지만 가장 컨디션 좋다는 임신 중기가 가장 날 좋은 4 5월이라 오히려 좋아               5월초에 다녀온 전주  정읍 여행  노는 건 전주에서 놀고 숙소는 가까운 정읍으로  연휴로 숙소를 못 찾다가    , 정읍 숙소  스테이 여휴   태교여행 많은 걱정을 받았지만 가장 컨디션 좋다는 임신 중기가 가장 날 좋은 4 5월이라 오히려 좋아               5월초에 다녀온 전주  정읍 여행  노는 건 전주에서 놀고 숙소는 가까운 정읍으로  연휴로 숙소를 못 찾다가    
전주 여행,308,전주한옥마을 가볼만한곳 전주난장,https://blog.naver.com/alswjd0423a/224398158995,전주하면 콩나물 국밥이죠     전주에서 직접 다녀온 콩나물국밥 맛집은 아래 글에 따로 자세히 정리해 두었습니다   감사합니다    전주여행  전주한옥마을  전주한옥마을가볼만한곳  전주난장    ,전주한옥마을 가볼만한곳 전주난장 전주하면 콩나물 국밥이죠     전주에서 직접 다녀온 콩나물국밥 맛집은 아래 글에 따로 자세히 정리해 두었습니다   감사합니다    전주여행  전주한옥마을  전주한옥마을가볼만한곳  전주난장    
전주 여행,309,낭만과 전통이 살아 숨 쉬는 전주 한옥마을 완벽 여행 가이드,https://blog.naver.com/gt7info/224398157166,일반 순대보다 훨씬 깊고 담백한 맛이 특징인 전라도 지역의 향토 음식입니다   여행이야기  전주여행  전주숙소  전주맛집  국내여행지추천  전주한옥마을  전주가볼만한곳  전주호텔  전주데이트  전주여행코스,낭만과 전통이 살아 숨 쉬는 전주 한옥마을 완벽 여행 가이드 일반 순대보다 훨씬 깊고 담백한 맛이 특징인 전라도 지역의 향토 음식입니다   여행이야기  전주여행  전주숙소  전주맛집  국내여행지추천  전주한옥마을  전주가볼만한곳  전주호텔  전주데이트  전주여행코스
전주 여행,310,2박3일 군산 전주 여행 이성당 카페 선물세트 굿즈 가격,https://blog.naver.com/zezewryoo/224386433893,이성당에서 빵 사고 숙소로 돌아가는 길 바로 옆 집인 이성당 카페 슬쩍 구경 1박2일 군산 여행코스 1일차 2일차 1박2일 전주 여행코스 1일차 2일차 이성당 cafe 기본정보 이성당과 같은 건물이지만 입구도    ,2박3일 군산 전주 여행 이성당 카페 선물세트 굿즈 가격 이성당에서 빵 사고 숙소로 돌아가는 길 바로 옆 집인 이성당 카페 슬쩍 구경 1박2일 군산 여행코스 1일차 2일차 1박2일 전주 여행코스 1일차 2일차 이성당 cafe 기본정보 이성당과 같은 건물이지만 입구도    
전주 여행,311,전주 진미집 본점 메뉴 가격 주차 웨이팅 정보 전주 여행 갈만한곳     ,https://blog.naver.com/shjk67/224397330355,전주 진미집 본점 메뉴 가격 주차 웨이팅 정보 전주 여행 갈만한곳 코스로 추천 안녕하세요 전주 여행에서 가장 맛있었던 맛집을 하나 꼽으라면 진미집이 떠오르는데요 처음 먹어보는 맛은 아니었지만    ,전주 진미집 본점 메뉴 가격 주차 웨이팅 정보 전주 여행 갈만한곳      전주 진미집 본점 메뉴 가격 주차 웨이팅 정보 전주 여행 갈만한곳 코스로 추천 안녕하세요 전주 여행에서 가장 맛있었던 맛집을 하나 꼽으라면 진미집이 떠오르는데요 처음 먹어보는 맛은 아니었지만    
전주 여행,312,전주여행  전주한옥마을 카페 추천    카페 이르리  ,https://blog.naver.com/hinoka77/224398131241,오늘은 전주 여행 중 가장 전주다운 감성을 느끼며 힐링할 수 있는  전주 한옥마을 카페 이르리에 다녀왔습니다  한옥마을 중심가에 위치하면서도 고즈넉하고 웅장한 규모를 자랑해서 들어서는 순간부터    ,전주여행  전주한옥마을 카페 추천    카페 이르리   오늘은 전주 여행 중 가장 전주다운 감성을 느끼며 힐링할 수 있는  전주 한옥마을 카페 이르리에 다녀왔습니다  한옥마을 중심가에 위치하면서도 고즈넉하고 웅장한 규모를 자랑해서 들어서는 순간부터    
전주 여행,313,내돈내산 피순대모듬 후기 전주 맛집  조점례남문피순대 ,https://blog.naver.com/muxmu/224398128327,굿굿  전주여행  전주맛집  전주한옥마을맛집  전주남부시장  전주남부시장맛집  전주남부시장주차장  전주피순대  피순대맛집  암뽕뜻  전주조점례피순대  전주천변주차장  전주조점례  전주조점례남문피순대    ,내돈내산 피순대모듬 후기 전주 맛집  조점례남문피순대  굿굿  전주여행  전주맛집  전주한옥마을맛집  전주남부시장  전주남부시장맛집  전주남부시장주차장  전주피순대  피순대맛집  암뽕뜻  전주조점례피순대  전주천변주차장  전주조점례  전주조점례남문피순대    
전주 여행,314,2박3일 군산 전주 여행 빵지순례 이성당 단팥빵 야채빵 슈크림 찹쌀    ,https://blog.naver.com/zezewryoo/224385717232,1박2일 전주 여행코스 1일차 2일차 이성당 기본정보 군산 여행의 중심지 월명동과 짬뽕특화거리 사이에 위치한 이성당 이 간판이 있는 곳으로 들어가야 단팥빵  야채빵 포함 다양한 빵을 개별 구매할 수 있다    ,2박3일 군산 전주 여행 빵지순례 이성당 단팥빵 야채빵 슈크림 찹쌀     1박2일 전주 여행코스 1일차 2일차 이성당 기본정보 군산 여행의 중심지 월명동과 짬뽕특화거리 사이에 위치한 이성당 이 간판이 있는 곳으로 들어가야 단팥빵  야채빵 포함 다양한 빵을 개별 구매할 수 있다    
전주 여행,315,그여름 전주  28 7 24 26 ,https://blog.naver.com/writer_kim/224398121512,조카가 가보고 싶다는 전주로 고고    4명이 함께한 여행이 얼마만인지    몇년전 4명이 서핑하러 갔을 때가 마지막이였네    따님 초3이였으니 5 6년전 그때도 무더운 한여름 올해도 뜨거운 한여름  햇살가득    ,그여름 전주  28 7 24 26  조카가 가보고 싶다는 전주로 고고    4명이 함께한 여행이 얼마만인지    몇년전 4명이 서핑하러 갔을 때가 마지막이였네    따님 초3이였으니 5 6년전 그때도 무더운 한여름 올해도 뜨거운 한여름  햇살가득    
전주 여행,316,공주 아기랑 2박 3일 여행 코스 동선 맛집 숙소 실내 가볼만한곳     ,https://blog.naver.com/dragontwinsmom/224393742823,최근 쌍둥이들과 2박 3일 공주 여행을 다녀왔는데요  한옥의 고즈넉한 감성은 살아있으면서도  전주나 경주에 비해 한적해서 어린 아동들과 다니기에 정말 완벽한 도시였습니다  무엇보다 주요 관광지    ,공주 아기랑 2박 3일 여행 코스 동선 맛집 숙소 실내 가볼만한곳      최근 쌍둥이들과 2박 3일 공주 여행을 다녀왔는데요  한옥의 고즈넉한 감성은 살아있으면서도  전주나 경주에 비해 한적해서 어린 아동들과 다니기에 정말 완벽한 도시였습니다  무엇보다 주요 관광지    
전주 여행,317,2 ,https://blog.naver.com/zeronemx/224398111503,이번 여행에서는 카페에서 책을 많이 읽었다  전주에서는 아오이 시선 읽고 청주로 돌아와 준세이 시선을 읽고 있다  바로 옆 소품샵에서 컵과 코스터를 장만해 왔다  그러고 한옥마을 쪽으로 발걸음을 옮겼다     ,2  이번 여행에서는 카페에서 책을 많이 읽었다  전주에서는 아오이 시선 읽고 청주로 돌아와 준세이 시선을 읽고 있다  바로 옆 소품샵에서 컵과 코스터를 장만해 왔다  그러고 한옥마을 쪽으로 발걸음을 옮겼다     
전주 여행,318, 전주 숙소  에어비앤비 리틀프랑 리틀포레 여성 3인 숙박 후기,https://blog.naver.com/fantastulous/224398107905,전주 여행에서 먹기도 많이 먹고 놀기도 많이 놀았는데  친구들 사이에서 가장 마음에 들어 했던 숙소라 추천 후기를 적어볼게요   가는 날이 장날이라고 여행 가자마자 비가 퍼붓는 거 있죠   다행히 숙소가    , 전주 숙소  에어비앤비 리틀프랑 리틀포레 여성 3인 숙박 후기 전주 여행에서 먹기도 많이 먹고 놀기도 많이 놀았는데  친구들 사이에서 가장 마음에 들어 했던 숙소라 추천 후기를 적어볼게요   가는 날이 장날이라고 여행 가자마자 비가 퍼붓는 거 있죠   다행히 숙소가    
전주 여행,319,가족여행으로 가기 좋은 국내 여행지 선택 기준,https://blog.naver.com/sis_wa/224398106315,낫고  전주처럼 한옥마을 중심으로 식당과 카페를 연결할 수 있는 곳은 동선을 단순하게 만들기 쉽습니다  여행지를 고르는 순서는 간단합니다  먼저 동행자의 가장 약한 조건을 정하고  다음으로 실내 야외    ,가족여행으로 가기 좋은 국내 여행지 선택 기준 낫고  전주처럼 한옥마을 중심으로 식당과 카페를 연결할 수 있는 곳은 동선을 단순하게 만들기 쉽습니다  여행지를 고르는 순서는 간단합니다  먼저 동행자의 가장 약한 조건을 정하고  다음으로 실내 야외    
전주 여행,320, 전주 신상 카페  일본 레트로 감성 폭발  쿠로다 커피점 메론소다     ,https://blog.naver.com/yssese/224398105804,저는 일본 여행가면 꼭 UCC커피를 즐기곤 했는데  전주에서 즐길 수 있다니 너무 행복하더라고요  커피 자체의 밸런스가 훌륭해서 마지막 한 모금까지 질리지 않고 맛있게 즐겼습니다   다음에는 시그니처라는    , 전주 신상 카페  일본 레트로 감성 폭발  쿠로다 커피점 메론소다      저는 일본 여행가면 꼭 UCC커피를 즐기곤 했는데  전주에서 즐길 수 있다니 너무 행복하더라고요  커피 자체의 밸런스가 훌륭해서 마지막 한 모금까지 질리지 않고 맛있게 즐겼습니다   다음에는 시그니처라는    
전주 여행,321,베스트웨스턴플러스 전주   전주가족여행호텔 스탠다드 패밀리 트    ,https://blog.naver.com/zoodin1/224398099683,레스토랑은 창이 크고 좌석도 넉넉했고  가족여행온 분들과 아이랑전주여행 오신 분들도 많아 보였어요  최대한 전주호텔 베스트웨스턴 조식 메뉴를 많이 찍어봤는데요  조식메뉴 궁금하신 분들은 사진 참고    ,베스트웨스턴플러스 전주   전주가족여행호텔 스탠다드 패밀리 트     레스토랑은 창이 크고 좌석도 넉넉했고  가족여행온 분들과 아이랑전주여행 오신 분들도 많아 보였어요  최대한 전주호텔 베스트웨스턴 조식 메뉴를 많이 찍어봤는데요  조식메뉴 궁금하신 분들은 사진 참고    
전주 여행,322, 전주여행   풍년제과  전주 여행 필수 기념품  PNB 풍년제과 수제 초    ,https://blog.naver.com/sadakko21/224398096679, PNB풍년제과  풍년제과초코파이  전주풍년제과  전주수제초코파이  전주여행  전주맛집  전주기념품  전주먹거리  전주한옥마을맛집  전주선물  초코파이맛집  디저트추천  전주여행기념품  내돈내산후기    , 전주여행   풍년제과  전주 여행 필수 기념품  PNB 풍년제과 수제 초      PNB풍년제과  풍년제과초코파이  전주풍년제과  전주수제초코파이  전주여행  전주맛집  전주기념품  전주먹거리  전주한옥마을맛집  전주선물  초코파이맛집  디저트추천  전주여행기념품  내돈내산후기    
전주 여행,323,전주 루프탑 숙소 찾는다면  노송맨숀 노을을 먼저 보여드릴게요,https://blog.naver.com/nosongmansion/224398095910,예약하기       노송빌리지 에어비앤비 예약하기    노송맨숀  노송별장  전주독채숙소  전주가족숙소  전주단체숙소  전주감성숙소  전주한옥마을숙소  전주여행  전주숙소추천  전주루프탑숙소  전주친구모임,전주 루프탑 숙소 찾는다면  노송맨숀 노을을 먼저 보여드릴게요 예약하기       노송빌리지 에어비앤비 예약하기    노송맨숀  노송별장  전주독채숙소  전주가족숙소  전주단체숙소  전주감성숙소  전주한옥마을숙소  전주여행  전주숙소추천  전주루프탑숙소  전주친구모임
전주 여행,324,논산 가볼만한곳 탑정호 출렁다리 후기 무료 주차 유모차 대여     ,https://blog.naver.com/leeilee0417/224395373382,전주에서 출발해 경기도로 가는 길    중간지점인 논산에 방문한 김에 어디를 가볼까 찾다가 탑정호 출렁다리에 다녀왔어요   논산 여행을 검색하면 탑정호가 빠지지 않고 나오더라고요   주차부터 출렁다리    ,논산 가볼만한곳 탑정호 출렁다리 후기 무료 주차 유모차 대여      전주에서 출발해 경기도로 가는 길    중간지점인 논산에 방문한 김에 어디를 가볼까 찾다가 탑정호 출렁다리에 다녀왔어요   논산 여행을 검색하면 탑정호가 빠지지 않고 나오더라고요   주차부터 출렁다리    
전주 여행,325, 국내숙소  전주한옥마을 황실관광호텔 스탠다드 더블 2박3일 묵어    ,https://blog.naver.com/gracejennymia/224398079537,안녕하세요 그제미입니다    광복절 연휴에 다녀온 전주여행 숙소 후기 START   전주 첫방문이라 뭣도 모르고   처음에는 전주역 코앞에 있는 호텔로 숙소를 잡아버린 그제미  일단 KTX 랑 숙소 잡아놓고 일정을    , 국내숙소  전주한옥마을 황실관광호텔 스탠다드 더블 2박3일 묵어     안녕하세요 그제미입니다    광복절 연휴에 다녀온 전주여행 숙소 후기 START   전주 첫방문이라 뭣도 모르고   처음에는 전주역 코앞에 있는 호텔로 숙소를 잡아버린 그제미  일단 KTX 랑 숙소 잡아놓고 일정을    
전주 여행,326,대전여행 애견동반 식당 모든 반찬이 맛있던 단소  엑스포과학공원     ,https://blog.naver.com/ninosukiyo/224398072267,맞은편에 튀소정거장이 있어서 튀김소보로는 저기에서 살 수 있다 물론  웨이팅은 해야함        그래도 줄이 엄청 긴 편은 아님 이렇게 전주만 여행하려던 우리의 계획은 논산 전주 논산여행으로 끝을    ,대전여행 애견동반 식당 모든 반찬이 맛있던 단소  엑스포과학공원      맞은편에 튀소정거장이 있어서 튀김소보로는 저기에서 살 수 있다 물론  웨이팅은 해야함        그래도 줄이 엄청 긴 편은 아님 이렇게 전주만 여행하려던 우리의 계획은 논산 전주 논산여행으로 끝을    
전주 여행,327,초3 7살 아이와 논산 여행 선샤인스튜디오 가보고 원산면옥까지,https://blog.naver.com/ssonaning/224397880449,이번 여름휴가는 정말 오랜만에 아이들과 국내여행을 다녀왔어요  서울   전주   여수까지 내려갔다가 마지막에는 논산까지 들러서 올라오는 3박 4일 국내여행이었는데요  여수 이야기는 앞에서 꽤 길게    ,초3 7살 아이와 논산 여행 선샤인스튜디오 가보고 원산면옥까지 이번 여름휴가는 정말 오랜만에 아이들과 국내여행을 다녀왔어요  서울   전주   여수까지 내려갔다가 마지막에는 논산까지 들러서 올라오는 3박 4일 국내여행이었는데요  여수 이야기는 앞에서 꽤 길게    
전주 여행,328,전주  스물 다섯 스물 하나 촬영지   한벽터널이 특별하게 느껴지는     ,https://blog.naver.com/mercurykm/224398067905,처음 가는 여행이라면  저처럼 택시로 이동한 뒤 돌아올때는 천천히 걸어보시는 것도 추천합니다    다음 전주여행은 눈내리는 겨울과 해질녘에 한번 들러보고 싶은 한벽터널이었습니다 ,전주  스물 다섯 스물 하나 촬영지   한벽터널이 특별하게 느껴지는      처음 가는 여행이라면  저처럼 택시로 이동한 뒤 돌아올때는 천천히 걸어보시는 것도 추천합니다    다음 전주여행은 눈내리는 겨울과 해질녘에 한번 들러보고 싶은 한벽터널이었습니다 
전주 여행,329,한옥마을 가까운 전주 키즈숙소 동선  노송별장,https://blog.naver.com/nosongmansion/224398063277,에어비앤비 예약하기    노송별장  노송맨숀  전주키즈숙소  전주아이랑숙소  전주가족숙소  전주독채숙소  전주키즈펜션  전주여행  전주아이와가볼만한곳  전주가족여행  키즈숙소추천  전주한옥마을숙소,한옥마을 가까운 전주 키즈숙소 동선  노송별장 에어비앤비 예약하기    노송별장  노송맨숀  전주키즈숙소  전주아이랑숙소  전주가족숙소  전주독채숙소  전주키즈펜션  전주여행  전주아이와가볼만한곳  전주가족여행  키즈숙소추천  전주한옥마을숙소
전주 여행,330,전주여행 신상카페 한옥마을 근처 전라감영카페 비미,https://blog.naver.com/wngml3410/224398062364,키위와 청사과를 곁들인 상큼한 슈였는데 커피와 잘 어울리더라구요 특히 상큼한 느낌이라 여름과 잘 어울리는 디저트랍니다 전주 여행과 잘 어울리는 카페였어요     전주비미  전주카페  전주신상카페  전주여행,전주여행 신상카페 한옥마을 근처 전라감영카페 비미 키위와 청사과를 곁들인 상큼한 슈였는데 커피와 잘 어울리더라구요 특히 상큼한 느낌이라 여름과 잘 어울리는 디저트랍니다 전주 여행과 잘 어울리는 카페였어요     전주비미  전주카페  전주신상카페  전주여행
전주 여행,331,전주 한옥마을 맛집 콩요리 한정식 녹두꽃 여행 코스 가볼만한곳,https://blog.naver.com/arum_chon/224397553855,06 전주여행해 이용 팁 전주 한옥마을 여행을 계획하면서 녹두꽃을 조금 더 알뜰하게 이용하고 싶다면  전주여행해  여행상품도 확인해보세요  기프트립에서 구매할 수 있으니 방문 전에 이용 조건을 함께    ,전주 한옥마을 맛집 콩요리 한정식 녹두꽃 여행 코스 가볼만한곳 06 전주여행해 이용 팁 전주 한옥마을 여행을 계획하면서 녹두꽃을 조금 더 알뜰하게 이용하고 싶다면  전주여행해  여행상품도 확인해보세요  기프트립에서 구매할 수 있으니 방문 전에 이용 조건을 함께    
전주 여행,332,전주 게스트하우스 한옥마을 숙소 히하호 침구 깨끗 혼자 여행 추천,https://blog.naver.com/kdia2353/224397879739,전주 게스트하우스 한옥마을 숙소 히하호게스트하우스 침구뽀송 혼자 전주여행 추천 안녕하세요  여행 인플루언서 맛있는 여행 쑤아트래블입니다  오랜만에 친한 동생들이랑 셋이서 전북 전주 여행 1박 2일    ,전주 게스트하우스 한옥마을 숙소 히하호 침구 깨끗 혼자 여행 추천 전주 게스트하우스 한옥마을 숙소 히하호게스트하우스 침구뽀송 혼자 전주여행 추천 안녕하세요  여행 인플루언서 맛있는 여행 쑤아트래블입니다  오랜만에 친한 동생들이랑 셋이서 전북 전주 여행 1박 2일    
전주 여행,333,전주 가볼만한곳 9월  한옥마을 말고 실내 코스까지 한 번에 정리,https://blog.naver.com/livingtour1108/224398048052,전주 여행 코스를 짤 때 십중팔구 한옥마을 하나만 찍고 끝내는 경우가 많은데  정작 하루를 다 써도 한옥마을 골목은 절반도 못 본다  오히려 동선을 촘촘히 짜지 않으면 점심시간 즈음엔 인파에 밀려 사진 한    ,전주 가볼만한곳 9월  한옥마을 말고 실내 코스까지 한 번에 정리 전주 여행 코스를 짤 때 십중팔구 한옥마을 하나만 찍고 끝내는 경우가 많은데  정작 하루를 다 써도 한옥마을 골목은 절반도 못 본다  오히려 동선을 촘촘히 짜지 않으면 점심시간 즈음엔 인파에 밀려 사진 한    
전주 여행,334,전주 숙소 추천 버스터미널에서 오목대 찾아가기 쉬운 뚜벅이 호텔,https://blog.naver.com/j479234/224398045748,전주 여행을 계획 중이신가요  KTX나 고속버스를 타고 전주에 잘 도착했는데  막상 오목대나 한옥마을까지 어떻게 이동해야 할지 막막한 초보 여행자분들을 위해 준비했습니다   길치라도 걱정 없습니다     ,전주 숙소 추천 버스터미널에서 오목대 찾아가기 쉬운 뚜벅이 호텔 전주 여행을 계획 중이신가요  KTX나 고속버스를 타고 전주에 잘 도착했는데  막상 오목대나 한옥마을까지 어떻게 이동해야 할지 막막한 초보 여행자분들을 위해 준비했습니다   길치라도 걱정 없습니다     
전주 여행,335,전주 뉴타운 호텔 메시 숙박 후기  한옥마을과 놀기 좋은 최적의 위    ,https://blog.naver.com/bed_and_beyond/224387971723,전주 여행에서 묵었던 전주 뉴타운 호텔 메시 덕진구 지점은 정말 완벽한 선택이었어요  객실 자체가 넓고 깨끗해서 오랜만에 컨디션 걱정 없이 편안하게 쉬다 왔네요  객실 컨디션  정말 넓고 쾌적했어요  제가    ,전주 뉴타운 호텔 메시 숙박 후기  한옥마을과 놀기 좋은 최적의 위     전주 여행에서 묵었던 전주 뉴타운 호텔 메시 덕진구 지점은 정말 완벽한 선택이었어요  객실 자체가 넓고 깨끗해서 오랜만에 컨디션 걱정 없이 편안하게 쉬다 왔네요  객실 컨디션  정말 넓고 쾌적했어요  제가    
전주 여행,336,전주 고궁 내돈내산 후기 전주 비빔밥 맛집 아이와 다녀온 솔직후    ,https://blog.naver.com/j2hye07/224397551751, 전주고궁  전주고궁내돈내산  전주비빔밥  전주비빔밥맛집  전주맛집  전주맛집추천  전주한정식  전주내돈내산  전주여행  전주여행맛집  전주아이와여행  전주가족여행,전주 고궁 내돈내산 후기 전주 비빔밥 맛집 아이와 다녀온 솔직후      전주고궁  전주고궁내돈내산  전주비빔밥  전주비빔밥맛집  전주맛집  전주맛집추천  전주한정식  전주내돈내산  전주여행  전주여행맛집  전주아이와여행  전주가족여행
전주 여행,337,파크골프로 인생2모작 전주비전대학교 평생교육원 파크골프6기 여    ,https://blog.naver.com/hee21c1004jh/224398037098,파크골프로 힐링여행 떠나요 전주비전대학교 평생교육원 파크골프 1급지도자 과정에서는 초보자도 차근차근 배울 수 있도록 이론 실기 실습 현장 라운딩을 연계해 교육하고 있습니다  최영범프로님과 함께    ,파크골프로 인생2모작 전주비전대학교 평생교육원 파크골프6기 여     파크골프로 힐링여행 떠나요 전주비전대학교 평생교육원 파크골프 1급지도자 과정에서는 초보자도 차근차근 배울 수 있도록 이론 실기 실습 현장 라운딩을 연계해 교육하고 있습니다  최영범프로님과 함께    
전주 여행,338,전주도서관여행  jeonjulibrarytravel  전주국제그림책도서전,https://blog.naver.com/illuststory_/224398036713,jeonju librarytravel  전주도서관여행  jeonjulibrarytravel  전주국제그림책도서전  jipf2026  제5회 전주국제그림책도서전 X 전주도서관여행  그림책 속으로 떠나는 낭만적인 전주 도서관 여행 10 2 금     ,전주도서관여행  jeonjulibrarytravel  전주국제그림책도서전 jeonju librarytravel  전주도서관여행  jeonjulibrarytravel  전주국제그림책도서전  jipf2026  제5회 전주국제그림책도서전 X 전주도서관여행  그림책 속으로 떠나는 낭만적인 전주 도서관 여행 10 2 금     
전주 여행,339,2026년 8월 26일 5시간 운전 후 만난 강릉 정동 심곡 바다 부채길 일출,https://blog.naver.com/mc906kde/224398035031,전주에서 강원도 정동진까지 다녀왔다 아들과 함께 일출을 보기 위해 새벽에 출발했다 5시간 안쉬고 운전해서 다녀온 정동진 일출 여행 장수에서 태어나 전주에서 살면서 정동진은 한번도 안가봤다 아들놈도    ,2026년 8월 26일 5시간 운전 후 만난 강릉 정동 심곡 바다 부채길 일출 전주에서 강원도 정동진까지 다녀왔다 아들과 함께 일출을 보기 위해 새벽에 출발했다 5시간 안쉬고 운전해서 다녀온 정동진 일출 여행 장수에서 태어나 전주에서 살면서 정동진은 한번도 안가봤다 아들놈도    
전주 여행,340,전주 덕진공원 가을 여행  한옥도서관 연못 산책과 주차 꿀팁 총정    ,https://blog.naver.com/standupandlight/224398029489,정확한 방문 전 공식 전주시 문화관광 홈페이지를 참고하시기 바랍니다   전주덕진공원  전주가을여행  한옥도서관  덕진공원주차장  전주가볼만한곳  전주산책로,전주 덕진공원 가을 여행  한옥도서관 연못 산책과 주차 꿀팁 총정     정확한 방문 전 공식 전주시 문화관광 홈페이지를 참고하시기 바랍니다   전주덕진공원  전주가을여행  한옥도서관  덕진공원주차장  전주가볼만한곳  전주산책로
전주 여행,341,전주 여행의 발걸음이 닿았던 고요한 하룻밤의 풍경,https://blog.naver.com/xccv16goz/224398027270,창문을 살짝 열어두니 선선한 바람이 불어오는데  전주 여행의 정취를 객실 안에서도 충분히 느낄 수 있어 참 만족스러웠어요  가성비 좋은 가격대를 고려한다면 이 정도의 컨디션을 누릴 수 있다는 게 참 감사한    ,전주 여행의 발걸음이 닿았던 고요한 하룻밤의 풍경 창문을 살짝 열어두니 선선한 바람이 불어오는데  전주 여행의 정취를 객실 안에서도 충분히 느낄 수 있어 참 만족스러웠어요  가성비 좋은 가격대를 고려한다면 이 정도의 컨디션을 누릴 수 있다는 게 참 감사한    
전주 여행,342,전주 여행 한옥에서 즐기는 사우나와 자쿠지      힐링 치트키 쓰    ,https://blog.naver.com/bluesky_347/224397505108,바쁜 일상에서 벗어나 온전한 쉼과 낭만을 선물하고 싶다면  이번 전주 여행 숙소로 진짜 강력 추천해 드려요오  절대 후회 없으실 거예요       각     감성숙소추천  독채한옥  국내여행지추천  힐링여행    ,전주 여행 한옥에서 즐기는 사우나와 자쿠지      힐링 치트키 쓰     바쁜 일상에서 벗어나 온전한 쉼과 낭만을 선물하고 싶다면  이번 전주 여행 숙소로 진짜 강력 추천해 드려요오  절대 후회 없으실 거예요       각     감성숙소추천  독채한옥  국내여행지추천  힐링여행    
전주 여행,343,66  19살 때부터 나는 계절이 하나였지,https://blog.naver.com/summersummary-/224398019313,오늘은 퇴사하고 가장먼저 여행간 두곳 너무 열심히 놀러다녀서 퇴직금 탕진하게 생김 이제부터 아낄라고      두명의 친구와 같이 간 전주     태어나서 일어낫는데 방전되어있는 경험 처음임 7시 기찬데    ,66  19살 때부터 나는 계절이 하나였지 오늘은 퇴사하고 가장먼저 여행간 두곳 너무 열심히 놀러다녀서 퇴직금 탕진하게 생김 이제부터 아낄라고      두명의 친구와 같이 간 전주     태어나서 일어낫는데 방전되어있는 경험 처음임 7시 기찬데    
전주 여행,344,떡갈비와 대통밥  연잎밥으로 즐긴 전주의 맛,https://blog.naver.com/japantrip007/224398006822, 전주꽃담집  꽃담집  전주맛집  전주한옥마을맛집  전주한옥마을  전주맛집추천  전주여행  전주여행코스  전주가볼만한곳  전주한정식  전주한식  전주떡갈비  전주비빔밥  대통밥  연잎밥  전주대통밥    ,떡갈비와 대통밥  연잎밥으로 즐긴 전주의 맛  전주꽃담집  꽃담집  전주맛집  전주한옥마을맛집  전주한옥마을  전주맛집추천  전주여행  전주여행코스  전주가볼만한곳  전주한정식  전주한식  전주떡갈비  전주비빔밥  대통밥  연잎밥  전주대통밥    
전주 여행,345,여름 기록 조금,https://blog.naver.com/hardyc/224397995608,8월의 크리스마스 군산 전주 여행 다녀왔는데 이게 젤 유명하대요 근데 이거 반대편에 있는 소고기무국 파는 집이 진짜 맛도리임 사진은 없어요 저는 느린 우체통이 좋아요 이유는 없어요 한복 입어봤는데 음    ,여름 기록 조금 8월의 크리스마스 군산 전주 여행 다녀왔는데 이게 젤 유명하대요 근데 이거 반대편에 있는 소고기무국 파는 집이 진짜 맛도리임 사진은 없어요 저는 느린 우체통이 좋아요 이유는 없어요 한복 입어봤는데 음    
전주 여행,346,타지 여행의 기억을 찾아 도착한 부산 전포 맛집 방문 기록,https://blog.naver.com/zecdj168/224397991204,전주 여행 시절 긴 시간을 기다려 맛보았던 메밀면의 정갈한 기억이 서면 근처를 거닐다 문득 떠올랐습니다  그때의 감동을 그대로 구현했다는 이야기를 듣고 찾아간 공간은 기대보다 더 차분하고 아늑한 정서를    ,타지 여행의 기억을 찾아 도착한 부산 전포 맛집 방문 기록 전주 여행 시절 긴 시간을 기다려 맛보았던 메밀면의 정갈한 기억이 서면 근처를 거닐다 문득 떠올랐습니다  그때의 감동을 그대로 구현했다는 이야기를 듣고 찾아간 공간은 기대보다 더 차분하고 아늑한 정서를    
전주 여행,347,전주 대가족 숙소에서 느낀 뜻밖의 편리함 이야기,https://blog.naver.com/iudaxjcpw/224396775237,전주 대가족 숙소에서 느낀 뜻밖의 편리함 이야기 전주 여행을 계획하면서 가족 모두가 함께 머물 수 있는 숙소를 찾는 일이 쉽지 않았습니다  그런데 대가족이 머물기에 적합한 공간을 경험하며 예상치 못한    ,전주 대가족 숙소에서 느낀 뜻밖의 편리함 이야기 전주 대가족 숙소에서 느낀 뜻밖의 편리함 이야기 전주 여행을 계획하면서 가족 모두가 함께 머물 수 있는 숙소를 찾는 일이 쉽지 않았습니다  그런데 대가족이 머물기에 적합한 공간을 경험하며 예상치 못한    
전주 여행,348,전주 펜션 파란하늘숲 펜션 예약 꿀팁과 실제 후기,https://blog.naver.com/gpxjz4msqug/224394636673,전주 펜션 파란하늘숲 펜션 예약 꿀팁과 실제 후기 전주 여행을 계획하면서 숙소 선택에 고민이 많았는데  파란하늘숲 펜션을 알게 되어 다녀왔답니다  이곳은 자연 속에서 편안하게 쉴 수 있는 공간으로 알려져    ,전주 펜션 파란하늘숲 펜션 예약 꿀팁과 실제 후기 전주 펜션 파란하늘숲 펜션 예약 꿀팁과 실제 후기 전주 여행을 계획하면서 숙소 선택에 고민이 많았는데  파란하늘숲 펜션을 알게 되어 다녀왔답니다  이곳은 자연 속에서 편안하게 쉴 수 있는 공간으로 알려져    
전주 여행,349,전주 가볼만한곳 한옥마을 데이트코스 전주난장 추천,https://blog.naver.com/traveler_luna/224397968462,5 500원 전주여행 하면 한옥마을  전동성당 가장 먼저 떠올리게 되는데 생각보다 비슷비슷한 상점들 뿐이라 한옥마을에 할게 없어서 좀 더 색다른 볼거리나 놀거리 없을까 하고 찾다가 발견하게 된 전주난장     ,전주 가볼만한곳 한옥마을 데이트코스 전주난장 추천 5 500원 전주여행 하면 한옥마을  전동성당 가장 먼저 떠올리게 되는데 생각보다 비슷비슷한 상점들 뿐이라 한옥마을에 할게 없어서 좀 더 색다른 볼거리나 놀거리 없을까 하고 찾다가 발견하게 된 전주난장     
전주 여행,350,전주호캉스 라한호텔 전주 한옥뷰루프탑 수영장,https://blog.naver.com/zero2024/224397967076,여름의 끝자락 어텀이네 가족은 짧은 전주 여행을 다녀왔어요  저희가 묵은 숙소는 라한호텔인데  한옥뷰 루프탑 수영장이 매력적인 곳이더라구요  오늘 포스팅은 전주 라한호텔 수영장 리뷰입니다  전북    ,전주호캉스 라한호텔 전주 한옥뷰루프탑 수영장 여름의 끝자락 어텀이네 가족은 짧은 전주 여행을 다녀왔어요  저희가 묵은 숙소는 라한호텔인데  한옥뷰 루프탑 수영장이 매력적인 곳이더라구요  오늘 포스팅은 전주 라한호텔 수영장 리뷰입니다  전북    
전주 여행,351,전주 1박 2일 여행 정리 한옥마을부터 덕진공원까지 여유롭게 즐기    ,https://blog.naver.com/zkgood/224396162210,특히  실패없는 전주여행  정석 코스 는 1박 2일 일정으로 전주의 대표 명소와 먹거리  야경을 함께 둘러보도록 구성되어 있습니다   비짓전주  이번 글에서는 전주를 처음 방문하는 분들도 참고하기 쉽도록 전주    ,전주 1박 2일 여행 정리 한옥마을부터 덕진공원까지 여유롭게 즐기     특히  실패없는 전주여행  정석 코스 는 1박 2일 일정으로 전주의 대표 명소와 먹거리  야경을 함께 둘러보도록 구성되어 있습니다   비짓전주  이번 글에서는 전주를 처음 방문하는 분들도 참고하기 쉽도록 전주    
전주 여행,352, 전주  여행에서 만난 전주 청년몰 인생이자카야 내돈내산   백수의     ,https://blog.naver.com/honeystrawberry_/224397962634,전주여행에서 남부청년몰 강추드리는 것이 좋은 식당과 카페도 많지만 아기자기 합리적으로 살 만한 좋은 기념품가게가 많더라구요  처음에는 그냥 일본가정식 집 정도로 생각했는데 막상 들어가 보니 메뉴도    , 전주  여행에서 만난 전주 청년몰 인생이자카야 내돈내산   백수의      전주여행에서 남부청년몰 강추드리는 것이 좋은 식당과 카페도 많지만 아기자기 합리적으로 살 만한 좋은 기념품가게가 많더라구요  처음에는 그냥 일본가정식 집 정도로 생각했는데 막상 들어가 보니 메뉴도    
전주 여행,353,전주여행 그리고 도자기 체험 자산도 예 분청 접시 체험,https://blog.naver.com/jasan2012/224397960755,안녕하세요  오늘은 분청 접시 체험 영상입니다  분청 박지 체험은 미리 반건조 상태로 기물을 준비해야 합니다  그래서 물레로 접시를 잘 만들어 줍니다  물레로 만든 다음날 굽을 깎아줍니다  굽을 깎고 어느    ,전주여행 그리고 도자기 체험 자산도 예 분청 접시 체험 안녕하세요  오늘은 분청 접시 체험 영상입니다  분청 박지 체험은 미리 반건조 상태로 기물을 준비해야 합니다  그래서 물레로 접시를 잘 만들어 줍니다  물레로 만든 다음날 굽을 깎아줍니다  굽을 깎고 어느    
전주 여행,354,순천만 국가정원 아이와 놀기 좋은 서문 주차장 편,https://blog.naver.com/long_potato100/224397958178,전주는 시원해서 떠났던 8월 20일 레일바이크 타고 싶다는 4살 조카와 순천 국가 정원을 아주 오랜만에 가기로 했다  봄과 가을 두 번 방문해서 많이 걸었던 순천 국가 정원  이번 여행에선 4살 조카와의    ,순천만 국가정원 아이와 놀기 좋은 서문 주차장 편 전주는 시원해서 떠났던 8월 20일 레일바이크 타고 싶다는 4살 조카와 순천 국가 정원을 아주 오랜만에 가기로 했다  봄과 가을 두 번 방문해서 많이 걸었던 순천 국가 정원  이번 여행에선 4살 조카와의    
전주 여행,355,전주 숙소 추천 아이 동반 가족 여행 체력 아껴주는 한옥마을 동선,https://blog.naver.com/hsr7352/224397952456,아동 동반이나 부모님과의 전주 여행은 많이 둘러보는 것보다  얼마나 편안하게 쉬며 즐겼는가 가 더욱 중요합니다  청연루와 전주천 등 한옥마을 곳곳의 힐링 스팟을 동선에 넣고  가족의 여행 스타일에 맞는    ,전주 숙소 추천 아이 동반 가족 여행 체력 아껴주는 한옥마을 동선 아동 동반이나 부모님과의 전주 여행은 많이 둘러보는 것보다  얼마나 편안하게 쉬며 즐겼는가 가 더욱 중요합니다  청연루와 전주천 등 한옥마을 곳곳의 힐링 스팟을 동선에 넣고  가족의 여행 스타일에 맞는    
전주 여행,356,2026년 9월 1일   다시 쓰기,https://blog.naver.com/realist100/224397951197,경주 전주 여행  아버지의 알츠하이머 치매진단  여름이 참 덥고 많은  일들이 지나갔다  매일 일기를 쓰던때에는 별일 없던 나날이  안쓰고 있던 날들에 많은 변화와 경험을 했다  무언가를 남기고 기록 하는데     ,2026년 9월 1일   다시 쓰기 경주 전주 여행  아버지의 알츠하이머 치매진단  여름이 참 덥고 많은  일들이 지나갔다  매일 일기를 쓰던때에는 별일 없던 나날이  안쓰고 있던 날들에 많은 변화와 경험을 했다  무언가를 남기고 기록 하는데     
전주 여행,357,베스트웨스턴 전주 조식 수영장 헬스장 객사 근처 호텔 이용팁,https://blog.naver.com/arum_chon/224397946461,전북 전주 여행 가볼만한곳 베스트웨스턴 전주 조식 수영장 헬스장 객사 근처 호텔 이용팁 안녕하세요    여행 인플루언서 아름촌장이에요  전주 여행 숙소를 찾는다면 객사와 한옥마을을 함께 둘러보기 좋은    ,베스트웨스턴 전주 조식 수영장 헬스장 객사 근처 호텔 이용팁 전북 전주 여행 가볼만한곳 베스트웨스턴 전주 조식 수영장 헬스장 객사 근처 호텔 이용팁 안녕하세요    여행 인플루언서 아름촌장이에요  전주 여행 숙소를 찾는다면 객사와 한옥마을을 함께 둘러보기 좋은    
전주 여행,358, 2026년 8월 여름방학 기록    부안 해뜰마루 계절 물놀이장 부안     ,https://blog.naver.com/thdus5001/224397941534,제아의 기나긴 여름방학 기록 친정 식구들과 함께한 전주 근교 여행 제아의 기나긴 여름방학 동안 다녀왔던 곳들을 하나씩 기록해보려고 해요   이번에는 친정 식구들과 함께 전주 근교 여행으로 부안과    , 2026년 8월 여름방학 기록    부안 해뜰마루 계절 물놀이장 부안      제아의 기나긴 여름방학 기록 친정 식구들과 함께한 전주 근교 여행 제아의 기나긴 여름방학 동안 다녀왔던 곳들을 하나씩 기록해보려고 해요   이번에는 친정 식구들과 함께 전주 근교 여행으로 부안과    
전주 여행,359, 전주 신시가지  옥주   전주비빔밥 맛집   김부각과 비빔밥의 조합,https://blog.naver.com/quackquack55/224397941432,전주 여행을 갔다가 추천드릴 맛집을 발견했습니다  전주가면 먹어봐야할 전주비빔밥 이지만 유명한 곳을 가면 가격이 너무 사악한데요   전주 신시가지에 위치한  옥주 는 적당한 가격대에 맛있는 전주    , 전주 신시가지  옥주   전주비빔밥 맛집   김부각과 비빔밥의 조합 전주 여행을 갔다가 추천드릴 맛집을 발견했습니다  전주가면 먹어봐야할 전주비빔밥 이지만 유명한 곳을 가면 가격이 너무 사악한데요   전주 신시가지에 위치한  옥주 는 적당한 가격대에 맛있는 전주    
전주 여행,360,전주 호텔 다빈 후기 한옥마을 중심에서 누리는 완벽한 전주 여행     ,https://blog.naver.com/night_porter/224391413976,또한  전주 지역을 더 깊이 알아볼 수 있도록 다양한 문화 체험 투어 정보도 제공받아서 좋았어요  가족 여행과 반려동물 동반까지 고려한 안락함  가성비 최고  저희 가족 구성원 모두가 만족할 만큼 청결하게    ,전주 호텔 다빈 후기 한옥마을 중심에서 누리는 완벽한 전주 여행      또한  전주 지역을 더 깊이 알아볼 수 있도록 다양한 문화 체험 투어 정보도 제공받아서 좋았어요  가족 여행과 반려동물 동반까지 고려한 안락함  가성비 최고  저희 가족 구성원 모두가 만족할 만큼 청결하게    
전주 여행,361,전주에서 건너온 메밀 향기 부산 전포 메밀소바 맛집 기록,https://blog.naver.com/oscm7zgd/224397930481,타지 여행의 기억을 되새기며 찾은 전포 카페거리의 정갈한 면 요리 한 그릇 전주 본점의 기억과 연결되는 미식 과거 전주 여행 당시 경험했던 깊은 메밀의 풍미를 이곳 부산에서 다시 마주할 수 있다는 사실은    ,전주에서 건너온 메밀 향기 부산 전포 메밀소바 맛집 기록 타지 여행의 기억을 되새기며 찾은 전포 카페거리의 정갈한 면 요리 한 그릇 전주 본점의 기억과 연결되는 미식 과거 전주 여행 당시 경험했던 깊은 메밀의 풍미를 이곳 부산에서 다시 마주할 수 있다는 사실은    
전주 여행,362,변산반도 여행 ,https://blog.naver.com/great517/224395214927,첫 변산반도 여행  시작은 휴게소 전주비빔밥고 함께 내소사를 방문했는데   스마트 불전함이라니   절도 esg 실천인가 채석강 가는길에 있는 채석강바다포차 뷰는 좋지만 솔직히 먹을게 없어 보여서 패스 밀물때    ,변산반도 여행  첫 변산반도 여행  시작은 휴게소 전주비빔밥고 함께 내소사를 방문했는데   스마트 불전함이라니   절도 esg 실천인가 채석강 가는길에 있는 채석강바다포차 뷰는 좋지만 솔직히 먹을게 없어 보여서 패스 밀물때    
전주 여행,363,일퍼센트 호스텔 이용 후기 전주 한옥마을과 객리단길 사이의 완벽    ,https://blog.naver.com/rest_archive/224383947367,전주 여행에서 머물렀던 이곳은 정말 기대 이상이었어요  체크인부터 친절하신 직원분들의 응대가 따뜻했고  특히 청결하고 깨끗하게 관리된 시설들이 마음을 편안하게 해주더라고요  체크인부터 기분 좋은    ,일퍼센트 호스텔 이용 후기 전주 한옥마을과 객리단길 사이의 완벽     전주 여행에서 머물렀던 이곳은 정말 기대 이상이었어요  체크인부터 친절하신 직원분들의 응대가 따뜻했고  특히 청결하고 깨끗하게 관리된 시설들이 마음을 편안하게 해주더라고요  체크인부터 기분 좋은    
전주 여행,364,전주호텔 신라스테이 전주 한옥마을 조식 루프트탑 수영장,https://blog.naver.com/lkhs9149/224397917507,여러분의 즐거운 전주여행을 위해 꼼꼼하게 알아볼까요  전주를 방문할 때 숙소를 결정하는 기준은 사람마다 다르지만 대부분 접근성과 청결함을 우선순위로 꼽으실 거예요 브랜드의 명성답게 깔끔하고    ,전주호텔 신라스테이 전주 한옥마을 조식 루프트탑 수영장 여러분의 즐거운 전주여행을 위해 꼼꼼하게 알아볼까요  전주를 방문할 때 숙소를 결정하는 기준은 사람마다 다르지만 대부분 접근성과 청결함을 우선순위로 꼽으실 거예요 브랜드의 명성답게 깔끔하고    
전주 여행,365,전주 풍년제과 본점 내돈내산 방문후기 l 전주 여행에서 꼭 들러볼     ,https://blog.naver.com/jjska03/224390829386,특히 여행 중 간단하게 먹을 빵을 찾거나 가족  친구에게 줄 전주 여행 선물을 고르는 분들에게도 잘 어울리는 곳이었어요  마침 큰 아들 여자친구 생일파티 소식을 갑작스레 듣게 되어 참석은 못 하지만    ,전주 풍년제과 본점 내돈내산 방문후기 l 전주 여행에서 꼭 들러볼      특히 여행 중 간단하게 먹을 빵을 찾거나 가족  친구에게 줄 전주 여행 선물을 고르는 분들에게도 잘 어울리는 곳이었어요  마침 큰 아들 여자친구 생일파티 소식을 갑작스레 듣게 되어 참석은 못 하지만    
전주 여행,366,전주 맛집   전주 대보장 후기  물짜장 탕수육 맛집   웨이팅 필수,https://blog.naver.com/wkduswldms/224397907261,전주물짜장맛집  전주탕수육  전주탕수육맛집  전주간짜장  물짜장맛집  탕수육맛집  전주현지인맛집  전주웨이팅맛집  전주주말맛집  전주여행  전주맛집추천  전주중식맛집  전주노포맛집  전주가볼만한곳,전주 맛집   전주 대보장 후기  물짜장 탕수육 맛집   웨이팅 필수 전주물짜장맛집  전주탕수육  전주탕수육맛집  전주간짜장  물짜장맛집  탕수육맛집  전주현지인맛집  전주웨이팅맛집  전주주말맛집  전주여행  전주맛집추천  전주중식맛집  전주노포맛집  전주가볼만한곳
전주 여행,367,모르는 사람들이랑 전주에서 1박 2일 여행하면 외향인인가요,https://blog.naver.com/babydog9901/224397901165,국내여행 프로그램  로컬로에서 진행하는 전주네컷      머 경주네컷도 있고 강릉네컷도 있고 제주네컷도 있댔음 검색하는데 인생네컷 네컷사진 이런것만 나오니까 후기도 찾기 힘들었다  사실 친구가 하자고    ,모르는 사람들이랑 전주에서 1박 2일 여행하면 외향인인가요 국내여행 프로그램  로컬로에서 진행하는 전주네컷      머 경주네컷도 있고 강릉네컷도 있고 제주네컷도 있댔음 검색하는데 인생네컷 네컷사진 이런것만 나오니까 후기도 찾기 힘들었다  사실 친구가 하자고    
전주 여행,368,2박 3일 담양 부안 전주 여행 일기,https://blog.naver.com/jhsoftzz/224397895892,몇개 찍고싶었는데 부탁못해서 아쉬웠음    인천 올라가기 전 전주한옥마을들려서 열심히 구경하고 또 먹어주고 갑분 전주한옥마을 오쨩사진     넘나 긴 글 힘이든다            아주 알찬 2박3일 전라도여행    ,2박 3일 담양 부안 전주 여행 일기 몇개 찍고싶었는데 부탁못해서 아쉬웠음    인천 올라가기 전 전주한옥마을들려서 열심히 구경하고 또 먹어주고 갑분 전주한옥마을 오쨩사진     넘나 긴 글 힘이든다            아주 알찬 2박3일 전라도여행    
전주 여행,369,전주 한옥마을 카카오프렌즈샵 전주여행 가볼만한 곳 추천 한복입    ,https://blog.naver.com/seul_ee328/224397895724, 전주카카오프렌즈  카카오프렌즈샵  전주카카오프렌즈샵  카카오프렌즈전주한옥마을점  전주한옥마을카카오  전주여행코스  전주여행가볼만한곳  전주한옥마을  전주한옥마을가볼만한곳  전주소품샵    ,전주 한옥마을 카카오프렌즈샵 전주여행 가볼만한 곳 추천 한복입      전주카카오프렌즈  카카오프렌즈샵  전주카카오프렌즈샵  카카오프렌즈전주한옥마을점  전주한옥마을카카오  전주여행코스  전주여행가볼만한곳  전주한옥마을  전주한옥마을가볼만한곳  전주소품샵    
전주 여행,370,대전 공주 전주 락페  여행기 1,https://blog.naver.com/prhe96/224397889288,전주가기전 마지막으로 부자떡집 알밤모찌 한입했다 움 전주 마지막 행선지이자 이번 여행의 목적이었던 전주  영화의 도시 전주 왔으니까  스파이더맨 봤다 재밌는 오락영화였지만 마블영화 더이상 챙겨보지    ,대전 공주 전주 락페  여행기 1 전주가기전 마지막으로 부자떡집 알밤모찌 한입했다 움 전주 마지막 행선지이자 이번 여행의 목적이었던 전주  영화의 도시 전주 왔으니까  스파이더맨 봤다 재밌는 오락영화였지만 마블영화 더이상 챙겨보지    
전주 여행,371,전주 여행 아늑한 한옥게스트하우스 미담,https://blog.naver.com/arppegi/224397887347,아늑한 한옥게스트 하우스 미담 전주 여행을 계획하면서 남편과 조금 특별한 곳에서 하루 묵기  호텔 대신 전주 분위기를 제대로 느낄 수 있는 한옥게스트하우스를 찾다가 미담에서 1박 너무 늦게 쓰고 있는    ,전주 여행 아늑한 한옥게스트하우스 미담 아늑한 한옥게스트 하우스 미담 전주 여행을 계획하면서 남편과 조금 특별한 곳에서 하루 묵기  호텔 대신 전주 분위기를 제대로 느낄 수 있는 한옥게스트하우스를 찾다가 미담에서 1박 너무 늦게 쓰고 있는    
전주 여행,372, 남원  광주  전주 근교 남원숙소  명지각 동관  추천  7개월 아기와     ,https://blog.naver.com/gungogumagun/224397883844,전주와 광주 근교 가볼만한 곳인 남원  남원에서 가족끼리 숙박하기 좋은 숙소인  명지각 동관 을 소개합니다  최대 6명까지 쓸 수 있는 룸이 있고  각 룸마다 거실과 방으로 분리되어 있어 가족여행 숙소로 쓰기    , 남원  광주  전주 근교 남원숙소  명지각 동관  추천  7개월 아기와      전주와 광주 근교 가볼만한 곳인 남원  남원에서 가족끼리 숙박하기 좋은 숙소인  명지각 동관 을 소개합니다  최대 6명까지 쓸 수 있는 룸이 있고  각 룸마다 거실과 방으로 분리되어 있어 가족여행 숙소로 쓰기    
전주 여행,373, 전주무인텔  힐링무인호텔 에서 스파와 캠핑까지 즐긴 후기,https://blog.naver.com/insfamworld/224397872287,인하   오늘   인즈팸  이 BBQ  스파  편안한 침구류까지 갖춘 전주 무인텔 소개해드릴게요  전주로 여행 떠난 인즈팸   전주 한옥마을 구경 신나게 하고 여행의 피로도 풀면서 감성 캠핑까지 할수 있는 숙소를    , 전주무인텔  힐링무인호텔 에서 스파와 캠핑까지 즐긴 후기 인하   오늘   인즈팸  이 BBQ  스파  편안한 침구류까지 갖춘 전주 무인텔 소개해드릴게요  전주로 여행 떠난 인즈팸   전주 한옥마을 구경 신나게 하고 여행의 피로도 풀면서 감성 캠핑까지 할수 있는 숙소를    
전주 여행,374,전주 한옥마을 맛집 해율담 분위기 좋은 고기집 에서 즐건 데이트,https://blog.naver.com/hilty74/224397871642,전북 전주시 완산구 현무1길 16 1층 2층 화요일 휴무 월  수 금 16 00 22 30 토 일 12 00 22 30 전주 한옥마을 맛집 해율담 분위기 좋은 고기집 에서 즐건 데이트 전주여행 다녀오면서 한옥마을도 둘러보고 해율담    ,전주 한옥마을 맛집 해율담 분위기 좋은 고기집 에서 즐건 데이트 전북 전주시 완산구 현무1길 16 1층 2층 화요일 휴무 월  수 금 16 00 22 30 토 일 12 00 22 30 전주 한옥마을 맛집 해율담 분위기 좋은 고기집 에서 즐건 데이트 전주여행 다녀오면서 한옥마을도 둘러보고 해율담    
전주 여행,375,전주 나들이 ft  온주가옥 ,https://blog.naver.com/syottory/224397870709,8 31 월    9 1 화  전주로 놀러가용   뽀짝이랑 가족여행 가는 날이 장날이라고 비와요 비 뚫고 도착 주차공간 2대 가능해요 예쁘죠 예쁘죠2 갑자기 우리사진 풍년제과도 주셨어요 짱짱 한 끼도 안 먹어서    ,전주 나들이 ft  온주가옥  8 31 월    9 1 화  전주로 놀러가용   뽀짝이랑 가족여행 가는 날이 장날이라고 비와요 비 뚫고 도착 주차공간 2대 가능해요 예쁘죠 예쁘죠2 갑자기 우리사진 풍년제과도 주셨어요 짱짱 한 끼도 안 먹어서    
전주 여행,376, 전주 한옥마을 여행기 2편  길거리 먹방의 성지  줄 서서 먹는 전주     ,https://blog.naver.com/pharmily/224397850776,하나씩 들고 골목을 거닐며 맛보는 한옥마을의 다채로운 간식들은 여행의 즐거움을 두 배로 채워주었습니다  전주를 여행하신다면 소개해 드린 5곳의 명물 간식들을 꼭 하나씩 도장 깨기 해보시길 권해드립니다 , 전주 한옥마을 여행기 2편  길거리 먹방의 성지  줄 서서 먹는 전주      하나씩 들고 골목을 거닐며 맛보는 한옥마을의 다채로운 간식들은 여행의 즐거움을 두 배로 채워주었습니다  전주를 여행하신다면 소개해 드린 5곳의 명물 간식들을 꼭 하나씩 도장 깨기 해보시길 권해드립니다 
전주 여행,377,전주 한옥마을 이태리얼음과자 아이스크림옥 수박그라니따와 젤라    ,https://blog.naver.com/chew_ping/224397850826,한옥마을 중심에 있는 성심여자고등학교에 다니는 여고생들은 주변에 먹을게 많아서 부럽단 생각을 하며 지나갔던 나란 먹츄핑          전주여행 중에 발견한 인생젤라또  이태리 얼음과자 아이스크림옥 이    ,전주 한옥마을 이태리얼음과자 아이스크림옥 수박그라니따와 젤라     한옥마을 중심에 있는 성심여자고등학교에 다니는 여고생들은 주변에 먹을게 많아서 부럽단 생각을 하며 지나갔던 나란 먹츄핑          전주여행 중에 발견한 인생젤라또  이태리 얼음과자 아이스크림옥 이    
전주 여행,378,전주 칼국수 로컬 맛집 금암면옥 본점,https://blog.naver.com/wngus0206/224397847905,잇하요오 오늘은 전주여행때 갔던  전주칼국수맛집 뭐   베테랑   도 잇고 뭐 많은데 여기 찐 로컬 맛집 영업시간 09 30   21 00 주차가능 환영주차장 1시간  무료  글고 여기가 위치가 조은게 버스터미널이랑    ,전주 칼국수 로컬 맛집 금암면옥 본점 잇하요오 오늘은 전주여행때 갔던  전주칼국수맛집 뭐   베테랑   도 잇고 뭐 많은데 여기 찐 로컬 맛집 영업시간 09 30   21 00 주차가능 환영주차장 1시간  무료  글고 여기가 위치가 조은게 버스터미널이랑    
전주 여행,379,3  ,https://blog.naver.com/qpqp1130/224397846424,03 01   03 02 승후니 만나서 미진 조지깅  근데 이날 좀 애매한 맛이었음   걍 구이만 먹고 2차 감 2차로는 전주 여행때 맛있게 먹었던 이자카야 갔당        햄토리였나 숯토리였나 이름 까먹음       ,3   03 01   03 02 승후니 만나서 미진 조지깅  근데 이날 좀 애매한 맛이었음   걍 구이만 먹고 2차 감 2차로는 전주 여행때 맛있게 먹었던 이자카야 갔당        햄토리였나 숯토리였나 이름 까먹음       
전주 여행,380, 전주 한옥마을 여행기 1편  고즈넉한 돌담길부터 핫플 맛집 이색     ,https://blog.naver.com/pharmily/224397843330,전통 한옥의 고즈넉한 정취와 트렌디한 K 디저트  이색 체험이 한데 어우러진 대한민국 대표 여행지 전주 한옥마을의 골목 투어 후기입니다  활기 넘치는 거리 풍경과 곳곳에 숨은 핫플레이스 매장 정보  그리고    , 전주 한옥마을 여행기 1편  고즈넉한 돌담길부터 핫플 맛집 이색      전통 한옥의 고즈넉한 정취와 트렌디한 K 디저트  이색 체험이 한데 어우러진 대한민국 대표 여행지 전주 한옥마을의 골목 투어 후기입니다  활기 넘치는 거리 풍경과 곳곳에 숨은 핫플레이스 매장 정보  그리고    
전주 여행,381,전주 아이와 가볼만한곳 BEST 5  후기 평점 좋은 가족여행 추천 실내     ,https://blog.naver.com/mu_jik_man/224397653018,국립전주박물관 아이와 함께하는 전주 여행에서 비 오는 날이나 무더운 날을 대비하고 싶다면 추천드립니다  현재 평점은 4 4점  리뷰 1 523건으로 박물관 중에서는 후기도 충분히 쌓여 있습니다  특히 일반    ,전주 아이와 가볼만한곳 BEST 5  후기 평점 좋은 가족여행 추천 실내      국립전주박물관 아이와 함께하는 전주 여행에서 비 오는 날이나 무더운 날을 대비하고 싶다면 추천드립니다  현재 평점은 4 4점  리뷰 1 523건으로 박물관 중에서는 후기도 충분히 쌓여 있습니다  특히 일반    
전주 여행,382,전북 완주 물놀이 동상계곡 평상대여 추천 명지목산장,https://blog.naver.com/ssjmorning/224397838723,안녕하세요 여행블로거 치콤입니다 여름이면 시원한 피서 가고 싶잖아요 저도 올 여름 더위 피할 곳 찾다가 완주 동상계곡에 다녀왔어요 계곡은 개골개골님 유튜버에 소개되었던 전주  대전 근교 물 맑고    ,전북 완주 물놀이 동상계곡 평상대여 추천 명지목산장 안녕하세요 여행블로거 치콤입니다 여름이면 시원한 피서 가고 싶잖아요 저도 올 여름 더위 피할 곳 찾다가 완주 동상계곡에 다녀왔어요 계곡은 개골개골님 유튜버에 소개되었던 전주  대전 근교 물 맑고    
전주 여행,383,48  충북 옥천   전부 비사벌 생막걸리,https://blog.naver.com/maktam92/224397838971, 막걸리  탐험가  막탐  전국  막걸리탐험  충북  옥천  전주  비사벌  생막걸리  취미  여행  소고기  와규  꽃갈비살  구이 전주 비사벌 생막걸리 전주 비사벌 생막걸리   제품명   전주 비사벌 생막걸리   지역    ,48  충북 옥천   전부 비사벌 생막걸리  막걸리  탐험가  막탐  전국  막걸리탐험  충북  옥천  전주  비사벌  생막걸리  취미  여행  소고기  와규  꽃갈비살  구이 전주 비사벌 생막걸리 전주 비사벌 생막걸리   제품명   전주 비사벌 생막걸리   지역    
전주 여행,384,전주 숙소 한옥마을 게스트하우스 전주한옥마당 재방문,https://blog.naver.com/trip_ayeonny/224397830746,소망방은 2인이 머물기 여유로웠고 최대 3인까지 이용할 수 있는 객실이라 커플이나 친구들과 전주여행을 즐기기 딱 좋았어요   벽면이나 옷걸이 등 곳곳에서도 전통 감성이 듬뿍 느껴지는 요소들을 볼 수    ,전주 숙소 한옥마을 게스트하우스 전주한옥마당 재방문 소망방은 2인이 머물기 여유로웠고 최대 3인까지 이용할 수 있는 객실이라 커플이나 친구들과 전주여행을 즐기기 딱 좋았어요   벽면이나 옷걸이 등 곳곳에서도 전통 감성이 듬뿍 느껴지는 요소들을 볼 수    
전주 여행,385, 전북 전주  데이트코스 추천 스마일다이닝  전주 파스타 맛집 추천     ,https://blog.naver.com/ondubuon/224397831194,안녕하세요 온두부에요 전주여행 중 만난 미국 어느 레스토랑이 생각나는 멋진 공간에서 근사한 데이트를 한 스마일다이닝 후기에요 이미 전주 파스타 맛집으로 유명한 곳이였는데요 스마일다이닝  전북    , 전북 전주  데이트코스 추천 스마일다이닝  전주 파스타 맛집 추천      안녕하세요 온두부에요 전주여행 중 만난 미국 어느 레스토랑이 생각나는 멋진 공간에서 근사한 데이트를 한 스마일다이닝 후기에요 이미 전주 파스타 맛집으로 유명한 곳이였는데요 스마일다이닝  전북    
전주 여행,386, 전주 맛집  뉴욕타임스가 극찬한 전주 막걸리 한상의 원조   옛촌막    ,https://blog.naver.com/pharmily/224397830294,전주 여행의 밤을 풍성하게 장식하는 최고의 미식 문화  주전자와 함께 푸짐한 안주가 쏟아져 나오는  옛촌막걸리 에 다녀왔습니다  전주 서신동 본점에서 시작해 뉴욕타임스까지 매료시킨 옛촌막걸리의    , 전주 맛집  뉴욕타임스가 극찬한 전주 막걸리 한상의 원조   옛촌막     전주 여행의 밤을 풍성하게 장식하는 최고의 미식 문화  주전자와 함께 푸짐한 안주가 쏟아져 나오는  옛촌막걸리 에 다녀왔습니다  전주 서신동 본점에서 시작해 뉴욕타임스까지 매료시킨 옛촌막걸리의    
전주 여행,387, 전주  위치  감성 다 가진 전북대 주변 에어비앤비 독채 숙소   그    ,https://blog.naver.com/uuoahey/224397825966,전주 여행 오는 사람들이라면 한옥마을  객사  신시가지 등 다 가까운 편이라 편하고 좋을 것 같았다 사실 감성있게 인테리어 한 구축 느낌일 줄 알았는데 아니 요       전혀 들어가자마자 보이는 큰 부엌 우드    , 전주  위치  감성 다 가진 전북대 주변 에어비앤비 독채 숙소   그     전주 여행 오는 사람들이라면 한옥마을  객사  신시가지 등 다 가까운 편이라 편하고 좋을 것 같았다 사실 감성있게 인테리어 한 구축 느낌일 줄 알았는데 아니 요       전혀 들어가자마자 보이는 큰 부엌 우드    
전주 여행,388,내돈내산 전주한옥마을가성비맛집 한울밥상,https://blog.naver.com/munhui1106/224397823597,  1인에 3만원은 그냥 나옴 이번 여행은 가성비가 컨셉이라 써치하다가 전주한옥마을 물가 잡으러 온 한울밥상 발견    가성비 좋고 반찬들도 다양하게 맛있었어요 갔더니 아이 데리고 온 테이블 엄청 많음    ,내돈내산 전주한옥마을가성비맛집 한울밥상   1인에 3만원은 그냥 나옴 이번 여행은 가성비가 컨셉이라 써치하다가 전주한옥마을 물가 잡으러 온 한울밥상 발견    가성비 좋고 반찬들도 다양하게 맛있었어요 갔더니 아이 데리고 온 테이블 엄청 많음    
전주 여행,389,전주한옥마을 청연루 방문 후기   남천교에서 쉬고 999번 트롤리버스    ,https://blog.naver.com/laravel-kimtakgu/224397810029,여름 전주 여행에서는 오목대 정자나 청연루처럼 잠시 앉아 쉴 수 있는 전통 누각을 하나쯤 동선에 넣어두는 것도 괜찮습니다  한벽터널은 반대편 동선으로 이어진다  남천교에서 전주천을 바라보면 한옥마을    ,전주한옥마을 청연루 방문 후기   남천교에서 쉬고 999번 트롤리버스     여름 전주 여행에서는 오목대 정자나 청연루처럼 잠시 앉아 쉴 수 있는 전통 누각을 하나쯤 동선에 넣어두는 것도 괜찮습니다  한벽터널은 반대편 동선으로 이어진다  남천교에서 전주천을 바라보면 한옥마을    
전주 여행,390,전주한옥마을 라한호텔전주 신라스테이전주 가성비숙소비교,https://blog.naver.com/rbfl2014/224397808056,그날 요금 남은 방 보면서 마음 가는 쪽으로 담으시면 됩니다   전주여행  전주한옥마을  전주숙소추천  라한호텔전주  신라스테이전주  전주호텔  한옥마을숙소  전주호캉스  전주가볼만한곳  숙소비교,전주한옥마을 라한호텔전주 신라스테이전주 가성비숙소비교 그날 요금 남은 방 보면서 마음 가는 쪽으로 담으시면 됩니다   전주여행  전주한옥마을  전주숙소추천  라한호텔전주  신라스테이전주  전주호텔  한옥마을숙소  전주호캉스  전주가볼만한곳  숙소비교
전주 여행,391,전주한옥마을 근처 가볼만한곳   치명자산성지 평화의전당과 샬롬    ,https://blog.naver.com/hexagram49/224397805824,전주여행을 오면 전주한옥마을에 많은 분들이 가시죠  그 전주천 줄기와 산자락을 따라 남쪽으로 조금 가다 보면  조선시대 천주교 박해로 인한 순교를 기리는 치명자산이 있고  평화의 전당이란 곳이 있습니다     ,전주한옥마을 근처 가볼만한곳   치명자산성지 평화의전당과 샬롬     전주여행을 오면 전주한옥마을에 많은 분들이 가시죠  그 전주천 줄기와 산자락을 따라 남쪽으로 조금 가다 보면  조선시대 천주교 박해로 인한 순교를 기리는 치명자산이 있고  평화의 전당이란 곳이 있습니다     
전주 여행,392,군산 전주 2박 3일 여행 계획 아이의 한마디로 시작된 가족여행,https://blog.naver.com/feelfairy/224397799165,전주 한옥마을 한옥이 이어지는 골목 풍경 3일차 전주 여행 후 귀가 마지막 날에는 전주 한옥마을 주변을 조금 더 둘러본 뒤 점심을 먹고 집으로 돌아오는 일정  당시에는 전주에서 바이크를 대여해    ,군산 전주 2박 3일 여행 계획 아이의 한마디로 시작된 가족여행 전주 한옥마을 한옥이 이어지는 골목 풍경 3일차 전주 여행 후 귀가 마지막 날에는 전주 한옥마을 주변을 조금 더 둘러본 뒤 점심을 먹고 집으로 돌아오는 일정  당시에는 전주에서 바이크를 대여해    
전주 여행,393,라한호텔 전주 북카페전주산책  책 커피 굿즈 판매샵,https://tongilpig.tistory.com/1282,후기 전주여행에서 숙소만큼 중요하게 생각했던 것이 바로 조식이였습니다  호텔에서 조식을 먹을 기회가 많지 않기 때문입니다  tongilpig tistory com 6  총평 및 요약 전주산책은 단순한 카페가 아닌 책과 커피    ,라한호텔 전주 북카페전주산책  책 커피 굿즈 판매샵 후기 전주여행에서 숙소만큼 중요하게 생각했던 것이 바로 조식이였습니다  호텔에서 조식을 먹을 기회가 많지 않기 때문입니다  tongilpig tistory com 6  총평 및 요약 전주산책은 단순한 카페가 아닌 책과 커피    
전주 여행,394,먹자,https://blog.naver.com/gktnals77/224397782884,가족여행을 다녀왔습니다 이번 가족여행 테마는 먹방투어 오직 먹기위해 떠나는 여행 우선 전주에 감 휴게소 가는 모습 너무 졸려서 4시간 반 이동하는데 4시간 자다가 30분 화장함 그래서 생얼에 타기싫어서    ,먹자 가족여행을 다녀왔습니다 이번 가족여행 테마는 먹방투어 오직 먹기위해 떠나는 여행 우선 전주에 감 휴게소 가는 모습 너무 졸려서 4시간 반 이동하는데 4시간 자다가 30분 화장함 그래서 생얼에 타기싫어서    
전주 여행,395,전주 여행 추천 힐링 스팟 책방기지의 따뜻함이 가득한 곳 책보책방,https://blog.naver.com/tldms502/224397782319,전주 여행 중 가장 만족스러운 시간이었어요  그리고 귀여운 댕댕이와 함께 하는 이 공간     너무도 사랑하지 않을 수가 없다   이렇게 시원한 물과 커피  차 등도 편하게 마실 수 있어요 정수기에는    ,전주 여행 추천 힐링 스팟 책방기지의 따뜻함이 가득한 곳 책보책방 전주 여행 중 가장 만족스러운 시간이었어요  그리고 귀여운 댕댕이와 함께 하는 이 공간     너무도 사랑하지 않을 수가 없다   이렇게 시원한 물과 커피  차 등도 편하게 마실 수 있어요 정수기에는    
전주 여행,396,  전주 여행   전주여행기록 2탄,https://blog.naver.com/yeneelog_/224397776357,오늘은 전주여행 2탄 들구왔습니댜 으캬컁 전주하면 한옥이 주로 떠오르시죵 저희는 특별하게 전주에서 계곡으로도 놀러갔습니다 가평이나 강원도 여행에서는 빠지면 섭섭한 액티비티인데 전주에서도    ,  전주 여행   전주여행기록 2탄 오늘은 전주여행 2탄 들구왔습니댜 으캬컁 전주하면 한옥이 주로 떠오르시죵 저희는 특별하게 전주에서 계곡으로도 놀러갔습니다 가평이나 강원도 여행에서는 빠지면 섭섭한 액티비티인데 전주에서도    
전주 여행,397, 2025타경956  전북 전주시 완산구 효자동3가 1017   전주근린시설경매  ,https://blog.naver.com/ksanchoi/224397772944,무전여행을 하면서 제주를 구경했던 옛 추억이 생각나곤 합니다  이번에는 의사로서 제주 생활      아담 스미드 Smith  A   사건번호   2025 타경 956  전주지방법원  사건번호를 말씀해 주시면 빠른    , 2025타경956  전북 전주시 완산구 효자동3가 1017   전주근린시설경매   무전여행을 하면서 제주를 구경했던 옛 추억이 생각나곤 합니다  이번에는 의사로서 제주 생활      아담 스미드 Smith  A   사건번호   2025 타경 956  전주지방법원  사건번호를 말씀해 주시면 빠른    
전주 여행,398,전주 여행 와서 필수 코스로 먹어야하는 가족회관의 전주 비빔밥 지    ,https://blog.naver.com/lionkim_8739/224397763719,저는 전주여행 가면 이 음식은 꼭 먹고 와야한다고 생각하거든요   바로 전주 비빔밥이에요  근데 전주에서는 전주 비빔밥이 유명해서 가게가 굉장히 많은데  어디로 가서 먹어야할지 고민하고 계신 분들을    ,전주 여행 와서 필수 코스로 먹어야하는 가족회관의 전주 비빔밥 지     저는 전주여행 가면 이 음식은 꼭 먹고 와야한다고 생각하거든요   바로 전주 비빔밥이에요  근데 전주에서는 전주 비빔밥이 유명해서 가게가 굉장히 많은데  어디로 가서 먹어야할지 고민하고 계신 분들을    
전주 여행,399,숯불 금빛한우 전주 맛집 한우 추천 갈비살 안창살 전주여행,https://blog.naver.com/myoru_a/224397748134,기름졌던게 또 싸악 내려갑니다 진짜 마싯게 먹었음 전주 맛집 한우  전주 맛집 회식 전주 아중리 맛집 찾으시는 분들이나 저희처럼 짧게 전주여행 가셔서 맛집 찾으시는 분들께 완전 추천드리는  숯불    ,숯불 금빛한우 전주 맛집 한우 추천 갈비살 안창살 전주여행 기름졌던게 또 싸악 내려갑니다 진짜 마싯게 먹었음 전주 맛집 한우  전주 맛집 회식 전주 아중리 맛집 찾으시는 분들이나 저희처럼 짧게 전주여행 가셔서 맛집 찾으시는 분들께 완전 추천드리는  숯불    
전주 여행,400, 전주여행 연꽃 지고 찾아온 가을의 로망  덕진공원   연화정도서관     ,https://blog.naver.com/nspring2/224397728248,   도움이 되셨다면 공감  댓글 부탁드려요  전주여행  전주가볼만한곳  덕진공원  전주덕진공원  연화정도서관  한옥도서관  이색도서관  전주인생샷  가을여행  전주산책코스  봄이가는길, 전주여행 연꽃 지고 찾아온 가을의 로망  덕진공원   연화정도서관         도움이 되셨다면 공감  댓글 부탁드려요  전주여행  전주가볼만한곳  덕진공원  전주덕진공원  연화정도서관  한옥도서관  이색도서관  전주인생샷  가을여행  전주산책코스  봄이가는길
전주 여행,401,엄청많이  비오는 전주여행  ,https://blog.naver.com/gaeeeeeeeeeeul/224397726325,하       결제하고 카드 뽑지도 않고 광주까지 돌아갔오                 진짜 완벽하다 찢었다고  그리고 아직 너네를 못 잊었어           안녕찐빵아  전주 여행 끗        ,엄청많이  비오는 전주여행   하       결제하고 카드 뽑지도 않고 광주까지 돌아갔오                 진짜 완벽하다 찢었다고  그리고 아직 너네를 못 잊었어           안녕찐빵아  전주 여행 끗        
전주 여행,402,전주 호텔 추천 한옥마을 전망을 즐기기 좋은 위치 좋은 숙소,https://blog.naver.com/stylistsoolin/224397726105,풍남헌 고택 객실 요금 및 예약 정보 확인하기 전주 여행의 만족도를 높여줄 맞춤형 숙소 선택하기 지금까지 세련된 비즈니스 호텔부터 최근 리뉴얼을 마친 스마트 숙소  전망 좋은 대형 호 ,전주 호텔 추천 한옥마을 전망을 즐기기 좋은 위치 좋은 숙소 풍남헌 고택 객실 요금 및 예약 정보 확인하기 전주 여행의 만족도를 높여줄 맞춤형 숙소 선택하기 지금까지 세련된 비즈니스 호텔부터 최근 리뉴얼을 마친 스마트 숙소  전망 좋은 대형 호 
전주 여행,403,전주 가볼만한곳 9월  덕진공원 연화정도서관 주차 여행 코스,https://blog.naver.com/ddaeji_life/224397724640,전주 여행을 다니면서 의외로 좋았던 곳이 있었어요  바로 전주덕진공원인데요  호수를 따라 걷는 산책코스도 좋고 공원 안의 연화정도서관도 무료로 이용 가능해요  선선해지는 가을에 방문하면 딱인 전주    ,전주 가볼만한곳 9월  덕진공원 연화정도서관 주차 여행 코스 전주 여행을 다니면서 의외로 좋았던 곳이 있었어요  바로 전주덕진공원인데요  호수를 따라 걷는 산책코스도 좋고 공원 안의 연화정도서관도 무료로 이용 가능해요  선선해지는 가을에 방문하면 딱인 전주    
전주 여행,404,전주 풍년제과 본점 초코파이 내돈내산 구매 솔직후기  ,https://blog.naver.com/lyjb830/224397708614,안녕하세요   진리쓰입니다 생일을 맞이해서 전주여행을 다녀왔는데요  안가면 섭섭한 전주 풍년제과 본점 방문해봤어요   전주 풍년제과 본점 OPEN 08 00 LAST ORDER 21 00 CLOSE 22 00 위치는 전주한옥마을에서    ,전주 풍년제과 본점 초코파이 내돈내산 구매 솔직후기   안녕하세요   진리쓰입니다 생일을 맞이해서 전주여행을 다녀왔는데요  안가면 섭섭한 전주 풍년제과 본점 방문해봤어요   전주 풍년제과 본점 OPEN 08 00 LAST ORDER 21 00 CLOSE 22 00 위치는 전주한옥마을에서    
전주 여행,405,전주 가볼만한곳 여행 코스 추천 놀거리 Best5,https://blog.naver.com/rdal89/224397395520,전통 건축을 살펴보는 재미도 있고 먹거리까지 함께 즐길 수 있어 처음 전주를 찾는 사람에게 여행 코스로 추천하기 좋다  날씨가 괜찮다면 오목대 쪽으로 올라가 보는 것도 좋다  높은 곳에서 한옥 지붕이    ,전주 가볼만한곳 여행 코스 추천 놀거리 Best5 전통 건축을 살펴보는 재미도 있고 먹거리까지 함께 즐길 수 있어 처음 전주를 찾는 사람에게 여행 코스로 추천하기 좋다  날씨가 괜찮다면 오목대 쪽으로 올라가 보는 것도 좋다  높은 곳에서 한옥 지붕이    
전주 여행,406,전주 국수맛집 현지인 추천 우리국수잘하는집 전주효자동본점  콩    ,https://blog.naver.com/5dol_5soon/224397707859,전주 국수맛집 현지인 추천 우리국수잘하는집 전주효자동본점 글  사진    여행하는 캔따개 비가 억수로 내리는 날 맛있는 국수를 먹기 위해서 전주대 구정문 근처에 위치한 우리국수잘하는집    ,전주 국수맛집 현지인 추천 우리국수잘하는집 전주효자동본점  콩     전주 국수맛집 현지인 추천 우리국수잘하는집 전주효자동본점 글  사진    여행하는 캔따개 비가 억수로 내리는 날 맛있는 국수를 먹기 위해서 전주대 구정문 근처에 위치한 우리국수잘하는집    
전주 여행,407,전주 한옥마을 먹거리 추천  오방산적    전주 여행 가볼만한 곳,https://blog.naver.com/hinoka77/224397700371,오늘은 전주 여행의 하이라이트  전주 한옥마을 먹거리 투어 중 발견한 아주 매력적인 꼬치구이 전문점을 소개해 드리려고 해요  한옥마을 골목을 거닐다 보면 유독 버터 향과 고소한 고기 냄새가 진하게    ,전주 한옥마을 먹거리 추천  오방산적    전주 여행 가볼만한 곳 오늘은 전주 여행의 하이라이트  전주 한옥마을 먹거리 투어 중 발견한 아주 매력적인 꼬치구이 전문점을 소개해 드리려고 해요  한옥마을 골목을 거닐다 보면 유독 버터 향과 고소한 고기 냄새가 진하게    
전주 여행,408,전주 한옥마을 달당 생과일 찹쌀떡 과일모찌 한정선 안가도 되는 이    ,https://blog.naver.com/lllpainll/224397697609,외 전주여행자들에게 갈 만한 카페 맛집도 궁금하시다면  한옥마을에서 도보 이동 가능한 곳 몇군데 추천해볼께요 1 한옥마을 카페 1938 귀여운 강아지도 있던 밀크티 맛집 2  광주에서 넘어온 디저트 맛집    ,전주 한옥마을 달당 생과일 찹쌀떡 과일모찌 한정선 안가도 되는 이     외 전주여행자들에게 갈 만한 카페 맛집도 궁금하시다면  한옥마을에서 도보 이동 가능한 곳 몇군데 추천해볼께요 1 한옥마을 카페 1938 귀여운 강아지도 있던 밀크티 맛집 2  광주에서 넘어온 디저트 맛집    
전주 여행,409,전주 가볼만한곳    숲  시  낭만이 있는  학산숲속시집도서관 후기,https://blog.naver.com/nobijangssi/224397693352,발길따라 가는 P의 여행을 즐기던 어느 주말  오래전부터 궁금했던 숲속 도서관을 가보았다  기대보다 더 좋아서 남겨보는 후기 말 그대로 숲 속에 위치한 곳 카페 그리너리와 도서관 방향 화살표를 따라가면    ,전주 가볼만한곳    숲  시  낭만이 있는  학산숲속시집도서관 후기 발길따라 가는 P의 여행을 즐기던 어느 주말  오래전부터 궁금했던 숲속 도서관을 가보았다  기대보다 더 좋아서 남겨보는 후기 말 그대로 숲 속에 위치한 곳 카페 그리너리와 도서관 방향 화살표를 따라가면    
전주 여행,410,전현무도 극찬한 전주 찐맛집  백김치새싹막회 본점 내돈내산 솔직     ,https://blog.naver.com/nohhof01/224397689709,오늘은 전주 여행이나 현지인 외식 코스로 절대 빠질 수 없는 유명 맛집   백김치새싹막회  방문 후기를 가져왔습니다  방송  전현무계획 에도 소개되면서 더욱 핫해진 이곳은 흔한 횟집과 달리 두툼하게    ,전현무도 극찬한 전주 찐맛집  백김치새싹막회 본점 내돈내산 솔직      오늘은 전주 여행이나 현지인 외식 코스로 절대 빠질 수 없는 유명 맛집   백김치새싹막회  방문 후기를 가져왔습니다  방송  전현무계획 에도 소개되면서 더욱 핫해진 이곳은 흔한 횟집과 달리 두툼하게    
전주 여행,411, 충남 보령  보령 맛집 전주순대국밥 전주식 순대국밥 전문점    피    ,https://blog.naver.com/jjunming/224397688452,여행의 목적은 바다도   관광도 아닌 전주순대국밥을 먹으러 였답니다       영업시간은 10 00 15 00 10시 오픈인데 오픈전부터 가서 기다리고 있었어요    매일 직접 만든 수제 피순대는 재료가 일찍    , 충남 보령  보령 맛집 전주순대국밥 전주식 순대국밥 전문점    피     여행의 목적은 바다도   관광도 아닌 전주순대국밥을 먹으러 였답니다       영업시간은 10 00 15 00 10시 오픈인데 오픈전부터 가서 기다리고 있었어요    매일 직접 만든 수제 피순대는 재료가 일찍    
전주 여행,412,2026 전주여행 1박2일  전주이화고택  전주 한옥마을 가성비 숙소 조    ,https://blog.naver.com/bbokyung_01/224397681973,8월 말에 떠난 첫 전주여행    고즈넉하게 즐기고 싶어서 다녀온 전주    이번에 묵은 숙소는 전주  이화고택  숙소 조식이 제공되는 숙소를 찾다가 발견한  이화고택  숙소 무려 무료 조식 제공이라는 점이    ,2026 전주여행 1박2일  전주이화고택  전주 한옥마을 가성비 숙소 조     8월 말에 떠난 첫 전주여행    고즈넉하게 즐기고 싶어서 다녀온 전주    이번에 묵은 숙소는 전주  이화고택  숙소 조식이 제공되는 숙소를 찾다가 발견한  이화고택  숙소 무려 무료 조식 제공이라는 점이    
전주 여행,413,전주 금암동 카페 금암커피   전북대 근처 가성비에 분위기까지 좋    ,https://blog.naver.com/lgn8632/224397678091,전주금암동카페  금암동카페  금암커피  전북대카페  전북대근처카페  전북대카페추천  전주가성비카페  전주가성비좋은카페  전주커피  전주디저트카페  전주시외버스터미널카페  전주여행  전주여행코스,전주 금암동 카페 금암커피   전북대 근처 가성비에 분위기까지 좋     전주금암동카페  금암동카페  금암커피  전북대카페  전북대근처카페  전북대카페추천  전주가성비카페  전주가성비좋은카페  전주커피  전주디저트카페  전주시외버스터미널카페  전주여행  전주여행코스
전주 여행,414,전주 숙소 추천 한옥마을 뷰부터 스마트 서비스까지 조건별 비교,https://blog.naver.com/stevefox11/224397671179,완벽한 전주 여행을 즐기려면 한옥마을과의 접근성  객실의 쾌적함  그리고 조식이나 주차 등 부대시설의 편리함을 꼼꼼하게 확인하여 숙소를 선택하는 것이 좋습니다  본 글에서는 여행 스타일과 동선에    ,전주 숙소 추천 한옥마을 뷰부터 스마트 서비스까지 조건별 비교 완벽한 전주 여행을 즐기려면 한옥마을과의 접근성  객실의 쾌적함  그리고 조식이나 주차 등 부대시설의 편리함을 꼼꼼하게 확인하여 숙소를 선택하는 것이 좋습니다  본 글에서는 여행 스타일과 동선에    
전주 여행,415, 전주 여행  경기전이 시원하게 보이는 카페    마시랑게,https://blog.naver.com/lauren_hi/224397670257,저 전주여행 왔어요       얼마만에 온 전주인지  일부러 한옥마을 안에다 숙소도 잡았어요 분위기를 최대한 만끽하고 돌아갈 예정     더운 여름 야외만 있다보니 지친 가족들과 함께 경기전 바로 근처에    , 전주 여행  경기전이 시원하게 보이는 카페    마시랑게 저 전주여행 왔어요       얼마만에 온 전주인지  일부러 한옥마을 안에다 숙소도 잡았어요 분위기를 최대한 만끽하고 돌아갈 예정     더운 여름 야외만 있다보니 지친 가족들과 함께 경기전 바로 근처에    
전주 여행,416,전주 여행 코스 추천 전주 경기전 전동성당 전주한옥마을 가볼만한    ,https://blog.naver.com/fantapixx/224397669608,전주한옥마을 카페 전망 전주여행코스의 마지막은 전주한옥마을을 높은 곳에서 한눈에 바라볼 수 있는 카페 전망입니다  제가 전주에 갈 때마다 종종 방문하는 곳인데요  이번 여행에서도 유지와 함께    ,전주 여행 코스 추천 전주 경기전 전동성당 전주한옥마을 가볼만한     전주한옥마을 카페 전망 전주여행코스의 마지막은 전주한옥마을을 높은 곳에서 한눈에 바라볼 수 있는 카페 전망입니다  제가 전주에 갈 때마다 종종 방문하는 곳인데요  이번 여행에서도 유지와 함께    
전주 여행,417,카시오 엑슬림 ex z1050 르세라핌 홍은채 디카 작례,https://blog.naver.com/bo_zero-/224397667135,쿨픽스 작례에도 있던 최애 냥이 이때는 아주 슬림 함 엄마랑 갔던 전주 여행 전주 난장 너무 즐겁게 봤어용 전주 여행 마지막 날 힘들어서 아무데나 들어갔는데 넘 귀엽고 맛있었던 기억이 나용 가챠로    ,카시오 엑슬림 ex z1050 르세라핌 홍은채 디카 작례 쿨픽스 작례에도 있던 최애 냥이 이때는 아주 슬림 함 엄마랑 갔던 전주 여행 전주 난장 너무 즐겁게 봤어용 전주 여행 마지막 날 힘들어서 아무데나 들어갔는데 넘 귀엽고 맛있었던 기억이 나용 가챠로    
전주 여행,418,그릴링서비스와 단체석이 있어 회식장소와 가족식사장소로 좋은 효    ,https://blog.naver.com/ed2337/224397655946,맛과 감성 최고의 서비스를 갖춘 고기집을 찾고 계신다면 전주에서 제주를 맛볼 수 있으며 제주여행을 온듯한 감성에 단체석까지 갖추고 있어 단체회식이나 가족식사장소로 좋으며 질좋은 고기를    ,그릴링서비스와 단체석이 있어 회식장소와 가족식사장소로 좋은 효     맛과 감성 최고의 서비스를 갖춘 고기집을 찾고 계신다면 전주에서 제주를 맛볼 수 있으며 제주여행을 온듯한 감성에 단체석까지 갖추고 있어 단체회식이나 가족식사장소로 좋으며 질좋은 고기를    
전주 여행,419, 전주 한옥마을 숙소  아늑하고 정성 가득한 한옥 게스트하우스  이    ,https://blog.naver.com/libra_531/224393099428,전주 여행에서 깨끗하고 아늑한 한옥 숙소를 찾으신다면   이재 를 강력 추천합니다   전주여행  전주한옥마을숙소  전주게스트하우스  전주한옥숙소  전주이재  게스트하우스이재  전주숙소추천  전주감성숙소, 전주 한옥마을 숙소  아늑하고 정성 가득한 한옥 게스트하우스  이     전주 여행에서 깨끗하고 아늑한 한옥 숙소를 찾으신다면   이재 를 강력 추천합니다   전주여행  전주한옥마을숙소  전주게스트하우스  전주한옥숙소  전주이재  게스트하우스이재  전주숙소추천  전주감성숙소
전주 여행,420,전주 완주 가을 숙소 추천 한옥 고택에서 쉬는 1박 2일 감성여행,https://blog.naver.com/aweee_-/224397648755,전주 한옥 숙박과 완주 숙박은 여행 목적이 완전히 다릅니다 숙박 유형 장점 추천 대상 식사 관광 주의점 전주한옥마을 한옥 야간 아침 산책 첫 전주여행 연인 비빔밥 콩나물국밥 주차 방음 확인 전주 도심    ,전주 완주 가을 숙소 추천 한옥 고택에서 쉬는 1박 2일 감성여행 전주 한옥 숙박과 완주 숙박은 여행 목적이 완전히 다릅니다 숙박 유형 장점 추천 대상 식사 관광 주의점 전주한옥마을 한옥 야간 아침 산책 첫 전주여행 연인 비빔밥 콩나물국밥 주차 방음 확인 전주 도심    
전주 여행,421,전주 소금빵 맛집 시오베이커리 다양한 소금빵 전주 빵지순례 강력    ,https://blog.naver.com/sjh920519/224397647874,여행 맛집 핫플을 좋아하는 여행인플루언서 전주달봉이입니다  오늘은 오랜만에 맛있는 빵을 포장해서 집에서 즐겨봤는데요  요즘 전주에서도 소금빵을 전문으로 하는 베이커리들이 하나둘씩 생기면서 전주    ,전주 소금빵 맛집 시오베이커리 다양한 소금빵 전주 빵지순례 강력     여행 맛집 핫플을 좋아하는 여행인플루언서 전주달봉이입니다  오늘은 오랜만에 맛있는 빵을 포장해서 집에서 즐겨봤는데요  요즘 전주에서도 소금빵을 전문으로 하는 베이커리들이 하나둘씩 생기면서 전주    
전주 여행,422, 전주  여름 한정 블루 오션,https://blog.naver.com/w0_aini_/224397648054,여행이라는 수식어를 붙이기에는 너무 가까웠던 전주였는데 이번만큼은 한 달 전부터 숙소를 예약해두고 그날이 오기를 기다리며 설레었던 제법 여행다운 전주 여행이었습니다 버스 타러 가는 길 1박 2일인데    , 전주  여름 한정 블루 오션 여행이라는 수식어를 붙이기에는 너무 가까웠던 전주였는데 이번만큼은 한 달 전부터 숙소를 예약해두고 그날이 오기를 기다리며 설레었던 제법 여행다운 전주 여행이었습니다 버스 타러 가는 길 1박 2일인데    
전주 여행,423,친구들과 첫 해외여행         중국 상하이 2박3일,https://blog.naver.com/koce_07/224397645161,벌써 4번째 해외라니 이번에 기회가되어서 여름방학에 중국 상하이에 다녀왔어요 전주   인천으로 먼저 이동을 햇읍니다 이번에 친구가 공무원합격해서 그걸 계기로 여행을가게되 축하해  근데 웃긴게 내가 저    ,친구들과 첫 해외여행         중국 상하이 2박3일 벌써 4번째 해외라니 이번에 기회가되어서 여름방학에 중국 상하이에 다녀왔어요 전주   인천으로 먼저 이동을 햇읍니다 이번에 친구가 공무원합격해서 그걸 계기로 여행을가게되 축하해  근데 웃긴게 내가 저    
전주 여행,424,전주 아이와 가볼 만한 곳 전주동물원 동물 친화 관람로부터 추억    ,https://blog.naver.com/washndog/224397639799,평소 아이가 동물원을 좋아해서 서울대공원부터 다양한 동물원을 다니는 편인데 전주여행하면서 늘 한옥마을만 여행해서 이번에는 조금 특별한 경험을 하고 싶어서 이곳을 방문했습니다  동물만 보고 나오는    ,전주 아이와 가볼 만한 곳 전주동물원 동물 친화 관람로부터 추억     평소 아이가 동물원을 좋아해서 서울대공원부터 다양한 동물원을 다니는 편인데 전주여행하면서 늘 한옥마을만 여행해서 이번에는 조금 특별한 경험을 하고 싶어서 이곳을 방문했습니다  동물만 보고 나오는    
전주 여행,425, 전주 여행 백서  전주 한옥마을 전통체험 총정리  공예 음식 문화 ,https://blog.naver.com/wjswnekdma/224379251720,대한민국에서 전통의 미학과 아이들의 반짝이는 웃음소리가 가장 조화롭게 어우러진 천년고도 전라북도 전주시를 방문하는 여행객들에게  도심 속에서 수백 채의 전통 한옥이 웅장한 군락을 이루며 살아 숨    , 전주 여행 백서  전주 한옥마을 전통체험 총정리  공예 음식 문화  대한민국에서 전통의 미학과 아이들의 반짝이는 웃음소리가 가장 조화롭게 어우러진 천년고도 전라북도 전주시를 방문하는 여행객들에게  도심 속에서 수백 채의 전통 한옥이 웅장한 군락을 이루며 살아 숨    
전주 여행,426,전주 막걸리골목 맛집  반찬 가득한 25년 전통 노포 복막걸리,https://blog.naver.com/hyepresso/224397624101, 전주막걸리골목  전주막걸리골목맛집  전주막걸리  전주맛집  전주현지인맛집  전주노포맛집  전주여행  전주여행맛집  전주한옥마을맛집  전주한옥마을  전주먹거리  전주맛집추천  전주막걸리집    ,전주 막걸리골목 맛집  반찬 가득한 25년 전통 노포 복막걸리  전주막걸리골목  전주막걸리골목맛집  전주막걸리  전주맛집  전주현지인맛집  전주노포맛집  전주여행  전주여행맛집  전주한옥마을맛집  전주한옥마을  전주먹거리  전주맛집추천  전주막걸리집    
전주 여행,427,아이랑 군산 여행 군산근대역사박물관   군산근대화거리  군산로스    ,https://blog.naver.com/nabi_64/224397623210,안녕하세요 두번째날 군산 여행을 포스팅해봅니다  전주에서 군산으로 넘어가던 날 마른 하늘에 비가 막 쏟아져 불과 1시간 남짓 거리인데도 운전이 어려웠던 날  군산에 도착할 때 즈음 거짓말처럼 날이    ,아이랑 군산 여행 군산근대역사박물관   군산근대화거리  군산로스     안녕하세요 두번째날 군산 여행을 포스팅해봅니다  전주에서 군산으로 넘어가던 날 마른 하늘에 비가 막 쏟아져 불과 1시간 남짓 거리인데도 운전이 어려웠던 날  군산에 도착할 때 즈음 거짓말처럼 날이    
전주 여행,428,전주여행 4편 비 오는 날 더 예쁜 메타세콰이아길    카페진안,https://blog.naver.com/son4226_/224397615982,주차정보 주차 가능   무료주차 하나하나 모아보니 이번 여행도 참 좋았습니다  다음 전주여행 5편에서는 또 어떤 풍경을 만나게 될까요  다음 이야기도 이어서 올려볼게요  함께 여행하는 기분으로 봐주세요 ,전주여행 4편 비 오는 날 더 예쁜 메타세콰이아길    카페진안 주차정보 주차 가능   무료주차 하나하나 모아보니 이번 여행도 참 좋았습니다  다음 전주여행 5편에서는 또 어떤 풍경을 만나게 될까요  다음 이야기도 이어서 올려볼게요  함께 여행하는 기분으로 봐주세요 
전주 여행,429, 하루 종일 먹어도 안 질려   전주 한옥마을 필수 먹거리 5가지   한    ,https://blog.naver.com/juns_smartlifelab/224397611977,다만 매장 상황에 따라동반 조건이 변경될 수 있으니 방문 직전 매장에 직접 전화로 문의하시는 편이 안전합니다  알찬 먹거리 탐방과 한복 체험으로 즐거운 전주 여행 되세요  관련글 보러가기, 하루 종일 먹어도 안 질려   전주 한옥마을 필수 먹거리 5가지   한     다만 매장 상황에 따라동반 조건이 변경될 수 있으니 방문 직전 매장에 직접 전화로 문의하시는 편이 안전합니다  알찬 먹거리 탐방과 한복 체험으로 즐거운 전주 여행 되세요  관련글 보러가기
전주 여행,430,전주 마사지 여행코스 추천  신시가지에서 편안하게 쉬어가는 마사    ,https://blog.naver.com/tgun2/224397606043,전주 마사지 여행코스 추천  신시가지에서 편안하게 쉬어가는 마사지샵 전주 여행을 하다 보면 한옥마을부터 맛집  카페까지 생각보다 많이 걷게 되는데요  하루 종일 돌아다닌 뒤에는 잠시 몸을 편안하게    ,전주 마사지 여행코스 추천  신시가지에서 편안하게 쉬어가는 마사     전주 마사지 여행코스 추천  신시가지에서 편안하게 쉬어가는 마사지샵 전주 여행을 하다 보면 한옥마을부터 맛집  카페까지 생각보다 많이 걷게 되는데요  하루 종일 돌아다닌 뒤에는 잠시 몸을 편안하게    
전주 여행,431,5월의 어느 날  전주 여행,https://blog.naver.com/dud0463/224397598126,전주 2행시 전  주 주  아 전주 여행 시작 콩승이 준비해 준 루꼴라 샌드위치와 대탈출만 있다면 아무것도 두렵지 않아  한옥마을에 왔어요 경기전 입구 사람 많다  일단 한옥마을 좀 둘러봐주고 가는 길에 그냥    ,5월의 어느 날  전주 여행 전주 2행시 전  주 주  아 전주 여행 시작 콩승이 준비해 준 루꼴라 샌드위치와 대탈출만 있다면 아무것도 두렵지 않아  한옥마을에 왔어요 경기전 입구 사람 많다  일단 한옥마을 좀 둘러봐주고 가는 길에 그냥    
전주 여행,432,전주 수제 막걸리 선물  트름 없고 숙취 없는 건강한 미나리 막걸리     ,https://blog.naver.com/eew7162/224397584918,특히 전주 여행 기념품이나 다가오는 명절  부모님 선물을 찾으신다면 더욱 그럴 거예요  전주 수제 막걸리 선물로 고민 중이시라면  트름이나 두통  숙취 걱정 없이 건강까지 챙길 수 있는  전주 미나리 막걸리    ,전주 수제 막걸리 선물  트름 없고 숙취 없는 건강한 미나리 막걸리      특히 전주 여행 기념품이나 다가오는 명절  부모님 선물을 찾으신다면 더욱 그럴 거예요  전주 수제 막걸리 선물로 고민 중이시라면  트름이나 두통  숙취 걱정 없이 건강까지 챙길 수 있는  전주 미나리 막걸리    
전주 여행,433,전주 근교 아이와 가볼만한곳 고창 황윤석도서관 위치 운영시간 후    ,https://blog.naver.com/junki0123/224397576304,추석 연휴를 맞아 전주여행을 계획 중이신 분이라면 근교에 있는 고창 황윤석도석관도 방문도 한 번쯤 생각해 볼 만하겠더라고요  이번 글은 전주 근교 아이와 가볼만한곳 고창 황윤석도서관 위치 운영시간    ,전주 근교 아이와 가볼만한곳 고창 황윤석도서관 위치 운영시간 후     추석 연휴를 맞아 전주여행을 계획 중이신 분이라면 근교에 있는 고창 황윤석도석관도 방문도 한 번쯤 생각해 볼 만하겠더라고요  이번 글은 전주 근교 아이와 가볼만한곳 고창 황윤석도서관 위치 운영시간    
전주 여행,434,전주 가볼만한곳 연꽃 명소 덕진공원   연화정도서관,https://blog.naver.com/vivid0716/224397572967,급 정해진 전주 여행이었고 몇번 갔어도 여름에 간 적이 없어서 8월 말인데도 생각보다 전주 더웠다는     맛있는거 먹고 좋은 숙소에서 잘 쉬었지만 그냥 가면 아쉬우니 소화시킬 겸 전주 가볼만한곳 여름    ,전주 가볼만한곳 연꽃 명소 덕진공원   연화정도서관 급 정해진 전주 여행이었고 몇번 갔어도 여름에 간 적이 없어서 8월 말인데도 생각보다 전주 더웠다는     맛있는거 먹고 좋은 숙소에서 잘 쉬었지만 그냥 가면 아쉬우니 소화시킬 겸 전주 가볼만한곳 여름    
전주 여행,435, 전주여행 중 가볼만한곳 전주 맛집 나들이  군만두 달인의 인생탕    ,https://blog.naver.com/bluedolphin_star/224397570675, 권장부부의 나들이   전주맛집  전주식당  전주여행  전주갈만한곳  전주가볼만한곳  전주유명맛집  전주유명식당  전주객사  전주객사맛집  일품향  탕수육맛집  만두맛집  전주중식당    , 전주여행 중 가볼만한곳 전주 맛집 나들이  군만두 달인의 인생탕      권장부부의 나들이   전주맛집  전주식당  전주여행  전주갈만한곳  전주가볼만한곳  전주유명맛집  전주유명식당  전주객사  전주객사맛집  일품향  탕수육맛집  만두맛집  전주중식당    
전주 여행,436,가족회관 오랜 전통과 명인의 손맛 전주 비빔밥 맛집,https://blog.naver.com/dorothy0179/224397565032,전주 여행을 계획하다 보면 자연스럽게 찾게 되는 음식이 바로 전주 비빔밥인데요  전주를 대표하는 음식인 만큼 다양한 비빔밥 전문점이 있지만  오랜 전통과 명인의 손맛을 함께 살펴보고 싶다면 가족회관을    ,가족회관 오랜 전통과 명인의 손맛 전주 비빔밥 맛집 전주 여행을 계획하다 보면 자연스럽게 찾게 되는 음식이 바로 전주 비빔밥인데요  전주를 대표하는 음식인 만큼 다양한 비빔밥 전문점이 있지만  오랜 전통과 명인의 손맛을 함께 살펴보고 싶다면 가족회관을    
전주 여행,437,인천공항 전주 심야 리무진 새벽 귀가 출발 시간 여행 요금 인스    ,https://blog.naver.com/dongbuhanalms/224397551309, 심야 귀가 리무진 도착지 여행요금  전주 도착 호남 제일문 49 500원 광주 도착 유스퀘어 건너편 66 000원 성인과 초등학생의 여행요금은 동일 전주에서는 시내와 주변지역으로 이동하기 좋은 호남    ,인천공항 전주 심야 리무진 새벽 귀가 출발 시간 여행 요금 인스      심야 귀가 리무진 도착지 여행요금  전주 도착 호남 제일문 49 500원 광주 도착 유스퀘어 건너편 66 000원 성인과 초등학생의 여행요금은 동일 전주에서는 시내와 주변지역으로 이동하기 좋은 호남    
전주 여행,438,김밥쌈 돼지불고기 오징어에 소주 한잔   진미집본집,https://blog.naver.com/jkgr020318/224391737533,가지남녀가 전주여행을 갔다오며 정말 재밌게 먹었던 맛집을 소개드릴려 하는데요 전주분들에겐 이미 너무 유명한 김밥쌈의 원조   한옥마을에서 택시로 5분도 안걸리는 가까운 곳인 진미집 본점에 다녀온    ,김밥쌈 돼지불고기 오징어에 소주 한잔   진미집본집 가지남녀가 전주여행을 갔다오며 정말 재밌게 먹었던 맛집을 소개드릴려 하는데요 전주분들에겐 이미 너무 유명한 김밥쌈의 원조   한옥마을에서 택시로 5분도 안걸리는 가까운 곳인 진미집 본점에 다녀온    
전주 여행,439,부안 당일치기 여행 추천 전주 출발 서해랑 길 걷기 해수찜 티셔    ,https://blog.naver.com/sigorlife-/224397540599,그래서 이런 분들에게 추천해요    평범한 관광지 여행이 조금 지겨운 분    부안을 처음 여행하는 분    전주 근교 당일치기 여행을 찾는 분    걷는 것을 좋아하지만 혼자 걷기는 심심한 분    ,부안 당일치기 여행 추천 전주 출발 서해랑 길 걷기 해수찜 티셔     그래서 이런 분들에게 추천해요    평범한 관광지 여행이 조금 지겨운 분    부안을 처음 여행하는 분    전주 근교 당일치기 여행을 찾는 분    걷는 것을 좋아하지만 혼자 걷기는 심심한 분    
전주 여행,440,전북 완주 여행 코스 추천   고즈넉한 한옥과 호수 뷰 품은 소양면     ,https://blog.naver.com/darisuarakorea/224397264164,전북 완주군 소양면은 웅장한 종남산과 위봉산 자락이 병풍처럼 둘러싸고 있어  전주 근교 드라이브        일부 장소 오스갤러리 는 서비스를 제공받았으나  전체 코스는 직접 기획해 다녀온 솔직한 여행기    ,전북 완주 여행 코스 추천   고즈넉한 한옥과 호수 뷰 품은 소양면      전북 완주군 소양면은 웅장한 종남산과 위봉산 자락이 병풍처럼 둘러싸고 있어  전주 근교 드라이브        일부 장소 오스갤러리 는 서비스를 제공받았으나  전체 코스는 직접 기획해 다녀온 솔직한 여행기    
전주 여행,441,전주 룸식당 부모님과 가기 좋은 전주한옥마을 소갈비찜 선화식당,https://blog.naver.com/kimkil54/224397535003,이런 분들께 선화식당을 추천합니다   부모님을 모시고 전주 여행을 오신 분   아이와 편하게 식사할 전주 룸식당을 찾으시는 분   전주한옥마을 근처 가족식당을 찾으시는 분   조용한 공간에서 가족    ,전주 룸식당 부모님과 가기 좋은 전주한옥마을 소갈비찜 선화식당 이런 분들께 선화식당을 추천합니다   부모님을 모시고 전주 여행을 오신 분   아이와 편하게 식사할 전주 룸식당을 찾으시는 분   전주한옥마을 근처 가족식당을 찾으시는 분   조용한 공간에서 가족    
전주 여행,442, 전주  전주여행 카츠모리조 돈카츠 맛집 평화의 평화 카페 내돈내    ,https://blog.naver.com/heeya-0608/224397529875,스티커도 제작해서 판매하고 좋은 글귀가 있는 엽서도 판매했다  그리고 휘낭시에 종류가 다양하고 많다  우린 Tea와 휘낭시에 2개를 주문했고  후식으로 먹고 나왔다           전주 맛있는 여행 끝  , 전주  전주여행 카츠모리조 돈카츠 맛집 평화의 평화 카페 내돈내     스티커도 제작해서 판매하고 좋은 글귀가 있는 엽서도 판매했다  그리고 휘낭시에 종류가 다양하고 많다  우린 Tea와 휘낭시에 2개를 주문했고  후식으로 먹고 나왔다           전주 맛있는 여행 끝  
전주 여행,443,전주 여행 한옥마을 근처 가볼만한곳 오원집 평화동 맛집,https://blog.naver.com/arum_chon/224397529204,전북 전주 여행 가볼만한곳 한옥마을 근처 가볼만한곳 오원집 평화동 맛집   K 로컬기행  아름촌장 안녕하세요    우리나라 구석구석의 로컬 이야기를 전하는 여행 인플루언서 아름촌장이에요  전주에서 야식    ,전주 여행 한옥마을 근처 가볼만한곳 오원집 평화동 맛집 전북 전주 여행 가볼만한곳 한옥마을 근처 가볼만한곳 오원집 평화동 맛집   K 로컬기행  아름촌장 안녕하세요    우리나라 구석구석의 로컬 이야기를 전하는 여행 인플루언서 아름촌장이에요  전주에서 야식    
전주 여행,444,전주 한옥마을로 간 비선추 단태봉,https://blog.naver.com/wingchunkali/224397527119,고x님이 4번 형 배우신지 한달째 되실때 전주 한옥마을로 가족 여행 가셔서 촬영한 동영상입니다  새벽에 촬영하셔서 새소리도 들리고 너무 분위기 좋네요    무사복도 입으시고 정말 정성들여서 촬영한    ,전주 한옥마을로 간 비선추 단태봉 고x님이 4번 형 배우신지 한달째 되실때 전주 한옥마을로 가족 여행 가셔서 촬영한 동영상입니다  새벽에 촬영하셔서 새소리도 들리고 너무 분위기 좋네요    무사복도 입으시고 정말 정성들여서 촬영한    
전주 여행,445,레몬향이 넘실거리는    의 맛이 나,https://blog.naver.com/my_2_/224397525636,전국의강아지는모두사랑스럽다 여기가 어디냐면 우리가 여행 중 3번 간 빵집 전주여행을 또 가게 된다면 그땐 반드시 모든 휘낭시에를 털어오리라 다짐했음  전주 끝   광주 시작     현우의 군바를 위해 친히    ,레몬향이 넘실거리는    의 맛이 나 전국의강아지는모두사랑스럽다 여기가 어디냐면 우리가 여행 중 3번 간 빵집 전주여행을 또 가게 된다면 그땐 반드시 모든 휘낭시에를 털어오리라 다짐했음  전주 끝   광주 시작     현우의 군바를 위해 친히    
전주 여행,446,전주 호텔 어반스테이 아중점 소감 덕진구에서 누리는 완벽하고 조    ,https://blog.naver.com/nest_review/224388018339,드디어 전주에 왔다  이번에 머문 호텔 어반스테이 아중점 덕분에 정말 편안하고 완벽한 휴식을 취했어요  객실도 청결해서 좋았고  필요한 모든 시설들이 세심하게 갖춰져 있어 여행하는 내내 든든했습니다     ,전주 호텔 어반스테이 아중점 소감 덕진구에서 누리는 완벽하고 조     드디어 전주에 왔다  이번에 머문 호텔 어반스테이 아중점 덕분에 정말 편안하고 완벽한 휴식을 취했어요  객실도 청결해서 좋았고  필요한 모든 시설들이 세심하게 갖춰져 있어 여행하는 내내 든든했습니다     
전주 여행,447,전주 여행 한옥마을 숙소 추천 라한호텔 투숙객 주차꿀팁,https://blog.naver.com/dana_won/224397520033,체크하기  전주여행  전주숙소  전주숙소추천  전주라한호텔  라한호텔전주  라한호텔전주주차  라한호텔전주체크인  라한호텔전주주차팁  전주한옥마을여행  전주한옥마을숙소  전주한옥마을뷰숙소    ,전주 여행 한옥마을 숙소 추천 라한호텔 투숙객 주차꿀팁 체크하기  전주여행  전주숙소  전주숙소추천  전주라한호텔  라한호텔전주  라한호텔전주주차  라한호텔전주체크인  라한호텔전주주차팁  전주한옥마을여행  전주한옥마을숙소  전주한옥마을뷰숙소    
전주 여행,448,전주소파청소 아이숨케어엔비치움 이용후 너무 깨끗해져서 대만족    ,https://blog.naver.com/handdoi/224397520465,부모님이 맞벌이하셔서 방학때 여행도 할머니  할아버지 따라서 다니고 학교 끝나고도 할머니댁에서    하지만 한사코 거절하셔서 좋은 방법이 있을까 찾아보다 전주소파청소 아이숨케어엔비치움을    ,전주소파청소 아이숨케어엔비치움 이용후 너무 깨끗해져서 대만족     부모님이 맞벌이하셔서 방학때 여행도 할머니  할아버지 따라서 다니고 학교 끝나고도 할머니댁에서    하지만 한사코 거절하셔서 좋은 방법이 있을까 찾아보다 전주소파청소 아이숨케어엔비치움을    
전주 여행,449, 전주 자동차로 가볼만한곳 BEST 3  주차장 정보부터 드라이브 코스     ,https://blog.naver.com/tyyoo1196/224397516625,야간 드라이브 추천  아중호수  은은한 야경 조명 및 호수도서관  운치 있는 휴식 명소  덕진공원  연화교와 한옥 연화정 도서관   전주가볼만한곳  전주드라이브  전주수목원  아중호수  덕진공원  전주여행코스, 전주 자동차로 가볼만한곳 BEST 3  주차장 정보부터 드라이브 코스      야간 드라이브 추천  아중호수  은은한 야경 조명 및 호수도서관  운치 있는 휴식 명소  덕진공원  연화교와 한옥 연화정 도서관   전주가볼만한곳  전주드라이브  전주수목원  아중호수  덕진공원  전주여행코스
전주 여행,450,국내여행추천 전주 1박 2일 일정   초코파이 티셔츠,https://blog.naver.com/mjlog_0316/224397473281,그게 더 맛있다고했어요    전주여행  국내여행추천  전주1박2일  전주일정추천  쁘레오여행  쁘레오전주 증말루 더웠다                    전주 여름에는 두번다시 안간다                  ,국내여행추천 전주 1박 2일 일정   초코파이 티셔츠 그게 더 맛있다고했어요    전주여행  국내여행추천  전주1박2일  전주일정추천  쁘레오여행  쁘레오전주 증말루 더웠다                    전주 여름에는 두번다시 안간다                  
전주 여행,451, 아침 KTX 타고 밤에 돌아온 서울 전주에서 떠난 특별한 당일치기     ,https://blog.naver.com/angel_of_hope/224397467326,전주에서 서울 당일치기 여행 덕수궁부터 한강 달빛뮤직크루즈까지 전주에서 아침 KTX를 타고 서울로 출발해 밤에 다시 전주로 돌아오는 서울 당일치기 여행  이번 여행의 출발점은 용산역이었습니다     , 아침 KTX 타고 밤에 돌아온 서울 전주에서 떠난 특별한 당일치기      전주에서 서울 당일치기 여행 덕수궁부터 한강 달빛뮤직크루즈까지 전주에서 아침 KTX를 타고 서울로 출발해 밤에 다시 전주로 돌아오는 서울 당일치기 여행  이번 여행의 출발점은 용산역이었습니다     
전주 여행,452,이가한옥 추천 전주 한옥에서의 완벽하고 따뜻했던 숙박 후기,https://blog.naver.com/stay_craft/224391136533,전주 여행을 위해 머문 이가한옥은 정말 꿈결 같았어요  뜨끈한 온돌방의 기운이 여행의 피로를 싹 풀어주고  직원분들의 세심한 배려 덕분에 마음까지 따뜻해지는 최고의 시간을 보냈답니다  뜨끈하게 감싸주는    ,이가한옥 추천 전주 한옥에서의 완벽하고 따뜻했던 숙박 후기 전주 여행을 위해 머문 이가한옥은 정말 꿈결 같았어요  뜨끈한 온돌방의 기운이 여행의 피로를 싹 풀어주고  직원분들의 세심한 배려 덕분에 마음까지 따뜻해지는 최고의 시간을 보냈답니다  뜨끈하게 감싸주는    
전주 여행,453,전주 가볼만한곳 9월 여행  한옥마을 외 숨겨진 매력 5곳 코스 추천 ,https://blog.naver.com/bbaa5736/224397453602,9월 전주 여행  한옥마을 외 특별한 장소를 찾고 있다면  전주는 고즈넉한 한옥마을의 매력뿐만 아니라 다양한 문화와 자연을 만끽할 수 있는 숨겨진 명소들이 가득한 곳입니다  특히 9월은 선선한 날씨    ,전주 가볼만한곳 9월 여행  한옥마을 외 숨겨진 매력 5곳 코스 추천  9월 전주 여행  한옥마을 외 특별한 장소를 찾고 있다면  전주는 고즈넉한 한옥마을의 매력뿐만 아니라 다양한 문화와 자연을 만끽할 수 있는 숨겨진 명소들이 가득한 곳입니다  특히 9월은 선선한 날씨    
전주 여행,454, 카츠모리조  전주 중화산동   전국구 프리미엄 품종의 집합소,https://blog.naver.com/bluexogus7/224397445964,전주를 대표하는 프리미엄 돈카츠 전문점 지난번 전주여행 중  돈카츠흑심 을 다녀오고 지방권 프리미엄 돈카츠의 저력을 확인했다  그런데 전주 토박이 지인이 말하길 한 수 위에 있는 돈카츠 전문점이 있다고    , 카츠모리조  전주 중화산동   전국구 프리미엄 품종의 집합소 전주를 대표하는 프리미엄 돈카츠 전문점 지난번 전주여행 중  돈카츠흑심 을 다녀오고 지방권 프리미엄 돈카츠의 저력을 확인했다  그런데 전주 토박이 지인이 말하길 한 수 위에 있는 돈카츠 전문점이 있다고    
전주 여행,455,전주에서 특별한 여행을 하고싶다면  앞으로 봐도 뒤로 봐도 이쁜     ,https://blog.naver.com/khanarchi30/224397445987,하늘이 쨍하지 못해서 아쉬웠지만 한복 색감이 쨍해서 사진은 잘 나왔숩니다요          전주여행에서 마마한복 입고 사진찍으면 인생샷 나와여 저는 이번 전주여행 대만족입니당            마지막에    ,전주에서 특별한 여행을 하고싶다면  앞으로 봐도 뒤로 봐도 이쁜      하늘이 쨍하지 못해서 아쉬웠지만 한복 색감이 쨍해서 사진은 잘 나왔숩니다요          전주여행에서 마마한복 입고 사진찍으면 인생샷 나와여 저는 이번 전주여행 대만족입니당            마지막에    
전주 여행,456,전주 남부시장 전주 한옥마을 카페 풍남문뷰 카페 디스트릭트7,https://blog.naver.com/halippo/224397437600,전주카페투어  전주여행  전주여행지  전주가볼만한곳  전주데이트  전주핫플  전주모임  전주단체카페  전주플로우  전주역사체험  전주비빔빵  전주체험추천  전주야시장  전주남부시장맛집  전주여행코스,전주 남부시장 전주 한옥마을 카페 풍남문뷰 카페 디스트릭트7 전주카페투어  전주여행  전주여행지  전주가볼만한곳  전주데이트  전주핫플  전주모임  전주단체카페  전주플로우  전주역사체험  전주비빔빵  전주체험추천  전주야시장  전주남부시장맛집  전주여행코스
전주 여행,457,전주 레터링 케이크 주문제작 후기 객사 수제케이크 맛집 혜이크,https://blog.naver.com/codms1212/224397426229,시아버님 환갑 기념으로 전주 여행을 가게 되서 전주 레터링 케이크 주문제작을 알아보다 발견한 혜이크  네이버 리뷰가 많진 않았지만 몇 개의 후기가 진정성 있어 보여서 선택했는데 디자인 퀄리티도    ,전주 레터링 케이크 주문제작 후기 객사 수제케이크 맛집 혜이크 시아버님 환갑 기념으로 전주 여행을 가게 되서 전주 레터링 케이크 주문제작을 알아보다 발견한 혜이크  네이버 리뷰가 많진 않았지만 몇 개의 후기가 진정성 있어 보여서 선택했는데 디자인 퀄리티도    
전주 여행,458,전주 숙소 추천 한옥마을 근처 리모델링 숙소부터 4성급까지,https://blog.naver.com/stevefox11/224397402817,전주 여행을 알차게 즐기기 위해 가장 중요한 요소 중 하나는 바로 본인의 여행 목적과 동선에 딱 맞는 숙소를 선택하는 것인데요  이번 글에서는 친근하고 정겨운 분위기의 가성비 숙소부터 최근    ,전주 숙소 추천 한옥마을 근처 리모델링 숙소부터 4성급까지 전주 여행을 알차게 즐기기 위해 가장 중요한 요소 중 하나는 바로 본인의 여행 목적과 동선에 딱 맞는 숙소를 선택하는 것인데요  이번 글에서는 친근하고 정겨운 분위기의 가성비 숙소부터 최근    
전주 여행,459,전주근교 물놀이장 찾는다면  임실 돼지삼형제에서 즐기는 여름 물    ,https://blog.naver.com/windowww_/224397400903,전주에서 가까운 여름 나들이 장소 멀리 떠나는 여행은 준비할 것도 많고 이동시간도 신경 쓰이지만  전주근교물놀이를 찾는다면 임실은 거리 면에서도 부담이 적은 편이에요  전주에서 약 30분  군산 익산    ,전주근교 물놀이장 찾는다면  임실 돼지삼형제에서 즐기는 여름 물     전주에서 가까운 여름 나들이 장소 멀리 떠나는 여행은 준비할 것도 많고 이동시간도 신경 쓰이지만  전주근교물놀이를 찾는다면 임실은 거리 면에서도 부담이 적은 편이에요  전주에서 약 30분  군산 익산    
전주 여행,460,콩나물이 아이스크림에     전주 현대옥 콩나물아이스크림 직접 먹    ,https://blog.naver.com/hahaha3574/224397398322,충분합니다  전주맛집  전주현대옥  현대옥본점  전주현대옥카페  전주콩나물아이스크림  콩나물아이스크림  전주이색디저트  전주디저트맛집  전주여행  전주여행코스  전주한옥마을맛집  전주카페추천    ,콩나물이 아이스크림에     전주 현대옥 콩나물아이스크림 직접 먹     충분합니다  전주맛집  전주현대옥  현대옥본점  전주현대옥카페  전주콩나물아이스크림  콩나물아이스크림  전주이색디저트  전주디저트맛집  전주여행  전주여행코스  전주한옥마을맛집  전주카페추천    
전주 여행,461,전북투어패스 전주한옥마을투어 가성비 여행 알차게 보낸  코스 공    ,https://blog.naver.com/seolhastone/224397398373,전주투어 추천합니다   전주  전북  투어패스  전북투어패스  전주투어패스  가성비  코스  동선  왱이콩나물국밥  왱이  스쿱스쿱  경기전  여행  아이들과가볼만한곳  주말  서이추환영,전북투어패스 전주한옥마을투어 가성비 여행 알차게 보낸  코스 공     전주투어 추천합니다   전주  전북  투어패스  전북투어패스  전주투어패스  가성비  코스  동선  왱이콩나물국밥  왱이  스쿱스쿱  경기전  여행  아이들과가볼만한곳  주말  서이추환영
전주 여행,462,전주 고기집 엉터리무한대패 전주중화산점 무한리필 가성비 맛집,https://blog.naver.com/happy_chito/224397397351,전주여행에서 점심 고기 비 오는 날 남편과 함께 든든하게 점심을 먹었습니다  전주 고기집 엉터리무한대패 중화산점은 새벽 3시 늦은 시간까지 운영하는 곳입니다  저는 주말 점심으로 먹었는데  늦은    ,전주 고기집 엉터리무한대패 전주중화산점 무한리필 가성비 맛집 전주여행에서 점심 고기 비 오는 날 남편과 함께 든든하게 점심을 먹었습니다  전주 고기집 엉터리무한대패 중화산점은 새벽 3시 늦은 시간까지 운영하는 곳입니다  저는 주말 점심으로 먹었는데  늦은    
전주 여행,463,추석에 가족과 가볼 만한 곳  전주 국립무형유산원 무형유산 디지털    ,https://blog.naver.com/wow_junghwa/224397397278,무형유산을 쉽고 재미있게 만나 볼 수 있는 곳 국립무형유산원 글 사진  살림하는 여행가 아이와 함께 전주 가족여행을 계획하고 있다면 이번 추석에는 조금 특별한 곳에 가보는 건 어떨까요  벌써 9월    ,추석에 가족과 가볼 만한 곳  전주 국립무형유산원 무형유산 디지털     무형유산을 쉽고 재미있게 만나 볼 수 있는 곳 국립무형유산원 글 사진  살림하는 여행가 아이와 함께 전주 가족여행을 계획하고 있다면 이번 추석에는 조금 특별한 곳에 가보는 건 어떨까요  벌써 9월    
전주 여행,464,전주 숙소 추천 부모님 동반 가족 여행과 커플 감성 한옥,https://blog.naver.com/j479234/224397394261,컨디션  전주 여행 숙소 예약 시 꿀팁   주의사항 전주 숙소를 예약할 때 알아두면 유용한 팁 몇 가지가 있습니다  숙소 위치와 부대시설 정책을 미리 알아두면 여행길이 한결 가볍고 즐거워집니다   주말 및    ,전주 숙소 추천 부모님 동반 가족 여행과 커플 감성 한옥 컨디션  전주 여행 숙소 예약 시 꿀팁   주의사항 전주 숙소를 예약할 때 알아두면 유용한 팁 몇 가지가 있습니다  숙소 위치와 부대시설 정책을 미리 알아두면 여행길이 한결 가볍고 즐거워집니다   주말 및    
전주 여행,465,아이의 눈으로 담은 전주  둘째와 함께한 기차여행 기록 다둥이 필    ,https://blog.naver.com/dkfkvos/224397389217,이제 동생을 받아들여야하는 다현이의 마음도 가득 채워주기위해 단 둘이 전주로 기차여행을 계획했다  금요일이라 출근과 겹쳐 지옥철이였지만 설레기도하고 긴장하면서 서울역으로 향했다  짧은거리지만    ,아이의 눈으로 담은 전주  둘째와 함께한 기차여행 기록 다둥이 필     이제 동생을 받아들여야하는 다현이의 마음도 가득 채워주기위해 단 둘이 전주로 기차여행을 계획했다  금요일이라 출근과 겹쳐 지옥철이였지만 설레기도하고 긴장하면서 서울역으로 향했다  짧은거리지만    
전주 여행,466,전주 콩국수 맛집 금암소바  설탕 빼고 먹어본 솔직 후기,https://blog.naver.com/professorjin/224397374102,전주 콩국수 맛집 금암소바  설탕 빼고 먹어본 솔직 후기 이번 전주 여행에서는 유독 시원한 콩국수가 먹고 싶었다  엄마께 전주에서 콩국수 맛있는 곳이 어디냐고 여쭤보니 데려가 주신 곳이 바로    ,전주 콩국수 맛집 금암소바  설탕 빼고 먹어본 솔직 후기 전주 콩국수 맛집 금암소바  설탕 빼고 먹어본 솔직 후기 이번 전주 여행에서는 유독 시원한 콩국수가 먹고 싶었다  엄마께 전주에서 콩국수 맛있는 곳이 어디냐고 여쭤보니 데려가 주신 곳이 바로    
전주 여행,467,한옥의 멋스러움과 전주현지인맛집 감성이 가득한 교동시래청에서     ,https://blog.naver.com/rebobjcqeyoksc/224397368297,주소 및 연락처 주소   전북특별자치도 전주시 완산구 기린대로 80 1 연락처   063 282 9171 교동시래청 전주여행 다녀오거나 계획하는 분들이라면 한옥마을을 빼놓고 얘기할 수 없겠죠  그런데 한옥마을 걷다가    ,한옥의 멋스러움과 전주현지인맛집 감성이 가득한 교동시래청에서      주소 및 연락처 주소   전북특별자치도 전주시 완산구 기린대로 80 1 연락처   063 282 9171 교동시래청 전주여행 다녀오거나 계획하는 분들이라면 한옥마을을 빼놓고 얘기할 수 없겠죠  그런데 한옥마을 걷다가    
전주 여행,468,2026년 8월,https://blog.naver.com/youmin0826/224397353965,방학의 끝  전주 친구 하나가 미국으로 가기 전에 떠난 1박 2일 전주 여행  이것저것 먹고 술이나 잔뜩 마실 생각으로 떠난 여행인데 생각보다 이곳저곳 알차게 돌아다녔네요  한옥마을 안에 숙소를 잡아서    ,2026년 8월 방학의 끝  전주 친구 하나가 미국으로 가기 전에 떠난 1박 2일 전주 여행  이것저것 먹고 술이나 잔뜩 마실 생각으로 떠난 여행인데 생각보다 이곳저곳 알차게 돌아다녔네요  한옥마을 안에 숙소를 잡아서    
전주 여행,469,전주 라한호텔 트리플룸 후기 전주 한옥마을 호텔 한옥뷰 객실  가    ,https://blog.naver.com/sochong14/224397354840,짧은 전주 여행에서 전주 호텔을 고를 때 이번에는 한옥마을과의 접근성을 가장 중요하게 봤어요  저희 아이와 지인 아이  그리고 어른 둘까지 총 4명이 함께한 여행이라 4명이 편하게 묵을 수 있는 객실을    ,전주 라한호텔 트리플룸 후기 전주 한옥마을 호텔 한옥뷰 객실  가     짧은 전주 여행에서 전주 호텔을 고를 때 이번에는 한옥마을과의 접근성을 가장 중요하게 봤어요  저희 아이와 지인 아이  그리고 어른 둘까지 총 4명이 함께한 여행이라 4명이 편하게 묵을 수 있는 객실을    
전주 여행,470,전주 중화산동 네일 추천 세누네일에서 가을맞이 페디 깔끔한 화이    ,https://blog.naver.com/qkrdudms5464/224397349538,보고싶은 친구들도 만나러가요 오랜만에 여행인지 떨리면서도 긴장되서 갈준비를 미리미리    주소   전주시 완산구 서원로 364 2층  연락처   0507 1360 8942   영업시간   월 토 11 00 19 00  일 정기휴무   주차    ,전주 중화산동 네일 추천 세누네일에서 가을맞이 페디 깔끔한 화이     보고싶은 친구들도 만나러가요 오랜만에 여행인지 떨리면서도 긴장되서 갈준비를 미리미리    주소   전주시 완산구 서원로 364 2층  연락처   0507 1360 8942   영업시간   월 토 11 00 19 00  일 정기휴무   주차    
전주 여행,471,전주 비하녹 총평  한옥마을 근처에서 만난 감성 숙소 이야기,https://blog.naver.com/luxe_bedside/224396994483,이번 전주 여행의 숙소는 정말 완벽한 선택이었어요  체크인부터 직원분들이 너무 친절하셔서 마음이 편안했고  객실 자체가 가진 예쁜 인테리어와 편리함 덕분에 푹 쉬어갈 수 있었답니다  들어오자마자    ,전주 비하녹 총평  한옥마을 근처에서 만난 감성 숙소 이야기 이번 전주 여행의 숙소는 정말 완벽한 선택이었어요  체크인부터 직원분들이 너무 친절하셔서 마음이 편안했고  객실 자체가 가진 예쁜 인테리어와 편리함 덕분에 푹 쉬어갈 수 있었답니다  들어오자마자    
전주 여행,472,2박 3일 전주 여행,https://blog.naver.com/saeong__/224397343869,전주로 출발       자매갈비전골 원조 수제물갈비  부추볶음밥 2인 전주 도착하자마자 한옥마을 공영주차장에 주차하고 오픈런 했는데 1    전주 갔을 때가 젤 더웠던 듯   카페 달곰 아아  오리지널쿠크다스    ,2박 3일 전주 여행 전주로 출발       자매갈비전골 원조 수제물갈비  부추볶음밥 2인 전주 도착하자마자 한옥마을 공영주차장에 주차하고 오픈런 했는데 1    전주 갔을 때가 젤 더웠던 듯   카페 달곰 아아  오리지널쿠크다스    
전주 여행,473, 전주 로또 명당  한옥마을 근처 1등 2등 당첨점   꽃샘슈퍼  로또복    ,https://blog.naver.com/smart6300/224397336373,전주 여행 중 가벼운 마음으로 들렀다가 대박의 기운을 얻어가시는 분들이 정말 많으신데요  꽃샘슈퍼 한옥마을점 는 이미 1등  2등 당첨자를 배출한 검증된 로또 명당입니다  기분 좋은 한옥마을 나들이길    , 전주 로또 명당  한옥마을 근처 1등 2등 당첨점   꽃샘슈퍼  로또복     전주 여행 중 가벼운 마음으로 들렀다가 대박의 기운을 얻어가시는 분들이 정말 많으신데요  꽃샘슈퍼 한옥마을점 는 이미 1등  2등 당첨자를 배출한 검증된 로또 명당입니다  기분 좋은 한옥마을 나들이길    
전주 여행,474, 전라도 전주  전주 가을 여행  노을 질 때 더 아름다운  전주덕진공    ,https://blog.naver.com/yeokma_salon/224397327015,전주 여행을 몇 번 단녀왔지만 매번 코스가 한옥마을 경기전 남부시장으로 비슷하게 흘러갔다  이번엔 좀 다르게 가보고 싶어서 검색하다 발견한 곳이 있다  바로  덕진공원 2025년 11월에 방문한 거라 그    , 전라도 전주  전주 가을 여행  노을 질 때 더 아름다운  전주덕진공     전주 여행을 몇 번 단녀왔지만 매번 코스가 한옥마을 경기전 남부시장으로 비슷하게 흘러갔다  이번엔 좀 다르게 가보고 싶어서 검색하다 발견한 곳이 있다  바로  덕진공원 2025년 11월에 방문한 거라 그    
전주 여행,475,전주한옥마을 숙소 경기전 별당채 교태전 1박 후기,https://blog.naver.com/yamtopia/224397324447,전주한옥마을 숙소 경기전 별당채 교태전 1박 후기   글 사진 피아 전주여행을 가면 한 번쯤은 한옥마을 안에서 자보고 싶잖아요  저도 이번에는 엄마랑 전주 뚜벅이 여행을 하면서 숙소를 한옥마을 중심가    ,전주한옥마을 숙소 경기전 별당채 교태전 1박 후기 전주한옥마을 숙소 경기전 별당채 교태전 1박 후기   글 사진 피아 전주여행을 가면 한 번쯤은 한옥마을 안에서 자보고 싶잖아요  저도 이번에는 엄마랑 전주 뚜벅이 여행을 하면서 숙소를 한옥마을 중심가    
전주 여행,476,경주 가족여행 일주일살기   리브애니웨어 예약 및 첫째날 기록,https://blog.naver.com/namsang00/224397319068,강릉  속초  양양  부산  거제도  전주  광주 등 7월말에는 이미 숙소 마감   아니면 너무 비쌈    이대로    가격이라니  리브애니웨어  경주여행  가족여행  일주일살기  리브애니웨어예약  경주숙소    ,경주 가족여행 일주일살기   리브애니웨어 예약 및 첫째날 기록 강릉  속초  양양  부산  거제도  전주  광주 등 7월말에는 이미 숙소 마감   아니면 너무 비쌈    이대로    가격이라니  리브애니웨어  경주여행  가족여행  일주일살기  리브애니웨어예약  경주숙소    
전주 여행,477,전주 맛집 한옥마을 고기맛집 해율담 현지인 추천 숨은맛집,https://blog.naver.com/imj3143/224397317735,가로막살  특전지  한우삼각  들기름막국수  가마솥밥  전라도맛집  전주가족모임  전주데이트  전주청첩장모임  신라스테이전주맛집  신라스테이맛집  전주여행  전주여행맛집  전주한옥마을  전주맛집추천,전주 맛집 한옥마을 고기맛집 해율담 현지인 추천 숨은맛집 가로막살  특전지  한우삼각  들기름막국수  가마솥밥  전라도맛집  전주가족모임  전주데이트  전주청첩장모임  신라스테이전주맛집  신라스테이맛집  전주여행  전주여행맛집  전주한옥마을  전주맛집추천
전주 여행,478,전주 비빔밥 명가 가족회관 맛도리,https://blog.naver.com/rlarudal5173/224397303836,전주 여행에서 꼭 먹어봐야 할 음식  전주비빔밥 맛집 후기 전주에 여행을 가면 가장 먼저 떠오르는 음식 중 하나가 바로 전주비빔밥이 아닐까 싶어요  저도 이번에 전주를 방문하면서 제대로 된 비빔밥 한    ,전주 비빔밥 명가 가족회관 맛도리 전주 여행에서 꼭 먹어봐야 할 음식  전주비빔밥 맛집 후기 전주에 여행을 가면 가장 먼저 떠오르는 음식 중 하나가 바로 전주비빔밥이 아닐까 싶어요  저도 이번에 전주를 방문하면서 제대로 된 비빔밥 한    
전주 여행,479, 전주  당일치기 여행 코스 전주 한옥마을   전주 난장   전주 한림    ,https://blog.naver.com/mewing-/224397296901, 전주여행  전주당일치기  전주한옥마을  전주난장  전주한림옥  내돈내산 오늘 전주 여행기 어떠셨나요     오늘 포스팅도 읽어주셔서 감사드리며 전주에서 목포   목포에서 제주까지 가는 여행기 쭉    , 전주  당일치기 여행 코스 전주 한옥마을   전주 난장   전주 한림      전주여행  전주당일치기  전주한옥마을  전주난장  전주한림옥  내돈내산 오늘 전주 여행기 어떠셨나요     오늘 포스팅도 읽어주셔서 감사드리며 전주에서 목포   목포에서 제주까지 가는 여행기 쭉    
전주 여행,480,전주여행 라쓰고,https://blog.naver.com/nanungani/224397288110,하루만에 다시 와떠요 생각보다 8월 일상이 많아서 전주여행을 뺏거덩요 일단 라쓰고 분명 난 어제도 광명역에 있었는데 오늘 또 왔어요 내일도 올 예정이에요 전주 도착하자마자 점심 먹으러 갈꺼여서 아침    ,전주여행 라쓰고 하루만에 다시 와떠요 생각보다 8월 일상이 많아서 전주여행을 뺏거덩요 일단 라쓰고 분명 난 어제도 광명역에 있었는데 오늘 또 왔어요 내일도 올 예정이에요 전주 도착하자마자 점심 먹으러 갈꺼여서 아침    
전주 여행,481,전주 여행 영어회화 기차가 취소된 뒤 대체 이동편을 직접 찾은 후    ,https://blog.naver.com/sio2iqeh/224397269841,전주 여행 영어회화 상담 안내를 확인해보세요   전주여행영어회화  전주영어회화  여행영어회화  해외여행영어  기차역영어  교통영어  전화영어  화상영어  일대일영어회화  올림영어회화,전주 여행 영어회화 기차가 취소된 뒤 대체 이동편을 직접 찾은 후     전주 여행 영어회화 상담 안내를 확인해보세요   전주여행영어회화  전주영어회화  여행영어회화  해외여행영어  기차역영어  교통영어  전화영어  화상영어  일대일영어회화  올림영어회화
전주 여행,482,2026 순천 여행기,https://blog.naver.com/scandiumdailylife/224397267593,순천 여행    언니들 만나러 순천 고고 부천 성남 맞나    암튼 반대쪽  넘나 거리가 멀어서    기차 타고 갑니닷 쿄쿄 가면서 나혼산 다보고 월욜까지 내야하는 티셔츠랑 에코백 도안 그리면서 감 익산 전주    ,2026 순천 여행기 순천 여행    언니들 만나러 순천 고고 부천 성남 맞나    암튼 반대쪽  넘나 거리가 멀어서    기차 타고 갑니닷 쿄쿄 가면서 나혼산 다보고 월욜까지 내야하는 티셔츠랑 에코백 도안 그리면서 감 익산 전주    
전주 여행,483,260823 260825 아이랑 가족여행 3일차 부안 고사포해수욕장 부안누에타    ,https://blog.naver.com/grasiagrace/224397253810,   화장실에 들러서 어푸어푸어푸 찬물로 계속 세수를 하더라구요     시원해지면 가을에 다시 오기로 약속하고   전주동물원 안녕  동물들아 건강히 잘 지내렴      가족여행  아이랑  부안  전주,260823 260825 아이랑 가족여행 3일차 부안 고사포해수욕장 부안누에타        화장실에 들러서 어푸어푸어푸 찬물로 계속 세수를 하더라구요     시원해지면 가을에 다시 오기로 약속하고   전주동물원 안녕  동물들아 건강히 잘 지내렴      가족여행  아이랑  부안  전주
전주 여행,484,국내 여행   동해   삼척 2 3일차,https://blog.naver.com/flower_yeori/224397253634,2026 08 03   2026 08 04   성원닭갈비   아침은 막둥이가 먹고 싶다고 해서 찾아둔 물닭갈비 식당으로  전주에서 물갈비는 먹어봤는데 물닭갈비는 또 처음이네    간단한 밑반찬도 나온다  생양파를 저 쌈장에    ,국내 여행   동해   삼척 2 3일차 2026 08 03   2026 08 04   성원닭갈비   아침은 막둥이가 먹고 싶다고 해서 찾아둔 물닭갈비 식당으로  전주에서 물갈비는 먹어봤는데 물닭갈비는 또 처음이네    간단한 밑반찬도 나온다  생양파를 저 쌈장에    
전주 여행,485,부산 전포역 맛집 전포 카페거리 근처에 생긴 메르밀진미집 친구 추    ,https://blog.naver.com/kks880930/224397213074,전주 여행 갈 때 일부러 찾아가는 사람들이 많다길래 얼마나 맛있나 궁금했어요  마침 전포 쪽에서 약속이 있어서 부산 전포역 맛집을 찾아보다가 친구가 추천했던 메르밀진미집 전포점이 생각나 바로    ,부산 전포역 맛집 전포 카페거리 근처에 생긴 메르밀진미집 친구 추     전주 여행 갈 때 일부러 찾아가는 사람들이 많다길래 얼마나 맛있나 궁금했어요  마침 전포 쪽에서 약속이 있어서 부산 전포역 맛집을 찾아보다가 친구가 추천했던 메르밀진미집 전포점이 생각나 바로    
전주 여행,486,전주여행,https://blog.naver.com/jiyounge2-/224397207758,장미보러 전주수목원으로 향했습니다  장미가 비가와서 그런지 너무 예쁘더라구요  당일치기여서 아쉬웠지만 전주여행은 갈때마다 새롭기도하면서 정감있고 즐거운것같습니다 ,전주여행 장미보러 전주수목원으로 향했습니다  장미가 비가와서 그런지 너무 예쁘더라구요  당일치기여서 아쉬웠지만 전주여행은 갈때마다 새롭기도하면서 정감있고 즐거운것같습니다 
전주 여행,487,전주 한옥마을 카페 뷰가 멋진 대형카페 어노렌지,https://blog.naver.com/apfjtzzz/224397207943,싶었답니다  전주카페  전주한옥마을카페  전주카페추천  전주대형카페  전주천카페  전주천뷰카페  전주뷰좋은카페  전주루프탑카페  전주한옥마을  전주한옥마을여행  전주여행  전주여행코스    ,전주 한옥마을 카페 뷰가 멋진 대형카페 어노렌지 싶었답니다  전주카페  전주한옥마을카페  전주카페추천  전주대형카페  전주천카페  전주천뷰카페  전주뷰좋은카페  전주루프탑카페  전주한옥마을  전주한옥마을여행  전주여행  전주여행코스    
전주 여행,488,3년의 시간이 만들어 준 특별한 인연  새로운 도전을 응원합니다,https://blog.naver.com/ecochinese/224397193229, 에코시티 에코 송천동에코 전주 에코시티맛집 중국어 중국어학원 전주중국어 전주중국어학원 학원 중국여행 중국어공부 공부 중국 hsk 회화 중국어회화 전주학원 에코시티학원 1대1수업  중국원어민수업    ,3년의 시간이 만들어 준 특별한 인연  새로운 도전을 응원합니다  에코시티 에코 송천동에코 전주 에코시티맛집 중국어 중국어학원 전주중국어 전주중국어학원 학원 중국여행 중국어공부 공부 중국 hsk 회화 중국어회화 전주학원 에코시티학원 1대1수업  중국원어민수업    
전주 여행,489,갑 분 여,https://blog.naver.com/zea6727/224397191601,자려고 누웠는데 갑자기  놀러를 가고 싶어서  엄빠랑 1박2일로 여행 간 전주가 아른아른해서 다시 전주가기로 맘을 먹음  생맥주 없이는 못 살아  교대로 운전하고  숙소에는 주차할 곳이 없어서 공영주차장에    ,갑 분 여 자려고 누웠는데 갑자기  놀러를 가고 싶어서  엄빠랑 1박2일로 여행 간 전주가 아른아른해서 다시 전주가기로 맘을 먹음  생맥주 없이는 못 살아  교대로 운전하고  숙소에는 주차할 곳이 없어서 공영주차장에    
전주 여행,490, 전주카페 평화와 평화와 휘낭시에와 블로그 전주카페추천 평화    ,https://blog.naver.com/trashcan9659/224397190067,안녕하십니까 이번에는 전주에 다녀왔습니다   여행은 아니지만 잠깐 들른거라서 카페라도 달려가봅니다   평화 와 평화   산책종점    주 소  전북 전주시 덕진구 사근1길 73 1층 평화와평화  산책종점    , 전주카페 평화와 평화와 휘낭시에와 블로그 전주카페추천 평화     안녕하십니까 이번에는 전주에 다녀왔습니다   여행은 아니지만 잠깐 들른거라서 카페라도 달려가봅니다   평화 와 평화   산책종점    주 소  전북 전주시 덕진구 사근1길 73 1층 평화와평화  산책종점    
전주 여행,491,전주 여행 1박2일 코스 추천   소품샵  빈티지샵  해태바베큐,https://blog.naver.com/eyes_cat/224397181110,친구들이랑 1박2일 전주여행 이렇게만 따라오면 알찬 하루 보낼 수 있답니다    지난 1탄 포스팅에서는 도착하자마자 점심식사로 먹은 일품향 후기와 카페 3곳  북카페 1곳의 후기를 담았어요  이번    ,전주 여행 1박2일 코스 추천   소품샵  빈티지샵  해태바베큐 친구들이랑 1박2일 전주여행 이렇게만 따라오면 알찬 하루 보낼 수 있답니다    지난 1탄 포스팅에서는 도착하자마자 점심식사로 먹은 일품향 후기와 카페 3곳  북카페 1곳의 후기를 담았어요  이번    
전주 여행,492,7 20 2박3일 전라도여행,https://blog.naver.com/tph99061/224397162986,2박 3일 일정 용인   전주   광주   담양   용인 요즘 열돔이니 뭐니 현장에서 아주 죽을맛입니다   글은    13시쯤 출발 했는데 17시에 도착   멀어서 여행 할 기회가 없었는데 교육 핑계 삼아 잘 놀고왔습니다 ,7 20 2박3일 전라도여행 2박 3일 일정 용인   전주   광주   담양   용인 요즘 열돔이니 뭐니 현장에서 아주 죽을맛입니다   글은    13시쯤 출발 했는데 17시에 도착   멀어서 여행 할 기회가 없었는데 교육 핑계 삼아 잘 놀고왔습니다 
전주 여행,493,54  오후의 한옥마을,https://blog.naver.com/dayandnight93/224397162992,전주여행 2탄 오후의 한옥마을     금성문고에서의 시간을 뒤로 하고 한옥마을로 향하는 길 사실 이 공간에서 조금 더 있고 싶다는 생각을 했었다  안락하면서도 평화로운 곳이라고 느껴서인 것 같다  그리고    ,54  오후의 한옥마을 전주여행 2탄 오후의 한옥마을     금성문고에서의 시간을 뒤로 하고 한옥마을로 향하는 길 사실 이 공간에서 조금 더 있고 싶다는 생각을 했었다  안락하면서도 평화로운 곳이라고 느껴서인 것 같다  그리고    
전주 여행,494,전주 초코파이 PNB 풍년제과 택배 선물 후기 오리지널 모카 영양성분,https://blog.naver.com/wlsk848/224396300517,선물로 받으니까 괜히 더 기분 좋은      저도 그랬지만 전주 여행을 가면 기념품으로 초코파이를 많이 사오는데 이렇게 택배로 받아보니 여행을 가지 않아도 전주의 유명 간식을 맛볼 수 있어서 좋았어요    ,전주 초코파이 PNB 풍년제과 택배 선물 후기 오리지널 모카 영양성분 선물로 받으니까 괜히 더 기분 좋은      저도 그랬지만 전주 여행을 가면 기념품으로 초코파이를 많이 사오는데 이렇게 택배로 받아보니 여행을 가지 않아도 전주의 유명 간식을 맛볼 수 있어서 좋았어요    
전주 여행,495,전주 여행 필수 먹거리  전주 막걸리한상  다정한상 3 4인  가성비 최    ,https://blog.naver.com/soohye__/224397148637,가능  전주막걸리골목맛집  전주막걸리한상  전주다정집  전주삼천동맛집  전주여행맛집  전주막걸리골목  전주삼천동막걸리  전주모주  전주현지인맛집  전주한상차림  전주한옥마을  전주현지인맛집    ,전주 여행 필수 먹거리  전주 막걸리한상  다정한상 3 4인  가성비 최     가능  전주막걸리골목맛집  전주막걸리한상  전주다정집  전주삼천동맛집  전주여행맛집  전주막걸리골목  전주삼천동막걸리  전주모주  전주현지인맛집  전주한상차림  전주한옥마을  전주현지인맛집    
전주 여행,496,전주 한옥마을 소품샵 탐미주의 전주여행하며 한옥마을에서 만난     ,https://blog.naver.com/seul_ee328/224397148400,오늘은 전주여행 필수코스 한옥마을에서 만난 소품샵을 소개하겠습니다  다양한 인테리어 소품과 리빙제품  패션 아이템 등 감각적인 제품들이 가득했던 전주 탐미주의 함께 보시죠    탐미주의   주소   전북    ,전주 한옥마을 소품샵 탐미주의 전주여행하며 한옥마을에서 만난      오늘은 전주여행 필수코스 한옥마을에서 만난 소품샵을 소개하겠습니다  다양한 인테리어 소품과 리빙제품  패션 아이템 등 감각적인 제품들이 가득했던 전주 탐미주의 함께 보시죠    탐미주의   주소   전북    
전주 여행,497, 신기시장 맛집  신기시장 옆 한식 맛집 전주할매집 신기점,https://blog.naver.com/yummyyummy92/224397144241,맛집여행 시작합니다 요즘 왜이리 한식이 땡기는건지   국밥처럼 밥 말아먹는게 땡겨요     아마 더워서 든든하게 몸보신 하라는 뜻인건지   그래서 국밥  비빔밥으로 인기있는 신기시장맛집 전주할매집    , 신기시장 맛집  신기시장 옆 한식 맛집 전주할매집 신기점 맛집여행 시작합니다 요즘 왜이리 한식이 땡기는건지   국밥처럼 밥 말아먹는게 땡겨요     아마 더워서 든든하게 몸보신 하라는 뜻인건지   그래서 국밥  비빔밥으로 인기있는 신기시장맛집 전주할매집    
전주 여행,498, Travel        나홀로 2박3일 전주여행 1일차,https://blog.naver.com/pak3039/224397141700,계획도 없이 갑자기 삘타서 떠난 나홀로 전주여행 1일차 기록 스따뚜 1일차 서울역 출발   전주역 도착   메르밀진미집   소품샵 투어   한국집   카페   숙소 여유롭게 다녀오고싶은 생각이 크긴 했지만    , Travel        나홀로 2박3일 전주여행 1일차 계획도 없이 갑자기 삘타서 떠난 나홀로 전주여행 1일차 기록 스따뚜 1일차 서울역 출발   전주역 도착   메르밀진미집   소품샵 투어   한국집   카페   숙소 여유롭게 다녀오고싶은 생각이 크긴 했지만    
전주 여행,499,전주 한옥마을에서 15분거리 감성독채풀빌라 신상숙소 스테이결 펜    ,https://blog.naver.com/taehyun3605/224397136468,둘째 아들 생일을 기념하여 이번에 전주여행을 계획하게 되었어요 저는 관광지와 가까우면서도 프라이빗하게 쉴 수 있는 숙소를 선호하는데  완주 스테이결이 부합했어요 스테이결은 신축 감성 독채풀빌라로    ,전주 한옥마을에서 15분거리 감성독채풀빌라 신상숙소 스테이결 펜     둘째 아들 생일을 기념하여 이번에 전주여행을 계획하게 되었어요 저는 관광지와 가까우면서도 프라이빗하게 쉴 수 있는 숙소를 선호하는데  완주 스테이결이 부합했어요 스테이결은 신축 감성 독채풀빌라로    
전주 여행,500,격포해수욕장 맛집  새전주횟집  부모님과 함께한 푸짐한 회정식 한    ,https://blog.naver.com/tobewithhim/224397128983,   격포해수욕장 바로 앞에서 만나는 해산물 한상  새전주횟집은 격포해수욕장 쪽에 위치하고 있어서 바다 여행 중 들르기 좋은 곳이에요  매장 앞에는 착한가게  안심식당 표지판도 보였는데요  이런 인증이나    ,격포해수욕장 맛집  새전주횟집  부모님과 함께한 푸짐한 회정식 한        격포해수욕장 바로 앞에서 만나는 해산물 한상  새전주횟집은 격포해수욕장 쪽에 위치하고 있어서 바다 여행 중 들르기 좋은 곳이에요  매장 앞에는 착한가게  안심식당 표지판도 보였는데요  이런 인증이나    
