"측정일시","측정소명","이산화질소농도(ppm)","오존농도(ppm)","일산화탄소농도(ppm)","아황산가스농도(ppm)","미세먼지농도(㎍/㎥)","초미세먼지농도(㎍/㎥)"
"20250101",강남구,0.0273,0.018,0.48,0.0027,38,20
"20250101",강동구,0.0296,0.0198,0.63,0.0032,47,25
"20250101",강북구,0.0263,0.0191,0.56,0.0026,40,23
"20250101",강서구,0.0255,0.0235,0.46,0.0033,43,20
"20250101",관악구,0.0326,0.0186,0.55,0.0032,37,21
"20250101",광진구,0.0278,0.0212,0.54,0.0037,38,19
"20250101",구로구,0.0181,0.02,0.42,0.0031,48,23
"20250101",금천구,0.0279,0.0197,0.59,0.0029,40,21
"20250101",노원구,0.0313,0.0173,0.55,0.0034,43,25
"20250101",도봉구,0.0303,0.0229,0.63,0.0032,39,20
"20250101",동대문구,0.0298,0.0186,0.58,0.0026,43,19
"20250101",동작구,0.0318,0.0182,0.51,0.0027,41,22
"20250101",마포구,0.0315,0.0193,0.53,0.0031,39,20
"20250101",서대문구,0.0308,0.0192,0.84,0.0054,44,22
"20250101",서초구,0.02,0.0187,0.42,0.0027,46,22
"20250101",성동구,0.0276,0.019,0.47,0.0029,39,18
"20250101",성북구,0.0319,0.017,0.72,0.0032,38,21
"20250101",송파구,0.0273,0.018,0.46,0.0029,40,18
"20250101",양천구,0.0278,0.0209,0.49,0.003,40,22
"20250101",영등포구,0.0272,0.022,0.47,0.003,36,19
"20250101",용산구,0.0311,0.0159,0.59,0.0027,41,20
"20250101",은평구,0.0245,0.018,0.62,0.0036,43,19
"20250101",종로구,0.0295,0.0221,0.56,0.0031,40,22
"20250101",중구,0.021,0.0188,0.56,0.0035,35,21
"20250101",중랑구,0.0304,0.0163,0.58,0.0026,41,21
"20250101",강남대로,0.0302,0.0128,0.74,0.0036,48,21
"20250101",강변북로,0.0325,0.0146,0.62,0.0027,48,23
"20250101",공항대로,0.0289,0.021,0.49,0.0033,36,17
"20250101",도산대로,0.0249,0.0199,0.64,0.0031,47,25
"20250101",동작대로,0.0336,0.0158,0.58,0.0033,45,20
"20250101",시흥대로,0.029,0.0197,0.51,0.003,43,15
"20250101",신촌로,0.0352,0.0132,0.75,0.0029,44,25
"20250101",영등포로,0.0337,0.016,0.58,0.0029,40,19
"20250101",정릉로,0.0389,0.0137,0.68,0.0031,42,20
"20250101",종로,0.0295,0.018,0.55,0.0028,37,19
"20250101",천호대로,0.0323,0.0152,0.63,0.003,44,24
"20250101",청계천로,0.0313,0.0162,0.6,0.0027,44,21
"20250101",한강대로,0.0303,0.017,0.55,0.0031,43,22
"20250101",홍릉로,0.033,0.0152,0.67,0.0031,39,20
"20250101",화랑로,0.0347,0.0142,0.56,0.0027,42,21
"20250101",관악산,0.0076,0.0475,0.53,0.0035,49,19
"20250101",남산,0.0209,0.026,0.94,0.0036,38,18
"20250101",북한산,0.0189,0.0257,0.49,0.003,39,24
"20250101",세곡,0.0266,0.0155,0.82,0.0034,44,18
"20250101",항동,0.0209,0.0227,0.67,0.0039,36,21
"20250101",행주,0.0224,0.0237,0.48,0.0036,37,16
"20250101",마포아트센터,0.0287,0.0229,0.93,0.0038,43,20
"20250101",서울숲,0.0271,0.0198,0.6,0.0033,40,20
"20250101",올림픽공원,0.0154,0.0208,0.46,0.0024,41,21
"20250101",자연사박물관,0.0274,0.0223,0.61,0.0036,42,18
"20250102",강남구,0.0268,0.0189,0.52,0.0027,36,21
"20250102",강동구,0.0261,0.0224,0.63,0.0036,38,22
"20250102",강북구,0.0133,0.0285,0.41,0.0028,27,16
"20250102",강서구,0.0226,0.0223,0.45,0.0033,40,21
"20250102",관악구,0.0279,0.0192,0.49,0.0031,31,19
"20250102",광진구,0.0245,0.0238,0.54,0.0038,32,17
"20250102",구로구,0.0166,0.0191,0.41,0.0033,40,18
"20250102",금천구,0.0289,0.0175,0.53,0.003,33,19
"20250102",노원구,0.0226,0.0239,0.47,0.0033,36,21
"20250102",도봉구,0.018,0.0324,0.55,0.0036,30,17
"20250102",동대문구,0.0234,0.0223,0.49,0.0028,35,16
"20250102",동작구,0.0286,0.0183,0.48,0.0026,35,20
"20250102",마포구,0.0235,0.0217,0.47,0.0029,35,20
"20250102",서대문구,0.0209,0.0244,0.71,0.0056,33,17
"20250102",서초구,0.0176,0.0196,0.39,0.0029,43,21
"20250102",성동구,0.0255,0.0201,0.49,0.0036,37,17
"20250102",성북구,0.0224,0.0217,0.55,0.0035,26,14
"20250102",송파구,0.0303,0.016,0.55,0.0031,39,20
"20250102",양천구,0.0267,0.0189,0.5,0.0032,36,22
"20250102",영등포구,0.0244,0.0209,0.46,0.0029,32,19
"20250102",용산구,0.0293,0.0158,0.61,0.0025,37,19
"20250102",은평구,0.0174,0.0203,0.56,0.0035,30,13
"20250102",종로구,0.0249,0.0234,0.53,0.0029,33,20
"20250102",중구,0.017,0.0216,0.49,0.0033,30,19
"20250102",중랑구,0.0208,0.022,0.47,0.0027,32,17
"20250102",강남대로,0.0341,0.0093,0.98,0.0035,46,21
"20250102",강변북로,0.0315,0.016,0.63,0.0029,45,22
"20250102",공항대로,0.026,0.0195,0.49,0.003,37,18
"20250102",도산대로,0.0266,0.0171,0.66,0.0032,43,23
"20250102",동작대로,0.0331,0.0159,0.55,0.0032,44,18
"20250102",시흥대로,0.0309,0.0177,0.55,0.0034,40,14
"20250102",신촌로,0.0332,0.0137,0.63,0.003,44,24
"20250102",영등포로,0.0288,0.0179,0.52,0.0029,36,18
"20250102",정릉로,0.0326,0.0173,0.55,0.0032,35,16
"20250102",종로,0.0244,0.0199,0.49,0.0028,31,17
"20250102",천호대로,0.0363,0.0129,0.66,0.0031,44,24
"20250102",청계천로,0.0282,0.017,0.61,0.0027,36,19
"20250102",한강대로,0.0255,0.0192,0.52,0.0031,37,18
"20250102",홍릉로,0.028,0.0187,0.57,0.0034,33,16
"20250102",화랑로,0.034,0.0178,0.56,0.003,36,17
"20250102",관악산,0.0076,0.0425,0.57,0.0036,27,11
"20250102",남산,0.0184,0.0259,0.99,0.0036,30,15
"20250102",북한산,0.0043,0.0361,0.37,0.0031,25,15
"20250102",세곡,0.0306,0.0119,0.91,0.0033,44,19
"20250102",항동,0.0207,0.0216,0.65,0.0041,29,17
"20250102",행주,0.012,0.0284,0.5,0.0034,33,15
"20250102",마포아트센터,0.0238,0.0235,0.9,0.0038,35,18
"20250102",서울숲,0.0264,0.0202,0.65,0.0032,35,18
"20250102",올림픽공원,0.0159,0.019,0.51,0.0025,35,21
"20250102",자연사박물관,0.0202,0.0255,0.54,0.0035,32,15
"20250103",강남구,0.0174,0.022,0.38,0.0025,22,13
"20250103",강동구,0.0233,0.0227,0.55,0.0035,27,16
"20250103",강북구,0.0123,0.0285,0.35,0.0025,23,14
"20250103",강서구,0.022,0.0221,0.38,0.0035,28,16
"20250103",관악구,0.0216,0.0217,0.39,0.0028,20,14
"20250103",광진구,0.0188,0.0261,0.5,0.0035,21,12
"20250103",구로구,0.0131,0.021,0.32,0.0029,29,14
"20250103",금천구,0.0212,0.0218,0.39,0.0028,22,14
"20250103",노원구,0.0214,0.0211,0.42,0.0031,27,16
"20250103",도봉구,0.0162,0.0306,0.45,0.0032,21,13
"20250103",동대문구,0.0152,0.0258,0.37,0.0024,23,11
"20250103",동작구,0.0186,0.0231,0.36,0.0024,25,15
"20250103",마포구,0.0205,0.0234,0.37,0.0027,20,12
"20250103",서대문구,0.0174,0.0246,0.45,0.004,23,13
"20250103",서초구,0.0142,0.0207,0.31,0.0026,27,13
"20250103",성동구,0.0196,0.0223,0.36,0.0028,22,12
"20250103",성북구,0.0172,0.0235,0.44,0.0034,17,10
"20250103",송파구,0.0192,0.0209,0.37,0.0027,25,14
"20250103",양천구,0.0236,0.0204,0.42,0.0029,23,16
"20250103",영등포구,0.0209,0.0225,0.37,0.0028,22,13
"20250103",용산구,0.0187,0.019,0.43,0.002,22,13
"20250103",은평구,0.0163,0.0208,0.52,0.0037,25,10
"20250103",종로구,0.0168,0.0267,0.38,0.0026,23,15
"20250103",중구,0.0134,0.0218,0.38,0.0033,19,13
"20250103",중랑구,0.0213,0.0201,0.4,0.0025,24,13
"20250103",강남대로,0.0243,0.0154,0.62,0.0032,29,13
"20250103",강변북로,0.0291,0.0163,0.55,0.003,32,15
"20250103",공항대로,0.0278,0.0178,0.42,0.0031,26,13
"20250103",도산대로,0.0206,0.0198,0.55,0.0031,27,16
"20250103",동작대로,0.0262,0.0191,0.43,0.0029,30,14
"20250103",시흥대로,0.0221,0.0209,0.4,0.003,25,9
"20250103",신촌로,0.0295,0.0148,0.55,0.003,28,17
"20250103",영등포로,0.0277,0.0181,0.47,0.0029,24,12
"20250103",정릉로,0.0301,0.0178,0.47,0.003,25,13
"20250103",종로,0.017,0.0249,0.39,0.0027,23,12
"20250103",천호대로,0.0295,0.0171,0.49,0.0028,32,19
"20250103",청계천로,0.0193,0.0217,0.45,0.0024,26,14
"20250103",한강대로,0.0214,0.0192,0.44,0.0029,25,14
"20250103",홍릉로,0.0247,0.0188,0.52,0.0032,23,12
"20250103",화랑로,0.0308,0.0197,0.45,0.0026,28,14
"20250103",관악산,0.009,0.0367,0.56,0.0035,27,12
"20250103",남산,0.0143,0.0259,0.92,0.0034,18,10
"20250103",북한산,0.0071,0.0321,0.35,0.003,23,14
"20250103",세곡,0.0235,0.0165,0.71,0.0032,26,11
"20250103",항동,0.0186,0.023,0.59,0.004,20,14
"20250103",행주,0.0155,0.0255,0.49,0.0035,22,10
"20250103",마포아트센터,0.0178,0.0266,0.84,0.0038,21,12
"20250103",서울숲,0.0162,0.022,0.45,0.0031,23,13
"20250103",올림픽공원,0.0115,0.0248,0.41,0.0025,20,13
"20250103",자연사박물관,0.0152,0.0276,0.45,0.0036,21,11
"20250104",강남구,0.0248,0.018,0.44,0.0026,29,19
"20250104",강동구,0.0272,0.0205,0.62,0.0035,34,22
"20250104",강북구,0.0212,0.0208,0.46,0.0025,30,21
"20250104",강서구,0.0274,0.0199,0.47,0.0034,35,21
"20250104",관악구,0.0289,0.0187,0.48,0.0029,27,19
"20250104",광진구,0.0269,0.0202,0.64,0.0034,29,18
"20250104",구로구,0.0177,0.0176,0.39,0.003,34,18
"20250104",금천구,0.0258,0.0198,0.5,0.0029,29,19
"20250104",노원구,0.0299,0.0155,0.58,0.0032,35,24
"20250104",도봉구,0.0256,0.0226,0.52,0.0032,29,19
"20250104",동대문구,0.0265,0.0187,0.46,0.0025,32,18
"20250104",동작구,0.0291,0.0177,0.46,0.0026,31,19
"20250104",마포구,0.0277,0.0201,0.45,0.003,27,18
"20250104",서대문구,0.0275,0.0184,0.6,0.0053,31,18
"20250104",서초구,0.0192,0.0188,0.37,0.0027,37,19
"20250104",성동구,0.0279,0.0175,0.44,0.0029,30,16
"20250104",성북구,0.0296,0.0157,0.7,0.0034,28,19
"20250104",송파구,0.0264,0.0165,0.44,0.0028,30,17
"20250104",양천구,0.029,0.0179,0.47,0.003,30,22
"20250104",영등포구,0.0273,0.0198,0.46,0.003,28,19
"20250104",용산구,0.0319,0.0145,0.52,0.0026,30,19
"20250104",은평구,0.0217,0.0178,0.57,0.0037,30,15
"20250104",종로구,0.0282,0.0208,0.5,0.0029,32,22
"20250104",중구,0.0207,0.0144,0.48,0.0035,28,20
"20250104",중랑구,0.0273,0.0165,0.48,0.0024,31,20
"20250104",강남대로,0.0299,0.012,0.77,0.0033,39,18
"20250104",강변북로,0.0341,0.0136,0.62,0.003,42,21
"20250104",공항대로,0.0316,0.016,0.49,0.0032,32,17
"20250104",도산대로,0.0253,0.0185,0.66,0.0032,36,21
"20250104",동작대로,0.03,0.0178,0.5,0.0031,38,19
"20250104",시흥대로,0.0317,0.0157,0.55,0.0031,35,14
"20250104",신촌로,0.0322,0.0147,0.59,0.0029,34,22
"20250104",영등포로,0.0326,0.0157,0.56,0.003,32,18
"20250104",정릉로,0.0385,0.0127,0.61,0.003,35,21
"20250104",종로,0.0294,0.0167,0.5,0.0027,31,18
"20250104",천호대로,0.0328,0.0149,0.55,0.0028,37,23
"20250104",청계천로,0.0319,0.0141,0.59,0.0025,34,21
"20250104",한강대로,0.0285,0.0168,0.52,0.0031,34,18
"20250104",홍릉로,0.0321,0.0145,0.58,0.0031,30,18
"20250104",화랑로,0.0347,0.0157,0.53,0.0026,34,20
"20250104",관악산,0.0071,0.0417,0.58,0.0036,26,13
"20250104",남산,0.019,0.0243,1,0.0034,25,15
"20250104",북한산,0.0121,0.0265,0.36,0.0029,26,20
"20250104",세곡,0.0241,0.0164,0.85,0.0041,31,14
"20250104",항동,0.0249,0.0178,0.68,0.0039,26,19
"20250104",행주,0.0261,0.0182,0.67,0.0036,30,16
"20250104",마포아트센터,0.0241,0.0242,0.93,0.0039,28,17
"20250104",서울숲,0.0238,0.013,0.5,0.0026,34,21
"20250104",올림픽공원,0.0153,0.0203,0.48,0.0024,28,19
"20250104",자연사박물관,0.0225,0.0239,0.53,0.0037,27,15
"20250105",강남구,0.0285,0.0109,0.46,0.002,33,24
"20250105",강동구,0.0286,0.0143,0.67,0.0028,39,30
"20250105",강북구,0.0263,0.0112,0.52,0.0021,34,28
"20250105",강서구,0.0324,0.0143,0.56,0.0026,35,25
"20250105",관악구,0.0302,0.0166,0.51,0.0022,27,22
"20250105",광진구,0.0237,0.0184,0.69,0.0031,30,22
"20250105",구로구,0.0208,0.0136,0.44,0.0022,38,26
"20250105",금천구,0.0181,0.0263,0.42,0.0023,29,23
"20250105",노원구,0.029,0.0131,0.53,0.0025,35,28
"20250105",도봉구,0.0277,0.0151,0.59,0.0028,34,26
"20250105",동대문구,0.035,0.0072,0.55,0.0019,38,24
"20250105",동작구,0.0292,0.0149,0.48,0.0021,33,24
"20250105",마포구,0.0323,0.0123,0.56,0.0023,32,27
"20250105",서대문구,0.0238,0.0201,0.53,0.0036,37,26
"20250105",서초구,0.0208,0.0127,0.42,0.002,35,27
"20250105",성동구,0.0285,0.0128,0.48,0.0023,31,20
"20250105",성북구,0.0294,0.0105,0.76,0.0027,30,24
"20250105",송파구,0.0281,0.012,0.47,0.0023,31,21
"20250105",양천구,0.0309,0.0147,0.53,0.0023,32,25
"20250105",영등포구,0.0336,0.0113,0.53,0.0025,33,25
"20250105",용산구,0.0371,0.0076,0.57,0.0021,29,24
"20250105",은평구,0.0171,0.02,0.63,0.0032,37,24
"20250105",종로구,0.0356,0.0116,0.56,0.0022,35,27
"20250105",중구,0.0264,0.0085,0.6,0.0034,40,33
"20250105",중랑구,0.0241,0.0153,0.47,0.002,32,24
"20250105",강남대로,0.0298,0.0099,0.8,,36,27
"20250105",강변북로,0.0277,0.0121,0.66,0.0024,36,27
"20250105",공항대로,0.0346,0.0121,0.54,0.0025,30,20
"20250105",도산대로,0.0273,0.0131,0.91,0.0027,37,30
"20250105",동작대로,0.0321,0.0121,0.55,0.0025,35,20
"20250105",시흥대로,0.0331,0.0151,0.6,0.0025,33,16
"20250105",신촌로,0.0335,0.0084,0.59,0.0026,41,30
"20250105",영등포로,0.0353,0.0095,0.56,0.0024,33,23
"20250105",정릉로,0.0392,0.0069,0.61,0.0027,45,24
"20250105",종로,0.0371,0.0067,0.61,0.0024,35,24
"20250105",천호대로,0.0319,0.01,0.58,0.0025,38,28
"20250105",청계천로,0.0366,0.0071,0.61,0.0022,36,26
"20250105",한강대로,0.0334,0.0085,0.58,0.0026,36,29
"20250105",홍릉로,0.0355,0.0062,0.61,0.0025,31,23
"20250105",화랑로,0.0351,0.0081,0.55,0.0022,36,23
"20250105",관악산,0.0066,0.0498,0.63,0.0031,24,10
"20250105",남산,0.023,0.0208,1.07,0.0028,27,21
"20250105",북한산,0.0191,0.0191,0.44,0.0027,36,29
"20250105",세곡,0.0238,0.0127,0.81,0.003,36,22
"20250105",항동,0.0223,0.0187,0.8,0.0035,29,27
"20250105",행주,0.0307,0.0132,0.74,0.0029,34,20
"20250105",마포아트센터,0.031,0.0145,1.08,0.0033,35,27
"20250105",서울숲,0.0233,0.0108,0.61,0.0025,35,30
"20250105",올림픽공원,0.0167,0.0125,0.59,0.0022,30,27
"20250105",자연사박물관,0.0246,0.0202,0.64,0.0031,39,28
"20250106",강남구,0.0214,0.0214,0.56,0.0022,56,42
"20250106",강동구,0.0227,0.0264,0.76,0.0028,56,46
"20250106",강북구,0.013,0.0308,0.53,0.0023,51,41
"20250106",강서구,0.0242,0.0236,0.59,0.0028,61,45
"20250106",관악구,0.0241,0.0228,0.57,0.0024,51,43
"20250106",광진구,0.0211,0.0273,0.83,0.0034,49,37
"20250106",구로구,0.0161,0.0206,0.49,0.0023,62,47
"20250106",금천구,0.0264,0.0177,0.61,0.0025,54,44
"20250106",노원구,0.0215,0.0251,0.57,0.0025,52,40
"20250106",도봉구,0.017,0.0327,0.66,0.0031,51,40
"20250106",동대문구,0.0209,0.0241,0.57,0.0019,58,38
"20250106",동작구,0.0235,0.0224,0.58,0.0022,59,45
"20250106",마포구,0.0232,0.0259,0.56,0.0024,49,40
"20250106",서대문구,0.0211,0.029,0.72,0.0035,55,44
"20250106",서초구,0.0154,0.0236,0.47,0.0021,60,47
"20250106",성동구,0.0243,0.0204,0.56,0.0027,54,36
"20250106",성북구,0.0195,0.0257,0.78,0.0028,49,39
"20250106",송파구,0.0243,0.019,0.58,0.0028,50,35
"20250106",양천구,0.0262,0.0214,0.61,0.0024,61,49
"20250106",영등포구,0.0244,0.0242,0.56,0.0024,54,44
"20250106",용산구,0.0234,0.0195,0.64,0.002,51,43
"20250106",은평구,0.0178,0.0237,0.81,0.0032,59,43
"20250106",종로구,0.0196,0.0302,0.59,0.0022,58,45
"20250106",중구,0.0172,0.027,0.56,0.003,51,46
"20250106",중랑구,0.0213,0.0237,0.57,0.0021,51,39
"20250106",강남대로,0.0271,0.0137,0.87,,62,48
"20250106",강변북로,0.0312,0.0159,0.8,0.0024,60,46
"20250106",공항대로,0.0305,0.0208,0.59,0.0025,52,38
"20250106",도산대로,0.0232,0.0206,0.85,0.0027,61,50
"20250106",동작대로,0.0305,0.0183,0.63,0.0026,61,36
"20250106",시흥대로,0.0325,0.0179,0.66,0.0025,59,36
"20250106",신촌로,0.0285,0.0191,0.68,0.0025,60,47
"20250106",영등포로,0.029,0.0194,0.65,0.0025,56,45
"20250106",정릉로,0.0305,0.0216,0.6,0.0024,55,36
"20250106",종로,0.0196,0.0266,0.57,0.0023,56,40
"20250106",천호대로,0.0294,0.0185,0.66,0.0025,56,43
"20250106",청계천로,0.0243,0.0224,0.62,0.002,60,43
"20250106",한강대로,0.0231,0.0231,0.61,0.0026,57,46
"20250106",홍릉로,0.0266,0.0202,0.67,0.0025,51,38
"20250106",화랑로,0.0288,0.0208,0.59,0.0023,48,33
"20250106",관악산,0.0113,0.0432,0.75,0.0032,51,29
"20250106",남산,0.0159,0.0317,1.18,0.0026,51,38
"20250106",북한산,0.0094,0.037,0.49,0.0027,53,43
"20250106",세곡,0.0233,0.0175,0.9,0.003,58,39
"20250106",항동,0.0222,0.0219,0.9,0.0036,51,45
"20250106",행주,0.0174,0.0288,0.68,0.0029,53,35
"20250106",마포아트센터,0.0211,0.0298,1.06,0.0033,56,44
"20250106",서울숲,0.017,0.0164,0.69,0.0024,57,47
"20250106",올림픽공원,0.0126,0.0248,0.66,0.0022,51,43
"20250106",자연사박물관,0.0124,0.0344,0.64,0.003,58,44
"20250107",강남구,0.0143,0.0244,0.35,0.0023,25,13
"20250107",강동구,0.0161,0.0292,0.54,0.0034,28,15
"20250107",강북구,0.0093,0.0313,0.33,0.0025,25,15
"20250107",강서구,0.0163,0.0265,0.34,0.0031,30,15
"20250107",관악구,0.0176,0.0246,0.35,0.0026,21,13
"20250107",광진구,0.0138,0.0298,0.64,0.0033,24,13
"20250107",구로구,0.011,0.0232,0.3,0.0027,32,12
"20250107",금천구,0.017,0.0246,0.34,0.0026,25,15
"20250107",노원구,0.0143,0.0267,0.35,0.0027,29,17
"20250107",도봉구,0.0096,0.0356,0.4,0.0033,25,13
"20250107",동대문구,0.0128,0.0278,0.34,0.0023,26,12
"20250107",동작구,0.015,0.0261,0.34,0.0022,25,14
"20250107",마포구,0.0166,0.0274,0.34,0.0025,25,13
"20250107",서대문구,0.0153,0.0273,0.42,0.0037,27,13
"20250107",서초구,0.0113,0.0257,0.28,0.0025,32,13
"20250107",성동구,0.0157,0.0244,0.33,0.0028,25,12
"20250107",성북구,0.0129,0.0268,0.57,0.0032,22,12
"20250107",송파구,0.0158,0.0228,0.34,0.0029,27,13
"20250107",양천구,0.0191,0.0238,0.38,0.0027,27,16
"20250107",영등포구,0.0155,0.0273,0.34,0.0027,25,13
"20250107",용산구,0.0149,0.0217,0.4,0.002,27,13
"20250107",은평구,0.0148,0.022,0.56,0.0036,29,11
"20250107",종로구,0.0133,0.029,0.36,0.0024,26,16
"20250107",중구,0.0148,0.0248,0.35,0.0032,24,14
"20250107",중랑구,0.0171,0.022,0.38,0.0023,26,14
"20250107",강남대로,0.023,0.0165,0.5,0.0029,35,13
"20250107",강변북로,0.0224,0.0206,0.51,0.0027,36,14
"20250107",공항대로,0.0212,0.0235,0.37,0.0028,29,13
"20250107",도산대로,0.0164,0.0227,0.58,0.0032,30,15
"20250107",동작대로,0.0224,0.0221,0.39,0.0026,36,15
"20250107",시흥대로,0.0187,0.024,0.37,0.0028,28,9
"20250107",신촌로,0.0248,0.0181,0.5,0.0027,30,17
"20250107",영등포로,0.0215,0.0226,0.42,0.0027,26,11
"20250107",정릉로,0.0232,0.023,0.43,0.0027,29,14
"20250107",종로,0.0139,0.0273,0.36,0.0024,29,13
"20250107",천호대로,0.0215,0.0225,0.42,0.0024,35,18
"20250107",청계천로,0.0148,0.0247,0.4,0.0018,33,16
"20250107",한강대로,0.0174,0.0238,0.39,0.0027,29,13
"20250107",홍릉로,0.0207,0.0222,0.46,0.0029,26,13
"20250107",화랑로,0.0234,0.0264,0.39,0.0023,30,14
"20250107",관악산,0.0072,0.0376,0.54,0.0035,31,12
"20250107",남산,0.009,0.0258,0.66,0.0032,22,10
"20250107",북한산,0.0051,0.0339,0.29,0.0029,26,16
"20250107",세곡,0.0166,0.0227,0.68,0.0029,29,10
"20250107",항동,0.0125,0.028,0.63,0.0038,21,15
"20250107",행주,0.0082,0.0312,0.59,0.0033,24,11
"20250107",마포아트센터,0.0147,0.0298,0.89,0.0036,25,11
"20250107",서울숲,0.0128,0.0187,0.46,0.0026,24,14
"20250107",올림픽공원,0.0077,0.031,0.38,0.0023,23,13
"20250107",자연사박물관,0.0103,0.0288,0.3,0.0033,27,10
"20250108",강남구,0.0206,0.0185,0.41,0.0024,27,17
"20250108",강동구,0.0224,0.0213,0.64,0.0033,29,17
"20250108",강북구,0.012,0.0268,0.37,0.0022,25,16
"20250108",강서구,0.023,0.0197,0.42,0.0034,32,18
"20250108",관악구,0.0217,0.0208,0.39,0.0027,24,17
"20250108",광진구,0.0211,0.0216,0.74,0.0031,24,15
"20250108",구로구,0.0141,0.0189,0.33,0.0028,34,17
"20250108",금천구,0.0236,0.0189,0.45,0.0027,28,19
"20250108",노원구,0.0215,0.0192,0.45,0.0026,29,19
"20250108",도봉구,0.0179,0.0268,0.52,0.0031,25,14
"20250108",동대문구,0.0217,0.02,0.43,0.0022,27,15
"20250108",동작구,0.0193,0.0211,0.38,0.0023,28,18
"20250108",마포구,0.0243,0.0173,0.39,0.0024,21,12
"20250108",서대문구,0.0185,0.0235,0.52,0.0047,28,15
"20250108",서초구,0.013,0.0229,0.3,0.0025,33,17
"20250108",성동구,0.0247,0.0168,0.42,0.0029,27,15
"20250108",성북구,0.0225,0.0176,0.61,0.0031,20,13
"20250108",송파구,0.0247,0.0152,0.45,0.0027,29,16
"20250108",양천구,0.0232,0.0192,0.43,0.0027,28,19
"20250108",영등포구,0.0191,0.0228,0.37,0.0026,25,16
"20250108",용산구,0.0206,0.0176,0.45,0.002,28,17
"20250108",은평구,0.0179,0.0183,0.55,0.0035,29,12
"20250108",종로구,0.0183,0.0251,0.41,0.0024,28,18
"20250108",중구,0.0177,0.0219,0.39,0.0034,27,18
"20250108",중랑구,0.02,0.0178,0.43,0.0024,26,16
"20250108",강남대로,0.025,0.0127,0.58,0.0031,39,18
"20250108",강변북로,0.0291,0.0147,0.46,0.0027,36,19
"20250108",공항대로,0.0278,0.0164,0.45,0.0029,29,16
"20250108",도산대로,0.0193,0.0197,0.61,0.0031,33,18
"20250108",동작대로,0.0246,0.018,0.42,0.0028,39,14
"20250108",시흥대로,0.0271,0.018,0.43,0.0029,32,14
"20250108",신촌로,0.0288,0.0141,0.55,0.0029,32,19
"20250108",영등포로,0.0243,0.019,0.45,0.0027,27,11
"20250108",정릉로,0.0305,0.0158,0.5,0.0027,29,16
"20250108",종로,0.0181,0.0202,0.38,0.0024,30,14
"20250108",천호대로,0.0298,0.0153,0.52,0.0028,32,18
"20250108",청계천로,0.0204,0.0197,0.45,0.0019,34,19
"20250108",한강대로,0.0204,0.0206,0.42,0.0028,30,16
"20250108",홍릉로,0.0273,0.0159,0.54,0.0031,26,14
"20250108",화랑로,0.029,0.0194,0.48,0.0022,28,15
"20250108",관악산,0.0079,0.0364,0.59,0.0036,33,17
"20250108",남산,0.0102,0.0263,0.41,0.0034,26,15
"20250108",북한산,0.0042,0.0334,0.31,0.0029,27,17
"20250108",세곡,0.0206,0.0164,0.86,0.0033,31,13
"20250108",항동,0.0175,0.0213,0.64,0.0038,26,18
"20250108",행주,0.0164,0.0216,0.72,0.0034,28,14
"20250108",마포아트센터,0.0196,0.0244,0.84,0.0036,28,15
"20250108",서울숲,0.0191,0.0178,0.61,0.003,27,14
"20250108",올림픽공원,0.0115,0.022,0.35,0.0022,25,16
"20250108",자연사박물관,0.0137,0.0253,0.35,0.0034,29,14
"20250109",강남구,0.0078,0.0283,0.28,0.0019,24,9
"20250109",강동구,0.0085,0.0345,0.45,0.0031,29,10
"20250109",강북구,0.0045,0.0342,0.26,0.0018,26,11
"20250109",강서구,0.0087,0.0298,0.27,0.0024,28,10
"20250109",관악구,0.0104,0.0287,0.28,0.0022,20,8
"20250109",광진구,0.0083,0.034,0.53,0.0026,25,9
"20250109",구로구,0.0068,0.0273,0.25,0.0023,34,9
"20250109",금천구,0.0107,0.0286,0.27,0.002,23,8
"20250109",노원구,0.0086,0.03,0.28,0.002,28,12
"20250109",도봉구,0.0053,0.0378,0.35,0.0024,28,9
"20250109",동대문구,0.0078,0.0303,0.28,0.0018,26,8
"20250109",동작구,0.0093,0.0295,0.28,0.0017,29,11
"20250109",마포구,0.01,0.0285,0.28,0.002,22,6
"20250109",서대문구,0.009,0.0318,0.23,0.0029,32,9
"20250109",서초구,0.006,0.0308,0.22,0.0021,33,8
"20250109",성동구,0.0104,0.0278,0.28,0.0027,26,9
"20250109",성북구,0.0077,0.0301,0.32,0.0027,22,7
"20250109",송파구,0.0101,0.0258,0.29,0.0021,27,8
"20250109",양천구,0.0103,0.0284,0.3,0.0019,26,10
"20250109",영등포구,0.0097,0.0292,0.27,0.0019,23,9
"20250109",용산구,0.0087,0.0248,0.34,0.0018,28,9
"20250109",은평구,0.009,0.0247,0.26,0.003,31,6
"20250109",종로구,0.0082,0.0316,0.3,0.0018,27,10
"20250109",중구,0.0077,0.0261,0.29,0.0028,24,10
"20250109",중랑구,0.0099,0.0257,0.31,0.0019,26,10
"20250109",강남대로,0.0158,0.0209,0.42,0.0019,37,8
"20250109",강변북로,0.0138,0.0258,0.3,0.0024,36,11
"20250109",공항대로,0.0122,0.0305,0.29,0.0026,33,8
"20250109",도산대로,0.0104,0.0258,0.56,0.0026,31,9
"20250109",동작대로,0.0138,0.0269,0.32,0.0021,32,7
"20250109",시흥대로,0.0127,0.0274,0.31,0.0021,26,5
"20250109",신촌로,0.0168,0.0242,0.39,0.0023,27,11
"20250109",영등포로,0.0131,0.0276,0.34,0.002,23,5
"20250109",정릉로,0.0153,0.0278,0.34,0.002,26,9
"20250109",종로,0.0068,0.0295,0.28,0.0019,29,9
"20250109",천호대로,0.0179,0.0249,0.36,0.0022,30,11
"20250109",청계천로,0.0087,0.029,0.31,0.0014,45,9
"20250109",한강대로,0.0114,0.0278,0.32,0.0025,33,8
"20250109",홍릉로,0.0123,0.0275,0.35,0.0026,23,8
"20250109",화랑로,0.0149,0.0327,0.32,0.0017,29,9
"20250109",관악산,0.0044,0.0372,0.52,0.0029,32,10
"20250109",남산,0.0049,0.0311,0.37,0.0031,27,7
"20250109",북한산,0.0024,0.0368,0.3,0.0027,29,13
"20250109",세곡,0.009,0.0287,0.63,0.0025,31,6
"20250109",항동,0.005,0.0362,0.33,0.0033,27,10
"20250109",행주,0.0017,0.0357,0.79,0.0033,27,6
"20250109",마포아트센터,0.0077,0.034,0.59,0.0033,29,8
"20250109",서울숲,0.007,0.0324,0.42,0.003,30,8
"20250109",올림픽공원,0.0044,0.0359,0.23,0.0021,24,8
"20250109",자연사박물관,0.0059,0.0325,0.24,0.0031,31,6
"20250110",강남구,0.0229,0.0163,0.39,0.0021,23,13
"20250110",강동구,0.0291,0.0153,0.53,0.0035,29,16
"20250110",강북구,0.0184,0.0211,0.4,0.0021,23,16
"20250110",강서구,0.02,0.0215,0.33,0.0031,27,15
"20250110",관악구,0.0225,0.0191,0.36,0.0026,17,12
"20250110",광진구,0.0267,0.0182,0.49,0.0029,23,13
"20250110",구로구,0.0144,0.0193,0.3,0.0027,26,12
"20250110",금천구,0.0242,0.0194,0.36,0.0023,21,13
"20250110",노원구,0.0284,0.0147,0.48,0.0028,29,18
"20250110",도봉구,0.0231,0.0222,0.51,0.0025,23,13
"20250110",동대문구,0.024,0.0171,0.45,0.0021,25,12
"20250110",동작구,0.0228,0.0198,0.36,0.0021,24,15
"20250110",마포구,0.0223,0.0187,0.35,0.0023,22,11
"20250110",서대문구,0.0228,0.02,0.48,0.0055,24,13
"20250110",서초구,0.016,0.0192,0.29,0.0024,26,12
"20250110",성동구,0.0245,0.0173,0.38,0.0031,22,12
"20250110",성북구,0.0247,0.0159,0.52,0.003,20,13
"20250110",송파구,0.0264,0.0141,0.42,0.0023,25,14
"20250110",양천구,0.0221,0.0198,0.38,0.0023,22,15
"20250110",영등포구,0.0188,0.0219,0.33,0.0022,21,12
"20250110",용산구,0.0241,0.0162,0.47,0.0028,23,13
"20250110",은평구,0.0195,0.0168,0.35,0.0033,24,8
"20250110",종로구,0.0236,0.019,0.43,0.0022,22,15
"20250110",중구,0.0216,0.0165,0.37,0.003,21,14
"20250110",중랑구,0.0228,0.0161,0.41,0.0022,24,14
"20250110",강남대로,0.0287,0.0117,0.57,0.0029,31,14
"20250110",강변북로,0.0281,0.0155,0.42,0.0029,28,15
"20250110",공항대로,0.0246,0.0194,0.38,0.003,24,12
"20250110",도산대로,0.0235,0.0171,0.7,0.003,26,14
"20250110",동작대로,0.0281,0.0156,0.42,0.0024,30,15
"20250110",시흥대로,0.0268,0.0178,0.41,0.0027,24,8
"20250110",신촌로,0.0308,0.0135,0.54,0.0026,28,17
"20250110",영등포로,0.0241,0.0187,0.42,0.0022,23,7
"20250110",정릉로,0.0357,0.012,0.55,0.0024,28,15
"20250110",종로,0.0205,0.0188,0.39,0.0022,26,13
"20250110",천호대로,0.0337,0.0104,0.57,0.0025,34,17
"20250110",청계천로,0.0248,0.0171,0.46,0.002,28,16
"20250110",한강대로,0.024,0.0185,0.43,0.0029,24,12
"20250110",홍릉로,0.0296,0.0143,0.51,0.0029,23,12
"20250110",화랑로,0.0366,0.0135,0.51,0.002,33,15
"20250110",관악산,0.0113,0.032,0.51,0.0033,25,12
"20250110",남산,0.0152,0.0236,0.49,0.0035,19,10
"20250110",북한산,0.0057,0.0318,0.36,0.0028,21,14
"20250110",세곡,0.0279,0.0124,0.78,0.0037,29,11
"20250110",항동,0.0185,0.0248,0.42,0.0036,17,14
"20250110",행주,0.0166,0.0236,0.89,0.0035,23,10
"20250110",마포아트센터,0.019,0.0246,0.65,0.0037,21,13
"20250110",서울숲,0.0216,0.0201,0.51,0.0034,21,11
"20250110",올림픽공원,0.0155,0.0174,0.36,0.0021,24,14
"20250110",자연사박물관,0.0188,0.0206,0.36,0.0035,22,10
"20250111",강남구,0.0317,0.0112,0.47,0.002,30,20
"20250111",강동구,0.0339,0.0124,0.59,0.0032,33,23
"20250111",강북구,0.029,0.0148,0.49,0.0021,32,25
"20250111",강서구,0.0285,0.0171,0.47,0.0032,36,23
"20250111",관악구,0.0337,0.0137,0.52,0.0024,26,20
"20250111",광진구,0.0309,0.0157,0.54,0.0028,27,18
"20250111",구로구,0.0218,0.0129,0.42,0.0025,36,22
"20250111",금천구,0.0325,0.015,0.51,0.0024,29,23
"20250111",노원구,0.0372,0.0096,0.59,0.0026,39,29
"20250111",도봉구,0.0342,0.0149,0.68,0.0025,33,23
"20250111",동대문구,0.033,0.0116,0.59,0.0019,32,21
"20250111",동작구,0.0361,0.0113,0.51,0.002,34,22
"20250111",마포구,0.0325,0.0137,0.49,0.0024,29,19
"20250111",서대문구,0.0293,0.0174,0.69,0.0062,28,20
"20250111",서초구,0.0235,0.0132,0.4,0.0022,36,22
"20250111",성동구,0.0329,0.0124,0.45,0.0029,28,17
"20250111",성북구,0.0334,0.011,0.64,0.0029,27,21
"20250111",송파구,0.0345,0.0098,0.51,0.0025,31,20
"20250111",양천구,0.0338,0.0138,0.53,0.0024,32,26
"20250111",영등포구,0.0284,0.017,0.44,0.0022,28,19
"20250111",용산구,0.0364,0.0107,0.57,0.0029,28,21
"20250111",은평구,0.0266,0.0136,0.46,0.0031,28,16
"20250111",종로구,0.0323,0.0139,0.52,0.0022,29,24
"20250111",중구,0.0352,0.0095,0.51,0.0029,29,22
"20250111",중랑구,0.0293,0.0128,0.47,0.0019,29,20
"20250111",강남대로,0.0357,0.0074,0.73,0.0036,38,23
"20250111",강변북로,0.0375,0.0099,0.54,0.0027,37,23
"20250111",공항대로,0.0305,0.015,0.49,0.003,30,18
"20250111",도산대로,0.0323,0.0125,0.6,0.0028,36,23
"20250111",동작대로,0.0356,0.0107,0.58,0.0025,38,21
"20250111",시흥대로,0.0369,0.0128,0.61,0.0028,34,16
"20250111",신촌로,0.0383,0.0103,0.65,0.0026,33,25
"20250111",영등포로,0.0335,0.0139,0.48,0.0024,30,15
"20250111",정릉로,0.0428,0.0085,0.66,0.0025,36,23
"20250111",종로,0.0328,0.0124,0.52,0.0022,33,20
"20250111",천호대로,0.0385,0.0072,0.61,0.0026,35,25
"20250111",청계천로,0.0356,0.0119,0.56,0.0022,34,22
"20250111",한강대로,0.034,0.0126,0.53,0.0027,31,20
"20250111",홍릉로,0.0375,0.0091,0.57,0.0029,28,20
"20250111",화랑로,0.0384,0.0103,0.53,0.002,33,20
"20250111",관악산,0.0118,0.0387,0.51,0.0031,29,17
"20250111",남산,0.0286,0.0155,0.65,0.0034,27,19
"20250111",북한산,0.0144,0.0255,0.42,0.0028,29,22
"20250111",세곡,0.0309,0.0109,0.82,0.0035,33,18
"20250111",항동,0.0259,0.0191,0.59,0.0036,24,21
"20250111",행주,0.0204,0.0221,0.96,0.0032,27,16
"20250111",마포아트센터,0.0288,0.0195,0.76,0.0034,28,22
"20250111",서울숲,0.0321,0.0135,0.59,0.0031,28,18
"20250111",올림픽공원,0.019,0.013,0.45,0.0021,30,22
"20250111",자연사박물관,0.0271,0.0163,0.47,0.0033,28,17
"20250112",강남구,0.0332,0.0113,0.57,0.0022,38,30
"20250112",강동구,0.0358,0.0135,0.75,0.0032,44,36
"20250112",강북구,0.0248,0.0198,0.52,0.0022,39,33
"20250112",강서구,0.0386,0.0114,0.64,0.0038,43,30
"20250112",관악구,0.0423,0.0105,0.7,0.0026,34,28
"20250112",광진구,0.0341,0.0158,0.68,0.003,35,29
"20250112",구로구,0.0271,0.0098,0.55,0.0027,45,31
"20250112",금천구,0.0405,0.0103,0.64,0.0026,38,32
"20250112",노원구,0.0363,0.0122,0.67,0.0028,43,34
"20250112",도봉구,0.0293,0.0214,0.7,0.0027,37,27
"20250112",동대문구,0.0327,0.0147,0.68,0.0021,38,27
"20250112",동작구,0.0415,0.01,0.64,0.0022,42,33
"20250112",마포구,0.041,0.0105,0.66,0.0025,34,28
"20250112",서대문구,0.0361,0.0147,0.89,0.0071,36,28
"20250112",서초구,0.0255,0.0115,0.5,0.0022,42,30
"20250112",성동구,0.0347,0.0129,0.56,0.0028,37,26
"20250112",성북구,0.0331,0.0132,0.68,0.003,32,26
"20250112",송파구,0.0372,0.0095,0.64,0.0027,37,26
"20250112",양천구,0.045,0.0102,0.75,0.0027,39,33
"20250112",영등포구,0.0374,0.0128,0.58,0.0025,35,27
"20250112",용산구,0.0397,0.0108,0.69,0.003,33,28
"20250112",은평구,0.0283,0.0145,0.57,0.0032,34,22
"20250112",종로구,0.034,0.0144,0.62,0.0024,37,32
"20250112",중구,0.0376,0.0109,0.62,0.003,36,31
"20250112",중랑구,0.0314,0.0133,0.57,0.002,39,32
"20250112",강남대로,0.0343,0.0074,0.93,0.0039,44,32
"20250112",강변북로,0.0378,0.0098,0.65,0.0027,47,33
"20250112",공항대로,0.034,0.0113,0.58,0.0029,34,23
"20250112",도산대로,0.0349,0.012,0.73,0.0029,44,31
"20250112",동작대로,0.0393,0.0093,0.71,0.0027,45,26
"20250112",시흥대로,0.0459,0.0081,0.76,0.0029,41,22
"20250112",신촌로,0.0436,0.0079,0.81,0.0027,41,34
"20250112",영등포로,0.0386,0.0119,,0.0026,36,22
"20250112",정릉로,0.044,0.0094,0.72,0.0026,42,29
"20250112",종로,0.0345,0.0121,0.61,0.0023,38,28
"20250112",천호대로,0.0382,0.009,0.76,0.0026,44,34
"20250112",청계천로,0.0378,0.0115,0.65,0.0024,42,30
"20250112",한강대로,0.0389,0.0106,0.66,0.0028,39,29
"20250112",홍릉로,0.0401,0.0092,0.67,0.0029,35,28
"20250112",화랑로,0.037,0.0173,0.63,0.002,39,27
"20250112",관악산,0.0103,0.0446,0.56,0.0033,33,20
"20250112",남산,0.0295,0.0178,0.75,0.0034,33,25
"20250112",북한산,0.0092,0.0324,0.45,0.0028,33,27
"20250112",세곡,0.0303,0.0113,0.97,0.0037,41,27
"20250112",항동,0.0348,0.0135,0.78,0.0038,35,30
"20250112",행주,0.0266,0.017,1.08,0.0032,37,25
"20250112",마포아트센터,0.036,0.0167,0.92,0.0036,37,30
"20250112",서울숲,0.034,0.0136,0.71,0.0031,38,29
"20250112",올림픽공원,0.0173,0.0156,0.53,0.0022,38,30
"20250112",자연사박물관,0.0328,0.0141,0.61,0.0034,37,26
"20250113",강남구,0.0348,0.0092,0.66,0.0023,52,38
"20250113",강동구,0.0394,0.0093,0.85,0.0033,56,46
"20250113",강북구,0.0375,0.0105,0.74,0.0025,56,45
"20250113",강서구,0.0411,0.0108,0.71,0.0034,58,38
"20250113",관악구,0.0404,0.0112,0.69,0.0027,46,36
"20250113",광진구,0.0426,0.0045,0.83,0.0033,45,36
"20250113",구로구,0.0281,0.0083,0.62,0.0028,62,43
"20250113",금천구,0.0367,0.0127,0.67,0.0029,53,43
"20250113",노원구,0.0439,0.0058,0.76,0.0027,60,46
"20250113",도봉구,0.0444,0.0074,0.92,0.0029,53,41
"20250113",동대문구,0.0433,0.0069,0.86,0.0023,57,40
"20250113",동작구,0.0426,0.009,0.69,0.0025,56,43
"20250113",마포구,0.0436,0.0077,0.72,0.0028,50,40
"20250113",서대문구,0.0417,0.0092,0.97,0.0058,50,39
"20250113",서초구,0.0299,0.008,0.6,0.0024,62,45
"20250113",성동구,0.0421,0.0065,0.69,0.0029,52,35
"20250113",성북구,0.0438,0.0049,0.9,0.0033,49,39
"20250113",송파구,0.0388,0.0082,0.67,0.0029,47,31
"20250113",양천구,0.0426,0.01,0.75,0.0028,56,44
"20250113",영등포구,0.0388,0.0118,0.65,0.0029,50,39
"20250113",용산구,0.0512,0.0024,0.86,0.003,46,38
"20250113",은평구,0.0314,0.0114,0.69,0.0033,52,35
"20250113",종로구,0.0464,0.0071,0.83,0.0031,59,48
"20250113",중구,0.0482,0.0037,0.8,0.0033,56,47
"20250113",중랑구,0.0364,0.0095,0.68,0.0022,52,41
"20250113",강남대로,0.0369,0.0064,0.95,0.0042,58,41
"20250113",강변북로,0.0431,0.0059,0.78,0.0029,59,43
"20250113",공항대로,0.0405,0.0091,0.67,0.0031,49,33
"20250113",도산대로,0.0389,0.0089,0.94,0.0031,61,44
"20250113",동작대로,0.0434,0.0064,0.79,0.0033,61,36
"20250113",시흥대로,0.0467,0.0087,0.79,0.0032,55,29
"20250113",신촌로,0.0481,0.0052,0.86,0.0029,57,45
"20250113",영등포로,0.0428,0.0088,0.72,0.0028,54,34
"20250113",정릉로,0.0533,0.004,0.91,0.003,57,38
"20250113",종로,0.0443,0.0059,0.83,0.0028,57,39
"20250113",천호대로,0.0431,0.006,0.86,0.0029,57,44
"20250113",청계천로,0.0478,0.0055,0.94,0.003,62,44
"20250113",한강대로,0.0456,0.0049,0.84,0.0031,59,44
"20250113",홍릉로,0.0474,0.0043,0.83,0.0031,50,38
"20250113",화랑로,0.0464,0.0062,0.75,0.0025,53,35
"20250113",관악산,0.0091,0.0483,0.61,0.0039,43,26
"20250113",남산,0.0286,0.018,0.82,0.0036,51,36
"20250113",북한산,0.0241,0.0198,0.62,0.0029,52,42
"20250113",세곡,0.0322,0.011,0.95,0.0038,55,34
"20250113",항동,0.0322,0.0141,0.78,0.0041,47,41
"20250113",행주,0.0425,0.0054,1.38,0.0037,49,33
"20250113",마포아트센터,0.0426,0.0115,1.04,0.004,56,43
"20250113",서울숲,0.0383,0.0085,0.81,0.0033,52,40
"20250113",올림픽공원,0.0206,0.0119,0.65,0.0023,50,41
"20250113",자연사박물관,0.0369,0.0107,0.74,0.0036,52,39
"20250114",강남구,0.0263,0.0193,0.57,0.0025,56,39
"20250114",강동구,0.0309,0.0209,0.79,0.0033,60,48
"20250114",강북구,0.0255,0.0204,0.66,0.0028,61,48
"20250114",강서구,0.0332,0.0186,0.63,0.0033,64,44
"20250114",관악구,0.033,0.0198,0.63,0.0029,54,41
"20250114",광진구,0.016,0.0325,0.66,0.0043,48,29
"20250114",구로구,0.0204,0.0198,0.5,0.0029,68,47
"20250114",금천구,0.0313,0.0195,0.57,0.0032,61,46
"20250114",노원구,0.0327,0.0163,0.66,0.0032,67,49
"20250114",도봉구,0.0293,0.0219,0.86,0.0035,59,47
"20250114",동대문구,0.0318,0.0175,0.75,0.0025,61,44
"20250114",동작구,0.0346,0.0193,0.63,0.0028,63,47
"20250114",마포구,0.0367,0.0148,0.71,0.0032,52,44
"20250114",서대문구,0.0341,0.0148,0.96,0.0052,57,43
"20250114",서초구,0.0236,0.0154,0.51,0.0025,66,46
"20250114",성동구,0.0311,0.0166,0.55,0.0033,54,35
"20250114",성북구,0.0327,0.016,0.85,0.0033,54,41
"20250114",송파구,0.0313,0.0155,0.54,0.0033,51,31
"20250114",양천구,0.0339,0.0177,0.63,0.003,62,49
"20250114",영등포구,0.033,0.0202,0.61,0.0032,56,43
"20250114",용산구,0.0156,0.03,0.48,0.0031,47,33
"20250114",은평구,0.0274,0.0147,0.76,0.0033,62,43
"20250114",종로구,0.0351,0.0163,0.73,0.0035,63,50
"20250114",중구,0.0348,0.0155,0.67,0.0034,58,48
"20250114",중랑구,0.032,0.0154,0.64,0.0025,56,42
"20250114",강남대로,0.033,0.0124,0.78,0.0037,66,43
"20250114",강변북로,0.035,0.0134,0.7,0.0028,58,42
"20250114",공항대로,0.0353,0.0165,0.61,0.0029,55,36
"20250114",도산대로,0.0332,0.0148,0.78,0.003,63,45
"20250114",동작대로,0.0405,0.0133,0.73,0.004,64,36
"20250114",시흥대로,0.0332,0.0188,0.63,0.0031,61,33
"20250114",신촌로,0.0417,0.0094,0.86,0.0031,64,49
"20250114",영등포로,0.0379,0.0154,0.73,0.0029,60,39
"20250114",정릉로,0.0446,0.013,0.85,0.0033,63,39
"20250114",종로,0.032,0.0142,0.73,0.0029,59,39
"20250114",천호대로,0.0354,0.0148,0.73,0.0029,59,46
"20250114",청계천로,0.037,0.0164,0.85,0.0033,64,45
"20250114",한강대로,0.0363,0.0129,0.71,0.0031,62,44
"20250114",홍릉로,0.0375,0.0132,0.73,0.0032,53,39
"20250114",화랑로,0.0371,0.0153,0.69,0.0031,61,39
"20250114",관악산,0.0117,0.052,0.67,0.0036,67,40
"20250114",남산,0.0188,0.029,0.65,0.0035,57,38
"20250114",북한산,0.0232,0.0243,0.62,0.0031,57,45
"20250114",세곡,0.0284,0.018,0.74,0.0033,57,34
"20250114",항동,0.0257,0.0216,0.72,0.004,51,42
"20250114",행주,0.0105,0.0336,0.89,0.0036,55,31
"20250114",마포아트센터,0.0366,0.0172,1.02,0.0039,58,42
"20250114",서울숲,0.026,0.02,0.59,0.0032,52,39
"20250114",올림픽공원,0.0153,0.0231,0.59,0.0024,53,40
"20250114",자연사박물관,0.0317,0.0169,0.75,0.0036,58,42
"20250115",강남구,0.0116,0.0237,0.33,0.0023,29,11
"20250115",강동구,0.0122,0.0291,0.51,0.0034,33,11
"20250115",강북구,0.0073,0.029,0.3,0.0025,31,13
"20250115",강서구,0.0156,0.023,0.33,0.0032,35,14
"20250115",관악구,0.0148,0.0228,0.33,0.0026,27,10
"20250115",광진구,0.0109,0.027,0.47,0.0035,29,10
"20250115",구로구,0.0094,0.0237,0.28,0.0027,43,12
"20250115",금천구,0.0145,0.0242,0.33,0.0025,31,11
"20250115",노원구,0.0125,0.0257,0.34,0.0027,37,14
"20250115",도봉구,0.0074,0.0322,0.41,0.0031,32,10
"20250115",동대문구,0.0111,0.0259,0.37,0.0023,31,11
"20250115",동작구,0.014,0.0236,0.33,0.0022,34,14
"20250115",마포구,0.014,0.0235,0.33,0.0025,29,11
"20250115",서대문구,0.011,0.0266,0.31,0.0029,32,8
"20250115",서초구,0.008,0.0256,0.26,0.0024,43,10
"20250115",성동구,0.0138,0.0213,0.34,0.0032,36,12
"20250115",성북구,0.0098,0.026,0.41,0.0031,28,9
"20250115",송파구,0.0138,0.0193,0.36,0.0029,40,14
"20250115",양천구,0.018,0.0205,0.37,0.0026,33,14
"20250115",영등포구,0.0143,0.0242,0.32,0.0026,27,11
"20250115",용산구,0.0113,0.0251,0.33,0.0026,31,10
"20250115",은평구,0.0134,0.0179,0.47,0.0033,45,11
"20250115",종로구,0.0121,0.0251,0.35,0.0027,31,13
"20250115",중구,0.0127,0.0217,0.33,0.0032,26,12
"20250115",중랑구,0.0144,0.0215,0.36,0.0024,31,12
"20250115",강남대로,0.0196,0.0178,0.44,0.0026,45,11
"20250115",강변북로,0.0178,0.0202,0.44,0.0032,39,12
"20250115",공항대로,0.0188,0.021,0.36,0.0027,32,10
"20250115",도산대로,0.0146,0.0211,0.3,0.0029,37,11
"20250115",동작대로,0.0205,0.0201,0.38,0.0027,37,9
"20250115",시흥대로,0.0169,0.0219,0.39,0.0026,32,6
"20250115",신촌로,0.0241,0.0175,0.47,0.0029,34,16
"20250115",영등포로,0.0199,0.0215,0.41,0.0027,30,6
"20250115",정릉로,0.0201,0.0214,0.43,0.0029,33,12
"20250115",종로,0.0119,0.0246,0.34,0.0025,31,11
"20250115",천호대로,0.0204,0.0206,0.41,0.0028,33,15
"20250115",청계천로,0.0133,0.0256,0.37,0.0024,36,12
"20250115",한강대로,0.0153,0.0221,0.38,0.0028,38,11
"20250115",홍릉로,0.0177,0.0218,0.41,0.0031,28,10
"20250115",화랑로,0.0211,0.0251,0.38,0.0024,35,11
"20250115",관악산,0.0071,0.0348,0.5,0.0033,41,11
"20250115",남산,0.0078,0.0262,0.28,0.0033,30,9
"20250115",북한산,0.0038,0.0292,0.32,0.003,33,14
"20250115",세곡,0.0134,0.024,0.56,0.0031,37,7
"20250115",항동,0.0089,0.0279,0.45,0.0038,27,10
"20250115",행주,0.0065,0.028,0.83,0.0032,29,8
"20250115",마포아트센터,0.0123,0.028,0.66,0.0037,33,9
"20250115",서울숲,0.0106,0.0271,0.32,0.0032,32,9
"20250115",올림픽공원,0.0067,0.0298,0.42,0.0023,30,11
"20250115",자연사박물관,0.0097,0.0268,0.36,0.0034,32,8
"20250116",강남구,0.027,0.0111,0.47,0.0024,33,18
"20250116",강동구,0.0319,0.0109,0.69,0.0034,33,21
"20250116",강북구,0.0246,0.0149,0.46,0.0025,31,19
"20250116",강서구,0.0302,0.0119,0.48,0.0034,38,19
"20250116",관악구,0.0296,0.0121,0.46,0.0027,29,18
"20250116",광진구,0.0303,0.012,0.55,0.0035,29,16
"20250116",구로구,0.0197,0.0117,0.38,0.0028,43,21
"20250116",금천구,0.0303,0.011,0.52,0.0026,32,20
"20250116",노원구,0.031,0.0104,0.49,0.0027,36,21
"20250116",도봉구,0.0258,0.0151,0.49,0.0029,31,15
"20250116",동대문구,0.0294,0.011,0.55,0.0023,33,17
"20250116",동작구,0.0286,0.0118,0.45,0.0024,34,20
"20250116",마포구,0.0288,0.0107,0.46,0.0026,33,20
"20250116",서대문구,0.0265,0.0135,0.56,0.0036,34,16
"20250116",서초구,0.0215,0.0109,0.37,0.0024,40,20
"20250116",성동구,0.0325,0.0098,0.55,0.0035,50,23
"20250116",성북구,0.0288,0.0096,0.6,0.0032,28,17
"20250116",송파구,0.0345,0.0087,0.55,0.0026,46,27
"20250116",양천구,0.0314,0.0105,0.49,0.0029,35,22
"20250116",영등포구,0.0299,0.0111,0.44,0.0029,30,18
"20250116",용산구,0.0262,0.0125,0.44,0.0027,31,18
"20250116",은평구,0.0253,0.0129,0.7,0.0032,55,26
"20250116",종로구,0.0281,0.0125,0.48,0.0029,33,21
"20250116",중구,0.0288,0.0104,0.47,0.0031,29,19
"20250116",중랑구,0.0294,0.0095,0.46,0.0023,31,18
"20250116",강남대로,0.0298,0.0079,0.61,0.0037,39,20
"20250116",강변북로,0.0332,0.0091,0.59,0.0037,39,18
"20250116",공항대로,0.0305,0.011,0.49,0.003,32,16
"20250116",도산대로,0.0274,0.0117,0.39,0.003,37,19
"20250116",동작대로,0.0314,0.0104,0.52,0.0032,37,19
"20250116",시흥대로,0.034,0.0097,0.52,0.0028,37,13
"20250116",신촌로,0.0335,0.0081,0.6,0.0028,33,22
"20250116",영등포로,0.0335,0.009,0.57,0.0028,32,13
"20250116",정릉로,0.0378,0.0079,0.6,0.003,34,18
"20250116",종로,0.029,0.0117,0.5,0.0025,35,17
"20250116",천호대로,0.0329,0.0082,0.58,0.0028,31,21
"20250116",청계천로,0.0303,0.0152,0.57,0.003,38,20
"20250116",한강대로,0.0303,0.0097,0.51,0.0029,35,19
"20250116",홍릉로,0.0328,0.0085,0.57,0.003,29,17
"20250116",화랑로,0.0384,0.0076,0.55,0.0027,34,17
"20250116",관악산,0.0092,0.0337,0.49,0.0032,37,18
"20250116",남산,0.0227,0.0148,0.4,0.0035,30,15
"20250116",북한산,0.0158,0.0202,0.39,0.0029,32,21
"20250116",세곡,0.0258,0.0113,0.74,0.0034,33,15
"20250116",항동,0.0258,0.0114,0.53,0.0039,31,19
"20250116",행주,0.0234,0.0132,0.9,0.0038,34,16
"20250116",마포아트센터,0.0281,0.0143,0.75,0.0039,33,18
"20250116",서울숲,0.0278,0.0125,0.41,0.0034,32,18
"20250116",올림픽공원,0.0161,0.0142,0.52,0.0023,29,17
"20250116",자연사박물관,0.0253,0.0124,0.53,0.0035,33,16
"20250117",강남구,0.0321,0.0098,0.58,0.0027,53,33
"20250117",강동구,0.036,0.0096,0.84,0.0035,59,40
"20250117",강북구,0.0245,0.0142,0.56,0.0025,47,33
"20250117",강서구,0.0352,0.0119,0.6,0.004,57,30
"20250117",관악구,0.0384,0.0092,0.65,0.0033,49,33
"20250117",광진구,0.0339,0.0128,0.63,0.0039,50,32
"20250117",구로구,0.0243,0.0098,0.52,0.0033,63,35
"20250117",금천구,0.0393,0.0085,0.66,0.0034,54,35
"20250117",노원구,0.034,0.011,0.68,0.0033,59,38
"20250117",도봉구,0.0282,0.016,0.61,0.0033,49,29
"20250117",동대문구,0.0323,0.0105,0.68,0.0024,53,32
"20250117",동작구,0.0382,0.0083,0.6,0.003,58,37
"20250117",마포구,0.0338,0.0106,0.6,0.0031,49,32
"20250117",서대문구,0.0321,0.0113,0.9,0.0058,49,30
"20250117",서초구,0.0264,0.0077,0.5,0.0026,64,36
"20250117",성동구,0.0331,0.0115,0.55,0.0036,51,27
"20250117",성북구,0.0332,0.0093,0.67,0.0034,47,32
"20250117",송파구,0.0366,0.0097,0.59,0.0033,54,31
"20250117",양천구,0.0385,0.01,0.65,0.0036,54,36
"20250117",영등포구,0.0355,0.0096,0.58,0.0032,46,31
"20250117",용산구,0.0327,0.01,0.62,0.003,50,33
"20250117",은평구,0.0281,0.0127,0.7,0.0033,47,23
"20250117",종로구,0.0339,0.0108,0.65,0.0031,54,39
"20250117",중구,0.0354,0.008,0.63,0.0035,48,36
"20250117",중랑구,0.0311,0.0098,0.57,0.0023,53,36
"20250117",강남대로,0.0377,0.005,0.86,0.004,69,37
"20250117",강변북로,0.0382,0.0085,0.74,0.0039,63,32
"20250117",공항대로,0.0366,0.0106,0.65,0.0033,52,26
"20250117",도산대로,0.0352,0.0091,0.66,0.0031,61,31
"20250117",동작대로,0.0421,0.0067,0.75,0.0038,64,32
"20250117",시흥대로,0.0467,0.0074,0.74,0.0036,62,26
"20250117",신촌로,0.0409,0.0065,0.83,0.0031,55,38
"20250117",영등포로,0.0389,0.0083,0.7,0.003,51,25
"20250117",정릉로,0.0423,0.0064,0.7,0.003,54,35
"20250117",종로,0.0345,0.0097,0.64,0.0028,56,31
"20250117",천호대로,0.0397,0.0065,0.73,0.0029,56,38
"20250117",청계천로,0.0355,0.016,0.73,0.0031,60,35
"20250117",한강대로,0.0361,0.0087,0.67,0.0031,56,31
"20250117",홍릉로,0.0371,0.008,0.7,0.0031,48,29
"20250117",화랑로,0.0404,0.0077,0.68,0.0029,56,33
"20250117",관악산,0.017,0.0315,0.58,0.004,58,27
"20250117",남산,0.0269,0.0152,0.61,0.0037,48,28
"20250117",북한산,0.0106,0.0265,0.41,0.003,41,27
"20250117",세곡,0.0362,0.0063,0.93,0.0034,59,31
"20250117",항동,0.0336,0.0109,0.59,0.0042,44,26
"20250117",행주,0.0239,0.0159,0.99,0.0039,46,24
"20250117",마포아트센터,0.033,0.0129,0.88,0.0041,53,31
"20250117",서울숲,0.0322,0.0121,0.53,0.0034,50,33
"20250117",올림픽공원,0.0195,0.0089,0.62,0.0023,52,35
"20250117",자연사박물관,0.0298,0.0099,0.67,0.0037,47,27
"20250118",강남구,0.0442,0.007,0.68,0.003,47,28
"20250118",강동구,0.0449,0.0087,0.96,0.0037,53,36
"20250118",강북구,0.0349,0.0125,0.62,0.0027,43,28
"20250118",강서구,0.055,0.0075,0.92,0.0048,52,30
"20250118",관악구,0.0512,0.0078,0.84,0.0034,41,29
"20250118",광진구,0.0437,0.011,0.7,0.0038,43,26
"20250118",구로구,0.0321,0.0088,0.7,0.0034,57,33
"20250118",금천구,0.0452,0.0099,0.77,0.0039,39,25
"20250118",노원구,0.047,0.0075,0.82,0.0039,52,32
"20250118",도봉구,0.043,0.0114,0.71,0.0033,41,23
"20250118",동대문구,0.046,0.0083,0.85,0.0029,47,29
"20250118",동작구,0.0499,0.0081,0.7,0.0032,45,30
"20250118",마포구,0.0507,0.0072,0.8,0.0036,43,30
"20250118",서대문구,0.0422,0.01,0.95,0.0064,43,25
"20250118",서초구,0.0357,0.0062,0.67,0.0027,55,30
"20250118",성동구,0.0467,0.0079,0.67,0.0034,44,24
"20250118",성북구,0.0461,0.0066,0.84,0.0036,42,28
"20250118",송파구,0.0495,0.007,0.76,0.0038,47,26
"20250118",양천구,0.0559,0.0069,0.9,0.0037,47,34
"20250118",영등포구,0.0518,0.0068,0.77,0.0036,43,30
"20250118",용산구,0.0428,0.0088,0.74,0.0033,42,28
"20250118",은평구,0.0385,0.0117,0.73,0.0034,41,20
"20250118",종로구,0.0487,0.0082,0.76,0.0036,46,32
"20250118",중구,0.0501,0.0064,0.71,0.0037,41,30
"20250118",중랑구,0.0447,0.0074,0.66,0.0027,45,29
"20250118",강남대로,0.044,0.0052,0.98,0.0043,58,29
"20250118",강변북로,0.05,0.0058,0.87,0.0041,58,28
"20250118",공항대로,0.0504,0.0053,0.83,0.0038,49,27
"20250118",도산대로,0.0457,0.0079,0.94,0.0033,59,27
"20250118",동작대로,0.0518,0.0056,0.89,0.0041,56,26
"20250118",시흥대로,0.056,0.0066,0.9,0.0039,51,20
"20250118",신촌로,0.0524,0.005,0.99,0.0034,51,35
"20250118",영등포로,0.0558,0.0053,0.95,0.0037,46,25
"20250118",정릉로,0.054,0.0052,0.84,0.0032,48,30
"20250118",종로,0.048,0.0064,0.75,0.003,46,26
"20250118",천호대로,0.0488,0.0052,0.96,0.0033,55,36
"20250118",청계천로,0.0497,,0.85,0.0034,51,30
"20250118",한강대로,0.0489,0.0061,0.79,0.0032,50,29
"20250118",홍릉로,0.0524,0.005,0.88,0.0037,44,28
"20250118",화랑로,0.0503,0.0065,0.77,0.0031,49,28
"20250118",관악산,0.0115,0.0457,0.45,0.004,40,17
"20250118",남산,0.0364,0.0148,0.65,0.0039,39,22
"20250118",북한산,0.0153,0.0278,0.42,0.0031,37,24
"20250118",세곡,0.0403,0.0082,0.98,0.0042,48,24
"20250118",항동,0.0417,0.0104,0.69,0.0041,37,24
"20250118",행주,0.0393,0.0083,1.15,0.0039,42,24
"20250118",마포아트센터,0.0456,0.0119,0.82,0.0043,44,27
"20250118",서울숲,0.0439,0.0092,0.67,0.0035,45,28
"20250118",올림픽공원,0.0269,0.007,0.73,0.0026,49,33
"20250118",자연사박물관,0.0429,0.0084,0.71,0.0038,43,25
"20250119",강남구,0.0391,0.0121,0.67,0.003,49,33
"20250119",강동구,0.0406,0.0148,0.94,0.0035,55,42
"20250119",강북구,0.03,0.017,0.6,0.0027,43,32
"20250119",강서구,0.0472,0.0127,0.85,0.004,48,30
"20250119",관악구,0.0451,0.0116,0.75,0.0031,39,31
"20250119",광진구,0.0391,0.017,0.71,0.0039,44,31
"20250119",구로구,0.0287,0.0126,0.6,0.0033,53,36
"20250119",금천구,0.0361,0.0173,0.66,0.0035,33,24
"20250119",노원구,0.0439,0.0118,0.79,0.0037,54,38
"20250119",도봉구,0.038,0.0183,0.71,0.0033,44,29
"20250119",동대문구,0.0411,0.0127,0.81,0.0028,51,35
"20250119",동작구,0.0473,0.0121,0.7,0.0031,44,32
"20250119",마포구,0.0472,0.0105,0.75,0.0035,41,33
"20250119",서대문구,0.0316,0.0197,0.77,0.0051,38,27
"20250119",서초구,0.0304,0.011,0.64,0.0026,54,37
"20250119",성동구,0.0422,0.0128,0.67,0.0034,47,27
"20250119",성북구,0.0424,0.0112,0.94,0.0035,45,33
"20250119",송파구,0.0424,0.0126,0.65,0.0038,44,28
"20250119",양천구,0.0464,0.0122,0.77,0.0035,45,34
"20250119",영등포구,0.0412,0.015,0.7,0.0034,41,32
"20250119",용산구,0.0394,0.0122,0.71,0.0032,43,35
"20250119",은평구,0.0263,0.0227,0.64,0.0033,39,21
"20250119",종로구,0.0433,0.0132,0.73,0.0036,49,36
"20250119",중구,0.0443,0.0127,0.68,0.0037,42,34
"20250119",중랑구,0.0379,0.0127,0.62,0.0028,47,35
"20250119",강남대로,0.0386,0.0087,0.92,0.0043,50,33
"20250119",강변북로,0.0459,0.0088,0.86,0.0039,58,32
"20250119",공항대로,0.0444,0.0099,0.76,0.0034,42,26
"20250119",도산대로,0.0411,0.0114,0.74,0.0031,60,34
"20250119",동작대로,0.0459,0.0093,0.8,0.004,50,28
"20250119",시흥대로,0.0503,0.0095,0.83,0.0035,45,21
"20250119",신촌로,0.0469,0.0078,0.89,0.0034,50,38
"20250119",영등포로,0.0466,0.0104,0.78,0.0033,45,28
"20250119",정릉로,0.0508,0.0084,0.83,0.0032,50,36
"20250119",종로,0.0436,0.0102,0.7,0.003,48,32
"20250119",천호대로,0.0429,0.0092,0.83,0.0032,53,40
"20250119",청계천로,0.0444,0.0414,0.76,0.0034,52,35
"20250119",한강대로,0.0438,0.0106,0.75,0.0031,49,34
"20250119",홍릉로,0.0478,0.0086,0.84,0.0035,47,36
"20250119",화랑로,0.0451,0.0102,0.72,0.0032,51,33
"20250119",관악산,0.0055,0.0566,0.38,0.0034,30,14
"20250119",남산,0.0278,0.0244,0.67,0.0037,40,27
"20250119",북한산,0.0164,0.027,0.42,0.0029,40,31
"20250119",세곡,0.0333,0.0121,0.86,0.0042,48,29
"20250119",항동,0.0333,0.0137,0.65,0.0042,32,24
"20250119",행주,0.0374,0.0133,0.89,0.0038,40,25
"20250119",마포아트센터,0.0401,0.0181,0.8,0.0042,46,31
"20250119",서울숲,0.0397,0.0136,0.67,0.0034,48,35
"20250119",올림픽공원,0.0232,0.0131,0.73,0.0025,51,40
"20250119",자연사박물관,0.0339,0.0179,0.64,0.0037,42,28
"20250120",강남구,0.0395,0.0149,0.77,0.0031,94,71
"20250120",강동구,0.0465,0.0123,1.01,0.0034,95,81
"20250120",강북구,0.0305,0.0163,0.77,0.0027,90,76
"20250120",강서구,0.0407,0.0179,0.74,0.0037,96,71
"20250120",관악구,0.0446,0.016,0.86,0.003,86,72
"20250120",광진구,0.0455,0.0166,0.89,0.0041,84,66
"20250120",구로구,0.0271,0.019,0.66,0.0031,105,81
"20250120",금천구,0.0425,0.0162,0.83,0.0035,93,76
"20250120",노원구,0.051,0.0036,1.03,0.0035,95,73
"20250120",도봉구,0.0395,0.0188,0.91,0.0035,86,66
"20250120",동대문구,0.0422,0.0143,0.99,0.003,97,75
"20250120",동작구,0.0456,0.0145,0.84,0.0031,93,75
"20250120",마포구,0.046,0.0125,0.81,0.0033,85,70
"20250120",서대문구,0.0416,0.0155,1.12,0.0057,86,70
"20250120",서초구,0.0325,0.0116,0.69,0.0026,104,79
"20250120",성동구,0.0474,0.0085,0.81,0.0031,89,59
"20250120",성북구,0.0437,0.0117,0.97,0.0036,85,67
"20250120",송파구,0.0444,0.0137,0.81,0.0039,79,56
"20250120",양천구,0.0408,0.0183,0.75,0.0031,95,78
"20250120",영등포구,0.041,0.0193,0.75,0.0032,85,75
"20250120",용산구,0.0404,0.0149,0.83,0.0032,88,76
"20250120",은평구,0.034,0.0182,0.93,0.0032,92,67
"20250120",종로구,0.0434,0.016,0.85,0.0037,100,81
"20250120",중구,0.0483,0.0148,0.83,0.0037,94,84
"20250120",중랑구,0.0428,0.0128,0.77,0.0029,88,72
"20250120",강남대로,0.041,0.0078,1.21,0.0042,101,72
"20250120",강변북로,0.054,0.007,1.02,0.0039,107,71
"20250120",공항대로,0.0453,0.0137,0.79,0.0033,85,61
"20250120",도산대로,0.041,0.014,0.66,0.003,102,73
"20250120",동작대로,0.0517,0.0099,1.01,0.0042,96,59
"20250120",시흥대로,0.0503,0.0131,0.85,0.0032,97,60
"20250120",신촌로,0.0473,0.0103,0.96,0.0032,99,82
"20250120",영등포로,0.0491,0.0127,0.9,0.003,93,72
"20250120",정릉로,0.0558,0.0075,0.94,0.0031,94,74
"20250120",종로,0.043,0.0133,0.88,0.0034,97,73
"20250120",천호대로,0.0488,0.0079,1.07,0.0034,92,76
"20250120",청계천로,0.047,,1.06,0.0036,107,80
"20250120",한강대로,0.046,0.0122,0.87,0.0031,102,78
"20250120",홍릉로,0.0508,0.009,1.02,0.0034,85,71
"20250120",화랑로,0.0479,0.0077,0.9,0.0036,89,64
"20250120",관악산,0.0185,0.0525,0.71,0.0041,103,71
"20250120",남산,0.0322,0.026,0.88,0.0037,92,70
"20250120",북한산,0.0241,0.0233,0.62,0.0029,85,71
"20250120",세곡,0.0355,0.0125,1.15,0.0042,89,61
"20250120",항동,0.0377,0.0154,0.76,0.0037,77,62
"20250120",행주,0.0383,0.0149,0.74,0.0033,87,60
"20250120",마포아트센터,0.043,0.0194,0.89,0.004,96,74
"20250120",서울숲,0.043,0.0137,0.78,0.0035,92,75
"20250120",올림픽공원,0.0255,0.0137,0.86,0.0026,91,74
"20250120",자연사박물관,0.0421,0.0178,0.87,0.0036,95,73
"20250121",강남구,0.0508,0.008,0.96,0.0031,111,91
"20250121",강동구,0.0544,0.0064,1.12,0.0033,121,107
"20250121",강북구,0.0408,0.0102,0.89,0.0027,110,91
"20250121",강서구,0.0555,0.0055,1.01,0.0037,116,80
"20250121",관악구,0.0493,0.009,0.93,0.003,94,81
"20250121",광진구,0.0561,0.0095,1.14,0.0038,110,89
"20250121",구로구,0.0323,0.0081,0.77,0.0029,111,88
"20250121",금천구,0.0471,0.0066,0.86,0.0032,104,86
"20250121",노원구,0.059,0.0062,1.09,0.0037,129,102
"20250121",도봉구,0.0505,0.0101,1.04,0.0034,99,78
"20250121",동대문구,0.0571,0.0054,1.3,0.003,132,104
"20250121",동작구,0.0525,0.0064,0.9,0.0028,108,89
"20250121",마포구,0.0602,0.0052,1.01,0.0034,107,89
"20250121",서대문구,0.0529,0.0061,1.34,0.0053,108,93
"20250121",서초구,0.0383,0.005,0.83,0.0024,114,90
"20250121",성동구,0.0546,0.0052,1,0.0033,110,76
"20250121",성북구,0.0561,0.005,1.31,0.0033,111,94
"20250121",송파구,0.0523,0.0064,0.92,0.0036,103,75
"20250121",양천구,0.0572,0.0056,1,0.0031,115,98
"20250121",영등포구,0.0542,0.0065,0.93,0.0034,102,94
"20250121",용산구,0.051,0.0052,0.99,0.0032,103,92
"20250121",은평구,0.0458,0.0086,1.11,0.003,113,85
"20250121",종로구,0.0605,0.0055,1.16,0.0039,130,112
"20250121",중구,0.0616,0.0101,1.11,0.0038,123,112
"20250121",중랑구,0.056,0.0052,1.04,0.0027,117,98
"20250121",강남대로,0.0456,0.004,1.29,0.0041,121,97
"20250121",강변북로,0.0571,0.0041,1.13,0.004,124,89
"20250121",공항대로,0.0552,0.0037,1.05,0.0035,107,78
"20250121",도산대로,0.0499,0.008,0.94,0.0029,115,87
"20250121",동작대로,0.0544,0.005,1.01,0.0038,112,73
"20250121",시흥대로,0.0565,0.0062,1.02,0.0036,109,69
"20250121",신촌로,0.0583,0.0035,1.33,0.0036,130,113
"20250121",영등포로,0.0582,0.005,1.11,0.0034,108,89
"20250121",정릉로,0.0656,0.0043,1.21,0.0033,125,105
"20250121",종로,0.0578,0.0039,1.13,0.0043,123,95
"20250121",천호대로,0.0555,0.0046,1.3,0.0035,122,103
"20250121",청계천로,0.0598,0.0056,1.3,0.004,136,107
"20250121",한강대로,0.0575,0.0039,1.08,0.0032,119,96
"20250121",홍릉로,0.0643,0.0034,1.31,0.0039,118,97
"20250121",화랑로,0.051,0.0048,1.06,0.0034,120,94
"20250121",관악산,0.015,0.0554,0.59,0.0036,81,55
"20250121",남산,0.0486,0.0117,1.14,0.0034,111,88
"20250121",북한산,0.031,0.0183,0.7,0.0029,93,79
"20250121",세곡,0.0431,0.0061,1.19,0.0035,115,83
"20250121",항동,0.044,0.0083,0.9,0.0036,88,71
"20250121",행주,0.0482,0.0047,0.99,0.0031,98,69
"20250121",마포아트센터,0.0547,0.0087,1.11,0.0036,116,93
"20250121",서울숲,0.0524,0.0064,0.98,0.0032,110,92
"20250121",올림픽공원,0.0314,0.0066,1.05,0.0025,114,99
"20250121",자연사박물관,0.0559,0.0051,1.11,0.0034,117,97
"20250122",강남구,0.0439,0.0137,0.75,0.0032,88,69
"20250122",강동구,0.0463,0.0127,0.9,0.0035,95,82
"20250122",강북구,0.0297,0.0244,0.73,0.0031,76,64
"20250122",강서구,0.0437,0.0147,0.72,0.0043,85,59
"20250122",관악구,0.0447,0.0129,0.77,0.0033,73,60
"20250122",광진구,0.0472,0.0152,0.88,0.0042,83,65
"20250122",구로구,0.0283,0.0135,0.61,0.0032,88,67
"20250122",금천구,0.0448,0.012,0.82,0.0034,89,72
"20250122",노원구,0.0457,0.0165,0.79,0.0039,92,72
"20250122",도봉구,0.0388,0.0234,0.79,0.0036,76,58
"20250122",동대문구,0.0363,0.0185,0.86,0.003,88,65
"20250122",동작구,0.0446,0.0154,0.72,0.0034,85,66
"20250122",마포구,0.0436,0.0143,0.7,0.0035,72,56
"20250122",서대문구,0.0401,0.0178,1.1,0.0056,74,57
"20250122",서초구,0.0327,0.0097,0.65,0.0026,95,72
"20250122",성동구,0.0437,0.0133,0.73,0.0033,85,56
"20250122",성북구,0.0372,0.0186,0.92,0.0034,74,59
"20250122",송파구,0.0466,0.0106,0.73,0.0036,83,56
"20250122",양천구,0.0475,0.0108,0.76,0.0036,84,70
"20250122",영등포구,0.0468,0.0122,0.72,0.0035,73,63
"20250122",용산구,0.0429,0.0112,0.77,0.0035,80,67
"20250122",은평구,0.0344,0.0178,0.86,0.0032,77,52
"20250122",종로구,0.04,0.0185,0.78,0.0045,87,72
"20250122",중구,0.0428,0.0214,0.75,0.004,80,70
"20250122",중랑구,0.0446,0.0133,0.82,0.0032,88,72
"20250122",강남대로,0.0432,0.0082,0.98,0.0039,96,65
"20250122",강변북로,0.0529,0.0085,0.78,0.0039,98,65
"20250122",공항대로,0.045,0.0116,0.75,0.0033,77,52
"20250122",도산대로,0.0461,0.0102,0.74,0.0029,93,66
"20250122",동작대로,0.0488,0.0104,0.84,0.0043,90,55
"20250122",시흥대로,0.0484,0.0108,0.72,0.0037,85,51
"20250122",신촌로,0.0484,0.0089,0.93,0.0035,87,70
"20250122",영등포로,0.0534,0.0079,0.89,0.0035,81,61
"20250122",정릉로,0.0501,0.0135,0.84,0.0033,86,67
"20250122",종로,0.0387,0.0163,0.8,0.0035,85,61
"20250122",천호대로,0.0502,0.0073,0.99,0.0036,93,75
"20250122",청계천로,0.0418,0.0145,0.89,0.0037,94,69
"20250122",한강대로,0.0406,0.014,0.76,0.0032,85,62
"20250122",홍릉로,0.0471,0.0118,0.91,0.0037,79,60
"20250122",화랑로,0.0436,0.0139,0.8,0.0035,90,67
"20250122",관악산,0.0166,0.0473,0.53,0.0038,57,34
"20250122",남산,0.0307,0.0241,0.88,0.0037,69,52
"20250122",북한산,0.0249,0.0299,0.62,0.0031,71,57
"20250122",세곡,0.0429,0.0113,0.9,0.0037,85,57
"20250122",항동,0.0426,0.0118,0.77,0.0039,71,58
"20250122",행주,0.0339,0.0203,0.8,0.0035,76,52
"20250122",마포아트센터,0.0405,0.0176,0.8,0.0039,79,58
"20250122",서울숲,0.0431,0.0136,0.74,0.0034,84,67
"20250122",올림픽공원,0.0263,0.0136,0.87,0.0025,86,71
"20250122",자연사박물관,0.0377,0.0193,0.82,0.0037,76,58
"20250123",강남구,0.042,0.0141,0.71,0.0031,54,39
"20250123",강동구,0.0439,0.0123,0.82,0.0032,56,44
"20250123",강북구,0.0234,0.0211,0.56,0.0026,43,34
"20250123",강서구,0.0413,0.0144,0.65,0.0042,57,36
"20250123",관악구,0.0414,0.0135,0.69,0.0031,47,35
"20250123",광진구,0.0459,0.0148,0.7,0.0035,51,36
"20250123",구로구,0.0269,0.0132,0.58,0.0031,60,42
"20250123",금천구,0.0466,0.0092,0.74,0.0036,54,40
"20250123",노원구,0.0432,0.0127,0.7,0.0035,58,42
"20250123",도봉구,0.0343,0.022,0.6,0.0032,44,29
"20250123",동대문구,0.043,0.0103,0.85,0.0028,53,38
"20250123",동작구,0.0434,0.0135,0.63,0.0029,51,37
"20250123",마포구,0.037,0.0152,0.6,0.0031,49,37
"20250123",서대문구,0.032,0.0138,0.92,0.006,42,28
"20250123",서초구,0.026,0.0148,0.53,0.0025,61,39
"20250123",성동구,0.0445,0.0118,0.69,0.0033,52,32
"20250123",성북구,0.0392,0.0102,0.84,0.0031,41,31
"20250123",송파구,0.0458,0.0105,0.73,0.0035,53,33
"20250123",양천구,0.0445,0.0117,0.72,0.0038,55,43
"20250123",영등포구,0.0418,0.0122,0.65,0.0033,47,40
"20250123",용산구,0.0389,0.0122,0.7,0.0033,47,35
"20250123",은평구,0.0262,0.0174,0.51,0.003,39,21
"20250123",종로구,0.0414,0.0151,0.72,0.0036,51,39
"20250123",중구,0.0381,0.021,0.64,0.0035,43,34
"20250123",중랑구,0.0373,0.0121,0.64,0.0024,51,37
"20250123",강남대로,0.043,0.007,1.05,0.0039,64,37
"20250123",강변북로,0.0528,0.0072,0.73,0.0039,67,35
"20250123",공항대로,0.041,0.0107,0.73,0.003,57,35
"20250123",도산대로,0.0413,0.0127,0.86,0.0027,60,33
"20250123",동작대로,0.0472,0.009,0.76,0.0038,59,32
"20250123",시흥대로,0.0495,0.0098,0.79,0.0041,58,32
"20250123",신촌로,0.0466,0.0091,0.88,0.0034,58,45
"20250123",영등포로,0.0432,0.0124,0.72,0.0034,50,32
"20250123",정릉로,0.0517,0.0087,0.76,0.003,50,35
"20250123",종로,0.0385,0.0131,0.68,0.0031,50,32
"20250123",천호대로,0.0481,0.0088,0.93,0.0035,62,44
"20250123",청계천로,0.0425,0.0115,0.8,0.0035,56,36
"20250123",한강대로,0.0367,0.0155,0.68,0.003,55,35
"20250123",홍릉로,0.0497,0.0074,0.87,0.0036,50,35
"20250123",화랑로,0.0451,0.0092,0.73,0.0032,57,37
"20250123",관악산,0.0132,0.0443,0.44,0.0033,38,21
"20250123",남산,0.0307,0.0228,0.81,0.0035,45,31
"20250123",북한산,0.0096,0.0351,0.4,0.0028,32,24
"20250123",세곡,0.0443,0.0079,1,0.0036,59,32
"20250123",항동,0.0371,0.0133,0.61,0.0038,44,32
"20250123",행주,0.0277,0.0198,0.96,0.0032,50,35
"20250123",마포아트센터,0.0365,0.0194,0.64,0.0037,51,34
"20250123",서울숲,0.0417,0.0127,0.71,0.003,51,37
"20250123",올림픽공원,0.0257,0.0137,0.82,0.0024,53,40
"20250123",자연사박물관,0.032,0.0193,0.68,0.0034,43,29
"20250124",강남구,0.0441,0.0094,0.62,0.0029,43,27
"20250124",강동구,0.0378,0.0146,0.68,0.0031,39,26
"20250124",강북구,0.0224,0.0223,0.53,0.0029,37,25
"20250124",강서구,0.0457,0.0107,0.72,0.0043,63,36
"20250124",관악구,0.0488,0.0102,0.79,0.003,47,34
"20250124",광진구,0.037,0.0179,0.51,0.0033,36,21
"20250124",구로구,0.0297,0.0111,0.58,0.0033,58,35
"20250124",금천구,0.0498,0.0098,0.81,0.0037,49,34
"20250124",노원구,0.0408,0.014,0.69,0.0037,46,30
"20250124",도봉구,0.0326,0.0219,0.54,0.0032,38,21
"20250124",동대문구,0.0383,0.0121,0.61,0.0031,41,26
"20250124",동작구,0.0487,0.0111,0.72,0.003,48,33
"20250124",마포구,0.045,0.0106,0.64,0.0034,49,33
"20250124",서대문구,0.0324,0.0151,0.88,0.0063,37,22
"20250124",서초구,0.0305,0.0104,0.53,0.0026,60,31
"20250124",성동구,0.0442,0.0094,0.6,0.0041,46,24
"20250124",성북구,0.0331,0.0143,0.81,0.0032,37,25
"20250124",송파구,0.0464,0.009,0.69,0.0033,45,24
"20250124",양천구,0.049,0.0094,0.8,0.004,57,40
"20250124",영등포구,0.0444,0.012,0.64,0.0033,45,32
"20250124",용산구,0.0436,0.009,0.69,0.0033,45,29
"20250124",은평구,0.033,0.0136,0.57,0.0031,39,19
"20250124",종로구,0.0432,0.0118,0.68,0.0037,44,32
"20250124",중구,0.0426,0.0149,0.65,0.0038,40,30
"20250124",중랑구,0.0277,0.0176,0.48,0.0025,36,25
"20250124",강남대로,0.0449,0.0068,1.02,0.0042,62,28
"20250124",강변북로,0.0509,0.0067,0.64,0.0039,56,24
"20250124",공항대로,0.0448,0.0074,0.78,0.0033,60,32
"20250124",도산대로,0.0449,0.0091,0.93,0.0029,61,26
"20250124",동작대로,0.049,0.0066,0.86,0.0039,62,31
"20250124",시흥대로,0.058,0.0072,0.97,0.0043,61,29
"20250124",신촌로,0.0503,0.0056,0.98,0.0035,53,36
"20250124",영등포로,0.047,0.01,0.75,0.0035,48,27
"20250124",정릉로,0.0497,0.0078,0.74,0.0033,46,30
"20250124",종로,0.0392,0.0103,0.66,0.003,43,24
"20250124",천호대로,0.047,0.0065,0.81,0.0033,46,27
"20250124",청계천로,0.0437,0.0089,0.81,0.0035,50,28
"20250124",한강대로,0.0462,0.0085,0.75,0.0033,51,29
"20250124",홍릉로,0.0454,0.0082,0.73,0.0035,39,26
"20250124",화랑로,0.0426,0.0099,0.69,0.0031,44,25
"20250124",관악산,0.0113,0.0471,0.43,0.0034,40,18
"20250124",남산,0.0307,0.0211,0.69,0.0036,38,23
"20250124",북한산,0.0081,0.0359,0.39,0.0029,30,21
"20250124",세곡,0.0443,0.0066,1,0.0039,46,23
"20250124",항동,0.0398,0.0116,0.66,0.004,46,30
"20250124",행주,0.0259,0.0187,1.19,0.0035,52,31
"20250124",마포아트센터,0.0434,0.0146,0.73,0.0039,47,28
"20250124",서울숲,0.0433,0.0098,0.69,0.0032,44,27
"20250124",올림픽공원,0.0267,0.0035,0.82,0.0023,38,27
"20250124",자연사박물관,0.0361,0.0145,0.62,0.0036,42,26
"20250125",강남구,0.0228,0.0269,0.36,0.0025,18,10
"20250125",강동구,0.0181,0.033,0.5,0.0027,14,9
"20250125",강북구,0.0175,0.0264,0.42,0.0024,16,12
"20250125",강서구,0.0289,0.0201,0.52,0.0031,33,17
"20250125",관악구,0.0221,0.0231,0.41,0.0023,15,11
"20250125",광진구,0.015,0.037,0.34,0.003,13,8
"20250125",구로구,0.0183,0.0218,0.41,0.0026,27,15
"20250125",금천구,0.0277,0.0237,0.5,0.0029,18,12
"20250125",노원구,0.0242,0.0246,0.47,0.0032,23,15
"20250125",도봉구,0.0207,0.0312,0.42,0.0029,18,9
"20250125",동대문구,0.0236,0.022,0.44,0.0027,21,13
"20250125",동작구,0.0328,0.0231,0.54,0.0026,23,15
"20250125",마포구,0.0287,0.0209,0.45,0.0029,24,15
"20250125",서대문구,0.0124,0.0337,0.51,0.0036,11,7
"20250125",서초구,0.019,0.022,0.39,0.0022,26,11
"20250125",성동구,0.0219,0.0263,0.37,0.0041,19,11
"20250125",성북구,0.0201,0.0238,0.57,0.0026,15,11
"20250125",송파구,0.0262,0.0227,0.42,0.0028,19,10
"20250125",양천구,0.0309,0.0191,0.55,0.0032,29,20
"20250125",영등포구,0.0286,0.0219,0.47,0.0027,26,17
"20250125",용산구,0.021,0.0222,0.4,0.0027,18,10
"20250125",은평구,0.0197,0.0223,0.44,0.0027,17,7
"20250125",종로구,0.024,0.0254,0.41,0.0032,20,15
"20250125",중구,0.0234,0.0248,0.38,0.003,17,11
"20250125",중랑구,0.0205,0.0227,0.39,0.0024,17,12
"20250125",강남대로,0.0289,0.0156,0.73,0.0039,30,12
"20250125",강변북로,0.0239,0.024,0.38,0.0035,18,8
"20250125",공항대로,0.0295,0.0162,0.53,0.003,31,17
"20250125",도산대로,0.0221,0.0221,0.56,0.0026,22,7
"20250125",동작대로,0.0333,0.0175,0.6,0.0034,31,12
"20250125",시흥대로,0.0391,0.0144,0.61,0.0032,27,9
"20250125",신촌로,0.0257,0.0216,0.56,0.0031,24,15
"20250125",영등포로,0.03,0.0203,0.55,0.0031,25,10
"20250125",정릉로,0.032,0.0191,0.48,0.0029,23,14
"20250125",종로,0.0273,0.02,0.48,0.0027,26,11
"20250125",천호대로,0.0274,0.0216,0.51,0.0028,17,12
"20250125",청계천로,0.0258,0.0208,0.49,0.0032,24,13
"20250125",한강대로,0.0225,0.0231,0.42,0.0029,20,11
"20250125",홍릉로,0.0289,0.018,0.52,0.0031,19,13
"20250125",화랑로,0.035,0.0158,0.56,0.003,27,15
"20250125",관악산,0.006,0.0477,0.35,0.0027,15,5
"20250125",남산,0.0145,0.0308,0.5,0.0031,12,7
"20250125",북한산,0.0056,0.0378,0.31,0.0026,12,10
"20250125",세곡,0.0251,0.0202,0.67,0.0037,18,8
"20250125",항동,0.0259,0.0207,0.5,0.0036,23,15
"20250125",행주,0.0174,0.0246,1,0.0031,26,15
"20250125",마포아트센터,0.0211,0.0312,0.47,0.0032,16,9
"20250125",서울숲,0.0196,0.0271,0.43,0.0028,16,10
"20250125",올림픽공원,0.0058,0.029,0.35,0.0028,6,4
"20250125",자연사박물관,0.0169,0.0311,0.42,0.003,15,7
"20250126",강남구,0.0172,0.0316,0.29,0.0023,12,7
"20250126",강동구,0.0163,0.0358,0.46,0.0026,12,8
"20250126",강북구,0.0149,0.0291,0.34,0.0021,10,7
"20250126",강서구,0.0185,0.0312,0.4,0.0024,15,6
"20250126",관악구,0.0136,0.0284,0.34,0.002,10,8
"20250126",광진구,0.0136,0.0375,0.31,0.003,11,6
"20250126",구로구,0.01,0.0322,0.26,0.0022,18,10
"20250126",금천구,0.0146,0.0348,0.32,0.0025,9,6
"20250126",노원구,0.0163,0.0317,0.31,0.0026,14,8
"20250126",도봉구,0.0161,0.0366,0.34,0.0027,9,3
"20250126",동대문구,0.0128,0.032,0.3,0.0021,11,6
"20250126",동작구,0.0198,0.0312,0.33,0.0023,14,9
"20250126",마포구,0.018,0.0307,0.32,0.0024,12,7
"20250126",서대문구,0.0091,0.0369,0.37,0.0024,7,3
"20250126",서초구,0.0098,0.0316,0.26,0.002,16,5
"20250126",성동구,0.0127,0.0368,0.27,0.0027,11,6
"20250126",성북구,0.0128,0.0308,0.42,0.0023,7,6
"20250126",송파구,0.0159,0.0309,0.3,0.0024,14,7
"20250126",양천구,0.0166,0.0308,0.32,0.0025,12,8
"20250126",영등포구,0.0147,0.0342,0.3,0.0023,13,7
"20250126",용산구,0.0127,0.0292,0.29,0.0023,12,6
"20250126",은평구,0.0097,0.0318,0.27,0.0025,10,2
"20250126",종로구,0.0151,0.0336,0.3,0.0024,11,8
"20250126",중구,0.0165,0.0316,0.3,0.0027,9,6
"20250126",중랑구,0.0093,0.0323,0.27,0.0021,10,6
"20250126",강남대로,0.023,0.0207,0.52,0.0032,22,6
"20250126",강변북로,0.015,0.0321,0.29,0.0033,11,3
"20250126",공항대로,0.0189,0.0286,0.33,0.0024,13,6
"20250126",도산대로,0.0148,0.0285,0.35,0.0025,14,3
"20250126",동작대로,0.0221,0.0264,0.37,0.003,19,8
"20250126",시흥대로,0.0306,0.0205,0.45,0.0028,18,4
"20250126",신촌로,0.0155,0.0302,0.33,0.0027,13,8
"20250126",영등포로,0.0197,0.029,0.36,0.0026,13,4
"20250126",정릉로,0.0251,0.0258,0.35,0.0024,14,8
"20250126",종로,0.0188,0.0279,0.36,0.0023,15,6
"20250126",천호대로,0.0212,0.0284,0.38,0.0025,16,9
"20250126",청계천로,0.016,0.0297,0.33,0.0027,15,7
"20250126",한강대로,0.0161,0.0298,0.35,0.0027,12,6
"20250126",홍릉로,0.0175,0.0287,0.34,0.0027,11,6
"20250126",화랑로,0.0314,0.0204,0.42,0.0027,15,7
"20250126",관악산,0.0046,0.0488,0.31,0.0026,13,6
"20250126",남산,0.013,0.0335,0.47,0.0029,9,5
"20250126",북한산,0.006,0.0396,0.3,0.0025,11,8
"20250126",세곡,0.0202,0.0222,0.56,0.0041,14,5
"20250126",항동,0.0149,0.0307,0.33,0.0032,10,5
"20250126",행주,0.0119,0.032,0.92,0.0028,12,6
"20250126",마포아트센터,0.0147,0.0383,0.35,0.0029,8,4
"20250126",서울숲,0.01,0.0356,0.32,0.0026,10,5
"20250126",올림픽공원,0.0069,0.0287,0.31,0.0025,8,6
"20250126",자연사박물관,0.0097,0.0375,0.31,0.0027,10,2
"20250127",강남구,0.011,0.0313,0.31,0.0021,42,18
"20250127",강동구,0.012,0.0356,0.49,0.0026,43,20
"20250127",강북구,0.0087,0.0337,0.32,0.002,55,19
"20250127",강서구,0.0121,0.0321,0.31,0.0024,51,16
"20250127",관악구,0.0096,0.0287,0.33,0.0019,44,17
"20250127",광진구,0.0119,0.0357,0.36,0.0032,44,15
"20250127",구로구,0.0079,0.0308,0.27,0.0021,51,21
"20250127",금천구,0.0112,0.0324,0.36,0.0021,44,15
"20250127",노원구,0.0118,0.0319,0.32,0.0022,49,18
"20250127",도봉구,0.0091,0.038,0.37,0.0027,39,14
"20250127",동대문구,0.0086,0.0317,0.31,0.0019,45,19
"20250127",동작구,0.0107,0.0341,0.31,0.0019,49,18
"20250127",마포구,0.0129,0.0298,0.31,0.0022,43,14
"20250127",서대문구,0.0076,0.0342,0.44,0.0022,40,15
"20250127",서초구,0.0061,0.0325,0.27,0.002,46,17
"20250127",성동구,0.0108,0.0338,0.31,0.0021,45,14
"20250127",성북구,0.0089,0.0308,0.44,0.0023,37,17
"20250127",송파구,0.0124,0.0291,0.31,0.0024,44,15
"20250127",양천구,0.0125,0.0302,0.33,0.0023,48,20
"20250127",영등포구,0.0101,0.0337,0.31,0.0021,41,18
"20250127",용산구,0.0092,0.028,0.32,0.0021,45,15
"20250127",은평구,0.0107,0.0272,0.37,0.0026,46,14
"20250127",종로구,0.01,0.033,0.32,0.0021,48,22
"20250127",중구,0.0119,0.0336,0.31,0.0025,41,18
"20250127",중랑구,0.0128,0.0271,0.35,0.0018,42,19
"20250127",강남대로,0.0126,0.0258,0.49,0.0027,40,16
"20250127",강변북로,0.0171,0.0261,0.36,0.0031,51,15
"20250127",공항대로,0.0136,0.0287,0.32,0.002,45,14
"20250127",도산대로,0.0106,0.0282,0.41,0.0022,42,13
"20250127",동작대로,0.0141,0.0298,0.34,0.0024,47,13
"20250127",시흥대로,0.0121,0.03,0.33,0.0025,49,12
"20250127",신촌로,0.0154,0.0255,0.4,0.0024,46,19
"20250127",영등포로,0.0172,0.0267,0.38,0.0024,43,12
"20250127",정릉로,0.0184,0.0276,0.36,0.0023,50,19
"20250127",종로,0.0116,0.0308,0.34,0.002,47,16
"20250127",천호대로,0.0154,0.0287,0.37,0.0023,43,18
"20250127",청계천로,0.0115,0.0296,0.35,0.0024,48,18
"20250127",한강대로,0.0146,0.0252,0.37,0.0026,47,19
"20250127",홍릉로,0.0158,0.0267,0.41,0.0026,40,20
"20250127",화랑로,0.0174,0.0291,0.35,0.0022,48,16
"20250127",관악산,0.0039,0.0449,0.27,0.0026,40,14
"20250127",남산,0.0095,0.0325,0.35,0.0029,38,14
"20250127",북한산,0.0052,0.0375,0.35,0.0026,47,21
"20250127",세곡,0.0088,0.032,0.33,0.0024,42,13
"20250127",항동,0.0088,0.0325,0.36,0.0031,48,15
"20250127",행주,0.0063,0.0359,0.89,0.0028,46,16
"20250127",마포아트센터,0.011,0.0367,0.37,0.0029,40,13
"20250127",서울숲,0.0088,0.0323,0.36,0.0027,39,17
"20250127",올림픽공원,0.0062,0.0219,0.4,0.0025,39,16
"20250127",자연사박물관,0.0079,0.0343,0.37,0.0027,42,16
"20250128",강남구,0.0085,0.0335,0.37,0.0019,28,20
"20250128",강동구,0.0128,0.0379,0.55,0.003,27,21
"20250128",강북구,0.0053,0.038,0.37,0.002,53,25
"20250128",강서구,0.01,0.0339,0.37,0.0028,34,21
"20250128",관악구,0.0091,0.03,0.39,0.0021,28,21
"20250128",광진구,0.0089,0.039,0.44,0.0034,37,20
"20250128",구로구,0.0077,0.0319,0.32,0.0024,32,21
"20250128",금천구,0.0083,0.0346,0.36,0.0019,26,20
"20250128",노원구,0.0077,0.0359,0.39,0.0021,42,27
"20250128",도봉구,0.0059,0.0425,0.42,0.0029,29,16
"20250128",동대문구,0.0067,0.0341,0.38,0.002,34,22
"20250128",동작구,0.0101,0.0343,0.38,0.0017,37,23
"20250128",마포구,0.0101,0.0319,0.38,0.002,26,20
"20250128",서대문구,0.0058,0.0364,0.49,0.0024,26,16
"20250128",서초구,0.0061,0.034,0.32,0.0021,29,18
"20250128",성동구,0.0094,0.0367,0.36,0.0021,30,18
"20250128",성북구,0.006,0.0339,0.51,0.0027,25,20
"20250128",송파구,0.0109,0.0316,0.37,0.0023,34,20
"20250128",양천구,0.0111,0.0314,0.41,0.0021,30,25
"20250128",영등포구,0.0083,0.0363,0.37,0.0022,28,20
"20250128",용산구,0.0092,0.029,0.39,0.0023,31,21
"20250128",은평구,0.0093,0.0286,0.42,0.0028,27,17
"20250128",종로구,0.0068,0.0358,0.38,0.0018,34,25
"20250128",중구,0.0086,0.0368,0.38,0.0027,34,22
"20250128",중랑구,0.0107,0.0291,0.42,0.0017,30,23
"20250128",강남대로,0.0121,0.0284,0.55,0.0024,28,18
"20250128",강변북로,0.0134,0.03,0.4,0.0032,30,17
"20250128",공항대로,0.0096,0.0326,0.38,0.0018,30,18
"20250128",도산대로,0.008,0.031,0.48,0.0024,24,15
"20250128",동작대로,0.0123,0.0318,0.4,0.002,30,19
"20250128",시흥대로,0.0095,0.033,0.38,0.0024,31,16
"20250128",신촌로,0.0123,0.0297,0.44,0.0024,32,22
"20250128",영등포로,0.0128,0.0318,0.42,0.0023,28,15
"20250128",정릉로,0.0164,0.0307,0.46,0.0025,35,25
"20250128",종로,0.0074,0.0353,0.38,0.002,34,20
"20250128",천호대로,0.0142,0.032,0.43,0.0024,30,23
"20250128",청계천로,0.0077,0.0331,0.39,0.0019,37,22
"20250128",한강대로,0.0115,0.0288,0.41,0.0027,26,19
"20250128",홍릉로,0.0111,0.0311,0.44,0.0024,29,21
"20250128",화랑로,0.0133,0.0358,0.41,0.0018,40,22
"20250128",관악산,0.0038,0.0451,0.25,0.0029,27,18
"20250128",남산,0.0067,0.0352,0.42,0.0031,23,16
"20250128",북한산,0.0032,0.0407,0.44,0.0028,31,25
"20250128",세곡,0.0094,0.0331,0.41,0.0025,26,14
"20250128",항동,0.0063,0.0353,0.43,0.0034,38,16
"20250128",행주,0.0028,0.0378,0.9,0.0031,29,20
"20250128",마포아트센터,0.0093,0.0392,0.45,0.0031,23,17
"20250128",서울숲,0.0067,0.0354,0.43,0.0029,26,18
"20250128",올림픽공원,0.0051,0.0271,0.46,0.0021,23,18
"20250128",자연사박물관,0.0059,0.0368,0.41,0.003,28,18
"20250129",강남구,0.0085,0.033,0.33,0.002,27,21
"20250129",강동구,0.0122,0.039,0.51,0.0032,25,19
"20250129",강북구,0.0063,0.0381,0.32,0.0021,36,24
"20250129",강서구,0.0093,0.0349,0.32,0.003,33,20
"20250129",관악구,0.0089,0.0314,0.33,0.0023,24,19
"20250129",광진구,0.0087,0.0397,0.4,0.0033,29,19
"20250129",구로구,0.0078,0.0329,0.28,0.0027,29,20
"20250129",금천구,0.0091,0.0351,0.31,0.0022,26,20
"20250129",노원구,0.0082,0.0366,0.32,0.0022,36,26
"20250129",도봉구,0.0065,0.0428,0.37,0.0029,26,14
"20250129",동대문구,0.0074,0.0341,0.33,0.0022,30,21
"20250129",동작구,0.0102,0.0351,0.32,0.0021,31,23
"20250129",마포구,0.0111,0.0315,0.32,0.0021,26,20
"20250129",서대문구,0.0067,0.0366,0.43,0.0023,23,15
"20250129",서초구,0.0068,0.0343,0.28,0.0024,29,16
"20250129",성동구,0.0098,0.0369,0.31,0.0021,27,18
"20250129",성북구,0.0063,0.0348,0.39,0.0028,19,18
"20250129",송파구,0.0108,0.0323,0.32,0.0024,29,19
"20250129",양천구,0.0118,0.0316,0.36,0.0023,30,24
"20250129",영등포구,0.0078,0.0371,0.32,0.0024,26,20
"20250129",용산구,0.0098,0.0294,0.34,0.0024,29,20
"20250129",은평구,0.0101,0.0284,0.37,0.003,26,15
"20250129",종로구,0.0073,0.036,0.32,0.0018,30,24
"20250129",중구,0.0094,0.0348,0.34,0.0028,31,22
"20250129",중랑구,0.0111,0.0298,0.35,0.0018,27,21
"20250129",강남대로,0.0142,0.0279,0.49,0.0025,28,17
"20250129",강변북로,0.0162,0.0283,0.37,0.0034,27,16
"20250129",공항대로,0.0112,0.0319,0.33,0.002,28,18
"20250129",도산대로,0.0089,0.0307,0.37,0.0026,25,13
"20250129",동작대로,0.0133,0.0319,0.35,0.0022,30,19
"20250129",시흥대로,0.0111,0.0329,0.33,0.0026,29,16
"20250129",신촌로,0.0136,0.0291,0.38,0.0024,32,23
"20250129",영등포로,0.0126,0.0325,0.36,0.0024,27,14
"20250129",정릉로,0.0146,0.0326,0.37,0.0024,31,22
"20250129",종로,0.0076,0.0355,0.33,0.0021,31,19
"20250129",천호대로,0.0144,0.0325,0.38,0.0023,28,23
"20250129",청계천로,0.0079,0.0332,0.34,0.0019,31,21
"20250129",한강대로,0.0131,0.027,0.36,0.0028,26,18
"20250129",홍릉로,0.0103,0.0324,0.36,0.0024,27,20
"20250129",화랑로,0.0142,0.0361,0.36,0.0019,32,21
"20250129",관악산,0.0046,0.0451,0.22,0.0033,28,18
"20250129",남산,0.0076,0.0346,0.43,0.0032,21,16
"20250129",북한산,0.0028,0.0418,0.4,0.0029,28,23
"20250129",세곡,0.0103,0.0336,0.38,0.0029,25,14
"20250129",항동,0.0063,0.0374,0.37,0.0037,22,15
"20250129",행주,0.0032,0.0379,0.83,0.0032,27,19
"20250129",마포아트센터,0.0088,0.0395,0.42,0.0032,22,20
"20250129",서울숲,0.0074,0.0356,0.39,0.003,22,16
"20250129",올림픽공원,0.0049,0.0282,0.45,0.0021,22,18
"20250129",자연사박물관,0.0059,0.0369,0.36,0.0032,25,16
"20250130",강남구,0.0182,0.026,0.36,0.0021,20,14
"20250130",강동구,0.0203,0.0309,0.54,0.0034,20,15
"20250130",강북구,0.0122,0.0333,0.34,0.0022,20,15
"20250130",강서구,0.0155,0.0308,0.33,0.003,23,12
"20250130",관악구,0.017,0.0242,0.39,0.0024,19,14
"20250130",광진구,0.0194,0.0306,0.42,0.0033,21,13
"20250130",구로구,0.0142,0.0264,0.31,0.0028,25,14
"20250130",금천구,0.0191,0.0275,0.37,0.0023,19,14
"20250130",노원구,0.0185,0.0286,0.38,0.0024,25,17
"20250130",도봉구,0.015,0.0359,0.39,0.0029,18,8
"20250130",동대문구,0.0169,0.0274,0.36,0.0024,21,13
"20250130",동작구,0.0199,0.0277,0.36,0.0022,24,16
"20250130",마포구,0.0193,0.0256,0.35,0.0022,19,13
"20250130",서대문구,0.014,0.0318,0.45,0.003,16,10
"20250130",서초구,0.0131,0.0273,0.3,0.0024,24,11
"20250130",성동구,0.0201,0.0288,0.35,0.0024,20,12
"20250130",성북구,0.0155,0.0281,0.39,0.0028,15,11
"20250130",송파구,0.0186,0.0266,0.34,0.0025,22,13
"20250130",양천구,0.0207,0.0255,0.38,0.0026,20,15
"20250130",영등포구,0.0176,0.0296,0.34,0.0024,18,13
"20250130",용산구,0.0208,0.0228,0.37,0.0026,21,13
"20250130",은평구,0.0126,0.027,0.33,0.003,18,7
"20250130",종로구,0.0163,0.03,0.35,0.0022,20,16
"20250130",중구,0.0179,0.0276,0.35,0.0029,19,13
"20250130",중랑구,0.0195,0.0238,0.38,0.002,21,14
"20250130",강남대로,0.0237,0.0212,0.54,0.0027,26,12
"20250130",강변북로,0.025,0.022,0.4,0.0037,25,11
"20250130",공항대로,0.0145,0.0296,0.34,0.0021,19,11
"20250130",도산대로,0.0182,0.0248,0.39,0.0027,21,9
"20250130",동작대로,0.0222,0.0246,0.41,0.0025,28,15
"20250130",시흥대로,0.0232,0.0246,0.43,0.0028,24,9
"20250130",신촌로,0.0228,0.023,0.45,0.0025,26,16
"20250130",영등포로,0.0228,0.0254,0.41,0.0025,21,7
"20250130",정릉로,0.0259,0.0245,0.42,0.0025,24,15
"20250130",종로,0.0152,0.0298,0.35,0.0022,22,13
"20250130",천호대로,0.0233,0.0251,0.42,0.0025,23,16
"20250130",청계천로,0.0167,0.0273,0.37,0.0023,25,14
"20250130",한강대로,0.0231,0.0201,0.42,0.0031,25,13
"20250130",홍릉로,0.0231,0.0238,0.43,0.0028,21,13
"20250130",화랑로,0.0237,0.0266,0.39,0.002,23,14
"20250130",관악산,0.0052,0.0471,0.26,0.0031,24,13
"20250130",남산,0.0162,0.028,0.54,0.0034,16,10
"20250130",북한산,0.005,0.0392,0.38,0.0028,18,15
"20250130",세곡,0.0174,0.0272,0.48,0.0033,20,9
"20250130",항동,0.0146,0.03,0.38,0.0036,16,10
"20250130",행주,0.0048,0.0409,0.74,0.0032,17,11
"20250130",마포아트센터,0.0166,0.0329,0.47,0.0035,18,12
"20250130",서울숲,0.0172,0.0281,0.45,0.0031,18,12
"20250130",올림픽공원,0.0103,0.0244,0.48,0.0021,16,12
"20250130",자연사박물관,0.0123,0.0323,0.37,0.0033,17,10
"20250131",강남구,0.0332,0.0103,0.47,0.0019,32,24
"20250131",강동구,0.0318,0.013,0.61,0.003,31,27
"20250131",강북구,0.0313,0.0133,0.52,0.0019,34,26
"20250131",강서구,0.039,0.0096,0.61,0.0025,37,23
"20250131",관악구,0.0349,0.0054,0.6,0.0022,31,25
"20250131",광진구,0.0269,0.0185,0.55,0.003,30,21
"20250131",구로구,0.0295,0.0064,0.47,0.0022,40,29
"20250131",금천구,0.0422,0.007,0.57,0.0022,36,29
"20250131",노원구,0.0359,0.0101,0.54,0.0022,36,26
"20250131",도봉구,0.0368,0.0125,0.64,0.0028,32,21
"20250131",동대문구,0.0356,0.0084,0.51,0.002,34,25
"20250131",동작구,0.0418,0.0059,0.57,0.0019,39,28
"20250131",마포구,0.04,0.0093,0.55,0.0021,30,24
"20250131",서대문구,0.0261,0.0213,0.63,0.0025,27,19
"20250131",서초구,0.0294,0.0063,0.46,0.0022,43,27
"20250131",성동구,0.0352,0.011,0.48,0.0032,33,20
"20250131",성북구,0.0334,0.0091,0.52,0.0026,26,22
"20250131",송파구,0.0364,0.0085,0.5,0.0024,32,22
"20250131",양천구,0.0436,0.0062,0.61,0.0022,34,27
"20250131",영등포구,0.0413,0.0076,0.57,0.0022,33,25
"20250131",용산구,0.0398,0.0072,0.54,0.0024,32,23
"20250131",은평구,0.0302,0.0115,0.58,0.0029,31,20
"20250131",종로구,0.0377,0.01,0.5,0.0019,33,27
"20250131",중구,0.0398,0.0092,0.51,0.0026,33,25
"20250131",중랑구,0.0324,0.0098,0.5,0.0021,33,24
"20250131",강남대로,0.0398,0.0048,0.81,0.004,36,27
"20250131",강변북로,0.0342,0.0099,0.55,0.003,34,23
"20250131",공항대로,0.0344,0.0099,0.53,0.0019,31,20
"20250131",도산대로,0.0339,0.0105,0.77,0.0024,36,23
"20250131",동작대로,0.0419,0.005,0.64,0.0025,42,25
"20250131",시흥대로,0.0522,0.0035,0.76,0.0028,38,20
"20250131",신촌로,0.0404,0.0071,0.59,0.0024,34,25
"20250131",영등포로,0.0439,0.0058,0.6,0.0024,33,19
"20250131",정릉로,0.0427,0.0072,0.57,0.0024,36,24
"20250131",종로,0.0391,0.0077,0.57,0.0022,36,22
"20250131",천호대로,0.0367,0.0089,0.59,0.0024,34,26
"20250131",청계천로,0.0384,0.0083,0.57,0.0026,35,24
"20250131",한강대로,0.0422,0.0037,0.62,0.0028,34,25
"20250131",홍릉로,0.0392,0.0072,0.56,0.0024,31,23
"20250131",화랑로,0.0384,0.0081,0.56,0.0022,36,23
"20250131",관악산,0.0033,0.0571,0.36,0.0027,37,24
"20250131",남산,0.0332,0.0111,0.79,0.0031,27,21
"20250131",북한산,0.0147,0.0258,0.54,0.0027,29,24
"20250131",세곡,0.0356,0.0064,0.62,0.0029,34,21
"20250131",항동,0.0372,0.0084,0.64,0.0034,30,23
"20250131",행주,0.0261,0.0159,0.45,0.0031,35,22
"20250131",마포아트센터,0.0394,0.0112,0.67,0.0032,31,24
"20250131",서울숲,0.0338,0.0103,0.58,0.003,31,24
"20250131",올림픽공원,0.0182,0.0111,0.59,0.0022,30,25
"20250131",자연사박물관,0.027,0.0181,0.55,0.003,30,21
"20250201",강남구,0.0335,0.0116,0.58,0.002,44,36
"20250201",강동구,0.0333,0.0146,0.65,0.0028,45,39
"20250201",강북구,0.0229,0.0195,0.54,0.0021,42,32
"20250201",강서구,0.0319,0.0152,0.62,0.0027,55,37
"20250201",관악구,0.0317,0.0109,0.69,0.0022,45,37
"20250201",광진구,0.0267,0.0212,0.59,0.0032,41,30
"20250201",구로구,0.0258,0.0116,0.57,0.0023,58,45
"20250201",금천구,0.0385,0.0115,0.66,0.0024,45,37
"20250201",노원구,0.0383,0.0113,0.73,0.0027,53,38
"20250201",도봉구,0.0274,0.0224,0.65,0.0031,43,29
"20250201",동대문구,0.0363,0.0113,0.66,0.0022,50,38
"20250201",동작구,0.0388,0.0114,0.6,0.0021,48,39
"20250201",마포구,0.0371,0.0108,0.66,0.0026,48,39
"20250201",서대문구,0.0305,0.0148,1.05,0.0046,39,32
"20250201",서초구,0.025,0.0129,0.5,0.0022,53,37
"20250201",성동구,0.0381,0.0112,0.61,0.0037,45,30
"20250201",성북구,0.0338,0.0117,0.69,0.0027,41,34
"20250201",송파구,0.0359,0.0107,0.62,0.0025,43,31
"20250201",양천구,0.038,0.0116,0.71,0.0026,53,45
"20250201",영등포구,0.0357,0.0132,0.62,0.0024,47,39
"20250201",용산구,0.0379,0.0103,0.71,0.0025,46,36
"20250201",은평구,0.0265,0.0126,0.67,0.0028,41,27
"20250201",종로구,0.0362,0.0124,0.65,0.0023,47,41
"20250201",중구,0.0366,0.0151,0.62,0.0027,44,36
"20250201",중랑구,0.0264,0.0162,0.5,0.0024,43,34
"20250201",강남대로,0.0332,0.0084,0.91,,48,37
"20250201",강변북로,0.04,0.0083,0.7,0.0027,47,32
"20250201",공항대로,0.0314,0.0131,0.62,0.0023,48,34
"20250201",도산대로,0.0339,0.0119,0.9,0.0027,48,35
"20250201",동작대로,0.041,0.0085,0.81,0.0029,50,33
"20250201",시흥대로,0.0483,0.008,0.79,0.0028,50,31
"20250201",신촌로,0.0396,0.0093,0.83,0.0024,51,39
"20250201",영등포로,0.0382,0.0115,0.72,0.0024,47,33
"20250201",정릉로,0.0428,0.0095,0.71,0.0025,47,37
"20250201",종로,0.0355,0.0102,0.65,0.0024,46,32
"20250201",천호대로,0.0383,0.0083,0.78,0.0025,43,36
"20250201",청계천로,0.0377,0.0099,0.7,0.0027,49,36
"20250201",한강대로,0.0386,0.0107,0.71,0.0028,46,36
"20250201",홍릉로,0.0412,0.0085,0.8,0.0027,45,36
"20250201",화랑로,0.0385,0.0081,0.69,0.0025,49,35
"20250201",관악산,0.0079,0.053,0.43,0.0027,35,21
"20250201",남산,0.0292,0.0176,0.85,0.0031,38,29
"20250201",북한산,0.0056,0.0368,0.49,0.0026,36,28
"20250201",세곡,0.0319,0.0092,0.87,0.0028,44,30
"20250201",항동,0.0304,0.0135,0.75,0.0035,46,35
"20250201",행주,0.0158,0.0272,0.49,0.0031,48,33
"20250201",마포아트센터,0.0367,0.0158,0.78,0.0032,45,34
"20250201",서울숲,0.0352,0.0118,0.71,0.0029,43,36
"20250201",올림픽공원,0.0172,0.0098,0.68,0.0024,39,33
"20250201",자연사박물관,0.0288,0.0168,0.72,0.003,42,32
"20250202",강남구,0.0246,0.0222,0.53,0.0023,39,29
"20250202",강동구,0.024,0.0246,0.58,0.0031,37,30
"20250202",강북구,0.0164,0.0298,0.48,0.0023,35,26
"20250202",강서구,0.022,0.0258,0.56,0.0033,50,31
"20250202",관악구,0.0256,0.0184,0.67,0.0025,45,34
"20250202",광진구,0.0228,0.0265,0.61,0.0036,38,26
"20250202",구로구,0.0193,0.0204,0.53,0.0026,52,37
"20250202",금천구,0.0338,0.0185,0.82,0.0029,53,40
"20250202",노원구,0.0262,0.023,0.59,0.0029,41,29
"20250202",도봉구,0.0176,0.0336,0.58,0.0034,31,19
"20250202",동대문구,0.0228,0.0235,0.51,0.0024,39,27
"20250202",동작구,0.0353,0.0198,0.69,0.0025,51,37
"20250202",마포구,0.0258,0.0215,0.56,0.0029,44,31
"20250202",서대문구,0.0243,0.0232,0.94,0.0046,36,26
"20250202",서초구,0.0194,0.0201,0.5,0.0024,48,31
"20250202",성동구,0.0264,0.0226,0.52,0.0029,39,24
"20250202",성북구,0.0213,0.0236,0.58,0.003,31,24
"20250202",송파구,0.0284,0.019,0.56,0.0028,42,29
"20250202",양천구,0.0279,0.0217,0.63,0.0029,49,38
"20250202",영등포구,0.0258,0.0235,0.57,0.0025,42,32
"20250202",용산구,0.028,0.0176,0.6,0.0027,39,27
"20250202",은평구,0.0211,0.0199,0.65,0.0031,38,23
"20250202",종로구,0.0254,0.0241,0.54,0.0027,39,30
"20250202",중구,0.027,0.0243,0.56,0.0031,37,29
"20250202",중랑구,0.021,0.0239,0.48,0.0027,35,26
"20250202",강남대로,0.0301,0.0134,0.97,0.0035,46,33
"20250202",강변북로,0.0338,0.0147,0.66,0.0027,43,25
"20250202",공항대로,0.0237,0.0218,0.58,0.0027,44,29
"20250202",도산대로,0.0257,0.0193,0.82,0.0029,40,26
"20250202",동작대로,0.0349,0.0153,0.8,0.0031,50,32
"20250202",시흥대로,0.0364,0.0177,0.77,0.003,53,30
"20250202",신촌로,0.034,0.0143,0.81,0.0027,49,34
"20250202",영등포로,0.032,0.0179,0.68,0.0027,44,27
"20250202",정릉로,0.0301,0.0217,0.57,0.0027,38,28
"20250202",종로,0.0253,0.0211,0.56,0.0025,40,24
"20250202",천호대로,0.0289,0.0175,0.66,0.0026,40,30
"20250202",청계천로,0.0264,0.0204,0.59,0.0028,43,28
"20250202",한강대로,0.03,0.0193,0.63,0.0031,41,29
"20250202",홍릉로,0.0297,0.018,0.6,0.0027,35,25
"20250202",화랑로,0.0283,0.0207,0.54,0.0024,38,25
"20250202",관악산,0.0085,0.0494,0.51,0.0032,45,27
"20250202",남산,0.0153,0.0309,0.78,0.0034,32,23
"20250202",북한산,0.005,0.0405,0.49,0.0029,33,24
"20250202",세곡,0.0256,0.0172,0.87,0.0032,44,27
"20250202",항동,0.02,0.0242,0.74,0.0039,41,32
"20250202",행주,0.0101,0.0331,0.34,0.0035,41,25
"20250202",마포아트센터,0.0292,0.0235,0.74,0.0036,40,28
"20250202",서울숲,0.0249,0.0213,0.64,0.0032,37,28
"20250202",올림픽공원,0.0139,0.0164,0.7,0.0021,36,29
"20250202",자연사박물관,0.0253,0.0219,0.72,0.0034,40,27
"20250203",강남구,0.0099,0.0365,0.39,0.0023,28,19
"20250203",강동구,0.009,0.041,0.44,0.0033,30,21
"20250203",강북구,0.005,0.0431,0.36,0.0023,30,21
"20250203",강서구,0.011,0.0372,0.36,0.003,34,18
"20250203",관악구,0.0095,0.0341,0.38,0.0024,27,18
"20250203",광진구,0.0091,0.0437,0.46,0.0036,31,17
"20250203",구로구,0.0081,0.0349,0.32,0.0026,34,18
"20250203",금천구,0.0114,0.037,0.38,0.0024,28,18
"20250203",노원구,0.0087,0.0394,0.38,0.0025,36,20
"20250203",도봉구,0.0058,0.0469,0.46,0.0033,27,13
"20250203",동대문구,0.0081,0.0376,0.37,0.0023,30,18
"20250203",동작구,0.0101,0.0395,0.37,0.0021,33,22
"20250203",마포구,0.0122,0.0344,0.38,0.0024,26,16
"20250203",서대문구,0.0072,0.0408,0.49,0.0026,28,13
"20250203",서초구,0.0069,0.0381,0.31,0.0025,32,15
"20250203",성동구,0.012,0.0385,0.37,0.0026,29,17
"20250203",성북구,0.0079,0.0376,0.47,0.0029,22,16
"20250203",송파구,0.013,0.0339,0.38,0.0026,32,20
"20250203",양천구,0.0127,0.0342,0.4,0.0025,30,21
"20250203",영등포구,0.0115,0.0382,0.38,0.0025,31,20
"20250203",용산구,0.01,0.0324,0.4,0.0026,29,18
"20250203",은평구,0.0092,0.0291,0.44,0.003,29,16
"20250203",종로구,0.0091,0.0387,0.38,0.0021,29,21
"20250203",중구,0.0098,0.039,0.38,0.0029,27,19
"20250203",중랑구,0.0114,0.033,0.41,0.0026,29,19
"20250203",강남대로,0.0182,0.0285,0.62,0.0028,39,18
"20250203",강변북로,0.0187,0.0299,0.46,0.0028,34,15
"20250203",공항대로,0.0145,0.0326,0.39,0.0021,30,16
"20250203",도산대로,0.0117,0.0309,0.48,0.0025,29,13
"20250203",동작대로,0.0165,0.0343,0.42,0.0026,35,15
"20250203",시흥대로,0.0136,0.0354,0.39,0.0027,32,14
"20250203",신촌로,0.0199,0.0304,0.48,0.0026,34,20
"20250203",영등포로,0.0185,0.0321,0.46,0.0026,32,15
"20250203",정릉로,0.0183,0.0343,0.43,0.0026,31,20
"20250203",종로,0.0089,0.0387,0.39,0.0023,31,16
"20250203",천호대로,0.017,0.0339,0.45,0.0025,32,21
"20250203",청계천로,0.0108,0.0353,0.41,0.0022,36,18
"20250203",한강대로,0.0127,0.035,0.41,0.0029,30,17
"20250203",홍릉로,0.0147,0.0334,0.45,0.0028,28,18
"20250203",화랑로,0.0187,0.0375,0.42,0.0023,32,17
"20250203",관악산,0.0054,0.0491,0.39,0.0032,33,17
"20250203",남산,0.0058,0.0396,0.69,0.0033,24,13
"20250203",북한산,0.0031,0.0452,0.51,0.0029,31,21
"20250203",세곡,0.011,0.0364,0.49,0.0029,32,14
"20250203",항동,0.0066,0.0392,0.45,0.0037,25,14
"20250203",행주,0.0035,0.042,0.34,0.0034,25,14
"20250203",마포아트센터,0.01,0.0415,0.49,0.0035,28,14
"20250203",서울숲,0.0083,0.0386,0.49,0.0033,26,16
"20250203",올림픽공원,0.0057,0.0365,0.52,0.0023,26,16
"20250203",자연사박물관,0.0055,0.0416,0.44,0.0033,27,14
"20250204",강남구,0.0096,0.0303,0.32,0.0021,18,11
"20250204",강동구,0.0096,0.0353,0.38,0.0036,20,14
"20250204",강북구,0.0049,0.0377,0.29,0.0023,21,13
"20250204",강서구,0.0103,0.0326,0.31,0.0027,25,11
"20250204",관악구,0.0095,0.0297,0.32,0.0023,16,10
"20250204",광진구,0.0092,0.0382,0.4,0.0032,20,10
"20250204",구로구,0.008,0.0302,0.27,0.0026,26,13
"20250204",금천구,0.0125,0.0306,0.3,0.0022,18,11
"20250204",노원구,0.0088,0.0343,0.32,0.0023,26,14
"20250204",도봉구,0.0061,0.0409,0.38,0.003,19,7
"20250204",동대문구,0.0082,0.0327,0.31,0.0024,21,10
"20250204",동작구,0.0102,0.0336,0.3,0.0019,22,12
"20250204",마포구,0.0103,0.0309,0.31,0.0021,18,11
"20250204",서대문구,0.0071,0.0357,0.38,0.0026,20,7
"20250204",서초구,0.0063,0.034,0.25,0.0025,26,8
"20250204",성동구,0.0125,0.0328,0.31,0.0028,20,10
"20250204",성북구,0.0068,0.0338,0.54,0.0029,15,9
"20250204",송파구,0.0127,0.0291,0.32,0.0024,23,12
"20250204",양천구,0.0124,0.0298,0.34,0.0023,21,13
"20250204",영등포구,0.0096,0.0341,0.3,0.0022,20,11
"20250204",용산구,0.0104,0.0283,0.32,0.0026,21,10
"20250204",은평구,0.0088,0.0269,0.3,0.0031,21,6
"20250204",종로구,0.0096,0.0334,0.33,0.0021,19,13
"20250204",중구,0.0094,0.0344,0.32,0.0029,18,12
"20250204",중랑구,0.0115,0.0284,0.35,0.0026,20,12
"20250204",강남대로,0.0183,0.0246,0.56,0.0026,26,9
"20250204",강변북로,0.0189,0.0254,0.39,0.0029,24,9
"20250204",공항대로,0.0127,0.0296,0.33,0.0018,20,9
"20250204",도산대로,0.0115,0.0272,0.35,0.0025,20,6
"20250204",동작대로,0.0161,0.0286,0.35,0.0022,25,11
"20250204",시흥대로,0.014,0.0292,0.33,0.0023,21,6
"20250204",신촌로,0.0189,0.0258,0.43,0.0023,23,13
"20250204",영등포로,0.016,0.0287,0.37,0.0022,21,5
"20250204",정릉로,0.0172,0.0294,0.35,0.0022,22,13
"20250204",종로,0.0089,0.033,0.32,0.002,21,10
"20250204",천호대로,0.016,0.0287,0.39,0.0023,23,13
"20250204",청계천로,0.0107,0.03,0.34,0.0018,26,11
"20250204",한강대로,0.0128,0.0303,0.35,0.0029,21,9
"20250204",홍릉로,0.0144,0.0288,0.38,0.0028,19,11
"20250204",화랑로,0.0166,0.0332,0.36,0.0019,23,10
"20250204",관악산,0.0061,0.042,0.28,0.003,25,12
"20250204",남산,0.0075,0.0336,0.58,0.0035,17,7
"20250204",북한산,0.0029,0.0402,0.45,0.0029,22,15
"20250204",세곡,0.0112,0.0315,0.43,0.0027,20,8
"20250204",항동,0.0067,0.0369,0.39,0.0035,16,9
"20250204",행주,0.0022,0.0389,0.51,0.0036,19,9
"20250204",마포아트센터,0.009,0.0332,0.45,0.0034,18,11
"20250204",서울숲,0.0087,0.0339,0.43,0.0033,19,9
"20250204",올림픽공원,0.0059,0.0373,0.46,0.0029,17,10
"20250204",자연사박물관,0.0064,0.0338,0.34,0.0034,20,7
"20250205",강남구,0.0101,0.0295,0.33,0.0022,18,10
"20250205",강동구,0.014,0.032,0.42,0.0036,19,11
"20250205",강북구,0.0056,0.0384,0.29,0.0023,17,11
"20250205",강서구,0.0125,0.0311,0.32,0.0028,23,9
"20250205",관악구,0.0107,0.029,0.33,0.0024,15,9
"20250205",광진구,0.0115,0.0367,0.42,0.0032,17,9
"20250205",구로구,0.0094,0.0301,0.28,0.0028,23,12
"20250205",금천구,0.0143,0.0295,0.32,0.0023,16,9
"20250205",노원구,0.0118,0.0318,0.33,0.0024,22,13
"20250205",도봉구,0.0072,0.0414,0.4,0.0029,16,5
"20250205",동대문구,0.0085,0.0312,0.33,0.0024,17,9
"20250205",동작구,0.0119,0.0325,0.32,0.002,20,11
"20250205",마포구,0.0146,0.0275,0.33,0.0021,17,11
"20250205",서대문구,0.0088,0.035,0.4,0.0029,18,7
"20250205",서초구,0.0075,0.0333,0.26,0.0026,22,7
"20250205",성동구,0.0127,0.0334,0.31,0.003,18,8
"20250205",성북구,0.0095,0.0322,0.67,0.003,13,7
"20250205",송파구,0.0144,0.0286,0.33,0.0025,20,9
"20250205",양천구,0.0148,0.0288,0.36,0.0023,18,11
"20250205",영등포구,0.0128,0.032,0.32,0.0022,18,9
"20250205",용산구,0.0116,0.0281,0.33,0.0028,18,8
"20250205",은평구,0.0106,0.0269,0.32,0.0033,19,5
"20250205",종로구,0.0103,0.033,0.33,0.002,16,11
"20250205",중구,0.0109,0.0341,0.33,0.0029,16,9
"20250205",중랑구,0.0143,0.0272,0.38,0.0028,18,10
"20250205",강남대로,0.0198,0.0238,0.58,0.0029,24,9
"20250205",강변북로,0.018,0.0267,0.4,0.003,21,7
"20250205",공항대로,0.0162,0.0269,0.36,0.002,18,8
"20250205",도산대로,0.0138,0.026,0.43,0.0031,18,4
"20250205",동작대로,0.0176,0.0281,0.36,0.0023,24,10
"20250205",시흥대로,0.0175,0.0276,0.36,0.0025,20,5
"20250205",신촌로,0.0197,0.0246,0.44,0.0024,22,11
"20250205",영등포로,0.0179,0.0281,0.38,0.0022,20,4
"20250205",정릉로,0.0189,0.0287,0.36,0.0024,20,10
"20250205",종로,0.0095,0.0335,0.33,0.0021,21,9
"20250205",천호대로,0.0214,0.0242,0.42,0.0022,24,14
"20250205",청계천로,0.0111,0.0302,0.36,0.0019,25,11
"20250205",한강대로,0.0149,0.0293,0.37,0.003,21,9
"20250205",홍릉로,0.0152,0.0292,0.38,0.0029,17,8
"20250205",화랑로,0.021,0.0305,0.39,0.0022,22,10
"20250205",관악산,0.0069,0.042,0.32,0.0031,23,11
"20250205",남산,0.0077,0.0343,0.49,0.0035,13,7
"20250205",북한산,0.0027,0.041,0.47,0.0029,19,12
"20250205",세곡,0.0133,0.0306,0.46,0.0029,19,6
"20250205",항동,0.0091,0.035,0.42,0.0036,16,8
"20250205",행주,0.0033,0.0377,0.6,0.0036,17,8
"20250205",마포아트센터,0.0105,0.0331,0.37,0.0035,17,9
"20250205",서울숲,0.009,0.0344,0.45,0.0034,17,7
"20250205",올림픽공원,0.0098,0.0282,0.51,0.0028,15,8
"20250205",자연사박물관,0.0078,0.0347,0.31,0.0035,18,6
"20250206",강남구,0.0206,0.0221,0.4,0.0022,21,13
"20250206",강동구,0.0291,0.0208,0.55,0.0038,25,18
"20250206",강북구,0.0206,0.0257,0.44,0.0023,24,14
"20250206",강서구,0.0229,0.0244,0.39,0.0031,28,11
"20250206",관악구,0.0188,0.0228,0.4,0.0026,18,11
"20250206",광진구,0.0249,0.0248,0.47,0.0032,22,11
"20250206",구로구,0.0167,0.023,0.33,0.0031,29,15
"20250206",금천구,0.0245,0.0222,0.44,0.0024,21,14
"20250206",노원구,0.0272,0.0202,0.46,0.0028,28,18
"20250206",도봉구,0.0231,0.026,0.48,0.0028,20,8
"20250206",동대문구,0.0227,0.0219,0.46,0.0026,24,13
"20250206",동작구,0.0227,0.0253,0.38,0.0023,24,13
"20250206",마포구,0.0265,0.0201,0.39,0.0025,22,15
"20250206",서대문구,0.0226,0.0238,0.67,0.0051,21,11
"20250206",서초구,0.0168,0.0238,0.32,0.0026,28,12
"20250206",성동구,0.0239,0.0237,0.39,0.0028,22,10
"20250206",성북구,0.0213,0.0146,0.57,0.003,19,12
"20250206",송파구,0.0249,0.0204,0.39,0.0027,22,13
"20250206",양천구,0.0278,0.0202,0.44,0.0025,21,14
"20250206",영등포구,0.022,0.0257,0.38,0.0025,23,13
"20250206",용산구,0.0226,0.0213,0.39,0.0029,22,11
"20250206",은평구,0.0204,0.0199,0.4,0.0033,21,8
"20250206",종로구,0.0248,0.0225,0.44,0.0023,25,15
"20250206",중구,0.0234,0.0254,0.4,0.0031,20,13
"20250206",중랑구,0.0261,0.0188,0.45,0.0028,23,14
"20250206",강남대로,0.0303,0.0155,0.71,0.0036,27,11
"20250206",강변북로,0.0295,0.0184,0.49,0.0032,27,10
"20250206",공항대로,0.0262,0.0184,0.42,0.0025,22,11
"20250206",도산대로,0.0239,0.0198,0.64,0.0033,24,9
"20250206",동작대로,0.0276,0.0201,0.45,0.0027,28,15
"20250206",시흥대로,0.0304,0.0194,0.45,0.003,26,8
"20250206",신촌로,0.0282,0.0176,0.5,0.0026,26,15
"20250206",영등포로,0.0297,0.0203,0.46,0.0026,26,7
"20250206",정릉로,0.0373,0.0156,0.51,0.0026,26,15
"20250206",종로,0.0253,0.0203,0.43,0.0024,26,12
"20250206",천호대로,0.0325,0.016,0.55,0.0027,27,16
"20250206",청계천로,0.0288,0.0176,0.51,0.0025,27,14
"20250206",한강대로,0.0253,0.0218,0.45,0.0031,25,12
"20250206",홍릉로,0.0311,0.0177,0.52,0.0028,21,11
"20250206",화랑로,0.0358,0.0161,0.5,0.0026,27,13
"20250206",관악산,0.0073,0.0441,0.34,0.0033,24,12
"20250206",남산,0.0169,0.0279,0.58,0.0037,17,10
"20250206",북한산,0.0094,0.0338,0.45,0.003,21,14
"20250206",세곡,0.0267,0.0178,0.64,0.0033,26,10
"20250206",항동,0.0213,0.0249,0.53,0.0039,23,11
"20250206",행주,0.0239,0.0209,0.62,0.0037,25,12
"20250206",마포아트센터,0.0201,0.0283,0.43,0.0037,20,11
"20250206",서울숲,0.0217,0.024,0.52,0.0034,21,10
"20250206",올림픽공원,0.0212,0.0161,0.31,0.0027,23,15
"20250206",자연사박물관,0.0194,0.0251,0.4,0.0036,20,11
"20250207",강남구,0.0127,0.0282,0.35,0.0021,29,13
"20250207",강동구,0.0172,0.0294,0.48,0.0037,32,17
"20250207",강북구,0.0076,0.0357,0.32,0.0021,34,16
"20250207",강서구,0.0136,0.0312,0.33,0.0027,40,12
"20250207",관악구,0.0119,0.0289,0.35,0.0022,26,13
"20250207",광진구,0.0139,0.0345,0.39,0.0033,36,14
"20250207",구로구,0.0104,0.0299,0.29,0.0027,36,16
"20250207",금천구,0.0143,0.0306,0.33,0.0022,30,12
"20250207",노원구,0.0144,0.0299,0.38,0.0024,38,20
"20250207",도봉구,0.0096,0.0374,0.33,0.0031,36,10
"20250207",동대문구,0.0118,0.0303,0.37,0.0023,30,14
"20250207",동작구,0.0147,0.0306,0.35,0.0019,37,15
"20250207",마포구,0.0135,0.03,0.33,0.0021,25,12
"20250207",서대문구,0.0095,0.0352,0.49,0.0034,33,10
"20250207",서초구,0.0076,0.0342,0.27,0.0025,35,12
"20250207",성동구,0.014,0.0322,0.33,0.0029,31,12
"20250207",성북구,0.0107,0.029,0.3,0.0032,26,12
"20250207",송파구,0.0174,0.0268,0.35,0.0025,32,16
"20250207",양천구,0.016,0.0298,0.37,0.0023,33,16
"20250207",영등포구,0.0133,0.0331,0.33,0.0022,30,12
"20250207",용산구,0.0127,0.0279,0.34,0.0026,31,12
"20250207",은평구,0.0099,0.0279,0.35,0.0033,35,8
"20250207",종로구,0.0135,0.0321,0.36,0.0021,30,16
"20250207",중구,0.0124,0.0322,0.35,0.0028,35,15
"20250207",중랑구,0.0153,0.0248,0.38,0.0026,30,16
"20250207",강남대로,0.0207,0.0218,0.53,0.0027,36,11
"20250207",강변북로,0.0187,0.0265,0.44,0.0029,36,12
"20250207",공항대로,0.0174,0.0276,0.35,0.0019,33,10
"20250207",도산대로,0.0136,0.0268,0.52,0.0031,31,8
"20250207",동작대로,0.0193,0.0266,0.39,0.0022,32,10
"20250207",시흥대로,0.0173,0.0282,0.37,0.0024,30,9
"20250207",신촌로,0.0198,0.0254,0.42,0.0024,31,14
"20250207",영등포로,0.0175,0.0293,0.38,0.0022,27,6
"20250207",정릉로,0.0207,0.028,0.38,0.0025,32,14
"20250207",종로,0.0112,0.033,0.35,0.0021,32,11
"20250207",천호대로,0.0235,0.0221,0.46,0.0025,30,18
"20250207",청계천로,0.0138,0.0294,0.37,0.002,32,11
"20250207",한강대로,0.0162,0.0293,0.38,0.0029,30,11
"20250207",홍릉로,0.0182,0.0274,0.41,0.0025,28,13
"20250207",화랑로,0.0232,0.0275,0.4,0.0024,32,14
"20250207",관악산,0.0059,0.0441,0.37,0.0032,35,13
"20250207",남산,0.0088,0.034,0.55,0.0034,27,10
"20250207",북한산,0.0027,0.0417,0.27,0.0031,38,16
"20250207",세곡,0.0156,0.0276,0.54,0.0029,36,10
"20250207",항동,0.0098,0.0347,0.45,0.0037,60,11
"20250207",행주,0.0071,0.0331,0.45,0.0034,31,11
"20250207",마포아트센터,0.0109,0.0362,0.44,0.0036,34,13
"20250207",서울숲,0.0105,0.0338,0.48,0.0035,30,12
"20250207",올림픽공원,0.0104,0.0321,0.33,0.003,27,14
"20250207",자연사박물관,0.0076,0.0364,0.35,0.0036,35,10
"20250208",강남구,0.0105,0.0282,0.33,0.0019,23,11
"20250208",강동구,0.0128,0.0337,0.47,0.0035,26,13
"20250208",강북구,0.0064,0.0375,0.31,0.0021,28,13
"20250208",강서구,0.0142,0.0304,0.32,0.0028,29,10
"20250208",관악구,0.0112,0.0295,0.35,0.0021,22,11
"20250208",광진구,0.0106,0.0374,0.38,0.003,25,10
"20250208",구로구,0.0093,0.031,0.28,0.0026,30,12
"20250208",금천구,0.0133,0.0311,0.32,0.0022,25,12
"20250208",노원구,0.0117,0.0326,0.34,0.0023,31,17
"20250208",도봉구,0.0054,0.0413,0.31,0.0028,25,8
"20250208",동대문구,0.0102,0.0309,0.36,0.0022,26,11
"20250208",동작구,0.0123,0.0327,0.32,0.0018,27,13
"20250208",마포구,0.0143,0.0294,0.34,0.002,23,12
"20250208",서대문구,0.0119,0.0331,0.49,0.0029,25,8
"20250208",서초구,0.0081,0.0333,0.27,0.0024,29,10
"20250208",성동구,0.0126,0.0334,0.32,0.0025,23,9
"20250208",성북구,0.0094,0.0341,0.33,0.003,21,10
"20250208",송파구,0.0135,0.03,0.33,0.0024,26,12
"20250208",양천구,0.0158,0.0304,0.36,0.0021,25,14
"20250208",영등포구,0.0122,0.0337,0.32,0.002,23,11
"20250208",용산구,0.0119,0.0283,0.34,0.0024,26,11
"20250208",은평구,0.0128,0.0259,0.39,0.0032,27,8
"20250208",종로구,0.012,0.0322,0.34,0.0019,25,13
"20250208",중구,0.0106,0.0298,0.34,0.0028,22,12
"20250208",중랑구,0.0148,0.0258,0.37,0.0024,26,13
"20250208",강남대로,0.0187,0.0238,0.42,0.0028,29,10
"20250208",강변북로,0.0194,0.0256,0.44,0.0029,30,9
"20250208",공항대로,0.0161,0.029,0.34,0.0019,21,9
"20250208",도산대로,0.0129,0.0272,0.43,0.0029,26,7
"20250208",동작대로,0.0187,0.0271,0.38,0.002,29,12
"20250208",시흥대로,0.0158,0.0288,0.35,0.0022,27,7
"20250208",신촌로,0.0191,0.025,0.46,0.0022,28,14
"20250208",영등포로,0.0193,0.0271,0.41,0.002,24,5
"20250208",정릉로,0.0197,0.0283,0.37,0.0021,27,13
"20250208",종로,0.0108,0.033,0.34,0.002,27,10
"20250208",천호대로,0.0168,0.0288,0.41,0.0022,26,15
"20250208",청계천로,0.0122,0.0299,0.36,0.0019,28,12
"20250208",한강대로,0.014,0.0307,0.38,0.0028,26,11
"20250208",홍릉로,0.0188,0.0269,0.44,0.0024,23,11
"20250208",화랑로,0.0196,0.0321,0.38,0.0024,26,11
"20250208",관악산,0.0064,0.043,0.34,0.003,31,13
"20250208",남산,0.008,0.0341,0.55,0.0034,21,8
"20250208",북한산,0.0033,0.0397,0.28,0.0028,27,14
"20250208",세곡,0.0152,0.0286,0.52,0.0028,26,10
"20250208",항동,0.009,0.0369,0.44,0.0035,19,9
"20250208",행주,0.0048,0.0376,0.45,0.0032,24,9
"20250208",마포아트센터,0.0092,0.0374,0.42,0.0033,23,11
"20250208",서울숲,0.0098,0.0345,0.48,0.0032,23,9
"20250208",올림픽공원,0.0068,0.0374,0.36,0.0029,22,10
"20250208",자연사박물관,0.0082,0.0359,0.36,0.0034,25,8
"20250209",강남구,0.018,0.0231,0.41,0.0019,25,16
"20250209",강동구,0.0219,0.0252,0.6,0.0034,28,20
"20250209",강북구,0.0154,0.0306,0.42,0.0019,26,17
"20250209",강서구,0.0193,0.0284,0.4,0.0029,28,12
"20250209",관악구,0.0185,0.0245,0.44,0.0023,21,14
"20250209",광진구,0.0208,0.0279,0.49,0.003,25,15
"20250209",구로구,0.0151,0.0257,0.35,0.0029,31,15
"20250209",금천구,0.023,0.0236,0.46,0.0023,25,16
"20250209",노원구,0.0205,0.0267,0.47,0.0024,31,21
"20250209",도봉구,0.0164,0.033,0.44,0.0028,24,12
"20250209",동대문구,0.0174,0.0269,0.45,0.0022,27,15
"20250209",동작구,0.0251,0.0245,0.42,0.0021,27,17
"20250209",마포구,0.0241,0.024,0.42,0.0024,24,16
"20250209",서대문구,0.0177,0.0293,0.7,0.0047,24,12
"20250209",서초구,0.0131,0.0273,0.34,0.0024,28,13
"20250209",성동구,0.0196,0.0282,0.41,0.0022,24,12
"20250209",성북구,0.0197,0.0259,0.58,0.003,22,15
"20250209",송파구,0.0204,0.0246,0.41,0.0024,26,14
"20250209",양천구,0.0225,0.0268,0.43,0.0025,23,16
"20250209",영등포구,0.018,0.0306,0.38,0.0026,22,13
"20250209",용산구,0.0212,0.0224,0.43,0.0025,25,14
"20250209",은평구,0.0142,0.0254,0.42,0.0032,23,10
"20250209",종로구,0.0184,0.0289,0.43,0.0021,25,17
"20250209",중구,0.0188,0.0259,0.42,0.0028,22,15
"20250209",중랑구,0.0239,0.0203,0.48,0.0025,28,18
"20250209",강남대로,0.0245,0.0179,0.55,0.0034,30,14
"20250209",강변북로,0.0262,0.0207,0.55,0.003,30,13
"20250209",공항대로,0.0206,0.0242,0.42,0.0022,22,13
"20250209",도산대로,0.0182,0.0238,0.75,0.0029,26,10
"20250209",동작대로,0.026,0.0221,0.46,0.0024,28,14
"20250209",시흥대로,0.0261,0.0233,0.45,0.0027,26,10
"20250209",신촌로,0.0278,0.0196,0.55,0.0024,29,16
"20250209",영등포로,0.026,0.0231,0.47,0.0025,24,7
"20250209",정릉로,0.0285,0.022,0.5,0.0023,29,17
"20250209",종로,0.0193,0.027,0.44,0.0021,28,13
"20250209",천호대로,0.0251,0.0211,0.52,0.0025,28,19
"20250209",청계천로,0.0206,0.025,0.46,0.0021,28,15
"20250209",한강대로,0.0228,0.0248,0.5,0.003,28,14
"20250209",홍릉로,0.0256,0.0218,0.53,0.0026,24,14
"20250209",화랑로,0.0258,0.0226,0.47,0.0023,27,14
"20250209",관악산,0.0066,0.0444,0.4,0.0033,27,14
"20250209",남산,0.0157,0.0295,0.64,0.0036,20,12
"20250209",북한산,0.0051,0.0391,0.32,0.0028,23,16
"20250209",세곡,0.0196,0.0227,0.72,0.0032,25,12
"20250209",항동,0.015,0.0298,0.54,0.0036,19,12
"20250209",행주,0.0162,0.0276,0.54,0.0032,24,13
"20250209",마포아트센터,0.018,0.0313,0.47,0.0035,22,15
"20250209",서울숲,0.0177,0.0275,0.56,0.0031,22,14
"20250209",올림픽공원,0.0116,0.0273,0.41,0.0028,22,15
"20250209",자연사박물관,0.0158,0.0299,0.46,0.0035,25,11
"20250210",강남구,0.0272,0.0192,0.5,0.0022,28,19
"20250210",강동구,0.0312,0.0206,0.69,0.0035,29,24
"20250210",강북구,0.0197,0.0285,0.45,0.0021,22,17
"20250210",강서구,0.0302,0.0219,0.5,0.0032,31,16
"20250210",관악구,0.0313,0.0167,0.52,0.0025,24,18
"20250210",광진구,0.0285,0.0241,0.56,0.0034,26,17
"20250210",구로구,0.0216,0.02,0.41,0.003,33,22
"20250210",금천구,0.0352,0.0163,0.55,0.0026,29,21
"20250210",노원구,0.0314,0.0196,0.57,0.0027,28,22
"20250210",도봉구,0.0234,0.0292,0.51,0.0031,23,13
"20250210",동대문구,0.025,0.0231,0.51,0.0024,26,18
"20250210",동작구,0.0364,0.0182,0.48,0.0021,29,21
"20250210",마포구,0.0331,0.0189,0.5,0.0027,24,19
"20250210",서대문구,0.0256,0.0244,0.8,0.0049,24,16
"20250210",서초구,0.0213,0.0202,0.41,0.0025,32,21
"20250210",성동구,0.0284,0.0232,0.48,0.0027,26,16
"20250210",성북구,0.0298,0.0204,0.7,0.0032,21,17
"20250210",송파구,0.0315,0.0181,0.48,0.0026,29,22
"20250210",양천구,0.0341,0.0198,0.53,0.0027,26,21
"20250210",영등포구,0.0292,0.023,0.46,0.0027,25,18
"20250210",용산구,0.0318,0.0171,0.52,0.0027,26,17
"20250210",은평구,0.022,0.021,0.5,0.0033,25,12
"20250210",종로구,0.026,0.0249,0.49,0.0024,26,20
"20250210",중구,0.0285,0.0212,0.51,0.0031,24,18
"20250210",중랑구,0.0287,0.0186,0.5,0.0026,26,20
"20250210",강남대로,0.0368,0.0098,0.74,0.0041,33,21
"20250210",강변북로,0.0373,0.0145,0.59,0.0031,32,18
"20250210",공항대로,0.0349,0.0171,0.53,0.0027,26,16
"20250210",도산대로,0.028,0.0186,0.87,0.0032,30,17
"20250210",동작대로,0.0386,0.0144,0.57,0.0028,31,18
"20250210",시흥대로,0.0397,0.0158,0.6,0.0031,30,15
"20250210",신촌로,0.0382,0.0135,0.66,0.0027,30,22
"20250210",영등포로,0.037,0.0165,0.56,0.0026,26,12
"20250210",정릉로,0.0412,0.0155,0.59,0.0026,26,18
"20250210",종로,0.0266,0.0207,0.51,0.0023,27,16
"20250210",천호대로,0.0345,0.017,0.61,0.0028,29,23
"20250210",청계천로,0.03,0.0185,0.57,0.0025,28,18
"20250210",한강대로,0.0322,0.0194,0.56,0.0031,29,19
"20250210",홍릉로,0.0345,0.0174,0.61,0.0028,24,16
"20250210",화랑로,0.0388,0.0149,0.57,0.0026,26,17
"20250210",관악산,0.0083,0.0473,0.43,0.0034,26,16
"20250210",남산,0.0223,0.0262,0.71,0.0037,22,15
"20250210",북한산,0.0066,0.0387,0.34,0.0029,22,17
"20250210",세곡,0.0323,0.0135,0.87,0.0034,31,19
"20250210",항동,0.0296,0.0184,0.63,0.0038,26,19
"20250210",행주,0.0283,0.0205,0.46,0.0035,27,16
"20250210",마포아트센터,0.0273,0.0253,0.54,0.0036,26,20
"20250210",서울숲,0.0273,0.0222,0.57,0.0033,25,19
"20250210",올림픽공원,0.0172,0.0229,0.45,0.0029,25,20
"20250210",자연사박물관,0.0231,0.0254,0.53,0.0036,25,16
"20250211",강남구,0.041,0.0108,0.58,0.0024,43,31
"20250211",강동구,0.0387,0.0167,0.79,0.0035,44,37
"20250211",강북구,0.0291,0.0206,0.59,0.0023,44,36
"20250211",강서구,0.0531,0.0097,0.82,0.0033,49,32
"20250211",관악구,0.0497,0.0114,0.71,0.0026,41,33
"20250211",광진구,0.0358,0.0203,0.63,0.0035,39,29
"20250211",구로구,0.0324,0.011,0.57,0.0031,54,38
"20250211",금천구,0.0424,0.0143,0.63,0.003,44,33
"20250211",노원구,0.0417,0.015,0.73,0.0031,49,40
"20250211",도봉구,0.0359,0.0211,0.66,0.0033,41,28
"20250211",동대문구,0.0413,0.0137,0.7,0.0027,46,33
"20250211",동작구,0.049,0.0121,0.64,0.0025,48,36
"20250211",마포구,0.0489,0.0115,0.74,0.003,41,36
"20250211",서대문구,0.0398,0.0092,1.12,0.0053,39,31
"20250211",서초구,0.0313,0.0121,0.55,0.0027,52,35
"20250211",성동구,0.0404,0.0152,0.59,0.0038,41,26
"20250211",성북구,0.043,0.0132,0.83,0.0033,43,32
"20250211",송파구,0.0453,0.0136,0.6,0.0046,38,26
"20250211",양천구,0.0514,0.0105,0.72,0.0032,48,38
"20250211",영등포구,0.0487,0.0114,0.7,0.0031,46,36
"20250211",용산구,0.0457,0.0109,0.71,0.003,41,32
"20250211",은평구,0.0311,0.0179,0.63,0.0034,43,27
"20250211",종로구,0.0478,0.0117,0.73,0.0029,47,37
"20250211",중구,0.0461,0.0113,0.72,0.0035,44,37
"20250211",중랑구,0.0329,0.0175,0.56,0.0028,43,35
"20250211",강남대로,0.042,0.0088,0.89,0.0043,50,32
"20250211",강변북로,0.0472,0.0097,0.6,0.0031,49,32
"20250211",공항대로,0.0484,0.0082,0.74,0.003,43,30
"20250211",도산대로,0.041,0.0122,1.13,0.0033,49,30
"20250211",동작대로,0.0495,0.0095,0.69,0.0033,51,29
"20250211",시흥대로,0.0557,0.0079,0.78,0.0033,48,25
"20250211",신촌로,0.0474,0.0111,0.78,0.0029,47,35
"20250211",영등포로,0.0517,0.0095,0.74,0.0032,46,28
"20250211",정릉로,0.0533,0.0082,0.8,0.0029,45,34
"20250211",종로,0.0454,0.0103,0.76,0.0027,46,33
"20250211",천호대로,0.0447,0.0107,0.77,0.0031,45,36
"20250211",청계천로,0.0479,0.0094,0.86,0.0031,50,35
"20250211",한강대로,0.047,0.0112,0.75,0.0034,51,34
"20250211",홍릉로,0.0476,0.009,0.72,0.0029,40,30
"20250211",화랑로,0.0453,0.0114,0.71,0.0028,45,31
"20250211",관악산,0.0114,0.051,0.59,0.0037,41,22
"20250211",남산,0.0402,0.0162,0.91,0.0039,42,30
"20250211",북한산,0.0157,0.0312,0.43,0.003,41,34
"20250211",세곡,0.0348,0.0151,1,0.004,44,28
"20250211",항동,0.0393,0.0151,0.71,0.0041,40,30
"20250211",행주,0.0434,0.0119,0.58,0.0035,48,33
"20250211",마포아트센터,0.0433,0.0174,0.77,0.0037,44,36
"20250211",서울숲,0.0409,0.014,0.66,0.0033,43,34
"20250211",올림픽공원,0.0234,0.0171,0.51,0.003,43,34
"20250211",자연사박물관,0.0359,0.0185,0.67,0.0037,45,32
"20250212",강남구,0.0372,0.0151,0.53,0.0022,41,30
"20250212",강동구,0.0357,0.0189,0.65,0.0031,40,32
"20250212",강북구,0.0248,0.0268,0.5,0.0022,38,29
"20250212",강서구,0.0386,0.0175,0.58,0.0028,46,29
"20250212",관악구,0.0378,0.018,0.57,0.0022,41,32
"20250212",광진구,0.0327,0.0236,0.61,0.0034,36,26
"20250212",구로구,0.0258,0.0173,0.45,0.0026,49,36
"20250212",금천구,0.038,0.0172,0.61,0.0027,40,30
"20250212",노원구,0.0326,0.0204,0.54,0.0025,41,33
"20250212",도봉구,0.031,0.0255,0.62,0.0032,36,24
"20250212",동대문구,0.0358,0.0169,0.6,0.0023,42,32
"20250212",동작구,0.0359,0.0199,0.5,0.0022,43,32
"20250212",마포구,0.0365,0.0189,0.53,0.0025,37,31
"20250212",서대문구,0.0176,0.0337,0.41,0.0029,29,22
"20250212",서초구,0.0263,0.0168,0.45,0.0023,47,33
"20250212",성동구,0.0373,0.0166,0.54,0.0029,40,24
"20250212",성북구,0.0353,0.0189,0.66,0.003,35,27
"20250212",송파구,0.041,0.0157,0.52,0.0041,35,23
"20250212",양천구,0.0403,0.0165,0.55,0.0026,42,34
"20250212",영등포구,0.0362,0.0197,0.51,0.0025,39,30
"20250212",용산구,0.0388,0.0139,0.65,0.0026,38,29
"20250212",은평구,0.0241,0.0243,0.57,0.0031,38,22
"20250212",종로구,0.0401,0.0159,0.61,0.0025,45,34
"20250212",중구,0.0391,0.019,0.58,0.0029,41,33
"20250212",중랑구,0.0323,0.0185,0.54,0.0027,39,31
"20250212",강남대로,0.0364,0.0126,0.76,0.0031,40,30
"20250212",강변북로,0.0417,0.0121,0.55,0.0028,44,29
"20250212",공항대로,0.041,0.0142,0.57,0.0026,42,26
"20250212",도산대로,0.0341,0.0161,1.02,0.0029,43,27
"20250212",동작대로,0.0406,0.0151,0.58,0.0031,44,24
"20250212",시흥대로,0.0449,0.0147,0.63,0.0028,43,24
"20250212",신촌로,0.0397,0.0147,0.62,0.0026,46,32
"20250212",영등포로,0.0408,0.0155,0.57,0.0027,41,25
"20250212",정릉로,0.0464,0.014,0.64,0.0027,49,30
"20250212",종로,0.041,0.014,0.66,0.0025,45,31
"20250212",천호대로,0.041,0.0132,0.63,0.0027,41,34
"20250212",청계천로,0.0414,0.0137,0.69,0.003,46,31
"20250212",한강대로,0.0389,0.0158,0.6,0.003,42,32
"20250212",홍릉로,0.0432,0.0135,0.64,0.0027,40,29
"20250212",화랑로,0.04,0.0153,0.58,0.0025,41,27
"20250212",관악산,0.0081,0.0574,0.51,0.0031,26,12
"20250212",남산,0.0263,0.0259,0.8,0.0033,34,26
"20250212",북한산,0.0157,0.0362,0.41,0.0028,37,30
"20250212",세곡,0.0309,0.0186,0.73,0.0037,40,26
"20250212",항동,0.0343,0.0179,0.68,0.0037,38,29
"20250212",행주,0.036,0.0185,0.36,0.003,44,28
"20250212",마포아트센터,0.0356,0.0218,0.61,0.0033,39,29
"20250212",서울숲,0.0363,0.0166,0.65,0.0029,39,30
"20250212",올림픽공원,0.0243,0.0164,0.43,0.0028,38,31
"20250212",자연사박물관,0.0295,0.0239,0.61,0.0032,39,28
"20250213",강남구,0.0211,0.0245,0.35,0.0024,26,10
"20250213",강동구,0.0245,0.0254,0.43,0.0033,38,13
"20250213",강북구,0.0168,0.0311,0.35,0.0024,27,11
"20250213",강서구,0.0249,0.0246,0.37,0.003,31,9
"20250213",관악구,0.0248,0.0244,0.39,0.0026,26,11
"20250213",광진구,0.0231,0.028,0.5,0.0035,26,10
"20250213",구로구,0.0153,0.0249,0.29,0.003,38,13
"20250213",금천구,0.0246,0.0247,0.38,0.003,28,12
"20250213",노원구,0.0262,0.0234,0.41,0.0027,31,14
"20250213",도봉구,0.0137,0.0358,0.4,0.0034,27,6
"20250213",동대문구,0.0207,0.0257,0.38,0.0025,27,10
"20250213",동작구,0.0217,0.0283,0.34,0.0024,29,12
"20250213",마포구,0.026,0.0225,0.37,0.0027,27,12
"20250213",서대문구,0.0195,0.0271,0.47,0.0044,28,9
"20250213",서초구,0.0153,0.0255,0.29,0.0025,37,9
"20250213",성동구,0.0243,0.0235,0.36,0.0026,24,8
"20250213",성북구,0.0237,0.024,0.61,0.0031,26,9
"20250213",송파구,0.0246,0.0223,0.36,0.0031,27,12
"20250213",양천구,0.0277,0.0221,0.4,0.0028,26,13
"20250213",영등포구,0.0241,0.0271,0.34,0.0028,25,10
"20250213",용산구,0.0218,0.0219,0.52,0.0027,31,10
"20250213",은평구,0.0208,0.0207,0.42,0.0032,30,7
"20250213",종로구,0.0238,0.0245,0.41,0.0026,32,12
"20250213",중구,0.0231,0.0248,0.37,0.0031,21,10
"20250213",중랑구,0.0251,0.0204,0.41,0.0027,27,12
"20250213",강남대로,0.0265,0.0185,0.53,0.0028,35,8
"20250213",강변북로,0.0331,0.017,0.4,0.003,34,9
"20250213",공항대로,0.0331,0.0166,0.43,0.0029,28,10
"20250213",도산대로,0.0223,0.0215,0.66,0.003,32,6
"20250213",동작대로,0.0298,0.0214,0.44,0.0031,33,12
"20250213",시흥대로,0.029,0.0235,0.4,0.0031,31,8
"20250213",신촌로,0.0316,0.0171,0.54,0.0027,31,13
"20250213",영등포로,0.0308,0.0198,0.47,0.0028,26,5
"20250213",정릉로,0.0322,0.0206,0.46,0.0028,30,12
"20250213",종로,0.0248,0.0215,0.42,0.0025,28,11
"20250213",천호대로,0.0294,0.0207,0.5,0.0029,29,14
"20250213",청계천로,0.0268,0.0201,0.48,0.0028,31,11
"20250213",한강대로,0.0262,0.0216,0.44,0.0031,34,11
"20250213",홍릉로,0.0298,0.0195,0.5,0.0028,26,9
"20250213",화랑로,0.032,0.0213,0.42,0.0027,28,10
"20250213",관악산,0.0054,0.0465,0.24,0.0027,37,11
"20250213",남산,0.0165,0.0288,0.66,0.0035,24,7
"20250213",북한산,0.0068,0.0384,0.25,0.003,31,13
"20250213",세곡,0.022,0.0242,0.46,0.0033,30,7
"20250213",항동,0.0207,0.0248,0.45,0.0038,22,8
"20250213",행주,0.0193,0.0267,0.28,0.0033,24,8
"20250213",마포아트센터,0.0213,0.0286,0.44,0.0035,27,8
"20250213",서울숲,0.0231,0.0236,0.52,0.0031,26,7
"20250213",올림픽공원,0.0128,0.029,0.33,0.0029,28,9
"20250213",자연사박물관,0.0169,0.0284,0.43,0.0034,28,8
"20250214",강남구,0.0339,0.0201,0.53,0.0031,61,32
"20250214",강동구,0.0414,0.0181,0.69,0.004,66,40
"20250214",강북구,0.0349,0.0162,0.62,0.0026,61,37
"20250214",강서구,0.041,0.0176,0.59,0.0033,71,33
"20250214",관악구,0.0394,0.0194,0.62,0.0029,63,35
"20250214",광진구,0.0381,0.0201,0.72,0.0041,59,31
"20250214",구로구,0.024,0.0187,0.45,0.003,75,39
"20250214",금천구,0.0401,0.0161,0.66,0.0036,67,36
"20250214",노원구,0.0476,0.0126,0.79,0.0033,72,42
"20250214",도봉구,0.0405,0.0186,0.74,0.0038,63,32
"20250214",동대문구,0.0392,0.0169,0.67,0.0032,66,36
"20250214",동작구,0.0454,0.0178,0.65,0.003,69,37
"20250214",마포구,0.0446,0.0157,0.66,0.0033,64,35
"20250214",서대문구,0.0381,0.0166,0.94,0.0065,63,34
"20250214",서초구,0.0305,0.0116,0.55,0.0028,70,36
"20250214",성동구,0.0397,0.0148,0.58,0.0033,61,27
"20250214",성북구,0.044,0.013,0.94,0.0038,63,34
"20250214",송파구,0.0374,0.017,0.53,0.003,61,29
"20250214",양천구,0.0379,0.0197,0.55,0.0032,66,38
"20250214",영등포구,0.0394,0.0207,0.54,0.0032,59,34
"20250214",용산구,0.0386,0.0149,0.64,0.0033,65,33
"20250214",은평구,0.0315,0.0159,0.61,0.0035,67,31
"20250214",종로구,0.0454,0.0152,0.76,0.0037,72,40
"20250214",중구,0.0419,0.0163,0.67,0.0036,59,38
"20250214",중랑구,0.0404,0.0125,0.65,0.0033,60,37
"20250214",강남대로,0.0415,0.0108,0.84,0.0041,67,34
"20250214",강변북로,0.0474,0.0106,0.66,0.0033,67,32
"20250214",공항대로,0.0446,0.0127,0.61,0.0036,64,29
"20250214",도산대로,0.0389,0.0147,0.98,0.0036,72,31
"20250214",동작대로,0.0486,0.0111,0.81,0.0039,69,33
"20250214",시흥대로,0.0445,0.0149,0.65,0.0034,68,29
"20250214",신촌로,0.0477,0.0101,0.85,0.0031,70,37
"20250214",영등포로,0.0454,0.0133,0.71,0.0031,64,29
"20250214",정릉로,0.0532,0.0104,0.81,0.0034,70,37
"20250214",종로,0.0432,0.0122,0.72,0.0031,63,34
"20250214",천호대로,0.0443,0.0134,0.77,0.0035,64,36
"20250214",청계천로,0.0465,0.011,0.87,0.0034,71,35
"20250214",한강대로,0.0434,0.0111,0.75,0.0033,72,36
"20250214",홍릉로,0.0479,0.0112,0.78,0.0034,61,32
"20250214",화랑로,0.0479,0.0118,0.7,0.0034,65,33
"20250214",관악산,0.0092,0.0541,0.41,0.0033,74,32
"20250214",남산,0.0223,0.0296,0.82,0.0038,64,31
"20250214",북한산,0.0184,0.0321,0.41,0.0033,68,37
"20250214",세곡,0.0343,0.0154,0.86,0.0049,67,30
"20250214",항동,0.0332,0.0149,0.71,0.004,53,32
"20250214",행주,0.0378,0.0167,0.43,0.0036,59,29
"20250214",마포아트센터,0.0369,0.0205,0.65,0.0038,63,31
"20250214",서울숲,0.0377,0.0165,0.73,0.0037,59,31
"20250214",올림픽공원,0.0226,0.0202,0.46,0.0032,63,36
"20250214",자연사박물관,0.037,0.0162,0.7,0.0037,67,33
"20250215",강남구,0.0351,0.0189,0.56,0.0026,63,43
"20250215",강동구,0.0378,0.0204,0.71,0.0033,70,54
"20250215",강북구,0.0257,0.0223,0.56,0.0022,67,47
"20250215",강서구,0.0413,0.0177,0.68,0.0032,69,41
"20250215",관악구,0.0391,0.0185,0.63,0.0025,59,42
"20250215",광진구,0.0361,0.0223,0.73,0.0037,61,42
"20250215",구로구,0.0244,0.0189,0.51,0.0025,72,49
"20250215",금천구,0.0355,0.0181,0.63,0.0031,60,41
"20250215",노원구,0.04,0.0158,0.73,0.0027,76,53
"20250215",도봉구,0.034,0.0236,0.74,0.0034,63,42
"20250215",동대문구,0.0329,0.0211,0.64,0.0027,72,49
"20250215",동작구,0.0374,0.0194,0.55,0.0025,64,42
"20250215",마포구,0.0429,0.0168,0.66,0.0031,62,44
"20250215",서대문구,0.0322,0.0216,0.87,0.0051,59,42
"20250215",서초구,0.0264,0.0172,0.53,0.0024,72,47
"20250215",성동구,0.0367,0.0173,0.59,0.0026,63,34
"20250215",성북구,0.0388,0.0167,0.73,0.0032,63,42
"20250215",송파구,0.0366,0.0172,0.54,0.0025,54,33
"20250215",양천구,0.0404,0.0182,0.62,0.0031,65,46
"20250215",영등포구,0.038,0.0225,0.59,0.0031,59,44
"20250215",용산구,0.0358,0.0165,0.63,0.0029,60,44
"20250215",은평구,0.0259,0.02,0.63,0.003,64,39
"20250215",종로구,0.0376,0.0201,0.67,0.0032,71,49
"20250215",중구,0.036,0.0223,0.61,0.0032,63,48
"20250215",중랑구,0.0342,0.0183,0.6,0.003,66,47
"20250215",강남대로,0.0361,0.0113,0.9,0.0038,61,45
"20250215",강변북로,0.0458,0.0116,0.7,0.0028,69,43
"20250215",공항대로,0.043,0.0131,0.73,0.0035,62,35
"20250215",도산대로,0.0345,0.0173,0.88,0.0026,68,43
"20250215",동작대로,0.0406,0.0159,0.65,0.0034,64,34
"20250215",시흥대로,0.0462,0.0148,0.7,0.003,61,32
"20250215",신촌로,0.0414,0.0132,0.84,0.0029,72,48
"20250215",영등포로,0.0442,0.0143,0.78,0.0029,64,40
"20250215",정릉로,0.0492,0.0121,0.75,0.0028,70,45
"20250215",종로,0.0372,0.0155,0.66,0.0027,64,43
"20250215",천호대로,0.0424,0.0145,0.78,0.003,67,51
"20250215",청계천로,0.0398,0.0153,0.73,0.0029,74,45
"20250215",한강대로,0.037,0.0173,0.66,0.0031,70,48
"20250215",홍릉로,0.0441,0.0133,0.78,0.0031,66,46
"20250215",화랑로,0.0409,0.0152,0.7,0.0028,68,42
"20250215",관악산,0.0091,0.0626,0.4,0.0026,56,31
"20250215",남산,0.0256,0.0297,0.86,0.0034,61,40
"20250215",북한산,0.0142,0.0339,0.39,0.0027,64,45
"20250215",세곡,0.0295,0.0167,0.79,0.0034,61,39
"20250215",항동,0.0312,0.0162,0.74,0.0038,53,40
"20250215",행주,0.0353,0.02,0.45,0.0034,61,36
"20250215",마포아트센터,0.0339,0.0248,0.6,0.0036,63,44
"20250215",서울숲,0.0359,0.0187,0.76,0.0032,62,43
"20250215",올림픽공원,0.0216,0.0211,0.46,0.0029,63,47
"20250215",자연사박물관,0.0337,0.0209,0.65,0.0033,63,43
"20250216",강남구,0.0268,0.0257,0.54,0.0025,70,50
"20250216",강동구,0.0266,0.0303,0.68,0.003,78,65
"20250216",강북구,0.0198,0.0319,0.55,0.0024,67,50
"20250216",강서구,0.0304,0.0282,0.6,0.0031,72,46
"20250216",관악구,0.0319,0.0266,0.61,0.0025,62,46
"20250216",광진구,0.0269,0.0316,0.73,0.0036,66,48
"20250216",구로구,0.0195,0.0265,0.49,0.0025,75,55
"20250216",금천구,0.0268,0.0285,0.64,0.003,70,51
"20250216",노원구,0.027,0.0278,0.61,0.0027,77,54
"20250216",도봉구,0.0254,0.0335,0.71,0.0036,67,46
"20250216",동대문구,0.0251,0.0287,0.62,0.0026,76,54
"20250216",동작구,0.0283,0.0306,0.56,0.0026,68,48
"20250216",마포구,0.0333,0.0258,0.62,0.0031,59,46
"20250216",서대문구,0.0254,0.0309,0.87,0.0045,62,47
"20250216",서초구,0.0174,0.0287,0.5,0.0024,75,52
"20250216",성동구,0.0258,0.0266,0.56,0.0025,68,39
"20250216",성북구,0.027,0.0269,0.66,0.0033,67,46
"20250216",송파구,0.0273,0.0269,0.54,0.0026,60,38
"20250216",양천구,0.0325,0.0272,0.59,0.0031,68,52
"20250216",영등포구,0.0304,0.0306,0.57,0.0029,62,48
"20250216",용산구,0.0266,0.024,0.61,0.0028,63,50
"20250216",은평구,0.0204,0.0272,0.65,0.003,68,43
"20250216",종로구,0.029,0.0289,0.63,0.0032,73,53
"20250216",중구,0.0278,0.0313,0.59,0.0033,66,53
"20250216",중랑구,0.0281,0.0264,0.57,0.0032,70,53
"20250216",강남대로,0.0246,0.0211,0.84,0.0035,64,47
"20250216",강변북로,0.0339,0.0207,0.67,0.0027,75,51
"20250216",공항대로,0.0311,0.0252,0.59,0.0032,60,37
"20250216",도산대로,0.0254,0.0249,0.84,0.0025,74,47
"20250216",동작대로,0.0314,0.0267,0.64,0.0033,67,36
"20250216",시흥대로,0.0361,0.0238,0.67,0.0029,67,38
"20250216",신촌로,0.0333,0.0205,0.78,0.0028,74,51
"20250216",영등포로,0.0344,0.0239,0.68,0.0029,66,43
"20250216",정릉로,0.0363,0.0239,0.66,0.0026,72,49
"20250216",종로,0.0275,0.0259,0.63,0.0026,69,48
"20250216",천호대로,0.0296,0.025,0.7,0.0029,71,57
"20250216",청계천로,0.0286,0.0252,0.68,0.0028,76,49
"20250216",한강대로,0.0293,0.0244,0.66,0.003,71,52
"20250216",홍릉로,0.0333,0.0233,0.71,0.0029,68,50
"20250216",화랑로,0.0286,0.0271,0.6,0.0027,68,44
"20250216",관악산,0.0098,0.0612,0.42,0.0027,61,35
"20250216",남산,0.0172,0.0395,0.83,0.0035,61,41
"20250216",북한산,0.0143,0.038,0.43,0.0028,67,50
"20250216",세곡,0.02,0.0289,0.77,0.0037,68,43
"20250216",항동,0.0216,0.0273,0.74,0.0038,58,45
"20250216",행주,0.0254,0.0284,0.6,0.0032,60,38
"20250216",마포아트센터,0.0275,0.0321,0.62,0.0035,68,48
"20250216",서울숲,0.027,0.0277,0.76,0.003,69,51
"20250216",올림픽공원,0.0158,0.0311,0.42,0.0029,72,53
"20250216",자연사박물관,0.0254,0.0313,0.64,0.0033,67,47
"20250217",강남구,0.0129,0.0331,0.3,0.0024,31,10
"20250217",강동구,0.0116,0.0384,0.4,0.0033,37,12
"20250217",강북구,0.0059,0.0399,0.28,0.0025,34,12
"20250217",강서구,0.0143,0.0329,0.29,0.0029,36,9
"20250217",관악구,0.0135,0.032,0.3,0.0025,29,10
"20250217",광진구,0.011,0.0402,0.41,0.0035,33,10
"20250217",구로구,0.0088,0.0321,0.26,0.0026,44,12
"20250217",금천구,0.0134,0.0337,0.3,0.0027,33,9
"20250217",노원구,0.0109,0.0357,0.29,0.0025,39,12
"20250217",도봉구,0.0073,0.0437,0.39,0.0034,35,6
"20250217",동대문구,0.0095,0.0349,0.31,0.0025,32,10
"20250217",동작구,0.0116,0.0355,0.29,0.0023,36,11
"20250217",마포구,0.0146,0.0324,0.3,0.0026,34,9
"20250217",서대문구,0.0103,0.0366,0.48,0.0031,36,7
"20250217",서초구,0.008,0.0343,0.27,0.0026,48,8
"20250217",성동구,0.0128,0.0325,0.29,0.0029,31,9
"20250217",성북구,0.0104,0.0372,0.21,0.0033,33,7
"20250217",송파구,0.0144,0.0314,0.31,0.0026,36,11
"20250217",양천구,0.016,0.032,0.32,0.0026,34,12
"20250217",영등포구,0.0145,0.0354,0.3,0.0027,30,10
"20250217",용산구,0.0114,0.0292,0.33,0.0027,37,9
"20250217",은평구,0.0117,0.0286,0.4,0.0031,39,6
"20250217",종로구,0.012,0.035,0.31,0.0025,36,11
"20250217",중구,0.0117,0.0358,0.3,0.0029,27,10
"20250217",중랑구,0.0126,0.0309,0.33,0.0029,33,11
"20250217",강남대로,0.0201,0.0239,0.51,0.0025,43,9
"20250217",강변북로,0.0234,0.0253,0.37,0.003,43,8
"20250217",공항대로,0.0172,0.0295,0.33,0.0025,37,7
"20250217",도산대로,0.0142,0.028,0.4,0.0026,38,5
"20250217",동작대로,0.0202,0.0292,0.35,0.003,40,9
"20250217",시흥대로,0.0159,0.0319,0.32,0.0028,35,7
"20250217",신촌로,0.024,0.0257,0.43,0.0029,39,13
"20250217",영등포로,0.0209,0.03,0.36,0.0028,32,5
"20250217",정릉로,0.0213,0.0307,0.35,0.0028,37,11
"20250217",종로,0.0124,0.0335,0.32,0.0025,33,10
"20250217",천호대로,0.0204,0.0296,0.38,0.0029,37,13
"20250217",청계천로,0.0134,0.0313,0.34,0.0027,40,10
"20250217",한강대로,0.015,0.0312,0.35,0.0029,42,9
"20250217",홍릉로,0.0178,0.0306,0.37,0.0029,33,9
"20250217",화랑로,0.0198,0.0341,0.36,0.0027,35,9
"20250217",관악산,0.0062,0.0463,0.31,0.0026,42,9
"20250217",남산,0.0076,0.0364,0.67,0.0034,34,7
"20250217",북한산,0.0049,0.0399,0.25,0.003,43,13
"20250217",세곡,0.0128,0.0331,0.39,0.0029,43,6
"20250217",항동,0.0086,0.0359,0.43,0.0037,27,7
"20250217",행주,0.0056,0.0392,0.38,0.0034,31,8
"20250217",마포아트센터,0.0127,0.0376,0.33,0.0034,34,7
"20250217",서울숲,0.0106,0.035,0.49,0.0033,34,6
"20250217",올림픽공원,0.0071,0.0395,0.31,0.003,34,9
"20250217",자연사박물관,0.0081,0.0374,0.32,0.0033,36,7
"20250218",강남구,0.0116,0.0313,0.32,0.0025,23,10
"20250218",강동구,0.0109,0.0364,0.43,0.0036,25,13
"20250218",강북구,0.0059,0.0388,0.28,0.0024,24,11
"20250218",강서구,0.0138,0.0314,0.31,0.0029,29,9
"20250218",관악구,0.014,0.0306,0.32,0.0025,21,10
"20250218",광진구,0.0103,0.0385,0.41,0.0033,24,10
"20250218",구로구,0.0098,0.0303,0.27,0.0027,34,12
"20250218",금천구,0.0135,0.0323,0.31,0.0026,25,11
"20250218",노원구,0.0121,0.0336,0.31,0.0026,27,14
"20250218",도봉구,0.0054,0.0416,0.37,0.0034,23,7
"20250218",동대문구,0.0098,0.0336,0.32,0.0026,24,10
"20250218",동작구,0.0115,0.0336,0.31,0.0023,28,12
"20250218",마포구,0.0137,0.0312,0.31,0.0025,26,11
"20250218",서대문구,0.0103,0.0344,0.52,0.0032,23,7
"20250218",서초구,0.008,0.0333,0.28,0.0027,33,8
"20250218",성동구,0.0124,0.0316,0.31,0.003,24,10
"20250218",성북구,0.0098,0.0353,0.24,0.0035,22,7
"20250218",송파구,0.0139,0.0301,0.32,0.0027,26,12
"20250218",양천구,0.0157,0.0303,0.34,0.0026,26,12
"20250218",영등포구,0.0134,0.0343,0.3,0.0027,24,10
"20250218",용산구,0.0121,0.0281,0.35,0.0027,28,10
"20250218",은평구,0.0119,0.0267,0.42,0.0032,27,7
"20250218",종로구,0.0115,0.0331,0.33,0.0023,26,12
"20250218",중구,0.0113,0.0331,0.32,0.0031,20,10
"20250218",중랑구,0.0118,0.0301,0.33,0.0029,25,11
"20250218",강남대로,0.0185,0.0224,0.47,0.0028,32,8
"20250218",강변북로,0.0193,0.026,0.37,0.003,30,8
"20250218",공항대로,0.0166,0.0284,0.34,0.0024,28,9
"20250218",도산대로,0.0148,0.026,0.36,0.0031,27,5
"20250218",동작대로,0.0186,0.0282,0.36,0.0028,30,10
"20250218",시흥대로,0.0148,0.0309,0.48,0.0029,27,8
"20250218",신촌로,0.0217,0.0244,0.45,0.0028,31,14
"20250218",영등포로,0.0187,0.0291,0.37,0.0027,26,5
"20250218",정릉로,0.0208,0.0291,0.35,0.0027,28,11
"20250218",종로,0.012,0.0316,0.33,0.0025,25,11
"20250218",천호대로,0.0189,0.0288,0.39,0.0028,26,14
"20250218",청계천로,0.013,0.0293,0.36,0.0023,29,10
"20250218",한강대로,0.0159,0.0293,0.37,0.003,28,10
"20250218",홍릉로,0.0166,0.0293,0.39,0.0029,24,9
"20250218",화랑로,0.0192,0.0338,0.35,0.0025,28,10
"20250218",관악산,0.006,0.044,0.31,0.0028,30,11
"20250218",남산,0.0076,0.0344,0.67,0.0036,24,8
"20250218",북한산,0.004,0.043,0.2,0.0029,24,12
"20250218",세곡,0.0126,0.0314,0.41,0.003,30,8
"20250218",항동,0.0082,0.0355,0.47,0.0038,21,9
"20250218",행주,0.0052,0.0375,0.4,0.0036,22,8
"20250218",마포아트센터,0.0122,0.036,0.35,0.0036,23,8
"20250218",서울숲,0.0096,0.0344,0.5,0.0034,24,7
"20250218",올림픽공원,0.0064,0.0379,0.39,0.003,23,9
"20250218",자연사박물관,0.0084,0.0354,0.34,0.0035,25,7
"20250219",강남구,0.0127,0.0285,0.34,0.0023,23,11
"20250219",강동구,0.0121,0.0346,0.47,0.0036,26,13
"20250219",강북구,0.0074,0.0371,0.32,0.0024,25,14
"20250219",강서구,0.0142,0.0304,0.33,0.0028,28,10
"20250219",관악구,0.0155,0.0288,0.35,0.0024,21,11
"20250219",광진구,0.0111,0.0369,0.44,0.0032,24,11
"20250219",구로구,0.0103,0.0294,0.29,0.0026,32,14
"20250219",금천구,0.0177,0.0287,0.36,0.0025,24,13
"20250219",노원구,0.0114,0.0336,0.34,0.0025,30,16
"20250219",도봉구,0.0061,0.0407,0.35,0.0032,24,7
"20250219",동대문구,0.0113,0.0319,0.36,0.0024,25,11
"20250219",동작구,0.0124,0.0327,0.33,0.0022,29,14
"20250219",마포구,0.0157,0.0284,0.35,0.0024,23,14
"20250219",서대문구,0.0123,0.0318,0.6,0.0037,25,9
"20250219",서초구,0.0088,0.0319,0.29,0.0026,29,9
"20250219",성동구,0.0138,0.0299,0.34,0.0028,24,11
"20250219",성북구,0.0094,0.0341,0.3,0.0035,22,9
"20250219",송파구,0.0143,0.0291,0.34,0.0026,26,12
"20250219",양천구,0.0165,0.0294,0.37,0.0026,25,13
"20250219",영등포구,0.0147,0.0329,0.33,0.0025,23,11
"20250219",용산구,0.0128,0.0269,0.37,0.0027,25,11
"20250219",은평구,0.0126,0.0255,0.45,0.0032,26,7
"20250219",종로구,0.0126,0.0315,0.36,0.0022,28,14
"20250219",중구,0.0125,0.0289,0.34,0.0028,21,12
"20250219",중랑구,0.0136,0.0285,0.37,0.0027,26,14
"20250219",강남대로,0.0191,0.0214,0.45,0.0029,28,10
"20250219",강변북로,0.0252,0.0199,0.44,0.003,29,11
"20250219",공항대로,0.0179,0.0266,0.37,0.0023,27,9
"20250219",도산대로,0.0147,0.0258,0.46,0.0032,27,6
"20250219",동작대로,0.0211,0.0266,0.38,0.0026,28,11
"20250219",시흥대로,0.0176,0.0284,0.44,0.0028,27,8
"20250219",신촌로,0.0235,0.0235,0.47,0.0027,29,15
"20250219",영등포로,0.0193,0.0282,0.39,0.0025,24,6
"20250219",정릉로,0.0202,0.0287,0.38,0.0026,27,13
"20250219",종로,0.012,0.0307,0.35,0.0024,25,11
"20250219",천호대로,0.0185,0.0283,0.41,0.0027,26,15
"20250219",청계천로,0.0142,0.0287,0.38,0.0021,28,11
"20250219",한강대로,0.0157,0.0285,0.38,0.0031,27,11
"20250219",홍릉로,0.0172,0.0283,0.41,0.0028,25,10
"20250219",화랑로,0.0252,0.028,0.41,0.0024,28,12
"20250219",관악산,0.007,0.0425,0.34,0.0027,30,11
"20250219",남산,0.0084,0.0334,0.64,0.0035,21,10
"20250219",북한산,0.0042,0.039,0.22,0.0031,28,15
"20250219",세곡,0.0173,0.0268,0.48,0.0031,27,8
"20250219",항동,0.0108,0.0329,0.5,0.0038,19,9
"20250219",행주,0.0078,0.0347,0.35,0.0035,22,9
"20250219",마포아트센터,0.0119,0.0351,0.39,0.0035,23,11
"20250219",서울숲,0.0139,0.0275,0.54,0.0035,23,10
"20250219",올림픽공원,0.0073,0.036,0.43,0.003,23,10
"20250219",자연사박물관,0.0102,0.0335,0.37,0.0034,24,9
"20250220",강남구,0.0136,0.0293,0.37,0.0023,24,13
"20250220",강동구,0.018,0.0298,0.52,0.0036,28,15
"20250220",강북구,0.0098,0.0351,0.37,0.0022,27,16
"20250220",강서구,0.017,0.0301,0.38,0.0032,30,12
"20250220",관악구,0.0171,0.0292,0.38,0.0026,22,13
"20250220",광진구,0.0137,0.0374,0.46,0.0032,25,13
"20250220",구로구,0.0117,0.0293,0.32,0.0027,35,15
"20250220",금천구,0.0201,0.0282,0.41,0.0025,27,16
"20250220",노원구,0.0189,0.0289,0.44,0.0028,30,19
"20250220",도봉구,0.0099,0.0388,0.42,0.0032,26,9
"20250220",동대문구,0.0122,0.0325,0.39,0.0025,26,12
"20250220",동작구,0.0157,0.0315,0.37,0.0022,28,16
"20250220",마포구,0.0174,0.0287,0.38,0.0024,26,15
"20250220",서대문구,0.0146,0.0311,0.71,0.0048,25,11
"20250220",서초구,0.0102,0.0317,0.32,0.0026,31,11
"20250220",성동구,0.0149,0.0304,0.36,0.0027,24,11
"20250220",성북구,0.0129,0.0324,0.32,0.0036,22,9
"20250220",송파구,0.0179,0.0278,0.39,0.0026,26,12
"20250220",양천구,0.0181,0.0299,0.4,0.0027,26,15
"20250220",영등포구,0.0158,0.0335,0.35,0.0026,24,13
"20250220",용산구,0.0143,0.0275,0.4,0.0028,26,12
"20250220",은평구,0.0137,0.0251,0.47,0.0032,28,8
"20250220",종로구,0.0152,0.0302,0.4,0.0023,27,16
"20250220",중구,0.015,0.0276,0.38,0.0028,22,14
"20250220",중랑구,0.0173,0.0264,0.43,0.0028,28,15
"20250220",강남대로,0.0233,0.0186,0.55,0.0033,30,12
"20250220",강변북로,0.0193,0.0265,0.26,0.0023,29,8
"20250220",공항대로,0.0219,0.0256,0.41,0.0025,28,12
"20250220",도산대로,0.0172,0.0251,0.39,0.0031,28,8
"20250220",동작대로,0.0223,0.027,0.41,0.0027,30,12
"20250220",시흥대로,0.0229,0.0275,0.47,0.0029,28,10
"20250220",신촌로,0.0261,0.0225,0.52,0.0028,32,17
"20250220",영등포로,0.0209,0.0287,0.43,0.0027,25,7
"20250220",정릉로,0.0251,0.0256,0.43,0.0025,29,14
"20250220",종로,0.0152,0.0296,0.4,0.0024,27,13
"20250220",천호대로,0.0237,0.026,0.49,0.0028,28,16
"20250220",청계천로,0.0172,0.0278,0.43,0.0023,30,13
"20250220",한강대로,0.0186,0.0277,0.43,0.0032,30,12
"20250220",홍릉로,0.0196,0.027,0.47,0.0028,25,12
"20250220",화랑로,0.0275,0.0257,0.47,0.0024,30,14
"20250220",관악산,0.0079,0.0437,0.39,0.0028,31,14
"20250220",남산,0.0094,0.0341,0.67,0.0036,21,11
"20250220",북한산,0.004,0.0393,0.2,0.003,29,16
"20250220",세곡,0.0205,0.0244,0.6,0.0034,28,10
"20250220",항동,0.0154,0.029,0.51,0.0038,21,10
"20250220",행주,0.0121,0.0323,0.45,0.0034,24,12
"20250220",마포아트센터,0.0136,0.035,0.43,0.0036,23,13
"20250220",서울숲,0.0073,0.0335,0.31,0.003,26,8
"20250220",올림픽공원,0.0101,0.0322,0.45,0.003,23,12
"20250220",자연사박물관,0.0116,0.0333,0.41,0.0035,26,10
"20250221",강남구,0.0141,0.0293,0.38,0.0023,27,16
"20250221",강동구,0.0176,0.0323,0.49,0.0037,33,20
"20250221",강북구,0.0109,0.036,0.37,0.0022,28,17
"20250221",강서구,0.0174,0.0319,0.37,0.0032,33,15
"20250221",관악구,0.0173,0.0302,0.38,0.0026,25,15
"20250221",광진구,0.0133,0.0399,0.46,0.0033,28,15
"20250221",구로구,0.0115,0.0305,0.32,0.0028,36,18
"20250221",금천구,0.0213,0.0269,0.44,0.0027,29,19
"20250221",노원구,0.0178,0.0297,0.42,0.0027,34,20
"20250221",도봉구,0.0092,0.0414,0.41,0.0032,27,11
"20250221",동대문구,0.0119,0.0335,0.38,0.0025,29,16
"20250221",동작구,0.0165,0.0319,0.37,0.0022,31,18
"20250221",마포구,0.0165,0.0308,0.38,0.0025,28,18
"20250221",서대문구,0.0153,0.0318,0.68,0.0054,29,14
"20250221",서초구,0.0109,0.0318,0.33,0.0027,35,14
"20250221",성동구,0.016,0.0308,0.42,0.0026,28,14
"20250221",성북구,0.0139,0.0331,0.33,0.0036,25,13
"20250221",송파구,0.0168,0.0299,0.38,0.0026,30,15
"20250221",양천구,0.0184,0.0309,0.4,0.0027,29,18
"20250221",영등포구,0.0166,0.032,0.37,0.0026,27,16
"20250221",용산구,0.0157,0.0275,0.41,0.0028,30,15
"20250221",은평구,0.0144,0.0251,0.46,0.0033,30,11
"20250221",종로구,0.0143,0.0329,0.39,0.0023,31,19
"20250221",중구,0.0157,0.0283,0.4,0.003,26,17
"20250221",중랑구,0.0179,0.0272,0.41,0.0028,30,18
"20250221",강남대로,0.0249,0.0193,0.53,0.0034,34,15
"20250221",강변북로,0.0283,0.0211,0.28,0.0033,37,14
"20250221",공항대로,0.0221,0.0261,0.41,0.0025,31,14
"20250221",도산대로,0.0163,0.0267,0.46,0.0031,31,12
"20250221",동작대로,0.0253,0.0254,0.43,0.0028,32,16
"20250221",시흥대로,0.0202,0.0319,0.44,0.0028,30,12
"20250221",신촌로,0.0275,0.0227,0.54,0.0027,34,20
"20250221",영등포로,0.0224,0.0259,0.46,0.0026,28,10
"20250221",정릉로,0.0253,0.0274,0.42,0.0026,31,17
"20250221",종로,0.0145,0.0314,0.41,0.0023,32,16
"20250221",천호대로,0.0237,0.0259,0.51,0.0028,32,20
"20250221",청계천로,0.0166,0.0295,0.43,0.0024,33,16
"20250221",한강대로,0.0184,0.0291,0.43,0.0034,32,15
"20250221",홍릉로,0.0204,0.0282,0.47,0.0028,28,14
"20250221",화랑로,0.0273,0.0275,0.46,0.0024,33,17
"20250221",관악산,0.0087,0.044,0.4,0.0028,33,15
"20250221",남산,0.0106,0.0341,0.69,0.0037,24,13
"20250221",북한산,0.004,0.0414,0.17,0.003,30,17
"20250221",세곡,0.0208,0.0266,0.51,0.0033,33,13
"20250221",항동,0.0152,0.0305,0.36,0.0038,22,13
"20250221",행주,0.0146,0.0319,0.45,0.0035,27,15
"20250221",마포아트센터,0.0129,0.037,0.44,0.0036,27,15
"20250221",서울숲,0.0112,0.0318,0.41,0.0031,29,12
"20250221",올림픽공원,0.0099,0.0351,0.4,0.0031,28,15
"20250221",자연사박물관,0.0125,0.034,0.43,0.0036,28,13
"20250222",강남구,0.0133,0.0304,0.36,0.0023,29,17
"20250222",강동구,0.0142,0.037,0.47,0.0037,32,21
"20250222",강북구,0.0081,0.0407,0.34,0.0022,30,20
"20250222",강서구,0.015,0.0347,0.36,0.0032,36,18
"20250222",관악구,0.0157,0.0322,0.38,0.0025,28,18
"20250222",광진구,0.0125,0.0419,0.46,0.0034,29,17
"20250222",구로구,0.01,0.0334,0.31,0.0029,37,19
"20250222",금천구,0.0159,0.0335,0.39,0.0028,30,20
"20250222",노원구,0.0113,0.0364,0.37,0.0024,33,22
"20250222",도봉구,0.0057,0.0458,0.39,0.0032,28,13
"20250222",동대문구,0.0117,0.0354,0.36,0.0024,31,17
"20250222",동작구,0.0135,0.0362,0.35,0.0023,33,20
"20250222",마포구,0.0153,0.0332,0.36,0.0025,30,20
"20250222",서대문구,0.0129,0.0358,0.51,0.0039,30,14
"20250222",서초구,0.0096,0.0347,0.31,0.0028,36,17
"20250222",성동구,0.0142,0.0335,0.36,0.0025,29,16
"20250222",성북구,0.0111,0.0363,0.32,0.0035,26,15
"20250222",송파구,0.0158,0.0321,0.37,0.0025,31,17
"20250222",양천구,0.0168,0.0334,0.39,0.0028,31,21
"20250222",영등포구,0.0129,0.0372,0.35,0.0027,29,18
"20250222",용산구,0.0144,0.0293,0.4,0.0027,31,16
"20250222",은평구,0.0134,0.0286,0.41,0.0034,32,14
"20250222",종로구,0.0131,0.035,0.37,0.0022,32,21
"20250222",중구,0.0137,0.0313,0.36,0.003,28,19
"20250222",중랑구,0.0156,0.0311,0.39,0.0028,32,20
"20250222",강남대로,0.0196,0.0245,0.47,0.0031,33,17
"20250222",강변북로,0.0249,0.0243,0.27,0.0032,37,16
"20250222",공항대로,0.0192,0.0297,0.38,0.0026,33,16
"20250222",도산대로,0.0147,0.0289,0.39,0.0032,33,15
"20250222",동작대로,0.0211,0.0305,0.42,0.0028,34,17
"20250222",시흥대로,0.0174,0.0348,0.41,0.0029,32,14
"20250222",신촌로,0.0245,0.0251,0.52,0.0027,37,22
"20250222",영등포로,0.0205,0.0298,0.45,0.0026,30,12
"20250222",정릉로,0.021,0.0318,0.39,0.0025,33,19
"20250222",종로,0.0144,0.0329,0.39,0.0023,33,18
"20250222",천호대로,0.0193,0.0315,0.43,0.0027,32,21
"20250222",청계천로,0.015,0.0322,0.4,0.0023,34,18
"20250222",한강대로,0.0162,0.0319,0.42,0.0032,33,17
"20250222",홍릉로,0.0196,0.0302,0.47,0.0028,30,17
"20250222",화랑로,0.0217,0.0345,0.41,0.0024,32,18
"20250222",관악산,0.0078,0.0467,0.36,0.0029,35,16
"20250222",남산,0.0101,0.036,0.69,0.0037,26,16
"20250222",북한산,0.0043,0.0425,0.26,0.003,32,19
"20250222",세곡,0.0158,0.0331,0.4,0.0035,30,14
"20250222",항동,0.0101,0.0362,0.33,0.0041,24,14
"20250222",행주,0.0074,0.0391,0.44,0.0036,38,17
"20250222",마포아트센터,0.0117,0.0391,0.44,0.0037,28,17
"20250222",서울숲,0.0096,0.0354,0.42,0.0032,30,15
"20250222",올림픽공원,0.0077,0.0396,0.37,0.003,28,17
"20250222",자연사박물관,0.0097,0.0376,0.41,0.0036,30,14
"20250223",강남구,0.0096,0.0322,0.35,0.0022,29,16
"20250223",강동구,0.0105,0.0393,0.46,0.0038,33,19
"20250223",강북구,0.0068,0.0408,0.33,0.0022,33,19
"20250223",강서구,0.0112,0.0376,0.34,0.0031,34,15
"20250223",관악구,0.0137,0.0333,0.36,0.0025,26,15
"20250223",광진구,0.0097,0.0436,0.44,0.0032,30,15
"20250223",구로구,0.0089,0.0344,0.3,0.0027,38,18
"20250223",금천구,0.013,0.0351,0.37,0.0025,30,19
"20250223",노원구,0.01,0.0371,0.37,0.0025,36,22
"20250223",도봉구,0.0046,0.0459,0.39,0.0032,31,12
"20250223",동대문구,0.0097,0.0363,0.35,0.0024,31,15
"20250223",동작구,0.0118,0.0367,0.34,0.0022,34,19
"20250223",마포구,0.0124,0.0353,0.35,0.0024,29,18
"20250223",서대문구,0.0105,0.037,0.52,0.0039,31,13
"20250223",서초구,0.0065,0.0382,0.3,0.0027,39,15
"20250223",성동구,0.0102,0.036,0.34,0.0024,29,14
"20250223",성북구,0.0086,0.0379,0.3,0.0035,28,14
"20250223",송파구,0.0121,0.0342,0.35,0.0025,32,17
"20250223",양천구,0.0143,0.0349,0.38,0.0026,31,18
"20250223",영등포구,0.0105,0.0394,0.34,0.0025,28,15
"20250223",용산구,0.0111,0.0311,0.38,0.0026,31,15
"20250223",은평구,0.0103,0.0297,0.39,0.0033,33,12
"20250223",종로구,0.0093,0.0375,0.35,0.0021,33,18
"20250223",중구,0.011,0.033,0.37,0.0029,27,18
"20250223",중랑구,0.0127,0.0323,0.38,0.0027,32,19
"20250223",강남대로,0.0149,0.0271,0.46,0.0029,33,14
"20250223",강변북로,0.0162,0.0298,0.12,0.0031,36,13
"20250223",공항대로,0.0123,0.0351,0.35,0.0022,30,13
"20250223",도산대로,0.0114,0.0309,0.3,0.0033,34,13
"20250223",동작대로,0.0157,0.0344,0.39,0.0027,34,15
"20250223",시흥대로,0.0134,0.0375,0.38,0.0027,32,12
"20250223",신촌로,0.0204,0.0289,0.46,0.0026,35,20
"20250223",영등포로,0.0151,0.0341,0.41,0.0026,29,10
"20250223",정릉로,0.0177,0.0339,0.38,0.0024,34,18
"20250223",종로,0.0102,0.0355,0.36,0.0022,31,16
"20250223",천호대로,0.0151,0.0338,0.42,0.0025,32,19
"20250223",청계천로,0.0109,0.0342,0.38,0.0021,35,16
"20250223",한강대로,0.0126,0.0344,0.39,0.0032,33,15
"20250223",홍릉로,0.0139,0.0336,0.42,0.0026,30,15
"20250223",화랑로,0.0159,0.0378,0.4,0.0021,34,16
"20250223",관악산,0.0055,0.0479,0.35,0.0029,37,16
"20250223",남산,0.0067,0.0383,0.7,0.0037,28,14
"20250223",북한산,0.0036,0.0432,0.27,0.0031,34,19
"20250223",세곡,0.0113,0.0349,0.42,0.0033,35,12
"20250223",항동,0.007,0.0382,0.32,0.0038,25,13
"20250223",행주,0.0061,0.0375,0.52,0.0034,29,14
"20250223",마포아트센터,0.0089,0.0413,0.43,0.0036,29,16
"20250223",서울숲,0.007,0.0377,0.43,0.0031,32,13
"20250223",올림픽공원,0.0055,0.0415,0.39,0.003,30,15
"20250223",자연사박물관,0.0078,0.0393,0.4,0.0036,31,12
"20250224",강남구,0.0184,0.0267,0.4,0.0025,28,16
"20250224",강동구,0.0225,0.0303,0.56,0.0039,31,19
"20250224",강북구,0.0147,0.0326,0.4,0.0023,31,18
"20250224",강서구,0.0205,0.0314,0.39,0.0036,34,14
"20250224",관악구,0.0256,0.0259,0.43,0.0026,28,17
"20250224",광진구,0.0186,0.0367,0.52,0.0034,28,15
"20250224",구로구,0.0159,0.0276,0.34,0.0029,38,18
"20250224",금천구,0.0292,0.0239,0.51,0.0028,31,20
"20250224",노원구,0.0244,0.0266,0.52,0.0031,35,21
"20250224",도봉구,0.0097,0.0425,0.44,0.0035,27,10
"20250224",동대문구,0.0168,0.0315,0.4,0.0027,29,15
"20250224",동작구,0.022,0.0297,0.4,0.0024,32,18
"20250224",마포구,0.0219,0.0287,0.39,0.0028,30,18
"20250224",서대문구,0.0208,0.0292,0.68,0.0055,29,14
"20250224",서초구,0.0141,0.0299,0.34,0.0029,35,15
"20250224",성동구,0.0211,0.0285,0.4,0.0029,28,14
"20250224",성북구,0.0177,0.0304,0.37,0.0039,26,13
"20250224",송파구,0.023,0.027,0.41,0.0027,30,15
"20250224",양천구,0.0247,0.0267,0.44,0.003,30,18
"20250224",영등포구,0.0194,0.0331,0.38,0.0028,27,15
"20250224",용산구,0.0208,0.0256,0.43,0.003,31,15
"20250224",은평구,0.0186,0.024,0.46,0.0035,30,11
"20250224",종로구,0.0196,0.0306,0.43,0.0025,32,19
"20250224",중구,0.0189,0.0277,0.39,0.0032,26,16
"20250224",중랑구,0.0233,0.0245,0.44,0.003,31,18
"20250224",강남대로,0.0287,0.018,0.6,0.0036,33,14
"20250224",강변북로,0.0304,0.0208,0.22,0.0034,35,13
"20250224",공항대로,0.0297,0.0215,0.44,0.0029,30,14
"20250224",도산대로,0.0196,0.026,0.36,0.0037,31,14
"20250224",동작대로,0.0282,0.025,0.46,0.003,36,18
"20250224",시흥대로,0.0302,0.0252,0.65,0.0031,33,12
"20250224",신촌로,0.032,0.0208,0.58,0.0028,35,19
"20250224",영등포로,0.0281,0.0244,0.49,0.0028,30,10
"20250224",정릉로,0.0283,0.0262,0.45,0.0027,31,17
"20250224",종로,0.0194,0.0289,0.43,0.0025,32,15
"20250224",천호대로,0.0281,0.0251,0.51,0.0028,31,19
"20250224",청계천로,0.0235,0.0259,0.49,0.0026,35,17
"20250224",한강대로,0.0228,0.0275,0.46,0.0035,33,15
"20250224",홍릉로,0.0241,0.0261,0.52,0.0029,28,14
"20250224",화랑로,0.0342,0.0233,0.49,0.0026,34,17
"20250224",관악산,0.0099,0.0458,0.38,0.003,36,15
"20250224",남산,0.0118,0.0323,0.76,0.0041,24,13
"20250224",북한산,0.0055,0.0417,0.27,0.0032,32,18
"20250224",세곡,0.0262,0.0228,0.61,0.0037,33,13
"20250224",항동,0.0219,0.0269,0.41,0.004,25,13
"20250224",행주,0.0163,0.0299,0.6,0.0036,27,15
"20250224",마포아트센터,0.0174,0.0349,0.5,0.004,28,14
"20250224",서울숲,0.0143,0.031,0.48,0.0033,30,13
"20250224",올림픽공원,0.0117,0.0338,0.41,0.0031,27,15
"20250224",자연사박물관,0.0149,0.0339,0.46,0.0039,30,13
"20250225",강남구,0.0243,0.0255,0.4,0.0024,30,16
"20250225",강동구,0.0294,0.0268,0.6,0.0037,34,24
"20250225",강북구,0.0208,0.0306,0.44,0.002,34,21
"20250225",강서구,0.0307,0.0259,0.45,0.0029,32,13
"20250225",관악구,0.0301,0.025,0.45,0.0024,26,16
"20250225",광진구,0.0297,0.0289,0.61,0.0035,29,16
"20250225",구로구,0.0201,0.0243,0.35,0.0026,38,20
"20250225",금천구,0.0305,0.0235,0.42,0.0028,30,19
"20250225",노원구,0.0306,0.0237,0.54,0.0028,37,23
"20250225",도봉구,0.0247,0.0322,0.57,0.0033,33,16
"20250225",동대문구,0.0267,0.027,0.47,0.0025,32,17
"20250225",동작구,0.0263,0.0283,0.38,0.0023,31,17
"20250225",마포구,0.0303,0.0251,0.44,0.0027,28,18
"20250225",서대문구,0.0279,0.0265,0.7,0.0046,29,16
"20250225",서초구,0.0209,0.0255,0.37,0.0026,40,21
"20250225",성동구,0.0298,0.0225,0.43,0.0023,29,14
"20250225",성북구,0.031,0.0222,0.54,0.0036,31,17
"20250225",송파구,0.0285,0.0242,0.41,0.0025,30,15
"20250225",양천구,0.0296,0.0261,0.42,0.0027,29,17
"20250225",영등포구,0.0276,0.0294,0.41,0.0028,27,15
"20250225",용산구,0.0272,0.0224,0.44,0.0028,29,15
"20250225",은평구,0.0236,0.0235,0.52,0.0033,31,14
"20250225",종로구,0.0308,0.0252,0.51,0.0026,33,19
"20250225",중구,0.0316,0.0227,0.47,0.0032,28,18
"20250225",중랑구,0.0285,0.022,0.5,0.0029,31,20
"20250225",강남대로,0.0313,0.0166,0.63,0.004,31,17
"20250225",강변북로,0.0364,0.018,0.29,0.0031,36,17
"20250225",공항대로,0.0356,0.0206,0.45,0.0029,29,14
"20250225",도산대로,0.0275,0.0226,0.5,0.0032,35,17
"20250225",동작대로,0.0325,0.025,0.47,0.0032,32,16
"20250225",시흥대로,0.0339,0.0238,0.62,0.0028,31,10
"20250225",신촌로,0.0382,0.0151,0.66,0.0027,34,20
"20250225",영등포로,0.0353,0.0202,0.52,0.0027,29,10
"20250225",정릉로,0.0414,0.0188,0.58,0.0026,33,18
"20250225",종로,0.0315,0.0221,0.51,0.0025,30,17
"20250225",천호대로,0.0348,0.0212,0.59,0.0029,32,21
"20250225",청계천로,0.0348,0.0213,0.61,0.0029,36,18
"20250225",한강대로,0.0318,0.0216,0.5,0.0034,39,19
"20250225",홍릉로,0.035,0.0206,0.61,0.0029,29,16
"20250225",화랑로,0.0369,0.0216,0.51,0.0028,34,18
"20250225",관악산,0.0066,0.0562,0.27,0.0029,33,15
"20250225",남산,0.0138,0.0424,0.36,0.0037,28,18
"20250225",북한산,0.014,0.0395,0.26,0.003,38,23
"20250225",세곡,0.0228,0.0263,0.61,0.004,34,16
"20250225",항동,0.0251,0.0234,0.46,0.004,26,16
"20250225",행주,0.0275,0.0299,0.48,0.0035,28,15
"20250225",마포아트센터,0.0265,0.0294,0.52,0.0037,29,17
"20250225",서울숲,0.0209,0.0259,0.58,0.0031,31,17
"20250225",올림픽공원,0.0177,0.0284,0.39,0.0032,28,17
"20250225",자연사박물관,0.0268,0.0269,0.55,0.0036,32,17
"20250226",강남구,0.0217,0.0326,0.43,0.0025,62,33
"20250226",강동구,0.0215,0.039,0.59,0.0036,68,41
"20250226",강북구,0.0118,0.0433,0.39,0.0022,68,37
"20250226",강서구,0.027,0.0312,0.44,0.0031,69,30
"20250226",관악구,0.0291,0.0273,0.48,0.0024,58,32
"20250226",광진구,0.0237,0.0405,0.57,0.0036,59,30
"20250226",구로구,0.0201,0.0254,0.38,0.0026,77,37
"20250226",금천구,0.0298,0.0273,0.5,0.003,67,38
"20250226",노원구,0.0233,0.0335,0.47,0.0027,71,37
"20250226",도봉구,0.0128,0.0496,0.5,0.0036,67,30
"20250226",동대문구,0.0197,0.0343,0.43,0.0024,63,31
"20250226",동작구,0.024,0.0356,0.42,0.0024,66,35
"20250226",마포구,0.0297,0.0262,0.44,0.0027,60,35
"20250226",서대문구,0.0239,0.0327,0.62,0.0047,63,30
"20250226",서초구,0.0158,0.0334,0.37,0.0026,76,35
"20250226",성동구,0.0254,0.0299,0.42,0.0025,60,25
"20250226",성북구,0.019,0.0365,0.46,0.0035,64,28
"20250226",송파구,0.0257,0.0302,0.45,0.0026,59,26
"20250226",양천구,0.03,0.0277,0.47,0.0027,64,35
"20250226",영등포구,0.0259,0.0322,0.43,0.0026,56,31
"20250226",용산구,0.0242,0.026,0.47,0.003,61,31
"20250226",은평구,0.0215,0.0272,0.55,0.0033,69,29
"20250226",종로구,0.0239,0.033,0.47,0.0027,68,35
"20250226",중구,0.0249,0.0332,0.44,0.003,55,33
"20250226",중랑구,0.0245,0.0292,0.46,0.0033,64,35
"20250226",강남대로,0.0273,0.0216,0.75,0.0034,72,32
"20250226",강변북로,0.04,0.0182,0.35,0.0032,78,31
"20250226",공항대로,0.0375,0.0216,0.51,0.0033,66,27
"20250226",도산대로,0.0237,0.0281,0.5,0.003,73,32
"20250226",동작대로,0.035,0.0256,0.54,0.0033,71,28
"20250226",시흥대로,0.0347,0.0266,0.68,0.0029,66,26
"20250226",신촌로,0.0364,0.0209,0.63,0.0029,69,37
"20250226",영등포로,0.0353,0.0231,0.56,0.0027,62,26
"20250226",정릉로,0.0313,0.0299,0.49,0.0026,66,31
"20250226",종로,0.0242,0.0287,0.49,0.0026,62,31
"20250226",천호대로,0.0298,0.0293,0.54,0.0027,64,38
"20250226",청계천로,0.0286,0.0259,0.54,0.0029,72,32
"20250226",한강대로,0.0265,0.0285,0.49,0.0032,74,35
"20250226",홍릉로,0.0307,0.0267,0.56,0.0028,59,30
"20250226",화랑로,0.0368,0.0267,0.52,0.003,65,30
"20250226",관악산,0.0098,0.0565,0.44,0.003,64,26
"20250226",남산,0.0213,0.0339,0.5,0.0037,61,31
"20250226",북한산,0.0092,0.0482,0.25,0.0031,74,37
"20250226",세곡,0.0311,0.023,0.67,0.0035,68,28
"20250226",항동,0.0304,0.0192,0.52,0.0038,56,29
"20250226",행주,0.0234,0.0302,0.46,0.0031,57,25
"20250226",마포아트센터,0.0232,0.0353,0.5,0.0037,67,31
"20250226",서울숲,0.0199,0.0293,0.56,0.0033,64,31
"20250226",올림픽공원,0.0139,0.0369,0.36,0.0031,64,35
"20250226",자연사박물관,0.0228,0.033,0.47,0.0035,68,31
"20250227",강남구,0.042,0.016,0.5,0.0032,38,15
"20250227",강동구,0.0435,0.0179,0.65,0.0039,43,21
"20250227",강북구,0.0281,0.0262,0.48,0.0029,34,15
"20250227",강서구,0.0465,0.0202,0.63,0.0042,45,15
"20250227",관악구,0.0448,0.0188,0.58,0.0033,33,14
"20250227",광진구,0.0416,0.0217,0.57,0.0037,36,14
"20250227",구로구,0.0296,0.0184,0.47,0.0034,51,20
"20250227",금천구,0.0442,0.0181,0.56,0.0036,37,17
"20250227",노원구,0.0423,0.017,0.62,0.0041,40,16
"20250227",도봉구,0.032,0.0301,0.54,0.0039,33,10
"20250227",동대문구,0.0403,0.0206,0.55,0.0034,39,14
"20250227",동작구,0.0437,0.0197,0.51,0.0032,39,17
"20250227",마포구,0.0459,0.0175,0.59,0.0037,43,19
"20250227",서대문구,0.0353,0.0243,0.73,0.0063,35,12
"20250227",서초구,0.0316,0.0174,0.48,0.0032,51,18
"20250227",성동구,0.0445,0.0159,0.53,0.0038,38,14
"20250227",성북구,0.0429,0.018,0.63,0.0041,41,13
"20250227",송파구,0.0419,0.0166,0.53,0.0035,38,15
"20250227",양천구,0.0453,0.0196,0.6,0.0036,37,17
"20250227",영등포구,0.0417,0.022,0.53,0.0035,36,16
"20250227",용산구,0.0446,0.0154,0.6,0.004,40,15
"20250227",은평구,0.0324,0.021,0.64,0.0038,35,9
"20250227",종로구,0.0436,0.0206,0.6,0.0038,41,16
"20250227",중구,0.0424,0.0214,0.58,0.0041,32,15
"20250227",중랑구,0.0369,0.0183,0.52,0.0037,37,16
"20250227",강남대로,0.0512,0.0101,0.83,0.0047,50,14
"20250227",강변북로,0.0529,0.0101,0.44,0.0037,50,15
"20250227",공항대로,0.049,0.0148,0.65,0.0045,45,14
"20250227",도산대로,0.0422,0.0114,0.48,0.0034,49,11
"20250227",동작대로,0.0476,0.0142,0.65,0.004,53,17
"20250227",시흥대로,0.0533,0.0167,0.74,0.0041,45,11
"20250227",신촌로,0.0498,0.0127,0.78,0.0038,46,21
"20250227",영등포로,0.0483,0.0161,0.68,0.0036,41,10
"20250227",정릉로,0.0551,0.0096,0.66,0.0034,44,15
"20250227",종로,0.0396,0.0175,0.61,0.0033,38,14
"20250227",천호대로,0.0494,0.0126,0.74,0.0034,43,19
"20250227",청계천로,0.0458,0.0151,0.73,0.0037,48,16
"20250227",한강대로,0.0458,0.0166,0.63,0.0039,49,17
"20250227",홍릉로,0.0493,0.0137,0.75,0.0039,38,14
"20250227",화랑로,0.0499,0.0135,0.61,0.0032,43,15
"20250227",관악산,0.009,0.0626,0.46,0.0041,36,11
"20250227",남산,0.0238,0.0338,0.64,0.0046,32,13
"20250227",북한산,0.0146,0.0379,0.24,0.0035,34,16
"20250227",세곡,0.0365,0.0167,0.78,0.0044,46,12
"20250227",항동,0.0362,0.0192,0.56,0.0046,34,16
"20250227",행주,0.0365,0.0232,0.69,0.0043,41,17
"20250227",마포아트센터,0.0433,0.0225,0.65,0.0044,42,15
"20250227",서울숲,0.0413,0.0171,0.58,0.0039,41,15
"20250227",올림픽공원,0.0258,0.0167,0.47,0.0033,38,15
"20250227",자연사박물관,0.0347,0.0253,0.5,0.0043,38,13
"20250228",강남구,0.0513,0.0141,0.68,0.0034,50,31
"20250228",강동구,0.0512,0.0151,0.75,0.004,53,39
"20250228",강북구,0.0417,0.0192,0.67,0.0027,51,37
"20250228",강서구,0.0585,0.0168,0.9,0.0044,56,31
"20250228",관악구,0.0576,0.0138,0.79,0.0035,46,33
"20250228",광진구,0.0496,0.0173,0.7,0.0038,46,29
"20250228",구로구,0.0369,0.0157,0.62,0.0035,63,39
"20250228",금천구,0.0501,0.0171,0.73,0.004,43,27
"20250228",노원구,0.0522,0.0133,0.76,0.0037,57,37
"20250228",도봉구,0.0478,0.0207,0.7,0.0037,48,30
"20250228",동대문구,0.053,0.0158,0.78,0.0035,55,33
"20250228",동작구,0.0535,0.0192,0.68,0.0034,45,29
"20250228",마포구,0.055,0.0158,0.74,0.0038,54,34
"20250228",서대문구,0.0461,0.0187,0.86,0.0065,45,30
"20250228",서초구,0.0367,0.017,0.63,0.0031,59,33
"20250228",성동구,0.0514,0.0126,0.72,0.0038,50,28
"20250228",성북구,0.0538,0.014,0.86,0.004,51,31
"20250228",송파구,0.0532,0.0122,0.74,0.0038,49,27
"20250228",양천구,0.0569,0.0171,0.82,0.0039,48,33
"20250228",영등포구,0.055,0.0179,0.75,0.0037,49,32
"20250228",용산구,0.0535,0.0135,0.73,0.0043,48,30
"20250228",은평구,0.04,0.019,0.74,0.0035,48,28
"20250228",종로구,0.0543,0.0162,0.79,0.004,52,36
"20250228",중구,0.0514,0.02,0.75,0.004,43,31
"20250228",중랑구,0.0471,0.0158,0.65,0.004,49,34
"20250228",강남대로,0.0526,0.0086,1.26,0.0058,49,30
"20250228",강변북로,0.0575,0.0089,0.62,0.0037,55,31
"20250228",공항대로,0.0552,0.0125,0.77,0.0048,51,26
"20250228",도산대로,0.0565,0.0136,0.75,0.0031,53,34
"20250228",동작대로,0.0564,0.012,0.85,0.0043,55,28
"20250228",시흥대로,0.0657,0.0099,0.99,0.0043,56,26
"20250228",신촌로,0.0588,0.01,0.99,0.0038,58,36
"20250228",영등포로,0.0589,0.014,0.88,0.0039,53,28
"20250228",정릉로,0.0625,0.01,0.86,0.0035,57,34
"20250228",종로,0.05,0.0136,0.82,0.0034,48,30
"20250228",천호대로,0.0545,0.0104,0.9,0.0038,53,37
"20250228",청계천로,0.0558,0.012,0.97,0.0038,59,33
"20250228",한강대로,0.0542,0.0141,0.82,0.0039,60,34
"20250228",홍릉로,0.0599,0.0082,0.96,0.004,49,32
"20250228",화랑로,0.0557,0.012,0.69,0.0035,53,32
"20250228",관악산,0.011,0.0668,0.44,0.0038,39,21
"20250228",남산,0.0267,0.0384,0.77,0.0043,43,28
"20250228",북한산,0.0181,0.0427,0.34,0.0031,47,32
"20250228",세곡,0.0443,0.0147,0.9,0.0049,45,24
"20250228",항동,0.0449,0.0169,0.73,0.0047,45,30
"20250228",행주,0.0415,0.0203,0.69,0.0041,49,31
"20250228",마포아트센터,0.0521,0.02,0.86,0.0043,52,32
"20250228",서울숲,0.0503,0.0148,0.78,0.0039,50,31
"20250228",올림픽공원,0.0318,0.016,0.58,0.0036,51,33
"20250228",자연사박물관,0.0411,0.0257,0.66,0.004,47,31
"20250301",강남구,0.0405,0.0147,0.6,0.0027,64,50
"20250301",강동구,0.0423,0.0141,0.74,0.0032,68,60
"20250301",강북구,0.0283,0.019,0.63,0.0023,60,48
"20250301",강서구,0.0463,0.0109,0.79,0.0034,66,48
"20250301",관악구,0.0507,0.0109,0.79,0.0027,64,53
"20250301",광진구,0.0371,0.0218,0.7,0.0037,58,45
"20250301",구로구,0.0326,0.0112,0.6,0.0025,79,62
"20250301",금천구,0.0442,0.0129,0.86,0.0034,60,48
"20250301",노원구,0.0404,0.0131,0.76,0.003,69,52
"20250301",도봉구,0.0395,0.0189,0.69,0.0036,61,45
"20250301",동대문구,0.0436,0.0132,0.72,0.0028,71,52
"20250301",동작구,0.0491,0.0123,0.76,0.0028,71,54
"20250301",마포구,0.0448,0.0127,0.69,0.003,57,53
"20250301",서대문구,0.0332,0.0228,0.76,0.005,53,44
"20250301",서초구,0.0326,0.0132,0.62,0.0026,74,55
"20250301",성동구,0.0414,0.0127,0.67,0.0033,67,43
"20250301",성북구,0.0437,0.0124,0.88,0.0034,61,45
"20250301",송파구,0.0437,0.0122,0.7,0.0031,57,37
"20250301",양천구,0.0503,0.0111,0.81,0.0031,64,53
"20250301",영등포구,0.0475,0.0118,0.72,0.0028,64,55
"20250301",용산구,0.0476,0.0102,0.77,0.0037,56,49
"20250301",은평구,0.0301,0.0174,0.81,0.003,53,35
"20250301",종로구,0.0465,0.0152,0.73,0.0035,68,53
"20250301",중구,0.0468,0.0156,0.71,0.0035,63,54
"20250301",중랑구,0.0361,0.018,0.58,0.0035,62,52
"20250301",강남대로,0.0438,0.0077,1.02,0.0046,64,50
"20250301",강변북로,0.0452,0.0095,0.61,0.003,71,50
"20250301",공항대로,0.0449,0.0085,0.74,0.0036,56,37
"20250301",도산대로,0.0425,0.0138,0.72,0.0029,71,52
"20250301",동작대로,0.0497,0.0078,0.89,0.0036,72,42
"20250301",시흥대로,0.0585,0.007,0.97,0.0031,70,45
"20250301",신촌로,0.0457,0.0112,0.84,0.0033,72,55
"20250301",영등포로,0.0508,0.0089,0.81,0.003,67,48
"20250301",정릉로,0.0505,0.0098,0.85,0.0028,69,50
"20250301",종로,0.0445,0.0102,0.82,0.003,65,49
"20250301",천호대로,0.0434,0.0096,0.79,0.003,66,56
"20250301",청계천로,0.0475,0.0101,0.91,0.0033,75,53
"20250301",한강대로,0.0441,0.0118,0.72,0.0032,69,52
"20250301",홍릉로,0.0471,0.0104,0.8,0.0031,62,48
"20250301",화랑로,0.0442,0.0105,0.73,0.003,64,44
"20250301",관악산,0.012,0.0597,0.39,0.0021,44,29
"20250301",남산,0.0318,0.026,0.89,0.0034,62,48
"20250301",북한산,0.0153,0.0344,0.42,0.0029,58,44
"20250301",세곡,0.0361,0.0128,0.98,0.0036,60,41
"20250301",항동,0.0385,0.0121,0.86,0.0037,57,46
"20250301",행주,0.0303,0.0164,0.72,0.0031,55,45
"20250301",마포아트센터,0.0434,0.0169,0.82,0.0036,64,51
"20250301",서울숲,0.0425,0.0129,0.81,0.0033,67,52
"20250301",올림픽공원,0.0245,0.0152,0.48,0.0032,62,51
"20250301",자연사박물관,0.0335,0.0238,0.72,0.0033,61,47
"20250302",강남구,0.0202,0.0326,0.43,0.0025,37,26
"20250302",강동구,0.0214,0.034,0.56,0.0029,38,33
"20250302",강북구,0.0218,0.0279,0.53,0.0023,43,34
"20250302",강서구,0.0256,0.0277,0.58,0.0029,52,36
"20250302",관악구,0.024,0.0291,0.49,0.0023,37,30
"20250302",광진구,0.0175,0.0437,0.54,0.0038,35,25
"20250302",구로구,0.0159,0.0292,0.4,0.0023,48,34
"20250302",금천구,0.0241,0.0305,0.53,0.0029,40,30
"20250302",노원구,0.0249,0.0264,0.56,0.0027,48,35
"20250302",도봉구,0.0241,0.0348,0.53,0.0036,43,30
"20250302",동대문구,0.0229,0.0289,0.49,0.0025,46,32
"20250302",동작구,0.0224,0.0348,0.45,0.0024,42,29
"20250302",마포구,0.0233,0.0301,0.49,0.0028,41,34
"20250302",서대문구,0.0205,0.0376,0.58,0.0045,33,26
"20250302",서초구,0.0157,0.0303,0.44,0.0024,45,29
"20250302",성동구,0.0198,0.0312,0.45,0.0028,39,24
"20250302",성북구,0.025,0.028,0.63,0.0031,42,29
"20250302",송파구,0.0218,0.0298,0.47,0.0028,37,23
"20250302",양천구,0.0262,0.0294,0.54,0.0026,44,37
"20250302",영등포구,0.0249,0.031,0.51,0.0025,42,35
"20250302",용산구,0.0239,0.0266,0.5,0.0031,37,27
"20250302",은평구,0.0206,0.0255,0.75,0.0029,38,24
"20250302",종로구,0.0246,0.0323,0.49,0.0029,46,33
"20250302",중구,0.0238,0.0354,0.48,0.0031,39,30
"20250302",중랑구,0.022,0.0303,0.44,0.0033,38,29
"20250302",강남대로,0.0241,0.0232,0.55,0.0037,42,28
"20250302",강변북로,0.0348,0.0279,0.55,0.0026,40,26
"20250302",공항대로,0.0277,0.023,0.56,0.0034,50,32
"20250302",도산대로,0.0224,0.0277,0.52,0.0026,43,27
"20250302",동작대로,0.0298,0.0264,0.54,0.0033,45,25
"20250302",시흥대로,0.0347,0.0246,0.65,0.0027,46,24
"20250302",신촌로,0.0235,0.0277,0.52,0.003,45,32
"20250302",영등포로,0.0278,0.0271,0.52,0.0029,43,27
"20250302",정릉로,0.0327,0.0244,0.58,0.0026,51,33
"20250302",종로,0.0264,0.0265,0.55,0.0027,46,32
"20250302",천호대로,0.0238,0.0272,0.52,0.0027,40,31
"20250302",청계천로,0.025,0.0269,0.56,0.0031,48,31
"20250302",한강대로,0.0209,0.0307,0.49,0.003,47,31
"20250302",홍릉로,0.0273,0.0263,0.52,0.0028,42,29
"20250302",화랑로,0.0327,0.0228,0.58,0.0028,45,28
"20250302",관악산,0.0068,0.0633,0.26,0.0024,30,14
"20250302",남산,0.0148,0.0401,0.75,0.0031,34,26
"20250302",북한산,0.0094,0.0445,0.34,0.0028,34,25
"20250302",세곡,0.0245,0.0272,0.66,0.0033,38,24
"20250302",항동,0.0229,0.0276,0.7,0.0036,40,32
"20250302",행주,0.0159,0.0305,0.57,0.003,51,41
"20250302",마포아트센터,0.0209,0.0369,0.57,0.0034,39,28
"20250302",서울숲,0.0218,0.0322,0.58,0.0031,39,27
"20250302",올림픽공원,0.0136,0.0352,0.28,0.0031,37,27
"20250302",자연사박물관,0.0195,0.0385,0.59,0.003,37,27
"20250303",강남구,0.0094,0.0389,0.23,0.0019,11,5
"20250303",강동구,0.0097,0.0452,0.37,0.0026,11,8
"20250303",강북구,0.0066,0.0439,0.24,0.0019,11,7
"20250303",강서구,0.0102,0.044,0.3,0.0021,13,4
"20250303",관악구,0.0096,0.0389,0.25,0.0019,9,5
"20250303",광진구,0.0079,0.0515,0.34,0.0032,11,4
"20250303",구로구,0.0064,0.0385,0.21,0.0021,18,8
"20250303",금천구,0.0079,0.0438,0.24,0.0021,10,5
"20250303",노원구,0.0081,0.0434,0.24,0.002,12,5
"20250303",도봉구,0.0054,0.0511,0.28,0.0031,10,3
"20250303",동대문구,0.0072,0.042,0.25,0.0018,12,4
"20250303",동작구,0.0085,0.0451,0.24,0.0017,13,6
"20250303",마포구,0.0084,0.0438,0.24,0.0019,12,6
"20250303",서대문구,0.0056,0.0473,0.31,0.0029,11,3
"20250303",서초구,0.0057,0.0418,0.23,0.0021,15,4
"20250303",성동구,0.0063,0.0436,0.22,0.0025,11,4
"20250303",성북구,0.0092,0.042,0.36,0.0026,10,3
"20250303",송파구,0.0098,0.0404,0.25,0.0023,13,6
"20250303",양천구,0.0113,0.0426,0.26,0.0021,11,6
"20250303",영등포구,0.0106,0.0457,0.24,0.002,12,5
"20250303",용산구,0.0071,0.0381,0.23,0.0022,13,3
"20250303",은평구,0.0057,0.038,0.4,0.0026,11,2
"20250303",종로구,0.008,0.045,0.23,0.0018,12,5
"20250303",중구,0.0096,0.0452,0.24,0.0024,10,4
"20250303",중랑구,0.0063,0.0393,0.23,0.0022,11,6
"20250303",강남대로,0.0117,0.0325,0.47,0.003,14,5
"20250303",강변북로,,0.0421,,0.0023,13,4
"20250303",공항대로,0.0107,0.0426,0.25,0.002,12,5
"20250303",도산대로,0.0072,0.0371,0.35,0.0022,13,4
"20250303",동작대로,0.0138,0.0407,0.27,0.0024,16,7
"20250303",시흥대로,0.0186,0.0365,0.35,0.0023,15,4
"20250303",신촌로,0.01,0.0389,0.26,0.0024,14,6
"20250303",영등포로,0.0109,0.0421,0.25,0.0022,12,3
"20250303",정릉로,0.0172,0.04,0.26,0.0022,16,6
"20250303",종로,0.0114,0.0403,0.27,0.0021,15,5
"20250303",천호대로,0.0135,0.039,0.3,0.0023,13,8
"20250303",청계천로,0.01,0.04,0.28,0.0025,14,6
"20250303",한강대로,0.0094,0.04,0.28,0.0027,16,8
"20250303",홍릉로,0.0118,0.0406,0.26,0.0024,12,4
"20250303",화랑로,0.0181,0.0411,0.3,0.0021,15,6
"20250303",관악산,0.0041,0.0552,0.18,0.0022,13,4
"20250303",남산,0.0061,0.0436,0.56,0.0028,8,4
"20250303",북한산,0.0036,0.0488,0.2,0.0026,15,8
"20250303",세곡,0.0107,0.0413,0.34,0.0026,4,3
"20250303",항동,0.0079,0.0421,0.4,0.0032,9,5
"20250303",행주,0.0077,0.046,0.37,0.0028,11,4
"20250303",마포아트센터,0.0085,0.0477,0.34,0.0029,9,4
"20250303",서울숲,0.0057,0.0458,0.27,0.0029,12,2
"20250303",올림픽공원,0.0045,0.0502,0.16,0.0029,9,3
"20250303",자연사박물관,0.0043,0.0486,0.34,0.0027,9,4
"20250304",강남구,0.0132,0.0338,0.25,0.0018,8,3
"20250304",강동구,0.0126,0.0415,0.38,0.0026,9,7
"20250304",강북구,0.0101,0.0403,0.25,0.0017,9,5
"20250304",강서구,0.0148,0.039,0.31,0.002,11,2
"20250304",관악구,0.0146,0.0346,0.26,0.0018,6,4
"20250304",광진구,0.0094,0.0475,0.35,0.0031,8,3
"20250304",구로구,0.0096,0.0346,0.22,0.002,16,6
"20250304",금천구,0.012,0.0389,0.25,0.0018,7,3
"20250304",노원구,0.0103,0.0401,0.24,0.0019,11,4
"20250304",도봉구,0.0085,0.0466,0.3,0.003,8,2
"20250304",동대문구,0.0121,0.0375,0.26,0.0018,10,3
"20250304",동작구,0.013,0.0402,0.25,0.0016,10,5
"20250304",마포구,0.0119,0.0399,0.24,0.0018,9,4
"20250304",서대문구,0.0077,0.044,0.33,0.0028,7,3
"20250304",서초구,0.012,0.0349,0.24,0.0022,14,5
"20250304",성동구,0.0092,0.0405,0.22,0.003,9,4
"20250304",성북구,0.0127,0.0369,0.4,0.0026,8,2
"20250304",송파구,0.0136,0.0362,0.26,0.0022,11,4
"20250304",양천구,0.0157,0.0379,0.27,0.002,9,4
"20250304",영등포구,0.0146,0.0397,0.26,0.0019,11,5
"20250304",용산구,0.0104,0.0352,0.24,0.002,9,2
"20250304",은평구,0.0071,0.0362,0.4,0.0026,7,1
"20250304",종로구,0.0122,0.0404,0.26,0.0017,8,4
"20250304",중구,0.0161,0.038,0.27,0.0023,8,3
"20250304",중랑구,0.0088,0.0364,0.24,0.0021,10,4
"20250304",강남대로,0.021,0.0261,0.68,0.0031,11,5
"20250304",강변북로,0.0063,0.0401,0.61,0.0024,10,3
"20250304",공항대로,0.0164,0.0359,0.28,0.0018,10,4
"20250304",도산대로,0.0134,0.0325,0.52,0.0022,10,3
"20250304",동작대로,0.024,0.0304,0.31,0.0024,13,6
"20250304",시흥대로,0.0297,0.0269,0.4,0.0023,12,3
"20250304",신촌로,0.0157,0.0339,0.28,0.0022,13,5
"20250304",영등포로,0.0156,0.0368,0.26,0.0021,10,3
"20250304",정릉로,0.0231,0.0332,0.28,0.002,13,4
"20250304",종로,0.0181,0.0335,0.32,0.002,12,4
"20250304",천호대로,0.0185,0.033,0.33,0.0022,10,6
"20250304",청계천로,0.0163,0.0347,0.34,0.0025,11,5
"20250304",한강대로,0.0154,0.0349,0.31,0.0027,13,7
"20250304",홍릉로,0.0166,0.0356,0.28,0.0023,10,3
"20250304",화랑로,0.0281,0.0308,0.34,0.0021,12,4
"20250304",관악산,0.0051,0.0524,0.18,0.002,11,3
"20250304",남산,0.0077,0.0407,0.57,0.0029,5,2
"20250304",북한산,0.0033,0.0481,0.19,0.0025,12,7
"20250304",세곡,0.0157,0.0324,0.33,0.0029,6,1
"20250304",항동,0.0114,0.0376,0.42,0.0032,8,3
"20250304",행주,0.0081,0.0428,0.37,0.0029,9,3
"20250304",마포아트센터,0.0118,0.0436,0.36,0.0029,6,2
"20250304",서울숲,0.0084,0.0418,0.28,0.0029,8,1
"20250304",올림픽공원,0.0062,0.0459,0.19,0.0028,5,2
"20250304",자연사박물관,0.0056,0.0455,0.35,0.0027,6,2
"20250305",강남구,0.0187,0.0283,0.3,0.0019,8,4
"20250305",강동구,0.0143,0.0384,0.41,0.0027,9,6
"20250305",강북구,0.0096,0.038,0.26,0.002,7,5
"20250305",강서구,0.0178,0.0326,0.28,0.0024,10,3
"20250305",관악구,0.0215,0.0283,0.31,0.002,7,5
"20250305",광진구,0.0129,0.0416,0.38,0.0033,6,3
"20250305",구로구,0.0146,0.0265,0.26,0.0022,16,9
"20250305",금천구,0.0229,0.0278,0.33,0.0022,6,4
"20250305",노원구,0.0146,0.0329,0.3,0.002,10,7
"20250305",도봉구,0.0091,0.0435,0.34,0.0032,7,2
"20250305",동대문구,0.0179,0.0294,0.32,0.0019,8,3
"20250305",동작구,0.0194,0.0336,0.28,0.0018,8,4
"20250305",마포구,0.02,0.0299,0.29,0.0022,10,5
"20250305",서대문구,0.0136,0.0358,0.39,0.003,6,2
"20250305",서초구,0.0146,0.0301,0.26,0.0022,13,5
"20250305",성동구,0.0179,0.0306,0.28,0.0035,7,4
"20250305",성북구,0.0154,0.0317,0.48,0.0028,6,2
"20250305",송파구,0.0173,0.0314,0.28,0.0023,8,3
"20250305",양천구,0.0204,0.0298,0.32,0.0022,8,4
"20250305",영등포구,0.0201,0.0303,0.29,0.002,9,4
"20250305",용산구,0.0187,0.0278,0.31,0.0024,8,3
"20250305",은평구,0.0145,0.0275,0.51,0.0027,7,2
"20250305",종로구,0.0177,0.0341,0.32,0.002,7,4
"20250305",중구,0.0171,0.033,0.3,0.0024,6,3
"20250305",중랑구,0.0172,0.0281,0.3,0.0025,8,5
"20250305",강남대로,0.0256,0.0222,0.59,0.0024,13,4
"20250305",강변북로,0.0192,0.0275,0.45,0.0024,8,3
"20250305",공항대로,0.024,0.0274,0.32,0.0023,9,4
"20250305",도산대로,0.0203,0.0267,0.71,0.0024,11,3
"20250305",동작대로,0.0284,0.0243,0.36,0.0026,12,5
"20250305",시흥대로,0.0315,0.0232,0.41,0.0023,13,3
"20250305",신촌로,0.0245,0.0243,0.41,0.0023,11,6
"20250305",영등포로,0.0242,0.0269,0.38,0.0022,10,3
"20250305",정릉로,0.0285,0.0257,0.36,0.0023,10,6
"20250305",종로,0.0185,0.0304,0.34,0.0021,9,4
"20250305",천호대로,0.0265,0.0256,0.39,0.0022,12,6
"20250305",청계천로,0.0203,0.0287,0.4,0.0024,10,5
"20250305",한강대로,0.0199,0.0291,0.34,0.0029,8,5
"20250305",홍릉로,0.0238,0.0262,0.38,0.0024,10,4
"20250305",화랑로,0.0305,0.0269,0.38,0.0023,10,4
"20250305",관악산,0.0097,0.0456,0.21,0.0022,13,4
"20250305",남산,0.0126,0.0338,0.62,0.003,4,2
"20250305",북한산,0.0034,0.0415,0.21,0.0026,10,6
"20250305",세곡,0.0192,0.0295,0.21,0.0026,7,2
"20250305",항동,0.0158,0.0285,0.5,0.0034,7,4
"20250305",행주,0.0073,0.0387,0.28,0.003,8,4
"20250305",마포아트센터,0.0137,0.0375,0.38,0.003,3,2
"20250305",서울숲,0.0141,0.0338,0.37,0.0028,7,2
"20250305",올림픽공원,0.0073,0.0409,0.18,0.0028,4,2
"20250305",자연사박물관,0.0113,0.0364,0.39,0.0028,4,1
"20250306",강남구,0.0234,0.0278,0.5,0.0025,44,28
"20250306",강동구,0.0228,0.0333,0.64,0.0036,45,31
"20250306",강북구,0.0131,0.039,0.44,0.0029,46,31
"20250306",강서구,0.0221,0.0335,0.46,0.0031,48,27
"20250306",관악구,0.0232,0.0317,0.48,0.0027,42,29
"20250306",광진구,0.0211,0.0372,0.57,0.0039,43,25
"20250306",구로구,0.0147,0.0313,0.4,0.003,51,32
"20250306",금천구,0.0263,0.0295,0.51,0.0028,45,31
"20250306",노원구,0.0131,0.0396,0.44,0.0028,51,34
"20250306",도봉구,0.0138,0.0437,0.51,0.004,43,24
"20250306",동대문구,0.0208,0.0322,0.5,0.0027,46,27
"20250306",동작구,0.0242,0.0338,0.47,0.0026,47,30
"20250306",마포구,0.0207,0.0334,0.45,0.0027,44,29
"20250306",서대문구,0.015,0.0371,0.68,0.0051,42,24
"20250306",서초구,0.0137,0.035,0.4,0.0028,52,29
"20250306",성동구,0.0259,0.0281,0.49,0.003,40,24
"20250306",성북구,0.0215,0.0303,0.68,0.0037,43,24
"20250306",송파구,0.0261,0.0275,0.49,0.0029,45,27
"20250306",양천구,0.0243,0.0329,0.5,0.003,45,32
"20250306",영등포구,0.0199,0.0367,0.44,0.0027,42,28
"20250306",용산구,0.0246,0.0266,0.53,0.0033,45,26
"20250306",은평구,0.0153,0.0285,0.66,0.0033,44,22
"20250306",종로구,0.0219,0.0347,0.52,0.0029,46,33
"20250306",중구,0.0199,0.0321,0.48,0.003,39,29
"20250306",중랑구,0.0188,0.0301,0.48,0.0032,44,30
"20250306",강남대로,0.035,0.0095,1.03,0.0033,55,26
"20250306",강변북로,0.041,0.0079,0.63,0.0029,46,24
"20250306",공항대로,0.0278,0.0295,0.5,0.0031,46,24
"20250306",도산대로,0.0248,0.0271,0.95,0.0036,50,25
"20250306",동작대로,0.0331,0.0256,0.56,0.0032,52,28
"20250306",시흥대로,0.0269,0.031,0.55,0.0029,49,25
"20250306",신촌로,0.0342,0.0224,0.67,0.0027,50,33
"20250306",영등포로,0.0251,0.0322,0.54,0.0027,45,23
"20250306",정릉로,0.0342,0.0245,0.58,0.0027,49,29
"20250306",종로,0.0214,0.0305,0.52,0.0027,45,26
"20250306",천호대로,0.0323,0.0233,0.62,0.0028,47,30
"20250306",청계천로,0.0256,0.0283,0.6,0.0029,52,29
"20250306",한강대로,0.0228,0.0306,0.53,0.0034,50,27
"20250306",홍릉로,0.028,0.0282,0.6,0.0029,46,25
"20250306",화랑로,0.0339,0.0262,0.55,0.0029,45,26
"20250306",관악산,0.0082,0.055,0.34,0.0033,51,26
"20250306",남산,0.0196,0.0251,0.83,0.0037,38,21
"20250306",북한산,0.0045,0.0451,0.36,0.003,45,29
"20250306",세곡,0.0255,0.0255,0.5,0.0032,47,24
"20250306",항동,0.0193,0.0319,0.64,0.0041,38,27
"20250306",행주,0.0118,0.0421,0.44,0.0038,41,28
"20250306",마포아트센터,0.0151,0.0514,0.47,0.0039,47,30
"20250306",서울숲,0.0245,0.029,0.57,0.0034,43,26
"20250306",올림픽공원,0.0141,0.0325,0.35,0.0032,39,25
"20250306",자연사박물관,0.0103,0.0459,0.42,0.0038,47,29
"20250307",강남구,0.0353,0.03,0.59,0.0031,69,49
"20250307",강동구,0.0336,0.0328,0.72,0.0039,70,53
"20250307",강북구,0.0232,0.0407,0.55,0.0032,71,51
"20250307",강서구,0.0321,0.0374,0.61,0.0044,74,47
"20250307",관악구,0.0379,0.0315,0.63,0.0032,65,49
"20250307",광진구,0.0331,0.0375,0.62,0.0037,64,45
"20250307",구로구,0.0225,0.0328,0.51,0.0039,79,53
"20250307",금천구,0.0376,0.032,0.66,0.0035,73,54
"20250307",노원구,0.0345,0.0297,0.64,0.0035,79,59
"20250307",도봉구,0.0276,0.0412,0.61,0.0043,66,41
"20250307",동대문구,0.0318,0.0339,0.6,0.0033,73,49
"20250307",동작구,0.0385,0.0315,0.58,0.0029,71,52
"20250307",마포구,0.0355,0.0344,0.58,0.0037,68,49
"20250307",서대문구,0.0297,0.0372,0.83,0.0062,66,44
"20250307",서초구,0.0243,0.0323,0.52,0.0033,79,49
"20250307",성동구,0.0342,0.0306,0.59,0.0033,62,42
"20250307",성북구,0.0345,0.0289,0.81,0.004,67,44
"20250307",송파구,0.0363,0.0299,0.58,0.0032,66,46
"20250307",양천구,0.0368,0.035,0.65,0.0038,70,54
"20250307",영등포구,0.0342,0.0384,0.59,0.0037,65,50
"20250307",용산구,0.0366,0.0276,0.64,0.0041,68,46
"20250307",은평구,0.026,0.0312,0.79,0.0038,70,41
"20250307",종로구,0.0344,0.0366,0.62,0.0036,75,57
"20250307",중구,0.0353,0.0314,0.62,0.0038,67,55
"20250307",중랑구,0.0321,0.0296,0.61,0.0035,68,53
"20250307",강남대로,0.0452,0.0308,0.78,0.0035,77,43
"20250307",강변북로,0.0475,0.0314,0.52,0.0039,80,43
"20250307",공항대로,0.0393,0.0263,0.63,0.0035,66,40
"20250307",도산대로,0.0393,0.0274,1.1,0.0034,80,45
"20250307",동작대로,0.0459,0.0255,0.68,0.0036,77,47
"20250307",시흥대로,0.0479,0.0266,0.7,0.0036,76,45
"20250307",신촌로,0.0433,0.0261,0.76,0.0035,77,56
"20250307",영등포로,0.0417,0.0313,0.71,0.0036,70,44
"20250307",정릉로,0.0487,0.0236,0.71,0.0032,75,52
"20250307",종로,0.0331,0.032,0.63,0.0032,70,47
"20250307",천호대로,0.0422,0.0261,0.74,0.0033,65,50
"20250307",청계천로,0.0386,0.0285,0.75,0.0033,82,50
"20250307",한강대로,0.0348,0.031,0.64,0.0039,74,47
"20250307",홍릉로,0.0434,0.0254,0.73,0.0035,67,44
"20250307",화랑로,0.0447,0.0247,0.65,0.003,73,48
"20250307",관악산,0.0119,0.0685,0.43,0.0037,72,41
"20250307",남산,0.0174,0.0574,0.76,0.005,61,42
"20250307",북한산,0.0148,0.0429,0.46,0.0033,69,47
"20250307",세곡,0.03,0.0298,0.63,0.0039,68,38
"20250307",항동,0.0338,0.0296,0.78,0.0049,61,43
"20250307",행주,0.0366,0.0306,0.63,0.0046,64,47
"20250307",마포아트센터,0.0292,0.0421,0.72,0.0049,69,46
"20250307",서울숲,0.0339,0.0325,0.64,0.004,68,44
"20250307",올림픽공원,0.0199,0.0369,0.44,0.0034,65,46
"20250307",자연사박물관,0.0284,0.0391,0.63,0.0045,68,47
"20250308",강남구,0.0245,0.0381,0.44,0.003,51,37
"20250308",강동구,0.0243,0.0431,0.54,0.0038,53,41
"20250308",강북구,0.0206,0.041,0.46,0.0029,50,38
"20250308",강서구,0.0271,0.0355,0.46,0.0038,60,40
"20250308",관악구,0.0301,0.0323,0.5,0.0029,55,44
"20250308",광진구,0.0234,0.0464,0.49,0.0035,48,35
"20250308",구로구,0.0191,0.0307,0.4,0.0032,67,46
"20250308",금천구,0.0298,0.034,0.56,0.0033,59,45
"20250308",노원구,0.0258,0.0353,0.51,0.0031,58,44
"20250308",도봉구,0.0221,0.0445,0.53,0.0039,47,30
"20250308",동대문구,0.0216,0.0397,0.45,0.0029,54,38
"20250308",동작구,0.0256,0.0423,0.43,0.0031,56,42
"20250308",마포구,0.0296,0.034,0.45,0.0032,54,41
"20250308",서대문구,0.0249,0.0377,0.71,0.006,50,35
"20250308",서초구,0.017,0.0369,0.41,0.0031,63,40
"20250308",성동구,0.0261,0.0367,0.46,0.0031,48,36
"20250308",성북구,0.0223,0.0376,0.65,0.0038,48,34
"20250308",송파구,0.0292,0.0348,0.48,0.0033,53,38
"20250308",양천구,0.0299,0.0338,0.48,0.0032,57,44
"20250308",영등포구,0.0293,0.0357,0.46,0.0031,54,41
"20250308",용산구,0.027,0.033,0.48,0.0039,52,37
"20250308",은평구,0.0231,0.03,0.69,0.0035,54,34
"20250308",종로구,0.0264,0.0404,0.46,0.0032,56,44
"20250308",중구,0.0281,0.0345,0.47,0.0035,53,45
"20250308",중랑구,0.025,0.0354,0.46,0.0037,50,38
"20250308",강남대로,0.0302,0.0293,0.79,0.0032,58,38
"20250308",강변북로,0.0397,0.0264,0.48,0.0032,63,35
"20250308",공항대로,0.0319,0.0296,0.47,0.0035,55,34
"20250308",도산대로,0.0289,0.0318,0.92,0.0033,57,35
"20250308",동작대로,0.0335,0.0339,0.52,0.0036,59,37
"20250308",시흥대로,0.0358,0.0307,0.53,0.0033,63,38
"20250308",신촌로,0.0378,0.0255,0.64,0.0033,65,46
"20250308",영등포로,0.0359,0.0285,0.59,0.0031,58,37
"20250308",정릉로,0.0351,0.0324,0.51,0.003,56,39
"20250308",종로,0.0262,0.0348,0.49,0.0029,55,37
"20250308",천호대로,0.0313,0.0366,0.54,0.0032,47,39
"20250308",청계천로,0.0294,0.0328,0.54,0.0031,62,40
"20250308",한강대로,0.0289,0.0332,0.51,0.0038,56,37
"20250308",홍릉로,0.0327,0.0323,0.6,0.0033,52,35
"20250308",화랑로,0.037,0.0308,0.55,0.003,55,37
"20250308",관악산,0.01,0.065,0.35,0.0033,48,27
"20250308",남산,0.0184,0.0417,0.7,0.0039,49,35
"20250308",북한산,0.01,0.0483,0.35,0.0032,46,34
"20250308",세곡,0.0266,0.0333,0.52,0.0039,52,30
"20250308",항동,0.0272,0.029,0.66,0.0042,49,36
"20250308",행주,0.0269,0.0337,0.54,0.0039,53,40
"20250308",마포아트센터,0.0261,0.0403,0.68,0.0043,55,39
"20250308",서울숲,0.0263,0.0378,0.54,0.0037,52,36
"20250308",올림픽공원,0.0146,0.0449,0.35,0.0034,47,34
"20250308",자연사박물관,0.0242,0.0383,0.53,0.0039,52,37
"20250309",강남구,0.025,0.0297,0.46,0.0024,55,41
"20250309",강동구,0.0236,0.0356,0.57,0.0031,57,48
"20250309",강북구,0.0175,0.0385,0.44,0.0023,47,37
"20250309",강서구,0.0274,0.0319,0.5,0.003,62,43
"20250309",관악구,0.0295,0.0282,0.51,0.0024,54,44
"20250309",광진구,0.0242,0.0386,0.53,0.0029,48,36
"20250309",구로구,0.0189,0.0275,0.43,0.0029,69,52
"20250309",금천구,0.0293,0.0268,0.62,0.0027,60,48
"20250309",노원구,0.0228,0.033,0.5,0.0025,53,38
"20250309",도봉구,0.0191,0.0428,0.53,0.0036,48,33
"20250309",동대문구,0.0221,0.0348,0.47,0.0024,54,37
"20250309",동작구,0.0289,0.0333,0.47,0.0025,59,45
"20250309",마포구,0.0282,0.0314,0.46,0.0026,47,39
"20250309",서대문구,0.0214,0.0361,0.72,0.005,47,37
"20250309",서초구,0.0163,0.0317,0.43,0.0026,65,47
"20250309",성동구,0.0237,0.0321,0.48,0.0025,50,38
"20250309",성북구,0.025,0.031,0.71,0.0029,47,34
"20250309",송파구,0.0283,0.0286,0.5,0.0027,51,36
"20250309",양천구,0.0293,0.0314,0.5,0.0027,59,48
"20250309",영등포구,0.0265,0.034,0.47,0.0025,54,44
"20250309",용산구,0.0272,0.0273,0.53,0.0032,49,39
"20250309",은평구,0.0156,0.0304,0.66,0.0029,49,31
"20250309",종로구,0.0249,0.037,0.48,0.0026,52,40
"20250309",중구,0.0252,0.0301,0.47,0.0028,49,41
"20250309",중랑구,0.024,0.0314,0.47,0.0029,49,39
"20250309",강남대로,0.0277,0.0221,0.87,0.0031,65,44
"20250309",강변북로,0.0348,0.0234,,0.0027,65,40
"20250309",공항대로,0.0273,0.0299,0.48,0.0027,50,32
"20250309",도산대로,0.0279,0.0273,1.09,0.0028,64,43
"20250309",동작대로,0.0335,0.0273,0.56,0.003,64,37
"20250309",시흥대로,0.0392,0.0233,0.59,0.0027,64,38
"20250309",신촌로,0.0326,0.0249,0.61,0.0025,60,44
"20250309",영등포로,0.0298,0.0292,0.57,0.0028,59,41
"20250309",정릉로,0.0353,0.0269,0.55,0.0024,53,36
"20250309",종로,0.0241,0.0302,0.49,0.0024,52,36
"20250309",천호대로,0.0301,0.0283,0.59,0.0027,52,45
"20250309",청계천로,0.0263,0.0295,0.52,0.0026,57,38
"20250309",한강대로,0.0262,0.03,0.54,0.0033,59,40
"20250309",홍릉로,0.03,0.0297,0.55,0.0027,51,35
"20250309",화랑로,0.0304,0.0286,0.52,0.0024,51,35
"20250309",관악산,0.0126,0.0642,0.35,0.0029,59,39
"20250309",남산,0.0187,0.0373,0.73,0.0034,53,41
"20250309",북한산,0.0084,0.0457,0.36,0.0027,49,37
"20250309",세곡,0.0236,0.0271,0.61,0.0032,61,37
"20250309",항동,0.0256,0.0252,0.74,0.0039,53,43
"20250309",행주,0.0198,0.0342,0.53,0.0033,45,34
"20250309",마포아트센터,0.0232,0.038,0.76,0.0036,56,43
"20250309",서울숲,0.0248,0.0327,0.62,0.0031,57,42
"20250309",올림픽공원,0.0151,0.0352,0.35,0.0031,53,42
"20250309",자연사박물관,0.0203,0.0382,0.55,0.0033,51,38
"20250310",강남구,0.0328,0.0343,0.56,0.0026,70,56
"20250310",강동구,0.0295,0.0352,0.65,0.0033,68,58
"20250310",강북구,0.0202,0.0434,0.5,0.0026,68,53
"20250310",강서구,0.0309,0.0371,0.59,0.0032,79,58
"20250310",관악구,0.0349,0.0314,0.64,0.0025,70,59
"20250310",광진구,0.0297,0.0397,0.59,0.0033,61,48
"20250310",구로구,0.0206,0.0332,0.51,0.0028,83,67
"20250310",금천구,0.0358,0.0305,0.66,0.0031,79,66
"20250310",노원구,0.0284,0.0346,0.58,0.0027,76,59
"20250310",도봉구,0.026,0.0447,0.61,0.0038,63,49
"20250310",동대문구,0.0273,0.0361,0.55,0.0027,72,55
"20250310",동작구,0.0348,0.0355,0.6,0.0026,78,64
"20250310",마포구,0.0325,0.0363,0.55,0.0027,64,56
"20250310",서대문구,0.0284,0.0279,0.89,0.0053,65,58
"20250310",서초구,0.0233,0.03,0.54,0.0027,86,63
"20250310",성동구,0.0322,0.0307,0.57,0.0028,64,50
"20250310",성북구,0.0291,0.0339,0.77,0.0033,62,48
"20250310",송파구,0.0381,0.0279,0.63,0.0029,64,51
"20250310",양천구,0.0371,0.0347,0.64,0.0027,74,61
"20250310",영등포구,0.0326,0.0384,0.56,0.0026,68,57
"20250310",용산구,0.035,0.0244,0.63,0.0034,62,54
"20250310",은평구,0.0228,0.0331,0.8,0.0031,67,49
"20250310",종로구,0.0312,0.0381,0.57,0.0029,72,59
"20250310",중구,0.0327,0.0328,0.57,0.0032,67,62
"20250310",중랑구,0.0266,0.0329,0.54,0.0031,67,56
"20250310",강남대로,0.0353,0.0224,0.98,0.0032,82,61
"20250310",강변북로,0.0432,0.0221,0.54,0.0029,80,52
"20250310",공항대로,0.0386,0.0279,0.6,0.003,71,45
"20250310",도산대로,0.042,0.0135,1.31,0.0027,83,62
"20250310",동작대로,0.0446,0.0264,0.71,0.0033,87,51
"20250310",시흥대로,0.0456,0.0272,0.76,0.0031,81,54
"20250310",신촌로,0.0413,0.0257,0.72,0.0029,78,61
"20250310",영등포로,0.0385,0.0307,0.64,0.0028,74,53
"20250310",정릉로,0.0397,0.0296,0.62,0.0026,75,53
"20250310",종로,0.0309,0.0279,0.61,0.0027,72,52
"20250310",천호대로,0.0403,0.0262,0.72,0.003,63,55
"20250310",청계천로,0.0367,0.0254,0.71,0.0028,79,59
"20250310",한강대로,0.0325,0.0315,0.63,0.0035,76,54
"20250310",홍릉로,0.0384,0.0284,0.68,0.0031,68,50
"20250310",화랑로,0.0412,0.0277,0.61,0.0027,70,48
"20250310",관악산,0.0118,0.0763,0.37,0.0031,66,46
"20250310",남산,0.0225,0.0426,0.8,0.0037,64,52
"20250310",북한산,0.0119,0.0383,0.43,0.0027,70,58
"20250310",세곡,0.0322,0.0277,0.76,0.0033,74,51
"20250310",항동,0.0337,0.0281,0.87,0.0038,70,56
"20250310",행주,0.0281,0.0366,0.58,0.0037,63,49
"20250310",마포아트센터,0.029,0.0408,0.89,0.0038,68,55
"20250310",서울숲,0.0414,0.0121,0.76,0.003,75,60
"20250310",올림픽공원,0.0214,0.0339,0.42,0.0032,67,54
"20250310",자연사박물관,0.0271,0.0411,0.66,0.0035,66,55
"20250311",강남구,0.0355,0.0329,0.53,0.0026,59,45
"20250311",강동구,0.033,0.0342,0.64,0.0033,63,52
"20250311",강북구,0.0196,0.0475,0.45,0.0025,52,41
"20250311",강서구,0.0384,0.0299,0.54,0.0036,65,47
"20250311",관악구,0.0369,0.0286,0.59,0.0025,54,46
"20250311",광진구,0.0332,0.0401,0.58,0.0032,54,41
"20250311",구로구,0.0259,0.0274,0.47,0.0028,69,52
"20250311",금천구,0.0394,0.028,0.56,0.0032,63,51
"20250311",노원구,0.029,0.033,0.55,0.0028,66,51
"20250311",도봉구,0.0242,0.0456,0.55,0.0036,52,38
"20250311",동대문구,0.0323,0.033,0.54,0.0027,64,47
"20250311",동작구,0.0382,0.0328,0.55,0.0026,63,49
"20250311",마포구,0.0409,0.0265,0.55,0.0029,55,46
"20250311",서대문구,0.0186,0.0474,0.5,0.0042,37,24
"20250311",서초구,0.0245,0.0296,0.51,0.0027,71,50
"20250311",성동구,0.035,0.0307,0.55,0.003,58,43
"20250311",성북구,0.0298,0.0317,0.68,0.0029,52,39
"20250311",송파구,0.039,0.0286,0.57,0.0029,54,40
"20250311",양천구,0.0417,0.0304,0.59,0.0031,61,49
"20250311",영등포구,0.0403,0.03,0.54,0.0028,55,44
"20250311",용산구,0.0372,0.0286,0.61,0.0039,53,47
"20250311",은평구,0.0221,0.033,0.64,0.003,52,35
"20250311",종로구,0.0369,0.0331,0.58,0.0029,62,49
"20250311",중구,0.0327,0.0367,0.52,0.0032,51,48
"20250311",중랑구,0.0295,0.0348,0.49,0.0033,58,48
"20250311",강남대로,0.039,0.0205,0.81,0.003,67,48
"20250311",강변북로,0.0498,0.0189,0.54,0.003,74,47
"20250311",공항대로,0.0416,0.0237,0.56,0.0032,62,38
"20250311",도산대로,0.0286,0.0422,1.12,0.0033,52,29
"20250311",동작대로,0.0455,0.0241,0.64,0.0033,69,39
"20250311",시흥대로,0.0492,0.0209,0.71,0.0031,66,40
"20250311",신촌로,0.0444,0.0232,0.72,0.0031,67,51
"20250311",영등포로,0.0439,0.0264,0.64,0.0031,60,40
"20250311",정릉로,0.0442,0.026,0.61,0.0025,60,43
"20250311",종로,0.0339,0.0299,0.57,0.0027,60,44
"20250311",천호대로,0.0439,0.0249,0.69,0.003,56,48
"20250311",청계천로,0.04,0.0273,0.68,0.0031,65,49
"20250311",한강대로,0.0383,0.0272,0.63,0.0035,64,45
"20250311",홍릉로,0.0433,0.023,0.64,0.003,60,45
"20250311",화랑로,0.0439,0.026,0.57,0.0026,59,42
"20250311",관악산,0.012,0.0779,0.3,0.0029,46,28
"20250311",남산,0.023,0.0428,0.77,0.0037,55,44
"20250311",북한산,0.0083,0.0603,0.32,0.0027,41,29
"20250311",세곡,0.0362,0.0253,0.74,0.0032,66,43
"20250311",항동,0.0385,0.0249,0.85,0.0039,57,46
"20250311",행주,0.0372,0.0288,0.54,0.0034,58,45
"20250311",마포아트센터,0.0333,0.0369,0.93,0.0037,58,46
"20250311",서울숲,0.0319,0.0424,0.63,0.0033,46,27
"20250311",올림픽공원,0.0232,0.0342,0.39,0.0031,55,43
"20250311",자연사박물관,0.0282,0.0411,0.61,0.0034,51,41
"20250312",강남구,0.0325,0.0282,0.46,0.0027,46,32
"20250312",강동구,0.0345,0.0256,0.62,0.0032,55,40
"20250312",강북구,0.0201,0.036,0.41,0.0025,40,28
"20250312",강서구,0.0331,0.0289,0.45,0.0032,54,35
"20250312",관악구,0.0325,0.0269,0.49,0.0029,45,32
"20250312",광진구,0.0342,0.0296,0.58,0.0033,43,28
"20250312",구로구,0.0209,0.0285,0.37,0.0027,59,41
"20250312",금천구,0.0368,0.0225,0.59,0.0037,54,37
"20250312",노원구,0.0288,0.0291,0.47,0.0031,48,32
"20250312",도봉구,0.0208,0.0419,0.44,0.0036,40,23
"20250312",동대문구,0.0265,0.0292,0.44,0.0025,47,29
"20250312",동작구,0.0308,0.0326,0.44,0.0029,46,31
"20250312",마포구,0.0322,0.0288,0.41,0.0028,43,31
"20250312",서대문구,0.0226,0.0339,0.55,0.0036,42,28
"20250312",서초구,0.022,0.0267,0.42,0.0027,59,35
"20250312",성동구,0.033,0.0251,0.47,0.0027,43,28
"20250312",성북구,0.0282,0.0281,0.54,0.0029,44,28
"20250312",송파구,0.036,0.0242,0.48,0.003,43,28
"20250312",양천구,0.0346,0.0292,0.46,0.0029,47,34
"20250312",영등포구,0.0308,0.0308,0.44,0.0029,45,32
"20250312",용산구,0.0336,0.0248,0.5,0.0034,42,29
"20250312",은평구,0.0234,0.028,0.48,0.0029,45,25
"20250312",종로구,0.0289,0.0345,0.44,0.003,46,30
"20250312",중구,0.0309,0.0325,0.43,0.003,38,31
"20250312",중랑구,0.0321,0.0255,0.48,0.0034,47,32
"20250312",강남대로,0.035,0.0186,0.73,0.003,57,35
"20250312",강변북로,0.0437,0.017,0.42,0.0029,58,34
"20250312",공항대로,0.0402,0.0209,0.49,0.0031,47,26
"20250312",도산대로,0.0329,0.0272,1.21,0.0029,53,30
"20250312",동작대로,0.0394,0.0237,0.54,0.0034,52,27
"20250312",시흥대로,0.0397,0.0233,0.52,0.0033,51,26
"20250312",신촌로,0.0415,0.0181,0.61,0.003,54,35
"20250312",영등포로,0.0394,0.0229,0.59,0.0029,50,27
"20250312",정릉로,0.0408,0.0236,0.52,0.0025,48,28
"20250312",종로,0.0287,0.0295,0.48,0.0027,44,27
"20250312",천호대로,0.0388,0.0198,0.59,0.0029,44,35
"20250312",청계천로,0.0339,0.027,0.56,0.0029,50,31
"20250312",한강대로,0.0316,0.0264,0.51,0.0034,50,31
"20250312",홍릉로,0.0368,0.0232,0.59,0.0029,44,28
"20250312",화랑로,0.0416,0.022,0.52,0.0027,45,27
"20250312",관악산,0.0116,0.0655,0.29,0.0028,37,17
"20250312",남산,0.0207,0.0372,0.69,0.0034,41,26
"20250312",북한산,0.0148,0.0415,0.36,0.0028,45,30
"20250312",세곡,0.0285,0.0252,0.58,0.0033,53,31
"20250312",항동,0.0346,0.0207,0.73,0.0041,51,37
"20250312",행주,0.0321,0.029,0.42,0.0035,46,32
"20250312",마포아트센터,0.0346,0.0255,0.92,0.0038,43,31
"20250312",서울숲,0.036,0.0259,0.7,0.0035,49,31
"20250312",올림픽공원,0.0279,0.0176,0.34,0.0033,50,35
"20250312",자연사박물관,0.0306,0.0272,0.58,0.0032,34,25
"20250313",강남구,0.0281,0.0246,0.46,0.0027,76,33
"20250313",강동구,0.027,0.0247,0.6,0.0032,87,38
"20250313",강북구,0.017,0.0304,0.41,0.0025,65,24
"20250313",강서구,0.027,0.0254,0.42,0.0033,77,25
"20250313",관악구,0.0311,0.0199,0.51,0.0028,80,38
"20250313",광진구,0.0277,0.0277,0.52,0.0031,73,25
"20250313",구로구,0.0185,0.0225,0.39,0.0028,103,37
"20250313",금천구,0.0314,0.0193,0.51,0.0032,82,31
"20250313",노원구,0.0225,0.0247,0.46,0.003,70,28
"20250313",도봉구,0.0163,0.0345,0.44,0.0037,69,19
"20250313",동대문구,0.0216,0.0266,0.46,0.0025,76,32
"20250313",동작구,0.0308,0.0232,0.47,0.0026,85,35
"20250313",마포구,0.0237,0.0283,0.39,0.0026,79,25
"20250313",서대문구,0.017,0.0286,0.57,0.0036,81,26
"20250313",서초구,0.0183,0.0243,0.39,0.0026,106,34
"20250313",성동구,0.0266,0.023,0.45,0.0027,74,27
"20250313",성북구,0.0255,0.0236,0.64,0.003,75,26
"20250313",송파구,0.031,0.0202,0.48,0.0028,79,30
"20250313",양천구,0.0286,0.0258,0.45,0.0028,78,27
"20250313",영등포구,0.0267,0.0264,0.43,0.0026,68,26
"20250313",용산구,0.0281,0.0215,0.51,0.0033,83,29
"20250313",은평구,0.0167,0.0244,0.46,0.0029,82,25
"20250313",종로구,0.0248,0.0282,0.47,0.0028,81,31
"20250313",중구,0.0244,0.0276,0.44,0.003,61,32
"20250313",중랑구,0.0242,0.0224,0.45,0.0032,74,29
"20250313",강남대로,0.0305,0.0149,0.65,0.0029,100,34
"20250313",강변북로,0.0378,0.0149,0.38,0.003,100,29
"20250313",공항대로,0.0309,0.0209,0.46,0.0028,76,22
"20250313",도산대로,0.0265,0.0252,1.21,0.0027,97,31
"20250313",동작대로,0.0379,0.0172,0.58,0.0034,91,28
"20250313",시흥대로,0.0354,0.018,0.54,0.0034,88,29
"20250313",신촌로,0.0343,0.0179,0.62,0.003,82,31
"20250313",영등포로,0.0323,0.0216,0.56,0.0028,78,23
"20250313",정릉로,0.0359,0.0188,0.57,0.0024,70,25
"20250313",종로,0.0234,0.0245,0.49,0.0028,73,24
"20250313",천호대로,0.0341,0.0171,0.6,0.0029,73,35
"20250313",청계천로,0.0265,0.0235,0.53,0.0028,85,30
"20250313",한강대로,0.0268,0.0226,0.5,0.0033,91,29
"20250313",홍릉로,0.0303,0.0199,0.58,0.0029,70,26
"20250313",화랑로,0.0351,0.0183,0.55,0.0027,69,21
"20250313",관악산,0.0076,0.0524,0.27,0.0028,97,17
"20250313",남산,0.0155,0.0329,0.67,0.0033,84,26
"20250313",북한산,0.0067,0.0366,0.29,0.0028,79,20
"20250313",세곡,0.0288,0.0162,0.66,0.0031,97,28
"20250313",항동,0.0271,0.0205,0.54,0.0039,68,29
"20250313",행주,0.0176,0.0336,0.39,0.0032,64,21
"20250313",마포아트센터,0.0203,0.0334,0.78,0.0033,92,17
"20250313",서울숲,0.029,0.0229,0.65,0.0032,84,28
"20250313",올림픽공원,0.0214,0.03,0.42,0.0044,86,17
"20250313",자연사박물관,0.0163,0.028,0.49,0.0034,90,16
"20250314",강남구,0.0283,0.0279,0.45,0.0028,57,20
"20250314",강동구,0.0255,0.031,0.56,0.0036,60,23
"20250314",강북구,0.0179,0.035,0.41,0.0028,49,20
"20250314",강서구,0.0306,0.0266,0.47,0.0033,65,22
"20250314",관악구,0.0334,0.024,0.52,0.0028,53,22
"20250314",광진구,0.0265,0.033,0.47,0.003,55,18
"20250314",구로구,0.0208,0.0252,0.41,0.0029,72,26
"20250314",금천구,0.0321,0.0268,0.52,0.0033,57,20
"20250314",노원구,0.0173,0.0375,0.41,0.0034,56,23
"20250314",도봉구,0.0154,0.0425,0.4,0.004,52,15
"20250314",동대문구,0.0276,0.0277,0.48,0.003,56,23
"20250314",동작구,0.034,0.0244,0.5,0.0028,57,23
"20250314",마포구,0.0313,0.0249,0.44,0.0029,63,21
"20250314",서대문구,0.0193,0.0308,0.58,0.0047,51,16
"20250314",서초구,0.0213,0.0249,0.41,0.0028,74,21
"20250314",성동구,0.0312,0.022,0.48,0.0038,55,20
"20250314",성북구,0.0236,0.0303,0.57,0.0034,52,17
"20250314",송파구,0.0338,0.0237,0.5,0.0031,62,23
"20250314",양천구,0.0322,0.0265,0.49,0.003,60,22
"20250314",영등포구,0.0315,0.0262,0.44,0.0029,54,20
"20250314",용산구,0.0336,0.0216,0.56,0.0036,63,22
"20250314",은평구,0.0188,0.0267,0.45,0.0031,52,13
"20250314",종로구,0.0297,0.0283,0.51,0.0034,59,23
"20250314",중구,0.0288,0.0292,0.48,0.0034,42,21
"20250314",중랑구,0.0191,0.0295,0.4,0.0033,54,21
"20250314",강남대로,0.0377,0.016,0.91,0.0033,76,20
"20250314",강변북로,0.0378,0.0185,0.46,0.0031,68,17
"20250314",공항대로,0.0362,0.0183,0.54,0.0033,66,21
"20250314",도산대로,0.0354,0.0207,1.13,0.0029,77,21
"20250314",동작대로,0.0426,0.0167,0.63,0.0036,74,22
"20250314",시흥대로,0.0453,0.0186,0.66,0.0035,69,19
"20250314",신촌로,0.0395,0.0183,0.69,0.0033,64,24
"20250314",영등포로,0.0357,0.0236,0.57,0.0032,58,15
"20250314",정릉로,0.0365,0.0222,0.51,0.0024,54,19
"20250314",종로,0.0308,0.0218,0.54,0.0029,52,18
"20250314",천호대로,0.0398,0.0174,0.64,0.0031,55,23
"20250314",청계천로,0.0358,0.0207,0.64,0.0033,62,23
"20250314",한강대로,0.0338,0.0219,0.57,0.0035,63,21
"20250314",홍릉로,0.0322,0.025,0.54,0.0033,53,17
"20250314",화랑로,0.0425,0.021,0.56,0.003,60,21
"20250314",관악산,0.0081,0.057,0.29,0.0028,58,15
"20250314",남산,0.0135,0.0384,0.66,0.0038,52,15
"20250314",북한산,0.0049,0.047,0.29,0.003,48,18
"20250314",세곡,0.0326,0.0206,0.64,0.0032,70,17
"20250314",항동,0.0273,0.026,0.51,0.0041,52,22
"20250314",행주,0.0191,0.0304,0.48,0.0034,56,21
"20250314",마포아트센터,0.0257,0.0284,0.9,0.0032,62,21
"20250314",서울숲,0.0331,0.0246,0.65,0.0034,63,17
"20250314",올림픽공원,0.0226,0.0277,0.48,0.0045,57,19
"20250314",자연사박물관,0.021,0.0329,0.51,0.0035,53,16
"20250315",강남구,0.0137,0.0405,0.28,0.0023,30,12
"20250315",강동구,0.0108,0.0427,0.41,0.0032,31,15
"20250315",강북구,0.0108,0.0439,0.29,0.0023,32,14
"20250315",강서구,0.0158,0.0411,0.33,0.0028,41,14
"20250315",관악구,0.0145,0.038,0.31,0.0024,31,14
"20250315",광진구,0.0109,0.0472,0.31,0.0028,30,10
"20250315",구로구,0.0099,0.0394,0.25,0.0025,43,15
"20250315",금천구,0.0161,0.0409,0.33,0.0028,33,13
"20250315",노원구,0.0098,0.0425,0.28,0.0025,34,15
"20250315",도봉구,0.0068,0.0497,0.3,0.0035,29,7
"20250315",동대문구,0.0102,0.0422,0.28,0.0026,33,13
"20250315",동작구,0.0128,0.0435,0.28,0.0024,36,15
"20250315",마포구,0.0145,0.042,0.29,0.0025,38,12
"20250315",서대문구,0.0081,0.045,0.32,0.0025,31,8
"20250315",서초구,0.008,0.0421,0.27,0.0025,37,11
"20250315",성동구,0.0109,0.04,0.27,0.0028,28,11
"20250315",성북구,0.0104,0.0423,0.38,0.003,30,10
"20250315",송파구,0.0124,0.0394,0.27,0.0026,33,13
"20250315",양천구,0.0166,0.0405,0.31,0.0025,36,13
"20250315",영등포구,0.0151,0.0419,0.29,0.0025,33,13
"20250315",용산구,0.0131,0.0358,0.31,0.0029,36,12
"20250315",은평구,0.0094,0.0357,0.31,0.0029,34,8
"20250315",종로구,0.0128,0.0434,0.3,0.0027,37,15
"20250315",중구,0.0143,0.0425,0.3,0.0028,28,13
"20250315",중랑구,0.0097,0.0369,0.28,0.0026,33,13
"20250315",강남대로,0.0183,0.0344,0.46,0.0028,39,9
"20250315",강변북로,0.0177,0.0346,0.23,0.0027,36,8
"20250315",공항대로,0.0214,0.0361,0.34,0.003,40,12
"20250315",도산대로,0.0123,0.0368,0.36,0.0026,36,8
"20250315",동작대로,0.0201,0.037,0.34,0.003,44,12
"20250315",시흥대로,0.0261,0.0315,0.41,0.0028,41,9
"20250315",신촌로,0.0189,0.0343,0.4,0.0028,38,15
"20250315",영등포로,0.0216,0.0357,0.38,0.0027,36,7
"20250315",정릉로,0.0233,0.0342,0.35,0.002,35,12
"20250315",종로,0.0173,0.0358,0.36,0.0025,36,12
"20250315",천호대로,0.0171,0.0355,0.36,0.0026,26,14
"20250315",청계천로,0.0166,0.036,0.37,0.0028,43,14
"20250315",한강대로,0.0146,0.0374,0.34,0.0033,37,13
"20250315",홍릉로,0.0139,0.0397,0.33,0.0026,31,10
"20250315",화랑로,0.0239,0.0388,0.36,0.0025,34,12
"20250315",관악산,0.0068,0.0554,0.21,0.0026,39,10
"20250315",남산,0.0089,0.0429,0.56,0.0034,30,8
"20250315",북한산,0.0061,0.0468,0.28,0.0028,35,15
"20250315",세곡,0.008,0.0424,0.34,0.0029,32,8
"20250315",항동,0.0139,0.038,0.4,0.0039,31,14
"20250315",행주,0.0106,0.0395,0.33,0.003,37,15
"20250315",마포아트센터,0.0098,0.0457,0.7,0.0029,32,11
"20250315",서울숲,0.0119,0.041,0.48,0.0033,33,7
"20250315",올림픽공원,0.0089,0.0431,0.32,0.0044,28,7
"20250315",자연사박물관,0.0084,0.0474,0.33,0.0032,32,11
"20250316",강남구,0.0091,0.042,0.3,0.0021,32,18
"20250316",강동구,0.0085,0.0437,0.45,0.0029,35,21
"20250316",강북구,0.007,0.0434,0.29,0.002,36,22
"20250316",강서구,0.0108,0.0415,0.31,0.0026,40,20
"20250316",관악구,0.0104,0.0388,0.33,0.0022,35,21
"20250316",광진구,0.0087,0.0469,0.35,0.0028,33,18
"20250316",구로구,0.0072,0.0392,0.26,0.0024,47,24
"20250316",금천구,0.0107,0.043,0.37,0.0026,37,22
"20250316",노원구,0.0084,0.0402,0.31,0.0024,37,22
"20250316",도봉구,0.0049,0.047,0.35,0.0034,32,14
"20250316",동대문구,0.0071,0.041,0.3,0.0019,34,20
"20250316",동작구,0.0097,0.0437,0.31,0.0021,40,24
"20250316",마포구,0.0112,0.0404,0.3,0.0023,35,18
"20250316",서대문구,0.0067,0.0417,0.4,0.002,34,16
"20250316",서초구,0.0056,0.0426,0.28,0.0024,42,19
"20250316",성동구,0.0079,0.0395,0.3,0.0021,29,18
"20250316",성북구,0.007,0.0408,0.46,0.0027,33,18
"20250316",송파구,0.0105,0.0386,0.3,0.0023,37,21
"20250316",양천구,0.0123,0.0401,0.33,0.0024,36,21
"20250316",영등포구,0.0099,0.043,0.3,0.0022,33,19
"20250316",용산구,0.0096,0.0354,0.34,0.0026,38,18
"20250316",은평구,0.0084,0.0328,0.36,0.0029,36,15
"20250316",종로구,0.0088,0.0432,0.3,0.0022,37,23
"20250316",중구,0.0086,0.0451,0.3,0.0025,31,20
"20250316",중랑구,0.0089,0.0354,0.31,0.0024,35,22
"20250316",강남대로,0.011,0.0371,0.5,0.0024,41,18
"20250316",강변북로,0.0159,0.0337,0.26,0.0025,41,16
"20250316",공항대로,0.0121,0.0371,0.32,0.0023,37,17
"20250316",도산대로,0.0093,0.0364,0.54,0.0024,37,16
"20250316",동작대로,0.014,0.0397,0.34,0.0027,41,20
"20250316",시흥대로,0.0115,0.0406,0.34,0.0025,42,18
"20250316",신촌로,0.0153,0.0343,0.4,0.0024,41,23
"20250316",영등포로,0.0145,0.0387,0.37,0.0024,37,14
"20250316",정릉로,0.0146,0.0383,0.34,0.0017,37,21
"20250316",종로,0.0088,0.0397,0.31,0.0022,36,19
"20250316",천호대로,0.0135,0.0376,0.35,0.0024,29,21
"20250316",청계천로,0.0101,0.0382,0.32,0.0025,41,21
"20250316",한강대로,0.0104,0.0379,0.35,0.0032,37,18
"20250316",홍릉로,0.012,0.038,0.35,0.0023,33,17
"20250316",화랑로,0.0155,0.0427,0.35,0.0022,33,19
"20250316",관악산,0.0055,0.0541,0.27,0.0025,42,18
"20250316",남산,0.0045,0.044,0.59,0.0032,31,16
"20250316",북한산,0.005,0.0438,0.31,0.0027,39,21
"20250316",세곡,0.007,0.042,0.39,0.0024,38,15
"20250316",항동,0.0076,0.0409,0.4,0.0037,34,18
"20250316",행주,0.0039,0.0438,0.33,0.0028,31,18
"20250316",마포아트센터,0.0061,0.0449,0.81,0.0028,35,18
"20250316",서울숲,0.0082,0.0407,0.43,0.0031,35,16
"20250316",올림픽공원,0.007,0.0428,0.36,0.0043,31,16
"20250316",자연사박물관,0.0063,0.045,0.37,0.003,35,18
"20250317",강남구,0.013,0.0426,0.33,0.0022,34,19
"20250317",강동구,0.012,0.0458,0.49,0.0034,35,22
"20250317",강북구,0.0083,0.0484,0.3,0.0021,36,23
"20250317",강서구,0.0154,0.0425,0.34,0.0029,42,21
"20250317",관악구,0.014,0.0399,0.35,0.0024,33,21
"20250317",광진구,0.0119,0.0488,0.36,0.0029,33,19
"20250317",구로구,0.0096,0.0411,0.28,0.0027,45,23
"20250317",금천구,0.0145,0.0431,0.35,0.0026,37,24
"20250317",노원구,0.0113,0.0433,0.32,0.0026,37,20
"20250317",도봉구,0.0066,0.0527,0.36,0.0034,31,15
"20250317",동대문구,0.0106,0.0423,0.32,0.0022,36,20
"20250317",동작구,0.0123,0.0451,0.32,0.0024,38,24
"20250317",마포구,0.0141,0.0431,0.32,0.0025,37,21
"20250317",서대문구,0.0088,0.0442,0.44,0.0024,33,17
"20250317",서초구,0.0125,0.042,0.31,0.0028,41,19
"20250317",성동구,0.0125,0.0401,0.32,0.0023,31,19
"20250317",성북구,0.0104,0.0412,0.58,0.0033,31,17
"20250317",송파구,0.0148,0.0393,0.32,0.0026,37,22
"20250317",양천구,0.0159,0.041,0.35,0.0025,39,23
"20250317",영등포구,0.0135,0.0446,0.33,0.0025,33,22
"20250317",용산구,0.0137,0.0361,0.36,0.0029,39,21
"20250317",은평구,0.0107,0.0355,0.34,0.0032,36,20
"20250317",종로구,0.0132,0.0435,0.34,0.0025,39,25
"20250317",중구,0.0133,0.0445,0.32,0.0029,31,23
"20250317",중랑구,0.0129,0.037,0.34,0.0026,35,22
"20250317",강남대로,0.0198,0.0346,0.34,0.0024,42,20
"20250317",강변북로,0.0246,0.0313,0.29,0.0029,44,18
"20250317",공항대로,0.0191,0.0367,0.35,0.0025,39,19
"20250317",도산대로,0.0158,0.0361,0.78,0.0026,39,17
"20250317",동작대로,0.0215,0.0386,0.38,0.0027,42,23
"20250317",시흥대로,0.017,0.0399,0.38,0.0028,40,18
"20250317",신촌로,0.0247,0.0334,0.46,0.0027,42,24
"20250317",영등포로,0.0221,0.0372,0.4,0.0026,37,15
"20250317",정릉로,0.0236,0.0362,0.36,0.0021,36,22
"20250317",종로,0.0146,0.0388,0.36,0.0025,37,21
"20250317",천호대로,0.0186,0.0383,0.38,0.0027,28,22
"20250317",청계천로,0.0172,0.0375,0.39,0.0027,41,22
"20250317",한강대로,0.0177,0.0373,0.38,0.0035,40,21
"20250317",홍릉로,0.0185,0.0378,0.42,0.0026,35,18
"20250317",화랑로,0.0228,0.0433,0.37,0.0025,36,21
"20250317",관악산,0.0069,0.057,0.27,0.0028,40,18
"20250317",남산,0.0094,0.0439,0.61,0.0036,30,16
"20250317",북한산,0.0054,0.0489,0.31,0.0029,37,24
"20250317",세곡,0.0111,0.0429,0.46,0.003,36,16
"20250317",항동,0.01,0.0437,0.38,0.0039,30,18
"20250317",행주,0.0078,0.0472,0.38,0.0031,34,20
"20250317",마포아트센터,0.0103,0.0451,0.91,0.003,35,19
"20250317",서울숲,0.0124,0.0423,0.38,0.0034,34,16
"20250317",올림픽공원,0.0103,0.0454,0.49,0.0041,31,18
"20250317",자연사박물관,0.0095,0.0478,0.38,0.0035,31,19
"20250318",강남구,0.0149,0.0413,0.35,0.0018,26,19
"20250318",강동구,0.012,0.0459,0.53,0.0029,30,24
"20250318",강북구,0.0087,0.0488,0.31,0.0017,29,23
"20250318",강서구,0.0152,0.044,0.38,0.0023,37,24
"20250318",관악구,0.0151,0.0394,0.37,0.002,28,22
"20250318",광진구,0.0124,0.0478,0.39,0.0027,25,19
"20250318",구로구,0.0142,0.039,0.33,0.0022,38,31
"20250318",금천구,0.0145,0.0433,0.35,0.0021,31,24
"20250318",노원구,0.0111,0.0437,0.33,0.0021,28,17
"20250318",도봉구,0.0074,0.0519,0.42,0.0031,25,16
"20250318",동대문구,0.0117,0.0411,0.34,0.0018,29,21
"20250318",동작구,0.0139,0.0451,0.35,0.0018,32,26
"20250318",마포구,0.0141,0.0443,0.35,0.002,31,23
"20250318",서대문구,0.0078,0.0464,0.47,0.002,26,19
"20250318",서초구,0.0121,0.0471,0.35,0.0026,34,23
"20250318",성동구,0.0115,0.0408,0.33,0.0024,23,19
"20250318",성북구,0.0122,0.0398,0.54,0.0027,27,21
"20250318",송파구,0.0161,0.0386,0.35,0.0022,30,24
"20250318",양천구,0.0168,0.0427,0.38,0.0022,36,27
"20250318",영등포구,0.0206,0.0391,0.35,0.0021,30,24
"20250318",용산구,0.0137,0.0371,0.38,0.0023,30,21
"20250318",은평구,0.01,0.0361,0.4,0.0029,28,24
"20250318",종로구,0.0132,0.0446,0.36,0.002,31,24
"20250318",중구,0.0135,0.0467,0.35,0.0025,26,23
"20250318",중랑구,0.0128,0.0394,0.35,0.0024,28,23
"20250318",강남대로,0.0211,0.0305,0.29,0.0025,39,23
"20250318",강변북로,0.0142,0.0383,0.37,0.0026,29,19
"20250318",공항대로,0.0192,0.0377,0.38,0.002,34,20
"20250318",도산대로,0.0153,0.0368,0.58,0.0023,32,20
"20250318",동작대로,0.0218,0.0372,0.4,0.0022,37,24
"20250318",시흥대로,0.0234,0.0357,0.43,0.0024,37,22
"20250318",신촌로,0.0197,0.0359,0.43,0.0024,35,26
"20250318",영등포로,0.0219,0.0368,0.42,0.0023,31,17
"20250318",정릉로,0.0253,0.0342,0.39,0.0018,37,23
"20250318",종로,0.0144,0.0402,0.36,0.002,30,21
"20250318",천호대로,0.0253,0.0325,0.44,0.0024,34,23
"20250318",청계천로,0.0167,0.0386,0.4,0.0023,29,22
"20250318",한강대로,0.0199,0.0359,0.4,0.0032,30,21
"20250318",홍릉로,0.0189,0.0373,0.39,0.0022,27,18
"20250318",화랑로,0.0249,0.04,0.42,0.0021,28,22
"20250318",관악산,0.0072,0.0572,0.29,0.0024,30,19
"20250318",남산,0.0099,0.0441,0.58,0.0033,24,18
"20250318",북한산,0.0054,0.0497,0.3,0.0026,28,23
"20250318",세곡,0.0133,0.0408,0.48,0.0026,31,18
"20250318",항동,0.0114,0.0436,0.47,0.0037,29,22
"20250318",행주,0.0082,0.0488,0.31,0.0027,31,22
"20250318",마포아트센터,0.0087,0.0472,0.96,0.0028,31,23
"20250318",서울숲,0.0112,0.0437,0.39,0.0029,28,20
"20250318",올림픽공원,0.0109,0.0447,0.44,0.0032,24,18
"20250318",자연사박물관,0.0079,0.0496,0.44,0.0031,33,26
"20250319",강남구,0.0161,0.0444,0.38,0.0021,41,29
"20250319",강동구,0.0196,0.0422,0.59,0.0031,46,36
"20250319",강북구,0.0111,0.0479,0.36,0.0019,44,36
"20250319",강서구,0.0198,0.0412,0.38,0.003,50,32
"20250319",관악구,0.0198,0.0393,0.4,0.0023,41,32
"20250319",광진구,0.0171,0.0474,0.43,0.0028,42,30
"20250319",구로구,0.0153,0.0398,0.33,0.0024,40,35
"20250319",금천구,0.0237,0.037,0.43,0.0025,47,35
"20250319",노원구,0.0207,0.0385,0.45,0.0025,49,26
"20250319",도봉구,0.0149,0.045,0.51,0.0035,40,26
"20250319",동대문구,0.0129,0.0438,0.36,0.002,44,32
"20250319",동작구,0.0188,0.0434,0.37,0.0021,46,35
"20250319",마포구,0.0191,0.042,0.37,0.0023,42,31
"20250319",서대문구,0.0157,0.0397,0.64,0.0039,40,27
"20250319",서초구,0.0171,0.0456,0.37,0.0028,47,31
"20250319",성동구,0.0165,0.0409,0.37,0.002,38,30
"20250319",성북구,0.0166,0.0418,0.53,0.0031,38,29
"20250319",송파구,0.0229,0.0364,0.39,0.0024,45,34
"20250319",양천구,0.0203,0.0415,0.4,0.0024,49,36
"20250319",영등포구,0.0177,0.045,0.37,0.0024,40,31
"20250319",용산구,0.0196,0.0353,0.43,0.0027,47,32
"20250319",은평구,0.015,0.0329,0.43,0.003,43,27
"20250319",종로구,0.0167,0.0439,0.39,0.0022,47,37
"20250319",중구,0.0171,0.0441,0.38,0.0027,39,35
"20250319",중랑구,0.0198,0.0363,0.41,0.0025,45,37
"20250319",강남대로,0.0282,0.025,0.41,0.0026,51,30
"20250319",강변북로,0.0322,0.0295,0.41,0.0029,50,28
"20250319",공항대로,0.0262,0.0328,0.4,0.0025,47,29
"20250319",도산대로,0.019,0.0382,0.55,0.0025,43,27
"20250319",동작대로,0.0291,0.0345,0.44,0.0024,54,33
"20250319",시흥대로,0.0219,0.0392,0.4,0.0025,48,28
"20250319",신촌로,0.0309,0.0318,0.55,0.0027,51,36
"20250319",영등포로,0.0264,0.0372,0.47,0.0025,44,25
"20250319",정릉로,0.0303,0.0335,0.46,0.0019,44,34
"20250319",종로,0.017,0.0407,0.39,0.0023,46,31
"20250319",천호대로,0.0257,0.0352,0.47,0.0025,40,34
"20250319",청계천로,0.0214,0.0381,0.45,0.0024,49,33
"20250319",한강대로,0.0222,0.0375,0.43,0.0033,47,31
"20250319",홍릉로,0.0235,0.0369,0.49,0.0025,46,28
"20250319",화랑로,0.0313,0.0372,0.44,0.0022,46,35
"20250319",관악산,0.0073,0.0623,0.25,0.0027,46,28
"20250319",남산,0.015,0.0442,0.52,0.0035,36,26
"20250319",북한산,0.0054,0.0523,0.3,0.0027,41,32
"20250319",세곡,0.0237,0.0332,0.63,0.0029,47,27
"20250319",항동,0.0214,0.0342,0.46,0.0037,37,27
"20250319",행주,0.0146,0.0431,0.36,0.003,40,30
"20250319",마포아트센터,0.0127,0.0467,0.85,0.003,40,29
"20250319",서울숲,0.0151,0.0465,0.38,0.003,40,30
"20250319",올림픽공원,0.0141,0.0424,0.55,0.0033,38,29
"20250319",자연사박물관,0.0145,0.0462,0.47,0.0033,39,30
"20250320",강남구,0.0225,0.0455,0.43,0.0026,54,34
"20250320",강동구,0.0206,0.0487,0.59,0.0034,62,45
"20250320",강북구,0.0203,0.046,0.45,0.0025,59,41
"20250320",강서구,0.0225,0.0478,0.47,0.0034,62,36
"20250320",관악구,0.0213,0.0441,0.46,0.0027,49,34
"20250320",광진구,0.0218,0.0509,0.5,0.0034,52,33
"20250320",구로구,0.0169,0.0437,0.39,0.003,56,43
"20250320",금천구,0.0207,0.0484,0.48,0.0031,57,38
"20250320",노원구,0.0255,0.0391,0.47,0.0028,64,27
"20250320",도봉구,0.0218,0.0743,0.5,0.0045,60,37
"20250320",동대문구,0.0188,0.0442,0.43,0.0025,58,39
"20250320",동작구,0.0212,0.0497,0.44,0.0026,57,38
"20250320",마포구,0.022,0.0486,0.44,0.003,51,35
"20250320",서대문구,0.0205,0.0468,0.6,0.004,54,36
"20250320",서초구,0.018,0.0521,0.42,0.0032,63,41
"20250320",성동구,0.0199,0.0445,0.43,0.0024,53,35
"20250320",성북구,0.0234,0.0412,0.54,0.0037,56,35
"20250320",송파구,0.0223,0.0425,0.41,0.0028,52,33
"20250320",양천구,0.0236,0.0466,0.47,0.0028,63,40
"20250320",영등포구,0.022,0.0492,0.45,0.0029,52,36
"20250320",용산구,0.0218,0.0406,0.48,0.0033,54,35
"20250320",은평구,0.0198,0.0373,0.57,0.0035,58,34
"20250320",종로구,0.0222,0.0473,0.46,0.0029,59,41
"20250320",중구,0.0247,0.0473,0.46,0.0033,50,40
"20250320",중랑구,0.0222,0.041,0.44,0.003,59,40
"20250320",강남대로,0.0265,0.0322,0.41,0.0031,63,38
"20250320",강변북로,0.0335,0.0336,0.46,0.0031,64,37
"20250320",공항대로,0.0282,0.0402,0.48,0.0031,55,31
"20250320",도산대로,0.0234,0.0405,0.64,0.0031,64,37
"20250320",동작대로,0.0276,0.043,0.48,0.003,62,33
"20250320",시흥대로,0.0331,0.038,0.5,0.0031,60,30
"20250320",신촌로,0.0291,0.0366,0.57,0.0029,61,39
"20250320",영등포로,0.0318,0.0364,0.55,0.0026,57,32
"20250320",정릉로,0.037,0.033,0.54,0.0024,59,40
"20250320",종로,0.026,0.0409,0.51,0.0029,59,37
"20250320",천호대로,0.0287,0.0386,0.51,0.0028,51,35
"20250320",청계천로,0.0275,0.04,0.56,0.0029,62,39
"20250320",한강대로,0.0263,0.0395,0.52,0.0036,62,39
"20250320",홍릉로,0.0259,0.042,0.52,0.0029,56,34
"20250320",화랑로,0.0352,0.039,0.51,0.0026,58,37
"20250320",관악산,0.0092,0.0736,0.3,0.0032,58,32
"20250320",남산,0.0194,0.0477,0.6,0.004,53,34
"20250320",북한산,0.0172,0.046,0.42,0.003,61,44
"20250320",세곡,0.0172,0.0452,0.59,0.0032,61,34
"20250320",항동,0.0215,0.0415,0.58,0.0042,55,40
"20250320",행주,0.0247,0.044,0.43,0.0038,56,37
"20250320",마포아트센터,0.0172,0.0505,0.47,0.0029,58,38
"20250320",서울숲,0.0208,0.0487,0.57,0.0035,59,37
"20250320",올림픽공원,0.0193,0.0462,0.54,0.0038,57,39
"20250320",자연사박물관,0.0179,0.0517,0.57,0.0039,59,41
"20250321",강남구,0.0222,0.053,0.5,0.0032,76,44
"20250321",강동구,0.0228,0.0567,0.57,0.0036,88,59
"20250321",강북구,0.0186,0.0598,0.48,0.003,84,51
"20250321",강서구,0.0226,0.0512,0.48,0.0037,85,44
"20250321",관악구,0.0173,0.0509,0.55,0.0024,84,53
"20250321",광진구,0.0254,0.0572,0.57,0.0041,74,43
"20250321",구로구,0.0169,0.0478,0.41,0.0034,80,55
"20250321",금천구,0.0236,0.0481,0.57,0.0036,79,48
"20250321",노원구,0.0243,0.0531,0.5,0.0032,89,31
"20250321",도봉구,0.0248,0.0657,0.49,0.0046,85,50
"20250321",동대문구,0.0184,0.0536,0.49,0.0033,87,55
"20250321",동작구,0.0214,0.056,0.48,0.0033,80,49
"20250321",마포구,0.0224,0.0535,0.47,0.0033,70,44
"20250321",서대문구,0.0211,0.056,0.57,0.004,77,51
"20250321",서초구,0.0192,0.057,0.47,0.0037,93,55
"20250321",성동구,0.021,0.0503,0.49,0.0031,78,46
"20250321",성북구,0.0215,0.0536,0.52,0.004,84,49
"20250321",송파구,0.0206,0.0506,0.45,0.0031,73,40
"20250321",양천구,0.0225,0.0507,0.49,0.0032,83,49
"20250321",영등포구,0.0208,0.0519,0.48,0.0032,70,47
"20250321",용산구,0.022,0.0456,0.54,0.0039,75,49
"20250321",은평구,0.0205,0.0435,0.65,0.0038,90,50
"20250321",종로구,0.0231,0.0541,0.51,0.0034,86,54
"20250321",중구,0.0238,0.0574,0.51,0.0037,72,51
"20250321",중랑구,0.0227,0.0483,0.52,0.0034,86,53
"20250321",강남대로,0.0257,0.0368,0.49,0.0033,92,49
"20250321",강변북로,0.0371,0.0371,0.56,0.0035,97,50
"20250321",공항대로,0.0297,0.0443,0.5,0.0035,77,34
"20250321",도산대로,0.0255,0.0435,0.63,0.0037,90,50
"20250321",동작대로,0.0301,0.0462,0.55,0.0035,88,39
"20250321",시흥대로,0.0314,0.041,0.52,0.0035,83,36
"20250321",신촌로,0.032,0.0386,0.67,0.0032,87,51
"20250321",영등포로,0.0307,0.0417,0.59,0.003,81,43
"20250321",정릉로,0.0363,0.0417,0.59,0.0027,89,53
"20250321",종로,0.0253,0.0474,0.56,0.0032,85,49
"20250321",천호대로,0.0296,0.0472,0.56,0.0033,74,40
"20250321",청계천로,0.0273,0.0462,0.62,0.0033,89,51
"20250321",한강대로,0.0253,0.0456,0.57,0.0039,98,53
"20250321",홍릉로,0.0279,0.0476,0.6,0.0033,80,45
"20250321",화랑로,0.0304,0.0553,0.53,0.0031,82,44
"20250321",관악산,0.0121,0.0779,0.36,0.0036,72,35
"20250321",남산,0.0188,0.0553,0.64,0.0043,79,48
"20250321",북한산,0.0161,0.055,0.45,0.0034,88,57
"20250321",세곡,0.0177,0.0526,0.62,0.0036,84,43
"20250321",항동,0.0215,0.0471,0.62,0.0048,72,47
"20250321",행주,0.025,0.0492,0.47,0.0041,79,47
"20250321",마포아트센터,0.0171,0.056,0.5,0.0029,84,52
"20250321",서울숲,0.0235,0.0543,0.69,0.004,86,50
"20250321",올림픽공원,0.0199,0.0558,0.51,0.0043,84,53
"20250321",자연사박물관,0.0182,0.0603,0.62,0.0042,86,56
"20250322",강남구,0.0257,0.0455,0.53,0.0037,75,44
"20250322",강동구,0.0261,0.0479,0.64,0.0041,86,58
"20250322",강북구,0.0219,0.0447,0.54,0.0032,74,46
"20250322",강서구,0.0236,0.0458,0.54,0.0042,85,49
"20250322",관악구,,,,,,
"20250322",광진구,0.0263,0.0515,0.6,0.0047,73,43
"20250322",구로구,0.0163,0.0437,0.44,0.0039,82,58
"20250322",금천구,0.0239,0.0464,0.69,0.0041,78,48
"20250322",노원구,0.0289,0.0425,0.56,0.0039,82,29
"20250322",도봉구,0.0283,0.054,0.53,0.0046,79,45
"20250322",동대문구,0.0224,0.0449,0.53,0.0039,81,50
"20250322",동작구,0.0245,0.0472,0.53,0.0037,77,48
"20250322",마포구,0.0255,0.0454,0.54,0.0038,71,46
"20250322",서대문구,0.0231,0.0459,0.69,0.0054,74,49
"20250322",서초구,0.0227,0.0478,0.52,0.0041,92,53
"20250322",성동구,0.0235,0.0427,0.53,0.0038,73,45
"20250322",성북구,0.026,0.0439,0.57,0.0044,79,44
"20250322",송파구,0.0224,0.0445,0.51,0.0038,77,46
"20250322",양천구,0.0235,0.0447,0.54,0.0036,86,52
"20250322",영등포구,0.024,0.0475,0.53,0.0037,72,51
"20250322",용산구,0.0288,0.0352,0.63,0.0048,77,48
"20250322",은평구,0.0203,0.0377,0.66,0.0041,82,45
"20250322",종로구,0.0289,0.0426,0.57,0.0041,82,51
"20250322",중구,0.0293,0.0467,0.55,0.0044,67,49
"20250322",중랑구,0.0238,0.0423,0.55,0.004,81,51
"20250322",강남대로,0.0284,0.0317,0.39,0.0036,91,51
"20250322",강변북로,0.0362,0.0322,0.58,0.0037,93,47
"20250322",공항대로,0.0279,0.0394,0.54,0.004,78,39
"20250322",도산대로,0.0262,0.039,0.67,0.0041,92,49
"20250322",동작대로,0.0319,0.0395,0.63,0.0039,90,42
"20250322",시흥대로,0.0306,0.0392,0.58,0.004,86,39
"20250322",신촌로,0.0331,0.0321,0.73,0.0037,86,51
"20250322",영등포로,0.0351,0.034,0.69,0.0037,83,46
"20250322",정릉로,0.0354,0.0359,0.65,0.0031,83,53
"20250322",종로,0.0268,0.0373,0.6,0.0036,78,47
"20250322",천호대로,0.0318,0.041,0.65,0.0039,75,41
"20250322",청계천로,0.0338,0.0345,0.66,0.0037,86,50
"20250322",한강대로,0.0285,0.0368,0.62,0.0042,93,52
"20250322",홍릉로,0.0316,0.038,0.64,0.0039,78,43
"20250322",화랑로,0.0343,0.041,0.61,0.0035,74,42
"20250322",관악산,0.0117,0.0788,0.35,0.0042,84,42
"20250322",남산,0.0179,0.0518,0.67,0.0049,80,47
"20250322",북한산,0.0181,0.0508,0.47,0.0037,81,51
"20250322",세곡,0.023,0.0415,0.72,0.0038,84,42
"20250322",항동,0.0234,0.0383,0.7,0.0049,75,51
"20250322",행주,0.0276,0.0396,0.54,0.0046,79,51
"20250322",마포아트센터,0.0196,0.0467,0.57,0.0029,82,50
"20250322",서울숲,0.0264,0.0441,0.72,0.0042,85,49
"20250322",올림픽공원,0.0196,0.0475,0.55,0.0046,82,52
"20250322",자연사박물관,0.019,0.0536,0.65,0.0047,84,53
"20250323",강남구,0.0213,0.0546,0.54,0.0036,81,43
"20250323",강동구,0.0206,0.0573,0.63,0.0038,91,58
"20250323",강북구,0.0174,0.0555,0.53,0.0031,81,47
"20250323",강서구,0.023,0.055,0.57,0.0041,92,50
"20250323",관악구,,,,,,
"20250323",광진구,0.0231,0.0612,0.6,0.0046,78,43
"20250323",구로구,0.0161,0.0525,0.46,0.004,89,57
"20250323",금천구,0.0233,0.0541,0.69,0.0041,85,49
"20250323",노원구,0.028,0.0481,0.63,0.004,86,30
"20250323",도봉구,0.0229,0.0675,0.53,0.0044,86,46
"20250323",동대문구,0.0209,0.0531,0.55,0.0039,88,52
"20250323",동작구,0.0232,0.0552,0.56,0.0035,83,48
"20250323",마포구,0.0231,0.0562,0.55,0.0039,77,47
"20250323",서대문구,0.0201,0.0566,0.67,0.0052,78,47
"20250323",서초구,0.0184,0.059,0.52,0.004,93,55
"20250323",성동구,0.0196,0.0526,0.54,0.0039,78,43
"20250323",성북구,0.024,0.0527,0.58,0.0042,83,44
"20250323",송파구,0.019,0.0524,0.52,0.0037,81,44
"20250323",양천구,0.0212,0.0553,0.54,0.0037,92,53
"20250323",영등포구,0.021,0.0598,0.53,0.0038,77,51
"20250323",용산구,0.0252,0.0431,0.63,0.0043,84,51
"20250323",은평구,0.0173,0.0468,0.66,0.004,86,45
"20250323",종로구,0.0254,0.0523,0.55,0.0037,85,51
"20250323",중구,0.0245,0.0575,0.53,0.0042,70,49
"20250323",중랑구,0.0211,0.0499,0.56,0.0039,86,51
"20250323",강남대로,0.0253,0.0381,,0.0035,94,50
"20250323",강변북로,0.0322,0.0403,0.59,0.0036,96,48
"20250323",공항대로,0.0271,0.0479,0.55,0.0041,84,39
"20250323",도산대로,0.0234,0.0466,0.72,0.0041,97,48
"20250323",동작대로,0.0306,0.046,0.64,0.0038,96,40
"20250323",시흥대로,0.0337,0.0441,0.62,0.0041,93,41
"20250323",신촌로,0.0316,0.0397,0.71,0.0039,93,52
"20250323",영등포로,0.0297,0.0454,0.64,0.0039,86,46
"20250323",정릉로,0.0348,0.0431,0.65,0.0031,89,53
"20250323",종로,0.0248,0.0446,0.57,0.0035,83,48
"20250323",천호대로,0.0282,0.048,0.65,0.0037,77,39
"20250323",청계천로,0.0288,0.0428,0.62,0.0039,91,50
"20250323",한강대로,0.025,0.0468,0.61,0.0042,94,51
"20250323",홍릉로,0.0284,0.0474,0.64,0.0039,82,44
"20250323",화랑로,0.0344,0.0475,0.62,0.0034,83,45
"20250323",관악산,0.0111,0.0867,0.39,0.0046,97,43
"20250323",남산,0.0166,0.0615,0.65,0.0048,85,47
"20250323",북한산,0.0141,0.0584,0.47,0.0035,86,52
"20250323",세곡,0.018,0.0478,0.75,0.0037,88,42
"20250323",항동,0.0202,0.0476,0.69,0.0047,79,48
"20250323",행주,0.0232,0.05,0.52,0.0047,84,52
"20250323",마포아트센터,0.018,0.0547,0.56,0.0029,87,50
"20250323",서울숲,0.023,0.0532,0.76,0.004,93,49
"20250323",올림픽공원,0.0173,0.052,0.55,0.0043,84,49
"20250323",자연사박물관,0.0166,0.0646,0.64,0.0046,87,53
"20250324",강남구,0.0205,0.0583,0.53,0.0036,93,47
"20250324",강동구,0.022,0.0582,0.66,0.004,103,60
"20250324",강북구,0.0169,0.0604,0.5,0.0034,89,48
"20250324",강서구,0.0184,0.0587,0.47,0.0039,96,49
"20250324",관악구,,,,,,
"20250324",광진구,0.0233,0.063,0.61,0.0047,89,45
"20250324",구로구,0.0146,0.0537,0.4,0.0039,91,59
"20250324",금천구,0.0192,0.061,0.56,0.0038,88,48
"20250324",노원구,0.027,0.0513,0.58,0.0041,99,43
"20250324",도봉구,0.0248,0.0633,0.58,0.0045,96,47
"20250324",동대문구,0.0203,0.0557,0.53,0.0039,96,53
"20250324",동작구,0.0161,0.0652,0.48,0.0035,89,46
"20250324",마포구,0.0225,0.0571,0.51,0.004,83,47
"20250324",서대문구,0.0196,0.0588,0.63,0.0045,85,46
"20250324",서초구,0.0161,0.0665,0.47,0.004,105,54
"20250324",성동구,0.0197,0.0556,0.51,0.0039,87,45
"20250324",성북구,0.0266,0.0504,0.57,0.0041,89,45
"20250324",송파구,0.0185,0.0558,0.51,0.0038,93,47
"20250324",양천구,0.0183,0.0589,0.49,0.0034,96,51
"20250324",영등포구,0.0192,0.0628,0.48,0.0035,81,51
"20250324",용산구,0.0192,0.051,0.54,0.0044,91,49
"20250324",은평구,0.0174,0.0491,0.68,0.0041,94,44
"20250324",종로구,0.0262,0.0527,0.55,0.0038,94,53
"20250324",중구,0.0266,0.0522,0.54,0.0041,74,49
"20250324",중랑구,0.0221,0.0521,0.54,0.004,97,52
"20250324",강남대로,0.0288,0.0378,,0.0033,107,52
"20250324",강변북로,0.0349,0.042,0.56,0.0037,105,48
"20250324",공항대로,0.0303,0.0472,0.5,0.0041,89,40
"20250324",도산대로,0.0222,0.05,0.57,0.0038,104,47
"20250324",동작대로,0.0287,0.0525,0.56,0.0039,103,42
"20250324",시흥대로,0.0269,0.0499,0.52,0.0038,96,40
"20250324",신촌로,0.0347,0.0377,0.69,0.0038,97,52
"20250324",영등포로,0.0323,0.0448,0.6,0.0038,91,46
"20250324",정릉로,0.0374,0.0413,0.62,0.003,96,50
"20250324",종로,0.0264,0.0459,0.58,0.0036,88,47
"20250324",천호대로,0.0293,0.0513,0.63,0.0038,90,41
"20250324",청계천로,0.03,0.0445,0.65,0.0038,98,50
"20250324",한강대로,0.0292,0.0444,0.6,0.0041,102,51
"20250324",홍릉로,0.0303,0.0485,0.65,0.0041,91,43
"20250324",화랑로,0.0388,0.0456,0.59,0.0035,93,45
"20250324",관악산,0.01,0.0866,0.39,0.0042,102,46
"20250324",남산,0.0126,0.0662,0.61,0.0046,88,44
"20250324",북한산,0.0142,0.0653,0.49,0.0038,98,54
"20250324",세곡,0.0165,0.0561,0.71,0.0042,107,46
"20250324",항동,0.0205,0.0477,0.64,0.0046,81,49
"20250324",행주,0.0257,0.0474,0.48,0.0046,91,51
"20250324",마포아트센터,0.0178,0.0593,0.54,0.0035,92,48
"20250324",서울숲,0.0226,0.0565,0.74,0.0041,103,50
"20250324",올림픽공원,0.0166,0.0589,0.54,0.0047,101,53
"20250324",자연사박물관,0.0155,0.0624,0.6,0.0043,91,50
"20250325",강남구,0.0156,0.0564,0.5,0.0025,140,58
"20250325",강동구,0.0154,0.0586,0.64,0.0028,160,70
"20250325",강북구,0.0154,0.0569,0.5,0.0026,138,61
"20250325",강서구,0.0176,0.0524,0.51,0.003,145,58
"20250325",관악구,0.0146,0.0537,0.43,0.0039,147,45
"20250325",광진구,0.0189,0.0606,0.61,0.0036,137,53
"20250325",구로구,0.0105,0.0468,0.46,0.0028,161,70
"20250325",금천구,0.0185,0.0524,0.5,0.003,143,59
"20250325",노원구,0.0188,0.0542,0.52,0.0029,152,58
"20250325",도봉구,0.0181,0.0647,0.55,0.0036,154,60
"20250325",동대문구,0.0146,0.0537,0.51,0.0029,146,65
"20250325",동작구,0.0147,0.0571,0.49,0.0025,138,55
"20250325",마포구,0.0163,0.0538,0.49,0.0028,132,55
"20250325",서대문구,0.0157,0.0554,0.61,0.0032,146,60
"20250325",서초구,0.0132,0.0597,0.49,0.0031,172,65
"20250325",성동구,0.0158,0.0507,0.51,0.0026,133,54
"20250325",성북구,0.0189,0.0541,0.54,0.0031,148,58
"20250325",송파구,0.0135,0.0529,0.49,0.0027,136,54
"20250325",양천구,0.0159,0.048,0.51,0.0026,148,62
"20250325",영등포구,0.0165,0.056,0.5,0.0025,126,62
"20250325",용산구,0.0156,0.0466,0.55,0.0031,153,55
"20250325",은평구,0.0165,0.0426,0.7,0.0031,155,58
"20250325",종로구,0.0183,0.0535,0.52,0.0029,149,64
"20250325",중구,0.0192,0.0528,0.53,0.0032,114,62
"20250325",중랑구,0.0165,0.0494,0.52,0.0031,150,61
"20250325",강남대로,0.022,0.0373,0.53,0.0021,169,63
"20250325",강변북로,0.0284,0.0394,0.54,0.0026,155,57
"20250325",공항대로,0.0237,0.0425,0.53,0.0031,134,45
"20250325",도산대로,0.0206,0.0431,0.57,0.0027,167,59
"20250325",동작대로,0.0233,0.0483,0.55,0.0029,155,49
"20250325",시흥대로,0.027,0.042,0.56,0.0029,153,50
"20250325",신촌로,0.0249,0.0407,0.61,0.003,144,65
"20250325",영등포로,0.0256,0.0433,0.59,0.0028,141,55
"20250325",정릉로,0.0329,0.0407,0.6,0.0023,141,63
"20250325",종로,0.0215,0.0467,0.57,0.003,137,58
"20250325",천호대로,0.0222,0.0498,0.6,0.0031,133,47
"20250325",청계천로,0.0227,0.0456,0.63,0.0033,157,59
"20250325",한강대로,0.0198,0.0454,0.57,0.0035,164,64
"20250325",홍릉로,0.0217,0.05,0.59,0.003,132,52
"20250325",화랑로,0.025,0.0554,0.54,0.0028,142,53
"20250325",관악산,0.0108,0.0721,0.35,0.0029,153,50
"20250325",남산,0.0138,0.0553,0.63,0.0036,152,57
"20250325",북한산,0.0134,0.0552,0.51,0.003,153,66
"20250325",세곡,0.011,0.0567,0.68,0.003,165,55
"20250325",항동,0.0164,0.0474,0.6,0.0039,146,61
"20250325",행주,0.0184,0.0487,0.53,0.0033,136,58
"20250325",마포아트센터,0.0145,0.0619,0.55,0.0036,178,61
"20250325",서울숲,0.0183,0.0534,0.69,0.0031,163,60
"20250325",올림픽공원,0.0141,0.057,0.49,0.0037,158,64
"20250325",자연사박물관,0.0134,0.059,0.56,0.0032,161,64
"20250326",강남구,0.0352,0.0288,0.5,0.0027,104,21
"20250326",강동구,0.0337,0.0327,0.61,0.0029,118,25
"20250326",강북구,0.0199,0.0379,0.4,0.0025,90,18
"20250326",강서구,0.0327,0.0328,0.53,0.0032,111,19
"20250326",관악구,0.0292,0.0319,0.48,0.0032,100,24
"20250326",광진구,0.0343,0.0349,0.58,0.0035,101,17
"20250326",구로구,0.026,0.0326,0.55,0.0028,120,28
"20250326",금천구,0.031,0.0339,0.46,0.0029,96,17
"20250326",노원구,0.0315,0.0314,0.51,0.0033,107,17
"20250326",도봉구,0.0238,0.0423,0.45,0.0034,108,17
"20250326",동대문구,0.033,0.0301,0.55,0.003,108,22
"20250326",동작구,0.0279,0.036,0.43,0.0025,101,20
"20250326",마포구,0.0322,0.0334,0.51,0.0037,106,22
"20250326",서대문구,0.0256,0.033,0.59,0.004,112,19
"20250326",서초구,0.0191,0.0332,0.4,0.0031,138,22
"20250326",성동구,0.0322,0.0301,0.49,0.0032,102,19
"20250326",성북구,0.0336,0.0285,0.57,0.0031,112,20
"20250326",송파구,0.0324,0.0286,0.52,0.0028,108,19
"20250326",양천구,0.0343,0.0309,0.55,0.0028,113,21
"20250326",영등포구,0.0349,0.0324,0.57,0.003,97,23
"20250326",용산구,0.0332,0.0275,0.53,0.0033,120,21
"20250326",은평구,0.0233,0.0293,0.57,0.003,114,16
"20250326",종로구,0.0352,0.0311,0.59,0.0036,117,27
"20250326",중구,0.0389,0.0295,0.55,0.0034,81,21
"20250326",중랑구,0.0238,0.0338,0.42,0.003,105,19
"20250326",강남대로,0.036,0.0176,0.56,0.0028,130,19
"20250326",강변북로,0.0433,0.0207,0.46,0.0028,127,19
"20250326",공항대로,0.0375,0.0245,0.62,0.0035,114,18
"20250326",도산대로,0.0372,0.0258,0.62,0.0029,136,22
"20250326",동작대로,0.0368,0.0254,0.57,0.0031,121,20
"20250326",시흥대로,0.0505,0.022,0.62,0.0032,115,17
"20250326",신촌로,0.0391,0.0239,0.68,0.0033,109,25
"20250326",영등포로,0.0396,0.0243,0.71,0.003,106,18
"20250326",정릉로,0.0441,0.0215,0.61,0.0025,98,22
"20250326",종로,0.0368,0.0237,0.66,0.0031,96,19
"20250326",천호대로,0.042,0.0238,0.65,0.0032,96,13
"20250326",청계천로,0.0417,0.0217,0.77,0.0037,123,23
"20250326",한강대로,0.0343,0.0262,0.57,0.0035,130,26
"20250326",홍릉로,0.0386,0.0253,0.66,0.0033,99,20
"20250326",화랑로,0.0433,0.0263,0.59,0.003,108,20
"20250326",관악산,0.0108,0.0668,0.23,0.0029,138,20
"20250326",남산,0.0207,0.0429,0.51,0.0036,116,19
"20250326",북한산,0.0153,0.0428,0.37,0.0029,110,24
"20250326",세곡,0.0272,0.0263,0.69,0.0031,121,16
"20250326",항동,0.0286,0.0305,0.47,0.0038,93,20
"20250326",행주,0.0334,0.0287,0.46,0.0036,97,17
"20250326",마포아트센터,0.0299,0.0392,0.53,0.0034,124,21
"20250326",서울숲,0.0335,0.0323,0.56,0.0032,123,21
"20250326",올림픽공원,0.0269,0.0303,0.45,0.0035,110,21
"20250326",자연사박물관,0.0229,0.0415,0.46,0.0032,116,23
"20250327",강남구,0.0158,0.0464,0.37,0.0026,61,24
"20250327",강동구,0.0223,0.0383,0.58,0.0027,65,29
"20250327",강북구,0.0079,0.0558,0.31,0.0024,52,22
"20250327",강서구,0.0126,0.0495,0.35,0.0029,63,23
"20250327",관악구,0.0156,0.0441,0.37,0.003,55,23
"20250327",광진구,0.0209,0.0447,0.51,0.0032,59,21
"20250327",구로구,0.0089,0.0463,0.36,0.0026,65,30
"20250327",금천구,0.0161,0.0473,0.38,0.0027,56,22
"20250327",노원구,0.0149,0.0468,0.38,0.0029,56,19
"20250327",도봉구,0.0079,0.0613,0.4,0.0033,55,20
"20250327",동대문구,0.0127,0.0471,0.37,0.0028,60,23
"20250327",동작구,0.0129,0.0509,0.35,0.0024,62,26
"20250327",마포구,0.015,0.0485,0.35,0.0027,58,23
"20250327",서대문구,0.0137,0.0476,0.48,0.0029,58,24
"20250327",서초구,0.0103,0.0436,0.49,0.0028,93,29
"20250327",성동구,0.0178,0.0408,0.38,0.0031,58,21
"20250327",성북구,0.0133,0.0487,0.41,0.0029,53,21
"20250327",송파구,0.0219,0.037,0.45,0.0027,64,23
"20250327",양천구,0.0141,0.0475,0.37,0.0026,67,24
"20250327",영등포구,0.0148,0.0502,0.36,0.0027,53,24
"20250327",용산구,0.0159,0.0386,0.4,0.003,63,23
"20250327",은평구,0.0129,0.0374,0.57,0.003,62,22
"20250327",종로구,0.0153,0.0466,0.37,0.0029,65,27
"20250327",중구,0.0141,0.0482,0.36,0.0031,48,24
"20250327",중랑구,0.0164,0.0408,0.39,0.003,61,24
"20250327",강남대로,0.0219,0.0291,0.42,0.0023,69,25
"20250327",강변북로,0.0315,0.0286,0.44,0.0026,72,21
"20250327",공항대로,0.0204,0.0403,0.39,0.003,61,21
"20250327",도산대로,0.019,0.0369,0.48,0.0025,69,23
"20250327",동작대로,0.0223,0.0398,0.42,0.0029,65,22
"20250327",시흥대로,0.0203,0.0406,0.4,0.0028,66,20
"20250327",신촌로,0.0257,0.0322,0.52,0.0029,70,27
"20250327",영등포로,0.0209,0.0395,0.46,0.0027,58,19
"20250327",정릉로,0.0262,0.0369,0.43,0.0023,62,22
"20250327",종로,0.0154,0.0425,0.41,0.0027,60,24
"20250327",천호대로,0.0297,0.03,0.54,0.003,56,16
"20250327",청계천로,0.0176,0.0414,0.44,0.0031,68,26
"20250327",한강대로,0.017,0.0401,0.42,0.0033,67,27
"20250327",홍릉로,0.0216,0.0383,0.49,0.0031,57,21
"20250327",화랑로,0.0277,0.04,0.45,0.0028,57,21
"20250327",관악산,0.0089,0.0628,0.21,0.0027,62,21
"20250327",남산,0.0104,0.0492,0.47,0.0034,57,21
"20250327",북한산,0.0074,0.0558,0.37,0.0029,56,26
"20250327",세곡,0.022,0.0328,0.68,0.0032,67,21
"20250327",항동,0.0108,0.0474,0.48,0.0037,53,25
"20250327",행주,0.009,0.0502,0.35,0.0032,61,23
"20250327",마포아트센터,0.013,0.0542,0.44,0.0032,62,24
"20250327",서울숲,0.0173,0.0455,0.49,0.0029,66,25
"20250327",올림픽공원,0.0201,0.037,0.38,0.0033,64,23
"20250327",자연사박물관,0.0103,0.053,0.45,0.003,63,26
"20250328",강남구,0.0103,0.0376,0.34,0.0022,40,20
"20250328",강동구,0.011,0.0396,0.46,0.0027,45,23
"20250328",강북구,0.0069,0.0412,0.31,0.0022,39,22
"20250328",강서구,0.01,0.0393,0.31,0.0025,41,17
"20250328",관악구,0.0121,0.035,0.34,0.0029,35,18
"20250328",광진구,0.0106,0.0427,0.35,0.0025,37,17
"20250328",구로구,0.0075,0.0372,0.3,0.0026,37,21
"20250328",금천구,0.0119,0.0379,0.32,0.0025,37,18
"20250328",노원구,0.0098,0.0374,0.34,0.0026,44,22
"20250328",도봉구,0.0049,0.0467,0.33,0.0032,39,16
"20250328",동대문구,0.0083,0.037,0.33,0.0022,39,19
"20250328",동작구,0.0099,0.0397,0.32,0.0023,42,24
"20250328",마포구,0.0107,0.0387,0.32,0.0025,38,18
"20250328",서대문구,0.0078,0.0387,0.4,0.0026,38,16
"20250328",서초구,0.0103,0.0403,0.44,0.0029,50,20
"20250328",성동구,0.0096,0.035,0.33,0.0028,36,18
"20250328",성북구,0.0086,0.0396,0.41,0.0031,36,16
"20250328",송파구,0.0122,0.0338,0.35,0.0025,43,21
"20250328",양천구,0.011,0.0371,0.33,0.0025,41,19
"20250328",영등포구,0.0117,0.0393,0.32,0.0023,35,18
"20250328",용산구,0.0109,0.0301,0.37,0.0027,49,19
"20250328",은평구,0.0099,0.0289,0.41,0.003,42,15
"20250328",종로구,0.0101,0.0385,0.34,0.0024,42,22
"20250328",중구,0.0089,0.042,0.32,0.0028,33,20
"20250328",중랑구,0.0107,0.0319,0.36,0.0028,42,25
"20250328",강남대로,0.0167,0.0256,0.27,0.0021,53,18
"20250328",강변북로,0.0191,0.0277,0.26,0.0026,48,16
"20250328",공항대로,0.0136,0.0326,0.35,0.0024,42,15
"20250328",도산대로,0.0148,0.0309,0.45,0.0024,48,16
"20250328",동작대로,0.0175,0.0327,0.37,0.0026,48,20
"20250328",시흥대로,0.0159,0.0338,0.37,0.0025,44,15
"20250328",신촌로,0.0192,0.0283,0.48,0.0027,45,22
"20250328",영등포로,0.0163,0.0341,0.39,0.0024,38,13
"20250328",정릉로,0.0192,0.0283,0.39,0.0026,43,23
"20250328",종로,0.0097,0.0374,0.35,0.0024,40,18
"20250328",천호대로,0.0175,0.0308,0.43,0.0026,37,15
"20250328",청계천로,0.0127,0.0339,0.38,0.0026,45,20
"20250328",한강대로,0.0139,0.0336,0.39,0.003,44,18
"20250328",홍릉로,0.0159,0.0312,0.42,0.0027,40,19
"20250328",화랑로,0.0183,0.035,0.41,0.0026,44,22
"20250328",관악산,0.0066,0.0473,0.22,0.0026,44,16
"20250328",남산,0.0091,0.0389,0.41,0.0033,36,14
"20250328",북한산,0.0056,0.0406,0.33,0.0028,43,24
"20250328",세곡,0.0128,0.0324,0.51,0.0027,46,17
"20250328",항동,0.008,0.0394,0.35,0.0037,32,15
"20250328",행주,0.0049,0.0421,0.4,0.0033,34,16
"20250328",마포아트센터,0.0093,0.0441,0.43,0.0033,40,16
"20250328",서울숲,0.0099,0.0407,0.3,0.0031,45,17
"20250328",올림픽공원,0.008,0.0417,0.36,0.003,39,20
"20250328",자연사박물관,0.0062,0.042,0.34,0.0031,39,19
"20250329",강남구,0.0096,0.0414,0.28,0.0023,22,10
"20250329",강동구,0.0107,0.0446,0.4,0.0028,26,11
"20250329",강북구,0.007,0.0435,0.26,0.002,22,12
"20250329",강서구,0.0109,0.0408,0.28,0.0028,27,9
"20250329",관악구,0.0135,0.0382,0.3,0.0027,20,9
"20250329",광진구,0.0099,0.0454,0.31,0.0021,21,7
"20250329",구로구,0.0104,0.0376,0.28,0.0027,21,13
"20250329",금천구,0.013,0.038,0.32,0.0024,24,10
"20250329",노원구,0.0114,0.0394,0.3,0.0026,26,10
"20250329",도봉구,0.0046,0.0509,0.26,0.0028,20,6
"20250329",동대문구,0.0088,0.0394,0.27,0.002,22,9
"20250329",동작구,0.01,0.0424,0.27,0.0023,25,13
"20250329",마포구,0.0123,0.0402,0.28,0.0025,23,10
"20250329",서대문구,0.009,0.0393,0.46,0.0028,21,8
"20250329",서초구,0.0111,0.0429,0.38,0.003,30,10
"20250329",성동구,0.0112,0.0371,0.27,0.0023,19,8
"20250329",성북구,0.0081,0.0415,0.44,0.0032,20,7
"20250329",송파구,0.0118,0.0372,0.29,0.0024,27,10
"20250329",양천구,0.0127,0.0383,0.3,0.0026,27,11
"20250329",영등포구,0.0119,0.0417,0.27,0.0024,21,10
"20250329",용산구,0.0116,0.033,0.31,0.0027,28,9
"20250329",은평구,0.0094,0.0315,0.27,0.003,24,6
"20250329",종로구,0.0107,0.041,0.28,0.0021,24,11
"20250329",중구,0.0102,0.0413,0.27,0.0027,20,11
"20250329",중랑구,0.0097,0.0362,0.29,0.0027,24,12
"20250329",강남대로,0.0167,0.0276,0.12,0.0023,31,8
"20250329",강변북로,0.0163,0.033,0.17,0.0027,29,6
"20250329",공항대로,0.0171,0.0323,0.31,0.0025,36,9
"20250329",도산대로,0.0142,0.0339,0.43,0.0026,27,7
"20250329",동작대로,0.0158,0.0374,0.32,0.0025,28,10
"20250329",시흥대로,0.0171,0.0351,0.35,0.0027,27,6
"20250329",신촌로,0.0219,0.0311,0.42,0.0026,29,13
"20250329",영등포로,0.0188,0.0351,0.37,0.0026,24,5
"20250329",정릉로,0.0197,0.0327,0.32,0.0031,25,12
"20250329",종로,0.0118,0.0383,0.29,0.0023,24,10
"20250329",천호대로,0.0187,0.0349,0.36,0.0025,21,6
"20250329",청계천로,0.0143,0.0354,0.31,0.0025,32,12
"20250329",한강대로,0.0132,0.0376,0.34,0.0027,27,10
"20250329",홍릉로,0.0164,0.0352,0.37,0.0028,23,10
"20250329",화랑로,0.0205,0.0387,0.35,0.0023,23,11
"20250329",관악산,0.0044,0.0537,0.17,0.0026,27,10
"20250329",남산,0.0095,0.0416,0.37,0.0035,19,5
"20250329",북한산,0.0033,0.0452,0.26,0.0028,25,12
"20250329",세곡,0.0131,0.0352,0.4,0.0028,27,7
"20250329",항동,0.0135,0.0349,0.32,0.0037,21,8
"20250329",행주,0.0086,0.0404,0.41,0.0035,22,9
"20250329",마포아트센터,0.0092,0.047,0.4,0.0033,21,8
"20250329",서울숲,0.0113,0.0434,0.18,0.0031,24,9
"20250329",올림픽공원,0.0073,0.0438,0.39,0.0029,21,9
"20250329",자연사박물관,0.0062,0.0443,0.29,0.0032,21,10
"20250330",강남구,0.0094,0.0446,0.26,0.0021,22,9
"20250330",강동구,0.0102,0.0477,0.42,0.0028,26,12
"20250330",강북구,0.0087,0.0455,0.26,0.002,24,12
"20250330",강서구,0.0105,0.0444,0.27,0.0027,27,8
"20250330",관악구,0.0132,0.0409,0.29,0.0026,21,10
"20250330",광진구,0.0103,0.0468,0.33,0.002,20,7
"20250330",구로구,0.0095,0.0417,0.26,0.0025,20,13
"20250330",금천구,0.0136,0.0405,0.31,0.0023,22,10
"20250330",노원구,0.0118,0.0423,0.29,0.0024,27,10
"20250330",도봉구,0.0052,0.053,0.3,0.0028,22,7
"20250330",동대문구,0.0089,0.0415,0.27,0.0019,23,9
"20250330",동작구,0.0108,0.0453,0.26,0.0021,25,12
"20250330",마포구,0.0113,0.0456,0.27,0.0023,23,9
"20250330",서대문구,0.0089,0.0433,0.47,0.0032,23,9
"20250330",서초구,0.0098,0.0467,0.37,0.003,28,11
"20250330",성동구,0.0092,0.0413,0.26,0.002,19,8
"20250330",성북구,0.0081,0.0413,0.53,0.0032,22,9
"20250330",송파구,0.0108,0.041,0.28,0.0022,24,10
"20250330",양천구,0.0123,0.0425,0.29,0.0024,26,9
"20250330",영등포구,0.0106,0.0467,0.26,0.0022,21,9
"20250330",용산구,0.0108,0.0364,0.3,0.0025,26,9
"20250330",은평구,0.0092,0.0344,0.29,0.0031,24,6
"20250330",종로구,0.0098,0.045,0.27,0.002,24,11
"20250330",중구,0.0099,0.0414,0.27,0.0026,19,10
"20250330",중랑구,0.0123,0.0373,0.3,0.0026,24,12
"20250330",강남대로,0.0147,0.032,,0.0022,29,9
"20250330",강변북로,0.0163,0.0359,0.31,0.0028,28,7
"20250330",공항대로,0.0144,0.0379,0.29,0.0025,26,7
"20250330",도산대로,0.0118,0.038,0.53,0.0027,27,7
"20250330",동작대로,0.0165,0.0396,0.32,0.0024,30,11
"20250330",시흥대로,0.0148,0.0387,0.32,0.0025,26,5
"20250330",신촌로,0.02,0.034,0.39,0.0024,28,12
"20250330",영등포로,0.0175,0.038,0.34,0.0023,24,3
"20250330",정릉로,0.0198,0.036,0.31,0.0027,26,11
"20250330",종로,0.0118,0.042,0.28,0.0022,25,9
"20250330",천호대로,0.0154,0.039,0.34,0.0024,20,5
"20250330",청계천로,0.0126,0.04,0.29,0.0023,25,9
"20250330",한강대로,0.0135,0.0404,0.34,0.0026,27,11
"20250330",홍릉로,0.0153,0.0384,0.34,0.0026,23,9
"20250330",화랑로,0.0188,0.043,0.32,0.0021,24,11
"20250330",관악산,0.004,0.0577,0.16,0.0027,30,9
"20250330",남산,0.0097,0.0434,0.39,0.0036,20,6
"20250330",북한산,0.0039,0.0461,0.27,0.0028,25,13
"20250330",세곡,0.01,0.0419,0.39,0.0028,26,7
"20250330",항동,0.0115,0.0401,0.31,0.0036,18,7
"20250330",행주,0.0073,0.0441,0.38,0.0033,21,8
"20250330",마포아트센터,0.0081,0.0506,0.42,0.0033,22,8
"20250330",서울숲,0.0097,0.0482,0.32,0.0031,24,9
"20250330",올림픽공원,0.0074,0.0477,0.39,0.003,20,9
"20250330",자연사박물관,0.0059,0.0474,0.31,0.0033,24,12
"20250331",강남구,0.0198,0.0415,0.36,0.0024,33,16
"20250331",강동구,0.0211,0.0427,0.51,0.0031,36,20
"20250331",강북구,0.0166,0.0418,0.33,0.0022,30,17
"20250331",강서구,0.0207,0.0432,0.38,0.0026,37,15
"20250331",관악구,0.0216,0.0392,0.39,0.0029,31,17
"20250331",광진구,0.0203,0.0437,0.4,0.0024,28,13
"20250331",구로구,0.0173,0.0421,0.33,0.0028,32,23
"20250331",금천구,0.0237,0.0384,0.42,0.0027,36,19
"20250331",노원구,0.023,0.037,0.37,0.0027,32,14
"20250331",도봉구,0.0191,0.0467,0.37,0.0032,29,11
"20250331",동대문구,0.021,0.0375,0.37,0.0023,33,15
"20250331",동작구,0.0196,0.0446,0.36,0.0024,36,22
"20250331",마포구,0.0216,0.0433,0.35,0.0025,34,16
"20250331",서대문구,0.0191,0.0409,0.57,0.004,31,16
"20250331",서초구,0.0206,0.0435,0.48,0.0032,42,20
"20250331",성동구,0.0211,0.0369,0.37,0.0024,29,14
"20250331",성북구,0.0199,0.0376,0.55,0.0033,31,15
"20250331",송파구,0.021,0.0374,0.36,0.0024,32,15
"20250331",양천구,0.0204,0.0431,0.36,0.0025,37,18
"20250331",영등포구,0.0191,0.0466,0.34,0.0024,31,16
"20250331",용산구,0.023,0.0328,0.38,0.0028,33,15
"20250331",은평구,0.0168,0.0332,0.39,0.0032,34,13
"20250331",종로구,0.0235,0.0398,0.38,0.0025,35,18
"20250331",중구,0.0226,0.0386,0.37,0.0028,27,18
"20250331",중랑구,0.0222,0.0337,0.38,0.0027,33,18
"20250331",강남대로,0.0349,0.0235,0.57,0.0025,42,18
"20250331",강변북로,0.032,0.0285,0.43,0.003,44,15
"20250331",공항대로,0.027,0.0332,0.37,0.0028,35,14
"20250331",도산대로,0.0223,0.0353,0.57,0.0028,40,15
"20250331",동작대로,0.0281,0.035,0.43,0.0029,42,18
"20250331",시흥대로,0.0321,0.0318,0.45,0.0027,42,13
"20250331",신촌로,0.0311,0.0311,0.49,0.0027,38,19
"20250331",영등포로,0.0291,0.0347,0.43,0.0026,36,11
"20250331",정릉로,0.0359,0.0281,0.44,0.0028,33,18
"20250331",종로,0.025,0.0361,0.4,0.0024,33,16
"20250331",천호대로,0.0282,0.0334,0.45,0.0026,28,11
"20250331",청계천로,0.0282,0.0327,0.46,0.0027,36,17
"20250331",한강대로,0.0252,0.0368,0.45,0.003,40,19
"20250331",홍릉로,0.0294,0.0323,0.46,0.0028,32,15
"20250331",화랑로,0.0323,0.0358,0.4,0.0025,40,16
"20250331",관악산,0.0086,0.0644,0.25,0.0029,40,18
"20250331",남산,0.0178,0.0419,0.54,0.0037,31,14
"20250331",북한산,0.0096,0.0465,0.32,0.003,32,18
"20250331",세곡,0.0252,0.0229,0.55,0.0029,33,13
"20250331",항동,0.0256,0.0279,0.42,0.0036,29,17
"20250331",행주,0.0229,0.0361,0.41,0.0035,31,15
"20250331",마포아트센터,0.0179,0.0492,0.5,0.0034,33,16
"20250331",서울숲,0.0195,0.0433,0.5,0.0034,36,17
"20250331",올림픽공원,0.0155,0.0425,0.45,0.0031,31,16
"20250331",자연사박물관,0.0145,0.0471,0.39,0.0035,35,20
"20250401",강남구,0.0308,0.0427,0.46,0.0027,60,34
"20250401",강동구,0.0288,0.0465,0.61,0.0033,64,39
"20250401",강북구,0.0199,0.049,0.43,0.0026,59,37
"20250401",강서구,0.026,0.0492,0.43,0.0035,62,31
"20250401",관악구,0.0272,0.0447,0.46,0.003,53,30
"20250401",광진구,0.0299,0.0465,0.49,0.0028,53,30
"20250401",구로구,0.0213,0.0493,0.39,0.0033,60,40
"20250401",금천구,0.034,0.0373,0.45,0.0031,60,36
"20250401",노원구,0.0313,0.0416,0.52,0.0032,66,37
"20250401",도봉구,0.0255,0.0571,0.47,0.0036,60,33
"20250401",동대문구,0.0278,0.0425,0.47,0.0029,62,34
"20250401",동작구,0.0269,0.0493,0.43,0.0027,63,36
"20250401",마포구,0.0253,0.0518,0.42,0.003,54,32
"20250401",서대문구,0.0249,0.047,0.68,0.0041,57,35
"20250401",서초구,0.0239,0.0522,0.55,0.0035,71,40
"20250401",성동구,0.0271,0.0419,0.45,0.003,56,32
"20250401",성북구,0.0266,0.0425,0.59,0.0038,58,31
"20250401",송파구,0.0285,0.0421,0.46,0.0028,60,31
"20250401",양천구,0.0271,0.0481,0.44,0.0031,65,35
"20250401",영등포구,0.0235,0.0546,0.41,0.003,54,33
"20250401",용산구,0.032,0.0349,0.5,0.0033,58,34
"20250401",은평구,0.0194,0.0402,0.51,0.0034,64,32
"20250401",종로구,0.0309,0.0449,0.49,0.003,66,37
"20250401",중구,0.0286,0.046,0.46,0.0035,53,38
"20250401",중랑구,0.0237,0.0426,0.45,0.0031,62,39
"20250401",강남대로,0.0426,0.0227,0.46,0.0028,75,39
"20250401",강변북로,0.0429,0.0274,0.54,0.0031,75,35
"20250401",공항대로,0.0295,0.0425,0.44,0.0033,52,25
"20250401",도산대로,0.0292,0.0394,0.65,0.003,73,36
"20250401",동작대로,0.0373,0.0381,0.5,0.0032,71,30
"20250401",시흥대로,0.04,0.0357,0.53,0.0031,66,27
"20250401",신촌로,0.0349,0.0361,0.58,0.0031,66,37
"20250401",영등포로,0.032,0.0421,0.5,0.0029,60,28
"20250401",정릉로,0.0427,0.0331,0.53,0.003,62,37
"20250401",종로,0.0305,0.0409,0.52,0.0028,63,35
"20250401",천호대로,0.0382,0.0361,0.57,0.0031,59,28
"20250401",청계천로,0.0376,0.0337,0.59,0.003,68,38
"20250401",한강대로,0.0307,0.0428,0.53,0.0035,69,36
"20250401",홍릉로,0.0353,0.037,0.58,0.0034,57,34
"20250401",화랑로,0.0416,0.037,0.54,0.0029,58,32
"20250401",관악산,0.0124,0.0768,0.32,0.0037,68,33
"20250401",남산,0.0209,0.0509,0.62,0.0041,61,33
"20250401",북한산,0.0138,0.0519,0.41,0.0031,61,38
"20250401",세곡,0.0384,0.0407,0.64,0.0035,74,30
"20250401",항동,0.0278,0.0457,0.51,0.0043,47,27
"20250401",행주,0.0277,0.0434,0.44,0.0037,56,32
"20250401",마포아트센터,0.0226,0.0576,0.58,0.0039,64,36
"20250401",서울숲,0.0288,0.0455,0.65,0.0036,68,37
"20250401",올림픽공원,0.0218,0.0465,0.5,0.0033,62,38
"20250401",자연사박물관,0.0219,0.052,0.5,0.0037,64,40
"20250402",강남구,0.0351,0.0376,0.46,0.0027,52,32
"20250402",강동구,0.0324,0.0411,0.6,0.0029,57,38
"20250402",강북구,0.0216,0.0496,0.39,0.0026,48,32
"20250402",강서구,0.0298,0.0433,0.45,0.0033,52,29
"20250402",관악구,0.0313,0.0405,0.45,0.003,46,29
"20250402",광진구,0.0316,0.044,0.46,0.0026,46,27
"20250402",구로구,0.029,0.0392,0.43,0.003,55,39
"20250402",금천구,0.0346,0.0379,0.52,0.0035,55,34
"20250402",노원구,0.0297,0.0428,0.45,0.0031,54,32
"20250402",도봉구,0.027,0.0533,0.45,0.0035,48,26
"20250402",동대문구,0.0283,0.0407,0.46,0.0027,52,31
"20250402",동작구,0.0317,0.0431,0.45,0.0027,54,35
"20250402",마포구,0.029,0.0452,0.44,0.0028,46,30
"20250402",서대문구,0.0252,0.0443,0.61,0.0043,45,30
"20250402",서초구,0.0307,0.0428,0.58,0.0032,62,36
"20250402",성동구,0.031,0.037,0.45,0.0028,47,28
"20250402",성북구,0.0274,0.0401,0.56,0.0036,48,28
"20250402",송파구,0.0353,0.0343,0.47,0.0029,51,30
"20250402",양천구,0.0299,0.0431,0.47,0.0029,54,34
"20250402",영등포구,0.0301,0.0459,0.43,0.0027,45,31
"20250402",용산구,0.0328,0.0339,0.49,0.0033,48,30
"20250402",은평구,0.0214,0.0379,0.47,0.0032,51,25
"20250402",종로구,0.0337,0.0419,0.48,0.003,53,33
"20250402",중구,0.0322,0.0423,0.49,0.0033,44,33
"20250402",중랑구,0.0278,0.0385,0.44,0.0029,52,37
"20250402",강남대로,0.0371,0.0241,0.47,0.0031,63,34
"20250402",강변북로,0.0416,0.0279,0.52,0.003,63,31
"20250402",공항대로,0.0338,0.0349,0.44,0.0032,47,23
"20250402",도산대로,0.036,0.0326,0.66,0.0029,62,31
"20250402",동작대로,0.0414,0.0322,0.54,0.0032,63,30
"20250402",시흥대로,0.0438,0.0301,0.59,0.0033,60,28
"20250402",신촌로,0.0381,0.032,0.58,0.0031,54,33
"20250402",영등포로,0.0376,0.0354,0.52,0.0029,51,25
"20250402",정릉로,0.0446,0.0313,0.53,0.003,51,33
"20250402",종로,0.0361,0.0374,0.51,0.0028,50,31
"20250402",천호대로,0.0405,0.0315,0.56,0.0029,49,26
"20250402",청계천로,0.0394,0.0329,0.58,0.0031,56,33
"20250402",한강대로,0.034,0.0378,0.53,0.0034,55,33
"20250402",홍릉로,0.0369,0.0352,0.54,0.0032,49,31
"20250402",화랑로,0.0417,0.036,0.51,0.0027,50,32
"20250402",관악산,0.0118,0.0763,0.29,0.003,53,28
"20250402",남산,0.0244,0.046,0.55,0.0039,50,30
"20250402",북한산,0.0154,0.0539,0.39,0.0031,50,33
"20250402",세곡,0.0279,0.037,0.62,0.0033,57,29
"20250402",항동,0.031,0.0377,0.58,0.0044,49,34
"20250402",행주,0.0248,0.0444,0.39,0.0033,44,28
"20250402",마포아트센터,0.0257,0.0501,0.61,0.0036,51,32
"20250402",서울숲,0.0322,0.0409,0.65,0.0034,59,33
"20250402",올림픽공원,0.0275,0.0403,0.52,0.0032,56,34
"20250402",자연사박물관,0.0246,0.0452,0.49,0.0034,49,33
"20250403",강남구,0.021,0.0444,0.35,0.0021,38,26
"20250403",강동구,0.0193,0.0478,0.52,0.0024,41,33
"20250403",강북구,0.0149,0.0486,0.33,0.0022,37,27
"20250403",강서구,0.0233,0.0455,0.37,0.0027,45,28
"20250403",관악구,0.0266,0.0405,0.4,0.0025,36,26
"20250403",광진구,0.0192,0.049,0.37,0.0022,35,24
"20250403",구로구,0.0183,0.0443,0.34,0.0024,39,36
"20250403",금천구,0.0275,0.0391,0.41,0.0027,42,30
"20250403",노원구,0.0226,0.0419,0.39,0.0025,41,29
"20250403",도봉구,0.018,0.051,0.39,0.0031,40,16
"20250403",동대문구,0.0193,0.0396,0.37,0.0021,44,29
"20250403",동작구,0.0246,0.0443,0.37,0.0022,42,31
"20250403",마포구,0.0225,0.0475,0.36,0.0023,42,28
"20250403",서대문구,0.019,0.0461,0.49,0.0035,37,28
"20250403",서초구,0.0207,0.0471,0.48,0.0028,47,31
"20250403",성동구,0.0187,0.0419,0.35,0.0025,37,24
"20250403",성북구,0.0203,0.0412,0.48,0.003,38,25
"20250403",송파구,0.022,0.0397,0.37,0.0022,37,23
"20250403",양천구,0.0246,0.0444,0.39,0.0023,46,31
"20250403",영등포구,0.0223,0.0483,0.36,0.0022,38,28
"20250403",용산구,0.0228,0.0365,0.4,0.0026,36,26
"20250403",은평구,0.0177,0.0361,0.45,0.0028,42,23
"20250403",종로구,0.0235,0.0439,0.38,0.0022,43,29
"20250403",중구,0.0216,0.047,0.36,0.0027,34,28
"20250403",중랑구,0.0174,0.0411,0.35,0.0024,40,29
"20250403",강남대로,0.0313,0.0245,0.42,0.0027,50,30
"20250403",강변북로,0.0317,0.0312,0.45,0.0027,51,27
"20250403",공항대로,0.0279,0.038,0.38,0.0027,39,23
"20250403",도산대로,0.0221,0.0381,0.52,0.0024,45,27
"20250403",동작대로,0.0341,0.0331,0.45,0.0027,50,25
"20250403",시흥대로,0.0374,0.0305,0.52,0.0028,47,23
"20250403",신촌로,0.0288,0.0348,0.48,0.0025,43,28
"20250403",영등포로,0.0308,0.0364,0.45,0.0024,42,24
"20250403",정릉로,0.033,0.0353,0.45,0.0025,42,27
"20250403",종로,0.0259,0.0403,0.44,0.0023,42,27
"20250403",천호대로,0.0288,0.0349,0.45,0.0024,35,23
"20250403",청계천로,0.0288,0.0357,0.48,0.0026,45,29
"20250403",한강대로,0.0229,0.0417,0.44,0.003,45,30
"20250403",홍릉로,0.0271,0.0369,0.43,0.0025,39,27
"20250403",화랑로,0.0302,0.0394,0.41,0.0023,37,28
"20250403",관악산,0.0115,0.0672,0.25,0.0025,41,25
"20250403",남산,0.0179,0.0453,0.39,0.0035,38,27
"20250403",북한산,0.0101,0.0492,0.32,0.0027,37,27
"20250403",세곡,0.0267,0.0316,0.55,0.0028,45,26
"20250403",항동,0.0276,0.0374,0.53,0.0041,41,33
"20250403",행주,0.0192,0.0463,0.29,0.0027,40,28
"20250403",마포아트센터,0.0183,0.0538,0.52,0.0031,40,29
"20250403",서울숲,0.0198,0.0464,0.54,0.0029,51,29
"20250403",올림픽공원,0.0154,0.0459,0.39,0.0029,39,29
"20250403",자연사박물관,0.016,0.0524,0.38,0.003,40,30
"20250404",강남구,0.0224,0.0479,0.38,0.0026,41,28
"20250404",강동구,0.0247,0.0474,0.58,0.0028,45,35
"20250404",강북구,0.0191,0.0437,0.38,0.0024,35,27
"20250404",강서구,0.0254,0.0438,0.4,0.003,51,33
"20250404",관악구,0.0245,0.0456,0.41,0.003,39,28
"20250404",광진구,0.0246,0.0491,0.41,0.0027,40,29
"20250404",구로구,0.019,0.0393,0.35,0.0028,44,37
"20250404",금천구,0.028,0.0412,0.47,0.0032,50,35
"20250404",노원구,0.0287,0.0362,0.46,0.0029,45,32
"20250404",도봉구,0.0217,0.0458,0.41,0.0034,35,20
"20250404",동대문구,0.0205,0.0444,0.39,0.0026,46,30
"20250404",동작구,0.0245,0.0473,0.38,0.0026,46,33
"20250404",마포구,0.0245,0.0461,0.38,0.0027,47,32
"20250404",서대문구,0.0259,0.0394,0.57,0.0041,41,31
"20250404",서초구,0.0216,0.0462,0.49,0.003,53,37
"20250404",성동구,0.0242,0.0414,0.39,0.0026,41,28
"20250404",성북구,0.0233,0.0423,0.46,0.003,41,27
"20250404",송파구,0.0256,0.0393,0.39,0.0026,41,26
"20250404",양천구,0.0226,0.0451,0.39,0.0026,51,35
"20250404",영등포구,0.023,0.0462,0.38,0.0025,45,35
"20250404",용산구,0.0242,0.0388,0.41,0.0031,42,30
"20250404",은평구,0.0219,0.0329,0.51,0.0031,46,28
"20250404",종로구,0.0268,0.0452,0.41,0.0027,46,32
"20250404",중구,0.0254,0.0456,0.39,0.003,39,32
"20250404",중랑구,0.0231,0.0407,0.4,0.0028,45,33
"20250404",강남대로,0.0297,0.0275,0.4,0.0026,51,31
"20250404",강변북로,0.0387,0.0293,0.49,0.0029,57,31
"20250404",공항대로,0.0313,0.0348,0.4,0.003,44,26
"20250404",도산대로,0.0266,0.0378,0.5,0.0027,49,32
"20250404",동작대로,0.0324,0.0372,0.45,0.003,52,28
"20250404",시흥대로,0.0326,0.036,0.45,0.0029,51,27
"20250404",신촌로,0.0336,0.0325,0.53,0.0029,52,34
"20250404",영등포로,0.0327,0.0336,0.5,0.0028,49,29
"20250404",정릉로,0.0402,0.0318,0.48,0.0028,47,32
"20250404",종로,0.0292,0.041,0.43,0.0027,45,29
"20250404",천호대로,0.0326,0.0364,0.48,0.0026,38,28
"20250404",청계천로,0.0309,0.0365,0.5,0.003,47,31
"20250404",한강대로,0.0253,0.0405,0.47,0.0033,49,33
"20250404",홍릉로,0.0312,0.038,0.5,0.0029,43,29
"20250404",화랑로,0.0378,0.0363,0.47,0.0026,37,28
"20250404",관악산,0.0088,0.0772,0.26,0.0028,38,22
"20250404",남산,0.0187,0.0476,0.33,0.0038,42,28
"20250404",북한산,0.0143,0.0509,0.35,0.0029,42,31
"20250404",세곡,0.0268,0.0347,0.59,0.003,45,25
"20250404",항동,0.0257,0.0386,0.54,0.0041,45,35
"20250404",행주,0.0289,0.0334,0.35,0.0032,50,36
"20250404",마포아트센터,0.0205,0.0533,0.54,0.0036,45,31
"20250404",서울숲,0.0235,0.0465,0.58,0.0033,62,32
"20250404",올림픽공원,0.0202,0.046,0.43,0.0032,44,32
"20250404",자연사박물관,0.0209,0.0478,0.42,0.0034,46,35
"20250405",강남구,0.0205,0.0373,0.4,0.0021,25,18
"20250405",강동구,0.0195,0.0405,0.61,0.0025,28,22
"20250405",강북구,0.0166,0.0362,0.39,0.0022,25,22
"20250405",강서구,0.021,0.0386,0.46,0.0024,27,16
"20250405",관악구,0.0219,0.0356,0.42,0.0023,25,18
"20250405",광진구,0.0187,0.0421,0.44,0.0024,23,15
"20250405",구로구,0.0177,0.0351,0.38,0.0023,46,29
"20250405",금천구,0.0222,0.0376,0.44,0.0024,33,22
"20250405",노원구,0.0193,0.0363,0.41,0.0023,26,20
"20250405",도봉구,0.0178,0.0368,0.45,0.0031,26,17
"20250405",동대문구,0.0185,0.035,0.42,0.0021,28,17
"20250405",동작구,0.022,0.0386,0.41,0.0021,30,22
"20250405",마포구,0.0213,0.0395,0.42,0.0023,22,17
"20250405",서대문구,0.0178,0.0396,0.48,0.0028,22,19
"20250405",서초구,0.0189,0.037,0.43,0.0022,34,26
"20250405",성동구,0.0175,0.0353,0.39,0.0022,23,16
"20250405",성북구,0.0212,0.0329,0.51,0.0028,25,17
"20250405",송파구,0.0201,0.0344,0.42,0.0022,25,16
"20250405",양천구,0.0226,0.0365,0.43,0.0021,31,19
"20250405",영등포구,0.0222,0.0387,0.42,0.0021,27,21
"20250405",용산구,0.0205,0.0322,0.44,0.0025,24,17
"20250405",은평구,0.0157,0.0314,0.54,0.0028,26,15
"20250405",종로구,0.0204,0.0393,0.42,0.0021,28,17
"20250405",중구,0.0216,0.0409,0.41,0.0027,23,19
"20250405",중랑구,0.017,0.0345,0.39,0.0024,25,19
"20250405",강남대로,0.0254,0.0244,0.41,0.0024,34,23
"20250405",강변북로,0.0232,0.0299,0.49,0.0024,33,19
"20250405",공항대로,0.0247,0.0331,0.41,0.0023,23,12
"20250405",도산대로,0.0223,0.0313,0.65,0.0023,32,21
"20250405",동작대로,0.0278,0.0309,0.47,0.0026,33,17
"20250405",시흥대로,0.0381,0.0231,0.56,0.0024,34,15
"20250405",신촌로,0.0237,0.0304,0.48,0.0024,28,18
"20250405",영등포로,0.0281,0.0301,0.49,0.0023,28,15
"20250405",정릉로,0.035,0.0257,0.49,0.0024,31,18
"20250405",종로,0.0232,0.0344,0.45,0.0023,27,17
"20250405",천호대로,0.0268,0.03,0.52,0.0023,22,15
"20250405",청계천로,0.0227,0.0336,0.47,0.0025,28,18
"20250405",한강대로,0.0226,0.0324,0.49,0.003,31,22
"20250405",홍릉로,0.0241,0.0323,0.46,0.0024,25,18
"20250405",화랑로,0.0315,0.0301,0.5,0.0023,25,20
"20250405",관악산,0.0098,0.0625,0.27,0.0024,24,12
"20250405",남산,0.0174,0.0392,0.34,0.0034,23,16
"20250405",북한산,0.0132,0.0379,0.39,0.0027,30,23
"20250405",세곡,0.02,0.032,0.58,0.0027,31,19
"20250405",항동,0.0225,0.0325,0.62,0.0038,30,24
"20250405",행주,0.0193,0.0368,0.26,0.0027,28,18
"20250405",마포아트센터,0.0178,0.0454,0.59,0.003,25,22
"20250405",서울숲,0.0181,0.0397,0.63,0.0029,30,21
"20250405",올림픽공원,0.0145,0.0418,0.38,0.0029,26,20
"20250405",자연사박물관,0.013,0.0445,0.47,0.003,28,22
"20250406",강남구,0.0131,0.0497,0.34,0.0022,34,18
"20250406",강동구,0.0145,0.0516,0.57,0.0026,38,25
"20250406",강북구,0.0111,0.05,0.33,0.0025,31,19
"20250406",강서구,0.0151,0.0455,0.34,0.0024,31,14
"20250406",관악구,0.0151,0.0462,0.34,0.0024,31,17
"20250406",광진구,0.0159,0.0516,0.4,0.0027,30,17
"20250406",구로구,0.0105,0.0438,0.32,0.0025,33,25
"20250406",금천구,0.0158,0.0465,0.4,0.0024,34,18
"20250406",노원구,0.0154,0.0454,0.37,0.0027,33,21
"20250406",도봉구,0.0117,0.0478,0.41,0.0035,32,16
"20250406",동대문구,0.0115,0.0453,0.35,0.0023,34,18
"20250406",동작구,0.0131,0.0517,0.31,0.0021,35,21
"20250406",마포구,0.0145,0.0482,0.34,0.0024,27,15
"20250406",서대문구,0.0147,0.0453,0.46,0.003,32,19
"20250406",서초구,0.01,0.0496,0.38,0.0023,42,25
"20250406",성동구,0.0124,0.0435,0.34,0.0021,28,15
"20250406",성북구,0.0138,0.0447,0.48,0.0029,33,17
"20250406",송파구,0.013,0.0458,0.34,0.0024,34,18
"20250406",양천구,0.015,0.0449,0.36,0.0023,34,17
"20250406",영등포구,0.0132,0.049,0.33,0.0022,28,17
"20250406",용산구,0.0137,0.0399,0.38,0.0027,30,16
"20250406",은평구,0.0146,0.0251,0.51,0.003,34,15
"20250406",종로구,0.0145,0.048,0.35,0.0024,33,18
"20250406",중구,0.0141,0.0491,0.34,0.0029,25,17
"20250406",중랑구,0.0159,0.0402,0.38,0.0026,34,20
"20250406",강남대로,0.0153,0.0357,0.33,0.002,43,22
"20250406",강변북로,0.0219,0.0364,0.45,0.0026,44,19
"20250406",공항대로,0.0187,0.0395,0.32,0.0027,28,12
"20250406",도산대로,0.0144,0.0411,0.47,0.0023,42,20
"20250406",동작대로,0.0171,0.0454,0.38,0.0026,41,18
"20250406",시흥대로,0.0186,0.0403,0.37,0.0024,38,12
"20250406",신촌로,0.0222,0.0341,0.48,0.0026,34,18
"20250406",영등포로,0.0204,0.039,0.42,0.0023,34,13
"20250406",정릉로,0.0241,0.0381,0.4,0.0026,32,18
"20250406",종로,0.0144,0.046,0.37,0.0024,31,16
"20250406",천호대로,0.018,0.0429,0.44,0.0025,30,16
"20250406",청계천로,0.0153,0.0423,0.38,0.0026,33,18
"20250406",한강대로,0.016,0.0401,0.42,0.0032,40,20
"20250406",홍릉로,0.0181,0.0409,0.43,0.0027,31,17
"20250406",화랑로,0.018,0.0499,0.37,0.0025,27,19
"20250406",관악산,0.008,0.0697,0.23,0.0027,37,17
"20250406",남산,0.0132,0.0456,0.27,0.0035,30,15
"20250406",북한산,0.0101,0.0491,0.34,0.003,37,23
"20250406",세곡,0.0118,0.0462,0.49,0.0029,41,18
"20250406",항동,0.0149,0.0427,0.54,0.0036,32,20
"20250406",행주,0.0126,0.0446,0.29,0.0028,28,13
"20250406",마포아트센터,0.012,0.0541,0.51,0.0036,32,19
"20250406",서울숲,0.0138,0.0486,0.57,0.0031,40,20
"20250406",올림픽공원,0.0108,0.0526,0.32,0.003,39,22
"20250406",자연사박물관,0.0106,0.0509,0.41,0.0031,34,23
"20250407",강남구,0.0216,0.0516,0.42,0.0028,54,29
"20250407",강동구,0.0218,0.0548,0.65,0.0032,59,32
"20250407",강북구,0.0175,0.0538,0.43,0.0028,55,32
"20250407",강서구,0.0192,0.056,0.4,0.0032,55,25
"20250407",관악구,0.0199,0.0517,0.45,0.003,47,25
"20250407",광진구,0.022,0.0558,0.48,0.0032,51,27
"20250407",구로구,0.0142,0.0542,0.37,0.0033,53,33
"20250407",금천구,0.0245,0.0507,0.49,0.0032,53,26
"20250407",노원구,0.0231,0.0499,0.47,0.0031,60,32
"20250407",도봉구,0.0201,0.053,0.49,0.0038,57,27
"20250407",동대문구,0.0182,0.0527,0.43,0.003,59,28
"20250407",동작구,0.0189,0.0579,0.42,0.0029,53,28
"20250407",마포구,0.0187,0.061,0.39,0.003,53,26
"20250407",서대문구,0.0181,0.0544,0.58,0.0038,51,27
"20250407",서초구,0.0176,0.0539,0.45,0.003,64,31
"20250407",성동구,0.019,0.0505,0.41,0.0028,51,24
"20250407",성북구,0.0217,0.0496,0.57,0.0036,57,26
"20250407",송파구,0.0199,0.051,0.42,0.003,53,26
"20250407",양천구,0.018,0.0575,0.4,0.0029,56,27
"20250407",영등포구,0.0186,0.06,0.4,0.0029,47,28
"20250407",용산구,0.0214,0.0448,0.46,0.0034,54,26
"20250407",은평구,0.017,0.0226,0.6,0.0033,59,24
"20250407",종로구,0.0223,0.0548,0.45,0.0031,56,28
"20250407",중구,0.0232,0.0548,0.45,0.0034,45,28
"20250407",중랑구,0.0205,0.0464,0.44,0.0032,55,30
"20250407",강남대로,0.0256,0.0361,0.43,0.0025,65,28
"20250407",강변북로,0.0296,0.0409,0.5,0.0031,67,26
"20250407",공항대로,0.0209,0.0524,0.34,0.0032,49,21
"20250407",도산대로,0.0229,0.0452,0.56,0.0031,64,27
"20250407",동작대로,0.0268,0.0488,0.5,0.0033,62,25
"20250407",시흥대로,0.0289,0.0454,0.5,0.0031,60,23
"20250407",신촌로,0.0288,0.0415,0.54,0.0031,57,27
"20250407",영등포로,0.0273,0.0475,0.48,0.0029,54,22
"20250407",정릉로,0.0369,0.0405,0.52,0.003,58,29
"20250407",종로,0.0225,0.0507,0.48,0.003,54,25
"20250407",천호대로,0.0303,0.0437,0.54,0.003,48,24
"20250407",청계천로,0.0264,0.0442,0.56,0.0033,61,28
"20250407",한강대로,0.0233,0.0459,0.52,0.0036,70,31
"20250407",홍릉로,0.028,0.0463,0.5,0.0032,53,27
"20250407",화랑로,0.03,0.051,0.49,0.0029,54,32
"20250407",관악산,0.0076,0.0897,0.27,0.0033,62,23
"20250407",남산,0.0136,0.0601,0.33,0.0042,56,24
"20250407",북한산,0.013,0.0568,0.4,0.0032,59,32
"20250407",세곡,0.0182,0.0476,0.58,0.0032,61,23
"20250407",항동,0.0218,0.0469,0.58,0.0041,50,28
"20250407",행주,0.0218,0.0514,0.37,0.0032,53,26
"20250407",마포아트센터,0.0172,0.0646,0.5,0.004,57,28
"20250407",서울숲,0.02,0.0544,0.65,0.0035,61,28
"20250407",올림픽공원,0.016,0.056,0.39,0.0033,54,28
"20250407",자연사박물관,0.0144,0.0626,0.48,0.0036,57,31
"20250408",강남구,0.0169,0.0609,0.39,0.0025,66,32
"20250408",강동구,0.0163,0.0641,0.63,0.0026,71,34
"20250408",강북구,0.0097,0.0636,0.35,0.0023,62,33
"20250408",강서구,0.0203,0.0559,0.4,0.0029,69,27
"20250408",관악구,0.0191,0.0552,0.4,0.0026,65,31
"20250408",광진구,0.0175,0.063,0.44,0.0028,62,29
"20250408",구로구,0.0149,0.0528,0.36,0.0027,69,36
"20250408",금천구,0.0216,0.0548,0.39,0.0029,67,29
"20250408",노원구,0.0144,0.0611,0.4,0.0026,79,35
"20250408",도봉구,0.0092,0.0647,0.44,0.0033,63,24
"20250408",동대문구,0.0159,0.0558,0.4,0.0026,70,29
"20250408",동작구,0.0167,0.0629,0.37,0.0023,68,31
"20250408",마포구,0.0192,0.0596,0.38,0.0025,63,27
"20250408",서대문구,0.0157,0.0588,0.5,0.0032,64,29
"20250408",서초구,0.0142,0.0605,0.41,0.0025,76,32
"20250408",성동구,0.0185,0.0518,0.39,0.0027,71,25
"20250408",성북구,0.0137,0.0586,0.48,0.0031,63,26
"20250408",송파구,0.0172,0.0548,0.38,0.0024,63,28
"20250408",양천구,0.0198,0.0559,0.4,0.0026,71,29
"20250408",영등포구,0.0181,0.0596,0.39,0.0025,58,30
"20250408",용산구,0.02,0.0474,0.43,0.0029,70,26
"20250408",은평구,0.0142,0.0472,0.5,0.0029,71,25
"20250408",종로구,0.0181,0.0588,0.42,0.0025,66,29
"20250408",중구,0.0182,0.0585,0.4,0.0029,56,29
"20250408",중랑구,0.0172,0.0501,0.41,0.0027,68,32
"20250408",강남대로,0.0242,0.0408,0.39,0.0022,75,29
"20250408",강변북로,0.035,0.0397,0.52,0.0027,80,27
"20250408",공항대로,0.0268,0.048,0.34,0.0031,63,22
"20250408",도산대로,0.0198,0.0487,0.5,0.0025,75,27
"20250408",동작대로,0.0254,0.0524,0.45,0.0027,73,27
"20250408",시흥대로,0.0255,0.0474,0.44,0.0027,72,25
"20250408",신촌로,0.0315,0.0382,0.59,0.0028,72,33
"20250408",영등포로,0.0284,0.0454,0.5,0.0028,67,24
"20250408",정릉로,0.0281,0.0501,0.45,0.0025,64,29
"20250408",종로,0.0189,0.0566,0.44,0.0025,62,26
"20250408",천호대로,0.0232,0.0531,0.47,0.0026,58,25
"20250408",청계천로,0.0224,0.0501,0.47,0.0029,71,29
"20250408",한강대로,0.0216,0.0501,0.47,0.0034,71,31
"20250408",홍릉로,0.0257,0.0488,0.52,0.0035,62,28
"20250408",화랑로,0.0234,0.0612,0.43,0.0024,62,32
"20250408",관악산,0.009,0.0799,0.25,0.0026,64,24
"20250408",남산,0.0158,0.0563,0.38,0.0034,65,27
"20250408",북한산,0.0082,0.0658,0.37,0.0029,69,32
"20250408",세곡,0.0172,0.0543,0.56,0.0027,76,26
"20250408",항동,0.0203,0.0508,0.52,0.0038,61,29
"20250408",행주,0.0127,0.0596,0.36,0.0029,60,25
"20250408",마포아트센터,0.0175,0.0652,0.42,0.0035,68,29
"20250408",서울숲,0.018,0.0586,0.59,0.0031,80,32
"20250408",올림픽공원,0.0121,0.0672,0.35,0.0029,68,30
"20250408",자연사박물관,0.0146,0.0629,0.45,0.0032,68,31
"20250409",강남구,0.0305,0.0342,0.44,0.0028,46,25
"20250409",강동구,0.0277,0.0381,0.67,0.0029,50,28
"20250409",강북구,0.0214,0.0384,0.45,0.0026,44,28
"20250409",강서구,0.0325,0.0326,0.48,0.0034,51,25
"20250409",관악구,0.0277,0.0337,0.45,0.003,44,26
"20250409",광진구,0.0277,0.0394,0.46,0.0029,45,24
"20250409",구로구,0.0262,0.0318,0.41,0.003,45,30
"20250409",금천구,0.0332,0.0304,0.48,0.0033,47,25
"20250409",노원구,0.0258,0.0373,0.48,0.003,48,30
"20250409",도봉구,0.0227,0.0389,0.51,0.0035,43,20
"20250409",동대문구,0.0278,0.0341,0.47,0.0029,50,25
"20250409",동작구,0.0275,0.0355,0.43,0.0026,47,27
"20250409",마포구,0.0302,0.0357,0.44,0.0029,54,26
"20250409",서대문구,0.0265,0.0347,0.59,0.0036,46,26
"20250409",서초구,0.0276,0.0338,0.45,0.0027,54,26
"20250409",성동구,0.0299,0.0316,0.45,0.0032,46,23
"20250409",성북구,0.028,0.033,0.56,0.0033,45,22
"20250409",송파구,0.0287,0.0334,0.43,0.0027,49,25
"20250409",양천구,0.0308,0.0333,0.47,0.0029,51,26
"20250409",영등포구,0.0324,0.033,0.46,0.0029,44,27
"20250409",용산구,0.0335,0.0273,0.5,0.0034,50,23
"20250409",은평구,0.025,0.0326,0.53,0.0031,48,19
"20250409",종로구,0.0318,0.0346,0.5,0.0032,49,27
"20250409",중구,0.0342,0.0294,0.5,0.0033,45,27
"20250409",중랑구,0.0249,0.0333,0.45,0.003,46,26
"20250409",강남대로,0.0345,0.0213,0.44,0.0034,55,23
"20250409",강변북로,0.0419,0.0217,0.52,0.0029,56,21
"20250409",공항대로,0.038,0.0255,0.37,0.0034,49,22
"20250409",도산대로,0.0316,0.0299,0.65,0.0029,54,22
"20250409",동작대로,0.0369,0.0259,0.51,0.0031,57,25
"20250409",시흥대로,0.045,0.0239,0.59,0.0033,56,22
"20250409",신촌로,0.0372,0.0245,0.59,0.0028,53,30
"20250409",영등포로,0.038,0.0267,0.54,0.003,48,20
"20250409",정릉로,0.0444,0.0213,0.58,0.0027,48,27
"20250409",종로,0.0328,0.0309,0.54,0.0029,45,24
"20250409",천호대로,0.0373,0.0287,0.57,0.003,42,20
"20250409",청계천로,0.0367,0.0269,0.63,0.0035,56,26
"20250409",한강대로,0.0331,0.0288,0.53,0.0035,51,25
"20250409",홍릉로,0.0366,0.0268,0.54,0.0031,46,24
"20250409",화랑로,0.0392,0.0279,0.56,0.0026,50,31
"20250409",관악산,0.01,0.0701,0.28,0.0029,52,23
"20250409",남산,0.0245,0.0379,0.46,0.0033,45,22
"20250409",북한산,0.0159,0.0415,0.42,0.003,47,26
"20250409",세곡,0.0244,0.0329,0.61,0.0029,49,19
"20250409",항동,0.0291,0.0297,0.55,0.0041,44,24
"20250409",행주,0.03,0.0297,0.4,0.0036,50,26
"20250409",마포아트센터,0.0269,0.0421,0.49,0.0038,47,24
"20250409",서울숲,0.0286,0.0332,0.56,0.0032,54,23
"20250409",올림픽공원,0.0221,0.0364,0.41,0.003,45,24
"20250409",자연사박물관,0.0257,0.0376,0.51,0.0034,48,27
"20250410",강남구,0.0224,0.0453,0.45,0.0029,48,32
"20250410",강동구,0.0237,0.0436,0.65,0.0029,50,35
"20250410",강북구,0.0124,0.0492,0.41,0.0024,41,30
"20250410",강서구,0.0224,0.0434,0.44,0.0032,49,30
"20250410",관악구,0.0251,0.0393,0.48,0.0029,45,31
"20250410",광진구,0.0231,0.0471,0.51,0.0029,45,29
"20250410",구로구,0.0181,0.0418,0.4,0.0031,43,36
"20250410",금천구,0.0262,0.0411,0.44,0.0032,45,29
"20250410",노원구,0.019,0.0454,0.46,0.0027,44,31
"20250410",도봉구,0.0139,0.0505,0.5,0.0034,42,25
"20250410",동대문구,0.0175,0.0445,0.47,0.0027,51,32
"20250410",동작구,0.0219,0.0454,0.43,0.0028,46,33
"20250410",마포구,0.0205,0.0453,0.44,0.0026,45,30
"20250410",서대문구,0.0158,0.0456,0.6,0.0035,44,32
"20250410",서초구,0.0208,0.0437,0.46,0.0028,52,33
"20250410",성동구,0.0227,0.0405,0.45,0.0029,45,29
"20250410",성북구,0.0168,0.0452,0.55,0.0031,45,28
"20250410",송파구,0.0257,0.0381,0.45,0.0028,49,30
"20250410",양천구,0.0232,0.0429,0.45,0.003,50,31
"20250410",영등포구,0.0218,0.0449,0.44,0.0028,43,32
"20250410",용산구,0.0257,0.0328,0.53,0.0033,48,30
"20250410",은평구,0.0162,0.0389,0.55,0.0028,48,26
"20250410",종로구,0.0202,0.044,0.49,0.0028,52,35
"20250410",중구,0.0178,0.0504,0.45,0.0031,41,31
"20250410",중랑구,0.0188,0.0403,0.47,0.0028,48,32
"20250410",강남대로,0.0288,0.028,0.43,0.0033,53,28
"20250410",강변북로,0.0397,0.0266,0.58,0.003,59,28
"20250410",공항대로,0.0278,0.036,0.32,0.0033,48,26
"20250410",도산대로,0.0241,0.037,0.6,0.0029,53,30
"20250410",동작대로,0.0311,0.037,0.5,0.0031,56,29
"20250410",시흥대로,0.033,0.0356,0.51,0.0031,53,26
"20250410",신촌로,0.0325,0.0294,0.64,0.0029,56,36
"20250410",영등포로,0.0289,0.0368,0.54,0.003,49,26
"20250410",정릉로,0.0305,0.0376,0.53,0.0025,58,33
"20250410",종로,0.0193,0.041,0.5,0.0027,49,32
"20250410",천호대로,0.0299,0.037,0.55,0.0029,43,26
"20250410",청계천로,0.024,0.0374,0.55,0.0029,55,34
"20250410",한강대로,0.0235,0.0386,0.52,0.0035,52,31
"20250410",홍릉로,0.0274,0.0382,0.57,0.0028,51,32
"20250410",화랑로,0.028,0.042,0.5,0.0024,46,33
"20250410",관악산,0.0109,0.0703,0.3,0.003,48,27
"20250410",남산,0.0173,0.0449,0.47,0.0031,44,29
"20250410",북한산,0.0087,0.0532,0.4,0.0029,42,28
"20250410",세곡,0.0258,0.0347,0.64,0.003,49,25
"20250410",항동,0.0223,0.0379,0.57,0.0039,42,30
"20250410",행주,0.0142,0.0443,0.34,0.003,44,28
"20250410",마포아트센터,0.019,0.0511,0.48,0.0037,47,31
"20250410",서울숲,0.0222,0.0417,0.58,0.0033,54,30
"20250410",올림픽공원,0.0167,0.0427,0.36,0.0028,47,33
"20250410",자연사박물관,0.0148,0.05,0.52,0.0031,46,32
"20250411",강남구,0.0309,0.0416,0.53,0.003,54,37
"20250411",강동구,0.0319,0.0401,0.64,0.0029,56,40
"20250411",강북구,0.0203,0.0445,0.48,0.0026,48,35
"20250411",강서구,0.0343,0.0383,0.58,0.0036,65,42
"20250411",관악구,0.0308,0.0387,0.55,0.0031,53,36
"20250411",광진구,0.0333,0.0397,0.6,0.003,51,34
"20250411",구로구,0.0272,0.0378,0.47,0.0031,57,44
"20250411",금천구,0.0348,0.0364,0.57,0.0035,56,37
"20250411",노원구,0.0292,0.0379,0.55,0.003,53,38
"20250411",도봉구,0.0217,0.0465,0.56,0.0035,49,27
"20250411",동대문구,0.0287,0.0389,0.55,0.003,60,37
"20250411",동작구,0.0302,0.0424,0.52,0.0029,57,40
"20250411",마포구,0.0322,0.0373,0.53,0.003,59,42
"20250411",서대문구,0.0265,0.0407,0.69,0.0039,51,35
"20250411",서초구,0.0298,0.0394,0.54,0.0028,65,41
"20250411",성동구,0.0323,0.0363,0.53,0.0032,57,34
"20250411",성북구,0.0283,0.0382,0.63,0.0031,50,30
"20250411",송파구,0.0358,0.0329,0.56,0.003,58,35
"20250411",양천구,0.0318,0.0364,0.54,0.003,63,42
"20250411",영등포구,0.0326,0.0408,0.53,0.0031,54,42
"20250411",용산구,0.0346,0.0313,0.67,0.0035,58,40
"20250411",은평구,0.0255,0.0364,0.64,0.003,55,32
"20250411",종로구,0.0314,0.0409,0.55,0.0031,60,40
"20250411",중구,0.0308,0.0428,0.55,0.0034,49,37
"20250411",중랑구,0.0248,0.038,0.52,0.0031,56,36
"20250411",강남대로,0.0386,0.0217,0.53,0.0034,61,35
"20250411",강변북로,0.0492,0.0216,0.66,0.003,69,34
"20250411",공항대로,0.0399,0.029,0.44,0.0038,62,34
"20250411",도산대로,0.0354,0.0317,0.74,0.0028,64,37
"20250411",동작대로,0.0414,0.0304,0.63,0.0033,67,37
"20250411",시흥대로,0.0479,0.0272,0.67,0.0035,66,36
"20250411",신촌로,0.0415,0.0254,0.74,0.0033,73,44
"20250411",영등포로,0.0387,0.0331,0.63,0.0037,59,34
"20250411",정릉로,0.0403,0.0317,0.59,0.0027,57,37
"20250411",종로,0.0307,0.033,0.6,0.003,58,36
"20250411",천호대로,0.0415,0.0308,0.69,0.0032,47,31
"20250411",청계천로,0.0365,0.0316,0.66,0.0034,65,39
"20250411",한강대로,0.0342,0.0337,0.61,0.0035,63,40
"20250411",홍릉로,0.0382,0.0315,0.66,0.0033,55,35
"20250411",화랑로,0.0365,0.035,0.57,0.0026,53,37
"20250411",관악산,0.0125,0.081,0.24,0.0032,55,29
"20250411",남산,0.0238,0.0457,0.52,0.0033,54,36
"20250411",북한산,0.0154,0.0473,0.45,0.003,50,33
"20250411",세곡,0.0354,0.0285,0.75,0.0031,58,30
"20250411",항동,0.0342,0.0301,0.68,0.004,56,39
"20250411",행주,0.0322,0.0343,0.43,0.0033,58,38
"20250411",마포아트센터,0.0298,0.0471,0.54,0.0037,58,39
"20250411",서울숲,0.0326,0.0368,0.67,0.0033,69,37
"20250411",올림픽공원,0.0191,0.0395,0.37,0.0024,54,35
"20250411",자연사박물관,0.0266,0.044,0.6,0.0033,57,39
"20250412",강남구,0.0243,0.0416,0.42,0.0028,37,23
"20250412",강동구,0.0227,0.0453,0.55,0.0027,37,26
"20250412",강북구,0.0142,0.0471,0.39,0.0025,32,22
"20250412",강서구,0.0213,0.0474,0.45,0.0031,40,22
"20250412",관악구,0.0191,0.0467,0.42,0.0029,34,22
"20250412",광진구,0.0231,0.0461,0.5,0.0028,35,22
"20250412",구로구,0.0169,0.0447,0.37,0.0029,39,26
"20250412",금천구,0.0216,0.046,0.45,0.003,35,22
"20250412",노원구,0.0231,0.0406,0.47,0.003,36,25
"20250412",도봉구,0.0156,0.0463,0.51,0.0034,30,16
"20250412",동대문구,0.0229,0.041,0.45,0.0029,41,22
"20250412",동작구,0.0195,0.0483,0.4,0.0026,37,24
"20250412",마포구,0.0204,0.0499,0.42,0.003,38,22
"20250412",서대문구,0.0145,0.0524,0.52,0.0032,32,21
"20250412",서초구,0.0179,0.0475,0.43,0.0028,37,23
"20250412",성동구,0.0243,0.0387,0.42,0.003,37,22
"20250412",성북구,0.0216,0.0407,0.56,0.0029,34,18
"20250412",송파구,0.0221,0.041,0.41,0.0028,37,21
"20250412",양천구,0.0209,0.0465,0.43,0.0028,40,24
"20250412",영등포구,0.0219,0.0472,0.42,0.003,34,23
"20250412",용산구,0.0234,0.0366,0.5,0.0032,54,23
"20250412",은평구,0.0143,0.049,0.5,0.003,34,17
"20250412",종로구,0.0254,0.0426,0.46,0.0031,40,26
"20250412",중구,0.0255,0.0444,0.46,0.0033,33,22
"20250412",중랑구,0.0171,0.0438,0.41,0.003,37,23
"20250412",강남대로,0.0262,0.0304,0.43,0.0029,38,20
"20250412",강변북로,0.0323,0.0298,0.52,0.0027,41,18
"20250412",공항대로,0.0266,0.0427,0.44,0.0029,40,22
"20250412",도산대로,0.0227,0.0378,0.54,0.0026,39,22
"20250412",동작대로,0.0279,0.0405,0.48,0.0032,46,22
"20250412",시흥대로,0.036,0.0341,0.53,0.0032,42,20
"20250412",신촌로,0.0281,0.0336,0.56,0.0029,45,27
"20250412",영등포로,0.0304,0.0377,0.51,0.0031,40,18
"20250412",정릉로,0.0345,0.0336,0.53,0.0026,43,24
"20250412",종로,0.0258,0.0339,0.5,0.0029,40,23
"20250412",천호대로,0.0309,0.0351,0.55,0.0028,34,18
"20250412",청계천로,0.0289,0.0337,0.55,0.0033,43,24
"20250412",한강대로,0.0226,0.04,0.48,0.0035,40,23
"20250412",홍릉로,0.0271,0.0381,0.51,0.0031,39,23
"20250412",화랑로,0.0337,0.0342,0.51,0.0024,38,25
"20250412",관악산,0.0077,0.077,0.14,0.0027,34,18
"20250412",남산,0.0144,0.0518,0.4,0.0032,33,18
"20250412",북한산,0.0114,0.0515,0.39,0.003,33,23
"20250412",세곡,0.0168,0.0422,0.59,0.0029,38,17
"20250412",항동,0.0237,0.0378,0.57,0.0037,35,22
"20250412",행주,0.0236,0.0387,0.34,0.0032,42,22
"20250412",마포아트센터,0.0199,0.0536,0.46,0.0038,33,21
"20250412",서울숲,0.0253,0.0368,0.61,0.0031,39,21
"20250412",올림픽공원,0.0135,0.0429,0.26,0.0023,35,21
"20250412",자연사박물관,0.0149,0.0547,0.49,0.0032,33,22
"20250413",강남구,0.0081,0.0412,0.26,0.0019,44,10
"20250413",강동구,0.0086,0.0435,0.37,0.0022,48,10
"20250413",강북구,0.0074,0.0426,0.26,0.002,40,10
"20250413",강서구,0.0102,0.0411,0.27,0.0021,45,7
"20250413",관악구,0.0097,0.0388,0.27,0.0022,45,10
"20250413",광진구,0.0096,0.0444,0.28,0.0022,44,9
"20250413",구로구,0.006,0.0376,0.25,0.0022,36,13
"20250413",금천구,0.0099,0.0399,0.32,0.0022,44,8
"20250413",노원구,0.0089,0.041,0.27,0.0022,48,11
"20250413",도봉구,0.004,0.0422,0.34,0.0029,42,6
"20250413",동대문구,0.0069,0.0391,0.26,0.0017,47,7
"20250413",동작구,0.008,0.0422,0.25,0.0019,49,12
"20250413",마포구,0.0089,0.0425,0.26,0.0021,48,9
"20250413",서대문구,0.0071,0.0414,0.4,0.0022,47,9
"20250413",서초구,0.0058,0.0415,0.3,0.0021,47,11
"20250413",성동구,0.0069,0.0387,0.26,0.0017,44,7
"20250413",성북구,0.008,0.0383,,0.0026,44,7
"20250413",송파구,0.0084,0.0378,0.26,0.002,49,11
"20250413",양천구,0.0095,0.04,0.28,0.002,47,9
"20250413",영등포구,0.0087,0.0422,0.26,0.0021,38,8
"20250413",용산구,0.0086,0.0343,0.29,0.0022,33,9
"20250413",은평구,0.0086,0.0387,0.35,0.0026,48,6
"20250413",종로구,0.0097,0.0413,0.26,0.0019,46,11
"20250413",중구,0.0093,0.0425,0.26,0.0025,33,7
"20250413",중랑구,0.01,0.0356,0.29,0.0024,47,9
"20250413",강남대로,0.009,0.0314,0.37,0.0024,49,9
"20250413",강변북로,0.0118,0.0359,0.28,0.0023,54,6
"20250413",공항대로,0.0101,0.0403,0.26,0.002,46,9
"20250413",도산대로,0.008,0.0358,0.31,0.002,53,9
"20250413",동작대로,0.0106,0.0403,0.3,0.0023,53,10
"20250413",시흥대로,0.0115,0.0375,0.3,0.0023,46,5
"20250413",신촌로,0.0146,0.0312,0.38,0.0023,47,12
"20250413",영등포로,0.0139,0.0354,0.33,0.0022,43,4
"20250413",정릉로,0.0158,0.0364,0.34,0.0021,46,11
"20250413",종로,0.0097,0.0372,0.29,0.002,43,8
"20250413",천호대로,0.0114,0.0372,0.33,0.0022,38,5
"20250413",청계천로,0.0108,0.037,0.29,0.0025,46,10
"20250413",한강대로,0.011,0.0339,0.34,0.0026,53,12
"20250413",홍릉로,0.0117,0.0373,0.33,0.0022,42,9
"20250413",화랑로,0.0126,0.0417,0.29,0.002,41,10
"20250413",관악산,0.0034,0.0538,0.17,0.0023,51,9
"20250413",남산,0.0072,0.0412,0.25,0.0026,41,6
"20250413",북한산,0.0047,0.0437,0.25,0.0027,44,12
"20250413",세곡,0.0048,0.0396,0.47,0.0022,47,7
"20250413",항동,0.0087,0.0381,0.38,0.0032,38,7
"20250413",행주,0.0066,0.0415,0.25,0.0026,40,6
"20250413",마포아트센터,0.0079,0.0474,0.33,0.003,45,9
"20250413",서울숲,0.0081,0.0403,0.32,0.0026,47,8
"20250413",올림픽공원,0.0055,0.0454,0.19,0.002,46,9
"20250413",자연사박물관,0.0058,0.045,0.33,0.0027,47,12
"20250414",강남구,0.018,0.0329,0.34,0.0019,16,9
"20250414",강동구,0.016,0.0364,0.44,0.0022,17,11
"20250414",강북구,0.0125,0.0369,0.31,0.0018,15,9
"20250414",강서구,0.0184,0.0351,0.37,0.0022,20,9
"20250414",관악구,0.0167,0.0344,0.34,0.0021,15,9
"20250414",광진구,0.0152,0.0384,0.37,0.0021,16,8
"20250414",구로구,0.014,0.0333,0.31,0.0022,15,15
"20250414",금천구,0.0171,0.0346,0.34,0.002,15,9
"20250414",노원구,0.0139,0.0371,0.32,0.0022,18,13
"20250414",도봉구,0.0114,0.036,0.42,0.0029,14,5
"20250414",동대문구,0.0151,0.0331,0.33,0.0017,18,8
"20250414",동작구,0.0162,0.0363,0.33,0.0018,19,13
"20250414",마포구,0.0157,0.0376,0.33,0.002,18,9
"20250414",서대문구,0.0128,0.0358,0.48,0.0024,16,10
"20250414",서초구,0.0144,0.0349,0.36,0.0021,20,10
"20250414",성동구,0.0158,0.0315,0.32,0.002,13,8
"20250414",성북구,0.0169,0.0298,0.46,0.0027,15,7
"20250414",송파구,0.0181,0.0306,0.33,0.002,18,10
"20250414",양천구,0.0185,0.0338,0.36,0.0021,19,9
"20250414",영등포구,0.0185,0.0353,0.33,0.002,17,10
"20250414",용산구,0.0162,0.0301,0.36,0.0022,18,8
"20250414",은평구,0.0125,0.0331,0.41,0.0025,17,6
"20250414",종로구,0.0157,0.0365,0.34,0.0018,18,10
"20250414",중구,0.0168,0.0354,0.34,0.0024,14,9
"20250414",중랑구,0.015,0.0307,0.33,0.0023,17,9
"20250414",강남대로,0.0217,0.0226,0.49,0.0027,17,11
"20250414",강변북로,0.021,0.0282,0.33,0.0023,19,6
"20250414",공항대로,0.0192,0.033,0.36,0.0018,19,8
"20250414",도산대로,0.0181,0.0298,0.4,0.0021,18,10
"20250414",동작대로,0.0246,0.0284,0.39,0.0024,20,10
"20250414",시흥대로,0.0324,0.0242,0.47,0.0024,21,6
"20250414",신촌로,0.0216,0.0271,0.43,0.0022,20,11
"20250414",영등포로,0.0221,0.0291,0.4,0.0021,18,4
"20250414",정릉로,0.0293,0.0253,0.42,0.002,23,11
"20250414",종로,0.0193,0.0296,0.39,0.0021,18,8
"20250414",천호대로,0.0247,0.0265,0.44,0.0022,11,5
"20250414",청계천로,0.021,0.0288,0.44,0.0024,18,10
"20250414",한강대로,0.0171,0.0302,0.39,0.0025,18,10
"20250414",홍릉로,0.0222,0.0286,0.39,0.0023,16,8
"20250414",화랑로,0.0303,0.0268,0.45,0.002,15,12
"20250414",관악산,0.0083,0.0495,0.39,0.0023,19,7
"20250414",남산,0.0146,0.0354,0.32,0.0027,13,6
"20250414",북한산,0.0074,0.0391,0.29,0.0026,17,12
"20250414",세곡,0.0149,0.0307,0.5,0.0023,19,8
"20250414",항동,0.0166,0.0317,0.47,0.0032,14,8
"20250414",행주,0.0134,0.0363,0.34,0.0026,17,8
"20250414",마포아트센터,0.0144,0.0419,0.4,0.003,14,9
"20250414",서울숲,0.016,0.0331,0.4,0.0026,15,9
"20250414",올림픽공원,0.0088,0.0385,0.23,0.0021,13,8
"20250414",자연사박물관,0.0097,0.0413,0.4,0.0027,16,12
"20250415",강남구,0.0178,0.0369,0.39,0.0022,23,15
"20250415",강동구,0.0203,0.0351,0.53,0.0025,26,17
"20250415",강북구,0.0136,0.0355,0.37,0.002,22,16
"20250415",강서구,0.0206,0.0368,0.39,0.0026,25,13
"20250415",관악구,0.0191,0.0362,0.4,0.0023,23,15
"20250415",광진구,0.02,0.0366,0.44,0.0024,22,13
"20250415",구로구,0.0159,0.0362,0.36,0.0026,23,20
"20250415",금천구,0.0202,0.0353,0.4,0.0025,24,15
"20250415",노원구,0.0182,0.0355,0.41,0.0022,25,19
"20250415",도봉구,0.0149,0.0358,0.49,0.0032,21,11
"20250415",동대문구,0.0153,0.0376,0.39,0.0022,26,14
"20250415",동작구,0.0176,0.0384,0.38,0.0021,25,17
"20250415",마포구,0.0197,0.0362,0.39,0.0027,24,14
"20250415",서대문구,0.0158,0.035,0.6,0.0032,24,16
"20250415",서초구,0.0161,0.0373,0.41,0.0023,30,17
"20250415",성동구,0.0173,0.0342,0.38,0.0021,21,13
"20250415",성북구,0.0195,0.0303,0.46,0.0031,23,12
"20250415",송파구,0.0213,0.031,0.4,0.0022,25,15
"20250415",양천구,0.0205,0.0356,0.41,0.0024,26,15
"20250415",영등포구,0.0184,0.0395,0.38,0.0023,21,15
"20250415",용산구,0.0204,0.0297,0.44,0.0026,25,14
"20250415",은평구,0.0148,0.0311,0.48,0.0029,25,11
"20250415",종로구,0.0178,0.0382,0.4,0.0025,25,17
"20250415",중구,0.0174,0.0409,0.39,0.0027,21,14
"20250415",중랑구,0.0183,0.0306,0.43,0.0025,26,15
"20250415",강남대로,0.0225,0.0232,0.49,0.003,31,17
"20250415",강변북로,0.0292,0.0264,0.42,0.0026,33,13
"20250415",공항대로,0.0243,0.0319,0.41,0.0025,27,13
"20250415",도산대로,0.0202,0.0315,0.41,0.0023,28,17
"20250415",동작대로,0.0244,0.0322,0.45,0.0024,30,16
"20250415",시흥대로,0.024,0.0321,0.44,0.0024,27,11
"20250415",신촌로,0.0281,0.0242,0.58,0.0025,31,17
"20250415",영등포로,0.0266,0.0295,0.49,0.0023,26,9
"20250415",정릉로,0.0297,0.0277,0.49,0.0023,28,16
"20250415",종로,0.0165,0.0335,0.41,0.0023,26,14
"20250415",천호대로,0.0269,0.0273,0.51,0.0024,19,11
"20250415",청계천로,0.0213,0.0318,0.47,0.0026,27,16
"20250415",한강대로,0.0216,0.0296,0.46,0.003,28,16
"20250415",홍릉로,0.0252,0.0286,0.54,0.0026,27,14
"20250415",화랑로,0.0267,0.0285,0.46,0.0021,23,17
"20250415",관악산,0.0072,0.0576,0.53,0.0026,26,12
"20250415",남산,0.0138,0.0388,0.37,0.0029,20,12
"20250415",북한산,0.0059,0.0436,0.31,0.0028,24,17
"20250415",세곡,0.0184,0.0288,0.49,0.0025,27,12
"20250415",항동,0.0196,0.0306,0.53,0.0033,23,15
"20250415",행주,0.0153,0.0354,0.36,0.003,22,12
"20250415",마포아트센터,0.0161,0.0427,0.47,0.0034,22,15
"20250415",서울숲,0.0184,0.0338,0.46,0.0029,25,15
"20250415",올림픽공원,0.0119,0.035,0.28,0.0021,22,14
"20250415",자연사박물관,0.0123,0.0416,0.46,0.0031,24,18
"20250416",강남구,0.0221,0.0481,0.43,0.0028,41,24
"20250416",강동구,0.0242,0.0485,0.62,0.003,47,29
"20250416",강북구,0.0164,0.0486,0.4,0.0025,38,27
"20250416",강서구,0.0227,0.0522,0.45,0.0028,42,21
"20250416",관악구,0.0181,0.0538,0.38,0.0027,35,20
"20250416",광진구,0.0223,0.0506,0.49,0.003,38,22
"20250416",구로구,0.0149,0.054,0.36,0.0029,39,29
"20250416",금천구,0.0218,0.052,0.45,0.0029,37,20
"20250416",노원구,0.0235,0.0493,0.45,0.0026,44,28
"20250416",도봉구,0.0204,0.0486,0.51,0.0035,41,22
"20250416",동대문구,0.0187,0.0518,0.41,0.0028,44,23
"20250416",동작구,0.0172,0.0557,0.38,0.0025,39,23
"20250416",마포구,0.0205,0.0554,0.41,0.0029,40,23
"20250416",서대문구,0.0176,0.0505,0.54,0.0032,39,25
"20250416",서초구,0.0181,0.0495,0.43,0.0027,49,27
"20250416",성동구,0.0202,0.046,0.42,0.0031,40,23
"20250416",성북구,0.0247,0.041,0.47,0.0033,44,23
"20250416",송파구,0.0262,0.0409,0.47,0.0029,41,22
"20250416",양천구,0.0209,0.0525,0.42,0.0026,43,24
"20250416",영등포구,0.0212,0.0554,0.41,0.0027,37,24
"20250416",용산구,0.0214,0.0426,0.46,0.003,39,24
"20250416",은평구,0.015,0.0502,0.52,0.003,43,21
"20250416",종로구,0.0218,0.0525,0.44,0.003,42,25
"20250416",중구,0.0223,0.0525,0.43,0.0032,35,24
"20250416",중랑구,0.0191,0.0411,0.42,0.0028,39,23
"20250416",강남대로,0.0267,0.0313,0.48,0.0032,51,26
"20250416",강변북로,0.0329,0.036,0.47,0.0028,50,22
"20250416",공항대로,0.0268,0.0486,0.44,0.0029,40,19
"20250416",도산대로,0.0222,0.0422,0.48,0.0028,48,26
"20250416",동작대로,0.0287,0.0435,0.47,0.003,47,21
"20250416",시흥대로,0.0346,0.0394,0.53,0.003,44,19
"20250416",신촌로,0.0298,0.0335,0.55,0.0027,44,25
"20250416",영등포로,0.0317,0.0394,0.52,0.0027,43,19
"20250416",정릉로,0.0391,0.0356,0.55,0.0025,47,25
"20250416",종로,0.0243,0.0428,0.5,0.0028,45,24
"20250416",천호대로,0.0321,0.0351,0.58,0.0028,35,18
"20250416",청계천로,0.0291,0.0398,0.57,0.0033,49,26
"20250416",한강대로,0.0241,0.0426,0.49,0.0034,51,28
"20250416",홍릉로,0.0276,0.0426,0.5,0.0029,41,23
"20250416",화랑로,0.0375,0.0367,0.53,0.0026,43,28
"20250416",관악산,0.0069,0.0842,0.49,0.0029,39,18
"20250416",남산,0.0137,0.0561,0.36,0.0031,38,21
"20250416",북한산,0.0107,0.0532,0.37,0.0029,45,29
"20250416",세곡,0.022,0.0376,0.53,0.0028,49,19
"20250416",항동,0.0202,0.0451,0.57,0.0036,38,22
"20250416",행주,0.0228,0.0454,0.31,0.0034,39,22
"20250416",마포아트센터,0.0187,0.0608,0.49,0.0037,41,25
"20250416",서울숲,0.0199,0.0479,0.54,0.0031,46,25
"20250416",올림픽공원,0.013,0.0458,0.33,0.0022,41,24
"20250416",자연사박물관,0.0141,0.0603,0.5,0.0033,43,28
"20250417",강남구,0.0192,0.0622,0.38,0.0026,62,26
"20250417",강동구,0.0173,0.0685,0.57,0.0028,65,30
"20250417",강북구,0.0158,0.0644,0.38,0.0026,55,30
"20250417",강서구,0.0174,0.0621,0.37,0.0033,63,22
"20250417",관악구,0.014,0.0694,0.35,0.0027,59,24
"20250417",광진구,0.0184,0.0673,0.46,0.0031,59,24
"20250417",구로구,0.0115,0.0685,0.32,0.0029,59,27
"20250417",금천구,0.0158,0.0658,0.39,0.003,58,21
"20250417",노원구,0.0184,0.0661,0.39,0.0027,63,26
"20250417",도봉구,0.0185,0.0609,0.52,0.0035,58,21
"20250417",동대문구,0.019,0.0625,0.38,0.003,69,23
"20250417",동작구,0.0127,0.0726,0.33,0.0024,61,26
"20250417",마포구,0.0164,0.0697,0.36,0.0028,64,22
"20250417",서대문구,0.0143,0.068,0.45,0.003,59,25
"20250417",서초구,0.0148,0.0688,0.4,0.0027,67,28
"20250417",성동구,0.0193,0.0582,0.38,0.0033,60,22
"20250417",성북구,0.0237,0.0515,0.44,0.0034,61,23
"20250417",송파구,0.0188,0.0601,0.37,0.0029,64,25
"20250417",양천구,0.0162,0.0658,0.36,0.0028,64,24
"20250417",영등포구,0.018,0.0679,0.36,0.0028,55,24
"20250417",용산구,0.0166,0.0551,0.39,0.003,64,26
"20250417",은평구,0.014,0.061,0.56,0.0031,64,22
"20250417",종로구,0.0186,0.0672,0.39,0.0031,63,25
"20250417",중구,0.0198,0.064,0.39,0.0032,48,22
"20250417",중랑구,0.0169,0.059,0.37,0.0029,62,28
"20250417",강남대로,0.0238,0.0444,0.44,0.0023,68,24
"20250417",강변북로,0.0336,0.0455,0.51,0.0027,70,19
"20250417",공항대로,0.0285,0.055,0.39,0.0032,62,22
"20250417",도산대로,0.0185,0.0546,0.44,0.0029,69,24
"20250417",동작대로,0.0267,0.0571,0.41,0.0029,69,23
"20250417",시흥대로,0.0271,0.0512,0.41,0.0029,69,23
"20250417",신촌로,0.0284,0.045,0.52,0.0029,70,25
"20250417",영등포로,0.0293,0.0496,0.47,0.0028,63,18
"20250417",정릉로,0.0441,0.0398,0.57,0.0027,64,27
"20250417",종로,0.0235,0.0525,0.47,0.003,61,23
"20250417",천호대로,0.0273,0.0525,0.47,0.0029,53,18
"20250417",청계천로,0.0292,0.0506,0.56,0.0036,70,26
"20250417",한강대로,0.0196,0.0546,0.44,0.0032,66,26
"20250417",홍릉로,0.0304,0.0501,0.51,0.0033,63,23
"20250417",화랑로,0.0405,0.0454,0.5,0.0028,65,32
"20250417",관악산,0.0072,0.0925,0.5,0.003,69,23
"20250417",남산,0.0104,0.0695,0.34,0.0033,58,19
"20250417",북한산,0.0113,0.0708,0.37,0.0031,63,27
"20250417",세곡,0.0166,0.0572,0.46,0.0029,67,19
"20250417",항동,0.0152,0.0606,0.6,0.0038,56,23
"20250417",행주,0.0187,0.0581,0.27,0.0034,61,25
"20250417",마포아트센터,0.0158,0.0755,0.4,0.0038,60,24
"20250417",서울숲,0.0185,0.0598,0.59,0.003,67,23
"20250417",올림픽공원,0.0097,0.067,0.19,0.0023,63,23
"20250417",자연사박물관,0.0112,0.0757,0.51,0.0032,61,26
"20250418",강남구,0.0191,0.062,0.44,0.003,74,35
"20250418",강동구,0.0196,0.0654,0.65,0.0029,83,41
"20250418",강북구,0.0127,0.0651,0.35,0.0024,57,31
"20250418",강서구,0.0236,0.0526,0.39,0.0033,68,29
"20250418",관악구,0.0196,0.0602,0.43,0.0033,76,33
"20250418",광진구,0.0207,0.0664,0.54,0.0031,71,37
"20250418",구로구,0.0139,0.0622,0.35,0.003,77,39
"20250418",금천구,0.0217,0.0567,0.51,0.0033,78,31
"20250418",노원구,0.0208,0.0609,0.43,0.0026,69,29
"20250418",도봉구,0.0154,0.0629,0.52,0.0028,62,27
"20250418",동대문구,0.0203,0.058,0.42,0.0031,76,30
"20250418",동작구,0.0169,0.0645,0.41,0.0027,73,34
"20250418",마포구,0.0215,0.0577,0.38,0.0029,66,29
"20250418",서대문구,0.0216,0.0556,0.52,0.003,65,35
"20250418",서초구,0.0188,0.0608,0.48,0.0028,87,39
"20250418",성동구,0.0215,0.0556,0.44,0.0031,71,29
"20250418",성북구,0.0202,0.054,0.43,0.0034,69,31
"20250418",송파구,0.0208,0.0567,0.44,0.0031,75,33
"20250418",양천구,0.0184,0.059,0.38,0.0026,72,32
"20250418",영등포구,0.0182,0.0628,0.38,0.0027,63,32
"20250418",용산구,0.0209,0.048,0.49,0.0032,73,36
"20250418",은평구,0.0188,0.0496,0.62,0.003,72,30
"20250418",종로구,0.0226,0.058,0.44,0.0034,72,34
"20250418",중구,0.02,0.0586,0.41,0.0035,56,30
"20250418",중랑구,0.0211,0.0529,0.46,0.0032,74,36
"20250418",강남대로,0.0282,0.0384,0.5,0.0023,82,37
"20250418",강변북로,0.0446,0.0354,0.63,0.0027,88,31
"20250418",공항대로,0.0323,0.0447,0.42,0.0034,63,27
"20250418",도산대로,0.022,0.0501,0.61,0.0027,86,37
"20250418",동작대로,0.0307,0.0482,0.5,0.0032,81,32
"20250418",시흥대로,0.027,0.0475,0.45,0.003,80,30
"20250418",신촌로,0.0351,0.0369,0.62,0.003,78,34
"20250418",영등포로,0.0304,0.0459,0.51,0.0026,73,27
"20250418",정릉로,0.0387,0.0443,0.49,0.0027,72,32
"20250418",종로,0.0256,0.0467,0.52,0.0029,68,30
"20250418",천호대로,0.0285,0.0505,0.54,0.0029,71,26
"20250418",청계천로,0.0282,0.0478,0.55,0.0034,76,33
"20250418",한강대로,0.0251,0.0488,0.54,0.0025,80,38
"20250418",홍릉로,0.0315,0.0474,0.6,0.0035,71,27
"20250418",화랑로,0.0313,0.0528,0.46,0.0028,69,37
"20250418",관악산,0.0086,0.0901,0.4,0.0031,63,27
"20250418",남산,0.015,0.0603,0.39,0.0031,70,31
"20250418",북한산,0.0116,0.0634,0.37,0.0029,60,32
"20250418",세곡,0.0214,0.0503,0.54,0.0027,79,19
"20250418",항동,0.0183,0.0538,0.63,0.0037,68,35
"20250418",행주,0.0161,0.0535,0.24,0.0032,58,30
"20250418",마포아트센터,0.0219,0.0663,0.62,0.0038,77,36
"20250418",서울숲,0.0197,0.0567,0.65,0.0031,81,34
"20250418",올림픽공원,0.0119,0.0583,0.25,0.0022,78,37
"20250418",자연사박물관,0.017,0.0615,0.51,0.0031,70,35
"20250419",강남구,0.0144,0.0361,0.34,0.0024,40,20
"20250419",강동구,0.0136,0.0401,0.57,0.0023,41,24
"20250419",강북구,0.0108,0.0395,0.33,0.0022,44,19
"20250419",강서구,0.0143,0.0319,0.3,0.0025,36,15
"20250419",관악구,0.0127,0.0361,0.33,0.0025,32,17
"20250419",광진구,0.0168,0.0392,0.47,0.0026,40,23
"20250419",구로구,0.011,0.0374,0.31,0.0026,45,22
"20250419",금천구,0.0144,0.033,0.42,0.0027,36,18
"20250419",노원구,0.0149,0.0376,0.36,0.0024,43,17
"20250419",도봉구,0.0118,0.0389,0.49,0.0023,38,20
"20250419",동대문구,0.0149,0.0347,0.34,0.0027,45,20
"20250419",동작구,0.0121,0.0369,0.32,0.0022,37,18
"20250419",마포구,0.0141,0.0352,0.32,0.0026,37,18
"20250419",서대문구,0.012,0.0381,0.46,0.0024,33,21
"20250419",서초구,0.0136,0.0367,0.41,0.0024,44,22
"20250419",성동구,0.0162,0.0308,0.35,0.0026,41,18
"20250419",성북구,0.0146,0.0363,0.37,0.0029,41,19
"20250419",송파구,0.0159,0.0308,0.34,0.0024,39,16
"20250419",양천구,0.0142,0.0338,0.33,0.0023,38,19
"20250419",영등포구,0.0145,0.0343,0.32,0.0023,36,20
"20250419",용산구,0.0152,0.0262,0.39,0.0027,37,22
"20250419",은평구,0.0107,0.0328,0.57,0.0026,33,17
"20250419",종로구,0.0154,0.0363,0.35,0.0027,43,21
"20250419",중구,0.0178,0.0367,0.35,0.003,34,20
"20250419",중랑구,0.0159,0.0311,0.38,0.0028,45,24
"20250419",강남대로,0.0161,0.0241,0.42,0.0021,38,21
"20250419",강변북로,0.0225,0.0254,0.51,0.0022,47,18
"20250419",공항대로,0.02,0.0314,0.31,0.0026,27,12
"20250419",도산대로,0.0153,0.0304,0.42,0.0023,45,22
"20250419",동작대로,0.0191,0.0278,0.4,0.0027,42,20
"20250419",시흥대로,0.0195,0.0281,0.38,0.0025,43,15
"20250419",신촌로,0.0209,0.0249,0.5,0.0025,45,21
"20250419",영등포로,0.0209,0.0267,0.43,0.0024,38,16
"20250419",정릉로,0.027,0.0289,0.42,0.0024,47,20
"20250419",종로,0.0156,0.0276,0.38,0.0025,42,20
"20250419",천호대로,0.0183,0.0287,0.41,0.0024,35,12
"20250419",청계천로,0.0174,0.0312,0.4,0.0029,45,21
"20250419",한강대로,0.0175,0.03,0.43,0.0021,44,23
"20250419",홍릉로,0.0197,0.0317,0.45,0.0028,42,17
"20250419",화랑로,0.0245,0.0269,0.43,0.0024,44,23
"20250419",관악산,0.0061,0.06,0.23,0.0024,23,10
"20250419",남산,0.0091,0.0397,0.28,0.0027,30,14
"20250419",북한산,0.0085,0.0409,0.35,0.0028,30,19
"20250419",세곡,0.0116,0.032,0.41,0.0023,47,16
"20250419",항동,0.0124,0.0327,0.52,0.0031,33,19
"20250419",행주,0.011,0.0338,0.22,0.0026,31,15
"20250419",마포아트센터,0.0147,0.0426,0.52,0.0028,37,21
"20250419",서울숲,0.0156,0.0309,0.6,0.0026,41,21
"20250419",올림픽공원,0.008,0.036,0.27,0.002,39,21
"20250419",자연사박물관,0.0095,0.0423,0.4,0.0027,33,20
"20250420",강남구,0.0123,0.0456,0.38,0.0021,22,14
"20250420",강동구,0.0112,0.0484,0.59,0.002,24,17
"20250420",강북구,0.007,0.0438,0.35,0.002,19,12
"20250420",강서구,0.0163,0.0368,0.42,0.0027,28,15
"20250420",관악구,0.0155,0.0396,0.4,0.0023,20,14
"20250420",광진구,0.0156,0.0506,0.45,0.0021,21,14
"20250420",구로구,0.0128,0.0394,0.39,0.0025,21,20
"20250420",금천구,0.0173,0.0349,0.45,0.0025,24,16
"20250420",노원구,0.0123,0.0423,0.41,0.0021,23,13
"20250420",도봉구,0.0062,0.0471,0.49,0.002,21,10
"20250420",동대문구,0.013,0.0441,0.41,0.0022,25,14
"20250420",동작구,0.013,0.0429,0.38,0.002,21,12
"20250420",마포구,0.0134,0.0402,0.39,0.0023,21,14
"20250420",서대문구,0.0122,0.0412,0.52,0.0022,19,14
"20250420",서초구,0.0138,0.0398,0.45,0.0022,27,16
"20250420",성동구,0.0127,0.0423,0.4,0.0024,20,14
"20250420",성북구,0.0136,0.0435,0.4,0.0026,19,13
"20250420",송파구,0.0129,0.0421,0.37,0.0021,22,12
"20250420",양천구,0.0159,0.0381,0.43,0.0022,27,16
"20250420",영등포구,0.0137,0.0426,0.39,0.0021,21,14
"20250420",용산구,0.0152,0.0336,0.49,0.0024,23,15
"20250420",은평구,0.009,0.0351,0.59,0.0024,19,10
"20250420",종로구,0.0125,0.0449,0.39,0.0023,21,14
"20250420",중구,0.0123,0.0474,0.4,0.0027,18,13
"20250420",중랑구,0.0107,0.038,0.38,0.0024,22,15
"20250420",강남대로,0.0172,0.0255,0.45,0.0022,27,15
"20250420",강변북로,0.0222,0.0307,0.53,0.002,31,12
"20250420",공항대로,0.0206,0.0339,0.42,0.0026,26,15
"20250420",도산대로,0.0159,0.0335,0.51,0.002,28,16
"20250420",동작대로,0.0198,0.0353,0.47,0.0024,27,15
"20250420",시흥대로,0.0276,0.0283,0.54,0.0024,29,13
"20250420",신촌로,0.0217,0.0263,0.58,0.0025,29,17
"20250420",영등포로,0.0173,0.0364,0.44,0.0023,24,9
"20250420",정릉로,0.0239,0.0365,0.47,0.0021,27,12
"20250420",종로,0.0139,0.0343,0.43,0.0023,23,12
"20250420",천호대로,0.018,0.0363,0.47,0.0022,16,6
"20250420",청계천로,0.016,0.0352,0.48,0.0026,29,14
"20250420",한강대로,0.0156,0.0348,0.49,0.002,27,16
"20250420",홍릉로,0.0189,0.0374,0.5,0.0027,26,10
"20250420",화랑로,0.0197,0.0394,0.46,0.0022,22,17
"20250420",관악산,0.0083,0.0654,0.19,0.0022,23,11
"20250420",남산,0.0085,0.0465,0.32,0.0024,19,12
"20250420",북한산,0.0075,0.0428,0.35,0.0027,20,14
"20250420",세곡,0.0121,0.0379,0.46,0.002,24,11
"20250420",항동,0.0153,0.0354,0.61,0.0031,24,18
"20250420",행주,0.0087,0.0377,0.42,0.0026,21,12
"20250420",마포아트센터,0.0143,0.0456,0.71,0.0024,21,15
"20250420",서울숲,0.0129,0.041,0.62,0.0024,30,15
"20250420",올림픽공원,0.0064,0.0442,0.27,0.0018,18,11
"20250420",자연사박물관,0.0084,0.0453,0.45,0.0024,20,15
"20250421",강남구,0.0208,0.0358,0.38,0.0023,28,15
"20250421",강동구,0.0182,0.0406,0.61,0.0022,29,17
"20250421",강북구,0.0115,0.0424,0.33,0.0022,23,13
"20250421",강서구,0.0214,0.036,0.42,0.0028,28,14
"20250421",관악구,0.0228,0.0428,0.37,0.0052,26,16
"20250421",광진구,0.0207,0.0424,0.45,0.0024,26,17
"20250421",구로구,0.0154,0.0395,0.36,0.0026,22,19
"20250421",금천구,0.0183,0.0362,0.42,0.0027,26,15
"20250421",노원구,0.0185,0.0392,0.4,0.0024,27,14
"20250421",도봉구,0.0114,0.0446,0.48,0.0022,24,9
"20250421",동대문구,0.0204,0.0364,0.39,0.0027,31,14
"20250421",동작구,0.0166,0.04,0.36,0.0021,27,12
"20250421",마포구,0.0197,0.0383,0.38,0.0026,32,15
"20250421",서대문구,0.015,0.0445,0.47,0.0022,25,16
"20250421",서초구,0.0167,0.0406,0.43,0.0023,30,15
"20250421",성동구,0.0214,0.0329,0.39,0.0028,24,14
"20250421",성북구,0.0179,0.0384,0.41,0.003,24,11
"20250421",송파구,0.0167,0.0381,0.35,0.0025,27,15
"20250421",양천구,0.0208,0.0368,0.41,0.0023,29,15
"20250421",영등포구,0.0234,0.0361,0.41,0.0025,25,15
"20250421",용산구,0.0218,0.0292,0.44,0.0028,28,16
"20250421",은평구,0.0132,0.0397,0.6,0.0026,26,12
"20250421",종로구,0.022,0.0363,0.42,0.0028,26,15
"20250421",중구,0.0211,0.0376,0.41,0.003,22,12
"20250421",중랑구,0.0172,0.0348,0.38,0.0027,28,16
"20250421",강남대로,0.0225,0.0224,0.47,0.0024,29,14
"20250421",강변북로,0.0325,0.0214,0.53,0.0021,34,9
"20250421",공항대로,0.0307,0.0293,0.44,0.0031,31,14
"20250421",도산대로,0.0186,0.0326,0.54,0.0022,32,12
"20250421",동작대로,0.0269,0.0303,0.45,0.0027,33,18
"20250421",시흥대로,0.0346,0.0256,0.56,0.0028,34,11
"20250421",신촌로,0.028,0.0267,0.54,0.0027,31,17
"20250421",영등포로,0.0286,0.0287,0.48,0.0026,28,10
"20250421",정릉로,0.034,0.0274,0.48,0.0024,30,13
"20250421",종로,0.0234,0.0258,0.5,0.0027,28,13
"20250421",천호대로,0.0246,0.03,0.47,0.0024,23,7
"20250421",청계천로,0.0289,0.0247,0.58,0.0031,34,16
"20250421",한강대로,0.0227,0.0304,0.49,0.0021,32,17
"20250421",홍릉로,0.0263,0.0296,0.5,0.0032,30,10
"20250421",화랑로,0.0259,0.0321,0.42,0.0024,29,16
"20250421",관악산,0.007,0.0666,0.14,0.0023,28,14
"20250421",남산,0.0131,0.0418,0.63,0.0026,22,10
"20250421",북한산,0.0106,0.043,0.35,0.0028,25,17
"20250421",세곡,0.0139,0.0357,0.43,0.0021,29,11
"20250421",항동,0.019,0.0316,0.62,0.0031,25,15
"20250421",행주,0.0208,0.0385,0.43,0.0028,29,17
"20250421",마포아트센터,0.0198,0.0456,0.74,0.0027,25,15
"20250421",서울숲,0.0189,0.0339,0.64,0.0025,33,15
"20250421",올림픽공원,0.0108,0.0366,0.28,0.0019,24,13
"20250421",자연사박물관,0.0126,0.0468,0.45,0.0027,27,15
"20250422",강남구,0.02,0.0233,0.41,0.0024,20,12
"20250422",강동구,0.0176,0.0262,0.6,0.0021,19,15
"20250422",강북구,0.0119,0.026,0.33,0.0022,16,12
"20250422",강서구,0.0191,0.023,0.38,0.0027,22,12
"20250422",관악구,0.0266,0.0333,0.38,0.0096,16,11
"20250422",광진구,0.0209,0.0276,0.47,0.0023,21,13
"20250422",구로구,0.0145,0.0312,0.34,0.0024,8,5
"20250422",금천구,0.0184,0.0209,0.39,0.0027,18,11
"20250422",노원구,0.0141,0.0282,0.35,0.0023,17,7
"20250422",도봉구,0.0124,0.029,0.53,0.0018,16,8
"20250422",동대문구,0.0184,0.025,0.38,0.0027,22,11
"20250422",동작구,0.0147,0.0246,0.36,0.0021,20,8
"20250422",마포구,0.0193,0.024,0.36,0.0024,22,13
"20250422",서대문구,0.0132,0.0301,0.54,0.0023,13,12
"20250422",서초구,0.0188,0.026,0.46,0.0022,17,11
"20250422",성동구,0.0203,0.0195,0.39,0.0034,17,11
"20250422",성북구,0.0179,0.0277,0.45,0.0029,18,10
"20250422",송파구,0.0197,0.0202,0.39,0.0024,19,9
"20250422",양천구,0.0171,0.0279,0.37,0.0024,21,11
"20250422",영등포구,0.0207,0.0234,0.37,0.0024,18,12
"20250422",용산구,0.0196,0.0171,0.44,0.0027,16,13
"20250422",은평구,0.0115,0.025,0.65,0.0024,16,9
"20250422",종로구,0.0179,0.0279,0.4,0.0027,18,11
"20250422",중구,0.0171,0.0291,0.38,0.0029,15,9
"20250422",중랑구,0.0156,0.0227,0.37,0.0026,20,13
"20250422",강남대로,0.0237,0.0122,0.59,0.0021,16,11
"20250422",강변북로,0.023,0.0173,0.54,0.0018,24,7
"20250422",공항대로,0.0286,0.0189,0.4,0.0027,22,11
"20250422",도산대로,0.0199,0.0231,0.58,0.0018,20,12
"20250422",동작대로,0.0243,0.0168,0.44,0.0027,23,11
"20250422",시흥대로,0.0323,0.0166,0.63,0.0026,25,9
"20250422",신촌로,0.0249,0.0181,0.53,0.0027,23,13
"20250422",영등포로,0.0253,0.0201,0.45,0.0024,20,8
"20250422",정릉로,0.0304,0.0189,0.46,0.0024,26,9
"20250422",종로,0.0177,0.0178,0.44,0.0028,19,9
"20250422",천호대로,0.0244,0.0144,0.5,0.0024,14,6
"20250422",청계천로,0.0229,0.0204,0.53,0.0029,21,12
"20250422",한강대로,0.0193,0.0244,0.47,0.002,18,14
"20250422",홍릉로,0.0227,0.022,0.43,0.0028,19,8
"20250422",화랑로,0.0277,0.0174,0.48,0.0024,19,14
"20250422",관악산,0.0079,0.0531,0.19,0.0023,17,10
"20250422",남산,0.0108,0.0333,0.43,0.0025,11,6
"20250422",북한산,0.0088,0.0304,0.37,0.0027,13,10
"20250422",세곡,0.0177,0.0177,0.47,0.0021,19,9
"20250422",항동,0.0172,0.021,0.63,0.0029,17,12
"20250422",행주,0.0107,0.0321,0.3,0.0024,17,10
"20250422",마포아트센터,0.0187,0.0338,0.67,0.0024,15,11
"20250422",서울숲,0.0187,0.0223,0.69,0.0023,18,9
"20250422",올림픽공원,0.0105,0.0228,0.26,0.0019,16,9
"20250422",자연사박물관,0.0109,0.0352,0.49,0.0024,17,13
"20250423",강남구,0.0159,0.0489,0.34,0.0024,16,7
"20250423",강동구,0.0127,0.0554,0.44,0.0023,18,8
"20250423",강북구,0.0083,0.0442,0.3,0.0021,14,7
"20250423",강서구,0.0167,0.0446,0.35,0.0026,18,7
"20250423",관악구,0.0187,0.0459,0.36,0.0052,15,9
"20250423",광진구,0.0174,0.0573,0.31,0.0023,15,7
"20250423",구로구,0.014,0.0414,0.32,0.0025,18,10
"20250423",금천구,0.0173,0.0437,0.34,0.0027,13,6
"20250423",노원구,0.0125,0.0479,0.33,0.0022,15,5
"20250423",도봉구,0.0083,0.0501,0.43,0.0019,13,3
"20250423",동대문구,0.0135,0.0483,0.33,0.0024,16,6
"20250423",동작구,0.0155,0.0496,0.34,0.0021,18,5
"20250423",마포구,0.0155,0.0486,0.33,0.0023,17,7
"20250423",서대문구,0.0132,0.0495,0.41,0.0021,14,8
"20250423",서초구,0.0165,0.0469,0.41,0.0023,21,8
"20250423",성동구,0.0158,0.0426,0.34,0.003,13,6
"20250423",성북구,0.0142,0.047,0.37,0.0028,12,4
"20250423",송파구,0.0163,0.0457,0.34,0.0023,19,8
"20250423",양천구,0.0175,0.0449,0.35,0.0023,17,6
"20250423",영등포구,0.0181,0.0462,0.34,0.0024,15,7
"20250423",용산구,0.0192,0.0387,0.4,0.0027,17,7
"20250423",은평구,0.0122,0.0363,0.51,0.0025,15,4
"20250423",종로구,0.0143,0.0491,0.34,0.0026,15,7
"20250423",중구,0.0134,0.0521,0.34,0.0028,12,6
"20250423",중랑구,0.0121,0.0437,0.32,0.0027,15,7
"20250423",강남대로,0.0234,0.0303,0.48,0.0019,23,7
"20250423",강변북로,0.027,0.0331,0.44,0.002,23,5
"20250423",공항대로,0.0241,0.0378,0.37,0.0027,20,6
"20250423",도산대로,0.0178,0.0396,0.51,0.0018,22,8
"20250423",동작대로,0.028,0.0376,0.41,0.0025,23,9
"20250423",시흥대로,0.0307,0.0346,0.48,0.0027,22,5
"20250423",신촌로,0.0245,0.0331,0.5,0.0027,21,10
"20250423",영등포로,0.0246,0.0371,0.43,0.0023,18,4
"20250423",정릉로,0.0272,0.0389,0.39,0.0022,19,5
"20250423",종로,0.0173,0.0387,0.41,0.0027,17,5
"20250423",천호대로,0.0188,0.0451,0.41,0.0024,12,4
"20250423",청계천로,0.0225,0.0368,0.47,0.0028,21,8
"20250423",한강대로,0.0176,0.0404,0.42,0.0021,22,9
"20250423",홍릉로,0.021,0.0417,0.41,0.0028,16,5
"20250423",화랑로,0.0252,0.0409,0.41,0.0023,15,9
"20250423",관악산,0.0102,0.066,0.22,0.0023,20,7
"20250423",남산,0.0135,0.0472,0.3,0.0025,12,3
"20250423",북한산,0.0078,0.0455,0.3,0.0027,17,9
"20250423",세곡,0.0188,0.0377,0.41,0.0021,21,5
"20250423",항동,0.0203,0.0347,0.56,0.0032,15,8
"20250423",행주,0.0109,0.047,0.33,0.0026,14,6
"20250423",마포아트센터,0.0159,0.0541,0.55,0.0025,15,7
"20250423",서울숲,0.0151,0.0457,0.52,0.0024,18,5
"20250423",올림픽공원,0.0099,0.0543,0.29,0.0022,13,6
"20250423",자연사박물관,0.0092,0.0536,0.38,0.0026,14,8
"20250424",강남구,0.0151,0.0502,0.37,0.003,44,25
"20250424",강동구,0.0153,0.0516,0.48,0.003,50,31
"20250424",강북구,0.0105,0.0502,0.34,0.0025,44,29
"20250424",강서구,0.0177,0.0461,0.36,0.003,47,26
"20250424",관악구,0.0163,0.0464,0.38,0.0028,44,27
"20250424",광진구,0.0178,0.0548,0.31,0.0028,43,26
"20250424",구로구,0.0136,0.0442,0.33,0.0026,57,36
"20250424",금천구,0.0188,0.0437,0.45,0.0035,47,29
"20250424",노원구,0.0151,0.0488,0.38,0.0027,46,25
"20250424",도봉구,0.0113,0.0511,0.44,0.0024,45,22
"20250424",동대문구,0.0151,0.0501,0.37,0.003,49,25
"20250424",동작구,0.0148,0.0509,0.36,0.0027,46,25
"20250424",마포구,0.0173,0.0498,0.36,0.0029,49,27
"20250424",서대문구,0.0147,0.0476,0.46,0.0027,49,28
"20250424",서초구,0.0152,0.0479,0.41,0.0028,60,32
"20250424",성동구,0.0177,0.0456,0.37,0.003,40,23
"20250424",성북구,0.0156,0.0472,0.41,0.0034,46,26
"20250424",송파구,0.0178,0.0423,0.37,0.0028,46,24
"20250424",양천구,0.0163,0.0467,0.36,0.003,49,29
"20250424",영등포구,0.0162,0.0483,0.36,0.0029,42,30
"20250424",용산구,0.0183,0.0407,0.42,0.0034,49,26
"20250424",은평구,0.0154,0.0399,0.45,0.003,51,25
"20250424",종로구,0.017,0.0497,0.38,0.0031,47,30
"20250424",중구,0.0166,0.0517,0.37,0.0034,37,27
"20250424",중랑구,0.0166,0.0425,0.38,0.0032,45,28
"20250424",강남대로,0.0222,0.0304,0.49,0.0026,54,28
"20250424",강변북로,0.0295,0.0299,0.46,0.0024,59,26
"20250424",공항대로,0.0225,0.0404,0.38,0.0032,48,25
"20250424",도산대로,0.0182,0.0396,0.4,0.0023,56,29
"20250424",동작대로,0.023,0.0417,0.41,0.003,49,29
"20250424",시흥대로,0.0226,0.0398,0.44,0.0033,51,25
"20250424",신촌로,0.0277,0.0335,0.56,0.0031,52,31
"20250424",영등포로,0.0261,0.0368,0.48,0.0029,48,25
"20250424",정릉로,0.0265,0.0418,0.43,0.0028,47,25
"20250424",종로,0.0191,0.0427,0.43,0.0031,46,23
"20250424",천호대로,0.0215,0.0412,0.44,0.0028,38,15
"20250424",청계천로,0.0231,0.0407,0.47,0.0032,51,28
"20250424",한강대로,0.0204,0.0402,0.46,0.0024,57,31
"20250424",홍릉로,0.0224,0.043,0.47,0.0033,43,18
"20250424",화랑로,0.0251,0.0461,0.41,0.0027,40,30
"20250424",관악산,0.0077,0.0761,0.22,0.0028,57,31
"20250424",남산,0.0137,0.049,0.24,0.003,46,25
"20250424",북한산,0.0085,0.0551,0.32,0.0031,49,30
"20250424",세곡,0.0162,0.0364,0.42,0.0026,51,22
"20250424",항동,0.0169,0.0405,0.52,0.0036,45,29
"20250424",행주,0.0163,0.0444,0.43,0.0033,45,28
"20250424",마포아트센터,0.0176,0.0547,0.61,0.0032,50,30
"20250424",서울숲,0.0158,0.0419,0.47,0.0029,55,26
"20250424",올림픽공원,0.0133,0.0482,0.38,0.0026,46,26
"20250424",자연사박물관,0.0127,0.0524,0.39,0.0032,51,31
"20250425",강남구,0.0119,0.0438,0.32,0.0028,50,24
"20250425",강동구,0.0117,0.0459,0.41,0.003,58,29
"20250425",강북구,0.0063,0.0484,0.27,0.0024,54,29
"20250425",강서구,0.0146,0.0431,0.29,0.0032,48,20
"20250425",관악구,0.0156,0.0361,0.33,0.0026,49,24
"20250425",광진구,0.0105,0.0506,0.2,0.0029,52,27
"20250425",구로구,0.0133,0.0385,0.29,0.0026,57,22
"20250425",금천구,0.0181,0.0345,0.34,0.0032,46,25
"20250425",노원구,0.0117,0.0413,0.34,0.0026,58,28
"20250425",도봉구,0.0046,0.0494,0.3,0.0034,46,17
"20250425",동대문구,0.0103,0.0443,0.3,0.0028,57,26
"20250425",동작구,0.0127,0.0444,0.3,0.0025,50,22
"20250425",마포구,0.0137,0.0447,0.3,0.0029,54,24
"20250425",서대문구,0.01,0.0401,0.41,0.0036,52,25
"20250425",서초구,0.0138,0.0418,0.34,0.0028,65,21
"20250425",성동구,0.0125,0.0418,0.3,0.0029,47,24
"20250425",성북구,0.0102,0.0436,0.38,0.0034,50,21
"20250425",송파구,0.0139,0.0398,0.31,0.0027,55,25
"20250425",양천구,0.0138,0.0431,0.31,0.0028,51,22
"20250425",영등포구,0.0134,0.0432,0.3,0.0026,42,22
"20250425",용산구,0.0144,0.0365,0.36,0.0032,56,22
"20250425",은평구,0.0121,0.0365,0.33,0.0031,55,21
"20250425",종로구,0.0124,0.0437,0.33,0.0028,55,30
"20250425",중구,0.0114,0.0448,0.31,0.0031,42,26
"20250425",중랑구,0.0117,0.038,0.32,0.003,52,31
"20250425",강남대로,0.0224,0.0261,0.44,0.0029,56,21
"20250425",강변북로,0.0253,0.0293,0.34,0.0027,61,18
"20250425",공항대로,0.0189,0.0367,0.33,0.003,58,21
"20250425",도산대로,0.0145,0.0362,0.34,0.0026,56,20
"20250425",동작대로,0.0221,0.0372,0.36,0.003,52,25
"20250425",시흥대로,0.0223,0.0341,0.41,0.003,52,21
"20250425",신촌로,0.0254,0.0296,0.51,0.0029,57,29
"20250425",영등포로,0.0223,0.0361,0.4,0.0029,47,18
"20250425",정릉로,0.0203,0.0369,0.34,0.0026,55,25
"20250425",종로,0.0137,0.0386,0.36,0.0029,54,23
"20250425",천호대로,0.0168,0.0402,0.38,0.0027,45,16
"20250425",청계천로,0.016,0.037,0.37,0.003,59,28
"20250425",한강대로,0.0154,0.0381,0.38,0.0024,56,24
"20250425",홍릉로,0.0179,0.0378,0.4,0.003,48,18
"20250425",화랑로,0.0258,0.0387,0.39,0.0027,54,33
"20250425",관악산,0.0063,0.0565,0.35,0.0027,62,18
"20250425",남산,0.0084,0.0452,0.27,0.0032,49,18
"20250425",북한산,0.0047,0.0455,0.26,0.0032,51,27
"20250425",세곡,0.0177,0.0318,0.36,0.0026,57,20
"20250425",항동,0.0163,0.0356,0.38,0.0035,42,18
"20250425",행주,0.0092,0.0428,0.46,0.0033,45,21
"20250425",마포아트센터,0.0122,0.0493,0.57,0.0035,51,20
"20250425",서울숲,0.0109,0.0413,0.3,0.0032,62,20
"20250425",올림픽공원,0.0078,0.0478,0.44,0.0028,50,21
"20250425",자연사박물관,0.007,0.0479,0.27,0.0033,52,23
"20250426",강남구,0.0159,0.0459,0.3,0.0028,35,13
"20250426",강동구,0.0158,0.0488,0.43,0.0034,41,17
"20250426",강북구,0.0126,0.0488,0.31,0.0026,34,17
"20250426",강서구,0.0182,0.0426,0.31,0.0031,38,11
"20250426",관악구,0.0147,0.0424,0.31,0.0027,35,13
"20250426",광진구,0.0172,0.0482,0.27,0.0031,35,15
"20250426",구로구,0.0144,0.0411,0.29,0.0027,42,18
"20250426",금천구,0.0192,0.0394,0.34,0.0032,33,14
"20250426",노원구,0.0169,0.0436,0.35,0.0029,39,13
"20250426",도봉구,0.0131,0.0463,0.35,0.0037,34,10
"20250426",동대문구,0.0162,0.0448,0.31,0.003,39,14
"20250426",동작구,0.0142,0.0489,0.29,0.0026,35,12
"20250426",마포구,0.0169,0.0473,0.3,0.003,42,13
"20250426",서대문구,0.0145,0.0427,0.43,0.0037,36,15
"20250426",서초구,0.0141,0.0462,0.34,0.0029,43,15
"20250426",성동구,0.0174,0.0432,0.3,0.0028,35,13
"20250426",성북구,0.0166,0.0407,0.47,0.0037,36,16
"20250426",송파구,0.0174,0.0413,0.3,0.0028,37,13
"20250426",양천구,0.0167,0.0437,0.31,0.0033,38,14
"20250426",영등포구,0.0167,0.0446,0.3,0.0029,31,14
"20250426",용산구,0.0184,0.0377,0.34,0.0033,38,13
"20250426",은평구,0.015,0.0403,0.34,0.0033,40,11
"20250426",종로구,0.0176,0.0448,0.33,0.003,37,16
"20250426",중구,0.0185,0.0431,0.31,0.0033,28,13
"20250426",중랑구,0.0164,0.0411,0.32,0.0032,37,17
"20250426",강남대로,0.0199,0.0316,0.44,0.0033,40,14
"20250426",강변북로,0.0257,0.0328,0.37,0.003,48,12
"20250426",공항대로,0.021,0.0389,0.33,0.003,42,13
"20250426",도산대로,0.0181,0.038,0.43,0.0028,44,14
"20250426",동작대로,0.0217,0.0414,0.36,0.0028,39,16
"20250426",시흥대로,0.0247,0.0345,0.37,0.0033,39,10
"20250426",신촌로,0.0252,0.0321,0.47,0.0031,41,17
"20250426",영등포로,0.0246,0.0364,0.4,0.003,36,9
"20250426",정릉로,0.0272,0.0365,0.4,0.0027,38,13
"20250426",종로,0.0181,0.0392,0.35,0.0031,38,10
"20250426",천호대로,0.0205,0.042,0.37,0.0029,30,5
"20250426",청계천로,0.0214,0.0368,0.43,0.0031,40,15
"20250426",한강대로,0.0217,0.0357,0.41,0.0025,46,16
"20250426",홍릉로,0.0217,0.0396,0.4,0.0032,36,9
"20250426",화랑로,0.0264,0.0397,0.37,0.0027,35,16
"20250426",관악산,0.0055,0.0728,0.48,0.003,44,12
"20250426",남산,0.0136,0.0457,0.35,0.0034,33,10
"20250426",북한산,0.0106,0.0489,0.29,0.0033,39,18
"20250426",세곡,0.0156,0.0371,0.35,0.0028,38,11
"20250426",항동,0.0179,0.0373,0.41,0.0037,31,14
"20250426",행주,0.0179,0.0395,0.35,0.0035,35,13
"20250426",마포아트센터,0.0172,0.0512,0.59,0.0037,37,13
"20250426",서울숲,0.0149,0.0424,0.34,0.0033,49,12
"20250426",올림픽공원,0.012,0.0482,0.48,0.0029,37,13
"20250426",자연사박물관,0.013,0.0477,0.31,0.0036,37,16
"20250427",강남구,0.0141,0.0517,0.31,0.0029,25,10
"20250427",강동구,0.0135,0.0527,0.45,0.0033,31,14
"20250427",강북구,0.0105,0.0539,0.28,0.0025,27,12
"20250427",강서구,0.0138,0.0534,0.28,0.0028,27,8
"20250427",관악구,0.0116,0.0513,0.29,0.0028,24,10
"20250427",광진구,0.0139,0.0546,0.27,0.0032,26,11
"20250427",구로구,0.0104,0.0511,0.28,0.0028,29,12
"20250427",금천구,0.0128,0.053,0.34,0.0029,22,9
"20250427",노원구,0.0128,0.0538,0.31,0.0028,31,8
"20250427",도봉구,0.0097,0.0537,0.35,0.0039,28,7
"20250427",동대문구,0.0131,0.0527,0.31,0.003,29,10
"20250427",동작구,0.0116,0.0563,0.29,0.0026,25,8
"20250427",마포구,0.0135,0.058,0.28,0.0029,27,9
"20250427",서대문구,0.0115,0.0506,0.41,0.0034,24,11
"20250427",서초구,0.0106,0.0543,0.34,0.003,31,11
"20250427",성동구,0.0135,0.051,0.3,0.0029,23,9
"20250427",성북구,0.0151,0.0449,0.39,0.0036,26,10
"20250427",송파구,0.0127,0.0499,0.29,0.0026,28,11
"20250427",양천구,0.0124,0.0551,0.29,0.0028,27,9
"20250427",영등포구,0.0115,0.0566,0.27,0.0027,22,10
"20250427",용산구,0.0157,0.0429,0.38,0.0033,29,9
"20250427",은평구,0.012,0.0482,0.32,0.0033,27,7
"20250427",종로구,0.0154,0.0501,0.33,0.0029,28,11
"20250427",중구,0.0142,0.0517,0.29,0.0031,18,9
"20250427",중랑구,0.0124,0.0509,0.31,0.0033,27,13
"20250427",강남대로,0.0168,0.0372,0.43,0.0035,27,9
"20250427",강변북로,0.0218,0.0407,0.36,0.003,34,7
"20250427",공항대로,0.0166,0.05,0.29,0.003,27,9
"20250427",도산대로,0.0142,0.0452,0.41,0.0029,30,9
"20250427",동작대로,0.0179,0.0511,0.34,0.0031,29,11
"20250427",시흥대로,0.0171,0.047,0.33,0.0031,27,6
"20250427",신촌로,0.0216,0.04,0.43,0.003,31,12
"20250427",영등포로,0.0208,0.0466,0.36,0.0029,27,5
"20250427",정릉로,0.0235,0.0438,0.39,0.0026,29,8
"20250427",종로,0.0158,0.0436,0.36,0.0029,28,7
"20250427",천호대로,0.0189,0.0462,0.39,0.0028,21,4
"20250427",청계천로,0.0178,0.042,0.38,0.003,32,11
"20250427",한강대로,0.018,0.044,0.4,0.0025,31,11
"20250427",홍릉로,0.0181,0.0481,0.37,0.0033,27,5
"20250427",화랑로,0.0211,0.0485,0.37,0.0026,27,13
"20250427",관악산,0.0048,0.0759,,0.0029,30,9
"20250427",남산,0.0093,0.0563,0.29,0.0034,22,6
"20250427",북한산,0.0076,0.0555,0.25,0.0032,30,13
"20250427",세곡,0.0115,0.044,0.33,0.0029,26,8
"20250427",항동,0.0134,0.0456,0.38,0.0036,20,8
"20250427",행주,0.0127,0.0501,0.32,0.0034,26,9
"20250427",마포아트센터,0.0127,0.0617,0.57,0.0035,26,8
"20250427",서울숲,0.0116,0.0484,0.34,0.0033,42,8
"20250427",올림픽공원,0.0087,0.0543,0.47,0.0028,25,9
"20250427",자연사박물관,0.0085,0.0589,0.26,0.0035,26,10
"20250428",강남구,0.0137,0.0494,0.29,0.0026,35,16
"20250428",강동구,0.0122,0.0539,0.4,0.0031,40,17
"20250428",강북구,0.0084,0.0507,0.27,0.0023,32,17
"20250428",강서구,0.0171,0.0455,0.3,0.0028,38,15
"20250428",관악구,0.0146,0.0461,0.31,0.0026,35,16
"20250428",광진구,0.0128,0.0548,0.23,0.0031,36,16
"20250428",구로구,0.0129,0.046,0.28,0.0025,46,20
"20250428",금천구,0.0161,0.0454,0.34,0.003,35,16
"20250428",노원구,0.0136,0.0454,0.31,0.0025,35,12
"20250428",도봉구,0.0087,0.0503,0.32,0.0036,33,10
"20250428",동대문구,0.0132,0.0495,0.29,0.0026,37,14
"20250428",동작구,0.012,0.0539,0.29,0.0025,36,14
"20250428",마포구,0.0155,0.0508,0.28,0.0028,40,16
"20250428",서대문구,0.0111,0.0466,0.43,0.0036,36,15
"20250428",서초구,0.0118,0.0511,0.34,0.0028,48,18
"20250428",성동구,0.0147,0.0479,0.29,0.0028,33,15
"20250428",성북구,0.0117,0.0471,0.18,0.0034,33,15
"20250428",송파구,0.0145,0.0468,0.29,0.0026,38,17
"20250428",양천구,0.0154,0.0485,0.31,0.0027,40,16
"20250428",영등포구,0.014,0.049,0.29,0.0036,35,17
"20250428",용산구,0.0165,0.0418,0.33,0.003,40,15
"20250428",은평구,0.0121,0.0419,0.32,0.003,37,11
"20250428",종로구,0.0148,0.0491,0.31,0.0026,36,17
"20250428",중구,0.0141,0.0524,0.3,0.003,28,15
"20250428",중랑구,0.0134,0.0457,0.31,0.0029,35,18
"20250428",강남대로,0.0221,0.0328,0.44,0.0035,42,15
"20250428",강변북로,0.0286,0.0336,0.35,0.0027,50,13
"20250428",공항대로,0.0216,0.0417,0.33,0.003,42,17
"20250428",도산대로,0.0157,0.0411,0.42,0.0025,44,16
"20250428",동작대로,0.0216,0.0446,0.34,0.0028,39,17
"20250428",시흥대로,0.0203,0.0409,0.35,0.0029,41,13
"20250428",신촌로,0.0253,0.0332,0.48,0.003,41,19
"20250428",영등포로,0.0228,0.0418,0.37,0.0028,37,11
"20250428",정릉로,0.0236,0.0425,0.35,0.0026,36,13
"20250428",종로,0.0156,0.0435,0.34,0.0027,36,11
"20250428",천호대로,0.02,0.0434,0.35,0.0026,29,7
"20250428",청계천로,0.0195,0.0416,0.37,0.0028,41,16
"20250428",한강대로,0.0178,0.0425,0.38,0.0024,42,16
"20250428",홍릉로,0.0207,0.0424,0.4,0.003,35,9
"20250428",화랑로,0.0268,0.0426,0.38,0.0026,34,17
"20250428",관악산,0.0064,0.0703,,0.0029,48,18
"20250428",남산,0.0113,0.0501,0.38,0.0032,34,11
"20250428",북한산,0.0062,0.0496,0.26,0.003,35,19
"20250428",세곡,0.0183,0.0371,0.34,0.0028,38,12
"20250428",항동,0.0176,0.0369,0.39,0.0035,33,16
"20250428",행주,0.0114,0.047,0.34,0.0032,37,16
"20250428",마포아트센터,0.0153,0.0549,0.6,0.0033,38,15
"20250428",서울숲,0.0132,0.0464,0.32,0.0032,52,13
"20250428",올림픽공원,0.0094,0.0532,0.47,0.0027,34,14
"20250428",자연사박물관,0.0106,0.0523,0.27,0.0033,39,16
"20250429",강남구,0.0192,0.0454,0.35,0.0027,39,23
"20250429",강동구,0.0181,0.0475,0.46,0.0032,39,25
"20250429",강북구,0.0119,0.051,0.31,0.0024,37,27
"20250429",강서구,0.0194,0.0468,0.36,0.0029,47,27
"20250429",관악구,0.0169,0.0425,0.38,0.0026,39,25
"20250429",광진구,0.0173,0.0504,0.26,0.003,37,24
"20250429",구로구,0.0166,0.0439,0.33,0.0025,47,29
"20250429",금천구,0.0214,0.0407,0.37,0.0031,41,27
"20250429",노원구,0.019,0.044,0.36,0.0026,39,24
"20250429",도봉구,0.0142,0.0489,0.33,0.0035,33,18
"20250429",동대문구,0.0188,0.0452,0.35,0.0028,42,24
"20250429",동작구,0.0161,0.0495,0.35,0.0025,40,23
"20250429",마포구,0.0194,0.046,0.35,0.0028,44,25
"20250429",서대문구,0.0149,0.046,0.47,0.0037,37,23
"20250429",서초구,0.0187,0.041,0.39,0.0027,45,23
"20250429",성동구,0.02,0.044,0.35,0.0029,35,23
"20250429",성북구,0.0178,0.0429,0.38,0.0035,35,23
"20250429",송파구,0.0201,0.0418,0.35,0.0026,41,23
"20250429",양천구,0.0196,0.045,0.37,0.0027,46,28
"20250429",영등포구,0.0191,0.0456,0.35,0.0041,40,27
"20250429",용산구,0.0213,0.0389,0.41,0.0031,43,24
"20250429",은평구,0.0153,0.0425,0.32,0.0032,38,19
"20250429",종로구,0.0209,0.0429,0.37,0.0028,39,27
"20250429",중구,0.0201,0.048,0.36,0.0032,33,25
"20250429",중랑구,0.0168,0.0444,0.35,0.003,39,28
"20250429",강남대로,0.0301,0.0246,0.51,0.0036,41,22
"20250429",강변북로,0.0323,0.0314,0.37,0.0029,44,17
"20250429",공항대로,0.0263,0.0364,0.39,0.003,52,24
"20250429",도산대로,0.023,0.0362,0.61,0.0027,42,22
"20250429",동작대로,0.0295,0.0372,0.45,0.0028,44,28
"20250429",시흥대로,0.0322,0.0341,0.47,0.0032,50,25
"20250429",신촌로,0.0324,0.0296,0.54,0.0031,47,30
"20250429",영등포로,0.0279,0.039,0.44,0.0028,43,21
"20250429",정릉로,0.0308,0.0374,0.41,0.0026,41,23
"20250429",종로,0.0225,0.0356,0.41,0.0028,39,21
"20250429",천호대로,0.0251,0.0399,0.47,0.0027,33,14
"20250429",청계천로,0.0289,0.0339,0.48,0.0029,42,26
"20250429",한강대로,0.0244,0.0362,0.45,0.0024,45,23
"20250429",홍릉로,0.0271,0.037,0.46,0.0031,39,16
"20250429",화랑로,0.0337,0.0359,0.41,0.0027,40,28
"20250429",관악산,0.0061,0.072,,0.003,39,20
"20250429",남산,0.0122,0.0512,0.69,0.0032,33,19
"20250429",북한산,0.0086,0.0516,0.28,0.003,37,26
"20250429",세곡,0.0204,0.037,0.38,0.0028,39,18
"20250429",항동,0.0208,0.0371,0.39,0.0035,41,24
"20250429",행주,0.0177,0.0443,0.41,0.0032,44,28
"20250429",마포아트센터,0.0193,0.0514,0.62,0.0033,38,22
"20250429",서울숲,0.0171,0.0436,0.37,0.0033,46,19
"20250429",올림픽공원,0.0149,0.0456,0.54,0.0029,34,21
"20250429",자연사박물관,0.015,0.048,0.29,0.0034,37,22
"20250430",강남구,0.0215,0.0484,0.37,0.0027,41,21
"20250430",강동구,0.0223,0.0474,0.5,0.0032,46,24
"20250430",강북구,0.014,0.055,0.34,0.0026,39,23
"20250430",강서구,0.0196,0.0577,0.37,0.0029,41,18
"20250430",관악구,0.0184,0.0505,0.37,0.0027,38,20
"20250430",광진구,0.0209,0.0509,0.36,0.0031,40,21
"20250430",구로구,0.0169,0.0541,0.34,0.0027,48,23
"20250430",금천구,0.0217,0.0523,0.38,0.0032,40,20
"20250430",노원구,0.0244,0.0455,0.42,0.0028,45,21
"20250430",도봉구,0.0161,0.0537,0.38,0.0037,39,16
"20250430",동대문구,0.0211,0.05,0.38,0.0029,47,22
"20250430",동작구,0.0167,0.0529,0.35,0.0025,39,18
"20250430",마포구,0.0175,0.0618,0.35,0.003,49,23
"20250430",서대문구,0.0163,0.0543,0.47,0.0038,38,18
"20250430",서초구,0.0208,0.0492,0.39,0.0028,49,20
"20250430",성동구,0.0241,0.0453,0.38,0.0031,39,19
"20250430",성북구,0.0201,0.0457,0.39,0.0036,40,21
"20250430",송파구,0.0215,0.047,0.37,0.0031,43,21
"20250430",양천구,0.0205,0.0562,0.37,0.0028,43,20
"20250430",영등포구,0.0217,0.0553,0.38,0.0036,38,21
"20250430",용산구,0.0251,0.0412,0.42,0.0032,46,20
"20250430",은평구,0.0135,0.0558,0.35,0.0034,41,13
"20250430",종로구,0.0234,0.0497,0.41,0.0032,43,24
"20250430",중구,0.0246,0.0475,0.42,0.0034,34,22
"20250430",중랑구,0.0191,0.0471,0.36,0.0031,41,24
"20250430",강남대로,0.0314,0.0296,0.49,0.0039,45,19
"20250430",강변북로,0.0367,0.0328,0.41,0.0029,50,16
"20250430",공항대로,0.0256,0.0505,0.38,0.003,46,18
"20250430",도산대로,0.0257,0.0405,0.71,0.0028,51,19
"20250430",동작대로,0.0326,0.0408,0.46,0.003,48,25
"20250430",시흥대로,0.0414,0.0369,0.54,0.0035,48,18
"20250430",신촌로,0.0339,0.0377,0.53,0.0036,48,27
"20250430",영등포로,0.0333,0.0427,0.48,0.003,44,16
"20250430",정릉로,0.0392,0.0362,0.5,0.0027,45,22
"20250430",종로,0.0283,0.0389,0.51,0.0032,44,17
"20250430",천호대로,0.03,0.0408,0.47,0.0028,38,13
"20250430",청계천로,0.0326,0.0371,0.57,0.0033,48,25
"20250430",한강대로,0.0268,0.0449,0.47,0.0027,53,23
"20250430",홍릉로,0.0308,0.0411,0.48,0.0034,43,15
"20250430",화랑로,0.0378,0.0433,0.44,0.0028,46,27
"20250430",관악산,0.0053,0.0894,0.42,0.0034,47,15
"20250430",남산,0.0106,0.0631,0.44,0.0034,37,15
"20250430",북한산,0.0093,0.0575,0.29,0.0031,39,22
"20250430",세곡,0.0225,0.0404,0.4,0.0028,45,16
"20250430",항동,0.0211,0.0478,0.4,0.0035,39,17
"20250430",행주,0.0249,0.0491,0.44,0.0033,42,19
"20250430",마포아트센터,0.0199,0.0635,0.48,0.0037,42,18
"20250430",서울숲,0.0199,0.0466,0.41,0.0033,53,20
"20250430",올림픽공원,0.0161,0.0504,0.48,0.0028,42,21
"20250430",자연사박물관,0.0126,0.0665,0.32,0.0036,42,18
"20250501",강남구,0.016,0.0463,0.34,0.0023,33,18
"20250501",강동구,0.0178,0.042,0.5,0.0027,35,22
"20250501",강북구,0.0143,0.0431,0.36,0.0023,29,20
"20250501",강서구,0.0142,0.0508,0.34,0.0024,38,17
"20250501",관악구,0.0115,0.0501,0.32,0.002,32,17
"20250501",광진구,0.0174,0.0462,0.47,0.0028,33,18
"20250501",구로구,0.0116,0.049,0.3,0.002,37,22
"20250501",금천구,0.0145,0.0486,0.35,0.0025,35,18
"20250501",노원구,0.0169,0.0429,0.37,0.0023,33,14
"20250501",도봉구,0.0147,0.0403,0.43,0.0034,28,14
"20250501",동대문구,0.0172,0.0453,0.36,0.0025,38,18
"20250501",동작구,0.0105,0.0497,0.29,0.0019,33,15
"20250501",마포구,0.0147,0.0538,0.34,0.0025,34,19
"20250501",서대문구,0.0109,0.0508,0.49,0.0032,32,19
"20250501",서초구,0.0128,0.0498,0.36,0.0024,33,18
"20250501",성동구,0.0163,0.0451,0.34,0.0025,35,17
"20250501",성북구,0.0208,0.035,0.39,0.0032,35,20
"20250501",송파구,0.0161,0.0429,0.33,0.0022,31,17
"20250501",양천구,0.0137,0.0517,0.34,0.0022,38,18
"20250501",영등포구,0.0135,0.0514,0.32,0.0025,33,18
"20250501",용산구,0.0152,0.0421,0.36,0.0025,32,15
"20250501",은평구,0.0115,0.0462,0.39,0.0028,34,15
"20250501",종로구,0.0179,0.047,0.37,0.0025,35,19
"20250501",중구,0.0171,0.0478,0.33,0.0026,29,17
"20250501",중랑구,0.0146,0.0443,0.33,0.0027,35,20
"20250501",강남대로,0.0208,0.0298,0.46,0.0033,33,17
"20250501",강변북로,0.0256,0.0327,0.4,0.0024,39,15
"20250501",공항대로,0.0193,0.047,0.35,0.0024,34,14
"20250501",도산대로,0.0175,0.0394,0.59,0.0022,38,17
"20250501",동작대로,0.0206,0.0434,0.37,0.0024,37,18
"20250501",시흥대로,0.0252,0.0413,0.42,0.0027,37,13
"20250501",신촌로,0.0259,0.0406,0.47,0.0029,37,23
"20250501",영등포로,0.0239,0.0403,0.43,0.0024,36,13
"20250501",정릉로,0.0338,0.0321,0.46,0.0023,40,16
"20250501",종로,0.0204,0.0395,0.42,0.0027,35,13
"20250501",천호대로,0.0248,0.0342,0.45,0.0024,28,9
"20250501",청계천로,0.0226,0.0377,0.47,0.0028,39,22
"20250501",한강대로,0.018,0.0453,0.4,0.0022,37,19
"20250501",홍릉로,0.0218,0.0399,0.42,0.0028,34,11
"20250501",화랑로,0.0324,0.0314,0.46,0.0023,34,19
"20250501",관악산,0.0054,0.0722,0.4,0.0024,29,10
"20250501",남산,0.0087,0.0535,0.3,0.0028,29,13
"20250501",북한산,0.0103,0.0462,0.32,0.0028,30,19
"20250501",세곡,0.0155,0.0358,0.37,0.0025,31,14
"20250501",항동,0.0141,0.0438,0.45,0.0031,32,18
"20250501",행주,0.0131,0.0487,0.39,0.0028,34,15
"20250501",마포아트센터,0.0138,0.0582,0.43,0.0028,32,19
"20250501",서울숲,0.0169,0.0385,0.44,0.0029,34,17
"20250501",올림픽공원,0.0123,0.0392,0.39,0.0025,29,18
"20250501",자연사박물관,0.0099,0.0565,0.34,0.0029,31,17
"20250502",강남구,0.0121,0.0461,0.3,0.0023,24,12
"20250502",강동구,0.0111,0.0485,0.42,0.0027,25,14
"20250502",강북구,0.0062,0.0511,0.27,0.0022,21,14
"20250502",강서구,0.0121,0.0461,0.28,0.0025,24,10
"20250502",관악구,0.0146,0.0407,0.31,0.0023,23,12
"20250502",광진구,0.0122,0.0492,0.38,0.0029,23,12
"20250502",구로구,0.0109,0.0432,0.28,0.0022,27,15
"20250502",금천구,0.0144,0.0407,0.3,0.0026,23,13
"20250502",노원구,0.0085,0.0489,0.28,0.0022,24,8
"20250502",도봉구,0.0051,0.05,0.31,0.0034,19,7
"20250502",동대문구,0.0102,0.0462,0.29,0.0023,27,12
"20250502",동작구,0.0113,0.0443,0.29,0.0021,26,11
"20250502",마포구,0.0122,0.0484,0.28,0.0025,25,12
"20250502",서대문구,0.0095,0.0462,0.42,0.0035,23,13
"20250502",서초구,0.0119,0.0449,0.34,0.0024,28,13
"20250502",성동구,0.0133,0.0426,0.3,0.0024,24,11
"20250502",성북구,0.0109,0.0417,0.21,0.0031,20,12
"20250502",송파구,0.0137,0.0407,0.3,0.0022,27,14
"20250502",양천구,0.0133,0.0459,0.3,0.0024,24,11
"20250502",영등포구,0.0126,0.0453,0.29,0.0025,21,11
"20250502",용산구,0.0141,0.0381,0.36,0.0028,27,12
"20250502",은평구,0.0102,0.041,0.35,0.0029,26,8
"20250502",종로구,0.0121,0.0457,0.31,0.0023,24,14
"20250502",중구,0.0134,0.0443,0.29,0.0028,18,12
"20250502",중랑구,0.0107,0.0432,0.31,0.0026,24,14
"20250502",강남대로,0.0166,0.0311,0.39,0.003,29,11
"20250502",강변북로,0.0262,0.0298,0.37,0.0025,34,9
"20250502",공항대로,0.0172,0.0415,0.31,0.0026,25,9
"20250502",도산대로,0.0149,0.0374,0.47,0.0023,27,10
"20250502",동작대로,0.0203,0.0392,0.35,0.0025,31,15
"20250502",시흥대로,0.0193,0.0402,0.35,0.0025,28,9
"20250502",신촌로,0.0255,0.0324,0.49,0.0034,30,16
"20250502",영등포로,0.0221,0.0352,0.39,0.0025,25,7
"20250502",정릉로,0.0208,0.039,0.35,0.0023,26,10
"20250502",종로,0.0128,0.0406,0.35,0.0022,26,8
"20250502",천호대로,0.0168,0.041,0.37,0.0023,20,5
"20250502",청계천로,0.0133,0.0401,0.36,0.0024,27,14
"20250502",한강대로,0.0156,0.0402,0.38,0.0023,27,12
"20250502",홍릉로,0.0171,0.0402,0.4,0.0026,25,7
"20250502",화랑로,0.0196,0.0475,0.35,0.0023,24,14
"20250502",관악산,0.0061,0.0616,0.37,0.0025,29,10
"20250502",남산,0.0095,0.0447,0.21,0.0029,20,8
"20250502",북한산,0.0051,0.0485,0.27,0.0029,23,14
"20250502",세곡,0.0136,0.0352,0.33,0.0024,27,10
"20250502",항동,0.0126,0.0409,0.38,0.0033,20,10
"20250502",행주,0.0062,0.0493,0.34,0.0028,22,9
"20250502",마포아트센터,0.0121,0.0519,0.43,0.0031,23,11
"20250502",서울숲,0.0081,0.0415,0.35,0.003,26,10
"20250502",올림픽공원,0.0087,0.0476,0.33,0.0024,22,13
"20250502",자연사박물관,0.0085,0.0499,0.29,0.003,24,12
"20250503",강남구,0.0135,0.0422,0.29,0.0021,17,10
"20250503",강동구,0.0135,0.0421,0.43,0.0025,20,12
"20250503",강북구,0.0077,0.0462,0.26,0.0018,16,12
"20250503",강서구,0.0147,0.0419,0.3,0.0023,19,9
"20250503",관악구,0.0143,0.0396,0.31,0.0019,17,10
"20250503",광진구,0.0142,0.0437,0.39,0.0027,18,10
"20250503",구로구,0.012,0.0396,0.27,0.0019,21,15
"20250503",금천구,0.0151,0.0366,0.31,0.0023,18,12
"20250503",노원구,0.0116,0.0429,0.3,0.0019,19,7
"20250503",도봉구,0.0066,0.044,0.32,0.0032,14,6
"20250503",동대문구,0.0126,0.0428,0.29,0.0021,19,10
"20250503",동작구,0.012,0.0408,0.27,0.0019,18,9
"20250503",마포구,0.0148,0.0449,0.29,0.0022,19,11
"20250503",서대문구,0.0095,0.0441,0.45,0.0033,17,11
"20250503",서초구,0.0119,0.0422,0.33,0.0021,19,11
"20250503",성동구,0.0146,0.0395,0.29,0.002,16,10
"20250503",성북구,0.0128,0.0375,0.36,0.0028,15,11
"20250503",송파구,0.0142,0.0371,0.29,0.002,18,10
"20250503",양천구,0.0147,0.0421,0.3,0.0021,20,10
"20250503",영등포구,0.0139,0.0425,0.28,0.0021,17,10
"20250503",용산구,0.0168,0.0347,0.34,0.0024,19,10
"20250503",은평구,0.0099,0.0389,0.37,0.0026,18,7
"20250503",종로구,0.0141,0.0426,0.3,0.002,18,11
"20250503",중구,0.0147,0.0414,0.29,0.0024,14,10
"20250503",중랑구,0.0135,0.0379,0.3,0.0026,19,12
"20250503",강남대로,0.0167,0.0275,0.39,0.0032,21,13
"20250503",강변북로,0.0243,0.0288,0.36,0.0022,23,9
"20250503",공항대로,0.0185,0.0396,0.3,0.0023,18,8
"20250503",도산대로,0.0162,0.0346,0.52,0.0021,21,12
"20250503",동작대로,0.0199,0.0365,0.34,0.0022,22,12
"20250503",시흥대로,0.0234,0.0338,0.4,0.0024,20,8
"20250503",신촌로,0.0247,0.0321,0.47,0.0025,22,13
"20250503",영등포로,0.0223,0.0321,0.39,0.0022,21,6
"20250503",정릉로,0.0238,0.0363,0.35,0.002,21,7
"20250503",종로,0.0145,0.0374,0.33,0.0021,19,6
"20250503",천호대로,0.0185,0.0356,0.37,0.0021,13,4
"20250503",청계천로,0.0155,0.0372,0.37,0.0022,20,12
"20250503",한강대로,0.0177,0.0368,0.39,0.0021,21,12
"20250503",홍릉로,0.0191,0.0372,0.4,0.0024,20,5
"20250503",화랑로,0.0214,0.0416,0.34,0.0021,16,11
"20250503",관악산,0.0058,0.0623,0.35,0.0023,19,10
"20250503",남산,0.0115,0.0407,0.2,0.0027,17,8
"20250503",북한산,0.0057,0.0464,0.27,0.0027,19,14
"20250503",세곡,0.0116,0.0332,0.3,0.0022,18,9
"20250503",항동,0.0135,0.0338,0.41,0.003,18,12
"20250503",행주,0.0067,0.0479,0.28,0.0026,17,7
"20250503",마포아트센터,0.0142,0.0484,0.44,0.0027,17,11
"20250503",서울숲,0.008,0.0361,0.36,0.0028,19,10
"20250503",올림픽공원,0.009,0.0402,0.3,0.0023,15,11
"20250503",자연사박물관,0.009,0.0481,0.31,0.0027,17,11
"20250504",강남구,0.0111,0.0519,0.32,0.0025,30,12
"20250504",강동구,0.0117,0.053,0.46,0.0031,37,18
"20250504",강북구,0.0091,0.0473,0.32,0.0023,30,15
"20250504",강서구,0.0141,0.0496,0.34,0.0027,33,11
"20250504",관악구,0.0123,0.0506,0.34,0.0026,34,13
"20250504",광진구,0.0127,0.0529,0.42,0.0032,32,13
"20250504",구로구,0.0109,0.0478,0.3,0.0025,40,17
"20250504",금천구,0.0136,0.046,0.34,0.0026,28,13
"20250504",노원구,0.0134,0.046,0.36,0.0024,35,10
"20250504",도봉구,0.0091,0.0493,0.36,0.0036,34,10
"20250504",동대문구,0.012,0.0509,0.33,0.0027,37,12
"20250504",동작구,0.0115,0.0475,0.32,0.0023,33,11
"20250504",마포구,0.0133,0.0544,0.32,0.0027,33,13
"20250504",서대문구,0.0109,0.0453,0.52,0.0042,33,14
"20250504",서초구,0.0099,0.0512,0.36,0.0026,39,14
"20250504",성동구,0.0131,0.0476,0.33,0.0025,33,13
"20250504",성북구,0.0126,0.0455,0.39,0.0034,34,14
"20250504",송파구,0.0124,0.0457,0.32,0.0024,34,13
"20250504",양천구,0.0131,0.0506,0.34,0.0026,35,12
"20250504",영등포구,0.0126,0.0524,0.32,0.0026,29,12
"20250504",용산구,0.0139,0.0438,0.4,0.003,35,13
"20250504",은평구,0.0106,0.0407,0.4,0.003,34,10
"20250504",종로구,0.0141,0.0495,0.34,0.0026,33,14
"20250504",중구,0.0156,0.0478,0.33,0.003,26,12
"20250504",중랑구,0.0136,0.045,0.35,0.003,34,15
"20250504",강남대로,0.0122,0.0378,0.38,0.0033,38,13
"20250504",강변북로,0.0212,0.0377,0.38,0.0026,42,11
"20250504",공항대로,0.0165,0.0469,0.35,0.0028,32,9
"20250504",도산대로,0.0138,0.0422,0.55,0.0023,40,13
"20250504",동작대로,0.0168,0.046,0.37,0.0026,39,13
"20250504",시흥대로,0.018,0.046,0.37,0.0027,34,9
"20250504",신촌로,0.0226,0.0404,0.47,0.0035,36,18
"20250504",영등포로,0.0201,0.0425,0.4,0.0026,32,8
"20250504",정릉로,0.0208,0.0458,0.38,0.0025,39,10
"20250504",종로,0.0158,0.042,0.38,0.0026,35,9
"20250504",천호대로,0.0152,0.0467,0.39,0.0025,31,6
"20250504",청계천로,0.016,0.0415,0.43,0.0026,37,15
"20250504",한강대로,0.0161,0.0457,0.42,0.0025,40,16
"20250504",홍릉로,0.019,0.0435,0.41,0.0031,32,7
"20250504",화랑로,0.0178,0.0486,0.38,0.0024,31,14
"20250504",관악산,0.0051,0.072,0.35,0.003,40,13
"20250504",남산,0.0102,0.0516,0.3,0.0033,33,11
"20250504",북한산,0.006,0.0479,0.29,0.003,33,17
"20250504",세곡,0.0112,0.0391,0.35,0.0027,39,11
"20250504",항동,0.0111,0.0439,0.42,0.0035,28,12
"20250504",행주,0.0136,0.0455,0.4,0.0032,31,9
"20250504",마포아트센터,0.0129,0.058,0.5,0.0034,35,13
"20250504",서울숲,0.0093,0.0449,0.41,0.0032,35,14
"20250504",올림픽공원,0.0083,0.0505,0.34,0.0026,31,15
"20250504",자연사박물관,0.0104,0.0534,0.34,0.0033,36,14
"20250505",강남구,0.0157,0.0417,0.36,0.0024,29,15
"20250505",강동구,0.0142,0.0429,0.48,0.0029,29,18
"20250505",강북구,0.0098,0.0407,0.33,0.0022,26,17
"20250505",강서구,0.0162,0.0425,0.38,0.0025,30,13
"20250505",관악구,0.0158,0.0408,0.35,0.0025,26,14
"20250505",광진구,0.0126,0.046,0.41,0.003,26,13
"20250505",구로구,0.0138,0.0397,0.33,0.0024,33,20
"20250505",금천구,0.0186,0.0357,0.37,0.0026,26,16
"20250505",노원구,0.0142,0.0418,0.35,0.0023,29,11
"20250505",도봉구,0.0103,0.0423,0.37,0.0034,25,11
"20250505",동대문구,0.0155,0.0412,0.35,0.0025,30,14
"20250505",동작구,0.0155,0.0399,0.35,0.0023,26,13
"20250505",마포구,0.015,0.0473,0.34,0.0025,29,15
"20250505",서대문구,0.0104,0.044,0.48,0.0038,26,16
"20250505",서초구,0.0141,0.0418,0.38,0.0025,31,17
"20250505",성동구,0.0126,0.0434,0.32,0.0024,25,13
"20250505",성북구,0.0145,0.0362,0.42,0.0032,28,16
"20250505",송파구,0.0164,0.0374,0.35,0.0023,30,14
"20250505",양천구,0.0165,0.042,0.36,0.0024,30,14
"20250505",영등포구,0.0169,0.0433,0.36,0.0025,27,16
"20250505",용산구,0.016,0.0368,0.41,0.0028,29,13
"20250505",은평구,0.0126,0.0367,0.43,0.0029,29,11
"20250505",종로구,0.0154,0.0435,0.35,0.0025,29,15
"20250505",중구,0.015,0.0429,0.35,0.0029,22,13
"20250505",중랑구,0.0126,0.0398,0.33,0.0027,28,15
"20250505",강남대로,0.021,0.0253,0.45,0.0036,32,16
"20250505",강변북로,0.016,0.0362,0.33,0.0024,29,12
"20250505",공항대로,0.0199,0.0381,0.37,0.0025,28,12
"20250505",도산대로,0.0142,0.0376,0.53,0.0021,33,16
"20250505",동작대로,0.0231,0.0344,0.4,0.0027,32,15
"20250505",시흥대로,0.0364,0.0256,0.53,0.0027,34,12
"20250505",신촌로,0.0165,0.0358,0.39,0.002,29,15
"20250505",영등포로,0.0202,0.0368,0.39,0.0025,29,9
"20250505",정릉로,0.0245,0.0347,0.4,0.0023,30,12
"20250505",종로,0.0183,0.0344,0.41,0.0024,29,9
"20250505",천호대로,0.0213,0.0346,0.43,0.0024,24,6
"20250505",청계천로,0.0175,0.0363,0.42,0.0025,31,16
"20250505",한강대로,0.0165,0.0399,0.41,0.0024,30,16
"20250505",홍릉로,0.0196,0.0369,0.39,0.0027,27,8
"20250505",화랑로,0.0267,0.0323,0.45,0.0024,29,18
"20250505",관악산,0.0063,0.0639,0.37,0.0029,34,15
"20250505",남산,0.0117,0.044,0.36,0.0031,26,12
"20250505",북한산,0.007,0.0399,0.31,0.0029,28,18
"20250505",세곡,0.0163,0.0303,0.38,0.0027,29,12
"20250505",항동,0.0156,0.0346,0.46,0.0034,25,15
"20250505",행주,0.0144,0.0401,0.4,0.003,27,12
"20250505",마포아트센터,0.015,0.0505,0.51,0.003,28,15
"20250505",서울숲,0.0121,0.0416,0.41,0.0032,29,14
"20250505",올림픽공원,0.0103,0.0424,0.36,0.0025,24,15
"20250505",자연사박물관,0.0103,0.0479,0.34,0.003,28,16
"20250506",강남구,0.0132,0.0427,0.3,0.0022,20,10
"20250506",강동구,0.0118,0.0441,0.43,0.0026,22,12
"20250506",강북구,0.0067,0.0465,0.26,0.002,19,11
"20250506",강서구,0.0148,0.0401,0.31,0.0024,23,10
"20250506",관악구,0.0163,0.0391,0.33,0.0022,20,11
"20250506",광진구,0.0104,0.0468,0.36,0.0027,19,10
"20250506",구로구,0.0131,0.0392,0.29,0.0021,26,14
"20250506",금천구,0.015,0.0382,0.31,0.0023,,10
"20250506",노원구,0.012,0.0413,0.32,0.0021,21,6
"20250506",도봉구,0.0058,0.0464,0.3,0.0033,19,6
"20250506",동대문구,0.0124,0.0409,0.3,0.0022,22,10
"20250506",동작구,0.016,0.0373,0.32,0.002,23,9
"20250506",마포구,0.0156,0.0419,0.31,0.0023,23,10
"20250506",서대문구,0.0083,0.0445,0.46,0.0039,20,10
"20250506",서초구,0.013,0.0411,0.34,0.0023,24,10
"20250506",성동구,0.0137,0.0396,0.29,0.0023,20,9
"20250506",성북구,0.0122,0.037,0.34,0.0029,19,10
"20250506",송파구,0.0152,0.0373,0.31,0.0021,26,11
"20250506",양천구,0.0167,0.0402,0.33,0.0022,22,10
"20250506",영등포구,0.0154,0.0418,0.31,0.0022,20,10
"20250506",용산구,0.0154,0.0352,0.38,0.0025,23,9
"20250506",은평구,0.0101,0.0371,0.35,0.0027,20,5
"20250506",종로구,0.0145,0.0416,0.31,0.0023,21,11
"20250506",중구,0.0116,0.0449,0.29,0.0027,15,8
"20250506",중랑구,0.0107,0.0401,0.29,0.0025,20,11
"20250506",강남대로,0.0209,0.0234,0.41,0.0034,23,9
"20250506",강변북로,0.0215,0.0298,0.33,0.0023,25,6
"20250506",공항대로,0.0204,0.0336,0.32,0.0025,26,10
"20250506",도산대로,0.0136,0.0364,0.41,0.0021,23,11
"20250506",동작대로,0.0222,0.0336,0.38,0.0024,26,11
"20250506",시흥대로,0.0275,0.0318,0.45,0.0026,25,8
"20250506",신촌로,0.0209,0.0296,0.44,0.002,26,13
"20250506",영등포로,0.0205,0.0346,0.37,0.0025,22,5
"20250506",정릉로,0.0208,0.0365,0.34,0.0021,23,8
"20250506",종로,0.0148,0.0355,0.36,0.0023,20,6
"20250506",천호대로,0.0199,0.0341,0.48,0.0023,18,4
"20250506",청계천로,0.016,0.035,0.38,0.0023,23,11
"20250506",한강대로,0.0158,0.0386,0.37,0.0022,22,10
"20250506",홍릉로,0.0181,0.0362,0.37,0.0024,21,5
"20250506",화랑로,0.0221,0.0366,0.36,0.0022,20,12
"20250506",관악산,0.0045,0.0649,0.33,0.0026,26,9
"20250506",남산,0.0096,0.044,0.26,0.0029,17,5
"20250506",북한산,0.0038,0.0468,0.24,0.0028,21,12
"20250506",세곡,0.0155,0.0297,0.34,0.0025,23,8
"20250506",항동,0.0168,0.0322,0.42,0.0033,19,10
"20250506",행주,0.0094,0.0401,0.36,0.0028,20,8
"20250506",마포아트센터,0.0132,0.049,0.47,0.0029,19,9
"20250506",서울숲,0.0113,0.0394,0.38,0.0029,26,9
"20250506",올림픽공원,0.0091,0.0416,0.32,0.0023,17,9
"20250506",자연사박물관,0.0078,0.0498,0.29,0.0029,21,10
"20250507",강남구,0.0179,0.0408,0.34,0.0025,32,15
"20250507",강동구,0.0201,0.0413,0.52,0.003,36,21
"20250507",강북구,0.0118,0.0454,0.31,0.0023,30,18
"20250507",강서구,0.0192,0.0412,0.34,0.0031,32,15
"20250507",관악구,0.0171,0.0417,0.34,0.0025,28,14
"20250507",광진구,0.0213,0.0401,0.46,0.0032,32,17
"20250507",구로구,0.0173,0.0389,0.31,0.0026,37,21
"20250507",금천구,0.0201,0.0375,0.36,0.0028,35,16
"20250507",노원구,0.0173,0.0416,0.36,0.0024,34,14
"20250507",도봉구,0.0129,0.0451,0.37,0.0036,30,13
"20250507",동대문구,0.0174,0.0428,0.34,0.0027,34,15
"20250507",동작구,0.016,0.0407,0.32,0.0023,32,13
"20250507",마포구,0.0184,0.0453,0.32,0.0029,33,15
"20250507",서대문구,0.013,0.0437,0.52,0.0042,31,17
"20250507",서초구,0.0165,0.0427,0.37,0.0027,37,19
"20250507",성동구,0.0209,0.0388,0.34,0.0027,31,16
"20250507",성북구,0.0177,0.0363,0.4,0.0033,31,18
"20250507",송파구,0.0216,0.0362,0.34,0.0023,35,16
"20250507",양천구,0.0191,0.0429,0.34,0.0029,33,14
"20250507",영등포구,0.0185,0.0438,0.34,0.0029,28,16
"20250507",용산구,0.0219,0.0349,0.41,0.0031,34,14
"20250507",은평구,0.0132,0.0393,0.42,0.0031,33,13
"20250507",종로구,0.018,0.0439,0.35,0.0028,30,16
"20250507",중구,0.017,0.0439,0.34,0.0032,23,14
"20250507",중랑구,0.0182,0.0378,0.35,0.0029,32,17
"20250507",강남대로,0.0254,0.0245,0.45,0.0034,34,16
"20250507",강변북로,0.0338,0.0245,0.42,0.0026,41,14
"20250507",공항대로,0.0259,0.035,0.35,0.0029,33,15
"20250507",도산대로,0.0222,0.0337,0.52,0.0021,39,19
"20250507",동작대로,0.0253,0.0344,0.39,0.0026,35,16
"20250507",시흥대로,0.0305,0.0332,0.46,0.0033,34,12
"20250507",신촌로,0.0282,0.0284,0.5,0.0025,36,20
"20250507",영등포로,0.0278,0.0336,0.43,0.0029,33,11
"20250507",정릉로,0.0297,0.0347,0.41,0.0025,34,13
"20250507",종로,0.0178,0.0383,0.38,0.0027,30,11
"20250507",천호대로,0.0261,0.0322,0.43,0.0026,26,8
"20250507",청계천로,0.0208,0.0359,0.43,0.0027,33,17
"20250507",한강대로,0.0207,0.039,0.41,0.0026,35,17
"20250507",홍릉로,0.0261,0.0337,0.45,0.003,31,9
"20250507",화랑로,0.0271,0.0372,0.4,0.0026,32,18
"20250507",관악산,0.0068,0.0682,0.36,0.003,37,14
"20250507",남산,0.0142,0.0445,0.38,0.0033,31,13
"20250507",북한산,0.0094,0.0462,0.31,0.003,36,20
"20250507",세곡,0.0176,0.0343,0.34,0.0026,33,13
"20250507",항동,0.0205,0.0332,0.45,0.0036,28,14
"20250507",행주,0.0176,0.0393,0.41,0.0033,31,13
"20250507",마포아트센터,0.0184,0.0496,0.5,0.0036,32,15
"20250507",서울숲,0.0191,0.0371,0.4,0.0033,35,16
"20250507",올림픽공원,0.0144,0.0424,0.34,0.0026,30,17
"20250507",자연사박물관,0.0137,0.0475,0.36,0.0034,32,16
"20250508",강남구,0.0228,0.0447,0.36,0.0026,62,23
"20250508",강동구,0.0185,0.0491,0.51,0.0028,66,31
"20250508",강북구,0.0116,0.0557,0.3,0.0021,53,22
"20250508",강서구,0.0239,0.0487,0.37,0.003,54,21
"20250508",관악구,0.0204,0.0442,0.35,0.0024,55,19
"20250508",광진구,0.0195,0.0496,0.46,0.0031,60,23
"20250508",구로구,0.0199,0.0445,0.33,0.0025,65,28
"20250508",금천구,0.0235,0.0427,0.35,0.0029,60,20
"20250508",노원구,0.0182,0.0515,0.34,0.0024,57,17
"20250508",도봉구,0.013,0.056,0.35,0.0034,53,20
"20250508",동대문구,0.0179,0.0506,0.34,0.0026,63,20
"20250508",동작구,0.0191,0.0479,0.33,0.0024,58,18
"20250508",마포구,0.0218,0.0534,0.34,0.0027,55,21
"20250508",서대문구,0.0152,0.0509,0.52,0.0039,52,22
"20250508",서초구,0.0196,0.0491,0.38,0.0023,69,27
"20250508",성동구,0.0237,0.0444,0.36,0.0028,58,20
"20250508",성북구,0.0179,0.0456,0.41,0.0032,55,24
"20250508",송파구,0.0231,0.0419,0.35,0.0025,62,20
"20250508",양천구,0.0226,0.0478,0.36,0.0027,54,21
"20250508",영등포구,0.0218,0.0513,0.35,0.0027,49,22
"20250508",용산구,0.0246,0.0389,0.42,0.0029,61,21
"20250508",은평구,0.0145,0.0462,0.42,0.0028,54,18
"20250508",종로구,0.0204,0.0488,0.37,0.0027,52,20
"20250508",중구,0.0185,0.0499,0.34,0.0029,43,18
"20250508",중랑구,0.0155,0.049,0.33,0.0028,60,23
"20250508",강남대로,0.0301,0.0261,0.48,0.0029,62,25
"20250508",강변북로,0.0368,0.0284,0.45,0.0026,67,22
"20250508",공항대로,0.0302,0.042,0.38,0.003,51,21
"20250508",도산대로,0.0268,0.037,0.57,0.0026,69,28
"20250508",동작대로,0.0326,0.0382,0.41,0.0029,63,21
"20250508",시흥대로,0.0405,0.0343,0.53,0.0032,63,16
"20250508",신촌로,0.0308,0.0336,0.5,0.0025,59,24
"20250508",영등포로,0.0295,0.0411,0.44,0.003,56,18
"20250508",정릉로,0.0346,0.0399,0.42,0.0025,58,17
"20250508",종로,0.0221,0.0333,0.45,0.0026,41,14
"20250508",천호대로,0.0278,0.0409,0.45,0.0026,56,14
"20250508",청계천로,0.0257,0.0374,0.48,0.0029,57,22
"20250508",한강대로,0.0244,0.0416,0.44,0.0025,60,25
"20250508",홍릉로,0.0246,0.0418,0.42,0.0028,51,13
"20250508",화랑로,0.0316,0.045,0.42,0.0024,58,23
"20250508",관악산,0.0062,0.0786,0.33,0.0025,72,21
"20250508",남산,0.0169,0.0495,0.39,0.0031,59,20
"20250508",북한산,0.0089,0.0559,0.3,0.0029,59,26
"20250508",세곡,0.0205,0.0385,0.36,0.0026,62,21
"20250508",항동,0.0225,0.0407,0.45,0.0035,47,22
"20250508",행주,0.0212,0.0455,0.41,0.0029,45,16
"20250508",마포아트센터,0.0227,0.0556,0.52,0.0032,56,23
"20250508",서울숲,0.0221,0.0425,0.43,0.0032,61,26
"20250508",올림픽공원,0.0153,0.0473,0.34,0.0025,57,27
"20250508",자연사박물관,0.0154,0.0567,0.36,0.0032,54,22
"20250509",강남구,0.0218,0.031,0.35,0.0023,48,17
"20250509",강동구,0.0176,0.0359,0.53,0.0025,44,21
"20250509",강북구,0.0091,0.0412,0.28,0.0019,47,18
"20250509",강서구,0.0196,0.0385,0.45,0.0025,51,17
"20250509",관악구,0.0205,0.0303,0.35,0.002,48,15
"20250509",광진구,0.0175,0.039,0.46,0.0027,48,17
"20250509",구로구,0.0207,0.031,0.34,0.002,48,21
"20250509",금천구,0.0203,0.0319,0.35,0.0026,40,16
"20250509",노원구,0.0146,0.0403,0.3,0.0021,52,13
"20250509",도봉구,0.0114,0.0377,0.38,0.0031,44,15
"20250509",동대문구,0.02,0.0349,0.34,0.0023,58,15
"20250509",동작구,0.0222,0.0308,0.36,0.0021,50,16
"20250509",마포구,0.0172,0.0428,0.34,0.0022,52,18
"20250509",서대문구,0.0088,0.0465,0.47,0.0024,48,18
"20250509",서초구,0.0248,0.029,0.42,0.0019,48,21
"20250509",성동구,0.0186,0.0363,0.33,0.0029,53,16
"20250509",성북구,0.0162,0.0323,0.49,0.003,44,17
"20250509",송파구,0.0237,0.0289,0.37,0.0023,48,15
"20250509",양천구,0.0225,0.0364,0.37,0.0022,54,20
"20250509",영등포구,0.0228,0.0359,0.38,0.0023,46,20
"20250509",용산구,0.0219,0.03,0.4,0.0025,50,14
"20250509",은평구,0.0093,0.0395,0.41,0.0026,40,13
"20250509",종로구,0.0187,0.0368,0.35,0.0022,51,16
"20250509",중구,0.0207,0.0352,0.36,0.0028,43,16
"20250509",중랑구,0.0146,0.0369,0.31,0.0025,50,17
"20250509",강남대로,0.0296,0.0155,0.56,0.0027,43,20
"20250509",강변북로,0.0187,0.0304,0.4,0.0022,43,13
"20250509",공항대로,0.0292,0.0295,0.41,0.0023,49,18
"20250509",도산대로,0.0214,0.0294,0.49,0.0026,49,19
"20250509",동작대로,0.0334,0.0212,0.45,0.0026,54,16
"20250509",시흥대로,0.0429,0.0167,0.58,0.0029,52,14
"20250509",신촌로,0.0208,0.0305,0.39,0.0022,53,19
"20250509",영등포로,0.0272,0.0306,0.41,0.0024,48,13
"20250509",정릉로,0.0336,0.0264,0.42,0.0024,58,14
"20250509",종로,0.0239,0.0267,0.43,0.0025,50,12
"20250509",천호대로,0.0255,0.0272,0.44,0.0023,41,10
"20250509",청계천로,0.0245,0.0291,0.48,0.0028,53,19
"20250509",한강대로,0.0227,0.0325,0.43,0.0021,50,20
"20250509",홍릉로,0.0241,0.0304,0.39,0.0023,50,11
"20250509",화랑로,0.0365,0.0233,0.46,0.0023,54,18
"20250509",관악산,0.0062,0.0623,0.38,0.0024,52,15
"20250509",남산,0.013,0.041,0.42,0.0028,45,14
"20250509",북한산,0.0059,0.0423,0.29,0.0027,44,19
"20250509",세곡,0.0181,0.027,0.37,0.0023,39,13
"20250509",항동,0.0242,0.0249,0.56,0.0031,36,16
"20250509",행주,0.02,0.0303,0.37,0.0026,46,13
"20250509",마포아트센터,0.0211,0.0434,0.53,0.0028,46,17
"20250509",서울숲,0.0156,0.0352,0.44,0.0028,40,17
"20250509",올림픽공원,0.0131,0.0335,0.29,0.0023,37,17
"20250509",자연사박물관,0.009,0.0511,0.35,0.0027,46,17
"20250510",강남구,0.0089,0.0446,0.37,0.002,22,13
"20250510",강동구,0.0107,0.0437,0.59,0.0022,23,18
"20250510",강북구,0.009,0.0443,0.37,0.0018,16,13
"20250510",강서구,0.0117,0.0446,0.38,0.0021,25,13
"20250510",관악구,0.0093,0.0421,0.39,0.0018,24,14
"20250510",광진구,0.0118,0.0455,0.53,0.0023,20,13
"20250510",구로구,0.008,0.0436,0.34,0.0017,30,19
"20250510",금천구,0.0145,0.041,0.43,0.0023,27,16
"20250510",노원구,0.0124,0.0409,0.4,0.0018,20,9
"20250510",도봉구,0.008,0.0416,0.46,0.0023,17,9
"20250510",동대문구,0.0098,0.0441,0.38,0.0019,24,13
"20250510",동작구,0.0086,0.044,0.37,0.0018,25,12
"20250510",마포구,0.0116,0.0471,0.38,0.002,23,13
"20250510",서대문구,0.0103,0.0447,0.57,0.0017,20,17
"20250510",서초구,0.0087,0.0448,0.42,0.0017,26,17
"20250510",성동구,0.0113,0.0412,0.37,0.002,20,11
"20250510",성북구,0.0117,0.0377,0.55,0.0028,21,14
"20250510",송파구,0.0103,0.0397,0.37,0.0021,20,11
"20250510",양천구,0.0107,0.0458,0.39,0.0019,28,15
"20250510",영등포구,0.0101,0.0452,0.38,0.002,23,14
"20250510",용산구,0.0113,0.0376,0.41,0.0022,21,11
"20250510",은평구,0.0107,0.0393,0.56,0.0024,25,13
"20250510",종로구,0.0124,0.0414,0.4,0.002,24,13
"20250510",중구,0.0144,0.0402,0.38,0.0026,20,13
"20250510",중랑구,0.014,0.0366,0.41,0.0024,23,14
"20250510",강남대로,0.0112,0.0321,0.43,0.0018,21,16
"20250510",강변북로,0.0176,0.0344,0.5,0.002,26,13
"20250510",공항대로,0.0181,0.041,0.4,0.0021,22,14
"20250510",도산대로,0.0123,0.0362,0.57,0.0023,29,20
"20250510",동작대로,0.0141,0.041,0.43,0.0022,26,13
"20250510",시흥대로,0.0143,0.0397,0.41,0.0022,28,11
"20250510",신촌로,0.021,0.0292,0.59,0.0021,28,17
"20250510",영등포로,0.0199,0.0352,0.49,0.0022,25,11
"20250510",정릉로,0.0271,0.0329,0.48,0.0021,25,11
"20250510",종로,0.0166,0.0351,0.44,0.0022,25,10
"20250510",천호대로,0.0153,0.0367,0.47,0.002,16,6
"20250510",청계천로,0.0159,0.037,0.45,0.0026,25,15
"20250510",한강대로,0.0168,0.0373,0.49,0.002,25,18
"20250510",홍릉로,0.0144,0.0378,0.47,0.0021,21,9
"20250510",화랑로,0.0165,0.0442,0.41,0.002,18,13
"20250510",관악산,0.0042,0.0627,0.42,0.0021,13,5
"20250510",남산,0.0072,0.0468,0.49,0.0025,18,10
"20250510",북한산,0.0063,0.0453,0.39,0.0027,18,15
"20250510",세곡,0.0058,0.0414,0.37,0.0021,22,12
"20250510",항동,0.01,0.0422,0.56,0.0029,25,16
"20250510",행주,0.0082,0.0458,0.43,0.0024,23,11
"20250510",마포아트센터,0.0102,0.0514,0.64,0.0025,23,16
"20250510",서울숲,0.0096,0.0401,0.5,0.0024,23,15
"20250510",올림픽공원,0.0072,0.0435,0.26,0.0021,21,16
"20250510",자연사박물관,0.0095,0.0489,0.46,0.0025,26,16
"20250511",강남구,0.0108,0.0559,0.45,0.0024,53,31
"20250511",강동구,0.0107,0.0584,0.65,0.0027,53,39
"20250511",강북구,0.01,0.0519,0.43,0.0022,49,33
"20250511",강서구,0.013,0.0564,0.45,0.0028,56,30
"20250511",관악구,0.0113,0.052,0.46,0.0024,51,29
"20250511",광진구,0.0122,0.0588,0.58,0.0029,48,32
"20250511",구로구,0.0094,0.0535,0.4,0.0025,60,40
"20250511",금천구,0.0124,0.0532,0.48,0.0028,52,32
"20250511",노원구,0.0131,0.0543,0.46,0.0023,53,29
"20250511",도봉구,0.0113,0.0519,0.51,0.0027,51,31
"20250511",동대문구,0.0115,0.0563,0.46,0.0025,58,31
"20250511",동작구,0.0114,0.0528,0.45,0.0023,54,30
"20250511",마포구,0.0127,0.0616,0.45,0.0026,52,30
"20250511",서대문구,0.0121,0.055,0.64,0.0025,50,35
"20250511",서초구,0.0096,0.0567,0.48,0.0022,57,38
"20250511",성동구,0.0107,0.0565,0.44,0.0023,51,29
"20250511",성북구,0.0128,0.0488,0.52,0.0033,53,34
"20250511",송파구,0.0109,0.0521,0.43,0.0023,49,28
"20250511",양천구,0.0119,0.0579,0.45,0.0026,58,33
"20250511",영등포구,0.0109,0.0591,0.44,0.0026,48,32
"20250511",용산구,0.012,0.0491,0.5,0.0028,51,31
"20250511",은평구,0.0109,0.0469,0.59,0.0028,53,31
"20250511",종로구,0.012,0.0558,0.47,0.0023,56,31
"20250511",중구,0.013,0.0587,0.46,0.003,45,30
"20250511",중랑구,0.0118,0.0516,0.46,0.0028,54,32
"20250511",강남대로,0.014,0.0388,0.48,0.0021,58,36
"20250511",강변북로,0.0201,0.0429,0.57,0.0023,62,31
"20250511",공항대로,0.0165,0.0549,0.45,0.0027,50,28
"20250511",도산대로,0.0123,0.047,0.73,0.0026,65,37
"20250511",동작대로,0.0171,0.0518,0.5,0.0025,57,29
"20250511",시흥대로,0.0237,0.0436,0.53,0.0027,56,27
"20250511",신촌로,0.0199,0.0412,0.59,0.0022,59,36
"20250511",영등포로,0.0185,0.0484,0.51,0.0026,55,29
"20250511",정릉로,0.0251,0.0469,0.53,0.0024,56,28
"20250511",종로,0.0162,0.0486,0.52,0.0025,57,27
"20250511",천호대로,0.0149,0.0516,0.53,0.0023,45,20
"20250511",청계천로,0.0154,0.049,0.52,0.0028,57,34
"20250511",한강대로,0.015,0.0516,0.53,0.0024,59,35
"20250511",홍릉로,0.0162,0.0505,0.54,0.0025,52,24
"20250511",화랑로,0.0203,0.0564,0.51,0.0023,50,31
"20250511",관악산,0.0057,0.079,0.48,0.0027,51,25
"20250511",남산,0.0092,0.0545,0.57,0.0029,51,31
"20250511",북한산,0.0091,0.0496,0.48,0.003,55,36
"20250511",세곡,0.01,0.0479,0.45,0.0023,53,27
"20250511",항동,0.0108,0.0488,0.62,0.0037,48,32
"20250511",행주,0.0119,0.0546,0.51,0.0033,52,28
"20250511",마포아트센터,0.0121,0.0646,0.68,0.0031,56,36
"20250511",서울숲,0.01,0.0515,0.57,0.0028,56,35
"20250511",올림픽공원,0.0074,0.057,0.29,0.0023,50,34
"20250511",자연사박물관,0.0111,0.0606,0.52,0.003,54,36
"20250512",강남구,0.0224,0.0525,0.41,0.0028,48,32
"20250512",강동구,0.0204,0.0547,0.63,0.0031,51,38
"20250512",강북구,0.0124,0.0494,0.4,0.0024,41,29
"20250512",강서구,0.018,0.0614,0.39,0.003,47,31
"20250512",관악구,0.0179,0.054,0.42,0.0027,45,30
"20250512",광진구,0.0215,0.0562,0.55,0.0032,45,32
"20250512",구로구,0.0155,0.0565,0.36,0.0026,56,39
"20250512",금천구,0.0232,0.0488,0.44,0.003,45,31
"20250512",노원구,0.0232,0.0483,0.45,0.0027,49,29
"20250512",도봉구,0.0172,0.0533,0.45,0.0028,43,26
"20250512",동대문구,0.0205,0.0559,0.43,0.003,53,32
"20250512",동작구,0.0168,0.0545,0.39,0.0025,46,30
"20250512",마포구,0.0176,0.0657,0.39,0.0031,49,32
"20250512",서대문구,0.0169,0.0552,0.58,0.0029,44,34
"20250512",서초구,0.0182,0.0544,0.45,0.0024,54,34
"20250512",성동구,0.0214,0.055,0.4,0.0028,47,30
"20250512",성북구,0.0212,0.0478,0.49,0.0035,48,33
"20250512",송파구,0.0213,0.0489,0.41,0.0027,44,27
"20250512",양천구,0.0177,0.0615,0.39,0.0028,51,33
"20250512",영등포구,0.0182,0.0614,0.39,0.0029,43,34
"20250512",용산구,0.0234,0.047,0.47,0.0032,47,31
"20250512",은평구,0.0144,0.0517,0.52,0.003,48,29
"20250512",종로구,0.0211,0.0535,0.45,0.003,51,33
"20250512",중구,0.0204,0.0586,0.41,0.0033,41,32
"20250512",중랑구,0.0167,0.0522,0.4,0.003,49,34
"20250512",강남대로,0.0275,0.0318,0.46,0.0025,52,34
"20250512",강변북로,0.0367,0.0353,0.52,0.0027,59,32
"20250512",공항대로,0.0235,0.0568,0.41,0.0031,44,29
"20250512",도산대로,0.0207,0.0483,0.68,0.003,62,38
"20250512",동작대로,0.0305,0.0453,0.5,0.0029,53,30
"20250512",시흥대로,0.0356,0.0416,0.51,0.0032,51,28
"20250512",신촌로,0.0289,0.0396,0.59,0.0027,54,37
"20250512",영등포로,0.0297,0.0469,0.48,0.003,49,30
"20250512",정릉로,0.0375,0.0418,0.52,0.0027,55,30
"20250512",종로,0.0225,0.0448,0.49,0.0029,49,26
"20250512",천호대로,0.0284,0.0468,0.52,0.0028,43,22
"20250512",청계천로,0.0279,0.042,0.58,0.0033,52,34
"20250512",한강대로,0.0263,0.0487,0.52,0.0027,57,36
"20250512",홍릉로,0.0272,0.0478,0.52,0.003,49,25
"20250512",화랑로,0.0339,0.0451,0.51,0.0026,47,31
"20250512",관악산,0.0064,0.0983,0.41,0.003,49,28
"20250512",남산,0.0115,0.0642,0.5,0.0034,46,30
"20250512",북한산,0.0102,0.0542,0.38,0.0031,49,33
"20250512",세곡,0.0204,0.0375,0.45,0.0026,46,25
"20250512",항동,0.0197,0.0471,0.54,0.0035,44,32
"20250512",행주,0.0217,0.054,0.46,0.0031,48,29
"20250512",마포아트센터,0.0208,0.0669,0.58,0.0035,50,34
"20250512",서울숲,0.0186,0.0514,0.5,0.003,51,33
"20250512",올림픽공원,0.0145,0.0533,0.29,0.0026,45,34
"20250512",자연사박물관,0.016,0.0646,0.44,0.0033,50,36
"20250513",강남구,0.022,0.0551,0.39,0.0029,43,26
"20250513",강동구,0.0196,0.0565,0.59,0.0029,44,29
"20250513",강북구,0.0127,0.0617,0.34,0.0024,39,30
"20250513",강서구,0.0231,0.0652,0.42,0.0031,42,25
"20250513",관악구,0.0217,0.0572,0.43,0.0029,41,27
"20250513",광진구,0.0219,0.0572,0.51,0.0031,40,27
"20250513",구로구,0.0203,0.0578,0.39,0.0026,48,29
"20250513",금천구,0.0233,0.0568,0.4,0.0031,42,28
"20250513",노원구,0.0231,0.0545,0.42,0.0027,41,25
"20250513",도봉구,0.0139,0.0632,0.38,0.0028,36,20
"20250513",동대문구,0.0244,0.0531,0.42,0.0029,46,26
"20250513",동작구,0.0193,0.0584,0.39,0.0026,40,24
"20250513",마포구,0.0218,0.0684,0.41,0.0034,45,26
"20250513",서대문구,0.0152,0.0669,0.51,0.0027,37,25
"20250513",서초구,0.0248,0.0512,0.46,0.0023,50,27
"20250513",성동구,0.0257,0.0529,0.4,0.0031,40,24
"20250513",성북구,0.0223,0.0505,0.46,0.0034,38,26
"20250513",송파구,0.0234,0.053,0.4,0.0034,43,27
"20250513",양천구,0.0234,0.0638,0.42,0.003,45,27
"20250513",영등포구,0.0271,0.0613,0.43,0.003,39,28
"20250513",용산구,0.0279,0.0469,0.48,0.0032,44,26
"20250513",은평구,0.0124,0.0679,0.45,0.0031,41,22
"20250513",종로구,0.0262,0.0528,0.46,0.0033,42,28
"20250513",중구,0.0256,0.0558,0.43,0.0035,34,27
"20250513",중랑구,0.0181,0.0544,0.38,0.003,41,29
"20250513",강남대로,0.0307,0.0336,0.47,0.0027,44,26
"20250513",강변북로,0.0365,0.0377,0.48,0.0027,46,21
"20250513",공항대로,0.0303,0.0578,0.43,0.003,45,27
"20250513",도산대로,0.0268,0.0453,0.83,0.003,54,28
"20250513",동작대로,0.0361,0.0451,0.52,0.003,52,28
"20250513",시흥대로,0.0382,0.046,0.56,0.0033,47,25
"20250513",신촌로,0.037,0.038,0.59,0.0029,46,30
"20250513",영등포로,0.0396,0.0451,0.52,0.003,44,23
"20250513",정릉로,0.0411,0.0404,0.51,0.0028,45,25
"20250513",종로,0.0283,0.0432,0.53,0.0031,45,23
"20250513",천호대로,0.0305,0.0447,0.5,0.0029,39,17
"20250513",청계천로,0.0343,0.0395,0.61,0.0035,48,29
"20250513",한강대로,0.0317,0.0468,0.55,0.0026,53,28
"20250513",홍릉로,0.0336,0.0427,0.52,0.0031,41,19
"20250513",화랑로,0.0364,0.0497,0.45,0.0027,44,29
"20250513",관악산,0.0055,0.1112,0.43,0.0033,51,27
"20250513",남산,0.0094,0.0781,0.45,0.0033,40,21
"20250513",북한산,0.0089,0.0615,0.33,0.0031,40,26
"20250513",세곡,0.0206,0.0502,0.41,0.0026,46,20
"20250513",항동,0.0214,0.0577,0.52,0.0036,39,25
"20250513",행주,0.0258,0.0584,0.48,0.0033,43,26
"20250513",마포아트센터,0.026,0.0676,0.56,0.0033,41,25
"20250513",서울숲,0.0207,0.0509,0.49,0.003,40,24
"20250513",올림픽공원,0.016,0.0546,0.27,0.0026,40,25
"20250513",자연사박물관,0.0117,0.0829,0.39,0.0034,42,27
"20250514",강남구,0.0203,0.0531,0.38,0.0028,39,26
"20250514",강동구,0.0168,0.0611,0.59,0.0029,39,28
"20250514",강북구,0.0122,0.0671,0.36,0.0024,39,31
"20250514",강서구,0.0241,0.0558,0.48,0.0032,40,25
"20250514",관악구,0.0198,0.058,0.41,0.0029,37,26
"20250514",광진구,0.0194,0.0606,0.47,0.003,39,26
"20250514",구로구,0.022,0.0501,0.4,0.0025,42,27
"20250514",금천구,0.0225,0.0529,0.42,0.003,38,27
"20250514",노원구,0.0189,0.0619,0.4,0.0028,42,26
"20250514",도봉구,0.0151,0.0588,0.4,0.0029,35,21
"20250514",동대문구,0.0202,0.0585,0.39,0.003,46,26
"20250514",동작구,0.0194,0.0535,0.4,0.0026,40,24
"20250514",마포구,0.024,0.0586,0.43,0.0034,44,26
"20250514",서대문구,0.0134,0.0684,0.55,0.0038,35,23
"20250514",서초구,0.0224,0.0528,0.44,0.0023,44,26
"20250514",성동구,0.0229,0.0545,0.38,0.0029,38,24
"20250514",성북구,0.0221,0.0468,0.48,0.0036,39,27
"20250514",송파구,0.0246,0.0468,0.41,0.003,44,26
"20250514",양천구,0.0243,0.0551,0.44,0.003,43,27
"20250514",영등포구,0.0295,0.0526,0.45,0.0031,38,28
"20250514",용산구,0.0262,0.0463,0.46,0.0032,43,25
"20250514",은평구,0.0139,0.064,0.5,0.0032,39,20
"20250514",종로구,0.022,0.0565,0.44,0.0033,40,27
"20250514",중구,0.0214,0.0591,0.42,0.0034,33,26
"20250514",중랑구,0.0158,0.0578,0.37,0.003,40,29
"20250514",강남대로,0.0304,0.0332,0.47,0.0026,42,26
"20250514",강변북로,0.036,0.0366,0.49,0.0026,43,18
"20250514",공항대로,0.0347,0.0451,0.47,0.0031,43,23
"20250514",도산대로,0.0267,0.0439,0.92,0.0029,52,26
"20250514",동작대로,0.0344,0.045,0.49,0.0033,49,28
"20250514",시흥대로,0.0383,0.0395,0.53,0.0034,45,24
"20250514",신촌로,0.0343,0.0381,0.61,0.003,46,30
"20250514",영등포로,0.0373,0.0411,0.54,0.0031,43,23
"20250514",정릉로,0.0388,0.0454,0.51,0.003,46,25
"20250514",종로,0.0255,0.0469,0.5,0.003,42,21
"20250514",천호대로,0.0278,0.0492,0.47,0.0027,36,17
"20250514",청계천로,0.0299,0.045,0.58,0.0035,45,28
"20250514",한강대로,0.0279,0.0499,0.52,0.0026,47,26
"20250514",홍릉로,0.0279,0.0493,0.49,0.0031,41,18
"20250514",화랑로,0.0351,0.0527,0.44,0.0027,43,29
"20250514",관악산,0.006,0.1025,0.44,0.0035,46,25
"20250514",남산,0.0092,0.0763,0.51,0.0034,35,20
"20250514",북한산,0.0083,0.0709,0.36,0.0032,39,26
"20250514",세곡,0.022,0.0488,0.41,0.0026,46,21
"20250514",항동,0.0215,0.0505,0.58,0.0036,36,22
"20250514",행주,0.0223,0.0517,0.47,0.003,40,22
"20250514",마포아트센터,0.0247,0.0648,0.54,0.0033,38,24
"20250514",서울숲,0.0204,0.05,0.51,0.0031,41,24
"20250514",올림픽공원,0.015,0.0561,0.26,0.0026,36,26
"20250514",자연사박물관,0.0132,0.0743,0.44,0.0033,38,24
"20250515",강남구,0.0132,0.0409,0.36,0.0023,33,26
"20250515",강동구,0.0131,0.0473,0.61,0.0024,33,27
"20250515",강북구,0.0103,0.045,0.31,0.002,27,24
"20250515",강서구,0.0127,0.0439,0.3,0.0024,29,20
"20250515",관악구,0.0129,0.0397,0.37,0.0023,25,22
"20250515",광진구,0.0151,0.0484,0.51,0.0027,33,25
"20250515",구로구,0.0114,0.0433,0.3,0.002,24,21
"20250515",금천구,0.0157,0.0342,0.36,0.0025,30,24
"20250515",노원구,0.0156,0.043,0.38,0.0023,31,16
"20250515",도봉구,0.0108,0.0458,0.33,0.0022,25,15
"20250515",동대문구,0.0126,0.0445,0.34,0.0024,35,22
"20250515",동작구,0.0103,0.0372,0.33,0.0021,34,22
"20250515",마포구,0.0137,0.0439,0.31,0.0024,28,20
"20250515",서대문구,0.0114,0.0466,0.56,0.0029,25,22
"20250515",서초구,0.012,0.046,0.41,0.0019,30,22
"20250515",성동구,0.0166,0.0396,0.36,0.0025,34,22
"20250515",성북구,0.0139,0.041,0.43,0.0031,29,23
"20250515",송파구,0.0151,0.0384,0.35,0.0023,35,24
"20250515",양천구,0.0124,0.0462,0.31,0.0022,32,20
"20250515",영등포구,0.0122,0.0428,0.3,0.0024,26,22
"20250515",용산구,0.0148,0.0323,0.36,0.0026,28,24
"20250515",은평구,0.0118,0.0406,0.55,0.0027,30,18
"20250515",종로구,0.0146,0.042,0.36,0.0027,32,21
"20250515",중구,0.0158,0.0414,0.35,0.0027,27,22
"20250515",중랑구,0.0141,0.0372,0.36,0.0026,33,26
"20250515",강남대로,0.0193,0.0263,0.48,0.0024,30,24
"20250515",강변북로,0.0311,0.0248,0.58,0.0022,39,17
"20250515",공항대로,0.0236,0.0385,0.34,0.0025,28,21
"20250515",도산대로,0.0173,0.0361,0.84,0.0024,39,21
"20250515",동작대로,0.0219,0.0338,0.42,0.0028,35,24
"20250515",시흥대로,0.0241,0.0316,0.41,0.0028,35,17
"20250515",신촌로,0.0253,0.027,0.51,0.0024,35,23
"20250515",영등포로,0.0229,0.0339,0.42,0.0024,31,17
"20250515",정릉로,0.0331,0.0284,0.45,0.0025,37,17
"20250515",종로,0.0192,0.03,0.44,0.0025,35,17
"20250515",천호대로,0.0229,0.0308,0.45,0.0024,28,14
"20250515",청계천로,0.0221,0.0352,0.52,0.0031,35,24
"20250515",한강대로,0.0193,0.039,0.46,0.0022,36,24
"20250515",홍릉로,0.0213,0.0336,0.46,0.0025,35,15
"20250515",화랑로,0.0213,0.037,0.39,0.0023,32,22
"20250515",관악산,0.0058,0.0685,0.41,0.0022,29,20
"20250515",남산,0.0088,0.0467,0.56,0.0027,24,16
"20250515",북한산,0.0078,0.0412,0.39,0.0029,24,20
"20250515",세곡,0.014,0.0376,0.4,0.0022,35,20
"20250515",항동,0.014,0.0396,0.59,0.0031,28,21
"20250515",행주,0.0144,0.043,0.32,0.0026,30,18
"20250515",마포아트센터,0.0156,0.0529,0.45,0.0026,26,21
"20250515",서울숲,0.0138,0.0377,0.54,0.0025,29,21
"20250515",올림픽공원,0.0097,0.0411,0.25,0.0023,27,21
"20250515",자연사박물관,0.0113,0.0514,0.48,0.0026,28,22
"20250516",강남구,0.0222,0.0166,0.38,0.0029,36,26
"20250516",강동구,0.0189,0.0215,0.58,0.0022,29,23
"20250516",강북구,0.0121,0.0194,0.35,0.0021,31,25
"20250516",강서구,0.0204,0.0171,0.43,0.0025,37,22
"20250516",관악구,0.018,0.0178,0.36,0.0023,24,18
"20250516",광진구,0.0204,0.0244,0.56,0.0026,30,22
"20250516",구로구,0.018,0.0215,0.35,0.002,27,21
"20250516",금천구,0.0189,0.0135,0.37,0.0027,29,20
"20250516",노원구,0.0195,0.0167,0.41,0.0024,37,17
"20250516",도봉구,0.0151,0.0241,0.37,0.0019,26,17
"20250516",동대문구,0.0205,0.0188,0.4,0.0026,42,24
"20250516",동작구,0.0183,0.0163,0.36,0.0022,35,19
"20250516",마포구,0.0198,0.0157,0.38,0.0025,30,23
"20250516",서대문구,0.0132,0.0269,0.55,0.0025,21,18
"20250516",서초구,0.023,0.0203,0.46,0.0018,28,21
"20250516",성동구,0.0208,0.0165,0.38,0.003,33,19
"20250516",성북구,0.0182,0.0226,0.49,0.003,30,23
"20250516",송파구,0.0207,0.0146,0.37,0.0024,34,17
"20250516",양천구,0.0213,0.0153,0.39,0.0024,39,23
"20250516",영등포구,0.0231,0.0146,0.4,0.0025,35,28
"20250516",용산구,0.0228,0.0126,0.48,0.0028,27,29
"20250516",은평구,0.0113,0.0212,0.58,0.0024,25,15
"20250516",종로구,0.0218,0.0182,0.44,0.0028,40,23
"20250516",중구,0.0227,0.0193,0.42,0.003,35,25
"20250516",중랑구,0.0158,0.0175,0.35,0.0026,34,24
"20250516",강남대로,0.0226,0.0123,0.56,0.0033,23,19
"20250516",강변북로,0.0234,0.0148,0.56,0.0019,31,14
"20250516",공항대로,0.0307,0.013,0.42,0.0025,32,23
"20250516",도산대로,0.0211,0.0205,0.79,0.0021,34,19
"20250516",동작대로,0.0283,0.0117,0.48,0.0029,39,18
"20250516",시흥대로,0.031,0.0102,0.53,0.0029,38,15
"20250516",신촌로,0.0252,0.0125,0.53,0.0026,50,27
"20250516",영등포로,0.0278,0.0133,0.49,0.0025,40,22
"20250516",정릉로,0.0354,0.0127,0.48,0.0026,43,20
"20250516",종로,0.023,0.0111,0.5,0.0027,43,18
"20250516",천호대로,0.0249,0.0126,0.47,0.0026,29,10
"20250516",청계천로,0.026,0.0142,0.58,0.0031,44,28
"20250516",한강대로,0.0217,0.0207,0.51,0.0022,39,31
"20250516",홍릉로,0.0237,0.0153,0.49,0.0027,40,20
"20250516",화랑로,0.0331,0.0086,0.54,0.0023,43,23
"20250516",관악산,0.0039,0.0532,0.4,0.0022,29,32
"20250516",남산,0.0121,0.0295,0.54,0.0025,17,9
"20250516",북한산,0.0078,0.0235,0.41,0.0028,21,17
"20250516",세곡,0.018,0.0169,0.38,0.002,29,14
"20250516",항동,0.0126,0.0163,0.66,0.003,22,19
"20250516",행주,0.0157,0.0236,0.28,0.0023,35,18
"20250516",마포아트센터,0.0203,0.028,0.52,0.0024,31,23
"20250516",서울숲,0.019,0.0196,0.61,0.0023,29,19
"20250516",올림픽공원,0.0142,0.0172,0.32,0.0021,27,18
"20250516",자연사박물관,0.0131,0.0289,0.51,0.0024,27,21
"20250517",강남구,0.0116,0.0349,0.27,0.0024,19,10
"20250517",강동구,0.01,0.0411,0.46,0.0022,20,12
"20250517",강북구,0.0076,0.0378,0.24,0.0021,19,10
"20250517",강서구,0.014,0.0348,0.28,0.0027,21,8
"20250517",관악구,0.0125,0.035,0.3,0.0024,13,9
"20250517",광진구,0.0127,0.0427,0.41,0.0026,18,9
"20250517",구로구,0.0113,0.0354,0.27,0.0022,15,13
"20250517",금천구,0.0119,0.0307,0.3,0.0027,19,10
"20250517",노원구,0.0114,0.0361,0.28,0.0023,16,4
"20250517",도봉구,0.006,0.0387,0.29,0.0018,14,4
"20250517",동대문구,0.0121,0.0362,0.28,0.0026,23,9
"20250517",동작구,0.0105,0.0329,0.27,0.0022,22,6
"20250517",마포구,0.0133,0.0356,0.27,0.0025,17,9
"20250517",서대문구,0.0093,0.0413,0.39,0.0024,18,12
"20250517",서초구,0.013,0.0355,0.37,0.0019,20,10
"20250517",성동구,0.0143,0.0316,0.27,0.0026,14,9
"20250517",성북구,0.012,0.0355,0.37,0.003,17,9
"20250517",송파구,0.0114,0.0305,0.28,0.0023,18,10
"20250517",양천구,0.0141,0.034,0.3,0.0024,21,10
"20250517",영등포구,0.0145,0.034,0.28,0.0025,19,10
"20250517",용산구,0.0128,0.0284,0.31,0.0027,19,9
"20250517",은평구,0.0082,0.0331,0.44,0.0024,19,7
"20250517",종로구,0.0131,0.0336,0.29,0.0027,24,9
"20250517",중구,0.0127,0.0388,0.27,0.0029,17,8
"20250517",중랑구,0.0106,0.0323,0.28,0.0027,21,10
"20250517",강남대로,0.0136,0.0228,0.35,0.0025,16,9
"20250517",강변북로,0.0212,0.0251,0.47,0.0019,22,5
"20250517",공항대로,0.0226,0.0297,0.31,0.0025,18,10
"20250517",도산대로,0.0145,0.0308,0.5,0.002,23,10
"20250517",동작대로,0.02,0.0273,0.39,0.0028,24,11
"20250517",시흥대로,0.0195,0.0266,0.36,0.0026,22,7
"20250517",신촌로,0.0225,0.0226,0.48,0.0025,33,13
"20250517",영등포로,0.0225,0.0268,0.41,0.0025,21,6
"20250517",정릉로,0.0271,0.028,0.37,0.0025,26,6
"20250517",종로,0.0145,0.0276,0.33,0.0026,23,6
"20250517",천호대로,0.0159,0.0304,0.35,0.0024,18,4
"20250517",청계천로,0.017,0.029,0.38,0.0031,26,12
"20250517",한강대로,0.0156,0.0325,0.38,0.0023,24,12
"20250517",홍릉로,0.018,0.0289,0.4,0.0027,20,4
"20250517",화랑로,0.0197,0.0305,0.35,0.0023,19,10
"20250517",관악산,,,,,,
"20250517",남산,0.007,0.0414,0.47,0.0025,14,3
"20250517",북한산,0.0059,0.0401,0.31,0.0028,17,11
"20250517",세곡,0.0079,0.0353,0.29,0.0021,20,8
"20250517",항동,0.0056,0.0322,0.55,0.0031,19,11
"20250517",행주,0.0095,0.0377,0.18,0.0023,18,6
"20250517",마포아트센터,0.0107,0.0437,0.35,0.0023,16,10
"20250517",서울숲,0.0119,0.0326,0.47,0.0023,19,8
"20250517",올림픽공원,0.0073,0.0364,0.17,0.0021,17,9
"20250517",자연사박물관,0.007,0.0463,0.38,0.0024,19,11
"20250518",강남구,0.009,0.0436,0.31,0.0023,35,18
"20250518",강동구,0.0078,0.0483,0.46,0.0024,38,20
"20250518",강북구,0.0052,0.0464,0.27,0.002,34,20
"20250518",강서구,0.0105,0.0422,0.31,0.0026,35,14
"20250518",관악구,0.0101,0.043,0.34,0.0023,27,16
"20250518",광진구,0.0108,0.0511,0.34,0.0028,34,17
"20250518",구로구,0.007,0.0407,0.3,0.0024,29,20
"20250518",금천구,0.0098,0.0405,0.31,0.0026,31,17
"20250518",노원구,0.0076,0.0455,0.29,0.0022,36,12
"20250518",도봉구,0.0029,0.048,0.26,0.0021,28,10
"20250518",동대문구,0.0084,0.0441,0.29,0.0026,37,15
"20250518",동작구,0.008,0.0434,0.3,0.0021,35,14
"20250518",마포구,0.0101,0.0437,0.31,0.0027,35,15
"20250518",서대문구,0.0064,0.0442,0.36,0.003,30,16
"20250518",서초구,0.0081,0.0445,0.36,0.002,34,16
"20250518",성동구,0.0108,0.0417,0.32,0.0024,31,16
"20250518",성북구,0.008,0.0462,0.34,0.0032,30,15
"20250518",송파구,0.0095,0.0423,0.31,0.0021,37,20
"20250518",양천구,0.0105,0.0422,0.33,0.0026,33,16
"20250518",영등포구,0.0106,0.0435,0.3,0.0025,29,16
"20250518",용산구,0.0118,0.0353,0.39,0.0028,35,14
"20250518",은평구,0.0072,0.038,0.38,0.0027,30,12
"20250518",종로구,0.0082,0.0433,0.3,0.0024,34,16
"20250518",중구,0.0091,0.0471,0.29,0.0029,26,15
"20250518",중랑구,0.008,0.0417,0.3,0.0026,37,20
"20250518",강남대로,0.0121,0.0312,0.33,0.0026,35,16
"20250518",강변북로,0.0181,0.031,0.42,0.0021,38,11
"20250518",공항대로,0.0131,0.0403,0.32,0.0026,33,16
"20250518",도산대로,0.0098,0.0371,0.4,0.0022,38,15
"20250518",동작대로,0.0136,0.0408,0.35,0.0025,40,17
"20250518",시흥대로,0.014,0.0347,0.33,0.0024,33,13
"20250518",신촌로,0.0178,0.0291,0.46,0.0025,42,19
"20250518",영등포로,0.0155,0.0371,0.38,0.0026,32,11
"20250518",정릉로,0.0165,0.0404,0.34,0.0025,37,13
"20250518",종로,0.0088,0.039,0.33,0.0024,37,11
"20250518",천호대로,0.0125,0.0427,0.37,0.0024,36,7
"20250518",청계천로,0.0103,0.0389,0.33,0.0028,35,18
"20250518",한강대로,0.011,0.0395,0.38,0.0025,33,16
"20250518",홍릉로,0.0128,0.038,0.37,0.0026,32,8
"20250518",화랑로,0.0145,0.0469,0.35,0.0022,36,18
"20250518",관악산,,,,,,
"20250518",남산,0.0076,0.0419,0.52,0.0027,26,11
"20250518",북한산,0.004,0.044,0.31,0.0029,33,19
"20250518",세곡,0.0088,0.0417,0.3,0.002,38,14
"20250518",항동,0.0095,0.0365,0.47,0.0032,25,13
"20250518",행주,0.0046,0.0444,0.27,0.0034,29,11
"20250518",마포아트센터,0.0081,0.0492,0.39,0.0027,29,15
"20250518",서울숲,0.0094,0.0395,0.4,0.0026,33,15
"20250518",올림픽공원,0.0054,0.0476,0.23,0.0021,31,17
"20250518",자연사박물관,0.0056,0.0469,0.35,0.0028,31,18
"20250519",강남구,0.0184,0.0372,0.38,0.0025,40,23
"20250519",강동구,0.0172,0.0398,0.56,0.0026,43,24
"20250519",강북구,0.0113,0.0471,0.35,0.0021,34,22
"20250519",강서구,0.0182,0.0402,0.38,0.003,36,18
"20250519",관악구,0.0153,0.043,0.38,0.0025,30,19
"20250519",광진구,0.0178,0.0442,0.43,0.0029,39,21
"20250519",구로구,0.0156,0.0379,0.35,0.0026,34,23
"20250519",금천구,0.0174,0.0382,0.39,0.0026,35,21
"20250519",노원구,0.016,0.0433,0.4,0.0026,39,18
"20250519",도봉구,0.0099,0.0453,0.3,0.0024,30,13
"20250519",동대문구,0.0158,0.0426,0.36,0.0026,40,19
"20250519",동작구,0.0152,0.0408,0.36,0.0023,37,17
"20250519",마포구,0.0168,0.0441,0.37,0.003,37,20
"20250519",서대문구,0.0101,0.0495,0.45,0.0031,34,20
"20250519",서초구,0.0172,0.0397,0.41,0.0021,39,21
"20250519",성동구,0.0187,0.0385,0.38,0.0026,34,19
"20250519",성북구,0.016,0.0409,0.44,0.0033,36,20
"20250519",송파구,0.0181,0.0365,0.36,0.0023,39,22
"20250519",양천구,0.0179,0.0414,0.37,0.003,41,20
"20250519",영등포구,0.0188,0.0419,0.36,0.0031,33,19
"20250519",용산구,0.0215,0.0326,0.43,0.0028,38,21
"20250519",은평구,0.0116,0.0438,0.43,0.0028,36,15
"20250519",종로구,0.0178,0.0413,0.39,0.0025,38,21
"20250519",중구,0.0192,0.0436,0.38,0.0029,32,19
"20250519",중랑구,0.0157,0.038,0.38,0.0028,39,23
"20250519",강남대로,0.0225,0.0245,0.43,0.003,39,20
"20250519",강변북로,0.0248,0.0298,0.46,0.0023,41,15
"20250519",공항대로,0.023,0.037,0.37,0.0026,37,19
"20250519",도산대로,0.02,0.0329,,0.0027,45,20
"20250519",동작대로,0.0255,0.0341,0.44,0.0028,44,20
"20250519",시흥대로,0.0306,0.028,0.45,0.0028,43,17
"20250519",신촌로,0.024,0.0302,0.51,0.0026,43,23
"20250519",영등포로,0.0264,0.0332,0.45,0.003,37,16
"20250519",정릉로,0.0306,0.0331,0.46,0.0025,41,17
"20250519",종로,0.021,0.034,0.46,0.0026,39,14
"20250519",천호대로,0.0235,0.0329,0.46,0.0024,38,11
"20250519",청계천로,0.0226,0.035,0.52,0.0032,41,22
"20250519",한강대로,0.0228,0.0348,0.48,0.0024,41,21
"20250519",홍릉로,0.0213,0.0354,0.45,0.0027,36,12
"20250519",화랑로,0.027,0.035,0.43,0.0023,39,22
"20250519",관악산,,,,,,
"20250519",남산,0.0107,0.0469,0.58,0.0029,29,14
"20250519",북한산,0.0076,0.0488,0.38,0.0029,36,21
"20250519",세곡,0.014,0.0375,0.34,0.0022,41,17
"20250519",항동,0.0176,0.0335,0.55,0.0033,33,19
"20250519",행주,0.0177,0.0381,0.35,0.0028,39,15
"20250519",마포아트센터,0.0144,0.0498,0.47,0.0029,34,19
"20250519",서울숲,0.016,0.0366,0.49,0.0028,35,18
"20250519",올림픽공원,0.0129,0.0392,0.34,0.0023,36,19
"20250519",자연사박물관,0.0096,0.0528,0.41,0.003,36,21
"20250520",강남구,0.011,0.03,0.3,0.0023,22,12
"20250520",강동구,0.0113,0.0393,0.55,0.0023,21,11
"20250520",강북구,0.0086,0.0343,0.27,0.0019,19,12
"20250520",강서구,0.0094,0.0327,0.25,0.0022,14,6
"20250520",관악구,0.0089,0.0318,0.28,0.0022,12,8
"20250520",광진구,0.0126,0.0403,0.41,0.0026,23,11
"20250520",구로구,0.0093,0.0349,0.27,0.0023,12,9
"20250520",금천구,0.0116,0.0249,0.26,0.0024,15,9
"20250520",노원구,0.0162,0.0263,0.36,0.0024,21,6
"20250520",도봉구,0.0077,0.0354,0.31,0.002,15,5
"20250520",동대문구,0.012,0.0294,0.31,0.0023,23,10
"20250520",동작구,0.0079,0.0316,0.26,0.0019,21,6
"20250520",마포구,0.012,0.0296,0.27,0.0023,18,10
"20250520",서대문구,0.0105,0.0353,0.48,0.0028,19,11
"20250520",서초구,0.0133,0.0333,0.38,0.002,19,10
"20250520",성동구,0.0152,0.0252,0.3,0.0025,20,10
"20250520",성북구,0.0133,0.033,0.45,0.003,17,11
"20250520",송파구,0.0109,0.028,0.28,0.0021,22,10
"20250520",양천구,0.0104,0.029,0.28,0.0022,19,9
"20250520",영등포구,0.0107,0.0297,0.28,0.0023,18,9
"20250520",용산구,0.0149,0.0236,0.31,0.0026,21,12
"20250520",은평구,0.0089,0.0296,0.49,0.0024,17,7
"20250520",종로구,0.0128,0.0307,0.31,0.0023,21,10
"20250520",중구,0.0149,0.0305,0.3,0.0028,15,11
"20250520",중랑구,0.0146,0.0228,0.33,0.0026,26,14
"20250520",강남대로,0.0127,0.0246,0.4,0.0019,14,7
"20250520",강변북로,0.0233,0.0212,0.5,0.0018,24,4
"20250520",공항대로,0.0194,0.0281,0.27,0.0022,18,9
"20250520",도산대로,0.0152,0.0283,,0.0023,25,8
"20250520",동작대로,0.0195,0.0246,0.36,0.0026,25,10
"20250520",시흥대로,0.0177,0.0225,0.32,0.0025,21,5
"20250520",신촌로,0.0242,0.0186,0.49,0.0024,30,12
"20250520",영등포로,0.0204,0.0237,0.41,0.0023,19,5
"20250520",정릉로,0.0308,0.0226,0.42,0.0023,23,7
"20250520",종로,0.0168,0.0234,0.39,0.0025,21,8
"20250520",천호대로,0.0187,0.026,0.38,0.0023,17,3
"20250520",청계천로,0.0186,0.0245,0.46,0.003,24,13
"20250520",한강대로,0.0168,0.03,0.42,0.0023,23,11
"20250520",홍릉로,0.0197,0.025,0.45,0.0026,24,5
"20250520",화랑로,0.0283,0.0194,0.45,0.0023,24,13
"20250520",관악산,0.0041,0.0438,0.35,0.0022,19,8
"20250520",남산,0.0062,0.039,0.55,0.0025,12,2
"20250520",북한산,0.0049,0.0388,0.39,0.0027,20,12
"20250520",세곡,0.0081,0.0386,0.32,0.0021,23,7
"20250520",항동,0.0103,0.031,0.56,0.0031,14,7
"20250520",행주,0.0113,0.0344,0.18,0.0024,18,6
"20250520",마포아트센터,0.0103,0.0414,0.4,0.0025,16,9
"20250520",서울숲,0.0114,0.0278,0.52,0.0023,17,6
"20250520",올림픽공원,0.0071,0.037,0.2,0.0021,17,7
"20250520",자연사박물관,0.0085,0.0408,0.46,0.0025,18,10
"20250521",강남구,0.0137,0.0357,0.29,0.0024,20,11
"20250521",강동구,0.0123,0.0411,0.53,0.0021,18,11
"20250521",강북구,0.0061,0.0386,0.23,0.002,19,13
"20250521",강서구,0.0123,0.0359,0.26,0.0026,19,11
"20250521",관악구,0.0138,0.0362,0.3,0.0026,13,11
"20250521",광진구,0.0127,0.0442,0.39,0.0025,16,10
"20250521",구로구,0.0109,0.0386,0.27,0.0026,16,11
"20250521",금천구,0.0147,0.0309,0.29,0.0029,20,13
"20250521",노원구,0.0108,0.0277,0.28,0.0025,17,4
"20250521",도봉구,0.0058,0.0387,0.36,0.0017,11,3
"20250521",동대문구,0.0102,0.0365,0.26,0.0023,22,11
"20250521",동작구,0.0119,0.0335,0.28,0.0021,20,9
"20250521",마포구,0.0116,0.0381,0.25,0.0025,20,12
"20250521",서대문구,0.0074,0.0413,0.43,0.0027,15,10
"20250521",서초구,0.0145,0.0342,0.38,0.0024,17,10
"20250521",성동구,0.0141,0.0308,0.29,0.0028,17,11
"20250521",성북구,0.0117,0.0357,0.44,0.0029,15,11
"20250521",송파구,0.0154,0.0326,0.3,0.0024,21,11
"20250521",양천구,0.0123,0.0316,0.27,0.0025,22,12
"20250521",영등포구,0.014,0.0342,0.29,0.0026,18,12
"20250521",용산구,0.0139,0.0308,0.37,0.0028,21,14
"20250521",은평구,0.0066,0.0332,0.5,0.0023,15,8
"20250521",종로구,0.0119,0.0377,0.29,0.0025,21,11
"20250521",중구,0.0105,0.0391,0.27,0.0028,22,12
"20250521",중랑구,0.0108,0.0325,0.28,0.0026,21,12
"20250521",강남대로,0.0199,0.0214,0.42,0.0017,16,8
"20250521",강변북로,0.0279,0.0214,0.56,0.0016,19,4
"20250521",공항대로,0.0251,0.0297,0.31,0.0027,22,12
"20250521",도산대로,0.0152,0.0325,,0.002,21,7
"20250521",동작대로,0.0245,0.0274,0.38,0.003,24,11
"20250521",시흥대로,0.0247,0.0212,0.36,0.0029,25,10
"20250521",신촌로,0.0267,0.0204,0.49,0.0026,24,14
"20250521",영등포로,0.0197,0.0283,0.38,0.0025,22,9
"20250521",정릉로,0.0303,0.0274,0.38,0.0024,21,8
"20250521",종로,0.0127,0.0282,0.35,0.0026,19,8
"20250521",천호대로,0.0211,0.0282,0.4,0.0024,14,4
"20250521",청계천로,0.0163,0.0301,0.37,0.003,23,14
"20250521",한강대로,0.0146,0.0361,0.36,0.0023,18,11
"20250521",홍릉로,0.0183,0.0313,0.38,0.0029,20,5
"20250521",화랑로,0.0232,0.0315,0.4,0.0025,20,12
"20250521",관악산,0.0064,0.0558,0.33,0.0022,23,12
"20250521",남산,0.0075,0.039,0.52,0.0024,12,3
"20250521",북한산,0.0042,0.0352,0.38,0.0028,15,10
"20250521",세곡,0.0138,0.0347,0.34,0.002,18,6
"20250521",항동,0.0112,0.0313,0.61,0.0034,17,9
"20250521",행주,0.0074,0.0371,0.13,0.0024,19,7
"20250521",마포아트센터,0.0098,0.0468,0.36,0.0024,16,11
"20250521",서울숲,0.013,0.0361,0.56,0.0021,15,6
"20250521",올림픽공원,0.0079,0.0395,0.11,0.0019,12,6
"20250521",자연사박물관,0.0073,0.0461,0.47,0.0025,17,11
"20250522",강남구,0.0125,0.0384,0.31,0.0023,26,13
"20250522",강동구,0.0086,0.0401,0.52,0.0021,22,13
"20250522",강북구,0.0066,0.0391,0.27,0.002,28,21
"20250522",강서구,0.0133,0.0396,0.31,0.0026,27,13
"20250522",관악구,0.0147,0.0418,0.33,0.0026,19,12
"20250522",광진구,0.0111,0.0473,0.34,0.0026,22,12
"20250522",구로구,0.0129,0.0409,0.31,0.0023,22,15
"20250522",금천구,0.0167,0.0343,0.34,0.0027,26,17
"20250522",노원구,0.0078,0.0417,0.28,0.0022,26,11
"20250522",도봉구,0.0053,0.0446,0.42,0.0016,22,6
"20250522",동대문구,0.0105,0.0425,0.3,0.0022,30,14
"20250522",동작구,0.0133,0.0394,0.31,0.0022,28,12
"20250522",마포구,0.0136,0.0426,0.31,0.0024,26,15
"20250522",서대문구,0.0087,0.0442,0.4,0.0026,23,12
"20250522",서초구,0.013,0.0375,0.39,0.0023,25,14
"20250522",성동구,0.0117,0.039,0.29,0.0027,21,13
"20250522",성북구,0.0105,0.0426,0.42,0.0028,23,15
"20250522",송파구,0.012,0.0341,0.31,0.0023,26,12
"20250522",양천구,0.0136,0.0394,0.32,0.0023,33,15
"20250522",영등포구,0.0152,0.0417,0.32,0.0025,25,15
"20250522",용산구,0.0135,0.0356,0.4,0.0027,28,15
"20250522",은평구,0.0073,0.0369,0.48,0.0022,24,12
"20250522",종로구,0.0127,0.042,0.33,0.0025,29,13
"20250522",중구,0.0132,0.0447,0.34,0.0029,26,16
"20250522",중랑구,0.0092,0.0344,0.29,0.0025,27,16
"20250522",강남대로,0.0192,0.0227,0.41,0.0021,22,10
"20250522",강변북로,0.0225,0.0263,0.48,0.0019,26,8
"20250522",공항대로,0.023,0.0333,0.37,0.0026,31,16
"20250522",도산대로,0.014,0.0347,,0.0023,29,10
"20250522",동작대로,0.024,0.0312,0.4,0.0029,31,13
"20250522",시흥대로,0.0316,0.025,0.47,0.0027,31,13
"20250522",신촌로,0.0225,0.0274,0.44,0.0023,33,17
"20250522",영등포로,0.0219,0.0346,0.4,0.0024,27,10
"20250522",정릉로,0.0259,0.0337,0.37,0.0022,30,13
"20250522",종로,0.0179,0.0327,0.41,0.0026,29,11
"20250522",천호대로,0.0166,0.032,0.38,0.0023,19,5
"20250522",청계천로,0.0184,0.033,0.46,0.003,30,16
"20250522",한강대로,0.0152,0.0388,0.4,0.0023,33,16
"20250522",홍릉로,0.0142,0.0365,0.35,0.0026,26,7
"20250522",화랑로,0.0245,0.0329,0.41,0.0023,36,18
"20250522",관악산,0.0065,0.059,0.33,0.0019,25,11
"20250522",남산,0.0104,0.0416,0.45,0.0024,21,8
"20250522",북한산,0.0047,0.0346,0.39,0.0027,25,17
"20250522",세곡,0.0089,0.0363,0.3,0.0019,19,7
"20250522",항동,0.0149,0.0334,0.62,0.0031,23,10
"20250522",행주,0.0072,0.0393,0.2,0.0023,31,12
"20250522",마포아트센터,0.011,0.0494,0.39,0.0023,23,13
"20250522",서울숲,0.0123,0.0375,0.48,0.002,22,11
"20250522",올림픽공원,0.0067,0.0404,0.16,0.0021,17,10
"20250522",자연사박물관,0.0079,0.0464,0.48,0.0023,24,15
"20250523",강남구,0.0147,0.0331,0.31,0.0022,30,20
"20250523",강동구,0.0097,0.0371,0.49,0.0021,29,22
"20250523",강북구,0.0088,0.0398,0.28,0.002,31,26
"20250523",강서구,0.0148,0.0384,0.37,0.0022,33,19
"20250523",관악구,0.0144,0.035,0.32,0.0022,23,18
"20250523",광진구,0.0119,0.0443,0.29,0.0024,30,21
"20250523",구로구,0.0115,0.0355,0.3,0.0022,31,22
"20250523",금천구,0.0105,0.0385,0.3,0.0023,28,21
"20250523",노원구,0.0101,0.0431,0.28,0.002,33,19
"20250523",도봉구,0.0073,0.0395,0.37,0.0017,24,11
"20250523",동대문구,0.0111,0.0391,0.3,0.0022,32,20
"20250523",동작구,0.0144,0.0358,0.32,0.0021,31,18
"20250523",마포구,0.0118,0.0426,0.31,0.0022,32,21
"20250523",서대문구,0.0086,0.0408,0.35,0.0023,25,15
"20250523",서초구,0.0137,0.0316,0.36,0.0023,28,19
"20250523",성동구,0.0111,0.0389,0.3,0.0026,28,20
"20250523",성북구,0.0132,0.0382,0.42,0.0029,27,20
"20250523",송파구,0.0129,0.036,0.3,0.0022,32,21
"20250523",양천구,0.0146,0.0379,0.33,0.0021,34,22
"20250523",영등포구,0.0164,0.0373,0.34,0.0022,31,24
"20250523",용산구,0.0135,0.0325,0.36,0.0025,32,21
"20250523",은평구,0.0091,0.0362,0.38,0.0023,28,15
"20250523",종로구,0.0123,0.0402,0.33,0.0022,30,21
"20250523",중구,0.0165,0.0403,0.35,0.0027,28,23
"20250523",중랑구,0.009,0.0357,0.29,0.0024,30,24
"20250523",강남대로,0.0208,0.0308,0.36,0.0032,30,19
"20250523",강변북로,0.0105,0.0336,0.34,0.0026,26,14
"20250523",공항대로,0.0215,0.0314,0.36,0.0022,33,18
"20250523",도산대로,0.0124,0.0322,,0.0026,35,18
"20250523",동작대로,0.0254,0.0262,0.38,0.0028,38,17
"20250523",시흥대로,0.0324,0.0197,0.5,0.0026,35,20
"20250523",신촌로,0.0152,0.0306,0.36,0.0021,31,23
"20250523",영등포로,0.0216,0.031,0.39,0.0023,32,16
"20250523",정릉로,0.0254,0.0304,0.37,0.0022,33,19
"20250523",종로,0.0205,0.0284,0.44,0.0025,37,16
"20250523",천호대로,0.018,0.03,0.38,0.0022,25,11
"20250523",청계천로,0.0191,0.0307,0.48,0.0029,34,22
"20250523",한강대로,0.0149,0.0342,0.38,0.0024,32,20
"20250523",홍릉로,0.0142,0.0347,0.34,0.0024,27,12
"20250523",화랑로,0.0286,0.0306,0.41,0.0022,35,26
"20250523",관악산,0.0065,0.0534,0.26,0.0021,34,19
"20250523",남산,0.0085,0.0397,0.38,0.0024,24,15
"20250523",북한산,0.006,0.0405,0.34,0.0028,29,23
"20250523",세곡,0.0115,0.0331,0.28,0.0021,29,14
"20250523",항동,0.0133,0.0329,0.53,0.003,26,14
"20250523",행주,0.0113,0.0375,0.32,0.0023,31,16
"20250523",마포아트센터,0.0108,0.0449,0.37,0.0023,26,17
"20250523",서울숲,0.0098,0.0382,0.34,0.0023,28,17
"20250523",올림픽공원,0.0074,0.0402,0.34,0.0025,23,19
"20250523",자연사박물관,0.0076,0.0444,0.38,0.0024,28,20
"20250524",강남구,0.0087,0.0383,0.26,0.002,21,14
"20250524",강동구,0.0067,0.0386,0.47,0.002,20,16
"20250524",강북구,0.0056,0.0416,0.24,0.0018,19,18
"20250524",강서구,0.0087,0.0429,0.32,0.0019,21,12
"20250524",관악구,0.0092,0.0388,0.27,0.0019,15,13
"20250524",광진구,0.0077,0.0456,0.25,0.0024,20,14
"20250524",구로구,0.0066,0.039,0.26,0.002,18,16
"20250524",금천구,0.0075,0.041,0.25,0.0021,18,14
"20250524",노원구,0.0061,0.0453,0.24,0.0018,20,10
"20250524",도봉구,0.0028,0.042,0.32,0.0017,14,5
"20250524",동대문구,0.008,0.0408,0.26,0.002,22,14
"20250524",동작구,0.0089,0.0407,0.27,0.0018,23,13
"20250524",마포구,0.008,0.0462,0.26,0.0021,22,14
"20250524",서대문구,0.0039,0.0453,0.32,0.0022,17,10
"20250524",서초구,0.0087,0.0349,0.32,0.0021,19,13
"20250524",성동구,0.0063,0.042,0.25,0.0022,18,13
"20250524",성북구,0.0082,0.0413,0.32,0.0029,15,14
"20250524",송파구,0.0079,0.0404,0.27,0.0019,23,17
"20250524",양천구,0.0097,0.0415,0.29,0.002,24,15
"20250524",영등포구,0.0106,0.042,0.28,0.002,21,16
"20250524",용산구,0.0081,0.0353,0.31,0.0022,22,17
"20250524",은평구,0.0046,0.0413,0.3,0.0023,16,9
"20250524",종로구,0.0078,0.0432,0.27,0.0018,20,14
"20250524",중구,0.0104,0.0443,0.27,0.0023,18,16
"20250524",중랑구,0.006,0.0379,0.25,0.0023,20,16
"20250524",강남대로,0.0141,0.0308,0.3,0.003,19,14
"20250524",강변북로,0.0043,0.0381,0.27,0.0026,18,9
"20250524",공항대로,0.0136,0.0397,0.3,0.002,23,15
"20250524",도산대로,0.007,0.036,0.33,0.0026,25,14
"20250524",동작대로,0.0177,0.0332,0.33,0.0023,26,12
"20250524",시흥대로,0.0262,0.025,0.43,0.0023,26,12
"20250524",신촌로,0.0103,0.0338,0.3,0.0021,24,17
"20250524",영등포로,0.0132,0.0379,0.31,0.0023,21,10
"20250524",정릉로,0.0185,0.0363,0.32,0.002,22,11
"20250524",종로,0.0137,0.0335,0.35,0.0022,26,11
"20250524",천호대로,0.0124,0.035,0.35,0.0021,15,6
"20250524",청계천로,0.0109,0.0366,0.33,0.0025,24,15
"20250524",한강대로,0.0105,0.0372,0.33,0.0022,22,14
"20250524",홍릉로,0.0101,0.0376,0.32,0.0021,19,8
"20250524",화랑로,0.0207,0.0357,0.38,0.002,22,17
"20250524",관악산,0.0037,0.0538,0.22,0.002,22,12
"20250524",남산,0.0044,0.0405,0.35,0.0024,15,9
"20250524",북한산,0.0032,0.037,0.32,0.0027,18,15
"20250524",세곡,0.0091,0.0327,0.24,0.002,20,11
"20250524",항동,0.0076,0.039,0.46,0.0029,18,8
"20250524",행주,0.0057,0.043,0.29,0.0022,20,10
"20250524",마포아트센터,0.0067,0.0485,0.33,0.0025,16,12
"20250524",서울숲,0.0056,0.0407,0.29,0.0023,19,12
"20250524",올림픽공원,0.0044,0.0401,0.35,0.0025,16,13
"20250524",자연사박물관,0.0033,0.0476,0.32,0.0024,16,15
"20250525",강남구,0.0105,0.0449,0.29,0.0023,19,12
"20250525",강동구,0.0097,0.0446,0.5,0.0024,22,15
"20250525",강북구,0.0063,0.0465,0.26,0.0022,19,16
"20250525",강서구,0.0114,0.0455,0.29,0.0027,19,10
"20250525",관악구,0.0111,0.0428,0.31,0.0023,14,11
"20250525",광진구,0.0098,0.0526,0.24,0.0029,21,14
"20250525",구로구,0.0087,0.0424,0.28,0.0025,18,15
"20250525",금천구,0.0111,0.0404,0.31,0.0023,16,12
"20250525",노원구,0.0092,0.0447,0.29,0.0022,21,10
"20250525",도봉구,0.0048,0.0471,0.31,0.0023,15,3
"20250525",동대문구,0.0101,0.0457,0.29,0.0023,23,13
"20250525",동작구,0.0104,0.0461,0.29,0.0021,20,10
"20250525",마포구,0.012,0.048,0.29,0.0025,20,12
"20250525",서대문구,0.0069,0.0454,0.39,0.0031,17,8
"20250525",서초구,0.0103,0.038,0.35,0.0024,20,11
"20250525",성동구,0.0114,0.0451,0.29,0.0025,18,10
"20250525",성북구,0.0092,0.0462,0.35,0.0034,17,12
"20250525",송파구,0.0117,0.0439,0.31,0.0025,22,14
"20250525",양천구,0.0109,0.0472,0.3,0.0026,21,13
"20250525",영등포구,0.0102,0.0492,0.28,0.0025,18,12
"20250525",용산구,0.0125,0.0383,0.36,0.0027,22,13
"20250525",은평구,0.008,0.039,0.33,0.0027,17,9
"20250525",종로구,0.0107,0.048,0.3,0.0023,20,13
"20250525",중구,0.0114,0.0488,0.29,0.0028,15,12
"20250525",중랑구,0.0098,0.0417,0.29,0.0025,20,15
"20250525",강남대로,0.0136,0.0308,0.29,0.0034,18,11
"20250525",강변북로,0.0186,0.0336,0.36,0.0031,24,10
"20250525",공항대로,0.0153,0.0408,0.3,0.0026,21,14
"20250525",도산대로,0.0115,0.0388,0.34,0.003,26,11
"20250525",동작대로,0.0166,0.0404,0.37,0.0025,26,12
"20250525",시흥대로,0.0189,0.0334,0.36,0.0025,21,9
"20250525",신촌로,0.0202,0.0306,0.46,0.0024,23,15
"20250525",영등포로,0.0176,0.0414,0.36,0.0025,20,8
"20250525",정릉로,0.0177,0.043,0.35,0.0023,21,10
"20250525",종로,0.0112,0.0398,0.32,0.0023,21,9
"20250525",천호대로,0.013,0.0424,0.36,0.0023,15,5
"20250525",청계천로,0.0134,0.0402,0.33,0.0027,21,14
"20250525",한강대로,0.014,0.0418,0.38,0.0025,20,13
"20250525",홍릉로,0.0147,0.0391,0.39,0.0025,20,7
"20250525",화랑로,0.0169,0.0438,0.34,0.0022,20,15
"20250525",관악산,0.0041,0.0678,0.24,0.0024,23,13
"20250525",남산,0.0084,0.0454,0.42,0.0028,15,7
"20250525",북한산,0.0038,0.0458,0.32,0.003,19,14
"20250525",세곡,0.0089,0.0392,0.27,0.0023,22,9
"20250525",항동,0.0095,0.0388,0.47,0.0035,17,6
"20250525",행주,0.0071,0.0446,0.28,0.003,19,9
"20250525",마포아트센터,0.009,0.0525,0.38,0.0029,15,10
"20250525",서울숲,0.0094,0.0411,0.31,0.0026,24,11
"20250525",올림픽공원,0.0067,0.0457,0.43,0.0026,17,12
"20250525",자연사박물관,0.0078,0.0482,0.35,0.0029,18,12
"20250526",강남구,0.0188,0.056,0.41,0.0032,39,25
"20250526",강동구,0.017,0.0537,0.63,0.0031,40,28
"20250526",강북구,0.0118,0.0594,0.37,0.0026,35,28
"20250526",강서구,0.0197,0.062,0.4,0.0041,42,26
"20250526",관악구,0.0167,0.0577,0.4,0.0031,32,24
"20250526",광진구,0.0184,0.0622,0.39,0.0037,37,26
"20250526",구로구,0.014,0.0578,0.36,0.0034,38,30
"20250526",금천구,0.0185,0.0541,0.41,0.003,37,26
"20250526",노원구,0.0171,0.0567,0.41,0.0028,37,20
"20250526",도봉구,0.0129,0.0592,0.36,0.0028,32,12
"20250526",동대문구,0.0169,0.0595,0.4,0.0033,43,24
"20250526",동작구,0.0152,0.0613,0.39,0.0028,39,23
"20250526",마포구,0.0206,0.0645,0.41,0.0038,41,27
"20250526",서대문구,0.0143,0.0597,0.53,0.004,36,23
"20250526",서초구,0.018,0.0507,0.43,0.0032,43,28
"20250526",성동구,0.0201,0.0571,0.41,0.0034,36,24
"20250526",성북구,0.0166,0.0569,0.46,0.0042,37,25
"20250526",송파구,0.018,0.0561,0.4,0.003,36,24
"20250526",양천구,0.0184,0.0638,0.4,0.0035,46,28
"20250526",영등포구,0.0197,0.0645,0.39,0.0035,38,27
"20250526",용산구,0.0221,0.0485,0.5,0.0037,41,28
"20250526",은평구,0.0138,0.0514,0.48,0.0033,37,22
"20250526",종로구,0.0193,0.06,0.43,0.0033,39,26
"20250526",중구,0.0209,0.0594,0.44,0.004,33,27
"20250526",중랑구,0.0154,0.0548,0.4,0.0033,42,27
"20250526",강남대로,0.0253,0.0403,0.42,0.0037,38,24
"20250526",강변북로,0.0348,0.0367,0.49,0.0036,45,23
"20250526",공항대로,0.0269,0.0549,0.42,0.0036,42,27
"20250526",도산대로,0.0212,0.0481,0.42,0.0037,51,29
"20250526",동작대로,0.0289,0.0511,0.47,0.003,45,22
"20250526",시흥대로,0.0347,0.0402,0.49,0.0031,44,25
"20250526",신촌로,0.032,0.04,0.58,0.0031,47,32
"20250526",영등포로,0.0277,0.0524,0.47,0.0032,42,23
"20250526",정릉로,0.0307,0.0504,0.48,0.0029,39,22
"20250526",종로,0.022,0.0488,0.48,0.0032,41,20
"20250526",천호대로,0.0261,0.0462,0.51,0.0027,30,14
"20250526",청계천로,0.0269,0.0425,0.56,0.0036,43,29
"20250526",한강대로,0.0216,0.0556,0.49,0.0032,46,28
"20250526",홍릉로,0.026,0.0474,0.51,0.0033,39,19
"20250526",화랑로,0.0298,0.0502,0.47,0.0028,39,26
"20250526",관악산,0.0066,0.0955,0.32,0.0033,44,25
"20250526",남산,0.0143,0.06,0.56,0.0038,38,24
"20250526",북한산,0.0087,0.0595,0.44,0.0033,37,26
"20250526",세곡,0.0162,0.0483,0.35,0.0027,34,17
"20250526",항동,0.0168,0.0497,0.56,0.0037,36,22
"20250526",행주,0.0182,0.0549,0.42,0.0047,40,23
"20250526",마포아트센터,0.0162,0.0709,0.49,0.0044,42,29
"20250526",서울숲,0.0179,0.0517,0.44,0.0031,40,25
"20250526",올림픽공원,0.0128,0.0554,0.54,0.0029,34,24
"20250526",자연사박물관,0.0157,0.0642,0.48,0.0039,42,28
"20250527",강남구,0.0202,0.0691,0.48,0.0039,56,39
"20250527",강동구,0.018,0.0666,0.7,0.0037,61,47
"20250527",강북구,0.013,0.0777,0.43,0.0033,47,38
"20250527",강서구,0.0183,0.0724,0.45,0.0045,53,34
"20250527",관악구,0.0162,0.0715,0.45,0.004,40,29
"20250527",광진구,0.0206,0.0747,0.45,0.0043,54,42
"20250527",구로구,0.0156,0.0677,0.41,0.0037,53,46
"20250527",금천구,0.02,0.0631,0.44,0.0035,50,36
"20250527",노원구,0.0181,0.0764,0.47,0.0036,53,32
"20250527",도봉구,0.016,0.0778,0.45,0.0035,47,25
"20250527",동대문구,0.019,0.0727,0.48,0.0044,61,36
"20250527",동작구,0.0147,0.076,0.43,0.0036,49,31
"20250527",마포구,0.0197,0.0667,0.45,0.0046,51,38
"20250527",서대문구,0.0167,0.0732,0.59,0.0048,47,33
"20250527",서초구,0.0151,0.0746,0.47,0.0038,60,42
"20250527",성동구,0.02,0.0732,0.47,0.0042,54,35
"20250527",성북구,0.0177,0.0736,0.53,0.0052,54,36
"20250527",송파구,0.0187,0.0701,0.46,0.0039,53,35
"20250527",양천구,0.0168,0.0755,0.45,0.0043,59,38
"20250527",영등포구,0.0186,0.0777,0.45,0.0038,50,37
"20250527",용산구,0.0217,0.0617,0.55,0.0048,56,43
"20250527",은평구,0.0139,0.0665,0.52,0.0043,51,30
"20250527",종로구,0.0198,0.0768,0.5,0.0046,55,38
"20250527",중구,0.021,0.0733,0.48,0.005,46,38
"20250527",중랑구,0.0172,0.067,0.48,0.004,61,42
"20250527",강남대로,0.0291,0.0447,0.49,0.0038,55,40
"20250527",강변북로,0.036,0.0487,0.55,0.0042,64,38
"20250527",공항대로,0.0264,0.0661,0.47,0.0041,50,34
"20250527",도산대로,0.0209,0.0569,0.54,0.0045,71,43
"20250527",동작대로,0.0296,0.0642,0.51,0.0038,56,28
"20250527",시흥대로,0.0351,0.0467,0.54,0.0037,58,35
"20250527",신촌로,0.0306,0.0486,0.61,0.0038,60,41
"20250527",영등포로,0.0301,0.0622,0.54,0.0038,55,34
"20250527",정릉로,0.0369,0.0654,0.55,0.0042,57,34
"20250527",종로,0.0229,0.0619,0.54,0.0041,52,32
"20250527",천호대로,0.0271,0.0628,0.56,0.0033,52,28
"20250527",청계천로,0.0285,0.0603,0.62,0.0044,58,40
"20250527",한강대로,0.0232,0.0669,0.55,0.0038,66,43
"20250527",홍릉로,0.0282,0.0649,0.58,0.0045,56,33
"20250527",화랑로,0.0337,0.0679,0.55,0.0035,56,39
"20250527",관악산,0.0081,0.1086,0.39,0.0041,57,32
"20250527",남산,0.0144,0.0711,0.56,0.0046,57,38
"20250527",북한산,0.0115,0.0754,0.51,0.0037,51,39
"20250527",세곡,0.0172,0.063,0.41,0.0033,53,31
"20250527",항동,0.0184,0.0576,0.64,0.0038,54,36
"20250527",행주,0.0208,0.0596,0.46,0.004,55,36
"20250527",마포아트센터,0.0162,0.0835,0.54,0.0053,56,39
"20250527",서울숲,0.0181,0.0667,0.51,0.0038,61,41
"20250527",올림픽공원,0.0134,0.0703,0.57,0.0033,58,43
"20250527",자연사박물관,0.0164,0.0789,0.52,0.0048,55,38
"20250528",강남구,0.018,0.0651,0.46,0.0038,55,39
"20250528",강동구,0.0153,0.065,0.7,0.0036,62,46
"20250528",강북구,0.0114,0.0744,0.42,0.0031,48,40
"20250528",강서구,0.0176,0.0624,0.41,0.0037,57,40
"20250528",관악구,0.0188,0.0595,0.44,0.0038,45,32
"20250528",광진구,0.0181,0.069,0.47,0.004,52,41
"20250528",구로구,0.0147,0.0599,0.38,0.0037,52,44
"20250528",금천구,0.02,0.0538,0.43,0.0036,53,39
"20250528",노원구,0.0163,0.0714,0.44,0.0034,54,33
"20250528",도봉구,0.015,0.0742,0.43,0.0033,46,25
"20250528",동대문구,0.0154,0.0693,0.44,0.004,58,36
"20250528",동작구,0.0169,0.0639,0.43,0.0034,54,37
"20250528",마포구,0.0182,0.0648,0.41,0.0038,53,40
"20250528",서대문구,0.0153,0.0659,0.56,0.0046,46,36
"20250528",서초구,0.0154,0.0659,0.47,0.0033,59,43
"20250528",성동구,0.0184,0.0669,0.43,0.0039,51,34
"20250528",성북구,0.016,0.0678,0.52,0.0047,54,38
"20250528",송파구,0.0185,0.0633,0.47,0.0035,52,36
"20250528",양천구,0.0167,0.0649,0.41,0.0042,61,41
"20250528",영등포구,0.0182,0.0657,0.41,0.0037,52,40
"20250528",용산구,0.0204,0.0556,0.53,0.0045,54,45
"20250528",은평구,0.0131,0.0561,0.52,0.0037,54,36
"20250528",종로구,0.0183,0.0695,0.46,0.0042,54,42
"20250528",중구,0.0183,0.0666,0.43,0.0043,52,40
"20250528",중랑구,0.0142,0.0644,0.44,0.0039,55,41
"20250528",강남대로,0.0281,0.043,0.53,0.0037,53,41
"20250528",강변북로,0.0353,0.0429,0.53,0.0039,61,37
"20250528",공항대로,0.0262,0.0556,0.44,0.0035,55,36
"20250528",도산대로,0.0195,0.0635,0.65,0.0041,68,44
"20250528",동작대로,0.031,0.0527,0.52,0.0037,60,30
"20250528",시흥대로,0.033,0.0418,0.5,0.0036,59,37
"20250528",신촌로,0.0302,0.0437,0.59,0.0038,60,43
"20250528",영등포로,0.0281,0.0533,0.51,0.0037,59,36
"20250528",정릉로,0.0341,0.0609,0.52,0.004,57,36
"20250528",종로,0.0228,0.0552,0.52,0.0038,54,39
"20250528",천호대로,0.0245,0.0606,0.57,0.0034,51,27
"20250528",청계천로,0.0281,0.0535,0.6,0.0043,64,47
"20250528",한강대로,0.0198,0.06,0.52,0.0029,60,39
"20250528",홍릉로,0.0242,0.062,0.54,0.0044,53,32
"20250528",화랑로,0.0304,0.0647,0.54,0.0034,54,40
"20250528",관악산,0.0101,0.1033,0.37,0.0037,59,36
"20250528",남산,0.0124,0.0668,0.56,0.004,54,33
"20250528",북한산,0.0106,0.0706,0.49,0.0036,50,38
"20250528",세곡,0.0189,0.0553,0.42,0.0031,54,32
"20250528",항동,0.0192,0.0485,0.61,0.0039,50,36
"20250528",행주,0.0196,0.0483,0.41,0.0036,59,39
"20250528",마포아트센터,0.0153,0.0742,0.5,0.0046,55,40
"20250528",서울숲,0.0175,0.0609,0.47,0.0035,57,39
"20250528",올림픽공원,0.0127,0.0651,0.55,0.0034,54,43
"20250528",자연사박물관,0.0148,0.0698,0.49,0.0041,55,41
"20250529",강남구,0.0154,0.0616,0.37,0.0026,40,27
"20250529",강동구,0.013,0.0604,0.6,0.0025,41,31
"20250529",강북구,0.0082,0.0681,0.33,0.0023,36,32
"20250529",강서구,0.0186,0.0601,0.4,0.0033,41,29
"20250529",관악구,0.0179,0.0585,0.4,0.0027,33,21
"20250529",광진구,0.0142,0.0661,0.39,0.0031,36,27
"20250529",구로구,0.0142,0.0592,0.35,0.0027,36,29
"20250529",금천구,0.0211,0.0538,0.4,0.0032,39,28
"20250529",노원구,0.0139,0.0637,0.34,0.0022,40,23
"20250529",도봉구,0.0126,0.0546,0.34,0.0021,29,14
"20250529",동대문구,0.013,0.064,0.36,0.0025,43,26
"20250529",동작구,0.0158,0.0627,0.38,0.0028,39,25
"20250529",마포구,0.0172,0.0619,0.39,0.003,41,27
"20250529",서대문구,0.0124,0.0669,0.46,0.0031,35,23
"20250529",서초구,0.014,0.064,0.42,0.0022,39,26
"20250529",성동구,0.0163,0.0619,0.36,0.003,36,26
"20250529",성북구,0.0142,0.0623,0.42,0.0033,35,25
"20250529",송파구,0.0182,0.0568,0.38,0.0026,43,28
"20250529",양천구,0.0169,0.0637,0.38,0.0029,42,27
"20250529",영등포구,0.0182,0.0648,0.38,0.0028,37,27
"20250529",용산구,0.0184,0.0548,0.5,0.0032,41,27
"20250529",은평구,0.0101,0.0579,0.45,0.0027,39,24
"20250529",종로구,0.0147,0.0671,0.38,0.0028,40,30
"20250529",중구,0.0147,0.0696,0.36,0.0033,33,28
"20250529",중랑구,0.0104,0.0618,0.35,0.0027,39,30
"20250529",강남대로,0.0305,0.036,0.49,0.003,42,27
"20250529",강변북로,0.0336,0.0393,0.48,0.0031,43,20
"20250529",공항대로,0.0299,0.0499,0.42,0.0035,42,27
"20250529",도산대로,0.0162,0.0619,0.57,0.0031,47,26
"20250529",동작대로,0.0294,0.0529,0.44,0.0028,46,23
"20250529",시흥대로,0.0338,0.0389,0.49,0.003,43,25
"20250529",신촌로,0.0312,0.0423,0.56,0.0032,44,33
"20250529",영등포로,0.0274,0.0531,0.45,0.0029,40,22
"20250529",정릉로,0.0295,0.0576,0.42,0.0028,40,25
"20250529",종로,0.0184,0.055,0.43,0.0029,39,24
"20250529",천호대로,0.0244,0.0534,0.48,0.0026,34,17
"20250529",청계천로,0.0201,0.056,0.46,0.0032,43,31
"20250529",한강대로,0.0185,0.0587,0.46,0.0025,42,28
"20250529",홍릉로,0.0227,0.0568,0.45,0.003,39,20
"20250529",화랑로,0.029,0.0596,0.44,0.0024,39,29
"20250529",관악산,0.0077,0.096,0.29,0.0027,45,26
"20250529",남산,0.011,0.0637,0.49,0.003,35,22
"20250529",북한산,0.0068,0.0682,0.38,0.0029,37,29
"20250529",세곡,0.0231,0.0395,0.37,0.0023,44,21
"20250529",항동,0.0201,0.0494,0.58,0.0035,37,22
"20250529",행주,0.0152,0.0561,0.37,0.0032,42,25
"20250529",마포아트센터,0.0144,0.0726,0.46,0.0034,38,26
"20250529",서울숲,0.0155,0.0552,0.42,0.0026,40,25
"20250529",올림픽공원,0.0105,0.0596,0.46,0.0027,35,26
"20250529",자연사박물관,0.0116,0.0701,0.42,0.0032,40,27
"20250530",강남구,0.0225,0.0448,0.4,0.0027,38,25
"20250530",강동구,0.0172,0.0413,0.58,0.0023,32,24
"20250530",강북구,0.0099,0.0547,0.32,0.0023,34,29
"20250530",강서구,0.0211,0.0514,0.4,0.0032,47,29
"20250530",관악구,0.0228,0.0496,0.42,0.003,35,22
"20250530",광진구,0.0194,0.048,0.36,0.003,35,25
"20250530",구로구,0.0207,0.0454,0.37,0.0028,39,30
"20250530",금천구,0.0249,0.0455,0.43,0.0031,41,28
"20250530",노원구,0.0184,0.0461,0.35,0.0022,37,23
"20250530",도봉구,0.0079,0.0587,0.25,0.0023,30,14
"20250530",동대문구,0.0146,0.0537,0.37,0.0025,44,26
"20250530",동작구,0.0202,0.0532,0.39,0.003,41,25
"20250530",마포구,0.0187,0.0531,0.38,0.0029,44,28
"20250530",서대문구,0.013,0.0498,0.48,0.0032,36,23
"20250530",서초구,0.019,0.0518,0.43,0.0023,40,26
"20250530",성동구,0.0206,0.0481,0.39,0.0028,35,24
"20250530",성북구,0.0162,0.0532,0.43,0.0032,36,24
"20250530",송파구,0.0239,0.0408,0.39,0.0026,38,27
"20250530",양천구,0.0218,0.0506,0.41,0.003,47,28
"20250530",영등포구,0.0227,0.0522,0.39,0.003,39,28
"20250530",용산구,0.0243,0.0452,0.49,0.0032,43,28
"20250530",은평구,0.0114,0.0458,0.45,0.0026,39,22
"20250530",종로구,0.0178,0.0574,0.41,0.0028,41,31
"20250530",중구,0.0182,0.0595,0.4,0.0033,32,28
"20250530",중랑구,0.0145,0.0433,0.35,0.0027,37,25
"20250530",강남대로,0.0311,0.029,0.44,0.0035,39,24
"20250530",강변북로,0.0384,0.0283,0.49,0.0031,38,18
"20250530",공항대로,0.0312,0.0426,0.43,0.0032,49,28
"20250530",도산대로,0.0249,0.0479,0.63,0.0032,47,26
"20250530",동작대로,0.0355,0.0418,0.49,0.0032,51,26
"20250530",시흥대로,0.0431,0.0288,0.52,0.0033,48,28
"20250530",신촌로,0.0312,0.0341,0.59,0.0031,47,33
"20250530",영등포로,0.0319,0.0412,0.49,0.0032,44,23
"20250530",정릉로,0.035,0.0423,0.46,0.0029,42,24
"20250530",종로,0.0217,0.0461,0.46,0.0029,38,25
"20250530",천호대로,0.0295,0.0339,0.49,0.0026,34,15
"20250530",청계천로,0.0258,0.0445,0.54,0.0032,46,30
"20250530",한강대로,0.0227,0.0459,0.48,0.0029,47,28
"20250530",홍릉로,0.0236,0.0462,0.45,0.0029,40,20
"20250530",화랑로,0.0342,0.0369,0.45,0.0024,40,28
"20250530",관악산,0.0075,0.0853,0.28,0.0026,42,23
"20250530",남산,0.0165,0.0518,0.51,0.003,37,20
"20250530",북한산,0.0074,0.0542,0.38,0.0029,34,26
"20250530",세곡,0.0211,0.0342,0.31,0.0024,39,18
"20250530",항동,0.0253,0.0357,0.59,0.0033,42,23
"20250530",행주,0.0156,0.0505,0.37,0.0029,45,25
"20250530",마포아트센터,0.017,0.0565,0.48,0.0034,40,25
"20250530",서울숲,0.0207,0.0443,0.42,0.0026,37,23
"20250530",올림픽공원,0.0164,0.0416,0.47,0.0027,29,21
"20250530",자연사박물관,0.0124,0.0602,0.43,0.003,40,27
"20250531",강남구,0.0204,0.0571,0.39,0.003,40,26
"20250531",강동구,0.0162,0.0573,0.58,0.0028,38,26
"20250531",강북구,0.0097,0.0672,0.31,0.0025,33,28
"20250531",강서구,0.0227,0.0623,0.45,0.004,54,37
"20250531",관악구,0.0202,0.0601,0.42,0.0038,44,28
"20250531",광진구,0.0159,0.0655,0.32,0.0033,36,24
"20250531",구로구,0.0203,0.0544,0.4,0.0036,48,39
"20250531",금천구,0.0229,0.0536,0.44,0.0038,50,36
"20250531",노원구,0.0152,0.0621,0.33,0.0026,35,19
"20250531",도봉구,0.0094,0.0603,0.27,0.0026,32,17
"20250531",동대문구,0.0154,0.0657,0.37,0.003,44,26
"20250531",동작구,0.0192,0.0626,0.41,0.0035,49,31
"20250531",마포구,0.0191,0.0665,0.41,0.0034,46,30
"20250531",서대문구,0.0118,0.0608,0.46,0.004,40,25
"20250531",서초구,0.0187,0.0593,0.45,0.0028,46,32
"20250531",성동구,0.0177,0.065,0.39,0.0033,38,26
"20250531",성북구,0.0156,0.0647,0.41,0.0037,35,23
"20250531",송파구,0.0208,0.0534,0.38,0.003,40,26
"20250531",양천구,0.0225,0.0655,0.45,0.004,58,36
"20250531",영등포구,0.0245,0.0642,0.44,0.004,49,35
"20250531",용산구,0.0225,0.0568,0.53,0.0038,48,33
"20250531",은평구,0.0118,0.061,0.47,0.0033,44,26
"20250531",종로구,0.0168,0.0701,0.38,0.0032,38,29
"20250531",중구,0.0167,0.0737,0.38,0.0037,32,27
"20250531",중랑구,0.0128,0.0604,0.34,0.003,37,25
"20250531",강남대로,0.0281,0.0432,0.44,0.0039,46,32
"20250531",강변북로,0.0366,0.0428,0.49,0.0034,44,22
"20250531",공항대로,0.0288,0.0576,0.46,0.0037,53,34
"20250531",도산대로,0.0218,0.0579,0.61,0.0036,55,29
"20250531",동작대로,0.0311,0.053,0.51,0.0037,56,30
"20250531",시흥대로,0.035,0.0408,0.5,0.0036,55,34
"20250531",신촌로,0.031,0.045,0.59,0.0035,51,34
"20250531",영등포로,0.0339,0.0508,0.53,0.0042,52,29
"20250531",정릉로,0.0318,0.057,0.44,0.0032,39,23
"20250531",종로,0.0198,0.0587,0.43,0.0033,38,25
"20250531",천호대로,0.0273,0.0496,0.47,0.0028,34,14
"20250531",청계천로,0.0213,0.0591,0.46,0.0035,45,30
"20250531",한강대로,0.0201,0.0623,0.47,0.0032,49,30
"20250531",홍릉로,0.0231,0.0602,0.45,0.0033,39,20
"20250531",화랑로,0.0298,0.0579,0.43,0.0027,39,25
"20250531",관악산,0.0094,0.1005,0.33,0.0037,62,36
"20250531",남산,0.0146,0.0663,0.61,0.0034,42,25
"20250531",북한산,0.0088,0.0635,0.38,0.0031,37,27
"20250531",세곡,0.02,0.0501,0.34,0.0029,46,23
"20250531",항동,0.0218,0.0523,0.6,0.0043,50,32
"20250531",행주,0.0197,0.0578,0.41,0.0037,51,32
"20250531",마포아트센터,0.016,0.0761,0.5,0.0039,46,30
"20250531",서울숲,0.0176,0.0592,0.41,0.0031,55,28
"20250531",올림픽공원,0.0141,0.0577,0.47,0.0031,35,24
"20250531",자연사박물관,0.0127,0.0763,0.43,0.0036,45,30
"20250601",강남구,0.0155,0.0681,0.44,0.0035,57,41
"20250601",강동구,0.0138,0.0677,0.69,0.0031,57,45
"20250601",강북구,0.0097,0.0716,0.37,0.0026,44,37
"20250601",강서구,0.0191,0.0586,0.41,0.0042,56,39
"20250601",관악구,0.0174,0.0612,0.45,0.0035,50,33
"20250601",광진구,0.0173,0.0678,0.43,0.0034,52,41
"20250601",구로구,0.0128,0.0605,0.38,0.0035,52,44
"20250601",금천구,0.0161,0.0545,0.43,0.0033,52,39
"20250601",노원구,0.0136,0.0686,0.39,0.0028,49,31
"20250601",도봉구,0.0095,0.0673,0.37,0.0027,43,
"20250601",동대문구,0.0144,0.0698,0.43,0.0033,61,39
"20250601",동작구,0.0149,0.0654,0.43,0.0032,55,38
"20250601",마포구,0.0173,0.0609,0.42,0.0036,56,41
"20250601",서대문구,0.0122,0.0574,0.52,0.004,46,31
"20250601",서초구,0.0142,0.067,0.47,0.003,60,45
"20250601",성동구,0.017,0.0672,0.45,0.0036,54,39
"20250601",성북구,0.013,0.0702,0.48,0.0038,48,33
"20250601",송파구,0.0176,0.065,0.45,0.0033,54,39
"20250601",양천구,0.0166,0.0639,0.42,0.0038,60,40
"20250601",영등포구,0.0162,0.0675,0.42,0.0038,52,41
"20250601",용산구,0.0189,0.0572,0.53,0.0039,60,42
"20250601",은평구,0.0102,0.058,0.49,0.0031,48,31
"20250601",종로구,0.0155,0.072,0.43,0.0034,52,40
"20250601",중구,0.0163,0.0715,0.42,0.0038,41,41
"20250601",중랑구,0.0146,0.0676,0.46,0.0034,57,44
"20250601",강남대로,0.0214,0.0494,0.47,0.0038,52,42
"20250601",강변북로,0.0292,0.0513,0.55,0.0036,64,37
"20250601",공항대로,0.0244,0.0502,0.43,0.0038,48,35
"20250601",도산대로,0.0163,0.0668,0.63,0.0037,71,45
"20250601",동작대로,0.0251,0.0587,0.5,0.0037,60,33
"20250601",시흥대로,0.0234,0.0458,0.46,0.0033,57,37
"20250601",신촌로,0.0288,0.0431,0.59,0.0036,64,46
"20250601",영등포로,0.0245,0.0564,0.49,0.0038,59,38
"20250601",정릉로,0.0269,0.0672,0.49,0.0033,51,34
"20250601",종로,0.0173,0.0613,0.46,0.0033,51,36
"20250601",천호대로,0.0206,0.0663,0.53,0.0032,48,28
"20250601",청계천로,0.0181,0.0606,0.48,0.0034,58,41
"20250601",한강대로,0.0182,0.0605,0.5,0.0034,61,41
"20250601",홍릉로,0.0222,0.0642,0.52,0.0035,54,31
"20250601",화랑로,0.0227,0.0717,0.48,0.0028,57,39
"20250601",관악산,0.0064,0.0911,0.26,0.0028,42,24
"20250601",남산,0.0132,0.065,0.68,0.0035,55,36
"20250601",북한산,0.0073,0.0702,0.41,0.0032,42,31
"20250601",세곡,0.0153,0.0596,0.37,0.0029,52,31
"20250601",항동,0.0154,0.051,0.6,0.0039,47,32
"20250601",행주,0.0117,0.058,0.35,0.0033,46,29
"20250601",마포아트센터,0.0145,0.0737,0.52,0.0041,62,44
"20250601",서울숲,0.0164,0.0622,0.47,0.0032,72,43
"20250601",올림픽공원,0.0115,0.0713,0.51,0.0033,53,41
"20250601",자연사박물관,0.0132,0.071,0.48,0.0036,55,40
"20250602",강남구,0.0338,0.0332,0.5,0.0032,59,38
"20250602",강동구,0.0247,0.0374,0.71,0.0025,56,41
"20250602",강북구,0.0127,0.0558,0.38,0.0024,43,38
"20250602",강서구,0.0298,0.0342,0.47,0.0044,57,38
"20250602",관악구,0.034,0.0361,0.5,0.0036,49,31
"20250602",광진구,0.026,0.0404,0.44,0.0029,52,39
"20250602",구로구,0.0301,0.0287,0.44,0.0037,52,43
"20250602",금천구,0.0357,0.0264,0.49,0.0035,55,37
"20250602",노원구,0.0235,0.0466,0.42,0.0025,51,33
"20250602",도봉구,0.0173,0.0497,0.39,0.0025,43,
"20250602",동대문구,0.0261,0.0421,0.47,0.0029,60,38
"20250602",동작구,0.0317,0.0367,0.49,0.0034,55,35
"20250602",마포구,0.0285,0.035,0.46,0.0033,54,36
"20250602",서대문구,0.0206,0.0368,0.55,0.0036,48,31
"20250602",서초구,0.0304,0.0317,0.51,0.0028,60,38
"20250602",성동구,0.0319,0.0356,0.5,0.0033,55,36
"20250602",성북구,0.0242,0.0459,0.55,0.0035,47,35
"20250602",송파구,0.0334,0.0302,0.5,0.0032,56,38
"20250602",양천구,0.0309,0.034,0.49,0.0036,61,38
"20250602",영등포구,0.0324,0.031,0.49,0.0038,54,38
"20250602",용산구,0.0347,0.03,0.6,0.0038,59,42
"20250602",은평구,0.0183,0.0402,0.56,0.0028,54,33
"20250602",종로구,0.0275,0.0437,0.5,0.0031,51,39
"20250602",중구,0.0274,0.0424,0.48,0.0036,43,38
"20250602",중랑구,0.0219,0.0385,0.45,0.0031,55,41
"20250602",강남대로,0.0377,0.0205,0.58,0.0038,57,39
"20250602",강변북로,0.0403,0.0246,0.57,0.0032,59,32
"20250602",공항대로,0.0337,0.0339,0.46,0.0032,63,31
"20250602",도산대로,0.0355,0.0324,0.7,0.0035,70,39
"20250602",동작대로,0.0444,0.0251,0.59,0.0037,63,34
"20250602",시흥대로,0.0484,0.0164,0.61,0.0036,64,37
"20250602",신촌로,0.0369,0.0258,0.66,0.0034,62,41
"20250602",영등포로,0.0385,0.026,0.58,0.0037,61,34
"20250602",정릉로,0.0403,0.0386,0.57,0.0029,52,34
"20250602",종로,0.0288,0.0349,0.52,0.0031,52,34
"20250602",천호대로,0.0359,0.0304,0.62,0.0029,52,28
"20250602",청계천로,0.0342,0.0343,0.62,0.0033,62,41
"20250602",한강대로,0.0282,0.0346,0.57,0.0031,59,38
"20250602",홍릉로,0.034,0.035,0.57,0.0032,55,31
"20250602",화랑로,0.0443,0.0294,0.55,0.0026,57,38
"20250602",관악산,0.0133,0.0738,0.3,0.0028,46,30
"20250602",남산,0.0236,0.0395,0.76,0.0032,53,33
"20250602",북한산,0.01,0.0503,0.44,0.003,40,33
"20250602",세곡,0.0323,0.0277,0.45,0.0028,58,33
"20250602",항동,0.0307,0.022,0.69,0.004,50,33
"20250602",행주,0.0204,0.0378,0.39,0.0029,51,32
"20250602",마포아트센터,0.0251,0.0447,0.58,0.0039,59,38
"20250602",서울숲,0.0301,0.0301,0.53,0.0029,52,36
"20250602",올림픽공원,0.0219,0.0298,0.52,0.003,48,36
"20250602",자연사박물관,0.021,0.0446,0.51,0.0032,54,37
"20250603",강남구,0.0118,0.0524,0.34,0.0028,43,26
"20250603",강동구,0.0122,0.048,0.57,0.0025,43,29
"20250603",강북구,0.0071,0.0577,0.3,0.0025,38,28
"20250603",강서구,0.0138,0.0519,0.34,0.0033,45,27
"20250603",관악구,0.016,0.0486,0.37,0.0031,39,21
"20250603",광진구,0.0152,0.0504,0.3,0.003,41,27
"20250603",구로구,0.0091,0.0508,0.32,0.0028,36,26
"20250603",금천구,0.0165,0.0444,0.34,0.0032,42,28
"20250603",노원구,0.0105,0.0565,0.32,0.0026,43,21
"20250603",도봉구,0.0067,0.0529,0.29,0.0025,40,
"20250603",동대문구,0.0116,0.0522,0.34,0.0028,47,26
"20250603",동작구,0.0134,0.051,0.34,0.003,44,24
"20250603",마포구,0.0122,0.0508,0.34,0.0029,46,26
"20250603",서대문구,0.0084,0.0476,0.42,0.0035,38,22
"20250603",서초구,0.01,0.0539,0.38,0.0023,51,26
"20250603",성동구,0.0138,0.0521,0.35,0.003,40,26
"20250603",성북구,0.0116,0.0546,0.41,0.0034,39,24
"20250603",송파구,0.0153,0.0481,0.35,0.0028,44,27
"20250603",양천구,0.0124,0.0546,0.35,0.0032,47,26
"20250603",영등포구,0.0116,0.0541,0.33,0.003,41,27
"20250603",용산구,0.0125,0.0466,0.4,0.0033,45,28
"20250603",은평구,0.008,0.0486,0.4,0.0027,43,22
"20250603",종로구,0.0119,0.056,0.35,0.0029,39,28
"20250603",중구,0.0113,0.0532,0.33,0.0032,32,26
"20250603",중랑구,0.0112,0.0509,0.34,0.003,42,29
"20250603",강남대로,0.0166,0.0381,0.38,0.0035,43,25
"20250603",강변북로,0.0225,0.0415,0.4,0.0031,49,21
"20250603",공항대로,0.0184,0.0481,0.35,0.0031,45,24
"20250603",도산대로,0.0119,0.0518,0.53,0.0031,54,27
"20250603",동작대로,0.0181,0.0503,0.4,0.0033,51,22
"20250603",시흥대로,0.0188,0.0409,0.37,0.003,46,24
"20250603",신촌로,0.0203,0.0375,0.5,0.0031,49,30
"20250603",영등포로,0.0189,0.0464,0.4,0.0032,43,21
"20250603",정릉로,0.0233,0.0501,0.4,0.0029,44,23
"20250603",종로,0.0128,0.0491,0.37,0.0028,42,22
"20250603",천호대로,0.0165,0.0461,0.41,0.0027,41,16
"20250603",청계천로,0.0143,0.0482,0.39,0.0032,46,28
"20250603",한강대로,0.0134,0.0489,0.41,0.0029,44,26
"20250603",홍릉로,0.019,0.0426,0.45,0.0032,42,20
"20250603",화랑로,0.0215,0.0505,0.4,0.0027,44,27
"20250603",관악산,0.0075,0.072,0.26,0.0028,51,27
"20250603",남산,0.0108,0.052,0.59,0.003,39,20
"20250603",북한산,0.0053,0.0582,0.36,0.0031,37,24
"20250603",세곡,0.0137,0.0462,0.27,0.0026,52,21
"20250603",항동,0.0133,0.0449,0.53,0.0035,37,19
"20250603",행주,0.006,0.0575,0.27,0.0026,40,21
"20250603",마포아트센터,0.0097,0.062,0.43,0.0033,43,25
"20250603",서울숲,0.0133,0.0482,0.36,0.0027,52,24
"20250603",올림픽공원,0.0101,0.0517,0.36,0.0028,40,26
"20250603",자연사박물관,0.0084,0.061,0.35,0.003,43,26
"20250604",강남구,0.0104,0.0501,0.28,0.0027,27,9
"20250604",강동구,0.0094,0.0503,0.49,0.0027,34,11
"20250604",강북구,0.0071,0.0525,0.26,0.0024,25,11
"20250604",강서구,0.0117,0.0503,0.27,0.0029,29,8
"20250604",관악구,0.0115,0.0509,0.28,0.0029,23,3
"20250604",광진구,0.0125,0.0524,0.19,0.0029,28,9
"20250604",구로구,0.0104,0.0461,0.27,0.0028,27,14
"20250604",금천구,0.0133,0.0465,0.31,0.0031,29,10
"20250604",노원구,0.0113,0.0509,0.28,0.0025,30,5
"20250604",도봉구,0.0061,0.0486,0.21,0.0026,27,
"20250604",동대문구,0.0097,0.0513,0.28,0.0027,30,9
"20250604",동작구,0.0099,0.052,0.27,0.0026,28,6
"20250604",마포구,0.0111,0.0507,0.27,0.0027,31,9
"20250604",서대문구,0.0102,0.0413,0.36,0.0034,30,6
"20250604",서초구,0.009,0.0502,0.31,0.0021,39,8
"20250604",성동구,0.012,0.0499,0.29,0.0029,27,9
"20250604",성북구,0.0114,0.0522,0.36,0.0035,30,8
"20250604",송파구,0.0123,0.0483,0.28,0.0028,30,8
"20250604",양천구,0.0119,0.0516,0.28,0.0027,31,9
"20250604",영등포구,0.0114,0.052,0.28,0.0028,27,10
"20250604",용산구,0.013,0.0436,0.36,0.0031,32,9
"20250604",은평구,0.0098,0.0431,0.32,0.0027,32,7
"20250604",종로구,0.0117,0.0521,0.29,0.0025,27,11
"20250604",중구,0.0119,0.0507,0.27,0.0032,16,8
"20250604",중랑구,0.0102,0.0449,0.29,0.0032,30,10
"20250604",강남대로,0.0169,0.0386,0.3,0.0036,34,8
"20250604",강변북로,0.0229,0.0386,0.3,0.0033,38,5
"20250604",공항대로,0.019,0.0447,0.3,0.0029,34,9
"20250604",도산대로,0.0126,0.0485,0.44,0.0032,40,10
"20250604",동작대로,0.0193,0.0449,0.32,0.0029,35,8
"20250604",시흥대로,0.0183,0.0386,0.3,0.0028,29,6
"20250604",신촌로,0.0229,0.0334,0.46,0.0031,30,12
"20250604",영등포로,0.0221,0.0414,0.36,0.0029,28,4
"20250604",정릉로,0.0237,0.0459,0.34,0.0028,31,7
"20250604",종로,0.0143,0.0441,0.33,0.0026,29,6
"20250604",천호대로,0.0164,0.0462,0.35,0.0027,27,6
"20250604",청계천로,0.0159,0.0433,0.36,0.003,35,12
"20250604",한강대로,0.0148,0.0439,0.36,0.003,33,9
"20250604",홍릉로,0.0183,0.0427,0.38,0.003,29,4
"20250604",화랑로,0.0222,0.0493,0.34,0.0027,32,11
"20250604",관악산,0.007,0.0683,0.17,0.0028,38,9
"20250604",남산,0.0081,0.0511,0.53,0.003,29,4
"20250604",북한산,0.0061,0.0519,0.31,0.0032,31,13
"20250604",세곡,0.0137,0.0434,0.18,0.0028,40,7
"20250604",항동,0.0123,0.0446,0.44,0.0035,30,6
"20250604",행주,0.0103,0.0365,0.28,0.0026,29,5
"20250604",마포아트센터,0.0108,0.0577,0.38,0.0031,32,9
"20250604",서울숲,0.0114,0.0474,0.25,0.0027,35,8
"20250604",올림픽공원,0.0083,0.0531,0.35,0.003,28,9
"20250604",자연사박물관,0.0091,0.0558,0.28,0.003,33,11
"20250605",강남구,0.0145,0.0574,0.29,0.0032,26,13
"20250605",강동구,0.0144,0.0553,0.52,0.003,31,16
"20250605",강북구,0.011,0.0546,0.26,0.0026,23,15
"20250605",강서구,0.0161,0.0551,0.27,0.003,27,12
"20250605",관악구,0.0165,0.054,0.3,0.0031,19,7
"20250605",광진구,0.0174,0.0561,0.22,0.0029,26,14
"20250605",구로구,0.0131,0.0538,0.27,0.0032,25,16
"20250605",금천구,0.0202,0.0452,0.32,0.0032,24,14
"20250605",노원구,0.0189,0.0503,0.3,0.0027,28,9
"20250605",도봉구,0.0109,0.0512,0.2,0.0029,22,
"20250605",동대문구,0.0144,0.0559,0.29,0.003,29,12
"20250605",동작구,0.0145,0.0568,0.27,0.0029,25,8
"20250605",마포구,0.0165,0.0544,0.28,0.0032,26,12
"20250605",서대문구,0.0139,0.0444,0.37,0.0038,24,8
"20250605",서초구,0.0137,0.0541,0.33,0.0025,29,12
"20250605",성동구,0.0193,0.054,0.31,0.0032,25,12
"20250605",성북구,0.0161,0.0563,0.37,0.0038,24,12
"20250605",송파구,0.0176,0.0527,0.28,0.003,28,13
"20250605",양천구,0.0145,0.0586,0.28,0.0032,28,12
"20250605",영등포구,0.0155,0.0585,0.28,0.0032,24,13
"20250605",용산구,0.0175,0.0454,0.34,0.0035,28,13
"20250605",은평구,0.0135,0.0458,0.32,0.003,26,9
"20250605",종로구,0.0173,0.0566,0.33,0.0031,24,15
"20250605",중구,0.0177,0.0567,0.31,0.0034,16,13
"20250605",중랑구,0.0151,,0.31,,27,14
"20250605",강남대로,0.0277,0.0361,0.34,0.0039,28,11
"20250605",강변북로,0.0351,0.0374,0.33,0.0036,30,8
"20250605",공항대로,0.0245,0.0481,0.31,0.0033,30,11
"20250605",도산대로,0.0194,0.0528,0.46,0.0038,37,15
"20250605",동작대로,0.0286,0.0462,0.35,0.0033,32,12
"20250605",시흥대로,0.0268,0.0381,0.34,0.0032,28,10
"20250605",신촌로,0.0328,0.0336,0.51,0.0033,30,16
"20250605",영등포로,0.0268,0.0466,0.39,0.0034,28,7
"20250605",정릉로,0.0336,0.0452,0.38,0.0031,29,10
"20250605",종로,0.0208,0.0456,0.36,0.003,26,10
"20250605",천호대로,0.022,0.0525,0.37,0.0031,24,9
"20250605",청계천로,0.0251,0.0439,0.44,0.0033,30,15
"20250605",한강대로,0.0212,0.0496,0.41,0.0033,30,14
"20250605",홍릉로,0.0254,0.0464,0.43,0.0033,28,7
"20250605",화랑로,0.0366,0.042,0.4,0.0028,28,15
"20250605",관악산,0.0063,0.0836,0.19,0.0033,28,11
"20250605",남산,0.0138,0.0551,0.56,0.0033,23,9
"20250605",북한산,0.0073,0.0565,0.31,0.0032,22,14
"20250605",세곡,0.0205,0.0455,0.24,0.0029,31,10
"20250605",항동,0.0185,0.0453,0.43,0.0038,25,8
"20250605",행주,0.0196,0.0465,0.25,0.0031,28,9
"20250605",마포아트센터,0.0142,0.0643,0.39,0.0037,26,11
"20250605",서울숲,0.0168,0.0514,0.26,0.0029,34,12
"20250605",올림픽공원,0.0112,0.059,0.37,0.0032,24,12
"20250605",자연사박물관,0.0136,0.0592,0.29,0.0035,27,14
"20250606",강남구,0.0147,0.0588,0.34,0.0031,32,16
"20250606",강동구,0.0134,0.0587,0.54,0.0029,37,19
"20250606",강북구,0.0101,0.0648,0.31,0.0032,30,18
"20250606",강서구,0.0131,0.0665,0.33,0.0033,31,14
"20250606",관악구,0.0119,0.0639,0.34,0.0032,25,10
"20250606",광진구,0.0148,0.0606,0.26,0.003,32,16
"20250606",구로구,0.0103,0.0619,0.3,0.0032,31,17
"20250606",금천구,0.0156,0.0584,0.36,0.0033,30,15
"20250606",노원구,0.0152,0.062,0.33,0.0028,33,12
"20250606",도봉구,0.009,0.0583,0.22,0.003,27,
"20250606",동대문구,0.0142,0.0599,0.34,0.0032,35,15
"20250606",동작구,0.0116,0.065,0.31,0.0028,29,11
"20250606",마포구,0.0131,0.0664,0.32,0.0034,32,15
"20250606",서대문구,0.0088,0.0575,0.39,0.0039,28,9
"20250606",서초구,0.013,0.0597,0.36,0.0025,38,14
"20250606",성동구,0.016,0.0596,0.35,0.0033,30,17
"20250606",성북구,0.0148,0.0632,0.42,0.0039,32,15
"20250606",송파구,0.0153,0.0591,0.32,0.0031,33,18
"20250606",양천구,0.013,0.0672,0.32,0.0033,32,14
"20250606",영등포구,0.0151,0.0661,0.33,0.0034,30,16
"20250606",용산구,0.0179,0.0509,0.38,0.0035,34,16
"20250606",은평구,0.0089,0.0629,0.32,0.0033,32,11
"20250606",종로구,0.0157,0.063,0.36,0.0033,28,18
"20250606",중구,0.0166,0.0643,0.36,0.0036,21,16
"20250606",중랑구,0.0128,,0.33,,31,18
"20250606",강남대로,0.0205,0.0452,0.35,0.004,34,13
"20250606",강변북로,0.0255,0.0476,0.33,0.0036,39,11
"20250606",공항대로,0.0185,0.0626,0.33,0.0033,33,16
"20250606",도산대로,0.0143,0.0607,0.47,0.0037,41,13
"20250606",동작대로,0.0212,0.0591,0.39,0.0034,37,13
"20250606",시흥대로,0.0253,0.0461,0.4,0.0035,32,14
"20250606",신촌로,0.0241,0.0443,0.49,0.0035,35,18
"20250606",영등포로,0.0248,0.0532,0.41,0.0034,33,10
"20250606",정릉로,0.0291,0.0543,0.43,0.0032,35,14
"20250606",종로,0.0198,0.0502,0.43,0.0032,30,12
"20250606",천호대로,0.023,0.0529,0.43,0.003,30,9
"20250606",청계천로,0.0215,0.0488,0.48,0.0036,35,18
"20250606",한강대로,0.0193,0.0565,0.44,0.0034,38,16
"20250606",홍릉로,0.0226,0.0534,0.44,0.0037,33,10
"20250606",화랑로,0.0287,0.0577,0.4,0.0029,34,19
"20250606",관악산,0.0045,0.0957,0.26,0.004,40,14
"20250606",남산,0.0108,0.0659,0.55,0.0035,29,9
"20250606",북한산,0.007,0.0654,0.35,0.0034,29,17
"20250606",세곡,0.012,0.057,0.33,0.003,43,12
"20250606",항동,0.0142,0.0557,0.44,0.0039,28,9
"20250606",행주,0.0181,0.058,0.3,0.0032,34,12
"20250606",마포아트센터,0.0115,0.0733,0.41,0.0038,32,12
"20250606",서울숲,0.0146,0.0558,0.29,0.0029,46,16
"20250606",올림픽공원,0.0114,0.0616,0.4,0.0032,32,15
"20250606",자연사박물관,0.0083,0.075,0.3,0.0037,33,15
"20250607",강남구,0.0112,0.0542,0.32,0.0025,43,24
"20250607",강동구,0.0096,0.0546,0.58,0.0024,44,28
"20250607",강북구,0.0082,0.0583,0.32,0.0026,41,29
"20250607",강서구,0.0089,0.0572,0.32,0.0028,44,25
"20250607",관악구,0.0088,0.0572,0.32,0.0027,36,18
"20250607",광진구,0.0131,0.0531,0.29,0.003,42,25
"20250607",구로구,0.0068,0.0575,0.31,0.0029,37,24
"20250607",금천구,0.0084,0.0526,0.35,0.0027,40,22
"20250607",노원구,0.0122,0.0538,0.34,0.0026,42,20
"20250607",도봉구,0.0076,0.0526,0.28,0.0027,36,
"20250607",동대문구,0.0109,0.0509,0.33,0.0027,49,25
"20250607",동작구,0.0084,0.0569,0.3,0.0024,41,22
"20250607",마포구,0.0089,0.0581,0.33,0.0029,44,23
"20250607",서대문구,0.0077,0.0509,0.45,0.0035,39,19
"20250607",서초구,0.0075,0.0591,0.35,0.0021,43,20
"20250607",성동구,0.0118,0.057,0.34,0.0028,41,24
"20250607",성북구,0.0119,0.055,0.44,0.0036,40,22
"20250607",송파구,0.0104,0.058,0.31,0.0026,43,24
"20250607",양천구,0.0077,0.0612,0.33,0.0027,45,23
"20250607",영등포구,0.0082,0.0595,0.33,0.003,41,25
"20250607",용산구,0.0113,0.0492,0.36,0.0029,44,28
"20250607",은평구,0.0079,0.053,0.43,0.0029,45,20
"20250607",종로구,0.0111,0.0613,0.34,0.0027,43,26
"20250607",중구,0.0111,0.0626,0.36,0.0032,33,26
"20250607",중랑구,0.0106,,0.34,,45,26
"20250607",강남대로,0.0164,0.0427,0.38,0.0034,39,22
"20250607",강변북로,0.0223,0.0433,0.39,0.0032,45,16
"20250607",공항대로,0.0158,0.0535,0.33,0.0028,42,22
"20250607",도산대로,0.0103,0.0585,0.5,0.0032,50,21
"20250607",동작대로,0.0184,0.0521,0.37,0.0027,47,20
"20250607",시흥대로,0.0166,0.0415,0.37,0.0029,48,22
"20250607",신촌로,0.02,0.041,0.52,0.0032,48,27
"20250607",영등포로,0.0178,0.0505,0.43,0.0032,43,19
"20250607",정릉로,0.0255,0.0513,0.42,0.003,47,22
"20250607",종로,0.0145,0.0471,0.4,0.0028,40,20
"20250607",천호대로,0.0179,0.0509,0.4,0.0026,39,15
"20250607",청계천로,0.0161,0.049,0.42,0.003,47,27
"20250607",한강대로,0.0134,0.0566,0.43,0.0031,44,24
"20250607",홍릉로,0.0196,0.0492,0.46,0.0031,45,18
"20250607",화랑로,0.0237,0.0502,0.41,0.0025,43,26
"20250607",관악산,0.0044,0.0795,0.3,0.0032,49,24
"20250607",남산,0.0082,0.0591,0.59,0.0029,40,18
"20250607",북한산,0.0062,0.0545,0.41,0.0032,39,26
"20250607",세곡,0.0095,0.0519,0.32,0.0026,46,18
"20250607",항동,0.0097,0.05,0.51,0.0034,36,17
"20250607",행주,0.0096,0.0532,0.25,0.0029,40,19
"20250607",마포아트센터,0.007,0.0696,0.44,0.0034,43,22
"20250607",서울숲,0.0103,0.0539,0.33,0.0025,50,22
"20250607",올림픽공원,0.0091,0.0583,0.38,0.003,39,22
"20250607",자연사박물관,0.0062,0.067,0.38,0.0032,43,24
"20250608",강남구,0.0079,0.0412,0.28,0.0023,27,17
"20250608",강동구,0.0065,0.0494,0.55,0.0021,28,20
"20250608",강북구,0.0061,0.0447,0.26,0.0021,32,24
"20250608",강서구,0.0094,0.0466,0.28,0.0026,32,20
"20250608",관악구,0.0078,0.0412,0.27,0.0022,19,9
"20250608",광진구,0.0091,0.05,0.28,0.003,30,20
"20250608",구로구,0.006,0.0488,0.26,0.0023,19,14
"20250608",금천구,0.0074,0.0381,0.3,0.0022,21,15
"20250608",노원구,0.0078,0.0458,0.27,0.0022,32,14
"20250608",도봉구,0.0048,0.0481,0.31,0.0021,24,
"20250608",동대문구,0.0081,0.0426,0.28,0.0022,31,18
"20250608",동작구,0.0061,0.0428,0.25,0.002,26,12
"20250608",마포구,0.0104,0.0428,0.29,0.0023,31,20
"20250608",서대문구,0.0069,0.0425,0.41,0.0031,26,16
"20250608",서초구,0.0079,0.0487,0.36,0.0018,21,13
"20250608",성동구,0.009,0.0469,0.29,0.0026,25,17
"20250608",성북구,0.0079,0.0486,0.4,0.0031,27,18
"20250608",송파구,0.0079,0.0422,0.26,0.0022,27,16
"20250608",양천구,0.0083,0.0488,0.28,0.0024,30,17
"20250608",영등포구,0.008,0.0436,0.28,0.0024,24,18
"20250608",용산구,0.0094,0.0397,0.33,0.0025,29,21
"20250608",은평구,0.0058,0.0408,0.43,0.0024,29,15
"20250608",종로구,0.0089,0.0499,0.28,0.0023,25,18
"20250608",중구,0.0089,0.0526,0.29,0.0027,23,19
"20250608",중랑구,0.0073,,0.28,,33,21
"20250608",강남대로,0.0101,0.0341,0.35,0.0028,19,12
"20250608",강변북로,0.0186,0.0359,0.41,0.0028,26,8
"20250608",공항대로,0.0175,0.0392,0.3,0.0026,33,18
"20250608",도산대로,0.009,0.048,0.51,0.0027,30,12
"20250608",동작대로,0.0129,0.0363,0.31,0.0024,29,11
"20250608",시흥대로,0.0147,0.0304,0.32,0.0023,27,15
"20250608",신촌로,0.018,0.0315,0.43,0.0026,33,20
"20250608",영등포로,0.0147,0.0405,0.34,0.0026,26,11
"20250608",정릉로,0.0231,0.0427,0.36,0.0025,35,17
"20250608",종로,0.0108,0.0374,0.33,0.0024,28,15
"20250608",천호대로,0.0119,0.0411,0.34,0.0023,27,10
"20250608",청계천로,0.0106,0.0408,0.33,0.0027,31,20
"20250608",한강대로,0.011,0.0487,0.38,0.0028,25,16
"20250608",홍릉로,0.0144,0.0422,0.36,0.0028,28,11
"20250608",화랑로,0.0165,0.0452,0.34,0.0023,32,21
"20250608",관악산,0.0037,0.0638,0.21,0.0022,23,12
"20250608",남산,0.0069,0.0487,0.55,0.0025,18,9
"20250608",북한산,0.0049,0.0423,0.36,0.0029,25,18
"20250608",세곡,0.0051,0.0441,0.27,0.0023,28,11
"20250608",항동,0.0061,0.044,0.52,0.0029,21,9
"20250608",행주,0.005,0.0493,0.14,0.0024,38,19
"20250608",마포아트센터,0.0072,0.0596,0.39,0.0027,21,15
"20250608",서울숲,0.0087,0.0458,0.37,0.0019,30,14
"20250608",올림픽공원,0.0051,0.0489,0.25,0.0027,20,14
"20250608",자연사박물관,0.0071,0.0548,0.39,0.0026,29,21
"20250609",강남구,0.0091,0.067,0.35,0.0023,35,22
"20250609",강동구,0.0077,0.0709,0.62,0.0021,36,24
"20250609",강북구,0.008,0.0739,0.31,0.0021,33,27
"20250609",강서구,0.0103,0.0666,0.33,0.0024,35,22
"20250609",관악구,0.0103,0.0622,0.33,0.0024,24,15
"20250609",광진구,0.0106,0.071,0.33,0.003,33,24
"20250609",구로구,0.0072,0.0656,0.3,0.0023,26,19
"20250609",금천구,0.0105,0.0581,0.37,0.0023,29,20
"20250609",노원구,0.0113,0.0713,0.33,0.0024,33,16
"20250609",도봉구,0.0069,0.0721,0.35,0.0022,27,
"20250609",동대문구,0.0106,0.065,0.34,0.0023,40,21
"20250609",동작구,0.0083,0.0644,0.32,0.0021,35,19
"20250609",마포구,0.011,0.0639,0.33,0.0023,30,21
"20250609",서대문구,0.0091,0.0613,0.44,0.003,29,19
"20250609",서초구,0.0085,0.067,0.4,0.0018,31,19
"20250609",성동구,0.0112,0.0674,0.34,0.0024,30,21
"20250609",성북구,0.011,0.0689,0.44,0.0031,30,20
"20250609",송파구,0.0093,0.0661,0.35,0.0021,34,22
"20250609",양천구,0.0095,0.069,0.33,0.0023,34,20
"20250609",영등포구,0.0096,0.0678,0.32,0.0024,30,21
"20250609",용산구,0.0123,0.0565,0.4,0.0025,34,24
"20250609",은평구,0.0085,0.0627,0.47,0.0024,32,19
"20250609",종로구,0.0116,0.0686,0.35,0.0023,32,22
"20250609",중구,0.0121,0.07,0.34,0.0028,31,22
"20250609",중랑구,0.0115,,0.37,,36,25
"20250609",강남대로,0.0161,0.0492,0.44,0.0026,29,18
"20250609",강변북로,0.0306,0.0478,0.46,0.0028,36,14
"20250609",공항대로,0.0199,0.0614,0.35,0.0025,31,19
"20250609",도산대로,0.0116,0.0653,0.55,0.0026,38,18
"20250609",동작대로,0.0213,0.0565,0.39,0.0025,35,17
"20250609",시흥대로,0.0201,0.0457,0.38,0.0024,34,19
"20250609",신촌로,0.0233,0.0416,0.5,0.0025,35,20
"20250609",영등포로,0.0209,0.0558,0.4,0.0024,33,15
"20250609",정릉로,0.0324,0.0585,0.43,0.0025,37,18
"20250609",종로,0.0158,0.0568,0.39,0.0024,32,17
"20250609",천호대로,0.0165,0.0612,0.42,0.0023,27,14
"20250609",청계천로,0.0171,0.0547,0.43,0.0026,35,23
"20250609",한강대로,0.0155,0.0626,0.44,0.0028,33,22
"20250609",홍릉로,0.0195,0.0596,0.44,0.0028,32,14
"20250609",화랑로,0.0244,0.0691,0.38,0.0023,34,22
"20250609",관악산,0.0052,0.0921,0.24,0.0024,33,19
"20250609",남산,0.0096,0.0644,0.58,0.0025,25,13
"20250609",북한산,0.0067,0.0699,0.39,0.003,32,24
"20250609",세곡,0.0069,0.0694,0.35,0.0023,38,18
"20250609",항동,0.0096,0.0593,0.57,0.003,29,14
"20250609",행주,0.0092,0.0666,0.18,0.0024,32,18
"20250609",마포아트센터,0.0095,0.0765,0.42,0.0026,30,20
"20250609",서울숲,0.0097,0.0663,0.4,0.002,36,19
"20250609",올림픽공원,0.0062,0.0777,0.25,0.0027,32,21
"20250609",자연사박물관,0.0083,0.0767,0.41,0.0026,32,22
"20250610",강남구,0.0125,0.0421,0.31,0.0023,21,11
"20250610",강동구,0.0114,0.0447,0.51,0.0022,20,14
"20250610",강북구,0.0072,0.0487,0.26,0.0021,18,14
"20250610",강서구,0.0131,0.0418,0.3,0.0026,22,13
"20250610",관악구,0.0132,0.0406,0.3,0.0024,14,6
"20250610",광진구,0.0137,0.0453,0.3,0.0029,20,12
"20250610",구로구,0.0113,0.0403,0.29,0.0023,19,14
"20250610",금천구,0.0139,0.0358,0.29,0.0026,20,14
"20250610",노원구,0.0102,0.0451,0.28,0.0024,20,6
"20250610",도봉구,0.007,0.0486,0.31,0.002,15,
"20250610",동대문구,0.0131,0.0397,0.31,0.0024,24,12
"20250610",동작구,0.0113,0.0413,0.29,0.0022,23,9
"20250610",마포구,0.0132,0.0464,0.3,0.0025,20,12
"20250610",서대문구,0.0101,0.04,0.39,0.0031,17,7
"20250610",서초구,0.0133,0.0409,0.37,0.0018,22,12
"20250610",성동구,0.0148,0.0414,0.32,0.0025,18,11
"20250610",성북구,0.0116,0.0452,0.4,0.0032,17,10
"20250610",송파구,0.0129,0.0414,0.3,0.0023,22,13
"20250610",양천구,0.0128,0.0425,0.31,0.0023,23,13
"20250610",영등포구,0.0137,0.0411,0.31,0.0023,18,12
"20250610",용산구,0.016,0.0348,0.4,0.0027,22,15
"20250610",은평구,0.0102,0.0382,0.42,0.0024,22,11
"20250610",종로구,0.0146,0.0432,0.33,0.0024,17,13
"20250610",중구,0.015,0.0458,0.31,0.0028,12,12
"20250610",중랑구,0.013,,0.32,,21,13
"20250610",강남대로,0.0163,0.0306,0.4,0.0027,15,10
"20250610",강변북로,0.0262,0.0294,0.43,0.0027,25,9
"20250610",공항대로,0.0226,0.0374,0.33,0.0025,20,11
"20250610",도산대로,0.0138,0.0419,0.53,0.0026,27,10
"20250610",동작대로,0.02,0.0362,0.36,0.0026,25,9
"20250610",시흥대로,0.0193,0.0301,0.34,0.0024,24,11
"20250610",신촌로,0.0261,0.0268,0.51,0.0026,23,13
"20250610",영등포로,0.0224,0.0334,0.4,0.0024,22,7
"20250610",정릉로,0.0282,0.0379,0.39,0.0026,21,9
"20250610",종로,0.0169,0.0368,0.37,0.0027,19,10
"20250610",천호대로,0.0172,0.0405,0.36,0.0023,14,6
"20250610",청계천로,0.0185,0.035,0.41,0.0026,24,15
"20250610",한강대로,0.0168,0.0384,0.41,0.0028,23,14
"20250610",홍릉로,0.0206,0.0364,0.43,0.0029,21,5
"20250610",화랑로,0.0209,0.0452,0.34,0.0024,17,12
"20250610",관악산,0.0057,0.0626,0.16,0.0023,24,11
"20250610",남산,0.011,0.0419,0.5,0.0025,17,7
"20250610",북한산,0.0059,0.0477,0.36,0.0029,19,14
"20250610",세곡,0.0103,0.0417,0.28,0.0022,26,12
"20250610",항동,0.0129,0.0362,0.55,0.003,19,9
"20250610",행주,0.0104,0.0441,0.1,0.0023,20,9
"20250610",마포아트센터,0.0118,0.0487,0.41,0.0026,20,12
"20250610",서울숲,0.0131,0.0402,0.37,0.0019,22,10
"20250610",올림픽공원,0.0094,0.0474,0.18,0.0026,18,12
"20250610",자연사박물관,0.01,0.049,0.39,0.0026,21,15
"20250611",강남구,0.0145,0.0527,0.34,0.0027,27,12
"20250611",강동구,0.0132,0.0519,0.43,0.0028,28,16
"20250611",강북구,0.0076,0.0577,0.28,0.0025,23,15
"20250611",강서구,0.0157,0.0533,0.33,0.0034,27,14
"20250611",관악구,0.0158,0.051,0.34,0.0029,21,8
"20250611",광진구,0.0159,0.0535,0.34,0.003,26,13
"20250611",구로구,0.0148,0.047,0.32,0.003,29,19
"20250611",금천구,0.016,0.0453,0.32,0.0031,25,15
"20250611",노원구,0.0121,0.0557,0.31,0.0025,25,11
"20250611",도봉구,0.0084,0.06,0.33,0.0024,21,
"20250611",동대문구,0.0114,0.0532,0.32,0.0028,30,15
"20250611",동작구,0.0131,0.0543,0.31,0.0027,25,10
"20250611",마포구,0.0139,0.0607,0.33,0.003,29,14
"20250611",서대문구,0.0102,0.0486,0.4,0.0035,19,4
"20250611",서초구,0.0142,0.05,0.38,0.0023,30,13
"20250611",성동구,0.0171,0.0513,0.34,0.0031,25,16
"20250611",성북구,0.0137,0.0528,0.44,0.0034,24,11
"20250611",송파구,0.017,0.048,0.33,0.0028,29,14
"20250611",양천구,0.0168,0.0524,0.34,0.003,30,16
"20250611",영등포구,0.0161,0.0518,0.34,0.003,26,16
"20250611",용산구,0.0169,0.0455,0.43,0.0033,28,15
"20250611",은평구,0.0094,0.0467,0.37,0.0027,26,11
"20250611",종로구,0.0143,0.0548,0.34,0.0028,24,15
"20250611",중구,0.0153,0.0581,0.33,0.0034,17,14
"20250611",중랑구,0.0119,0.0606,0.32,0.0035,26,15
"20250611",강남대로,0.0214,0.0356,0.38,0.0034,28,13
"20250611",강변북로,0.0326,0.0339,0.4,0.0032,33,10
"20250611",공항대로,0.0238,0.0463,0.35,0.0031,29,13
"20250611",도산대로,0.0169,0.0492,0.49,0.0031,35,14
"20250611",동작대로,0.0258,0.0447,0.4,0.0031,33,13
"20250611",시흥대로,0.0248,0.0364,0.38,0.0032,31,16
"20250611",신촌로,0.03,0.0336,0.53,0.0032,30,17
"20250611",영등포로,0.0281,0.0392,0.46,0.003,30,11
"20250611",정릉로,0.0287,0.0472,0.4,0.0028,29,11
"20250611",종로,0.0163,0.0465,0.39,0.003,27,12
"20250611",천호대로,0.0211,0.0464,0.39,0.0027,22,7
"20250611",청계천로,0.0195,0.0445,0.42,0.003,31,16
"20250611",한강대로,0.018,0.049,0.41,0.0033,28,13
"20250611",홍릉로,0.0209,0.0462,0.44,0.0031,28,8
"20250611",화랑로,0.0271,0.0481,0.39,0.0026,26,14
"20250611",관악산,0.0056,0.0789,0.21,0.0028,30,12
"20250611",남산,0.0115,0.0532,0.41,0.0031,25,9
"20250611",북한산,0.0051,0.0585,0.37,0.0032,24,15
"20250611",세곡,0.0168,0.0448,0.28,0.0026,29,11
"20250611",항동,0.017,0.0421,0.54,0.0036,26,11
"20250611",행주,0.0141,0.0488,0.17,0.0027,27,12
"20250611",마포아트센터,0.012,0.0619,0.4,0.0034,26,12
"20250611",서울숲,0.0165,0.0475,0.35,0.0025,33,13
"20250611",올림픽공원,0.0105,0.0544,0.21,0.0029,25,14
"20250611",자연사박물관,0.0097,0.0593,0.35,0.0031,27,17
"20250612",강남구,0.0184,0.0692,0.39,0.003,35,19
"20250612",강동구,0.0141,0.0675,0.49,0.0028,33,23
"20250612",강북구,0.0114,0.0455,0.36,0.0024,36,26
"20250612",강서구,0.0193,0.0706,0.42,0.0032,39,23
"20250612",관악구,0.0168,0.0716,0.38,0.0029,29,14
"20250612",광진구,0.0166,0.0712,0.45,0.0028,33,20
"20250612",구로구,0.015,0.0728,0.36,0.0031,37,26
"20250612",금천구,0.0176,0.0688,0.37,0.0031,34,21
"20250612",노원구,0.0165,0.0672,0.38,0.0026,34,19
"20250612",도봉구,0.0128,0.0716,0.41,0.0025,30,15
"20250612",동대문구,0.0157,0.0676,0.38,0.003,39,22
"20250612",동작구,0.0161,0.0725,0.37,0.0027,36,16
"20250612",마포구,0.0178,0.0822,0.38,0.0033,36,22
"20250612",서대문구,0.0126,0.0644,0.46,0.0027,26,12
"20250612",서초구,0.0165,0.0702,0.42,0.0024,35,19
"20250612",성동구,0.0188,0.0716,0.4,0.0033,32,23
"20250612",성북구,0.0163,0.0668,0.52,0.0034,33,19
"20250612",송파구,0.018,0.068,0.36,0.003,35,20
"20250612",양천구,0.0186,0.079,0.4,0.0031,41,23
"20250612",영등포구,0.0197,0.0781,0.39,0.0032,33,23
"20250612",용산구,0.021,0.063,0.49,0.0037,35,22
"20250612",은평구,0.0119,0.0616,0.47,0.0028,33,16
"20250612",종로구,0.0169,0.0736,0.4,0.0031,32,23
"20250612",중구,0.0198,0.0741,0.42,0.0042,24,22
"20250612",중랑구,0.0143,0.0681,0.38,0.0035,35,23
"20250612",강남대로,0.0298,0.0467,0.44,0.0034,36,19
"20250612",강변북로,0.0403,0.0476,0.48,0.0033,40,16
"20250612",공항대로,0.0312,0.0808,0.41,0.0032,45,22
"20250612",도산대로,0.0212,0.0672,0.51,0.0034,45,20
"20250612",동작대로,0.0317,0.0617,0.46,0.0031,42,17
"20250612",시흥대로,0.038,0.0483,0.49,0.0033,42,22
"20250612",신촌로,0.0302,0.0502,0.55,0.0032,40,23
"20250612",영등포로,0.0297,0.0645,0.47,0.0035,38,17
"20250612",정릉로,0.0348,0.0605,0.45,0.003,37,18
"20250612",종로,0.0235,0.0589,0.48,0.0031,34,20
"20250612",천호대로,0.0265,0.0611,0.46,0.0027,30,13
"20250612",청계천로,0.0277,0.0555,0.54,0.0033,38,24
"20250612",한강대로,0.021,0.0681,0.47,0.0035,39,23
"20250612",홍릉로,0.0243,0.0625,0.46,0.0033,39,14
"20250612",화랑로,0.0336,0.0615,0.47,0.0028,38,24
"20250612",관악산,0.0057,0.0989,0.31,0.003,41,18
"20250612",남산,0.0156,0.0691,0.5,0.0033,34,17
"20250612",북한산,0.0091,0.07,0.47,0.0032,33,22
"20250612",세곡,0.0167,0.0625,0.32,0.0027,33,15
"20250612",항동,0.0187,0.0645,0.59,0.0035,34,17
"20250612",행주,0.0171,0.0657,0.22,0.0031,36,20
"20250612",마포아트센터,0.0162,0.0797,0.49,0.0036,36,21
"20250612",서울숲,0.0184,0.0676,0.43,0.0026,41,21
"20250612",올림픽공원,0.0115,0.0735,0.26,0.003,30,19
"20250612",자연사박물관,0.0131,0.0755,0.45,0.0032,35,22
"20250613",강남구,0.0198,0.0653,0.41,0.0034,42,25
"20250613",강동구,0.02,0.0624,0.54,0.0029,44,31
"20250613",강북구,0.0159,,0.39,,40,32
"20250613",강서구,0.0228,0.0598,0.4,0.0039,44,29
"20250613",관악구,0.0215,0.0629,0.4,0.0037,34,19
"20250613",광진구,0.0232,0.0629,0.51,0.0031,43,29
"20250613",구로구,0.0197,0.0589,0.37,0.0033,47,33
"20250613",금천구,0.024,0.0578,0.43,0.0035,41,28
"20250613",노원구,0.0221,0.0755,0.42,0.0031,44,29
"20250613",도봉구,0.0179,0.0775,0.44,0.003,37,23
"20250613",동대문구,0.0219,0.0662,0.43,0.0037,50,31
"20250613",동작구,0.0197,0.0651,0.38,0.0034,38,21
"20250613",마포구,0.0242,0.0708,0.42,0.0037,44,28
"20250613",서대문구,0.0178,0.063,0.52,0.0031,35,20
"20250613",서초구,0.0216,0.0666,0.46,0.0029,46,28
"20250613",성동구,0.0249,0.0677,0.43,0.0039,42,30
"20250613",성북구,0.0207,0.0681,0.52,0.004,41,26
"20250613",송파구,0.023,0.0621,0.41,0.0033,41,26
"20250613",양천구,0.023,0.0667,0.42,0.0037,49,30
"20250613",영등포구,0.0251,0.0663,0.42,0.0038,43,31
"20250613",용산구,0.0302,0.055,0.5,0.0044,43,29
"20250613",은평구,0.0171,0.0627,0.55,0.0033,43,23
"20250613",종로구,0.0238,0.0713,0.44,0.0039,40,30
"20250613",중구,0.0244,0.0716,0.44,0.0049,32,29
"20250613",중랑구,0.0205,0.0642,0.42,0.0038,43,30
"20250613",강남대로,0.0305,0.0427,0.5,0.0036,41,26
"20250613",강변북로,0.0488,0.0403,0.54,0.0037,48,24
"20250613",공항대로,0.0343,0.0516,0.45,0.0036,41,23
"20250613",도산대로,0.0262,0.0644,0.56,0.0039,54,29
"20250613",동작대로,0.0386,0.0543,0.49,0.0038,45,23
"20250613",시흥대로,0.0432,0.0482,0.56,0.0039,50,29
"20250613",신촌로,0.039,0.0437,0.46,0.0037,48,29
"20250613",영등포로,0.0361,0.0546,0.51,0.0039,48,26
"20250613",정릉로,0.0441,0.0599,0.52,0.0035,44,24
"20250613",종로,0.0296,0.0573,0.52,0.0037,43,27
"20250613",천호대로,0.0336,0.0545,0.52,0.0031,41,24
"20250613",청계천로,0.0345,0.0544,0.6,0.0039,47,30
"20250613",한강대로,0.0276,0.0619,0.53,0.0039,45,30
"20250613",홍릉로,0.0329,0.0617,0.52,0.0041,46,21
"20250613",화랑로,0.0395,0.0606,0.5,0.003,48,31
"20250613",관악산,0.0083,0.0908,0.31,0.0036,35,20
"20250613",남산,0.0199,0.0663,0.53,0.0038,42,24
"20250613",북한산,0.0138,0.0741,0.52,0.0036,42,29
"20250613",세곡,0.0201,0.0601,0.36,0.0031,41,23
"20250613",항동,0.0215,0.0511,0.65,0.004,42,26
"20250613",행주,0.022,0.0491,0.28,0.0037,41,23
"20250613",마포아트센터,0.0202,0.0757,0.53,0.0044,45,28
"20250613",서울숲,0.0235,0.0614,0.5,0.0029,48,26
"20250613",올림픽공원,0.0165,0.0642,0.29,0.0032,40,27
"20250613",자연사박물관,0.0174,0.0742,0.51,0.0038,42,25
"20250614",강남구,0.0117,0.0495,0.29,0.0025,26,15
"20250614",강동구,0.0084,0.0498,0.41,0.0022,23,17
"20250614",강북구,0.0069,,0.25,,23,19
"20250614",강서구,0.0111,0.0526,0.32,0.0026,28,20
"20250614",관악구,0.0119,0.0529,0.29,0.0025,19,10
"20250614",광진구,0.01,0.0533,0.37,0.0023,24,16
"20250614",구로구,0.0112,0.0514,0.29,0.0022,22,17
"20250614",금천구,0.0113,0.044,0.29,0.0027,21,13
"20250614",노원구,0.0086,0.0564,0.27,0.0022,25,13
"20250614",도봉구,0.0073,0.0574,0.33,0.0021,22,11
"20250614",동대문구,0.0113,0.0485,0.28,0.0025,29,18
"20250614",동작구,0.0107,0.0533,0.28,0.0023,25,12
"20250614",마포구,0.0117,0.061,0.29,0.0025,28,19
"20250614",서대문구,0.0067,0.0529,0.42,0.0028,17,8
"20250614",서초구,0.0112,0.0615,0.37,0.0019,25,16
"20250614",성동구,0.012,0.0548,0.29,0.0028,23,17
"20250614",성북구,0.0104,0.0519,0.42,0.0028,23,15
"20250614",송파구,0.0108,0.0492,0.28,0.0023,24,14
"20250614",양천구,0.0123,0.0549,0.3,0.0026,29,17
"20250614",영등포구,0.0136,0.0519,0.3,0.0025,26,19
"20250614",용산구,0.0139,0.0469,0.35,0.0028,27,19
"20250614",은평구,0.007,0.0492,0.45,0.0024,22,13
"20250614",종로구,0.0126,0.056,0.3,0.0025,24,18
"20250614",중구,0.0151,0.056,0.3,0.0036,16,17
"20250614",중랑구,0.0103,0.0472,0.29,0.0029,25,17
"20250614",강남대로,0.016,0.0383,0.39,0.0027,25,14
"20250614",강변북로,0.0248,0.0394,0.42,0.0029,27,9
"20250614",공항대로,0.0207,0.0512,0.32,0.0026,30,17
"20250614",도산대로,0.013,0.0547,0.45,0.0029,34,15
"20250614",동작대로,0.0219,0.048,0.36,0.0028,32,14
"20250614",시흥대로,0.0285,0.0443,0.42,0.0028,31,13
"20250614",신촌로,0.0256,0.0345,0.5,0.0027,31,20
"20250614",영등포로,0.0217,0.0433,0.39,0.0028,29,13
"20250614",정릉로,0.0264,0.0495,0.35,0.0025,26,13
"20250614",종로,0.0197,0.0453,0.37,0.0027,25,15
"20250614",천호대로,0.0175,0.0392,0.36,0.0023,20,10
"20250614",청계천로,0.0164,0.0448,0.37,0.0029,30,20
"20250614",한강대로,0.016,0.0491,0.4,0.003,31,19
"20250614",홍릉로,0.0172,0.0487,0.37,0.0029,28,11
"20250614",화랑로,0.021,0.0506,0.34,0.0024,27,18
"20250614",관악산,0.0047,0.076,0.27,0.0023,25,14
"20250614",남산,0.0113,0.0516,0.42,0.0028,21,11
"20250614",북한산,0.0049,0.0447,0.41,0.003,22,16
"20250614",세곡,0.0099,0.0478,0.23,0.0023,28,12
"20250614",항동,0.0122,0.0437,0.58,0.0032,23,11
"20250614",행주,0.008,0.0589,0.18,0.0029,31,18
"20250614",마포아트센터,0.0104,0.0639,0.43,0.0028,25,16
"20250614",서울숲,0.0116,0.052,0.4,0.002,25,15
"20250614",올림픽공원,0.0071,0.0505,0.11,0.0026,20,13
"20250614",자연사박물관,0.0071,0.0633,0.41,0.0026,23,10
"20250615",강남구,0.0075,0.0437,0.3,0.0027,27,15
"20250615",강동구,0.0066,0.0482,0.42,0.0023,23,19
"20250615",강북구,0.0071,,0.28,,26,22
"20250615",강서구,0.0083,0.0426,0.27,0.0027,24,16
"20250615",관악구,0.0092,0.0448,0.29,0.0027,18,9
"20250615",광진구,0.0085,0.0509,0.39,0.0027,24,17
"20250615",구로구,0.0075,0.0463,0.27,0.0024,19,15
"20250615",금천구,0.0096,0.0365,0.3,0.0027,19,13
"20250615",노원구,0.0089,0.0464,0.3,0.0023,28,16
"20250615",도봉구,0.0061,0.0548,0.35,0.0022,21,12
"20250615",동대문구,0.0095,0.0412,0.29,0.0026,29,18
"20250615",동작구,0.0074,0.0474,0.27,0.0024,22,11
"20250615",마포구,0.0096,0.0489,0.29,0.0028,26,17
"20250615",서대문구,0.0066,0.0468,0.43,0.0033,17,8
"20250615",서초구,0.0068,0.0561,0.37,0.0022,22,13
"20250615",성동구,0.0088,0.0477,0.28,0.0029,25,17
"20250615",성북구,0.0088,0.0469,0.39,0.003,22,16
"20250615",송파구,0.0076,0.0449,0.27,0.0025,24,15
"20250615",양천구,0.0089,0.0436,0.28,0.0027,27,16
"20250615",영등포구,0.0089,0.0432,0.28,0.0028,22,16
"20250615",용산구,0.0089,0.0403,0.32,0.003,25,17
"20250615",은평구,0.0071,0.0438,0.48,0.0025,23,14
"20250615",종로구,0.0104,0.0462,0.3,0.0026,23,17
"20250615",중구,0.0139,0.0492,0.31,0.0038,15,15
"20250615",중랑구,0.0083,0.042,0.29,0.0031,25,18
"20250615",강남대로,0.0098,0.0364,0.34,0.0025,21,13
"20250615",강변북로,0.0148,0.0396,0.39,0.0029,25,7
"20250615",공항대로,0.0151,0.043,0.27,0.0027,20,12
"20250615",도산대로,0.0094,0.0492,0.44,0.003,29,14
"20250615",동작대로,0.0142,0.0416,0.34,0.0029,28,12
"20250615",시흥대로,0.0192,0.0403,0.33,0.0027,25,12
"20250615",신촌로,0.0208,0.03,0.42,0.0028,29,18
"20250615",영등포로,0.017,0.0366,0.37,0.0027,26,11
"20250615",정릉로,0.0251,0.0405,0.37,0.0028,28,13
"20250615",종로,0.0136,0.0387,0.34,0.0027,25,15
"20250615",천호대로,0.0123,0.0382,0.34,0.0025,22,12
"20250615",청계천로,0.0135,0.0351,0.35,0.003,28,19
"20250615",한강대로,0.0124,0.0429,0.39,0.0032,33,18
"20250615",홍릉로,0.0152,0.0401,0.34,0.003,28,10
"20250615",화랑로,0.0181,0.0428,0.35,0.0023,28,19
"20250615",관악산,0.0038,0.0752,0.28,0.0025,26,14
"20250615",남산,0.0107,0.0452,0.39,0.003,20,9
"20250615",북한산,0.0054,0.05,0.45,0.0031,24,16
"20250615",세곡,0.0047,0.0492,0.21,0.0024,27,13
"20250615",항동,0.0069,0.0423,0.56,0.0033,20,8
"20250615",행주,0.0091,0.0474,0.15,0.0028,26,13
"20250615",마포아트센터,0.0073,0.0571,0.38,0.0029,22,14
"20250615",서울숲,0.0087,0.0479,0.4,0.002,25,13
"20250615",올림픽공원,0.0064,0.0523,0.08,0.0027,22,15
"20250615",자연사박물관,0.0068,0.0557,0.44,0.0027,22,8
"20250616",강남구,0.0094,0.0456,0.35,0.0023,37,20
"20250616",강동구,0.008,0.0525,0.48,0.0019,36,22
"20250616",강북구,0.009,,0.32,,34,23
"20250616",강서구,0.0103,0.0424,0.34,0.0021,41,25
"20250616",관악구,0.0102,0.0551,0.36,0.0022,24,13
"20250616",광진구,0.0095,0.0538,0.47,0.0023,32,19
"20250616",구로구,0.0096,0.0462,0.33,0.002,31,22
"20250616",금천구,0.0116,0.0348,0.37,0.0023,31,17
"20250616",노원구,0.0108,0.0442,0.35,0.0021,34,16
"20250616",도봉구,0.0085,0.05,0.43,0.0018,30,15
"20250616",동대문구,0.0107,0.0441,0.34,0.0022,40,23
"20250616",동작구,0.0079,0.0463,0.33,0.0019,30,15
"20250616",마포구,0.0116,0.0446,0.33,0.0022,33,20
"20250616",서대문구,0.0073,0.0467,0.51,0.0029,27,13
"20250616",서초구,0.0098,0.0544,0.42,0.0018,34,19
"20250616",성동구,0.0116,0.0376,0.35,0.0022,30,20
"20250616",성북구,0.0106,0.0455,0.49,0.0025,31,20
"20250616",송파구,0.0095,0.0446,0.33,0.0021,31,16
"20250616",양천구,0.0105,0.0415,0.34,0.0022,44,25
"20250616",영등포구,0.011,0.0446,0.34,0.0023,31,22
"20250616",용산구,0.0132,0.0373,0.37,0.0024,33,22
"20250616",은평구,0.0087,0.0408,0.58,0.0022,33,19
"20250616",종로구,0.0121,0.0442,0.36,0.0022,32,20
"20250616",중구,0.0148,0.0458,0.39,0.003,21,18
"20250616",중랑구,0.0112,0.0438,0.36,0.0029,32,18
"20250616",강남대로,0.0123,0.0376,0.43,0.0022,33,18
"20250616",강변북로,0.0218,0.0367,0.48,0.0024,40,15
"20250616",공항대로,0.0208,0.0405,0.36,0.0022,30,15
"20250616",도산대로,0.0118,0.049,0.53,0.0023,41,18
"20250616",동작대로,0.0185,0.039,0.41,0.0024,35,15
"20250616",시흥대로,0.0207,0.0397,0.41,0.0026,37,17
"20250616",신촌로,0.0226,0.0302,0.49,0.0025,41,20
"20250616",영등포로,0.0196,0.0347,0.43,0.0023,41,17
"20250616",정릉로,0.0322,0.0369,0.44,0.0025,35,15
"20250616",종로,0.0157,0.0394,0.41,0.0024,31,15
"20250616",천호대로,0.0155,0.0405,0.41,0.0021,28,14
"20250616",청계천로,0.0161,0.0378,0.49,0.0028,36,22
"20250616",한강대로,0.0169,0.04,0.48,0.0028,42,26
"20250616",홍릉로,0.0172,0.0382,0.44,0.0025,35,14
"20250616",화랑로,0.0175,0.0478,0.37,0.0022,31,20
"20250616",관악산,0.0053,0.0699,0.35,0.002,25,12
"20250616",남산,0.0089,0.0473,0.44,0.0024,26,13
"20250616",북한산,0.0054,0.0491,0.51,0.0029,29,19
"20250616",세곡,0.0083,0.0474,0.34,0.002,37,15
"20250616",항동,0.0098,0.0414,0.66,0.0029,32,15
"20250616",행주,0.0115,0.0459,0.18,0.0022,40,18
"20250616",마포아트센터,0.0091,0.0562,0.42,0.0022,32,19
"20250616",서울숲,0.0106,0.0441,0.47,0.0018,33,19
"20250616",올림픽공원,0.0066,0.0516,0.16,0.0022,34,17
"20250616",자연사박물관,0.0082,0.0558,0.5,0.0023,32,14
"20250617",강남구,0.01,0.0764,0.35,0.0025,51,25
"20250617",강동구,0.0094,0.0782,0.47,0.0021,45,26
"20250617",강북구,0.0085,,0.31,,48,31
"20250617",강서구,0.0113,0.0716,0.32,0.0025,52,27
"20250617",관악구,0.0118,0.0761,0.33,0.0024,34,15
"20250617",광진구,0.0098,0.0809,0.45,0.0025,45,24
"20250617",구로구,0.0087,0.073,0.31,0.0023,38,25
"20250617",금천구,0.0124,0.0636,0.32,0.0025,39,20
"20250617",노원구,0.0111,0.0817,0.34,0.0022,46,22
"20250617",도봉구,0.0087,0.0819,0.39,0.002,42,21
"20250617",동대문구,0.0109,0.0745,0.34,0.0025,55,26
"20250617",동작구,0.0088,0.0751,0.31,0.0022,38,17
"20250617",마포구,0.0111,0.0719,0.32,0.0026,40,21
"20250617",서대문구,0.0082,0.072,0.47,0.0031,38,18
"20250617",서초구,0.0107,0.0804,0.41,0.0019,47,24
"20250617",성동구,0.0123,0.0728,0.35,0.0023,41,24
"20250617",성북구,0.012,0.0701,0.44,0.0028,45,25
"20250617",송파구,0.011,0.0735,0.34,0.0023,41,22
"20250617",양천구,0.0114,0.0667,0.32,0.0025,51,23
"20250617",영등포구,0.0112,0.0783,0.32,0.0024,40,24
"20250617",용산구,0.0145,0.0646,0.41,0.0026,43,25
"20250617",은평구,0.009,0.0671,0.53,0.0024,46,25
"20250617",종로구,0.0123,0.0791,0.35,0.0023,43,25
"20250617",중구,0.0139,0.0757,0.35,0.0033,28,23
"20250617",중랑구,0.0119,0.0732,0.37,0.0031,45,26
"20250617",강남대로,0.0177,0.0548,0.41,0.0026,41,22
"20250617",강변북로,0.0325,0.0506,0.5,0.0025,55,19
"20250617",공항대로,0.0223,0.0701,0.34,0.0026,43,20
"20250617",도산대로,0.0121,0.0713,0.47,0.0025,50,21
"20250617",동작대로,0.0225,0.0685,0.39,0.0026,47,18
"20250617",시흥대로,0.0217,0.0755,0.38,0.0026,46,20
"20250617",신촌로,0.0294,0.0535,0.54,0.0027,50,23
"20250617",영등포로,0.0242,0.0615,0.44,0.0025,50,18
"20250617",정릉로,0.0364,0.0678,0.43,0.0027,50,19
"20250617",종로,0.0177,0.0691,0.41,0.0025,40,19
"20250617",천호대로,0.0184,0.0721,0.43,0.0023,40,16
"20250617",청계천로,0.0191,0.066,0.45,0.0029,46,24
"20250617",한강대로,0.0211,0.0649,0.48,0.0031,53,29
"20250617",홍릉로,0.0212,0.0683,0.46,0.0028,49,18
"20250617",화랑로,0.0241,0.0819,0.41,0.0024,46,28
"20250617",관악산,0.0045,0.1023,0.28,0.0021,41,20
"20250617",남산,0.0108,0.0671,0.41,0.0027,42,19
"20250617",북한산,0.0066,0.0695,0.49,0.003,42,26
"20250617",세곡,0.0122,0.0668,0.41,0.0021,45,19
"20250617",항동,0.0105,0.0642,0.63,0.003,38,16
"20250617",행주,0.0111,0.074,0.14,0.0025,52,22
"20250617",마포아트센터,0.0111,0.0866,0.31,0.0025,45,23
"20250617",서울숲,0.0103,0.0684,0.45,0.0022,40,21
"20250617",올림픽공원,0.0068,0.0772,0.18,0.0023,41,23
"20250617",자연사박물관,0.0081,0.0866,0.47,0.0025,45,18
"20250618",강남구,0.0151,0.0702,0.39,0.0029,53,26
"20250618",강동구,0.0142,0.0724,0.51,0.0025,48,33
"20250618",강북구,0.0095,0.0845,0.36,0.0033,41,29
"20250618",강서구,0.0168,0.0651,0.38,0.0032,71,31
"20250618",관악구,0.0155,0.0682,0.38,0.0029,33,17
"20250618",광진구,0.0151,0.0746,0.49,0.003,45,28
"20250618",구로구,0.0119,0.0669,0.36,0.0027,39,31
"20250618",금천구,0.0164,0.0578,0.4,0.0031,38,23
"20250618",노원구,0.0151,0.0694,0.38,0.0026,39,23
"20250618",도봉구,0.0118,0.0737,0.43,0.0024,38,22
"20250618",동대문구,0.0151,0.0693,0.39,0.0032,58,31
"20250618",동작구,0.012,0.0707,0.35,0.0026,38,20
"20250618",마포구,0.0165,0.0687,0.38,0.0033,40,25
"20250618",서대문구,0.0129,0.0643,0.51,0.0037,39,23
"20250618",서초구,0.0148,0.073,0.45,0.0022,48,28
"20250618",성동구,0.0183,0.0689,0.41,0.003,40,26
"20250618",성북구,0.014,0.0682,0.48,0.0032,44,30
"20250618",송파구,0.015,0.0691,0.37,0.0026,42,24
"20250618",양천구,0.0172,0.0686,0.43,0.0032,44,24
"20250618",영등포구,0.0162,0.0715,0.39,0.003,39,29
"20250618",용산구,0.0218,0.0578,0.49,0.0034,45,29
"20250618",은평구,0.0114,0.06,0.57,0.0028,44,27
"20250618",종로구,0.0171,0.0726,0.41,0.003,43,29
"20250618",중구,0.018,0.0711,0.41,0.0039,31,27
"20250618",중랑구,0.0157,0.0704,0.41,0.0036,44,27
"20250618",강남대로,0.0237,0.0477,0.43,0.0029,41,25
"20250618",강변북로,0.0413,0.043,0.58,0.0029,54,23
"20250618",공항대로,0.0277,0.0619,0.42,0.0033,41,23
"20250618",도산대로,0.0175,0.0659,0.51,0.0029,51,24
"20250618",동작대로,0.0256,0.0619,0.43,0.003,44,19
"20250618",시흥대로,0.0249,0.0689,0.42,0.003,42,22
"20250618",신촌로,0.0373,0.0468,0.6,0.0033,50,27
"20250618",영등포로,0.0292,0.0558,0.5,0.0035,51,23
"20250618",정릉로,0.036,0.064,0.46,0.0031,48,23
"20250618",종로,0.02,0.0634,0.45,0.0031,39,21
"20250618",천호대로,0.0227,0.0687,0.47,0.0026,41,18
"20250618",청계천로,0.0235,0.0598,0.49,0.0033,47,27
"20250618",한강대로,0.0204,0.0631,0.5,0.0035,54,31
"20250618",홍릉로,0.0263,0.0626,0.52,0.0034,48,21
"20250618",화랑로,0.0308,0.0658,0.47,0.0028,44,29
"20250618",관악산,0.0063,0.0983,0.3,0.0025,45,26
"20250618",남산,0.0133,0.0684,0.46,0.0031,43,22
"20250618",북한산,0.0084,0.0644,0.52,0.0032,39,26
"20250618",세곡,0.0159,0.0638,0.42,0.0022,45,22
"20250618",항동,0.0146,0.0565,0.67,0.0034,35,20
"20250618",행주,0.0122,0.0672,0.18,0.003,42,22
"20250618",마포아트센터,0.0168,0.078,0.35,0.0035,45,28
"20250618",서울숲,0.0163,0.0637,0.5,0.0027,44,25
"20250618",올림픽공원,0.0104,0.073,0.27,0.0025,42,27
"20250618",자연사박물관,0.0127,0.0786,0.52,0.0033,47,25
"20250619",강남구,0.0197,0.0501,0.37,0.0029,34,19
"20250619",강동구,0.0145,0.0558,0.47,0.0024,31,23
"20250619",강북구,0.0123,0.0581,0.35,0.003,30,22
"20250619",강서구,0.0202,0.0522,0.38,0.0034,34,21
"20250619",관악구,0.016,0.0581,0.33,0.0032,21,11
"20250619",광진구,0.0174,0.059,0.45,0.0029,35,23
"20250619",구로구,0.0176,0.0504,0.34,0.0029,28,21
"20250619",금천구,0.0183,0.046,0.33,0.0034,27,16
"20250619",노원구,0.0171,0.0611,0.35,0.0026,31,18
"20250619",도봉구,0.0126,0.061,0.4,0.0025,27,14
"20250619",동대문구,0.0164,0.0551,0.35,0.003,37,21
"20250619",동작구,0.0144,0.0574,0.31,0.0029,27,13
"20250619",마포구,0.0195,0.0536,0.37,0.0031,36,20
"20250619",서대문구,0.0144,0.0528,0.46,0.0035,24,12
"20250619",서초구,0.0158,0.0598,0.41,0.0024,28,17
"20250619",성동구,0.021,0.0538,0.37,0.0031,32,21
"20250619",성북구,0.0166,0.0543,0.47,0.0031,30,18
"20250619",송파구,0.0207,0.0523,0.35,0.003,33,20
"20250619",양천구,0.0214,0.0536,0.36,0.0032,33,18
"20250619",영등포구,0.0216,0.0538,0.36,0.0034,30,21
"20250619",용산구,0.0243,0.0426,0.42,0.0035,33,21
"20250619",은평구,0.0129,0.0531,0.51,0.0029,29,17
"20250619",종로구,0.0191,0.0565,0.37,0.0032,30,21
"20250619",중구,0.0233,0.0516,0.43,0.0034,25,20
"20250619",중랑구,0.0148,0.057,0.36,0.0035,34,23
"20250619",강남대로,0.0263,0.0346,0.41,0.0034,31,18
"20250619",강변북로,0.0344,0.0302,0.51,0.0028,37,15
"20250619",공항대로,0.0312,0.044,0.41,0.0032,34,20
"20250619",도산대로,0.0249,0.0464,0.53,0.0031,34,13
"20250619",동작대로,0.0332,0.0426,0.43,0.0034,37,16
"20250619",시흥대로,0.0403,0.0397,0.48,0.0034,37,17
"20250619",신촌로,0.0315,0.0393,0.51,0.0031,36,20
"20250619",영등포로,0.0309,0.0421,0.44,0.0032,35,15
"20250619",정릉로,0.0404,0.0447,0.49,0.0031,37,18
"20250619",종로,0.026,0.0434,0.46,0.0032,33,17
"20250619",천호대로,0.0264,0.0488,0.45,0.0027,32,14
"20250619",청계천로,0.03,0.0398,0.54,0.0039,38,22
"20250619",한강대로,0.0218,0.0475,0.47,0.0035,47,24
"20250619",홍릉로,0.0238,0.0488,0.41,0.0029,35,15
"20250619",화랑로,0.0353,0.0496,0.45,0.0026,36,24
"20250619",관악산,0.0064,0.0874,0.27,0.0029,32,15
"20250619",남산,0.0181,0.0525,0.4,0.003,27,13
"20250619",북한산,0.0111,0.0532,0.49,0.0032,31,20
"20250619",세곡,0.0143,0.0552,0.37,0.0024,34,14
"20250619",항동,0.0182,0.0445,0.66,0.0038,28,13
"20250619",행주,0.0203,0.0509,0.16,0.0029,37,18
"20250619",마포아트센터,0.0156,0.063,0.43,0.0034,31,19
"20250619",서울숲,0.0203,0.0477,0.47,0.0026,30,16
"20250619",올림픽공원,0.0139,0.0576,0.37,0.0026,29,20
"20250619",자연사박물관,0.0138,0.0625,0.48,0.003,31,14
"20250620",강남구,0.0076,0.0109,0.2,0.0022,9,3
"20250620",강동구,0.0063,0.015,0.3,0.0019,7,4
"20250620",강북구,0.0065,0.0151,0.19,0.0024,7,5
"20250620",강서구,0.0067,0.0137,0.18,0.002,11,5
"20250620",관악구,0.0066,0.0147,0.17,0.0022,4,1
"20250620",광진구,0.0075,0.0168,0.31,0.0021,10,4
"20250620",구로구,0.0063,0.0173,0.2,0.0019,6,5
"20250620",금천구,0.0072,0.0098,0.19,0.0023,7,3
"20250620",노원구,0.0088,0.0126,0.2,0.002,8,2
"20250620",도봉구,0.0059,0.0169,0.32,0.0019,7,1
"20250620",동대문구,0.0089,0.0118,0.18,0.0021,10,4
"20250620",동작구,0.0058,0.0148,0.17,0.0019,9,1
"20250620",마포구,0.0075,0.0155,0.18,0.0025,10,4
"20250620",서대문구,0.0041,0.0165,0.34,0.0026,6,1
"20250620",서초구,0.0062,0.0184,0.3,0.0018,6,2
"20250620",성동구,0.0082,0.0111,0.19,0.0021,7,4
"20250620",성북구,0.0073,0.0145,0.31,0.0025,6,4
"20250620",송파구,0.0073,0.013,0.18,0.002,10,4
"20250620",양천구,0.0067,0.0128,0.18,0.0021,12,3
"20250620",영등포구,0.0073,0.0142,0.18,0.0023,10,6
"20250620",용산구,0.0069,0.0123,0.19,0.0023,8,4
"20250620",은평구,0.0054,0.0126,0.42,0.0021,8,3
"20250620",종로구,0.01,0.0131,0.21,0.0022,7,6
"20250620",중구,0.0101,0.0101,0.25,0.0023,9,5
"20250620",중랑구,0.0074,0.0134,0.18,0.0028,10,4
"20250620",강남대로,0.0068,0.0117,0.26,0.0029,7,3
"20250620",강변북로,0.0091,0.0124,0.41,0.0024,12,3
"20250620",공항대로,0.0149,0.0151,0.21,0.0022,9,4
"20250620",도산대로,0.0075,0.0167,0.37,0.0022,7,3
"20250620",동작대로,0.0123,0.0098,0.26,0.0021,14,4
"20250620",시흥대로,0.0117,0.0135,0.26,0.0025,13,3
"20250620",신촌로,0.0153,0.0092,0.34,0.0024,12,5
"20250620",영등포로,0.0106,0.0125,0.26,0.0022,13,3
"20250620",정릉로,0.0241,0.0121,0.27,0.0025,16,3
"20250620",종로,0.0101,0.0111,0.27,0.0025,10,4
"20250620",천호대로,0.0104,0.0107,0.25,0.0021,6,3
"20250620",청계천로,0.0109,0.0116,0.32,0.0033,12,5
"20250620",한강대로,0.0091,0.0138,0.31,0.0029,22,10
"20250620",홍릉로,0.011,0.012,0.26,0.0024,12,3
"20250620",화랑로,0.0131,0.0123,0.25,0.0023,10,5
"20250620",관악산,0.0045,0.0229,0.18,0.002,6,2
"20250620",남산,0.0056,0.0172,0.23,0.0023,4,1
"20250620",북한산,0.0043,0.0174,0.39,0.0029,10,6
"20250620",세곡,0.0047,0.0158,0.19,0.0018,9,2
"20250620",항동,0.0061,0.0164,0.55,0.0029,10,2
"20250620",행주,0.0079,0.0173,0.17,0.0025,13,2
"20250620",마포아트센터,0.0057,0.02,0.25,0.0024,6,2
"20250620",서울숲,0.0094,0.0131,0.32,0.002,6,1
"20250620",올림픽공원,0.0055,0.0159,0.21,0.0023,8,2
"20250620",자연사박물관,0.0056,0.02,0.4,0.0023,7,1
"20250621",강남구,0.012,0.0281,0.29,0.0024,23,13
"20250621",강동구,0.0113,0.0323,0.37,0.0022,23,17
"20250621",강북구,0.0071,0.0317,0.27,0.0022,17,12
"20250621",강서구,0.0112,0.03,0.27,0.0023,26,17
"20250621",관악구,,,,,,
"20250621",광진구,0.012,0.034,0.42,0.0023,22,15
"20250621",구로구,0.0105,0.031,0.27,0.002,22,18
"20250621",금천구,0.0132,0.0232,0.31,0.0025,20,13
"20250621",노원구,0.0097,0.0334,0.28,0.0021,18,11
"20250621",도봉구,0.0064,0.0342,0.36,0.0019,17,8
"20250621",동대문구,0.0119,0.0294,0.28,0.0025,24,14
"20250621",동작구,0.0103,0.0307,0.26,0.0022,22,11
"20250621",마포구,0.0122,0.0321,0.27,0.0028,21,13
"20250621",서대문구,0.0088,0.0308,0.4,0.003,16,10
"20250621",서초구,0.0136,0.032,0.38,0.002,23,16
"20250621",성동구,0.0142,0.0273,0.29,0.0023,19,15
"20250621",성북구,0.009,0.0302,0.39,0.0027,21,14
"20250621",송파구,0.0123,0.0291,0.29,0.0023,23,13
"20250621",양천구,0.0124,0.03,0.28,0.0023,25,14
"20250621",영등포구,0.0119,0.0305,0.27,0.0023,21,16
"20250621",용산구,0.0146,0.0248,0.34,0.0027,23,18
"20250621",은평구,0.0085,0.0263,0.48,0.0023,22,15
"20250621",종로구,0.0133,0.0311,0.29,0.0024,18,15
"20250621",중구,0.0109,0.0256,0.28,0.0024,18,13
"20250621",중랑구,0.0119,0.0305,0.31,0.0028,22,14
"20250621",강남대로,0.0129,0.0226,0.31,0.003,20,15
"20250621",강변북로,0.0223,0.02,0.54,0.0025,27,11
"20250621",공항대로,0.0204,0.028,0.31,0.0024,22,13
"20250621",도산대로,0.0128,0.0303,0.46,0.0024,24,11
"20250621",동작대로,0.018,0.0252,0.37,0.0024,26,14
"20250621",시흥대로,0.0159,0.0306,0.31,0.0025,24,11
"20250621",신촌로,0.0249,0.0186,0.53,0.0024,26,15
"20250621",영등포로,0.0207,0.024,0.41,0.0024,28,12
"20250621",정릉로,0.0268,0.0276,0.35,0.0025,27,10
"20250621",종로,0.014,0.0268,0.33,0.0025,20,9
"20250621",천호대로,0.0159,0.0273,0.37,0.0022,19,8
"20250621",청계천로,0.014,0.0279,0.35,0.003,24,14
"20250621",한강대로,0.0149,0.026,0.4,0.0031,28,17
"20250621",홍릉로,0.017,0.0257,0.45,0.0025,24,9
"20250621",화랑로,0.0145,0.0329,0.31,0.0021,19,13
"20250621",관악산,0.006,0.0487,0.2,0.0022,22,12
"20250621",남산,0.0099,0.0302,0.31,0.0024,17,9
"20250621",북한산,0.0059,0.0317,0.45,0.0029,19,15
"20250621",세곡,0.01,0.0252,0.29,0.002,24,10
"20250621",항동,0.0106,0.0284,0.61,0.0031,21,9
"20250621",행주,0.0115,0.0275,0.29,0.0025,24,11
"20250621",마포아트센터,0.0105,0.0372,0.31,0.0025,22,16
"20250621",서울숲,0.0121,0.026,0.36,0.0021,21,11
"20250621",올림픽공원,0.0079,0.031,0.24,0.0024,21,14
"20250621",자연사박물관,0.0086,0.0378,0.45,0.0025,22,10
"20250622",강남구,0.0088,0.0575,0.35,0.003,31,16
"20250622",강동구,0.0094,0.0611,0.41,0.0027,33,25
"20250622",강북구,0.0078,0.0559,0.33,0.0026,27,19
"20250622",강서구,0.0107,0.0527,0.33,0.0028,40,21
"20250622",관악구,,,,,,
"20250622",광진구,0.0107,0.0639,0.44,0.0029,30,19
"20250622",구로구,0.0071,0.0535,0.32,0.0026,28,22
"20250622",금천구,0.0099,0.0476,0.38,0.0029,26,16
"20250622",노원구,0.0103,0.0567,0.34,0.0026,27,16
"20250622",도봉구,0.0085,0.0609,0.39,0.0026,28,14
"20250622",동대문구,0.011,0.0555,0.34,0.003,34,18
"20250622",동작구,0.0085,0.0583,0.33,0.0027,28,13
"20250622",마포구,0.0123,0.0555,0.33,0.0032,27,16
"20250622",서대문구,0.0098,0.0492,0.43,0.0036,27,15
"20250622",서초구,0.0074,0.062,0.42,0.0024,31,18
"20250622",성동구,0.0105,0.0592,0.35,0.0029,26,18
"20250622",성북구,0.0109,0.0533,0.44,0.0033,32,21
"20250622",송파구,0.0097,0.057,0.35,0.0029,31,19
"20250622",양천구,0.0096,0.0567,0.33,0.0026,29,16
"20250622",영등포구,0.0096,0.0581,0.31,0.0027,26,19
"20250622",용산구,0.0102,0.0504,0.4,0.0033,29,19
"20250622",은평구,0.0087,0.0429,0.49,0.0027,32,19
"20250622",종로구,0.0117,0.0587,0.35,0.0028,26,18
"20250622",중구,0.0109,0.0543,0.35,0.003,24,17
"20250622",중랑구,0.0101,0.0563,0.35,0.0034,30,19
"20250622",강남대로,0.0125,0.044,0.32,0.0034,32,19
"20250622",강변북로,0.0193,0.0457,0.51,0.003,36,15
"20250622",공항대로,0.0183,0.0513,0.34,0.003,27,15
"20250622",도산대로,0.0095,0.0566,0.46,0.0032,35,15
"20250622",동작대로,0.015,0.0539,0.41,0.0029,34,16
"20250622",시흥대로,0.0147,0.0592,0.38,0.003,31,14
"20250622",신촌로,0.0237,0.0391,0.52,0.0029,34,19
"20250622",영등포로,0.0174,0.0486,0.4,0.0028,38,13
"20250622",정릉로,0.0243,0.0537,0.41,0.003,32,15
"20250622",종로,0.0144,0.0505,0.39,0.003,29,14
"20250622",천호대로,0.0128,0.059,0.42,0.0028,33,13
"20250622",청계천로,0.0134,0.0508,0.4,0.0034,32,19
"20250622",한강대로,0.0142,0.049,0.45,0.0035,38,21
"20250622",홍릉로,0.0162,0.0514,0.43,0.0032,31,12
"20250622",화랑로,0.0168,0.0593,0.39,0.0026,28,19
"20250622",관악산,0.0044,0.0861,0.21,0.0028,31,15
"20250622",남산,0.0104,0.0522,0.38,0.0029,27,13
"20250622",북한산,0.0064,0.0547,0.46,0.0033,30,19
"20250622",세곡,0.0087,0.0507,0.33,0.0026,35,17
"20250622",항동,0.0078,0.0498,0.61,0.0034,28,14
"20250622",행주,0.0113,0.0461,0.34,0.0027,29,14
"20250622",마포아트센터,0.0092,0.0647,0.35,0.0033,31,20
"20250622",서울숲,0.0089,0.0537,0.35,0.0027,31,16
"20250622",올림픽공원,0.0065,0.0621,0.27,0.0028,29,21
"20250622",자연사박물관,0.0086,0.0613,0.46,0.0031,34,15
"20250623",강남구,0.0146,0.0615,0.39,0.0027,35,20
"20250623",강동구,0.0134,0.0455,0.5,0.0026,33,23
"20250623",강북구,0.0081,0.061,0.34,0.0024,31,22
"20250623",강서구,0.0152,0.0579,0.38,0.0026,47,29
"20250623",관악구,0.0186,0.0601,0.43,0.0021,37,23
"20250623",광진구,0.0137,0.0632,0.47,0.0027,31,20
"20250623",구로구,0.0136,0.0597,0.35,0.0025,38,28
"20250623",금천구,0.0176,0.0558,0.39,0.0027,34,23
"20250623",노원구,0.0134,0.0541,0.37,0.0024,31,20
"20250623",도봉구,0.0108,0.061,0.41,0.0024,30,16
"20250623",동대문구,0.0139,0.0598,0.38,0.0027,37,22
"20250623",동작구,0.0148,0.0649,0.37,0.0024,33,18
"20250623",마포구,0.0172,0.0593,0.38,0.003,36,22
"20250623",서대문구,0.0116,0.0566,0.47,0.0031,30,18
"20250623",서초구,0.0145,0.0693,0.46,0.0022,39,22
"20250623",성동구,0.0154,0.0666,0.4,0.003,32,23
"20250623",성북구,0.0137,0.0559,0.53,0.0031,34,22
"20250623",송파구,0.0165,0.0582,0.39,0.0025,35,21
"20250623",양천구,0.016,0.0394,0.37,0.0024,37,21
"20250623",영등포구,0.0169,0.0649,0.4,0.0027,37,27
"20250623",용산구,0.0159,0.0572,0.48,0.0031,36,25
"20250623",은평구,0.0103,0.052,0.52,0.0024,37,21
"20250623",종로구,0.0159,0.0643,0.41,0.0027,31,23
"20250623",중구,0.0146,0.0653,0.41,0.0028,30,23
"20250623",중랑구,0.0108,0.053,0.37,0.0031,32,21
"20250623",강남대로,0.0268,0.0399,0.42,0.0033,36,22
"20250623",강변북로,0.0341,0.0423,0.57,0.0029,41,17
"20250623",공항대로,0.026,0.0535,0.42,0.0027,39,22
"20250623",도산대로,0.0187,0.0601,0.51,0.003,41,18
"20250623",동작대로,0.032,0.0532,0.48,0.0026,41,21
"20250623",시흥대로,0.0327,0.0582,0.48,0.003,43,23
"20250623",신촌로,0.031,0.0446,0.56,0.0028,44,25
"20250623",영등포로,0.0236,0.0554,0.45,0.0028,45,22
"20250623",정릉로,0.0349,0.0482,0.48,0.0028,36,19
"20250623",종로,0.02,0.0536,0.47,0.0028,31,19
"20250623",천호대로,0.0246,0.052,0.5,0.0025,29,14
"20250623",청계천로,0.0228,0.0519,0.52,0.0033,40,24
"20250623",한강대로,0.0174,0.0593,0.48,0.0035,51,29
"20250623",홍릉로,0.0206,0.0538,0.44,0.0029,35,15
"20250623",화랑로,0.0287,0.0473,0.48,0.0025,35,24
"20250623",관악산,0.0069,0.0974,0.27,0.0027,39,20
"20250623",남산,0.0116,0.064,0.43,0.0028,34,17
"20250623",북한산,0.0074,0.0515,0.5,0.0031,33,23
"20250623",세곡,0.0184,0.0554,0.36,0.0025,37,19
"20250623",항동,0.0156,0.0537,0.69,0.0032,37,22
"20250623",행주,0.0095,0.0583,0.36,0.0025,36,20
"20250623",마포아트센터,0.0134,0.072,0.42,0.0031,41,26
"20250623",서울숲,0.0148,0.0593,0.42,0.0026,35,19
"20250623",올림픽공원,0.0087,0.0647,0.29,0.0026,30,20
"20250623",자연사박물관,0.0118,0.0693,0.53,0.0028,41,21
"20250624",강남구,0.016,0.0324,0.32,0.0026,26,12
"20250624",강동구,0.0083,0.0389,0.29,0.0018,11,9
"20250624",강북구,0.0086,0.0368,0.28,0.0022,19,13
"20250624",강서구,0.0184,0.0343,0.42,0.0024,31,15
"20250624",관악구,0.0163,0.0339,0.36,0.002,20,10
"20250624",광진구,0.0121,0.0389,0.39,0.0022,22,13
"20250624",구로구,0.0148,0.0354,0.32,0.0021,21,15
"20250624",금천구,0.0162,0.0298,0.36,0.0028,24,16
"20250624",노원구,0.0154,0.0283,0.32,0.0021,24,14
"20250624",도봉구,0.011,0.0374,0.34,0.0021,18,8
"20250624",동대문구,0.0165,0.0325,0.31,0.0023,25,13
"20250624",동작구,0.0179,0.0325,0.36,0.0024,27,12
"20250624",마포구,0.0148,0.0372,0.32,0.0027,23,13
"20250624",서대문구,0.0079,0.0409,0.35,0.0028,13,6
"20250624",서초구,0.0175,0.0369,0.41,0.0019,22,12
"20250624",성동구,0.0116,0.0397,0.29,0.0028,21,15
"20250624",성북구,0.0157,0.0312,0.45,0.0027,21,12
"20250624",송파구,0.017,0.0317,0.34,0.0025,28,14
"20250624",양천구,0.012,0.0405,0.31,0.0025,21,11
"20250624",영등포구,0.0196,0.0333,0.36,0.0024,26,17
"20250624",용산구,0.0192,0.0286,0.45,0.0029,24,15
"20250624",은평구,0.0095,0.0342,0.42,0.0022,18,11
"20250624",종로구,0.0152,0.0375,0.32,0.0024,18,13
"20250624",중구,0.0181,0.035,0.34,0.0025,21,14
"20250624",중랑구,0.0103,0.0314,0.28,0.0026,22,13
"20250624",강남대로,0.0262,0.0166,0.43,0.0034,25,14
"20250624",강변북로,0.0142,0.0315,0.39,0.0025,21,7
"20250624",공항대로,0.0278,0.0262,0.4,0.0026,29,15
"20250624",도산대로,0.0134,0.0374,0.45,0.0027,23,8
"20250624",동작대로,0.0307,0.0215,0.46,0.0026,32,14
"20250624",시흥대로,0.0411,0.0186,0.57,0.0029,33,14
"20250624",신촌로,0.0199,0.03,0.39,0.0026,24,14
"20250624",영등포로,0.0241,0.0284,0.39,0.0025,31,10
"20250624",정릉로,0.0318,0.0272,0.44,0.0026,28,11
"20250624",종로,0.022,0.0262,0.44,0.0027,23,10
"20250624",천호대로,0.0207,0.0281,0.42,0.0023,23,8
"20250624",청계천로,0.021,0.0286,0.46,0.0031,26,14
"20250624",한강대로,0.0184,0.0305,0.41,0.0032,33,14
"20250624",홍릉로,0.0197,0.0308,0.36,0.0026,23,7
"20250624",화랑로,0.031,0.0219,0.43,0.0023,25,15
"20250624",관악산,0.0058,0.0624,0.23,0.0023,24,12
"20250624",남산,0.011,0.0366,0.36,0.0025,18,6
"20250624",북한산,0.0052,0.0291,0.44,0.0029,21,13
"20250624",세곡,0.019,0.0252,0.41,0.0022,25,12
"20250624",항동,0.0174,0.0292,0.66,0.0029,23,9
"20250624",행주,0.0126,0.032,0.3,0.0022,32,15
"20250624",마포아트센터,0.0133,0.0433,0.36,0.0026,20,13
"20250624",서울숲,0.0131,0.0334,0.34,0.0025,19,9
"20250624",올림픽공원,0.0088,0.0361,0.23,0.0026,18,11
"20250624",자연사박물관,0.0085,0.0471,0.41,0.0024,19,6
"20250625",강남구,0.0116,0.0314,0.27,0.0024,11,4
"20250625",강동구,0.0085,0.0337,0.28,0.002,7,5
"20250625",강북구,0.0067,0.0329,0.25,0.0021,10,6
"20250625",강서구,0.0125,0.0329,0.34,0.0021,13,6
"20250625",관악구,0.0109,0.0336,0.3,0.0019,4,1
"20250625",광진구,0.0108,0.0357,0.38,0.0021,12,5
"20250625",구로구,0.0116,0.0318,0.28,0.002,8,8
"20250625",금천구,0.0114,0.0289,0.28,0.0023,8,5
"20250625",노원구,0.0076,0.0347,0.23,0.0018,11,6
"20250625",도봉구,0.0076,0.0338,0.3,0.002,10,2
"20250625",동대문구,0.0137,0.0293,0.28,0.0022,13,5
"20250625",동작구,0.0098,0.0362,0.25,0.002,13,3
"20250625",마포구,0.011,0.0348,0.28,0.0023,11,6
"20250625",서대문구,0.0054,0.0354,0.34,0.0028,5,1
"20250625",서초구,0.0128,0.0359,0.37,0.0018,8,3
"20250625",성동구,0.011,0.0331,0.26,0.0027,10,6
"20250625",성북구,0.0108,0.0308,0.42,0.0026,8,4
"20250625",송파구,0.0138,0.03,0.3,0.0021,12,5
"20250625",양천구,0.0142,0.0298,0.32,0.0023,14,6
"20250625",영등포구,0.0145,0.0314,0.31,0.002,12,7
"20250625",용산구,0.0137,0.0277,0.33,0.0024,12,6
"20250625",은평구,0.0072,0.0303,0.39,0.002,9,4
"20250625",종로구,0.013,0.0338,0.29,0.0022,7,6
"20250625",중구,0.0138,0.0326,0.3,0.0024,11,6
"20250625",중랑구,0.0091,0.0282,0.26,0.0024,12,5
"20250625",강남대로,0.0168,0.0221,0.42,0.0032,7,4
"20250625",강변북로,0.01,0.0306,0.35,0.0025,9,3
"20250625",공항대로,0.0204,0.0287,0.31,0.0022,12,6
"20250625",도산대로,0.0118,0.0341,0.46,0.0025,10,3
"20250625",동작대로,0.0219,0.0252,0.37,0.0023,15,4
"20250625",시흥대로,0.0317,0.0195,0.48,0.0026,17,4
"20250625",신촌로,0.0166,0.0277,0.34,0.0023,13,7
"20250625",영등포로,0.0191,0.0261,0.35,0.0024,13,3
"20250625",정릉로,0.0284,0.0274,0.37,0.0024,18,4
"20250625",종로,0.0192,0.0251,0.41,0.0025,11,4
"20250625",천호대로,0.016,0.0281,0.38,0.002,7,3
"20250625",청계천로,0.0165,0.0269,0.42,0.0029,13,7
"20250625",한강대로,0.0151,0.0282,0.39,0.0031,20,8
"20250625",홍릉로,0.0171,0.0273,0.34,0.0024,13,3
"20250625",화랑로,0.0226,0.0269,0.38,0.0021,10,6
"20250625",관악산,0.005,0.0474,0.21,0.0022,13,3
"20250625",남산,0.0094,0.0303,0.32,0.0024,7,1
"20250625",북한산,0.0042,0.0329,0.43,0.0029,13,8
"20250625",세곡,0.0151,0.0239,0.41,0.002,12,3
"20250625",항동,0.0124,0.0298,0.58,0.0028,11,3
"20250625",행주,0.0095,0.0324,0.17,0.0022,14,3
"20250625",마포아트센터,0.0102,0.0394,0.32,0.0024,9,5
"20250625",서울숲,0.0095,0.0315,0.32,0.0023,8,2
"20250625",올림픽공원,0.0064,0.0337,0.24,0.0023,10,4
"20250625",자연사박물관,0.0054,0.0421,0.38,0.0023,9,1
"20250626",강남구,0.0152,0.0315,0.34,0.0023,17,8
"20250626",강동구,0.0154,0.0317,0.42,0.002,27,14
"20250626",강북구,0.0077,0.0303,0.28,0.0021,14,9
"20250626",강서구,0.0142,0.0307,0.3,0.0024,16,9
"20250626",관악구,0.0148,0.0328,0.36,0.0021,10,6
"20250626",광진구,0.0157,0.0329,0.48,0.0021,18,11
"20250626",구로구,0.0138,0.0311,0.31,0.002,16,14
"20250626",금천구,0.0159,0.0293,0.37,0.0025,15,10
"20250626",노원구,0.0154,0.0271,0.35,0.0022,24,15
"20250626",도봉구,0.0087,0.0296,0.36,0.0019,15,6
"20250626",동대문구,0.0155,0.0287,0.33,0.0023,17,9
"20250626",동작구,0.015,0.0459,0.38,,22,10
"20250626",마포구,0.017,0.0279,0.31,0.0025,16,9
"20250626",서대문구,0.0108,0.0283,0.41,0.003,13,6
"20250626",서초구,0.0179,0.0327,0.42,0.0019,18,9
"20250626",성동구,0.0173,0.0261,0.35,0.0023,15,10
"20250626",성북구,0.0131,0.0283,0.52,0.0026,13,8
"20250626",송파구,0.0179,0.0283,0.35,0.0022,18,10
"20250626",양천구,0.015,0.0291,0.32,0.0025,18,9
"20250626",영등포구,0.0166,0.0291,0.32,0.0021,15,10
"20250626",용산구,0.0171,0.0259,0.39,0.0026,19,11
"20250626",은평구,0.0099,0.0256,0.46,0.0019,17,9
"20250626",종로구,0.0175,0.0304,0.36,0.0024,14,10
"20250626",중구,0.0156,0.0312,0.34,0.0026,14,8
"20250626",중랑구,0.0145,0.0261,0.35,0.0025,18,10
"20250626",강남대로,0.0179,0.0229,0.49,0.0033,16,9
"20250626",강변북로,0.0272,0.0181,0.52,0.0026,22,6
"20250626",공항대로,0.0242,0.0255,0.34,0.0025,19,7
"20250626",도산대로,0.0181,0.0308,0.5,0.0025,21,7
"20250626",동작대로,0.0241,0.0263,0.42,0.0024,21,8
"20250626",시흥대로,0.0234,0.0252,0.41,0.0025,20,8
"20250626",신촌로,0.0293,0.0177,0.55,0.0025,21,10
"20250626",영등포로,0.0247,0.023,0.44,0.0026,19,6
"20250626",정릉로,0.033,0.0235,0.41,0.0027,19,7
"20250626",종로,0.0162,0.0242,0.38,0.0025,15,6
"20250626",천호대로,0.0223,0.0255,0.44,0.0021,16,6
"20250626",청계천로,0.0214,0.0227,0.46,0.0031,20,12
"20250626",한강대로,0.0184,0.026,0.45,0.0029,29,14
"20250626",홍릉로,0.0221,0.0242,0.48,0.0025,21,6
"20250626",화랑로,0.0213,0.0251,0.39,0.0023,14,9
"20250626",관악산,0.0012,0.0487,0.26,0.0023,18,9
"20250626",남산,0.0117,0.0309,0.36,0.0025,12,5
"20250626",북한산,0.0056,0.0259,0.46,0.0029,17,12
"20250626",세곡,0.0135,0.0284,0.41,0.0021,21,8
"20250626",항동,0.0138,0.0271,0.65,0.0029,17,6
"20250626",행주,0.0093,0.032,0.15,0.0021,16,5
"20250626",마포아트센터,0.0135,0.0356,0.37,0.0025,18,11
"20250626",서울숲,0.0143,0.0248,0.4,0.0023,16,6
"20250626",올림픽공원,0.0105,0.0289,0.31,0.0022,18,12
"20250626",자연사박물관,0.0117,0.0337,0.46,0.0024,17,4
"20250627",강남구,0.0202,0.0371,0.44,0.0026,29,17
"20250627",강동구,0.0173,0.0281,0.53,0.0021,31,23
"20250627",강북구,0.0118,0.0269,0.38,0.0022,26,17
"20250627",강서구,0.0223,0.0511,0.48,0.0029,34,25
"20250627",관악구,0.0193,0.0422,0.47,0.0024,25,16
"20250627",광진구,0.0182,0.0309,0.58,0.0023,31,19
"20250627",구로구,0.0191,0.0479,0.4,0.0021,31,26
"20250627",금천구,0.0181,0.0365,0.46,0.0028,30,20
"20250627",노원구,0.0144,0.027,0.38,0.0022,26,16
"20250627",도봉구,0.0124,0.029,0.48,0.002,24,13
"20250627",동대문구,0.0207,0.0342,0.41,0.0026,30,18
"20250627",동작구,0.0182,0.0439,0.44,0.0031,30,18
"20250627",마포구,0.0233,0.0458,0.45,0.0029,32,21
"20250627",서대문구,0.0154,0.0344,0.53,0.0027,24,12
"20250627",서초구,0.0212,0.0469,0.5,0.002,34,22
"20250627",성동구,0.0225,0.0369,0.44,0.0029,26,19
"20250627",성북구,0.0175,0.0281,0.57,0.0027,25,18
"20250627",송파구,0.0212,0.0351,0.45,0.0028,30,18
"20250627",양천구,0.0213,0.0493,0.46,0.0029,33,18
"20250627",영등포구,0.0242,0.0469,0.46,0.0026,30,23
"20250627",용산구,0.0225,0.0359,0.5,0.003,29,24
"20250627",은평구,0.0121,0.0294,0.55,0.0019,27,17
"20250627",종로구,0.021,0.0388,0.45,0.0027,23,17
"20250627",중구,0.023,0.0395,0.46,0.0029,23,17
"20250627",중랑구,0.0144,0.0243,0.4,0.0026,30,18
"20250627",강남대로,0.0255,0.0265,0.62,0.0032,34,21
"20250627",강변북로,0.0313,0.0241,0.6,0.0026,34,15
"20250627",공항대로,0.0345,0.0442,0.51,0.0029,35,20
"20250627",도산대로,0.0244,0.0395,0.6,0.0027,35,16
"20250627",동작대로,0.0333,0.0332,0.55,0.0028,37,18
"20250627",시흥대로,0.046,0.0247,0.63,0.0031,40,21
"20250627",신촌로,0.0325,0.0314,0.58,0.0026,33,18
"20250627",영등포로,0.0295,0.0392,0.54,0.0026,34,16
"20250627",정릉로,0.0371,0.0242,0.51,0.0028,30,14
"20250627",종로,0.024,0.0277,0.5,0.0028,25,13
"20250627",천호대로,0.0258,0.0242,0.55,0.0024,26,11
"20250627",청계천로,0.0272,0.0276,0.62,0.0035,32,18
"20250627",한강대로,0.0232,0.0364,0.54,0.0022,43,25
"20250627",홍릉로,0.0243,0.0276,0.49,0.0028,30,11
"20250627",화랑로,0.0293,0.0205,0.53,0.0024,29,18
"20250627",관악산,0.0012,0.0745,0.33,0.0022,39,27
"20250627",남산,0.019,0.0396,0.39,0.0026,27,15
"20250627",북한산,0.0079,0.0231,0.54,0.0029,31,19
"20250627",세곡,0.0156,0.035,0.51,0.0022,37,18
"20250627",항동,0.0187,0.0367,0.73,0.003,33,17
"20250627",행주,0.0183,0.0427,0.33,0.0025,35,19
"20250627",마포아트센터,0.0187,0.0493,0.48,0.0027,33,23
"20250627",서울숲,0.0191,0.0343,0.52,0.0024,26,15
"20250627",올림픽공원,0.0145,0.0319,0.37,0.0023,31,20
"20250627",자연사박물관,0.0152,0.0416,0.56,0.0024,28,12
"20250628",강남구,0.014,0.0305,0.36,0.0025,32,21
"20250628",강동구,0.0131,0.03,0.48,0.0021,27,22
"20250628",강북구,0.0092,0.0211,0.36,0.0022,32,20
"20250628",강서구,0.0142,0.0341,0.36,0.0026,37,31
"20250628",관악구,0.0126,0.0301,0.4,0.0023,27,21
"20250628",광진구,0.0118,0.0346,0.54,0.0023,32,23
"20250628",구로구,0.0108,0.0471,0.33,0.0017,31,25
"20250628",금천구,0.0152,0.0243,0.43,0.0027,33,23
"20250628",노원구,0.0141,0.026,0.39,0.0021,32,23
"20250628",도봉구,0.0112,0.0263,0.48,0.0019,28,16
"20250628",동대문구,0.0185,0.023,0.38,0.0025,35,23
"20250628",동작구,0.0124,0.0303,0.39,0.0031,35,25
"20250628",마포구,0.0183,0.0337,0.4,0.0029,35,24
"20250628",서대문구,0.0133,0.0238,0.53,0.0027,26,15
"20250628",서초구,0.0166,0.0366,0.47,0.0021,34,24
"20250628",성동구,0.017,0.0282,0.38,0.0027,29,22
"20250628",성북구,0.0146,0.0242,0.53,0.0028,25,19
"20250628",송파구,0.0136,0.033,0.36,0.0024,33,21
"20250628",양천구,0.0129,0.0336,0.38,0.0026,40,22
"20250628",영등포구,0.013,0.0337,0.36,0.0024,30,25
"20250628",용산구,0.0179,0.0245,0.45,0.0028,33,30
"20250628",은평구,0.0115,0.0196,0.57,0.0019,32,22
"20250628",종로구,0.0192,0.0261,0.4,0.0028,29,22
"20250628",중구,0.02,0.0276,0.41,0.003,30,22
"20250628",중랑구,0.0127,0.0189,0.37,0.0025,35,23
"20250628",강남대로,0.0176,0.0231,0.52,0.0027,30,21
"20250628",강변북로,0.0247,0.0173,0.56,0.0024,31,13
"20250628",공항대로,0.0256,0.0321,0.39,0.0029,35,23
"20250628",도산대로,0.0166,0.0332,0.58,0.0026,32,15
"20250628",동작대로,0.0238,0.0259,0.49,0.0026,40,23
"20250628",시흥대로,0.0219,0.0265,0.46,0.0027,37,22
"20250628",신촌로,0.0303,0.0193,0.61,0.0027,41,24
"20250628",영등포로,0.0239,0.0282,0.5,0.0028,36,19
"20250628",정릉로,0.0365,0.0207,0.47,0.0028,35,19
"20250628",종로,0.0188,0.0183,0.44,0.0028,28,17
"20250628",천호대로,0.02,0.0229,0.47,0.0022,27,14
"20250628",청계천로,0.0225,0.0206,0.5,0.0034,37,23
"20250628",한강대로,0.0207,0.0306,0.52,0.0022,44,26
"20250628",홍릉로,0.022,0.0233,0.5,0.0029,35,16
"20250628",화랑로,0.0244,0.0216,0.48,0.0024,34,22
"20250628",관악산,0.0012,0.0552,0.35,0.0026,35,22
"20250628",남산,0.0122,0.0329,0.36,0.0026,31,19
"20250628",북한산,0.0064,0.0136,0.56,0.0029,38,23
"20250628",세곡,0.012,0.0311,0.44,0.0021,33,19
"20250628",항동,0.0131,0.0277,0.65,0.0029,33,21
"20250628",행주,0.0139,0.0304,0.3,0.0026,44,31
"20250628",마포아트센터,0.0148,0.0352,0.46,0.0028,32,22
"20250628",서울숲,0.0142,0.0225,0.48,0.0024,26,15
"20250628",올림픽공원,0.0093,0.0272,0.3,0.0022,26,18
"20250628",자연사박물관,0.0139,0.0332,0.58,0.0025,32,18
"20250629",강남구,0.006,0.0279,0.25,0.0024,19,12
"20250629",강동구,0.0049,0.0325,0.36,0.0021,17,15
"20250629",강북구,0.0053,0.0266,0.23,0.0022,18,9
"20250629",강서구,0.0069,0.0266,0.22,0.0022,15,11
"20250629",관악구,0.0072,0.0233,0.27,0.0022,9,6
"20250629",광진구,0.0062,0.0339,0.42,0.0023,20,14
"20250629",구로구,0.0052,,0.21,0.0018,10,9
"20250629",금천구,0.0079,0.0195,0.3,0.0025,15,9
"20250629",노원구,0.0089,0.027,0.29,0.0021,19,13
"20250629",도봉구,0.0051,0.0311,0.32,0.0019,15,6
"20250629",동대문구,0.0087,0.0241,0.24,0.0025,19,13
"20250629",동작구,0.0061,0.024,0.24,0.0024,17,9
"20250629",마포구,0.0085,0.0286,0.22,0.0026,15,10
"20250629",서대문구,0.0054,0.0285,0.36,0.0027,10,5
"20250629",서초구,0.0063,0.0362,0.36,0.0022,17,10
"20250629",성동구,0.0079,0.0287,0.25,0.0026,15,12
"20250629",성북구,0.0062,0.0283,0.38,0.0028,11,9
"20250629",송파구,0.0067,0.028,0.27,0.0023,20,13
"20250629",양천구,0.0061,0.0221,0.22,0.0023,17,9
"20250629",영등포구,0.0058,0.0238,0.21,0.0023,14,10
"20250629",용산구,0.0067,0.0241,0.28,0.0027,17,14
"20250629",은평구,0.0061,0.0236,0.41,0.0018,16,9
"20250629",종로구,0.0087,0.0283,0.25,0.0024,14,12
"20250629",중구,0.0086,0.0295,0.25,0.0026,15,11
"20250629",중랑구,0.0077,0.0205,0.27,0.0028,21,14
"20250629",강남대로,0.0073,0.0237,0.34,0.0025,13,8
"20250629",강변북로,0.014,0.0216,0.42,0.0024,18,6
"20250629",공항대로,0.0158,0.027,0.24,0.0025,16,8
"20250629",도산대로,0.0071,0.031,0.38,0.0026,15,5
"20250629",동작대로,0.0117,0.0235,0.31,0.0024,19,9
"20250629",시흥대로,0.0131,0.0212,0.29,0.0025,17,7
"20250629",신촌로,0.0178,0.0186,0.42,0.0024,19,11
"20250629",영등포로,0.0129,0.0223,0.31,0.0025,18,6
"20250629",정릉로,0.0278,0.0243,0.35,0.0028,20,10
"20250629",종로,0.0105,0.0221,0.31,0.0026,16,8
"20250629",천호대로,0.01,0.0234,0.35,0.0021,16,8
"20250629",청계천로,0.01,0.0239,0.32,0.0033,22,12
"20250629",한강대로,0.0104,0.0298,0.38,0.0022,28,12
"20250629",홍릉로,0.0111,0.0252,0.34,0.0028,20,6
"20250629",화랑로,0.0121,0.0299,0.29,0.0023,17,13
"20250629",관악산,0.0012,0.038,0.19,0.0023,18,6
"20250629",남산,0.0066,0.0274,0.23,0.0026,12,4
"20250629",북한산,0.0041,0.0203,0.45,0.0029,24,13
"20250629",세곡,0.0064,0.026,0.32,0.0021,18,8
"20250629",항동,0.0064,0.0259,0.5,0.003,14,5
"20250629",행주,0.0078,0.0285,0.1,0.0024,20,10
"20250629",마포아트센터,0.0056,0.0353,0.27,0.0026,12,8
"20250629",서울숲,0.007,0.0262,0.34,0.0025,16,5
"20250629",올림픽공원,0.0044,0.0314,0.2,0.0023,16,12
"20250629",자연사박물관,0.0054,0.0345,0.4,0.0024,15,5
"20250630",강남구,0.0075,0.0191,0.23,0.0025,12,5
"20250630",강동구,0.0063,0.0218,0.3,0.0023,10,8
"20250630",강북구,0.0064,0.0175,0.19,0.0022,10,2
"20250630",강서구,0.0075,0.0158,0.18,0.0022,10,6
"20250630",관악구,0.0078,0.0171,0.21,0.0021,5,2
"20250630",광진구,0.0078,0.0227,0.37,0.0026,14,8
"20250630",구로구,0.0072,0.0185,0.2,0.002,7,7
"20250630",금천구,0.0094,0.0083,0.25,0.0025,10,6
"20250630",노원구,0.0096,0.0187,0.22,0.0021,12,7
"20250630",도봉구,0.0066,0.021,0.26,0.0019,8,2
"20250630",동대문구,0.0099,0.0187,0.19,0.0025,14,7
"20250630",동작구,0.0077,0.0176,0.21,0.0023,13,5
"20250630",마포구,0.0086,0.0185,0.18,0.0026,10,6
"20250630",서대문구,0.0057,0.0194,0.3,0.0023,7,1
"20250630",서초구,0.0087,0.0256,0.33,0.0023,13,5
"20250630",성동구,0.0099,0.0189,0.23,0.0026,10,8
"20250630",성북구,0.0079,0.0186,0.37,0.0027,7,3
"20250630",송파구,0.0084,0.0191,0.22,0.0025,12,7
"20250630",양천구,0.0072,0.0137,0.19,0.0024,12,5
"20250630",영등포구,0.008,0.0166,0.2,0.0023,11,7
"20250630",용산구,0.0093,0.0162,0.22,0.0027,17,9
"20250630",은평구,0.0069,0.0151,0.37,0.002,11,3
"20250630",종로구,0.0102,0.0189,0.21,0.0024,8,6
"20250630",중구,0.0102,0.0202,0.2,0.0026,9,6
"20250630",중랑구,0.0083,0.016,0.23,0.0029,13,8
"20250630",강남대로,0.0096,0.0139,0.34,0.0029,9,4
"20250630",강변북로,0.0156,0.0125,0.37,0.0025,14,3
"20250630",공항대로,0.0172,0.016,0.21,0.0025,12,6
"20250630",도산대로,0.0088,0.0213,0.36,0.0028,11,3
"20250630",동작대로,0.0141,0.0139,0.29,0.0024,17,6
"20250630",시흥대로,0.015,0.0126,0.27,0.0027,15,4
"20250630",신촌로,0.0194,0.0106,0.36,0.0025,14,7
"20250630",영등포로,0.0139,0.0137,0.29,0.0025,13,3
"20250630",정릉로,0.0291,0.0147,0.31,0.0027,14,5
"20250630",종로,0.0131,0.0139,0.3,0.0025,11,5
"20250630",천호대로,0.0115,0.0157,0.29,0.0023,9,4
"20250630",청계천로,0.0133,0.0143,0.37,0.0033,15,8
"20250630",한강대로,0.0116,0.0217,0.35,0.0023,23,9
"20250630",홍릉로,0.0131,0.0145,0.31,0.0026,15,4
"20250630",화랑로,0.016,0.0155,0.28,0.0023,13,9
"20250630",관악산,0.0042,0.0263,0.21,0.0026,13,4
"20250630",남산,0.0069,0.0196,0.14,0.0025,6,1
"20250630",북한산,0.005,0.0148,0.4,0.0029,19,8
"20250630",세곡,0.0082,0.0161,0.27,0.0023,14,4
"20250630",항동,0.008,0.0161,0.5,0.0031,10,2
"20250630",행주,0.0097,0.0155,0.12,0.0027,13,5
"20250630",마포아트센터,0.0065,0.0244,0.21,0.0026,9,4
"20250630",서울숲,0.0085,0.0181,0.31,0.0026,10,2
"20250630",올림픽공원,0.0052,0.0231,0.11,0.0027,10,4
"20250630",자연사박물관,0.0057,0.0235,0.34,0.0025,10,2
"20250701",강남구,0.0078,0.0148,0.21,0.0024,12,5
"20250701",강동구,0.0063,0.0163,0.31,0.0022,9,7
"20250701",강북구,0.0055,0.0138,0.13,0.0022,12,4
"20250701",강서구,0.0072,0.0135,0.18,0.0022,13,8
"20250701",관악구,0.0067,0.011,0.19,0.0019,5,2
"20250701",광진구,0.0074,0.0189,0.34,0.0024,14,8
"20250701",구로구,0.0066,0.0205,0.19,0.0024,7,6
"20250701",금천구,0.0079,0.0116,0.17,0.0027,11,7
"20250701",노원구,0.0074,0.013,0.19,0.002,11,6
"20250701",도봉구,0.0057,0.0167,0.26,0.0019,9,2
"20250701",동대문구,0.0094,0.0139,0.17,0.0023,12,6
"20250701",동작구,0.0057,0.0156,0.16,0.0022,12,4
"20250701",마포구,0.0082,0.0133,0.18,0.0027,12,7
"20250701",서대문구,0.0055,0.016,0.33,0.0031,7,1
"20250701",서초구,0.0074,0.0166,0.31,0.0023,11,3
"20250701",성동구,0.009,0.0145,0.19,0.0025,9,7
"20250701",성북구,0.0071,0.0147,0.43,0.0029,6,2
"20250701",송파구,0.0082,0.0139,0.21,0.0025,13,7
"20250701",양천구,0.0071,0.0104,0.18,0.0024,14,5
"20250701",영등포구,0.0077,0.0111,0.18,0.0023,11,6
"20250701",용산구,0.0091,0.0115,0.19,0.0026,18,7
"20250701",은평구,0.0063,0.0119,0.38,0.0021,12,4
"20250701",종로구,0.0096,0.0161,0.19,0.0024,8,6
"20250701",중구,0.0098,0.0153,0.19,0.0026,11,6
"20250701",중랑구,0.0083,0.0122,0.21,0.003,13,6
"20250701",강남대로,0.008,0.0113,0.31,0.0028,10,3
"20250701",강변북로,0.0123,0.0111,0.34,0.0024,13,3
"20250701",공항대로,0.0173,0.0114,0.21,0.0025,14,6
"20250701",도산대로,0.0069,0.0182,0.31,0.0028,9,3
"20250701",동작대로,0.0103,0.0103,0.24,0.0023,16,5
"20250701",시흥대로,0.0108,0.0115,0.22,0.0026,15,3
"20250701",신촌로,0.0185,0.0078,0.38,0.0025,15,6
"20250701",영등포로,0.0129,0.0107,0.27,0.0024,13,3
"20250701",정릉로,0.0275,0.0119,0.3,0.0027,14,4
"20250701",종로,0.0117,0.0108,0.27,0.0027,12,4
"20250701",천호대로,0.0123,0.0108,0.29,0.0023,8,3
"20250701",청계천로,0.0115,0.0115,0.3,0.0033,15,8
"20250701",한강대로,0.0103,0.0101,0.33,0.0023,24,9
"20250701",홍릉로,0.0107,0.0103,0.3,0.0025,13,3
"20250701",화랑로,0.0127,0.0131,0.23,0.0023,10,6
"20250701",관악산,0.0069,0.0217,0.2,0.0023,9,2
"20250701",남산,0.0065,0.0154,0.13,0.0025,5,1
"20250701",북한산,0.0035,0.0135,0.41,0.0029,13,8
"20250701",세곡,0.0073,0.0134,0.27,0.0022,15,4
"20250701",항동,0.0067,,0.5,0.0028,12,2
"20250701",행주,0.0076,0.0129,0.17,0.0024,14,6
"20250701",마포아트센터,0.006,0.0196,0.21,0.0028,9,4
"20250701",서울숲,0.0071,0.0153,0.28,0.0025,6,1
"20250701",올림픽공원,0.0057,0.0165,0.1,0.0027,10,4
"20250701",자연사박물관,0.006,0.0186,0.37,0.0027,10,1
"20250702",강남구,0.0076,0.0167,0.2,0.0025,15,6
"20250702",강동구,0.0063,0.0188,0.3,0.0023,10,8
"20250702",강북구,0.006,0.0152,0.11,0.0021,13,3
"20250702",강서구,0.0075,0.0155,0.18,0.0023,14,9
"20250702",관악구,0.0072,0.0131,0.2,0.002,7,3
"20250702",광진구,0.0074,0.021,0.35,0.0024,16,9
"20250702",구로구,0.0066,0.0211,0.2,0.0027,10,8
"20250702",금천구,0.0088,0.0133,0.2,0.0027,13,9
"20250702",노원구,0.0078,0.0153,0.19,0.0019,13,6
"20250702",도봉구,0.0058,0.0184,0.24,0.0018,8,2
"20250702",동대문구,0.0105,0.0163,0.19,0.0024,16,8
"20250702",동작구,0.0068,0.0171,0.18,0.0023,14,6
"20250702",마포구,0.0091,0.0173,0.18,0.003,15,8
"20250702",서대문구,0.0056,0.0175,0.31,0.0031,8,2
"20250702",서초구,0.0082,0.0159,0.32,0.0024,15,4
"20250702",성동구,0.0095,0.0162,0.2,0.0027,13,8
"20250702",성북구,0.0071,0.0161,0.42,0.0029,7,3
"20250702",송파구,0.0086,0.0164,0.22,0.0026,14,8
"20250702",양천구,0.0072,0.0124,0.18,0.0024,17,7
"20250702",영등포구,0.008,0.0149,0.18,0.0023,14,8
"20250702",용산구,0.0095,0.0126,0.13,0.0027,20,12
"20250702",은평구,0.0066,0.0135,0.37,0.0022,12,5
"20250702",종로구,0.0105,0.0177,0.21,0.0026,10,8
"20250702",중구,0.0104,0.0168,0.2,0.0026,12,7
"20250702",중랑구,0.0084,0.0145,0.22,0.0032,16,8
"20250702",강남대로,0.009,0.0128,0.28,0.0027,10,4
"20250702",강변북로,0.0136,0.0117,0.34,0.0025,15,3
"20250702",공항대로,0.018,0.0133,0.22,0.0025,15,7
"20250702",도산대로,0.0077,0.0198,0.32,0.003,13,3
"20250702",동작대로,0.0121,0.0134,0.25,0.0023,19,7
"20250702",시흥대로,0.0111,0.0125,0.24,0.0028,16,5
"20250702",신촌로,0.0207,0.0085,0.4,0.0026,18,8
"20250702",영등포로,0.0134,0.01,0.28,0.0025,16,4
"20250702",정릉로,0.0306,0.0125,0.31,0.0026,16,4
"20250702",종로,0.0122,0.0122,0.27,0.0028,14,5
"20250702",천호대로,0.0127,0.01,0.31,0.0022,13,4
"20250702",청계천로,0.013,0.0124,0.34,0.0033,18,9
"20250702",한강대로,0.0115,0.0125,0.34,0.0022,25,10
"20250702",홍릉로,0.0122,0.0119,0.31,0.0027,16,4
"20250702",화랑로,0.0137,0.0142,0.24,0.0023,13,7
"20250702",관악산,0.0069,0.0239,0.19,0.0025,10,3
"20250702",남산,0.0071,0.0165,0.16,0.0027,9,1
"20250702",북한산,0.0043,0.0144,0.41,0.003,15,8
"20250702",세곡,0.008,0.0135,0.25,0.002,16,3
"20250702",항동,0.0075,,0.55,0.003,13,3
"20250702",행주,0.0086,0.014,0.16,0.0025,14,8
"20250702",마포아트센터,0.0063,0.0216,0.22,0.0029,11,5
"20250702",서울숲,0.0076,0.0165,0.27,0.0026,10,1
"20250702",올림픽공원,0.0057,0.0191,0.22,0.0027,11,4
"20250702",자연사박물관,0.0062,0.0204,0.36,0.0027,12,1
"20250703",강남구,0.0088,0.0218,0.24,0.0025,26,16
"20250703",강동구,0.0069,0.0238,0.32,0.0024,22,17
"20250703",강북구,0.0071,0.0221,0.13,0.0023,24,15
"20250703",강서구,0.0086,0.0219,0.24,0.0023,26,20
"20250703",관악구,0.0082,0.0185,0.23,0.002,17,12
"20250703",광진구,0.0085,0.0261,0.37,0.0024,27,20
"20250703",구로구,0.0072,0.0229,0.24,0.0025,20,14
"20250703",금천구,0.0102,0.0176,0.24,0.0027,24,18
"20250703",노원구,0.009,0.021,0.24,0.002,23,17
"20250703",도봉구,0.0068,0.0252,0.3,0.0019,19,9
"20250703",동대문구,0.0109,0.0219,0.21,0.0025,27,18
"20250703",동작구,0.0073,0.0224,0.21,0.0023,24,15
"20250703",마포구,0.0094,0.0259,0.22,0.0029,25,17
"20250703",서대문구,0.0068,0.023,0.34,0.0033,17,8
"20250703",서초구,0.0088,0.0207,0.34,0.0023,23,12
"20250703",성동구,0.0108,0.0209,0.23,0.0028,23,18
"20250703",성북구,0.0086,0.0212,0.41,0.003,18,13
"20250703",송파구,0.009,0.0213,0.23,0.0026,25,19
"20250703",양천구,0.008,0.0196,0.23,0.0024,29,17
"20250703",영등포구,0.0087,0.0218,0.23,0.0024,24,19
"20250703",용산구,0.009,0.0161,0.19,0.0029,29,21
"20250703",은평구,0.0076,0.0182,0.42,0.0022,23,13
"20250703",종로구,0.011,0.0244,0.24,0.0026,22,18
"20250703",중구,0.0114,0.0221,0.25,0.0027,22,17
"20250703",중랑구,0.0099,0.0191,0.24,0.0032,27,19
"20250703",강남대로,0.01,0.0167,0.28,0.0027,17,11
"20250703",강변북로,0.0165,0.0135,0.35,0.0025,24,10
"20250703",공항대로,0.0196,0.0199,0.27,0.0025,24,15
"20250703",도산대로,0.0096,0.0233,0.38,0.0029,22,7
"20250703",동작대로,0.0137,0.0178,0.28,0.0025,30,15
"20250703",시흥대로,0.0156,0.0156,0.29,0.0029,27,14
"20250703",신촌로,0.0221,0.0125,0.43,0.0026,29,18
"20250703",영등포로,0.0158,0.016,0.33,0.0027,27,12
"20250703",정릉로,0.0258,0.0172,0.37,0.0027,26,14
"20250703",종로,0.0139,0.0151,0.31,0.0027,24,15
"20250703",천호대로,0.014,0.0164,0.31,0.0024,23,13
"20250703",청계천로,0.0134,0.0158,0.36,0.0034,29,19
"20250703",한강대로,0.0132,0.0165,0.39,0.0022,36,18
"20250703",홍릉로,0.0141,0.0173,0.34,0.0027,26,10
"20250703",화랑로,0.0152,0.0201,0.27,0.0023,24,18
"20250703",관악산,0.0069,0.0306,0.21,0.0026,18,9
"20250703",남산,0.0071,0.0224,0.14,0.0027,16,8
"20250703",북한산,0.0051,0.0194,0.46,0.003,23,16
"20250703",세곡,0.0084,0.02,0.3,0.0023,23,10
"20250703",항동,0.0078,0.0296,0.59,0.0032,20,11
"20250703",행주,0.0091,0.0209,0.16,0.0028,23,18
"20250703",마포아트센터,0.0075,0.0275,0.25,0.0029,21,14
"20250703",서울숲,0.0087,0.0142,0.31,0.0024,20,9
"20250703",올림픽공원,0.0062,0.0249,0.25,0.0028,22,14
"20250703",자연사박물관,0.0069,0.0271,0.39,0.0027,21,7
"20250704",강남구,0.0085,0.0318,0.27,0.0024,27,14
"20250704",강동구,0.0067,0.0342,0.35,0.0022,23,16
"20250704",강북구,0.0067,0.033,0.15,0.0022,25,12
"20250704",강서구,0.0081,0.0305,0.23,0.0022,25,15
"20250704",관악구,0.0074,0.0301,0.26,0.0019,18,9
"20250704",광진구,0.008,0.0374,0.4,0.0022,27,17
"20250704",구로구,0.007,0.0281,0.27,0.0024,20,11
"20250704",금천구,0.0096,0.0257,0.27,0.0024,24,15
"20250704",노원구,0.0095,0.0308,0.27,0.0019,25,15
"20250704",도봉구,0.0056,0.0359,0.31,0.0019,20,9
"20250704",동대문구,0.0103,0.0321,0.24,0.0023,27,15
"20250704",동작구,0.0067,0.0331,0.24,0.0022,24,12
"20250704",마포구,0.009,0.0349,0.24,0.0028,24,14
"20250704",서대문구,0.0056,0.0326,0.35,0.0029,17,6
"20250704",서초구,0.0074,0.0315,0.35,0.0022,24,11
"20250704",성동구,0.0104,0.0315,0.26,0.0025,23,15
"20250704",성북구,0.0088,0.0295,0.39,0.0028,20,12
"20250704",송파구,0.0081,0.033,0.28,0.0023,26,16
"20250704",양천구,0.0077,0.0278,0.25,0.0023,29,13
"20250704",영등포구,0.0088,0.032,0.26,0.0023,24,14
"20250704",용산구,0.0095,0.0299,0.26,0.0029,26,17
"20250704",은평구,0.0065,0.0273,0.39,0.0021,23,13
"20250704",종로구,0.0103,0.0353,0.27,0.0025,22,15
"20250704",중구,0.0118,0.0321,0.3,0.0026,22,14
"20250704",중랑구,0.01,0.0267,0.29,0.0031,28,16
"20250704",강남대로,0.0104,0.025,0.28,0.0024,19,10
"20250704",강변북로,0.0176,0.0235,0.34,0.0024,26,6
"20250704",공항대로,0.0187,0.0294,0.27,0.0025,28,14
"20250704",도산대로,0.011,0.0318,0.35,0.0027,23,8
"20250704",동작대로,0.0161,0.0267,0.32,0.0023,29,12
"20250704",시흥대로,0.0195,0.0212,0.34,0.0028,29,12
"20250704",신촌로,0.0213,0.0205,0.45,0.0025,29,15
"20250704",영등포로,0.0168,0.025,0.36,0.0025,27,9
"20250704",정릉로,0.0225,0.0245,0.37,0.0026,28,12
"20250704",종로,0.0155,0.0244,0.36,0.0027,25,14
"20250704",천호대로,0.0154,0.0251,0.35,0.0022,23,10
"20250704",청계천로,0.0161,0.0255,0.44,0.0034,29,17
"20250704",한강대로,0.0178,0.0211,0.43,0.0023,38,17
"20250704",홍릉로,0.015,0.0267,0.36,0.0027,27,8
"20250704",화랑로,0.0158,0.032,0.29,0.0022,24,15
"20250704",관악산,0.007,0.0436,0.21,0.0025,21,9
"20250704",남산,0.0073,0.0317,0.1,0.0026,18,6
"20250704",북한산,0.004,0.0293,0.44,0.003,24,15
"20250704",세곡,0.0069,0.031,0.38,0.0022,28,10
"20250704",항동,0.0079,0.0277,0.6,0.0031,21,9
"20250704",행주,0.0101,0.0287,0.19,0.0025,24,14
"20250704",마포아트센터,0.0067,0.0385,0.25,0.0028,21,11
"20250704",서울숲,0.0079,0.0209,0.36,0.0023,23,6
"20250704",올림픽공원,0.0058,0.0361,0.24,0.0026,22,13
"20250704",자연사박물관,0.0069,0.0377,0.43,0.0026,23,5
"20250705",강남구,0.0059,0.0376,0.23,0.0023,23,11
"20250705",강동구,0.0048,0.0397,0.34,0.0022,20,14
"20250705",강북구,0.0059,0.0385,0.13,0.0022,23,10
"20250705",강서구,0.0062,0.037,0.22,0.0022,22,12
"20250705",관악구,0.0068,0.0342,0.24,0.0018,16,6
"20250705",광진구,0.0066,0.0423,0.36,0.0022,24,14
"20250705",구로구,0.0052,0.0325,0.24,0.0023,19,10
"20250705",금천구,0.0074,0.0298,0.23,0.0023,22,11
"20250705",노원구,0.0079,0.0376,0.24,0.0019,23,13
"20250705",도봉구,0.0049,0.0406,0.3,0.002,19,8
"20250705",동대문구,0.0085,0.036,0.21,0.0022,25,13
"20250705",동작구,0.0054,0.0367,0.21,0.0021,21,9
"20250705",마포구,0.0084,0.0389,0.22,0.0029,22,12
"20250705",서대문구,0.0053,0.0367,0.32,0.0029,15,5
"20250705",서초구,0.0059,0.0352,0.33,0.0022,21,8
"20250705",성동구,0.0085,0.0369,0.23,0.0025,20,12
"20250705",성북구,0.0068,0.035,0.41,0.0028,16,8
"20250705",송파구,0.0063,0.0375,0.26,0.0023,22,12
"20250705",양천구,0.0063,0.0336,0.22,0.0023,25,11
"20250705",영등포구,0.007,0.0376,0.22,0.0023,21,11
"20250705",용산구,0.0092,0.033,0.24,0.0028,24,15
"20250705",은평구,0.0063,0.0314,0.36,0.0022,22,12
"20250705",종로구,0.0088,0.0399,0.23,0.0024,20,12
"20250705",중구,0.0093,0.0379,0.23,0.0025,18,12
"20250705",중랑구,0.0082,0.0328,0.25,0.003,25,14
"20250705",강남대로,0.0083,0.0281,0.24,0.0024,17,7
"20250705",강변북로,0.0187,0.0254,0.33,0.0024,24,4
"20250705",공항대로,0.0172,0.0358,0.24,0.0025,21,11
"20250705",도산대로,0.008,0.0366,0.3,0.0028,20,5
"20250705",동작대로,0.0134,0.0314,0.29,0.0022,27,10
"20250705",시흥대로,0.013,0.0291,0.27,0.0025,24,8
"20250705",신촌로,0.0223,0.0231,0.44,0.0023,27,12
"20250705",영등포로,0.0176,0.0282,0.32,0.0025,25,6
"20250705",정릉로,0.0202,0.0294,0.36,0.0025,25,10
"20250705",종로,0.0131,0.03,0.28,0.0026,22,11
"20250705",천호대로,0.0117,0.0317,0.33,0.0022,20,7
"20250705",청계천로,0.011,0.0315,0.31,0.0034,26,14
"20250705",한강대로,0.0122,0.0279,0.38,0.0022,33,14
"20250705",홍릉로,0.0127,0.031,0.34,0.0025,25,6
"20250705",화랑로,0.0154,0.0372,0.27,0.0022,25,12
"20250705",관악산,0.007,0.0462,0.19,0.0022,19,8
"20250705",남산,0.0073,0.0332,0.11,0.0025,16,4
"20250705",북한산,0.0045,0.0338,0.41,0.003,22,14
"20250705",세곡,0.0043,0.0365,0.35,0.0023,21,6
"20250705",항동,0.0061,0.0325,0.57,0.0031,18,7
"20250705",행주,0.0071,0.0357,0.25,0.0028,20,12
"20250705",마포아트센터,0.0056,0.0424,0.21,0.0026,19,10
"20250705",서울숲,0.0061,0.0246,0.32,0.0024,21,5
"20250705",올림픽공원,0.004,0.0421,0.21,0.0026,18,9
"20250705",자연사박물관,0.0053,0.0421,0.38,0.0026,20,4
"20250706",강남구,0.0058,0.05,0.26,0.0022,28,15
"20250706",강동구,0.004,0.0519,0.37,0.0021,25,19
"20250706",강북구,0.0061,0.05,0.15,0.0021,28,15
"20250706",강서구,0.006,0.0473,0.23,0.0022,25,16
"20250706",관악구,0.0066,0.0455,0.26,0.0018,20,11
"20250706",광진구,0.0062,0.056,0.37,0.0023,29,19
"20250706",구로구,0.0049,0.0428,0.25,0.0023,21,12
"20250706",금천구,0.0076,0.0399,0.26,0.0023,24,16
"20250706",노원구,0.0075,0.0516,0.27,0.0019,29,18
"20250706",도봉구,0.0051,0.0527,0.33,0.002,24,12
"20250706",동대문구,0.009,0.0475,0.23,0.0022,30,18
"20250706",동작구,0.0059,0.048,0.24,0.002,25,14
"20250706",마포구,0.0089,0.0498,0.24,0.0027,26,16
"20250706",서대문구,0.0058,0.0469,0.35,0.003,23,9
"20250706",서초구,0.0055,0.0475,0.36,0.0022,24,11
"20250706",성동구,0.0082,0.0501,0.26,0.0025,24,17
"20250706",성북구,0.0066,0.0466,0.39,0.0029,22,13
"20250706",송파구,0.0061,0.049,0.28,0.0022,28,17
"20250706",양천구,0.0063,0.0431,0.24,0.0022,29,15
"20250706",영등포구,0.0061,0.0498,0.23,0.0022,24,16
"20250706",용산구,0.0066,0.0465,0.27,0.0027,27,20
"20250706",은평구,0.0064,0.0396,0.38,0.0022,27,15
"20250706",종로구,0.0089,0.0532,0.25,0.0023,23,17
"20250706",중구,0.0089,0.051,0.25,0.0027,22,16
"20250706",중랑구,0.0081,0.0449,0.28,0.0029,30,19
"20250706",강남대로,0.0083,0.0395,0.24,0.0021,21,11
"20250706",강변북로,0.0183,0.0361,0.35,0.0023,28,9
"20250706",공항대로,0.0175,0.0469,0.25,0.0024,25,13
"20250706",도산대로,0.0077,0.0484,0.33,0.0027,23,7
"20250706",동작대로,0.0122,0.0446,0.31,0.0022,31,13
"20250706",시흥대로,0.013,0.0387,0.28,0.0025,28,12
"20250706",신촌로,0.0216,0.0328,0.45,0.0025,32,17
"20250706",영등포로,0.0152,0.0394,0.32,0.0024,28,10
"20250706",정릉로,0.0181,0.0449,0.36,0.0025,30,15
"20250706",종로,0.0111,0.0422,0.29,0.0025,25,16
"20250706",천호대로,0.0117,0.0437,0.37,0.0021,25,12
"20250706",청계천로,0.0107,0.0437,0.31,0.0032,31,18
"20250706",한강대로,0.0123,0.0391,0.4,0.0023,36,18
"20250706",홍릉로,0.0122,0.0439,0.33,0.0025,29,10
"20250706",화랑로,0.0141,0.0535,0.3,0.0021,27,18
"20250706",관악산,0.007,0.0609,0.21,0.0024,26,11
"20250706",남산,0.0073,0.0439,0.18,0.0026,21,9
"20250706",북한산,0.0054,0.0389,0.45,0.003,28,18
"20250706",세곡,0.0039,0.0464,0.38,0.0024,26,10
"20250706",항동,0.0057,0.0401,0.58,0.0031,21,11
"20250706",행주,0.0064,0.0479,0.27,0.0026,25,17
"20250706",마포아트센터,0.0053,0.0547,0.23,0.0028,24,13
"20250706",서울숲,0.0059,0.0321,0.34,0.0025,25,8
"20250706",올림픽공원,0.004,0.0537,0.21,0.0024,25,15
"20250706",자연사박물관,0.006,0.0533,0.41,0.0027,26,6
"20250707",강남구,0.0127,0.0605,0.44,0.0023,49,31
"20250707",강동구,0.0097,0.0618,0.52,0.002,45,36
"20250707",강북구,0.0084,0.0538,0.21,0.0022,46,30
"20250707",강서구,0.0124,0.0545,0.35,0.002,43,31
"20250707",관악구,0.0122,0.0592,0.39,0.0018,41,28
"20250707",광진구,0.0115,0.0685,0.55,0.0023,50,37
"20250707",구로구,0.0108,0.0615,0.37,0.0022,39,28
"20250707",금천구,0.0134,0.0554,0.43,0.0024,45,34
"20250707",노원구,0.0099,0.055,0.39,0.0019,44,30
"20250707",도봉구,0.0079,0.0622,0.46,0.0019,42,23
"20250707",동대문구,0.0147,0.0547,0.39,0.0023,52,36
"20250707",동작구,0.0123,0.0591,0.41,0.0022,45,30
"20250707",마포구,0.0124,0.0667,0.35,0.0026,42,30
"20250707",서대문구,0.0086,0.0587,0.47,0.0028,39,23
"20250707",서초구,0.0118,0.0616,0.49,0.0022,46,31
"20250707",성동구,0.0141,0.0621,0.42,0.0025,45,33
"20250707",성북구,0.0114,0.0558,0.53,0.0027,42,29
"20250707",송파구,0.0134,0.0604,0.43,0.0023,48,34
"20250707",양천구,0.0116,0.0587,0.37,0.0022,51,30
"20250707",영등포구,0.0142,0.0631,0.37,0.0022,42,31
"20250707",용산구,0.0144,0.0573,0.47,0.0028,38,50
"20250707",은평구,0.0096,0.0425,0.51,0.002,48,28
"20250707",종로구,0.0147,0.0404,0.43,0.0024,44,33
"20250707",중구,0.0145,0.0641,0.44,0.0027,39,32
"20250707",중랑구,0.0115,0.0513,0.41,0.0028,49,33
"20250707",강남대로,0.0196,0.0456,0.44,0.0019,42,27
"20250707",강변북로,0.0315,0.0386,0.52,0.0023,49,24
"20250707",공항대로,0.0273,0.0524,0.38,0.0024,42,26
"20250707",도산대로,0.0164,0.0556,0.54,0.0027,47,24
"20250707",동작대로,0.0251,0.0504,0.49,0.0023,52,28
"20250707",시흥대로,0.0311,0.0458,0.49,0.0027,51,30
"20250707",신촌로,0.029,0.0435,0.54,0.0025,53,30
"20250707",영등포로,0.0217,0.0539,0.45,0.0023,47,24
"20250707",정릉로,0.0276,0.0508,0.49,0.0026,49,29
"20250707",종로,0.0192,0.0505,0.5,0.0027,44,32
"20250707",천호대로,0.0215,0.0494,0.5,0.0022,43,27
"20250707",청계천로,0.0208,0.0523,0.55,0.0031,52,34
"20250707",한강대로,0.016,0.0545,0.5,0.0022,59,34
"20250707",홍릉로,0.0203,0.0502,0.49,0.0026,48,24
"20250707",화랑로,0.0255,0.0542,0.49,0.0022,48,31
"20250707",관악산,0.007,0.087,0.37,0.0024,45,29
"20250707",남산,0.0119,0.0541,0.32,0.0025,41,24
"20250707",북한산,0.0074,0.0441,0.57,0.0029,45,31
"20250707",세곡,0.012,0.0563,0.48,0.0023,46,25
"20250707",항동,0.0119,0.0498,0.74,0.003,39,25
"20250707",행주,0.0109,0.0517,0.35,0.0024,45,34
"20250707",마포아트센터,0.0105,0.0679,0.37,0.0026,44,29
"20250707",서울숲,0.0108,0.0384,0.51,0.0024,45,26
"20250707",올림픽공원,0.0079,0.0619,0.31,0.0023,44,30
"20250707",자연사박물관,0.0086,0.0678,0.54,0.0024,44,25
"20250708",강남구,0.017,0.0382,0.41,0.0022,44,29
"20250708",강동구,0.0079,0.0471,0.44,0.0019,35,26
"20250708",강북구,0.0074,0.0413,0.23,0.0021,37,24
"20250708",강서구,0.0144,0.0476,0.41,0.0022,43,35
"20250708",관악구,0.0131,0.0512,0.22,0.0019,38,27
"20250708",광진구,0.0092,0.0584,0.39,0.0021,38,30
"20250708",구로구,0.0135,0.0572,0.39,0.0021,35,25
"20250708",금천구,0.014,0.0487,0.38,0.0026,41,33
"20250708",노원구,0.0087,0.0416,0.33,0.0018,33,24
"20250708",도봉구,0.0075,0.0508,0.4,0.0018,29,17
"20250708",동대문구,0.0147,0.0438,0.35,0.0022,42,29
"20250708",동작구,0.0136,0.0525,0.39,0.0022,43,30
"20250708",마포구,0.0146,0.0568,0.39,0.0028,42,31
"20250708",서대문구,0.0079,0.0475,0.44,0.0028,29,18
"20250708",서초구,0.0161,0.0523,0.48,0.0021,39,26
"20250708",성동구,0.0137,0.0513,0.36,0.0029,38,28
"20250708",성북구,0.0117,0.0443,0.5,0.0027,28,21
"20250708",송파구,0.0137,0.0475,0.38,0.0025,42,27
"20250708",양천구,0.0145,0.0513,0.4,0.0022,48,29
"20250708",영등포구,0.0182,0.0521,0.42,0.0023,44,33
"20250708",용산구,0.0163,0.0471,0.44,0.0028,,40
"20250708",은평구,0.0074,0.0327,0.48,0.0019,34,22
"20250708",종로구,0.0147,,0.38,,34,28
"20250708",중구,0.0175,0.0501,0.42,0.003,36,29
"20250708",중랑구,0.0098,0.0396,0.34,0.0028,40,28
"20250708",강남대로,0.023,0.0311,0.47,0.0019,34,22
"20250708",강변북로,0.0273,0.0327,0.42,0.0023,37,18
"20250708",공항대로,0.0289,0.0449,0.43,0.0024,42,26
"20250708",도산대로,0.0195,0.0465,0.5,0.0027,39,19
"20250708",동작대로,0.0309,0.0403,0.49,0.0024,52,26
"20250708",시흥대로,0.0408,0.0343,0.56,0.003,56,31
"20250708",신촌로,0.0293,0.0347,0.54,0.0026,50,30
"20250708",영등포로,0.0234,0.0463,0.47,0.0023,48,26
"20250708",정릉로,0.0251,0.0391,0.44,0.0026,40,24
"20250708",종로,0.0185,0.0361,0.45,0.0027,38,28
"20250708",천호대로,0.0234,0.034,0.46,0.0021,36,22
"20250708",청계천로,0.0213,0.0364,0.53,0.0032,44,30
"20250708",한강대로,0.018,0.0445,0.51,0.0023,48,29
"20250708",홍릉로,0.0184,0.0404,0.34,0.0027,43,20
"20250708",화랑로,0.0262,0.0399,0.44,0.0022,39,28
"20250708",관악산,0.007,0.0835,0.27,0.0022,36,25
"20250708",남산,0.0128,0.0464,0.37,0.0024,29,18
"20250708",북한산,0.0071,0.0345,0.52,0.0029,33,23
"20250708",세곡,0.0124,0.0441,0.43,0.0021,37,19
"20250708",항동,0.0131,0.0465,0.76,0.0029,34,21
"20250708",행주,0.0098,0.0443,0.4,0.0023,37,26
"20250708",마포아트센터,0.0139,0.0565,0.39,0.0026,36,26
"20250708",서울숲,0.0115,0.0332,0.48,0.0023,34,21
"20250708",올림픽공원,0.0078,0.0504,0.25,0.0022,32,23
"20250708",자연사박물관,0.009,0.0581,0.53,0.0024,35,19
"20250709",강남구,0.0159,0.0375,0.34,0.0022,25,16
"20250709",강동구,0.0057,0.0427,0.4,0.0023,15,15
"20250709",강북구,0.007,0.0365,0.28,0.0021,21,13
"20250709",강서구,0.014,0.0455,0.41,0.0021,28,21
"20250709",관악구,0.0109,0.0446,0.27,0.0021,19,12
"20250709",광진구,0.0088,0.045,0.38,0.0021,25,18
"20250709",구로구,0.0092,0.047,0.33,0.0022,22,15
"20250709",금천구,0.0083,0.0453,0.29,0.0025,22,18
"20250709",노원구,0.0081,0.0391,0.28,0.0018,21,16
"20250709",도봉구,0.0054,0.0432,0.32,0.0018,17,9
"20250709",동대문구,0.0106,0.0397,0.29,0.0022,26,18
"20250709",동작구,0.0107,0.0445,0.32,0.0021,26,15
"20250709",마포구,0.012,0.0488,0.33,0.0027,27,17
"20250709",서대문구,0.0063,0.042,0.32,0.0027,16,8
"20250709",서초구,0.0122,0.0431,0.42,0.0021,22,12
"20250709",성동구,0.009,0.0429,0.29,0.0028,21,16
"20250709",성북구,0.009,0.0386,0.41,0.0027,16,11
"20250709",송파구,0.0104,0.0392,0.31,0.0022,23,16
"20250709",양천구,0.0124,0.0464,0.35,0.0022,27,17
"20250709",영등포구,0.0146,0.0427,0.36,0.0022,26,19
"20250709",용산구,0.0118,0.0385,0.36,0.0027,20,19
"20250709",은평구,0.0071,0.0341,0.37,0.002,20,11
"20250709",종로구,0.011,,0.32,,19,16
"20250709",중구,0.0168,0.0412,0.38,0.0029,24,17
"20250709",중랑구,0.0063,0.0367,0.28,0.0027,24,17
"20250709",강남대로,0.0214,0.0243,0.44,0.0025,25,12
"20250709",강변북로,0.018,0.0301,0.29,0.0024,20,6
"20250709",공항대로,0.0285,0.0395,0.39,0.0024,29,19
"20250709",도산대로,0.0132,0.0395,0.47,0.003,21,7
"20250709",동작대로,0.0276,0.0316,0.43,0.0023,34,16
"20250709",시흥대로,0.042,0.0233,0.53,0.0029,41,17
"20250709",신촌로,0.0207,0.0326,0.4,0.0025,32,19
"20250709",영등포로,0.0198,0.0387,0.4,0.0025,31,13
"20250709",정릉로,0.0225,0.0316,0.39,0.0026,27,14
"20250709",종로,0.0181,0.0281,0.42,0.0027,24,15
"20250709",천호대로,0.0164,0.0321,0.38,0.002,18,9
"20250709",청계천로,0.0187,0.0283,0.47,0.0031,30,18
"20250709",한강대로,0.0135,0.0348,0.41,0.0023,36,18
"20250709",홍릉로,0.011,0.0403,0.31,0.0023,24,9
"20250709",화랑로,0.0248,0.033,0.4,0.0022,24,18
"20250709",관악산,0.007,0.062,0.18,0.0024,23,15
"20250709",남산,0.0119,0.0373,0.42,0.0025,15,6
"20250709",북한산,0.0073,0.0294,0.47,0.0029,23,16
"20250709",세곡,0.0087,0.0355,0.31,0.002,22,8
"20250709",항동,0.0161,0.0347,0.73,0.0029,24,14
"20250709",행주,0.0128,0.0404,0.38,0.0024,27,19
"20250709",마포아트센터,0.0095,0.0466,0.35,0.0025,20,14
"20250709",서울숲,0.0091,0.0276,0.37,0.0024,19,9
"20250709",올림픽공원,0.0061,0.0429,0.15,0.0022,17,12
"20250709",자연사박물관,0.0068,0.0478,0.43,0.0024,20,8
"20250710",강남구,0.0135,0.0408,0.27,0.0022,18,9
"20250710",강동구,0.0051,0.0425,0.33,0.0025,13,9
"20250710",강북구,0.0059,0.0409,0.23,0.002,14,6
"20250710",강서구,0.0097,0.0466,0.33,0.0021,23,11
"20250710",관악구,0.01,0.0447,0.26,0.0022,12,4
"20250710",광진구,0.0088,0.0481,0.39,0.0021,19,10
"20250710",구로구,0.0077,0.0429,0.28,0.0021,18,10
"20250710",금천구,0.0071,0.0413,0.23,0.0024,12,8
"20250710",노원구,0.0067,0.0446,0.23,0.0017,14,8
"20250710",도봉구,0.0055,0.0466,0.2,0.0018,12,5
"20250710",동대문구,0.0094,0.0414,0.23,0.0021,19,10
"20250710",동작구,0.0103,0.0444,0.25,0.002,18,8
"20250710",마포구,0.0085,0.0466,0.25,0.0026,18,10
"20250710",서대문구,0.0063,0.0441,0.21,0.0028,9,2
"20250710",서초구,0.0106,0.0413,0.35,0.002,16,7
"20250710",성동구,0.0074,0.0447,0.23,0.0029,15,9
"20250710",성북구,0.0087,0.0418,0.37,0.0027,12,4
"20250710",송파구,0.0092,0.0413,0.27,0.0021,17,9
"20250710",양천구,0.0096,0.0449,0.27,0.0021,18,9
"20250710",영등포구,0.0128,0.0442,0.29,0.0021,18,12
"20250710",용산구,0.008,0.0419,0.27,0.0025,22,9
"20250710",은평구,0.005,0.0403,0.22,0.002,16,8
"20250710",종로구,0.009,,0.25,,12,9
"20250710",중구,0.0131,0.0457,0.28,0.0026,17,10
"20250710",중랑구,0.0063,0.0385,0.23,0.0026,17,10
"20250710",강남대로,0.0204,0.0271,0.32,0.003,17,6
"20250710",강변북로,0.0059,0.0416,0.15,0.0024,15,4
"20250710",공항대로,0.0193,0.042,0.3,0.0022,18,10
"20250710",도산대로,0.0093,0.0455,0.4,0.0029,19,4
"20250710",동작대로,0.0279,0.0295,0.35,0.0024,25,6
"20250710",시흥대로,0.0395,0.0232,0.47,0.0029,36,9
"20250710",신촌로,0.0149,0.0348,0.3,0.0024,22,10
"20250710",영등포로,0.0179,0.0396,0.31,0.0026,19,5
"20250710",정릉로,0.0203,0.0363,0.31,0.0025,21,7
"20250710",종로,0.0173,0.0325,0.36,0.0025,19,9
"20250710",천호대로,0.0189,0.0324,0.35,0.0021,14,4
"20250710",청계천로,0.0155,0.0329,0.37,0.0033,22,11
"20250710",한강대로,0.0113,0.0369,0.34,0.0024,28,11
"20250710",홍릉로,0.0115,0.0414,0.26,0.0023,18,4
"20250710",화랑로,0.0271,0.0341,0.36,0.0023,23,11
"20250710",관악산,0.0069,0.056,0.09,0.0023,17,8
"20250710",남산,0.0092,0.0404,0.35,0.0025,9,3
"20250710",북한산,0.0052,0.0381,0.38,0.0029,14,9
"20250710",세곡,0.0093,0.039,0.2,0.0023,15,5
"20250710",항동,0.0128,0.0409,0.55,0.0029,15,7
"20250710",행주,0.0085,0.0419,0.26,0.0024,17,8
"20250710",마포아트센터,0.0061,0.0522,0.28,0.0023,15,8
"20250710",서울숲,0.0074,0.0307,0.24,0.0024,18,6
"20250710",올림픽공원,0.005,0.0478,0.17,0.0023,12,7
"20250710",자연사박물관,0.0047,0.0513,0.29,0.0025,14,2
"20250711",강남구,0.0129,0.0441,0.25,0.0021,16,7
"20250711",강동구,0.0046,0.0453,0.39,0.0022,12,9
"20250711",강북구,0.0056,0.0451,0.21,0.0019,13,4
"20250711",강서구,0.0093,0.0505,0.31,0.002,18,9
"20250711",관악구,0.0089,0.0481,0.24,0.002,9,2
"20250711",광진구,0.0091,0.0505,0.36,0.0022,17,9
"20250711",구로구,0.007,0.0459,0.25,0.0021,17,9
"20250711",금천구,0.0063,0.0458,0.2,0.0022,11,7
"20250711",노원구,0.006,0.0483,0.21,0.0016,13,7
"20250711",도봉구,0.0055,0.0506,0.14,0.0019,11,3
"20250711",동대문구,0.0089,0.0441,0.21,0.0021,17,9
"20250711",동작구,0.0091,0.0484,0.23,0.0019,18,6
"20250711",마포구,0.0083,0.0527,0.23,0.0022,16,8
"20250711",서대문구,0.0063,0.0474,0.18,0.0027,8,2
"20250711",서초구,0.0095,0.0452,0.31,0.002,15,7
"20250711",성동구,0.0071,0.0482,0.21,0.0027,13,9
"20250711",성북구,0.009,0.0445,0.36,0.0027,12,3
"20250711",송파구,0.0086,0.045,0.23,0.002,14,7
"20250711",양천구,0.0085,0.0484,0.24,0.002,17,7
"20250711",영등포구,0.0116,0.0487,0.26,0.002,16,10
"20250711",용산구,0.0075,0.0452,0.25,0.0024,18,9
"20250711",은평구,0.0049,0.0446,0.15,0.0021,13,6
"20250711",종로구,0.0083,,0.23,,12,8
"20250711",중구,0.0123,0.0491,0.25,0.0026,13,9
"20250711",중랑구,0.0058,0.0411,0.21,0.0025,15,8
"20250711",강남대로,0.0188,0.0323,0.3,0.0034,15,4
"20250711",강변북로,0.006,0.0451,0.21,0.0024,14,4
"20250711",공항대로,0.0173,0.0457,0.27,0.0021,16,8
"20250711",도산대로,0.0097,0.0486,0.37,0.0029,17,4
"20250711",동작대로,0.0252,0.0364,0.31,0.0021,22,7
"20250711",시흥대로,0.0361,0.0263,0.43,0.0027,25,6
"20250711",신촌로,0.014,0.0386,0.27,0.0024,19,10
"20250711",영등포로,0.0166,0.043,0.27,0.0024,17,4
"20250711",정릉로,0.0208,0.0392,0.29,0.0024,20,5
"20250711",종로,0.0169,0.036,0.32,0.0023,16,7
"20250711",천호대로,0.0175,0.0361,0.32,0.002,11,3
"20250711",청계천로,0.014,0.0367,0.32,0.0031,19,9
"20250711",한강대로,0.011,0.0404,0.32,0.0024,31,11
"20250711",홍릉로,0.0106,0.0445,0.24,0.0022,16,3
"20250711",화랑로,0.0254,0.039,0.33,0.0022,16,8
"20250711",관악산,0.0069,0.0584,0.2,0.0024,17,5
"20250711",남산,0.0069,0.0448,0.26,0.0025,9,2
"20250711",북한산,0.0037,0.048,0.34,0.0029,13,8
"20250711",세곡,0.007,0.0453,0.18,0.0025,14,3
"20250711",항동,0.0098,0.0474,0.48,0.0029,15,5
"20250711",행주,0.0077,0.0473,0.27,0.0024,15,6
"20250711",마포아트센터,0.0055,0.0557,0.27,0.0025,14,7
"20250711",서울숲,0.0069,0.0337,0.2,0.0026,15,4
"20250711",올림픽공원,0.0045,0.0512,0.3,0.0024,10,5
"20250711",자연사박물관,0.0043,0.0552,0.25,0.0025,13,3
"20250712",강남구,0.0127,0.0479,0.25,0.0022,17,9
"20250712",강동구,0.0067,0.0459,0.41,0.0022,12,8
"20250712",강북구,0.0064,0.0467,0.21,0.002,12,4
"20250712",강서구,0.0117,0.0502,0.32,0.0023,23,9
"20250712",관악구,0.0123,0.0508,0.26,0.0023,10,4
"20250712",광진구,0.0125,0.0512,0.33,0.0022,16,8
"20250712",구로구,0.0082,0.0449,0.26,0.0023,17,8
"20250712",금천구,0.0097,0.0471,0.23,0.0025,14,9
"20250712",노원구,0.0085,0.0438,0.23,0.0016,12,7
"20250712",도봉구,0.0068,0.0496,0.13,0.0021,11,4
"20250712",동대문구,0.0099,0.0454,0.23,0.0022,17,8
"20250712",동작구,0.011,0.0516,0.23,0.002,17,7
"20250712",마포구,0.0111,0.0538,0.24,0.0024,16,8
"20250712",서대문구,0.0082,0.0481,0.21,0.0027,10,3
"20250712",서초구,0.0102,0.0471,0.32,0.0021,15,6
"20250712",성동구,0.0104,0.0486,0.23,0.0025,13,9
"20250712",성북구,0.0098,0.0477,0.36,0.0028,11,4
"20250712",송파구,0.01,0.0496,0.24,0.0021,14,8
"20250712",양천구,0.0096,0.0522,0.24,0.0022,17,7
"20250712",영등포구,0.0129,0.0495,0.26,0.0022,16,9
"20250712",용산구,0.0102,0.0459,0.29,0.0025,10,8
"20250712",은평구,0.0078,0.0439,0.17,0.0022,14,7
"20250712",종로구,0.0103,,0.24,,13,8
"20250712",중구,0.0126,0.0517,0.25,0.0026,15,8
"20250712",중랑구,0.0078,0.0405,0.23,0.0026,15,8
"20250712",강남대로,0.0196,0.0362,0.28,0.0037,15,7
"20250712",강변북로,0.0216,0.0358,0.28,0.0026,16,4
"20250712",공항대로,0.0185,0.0491,0.26,0.0023,16,8
"20250712",도산대로,0.0148,0.0476,0.39,0.003,20,8
"20250712",동작대로,0.0264,0.0419,0.33,0.0022,25,7
"20250712",시흥대로,0.0322,0.0324,0.38,0.0028,24,7
"20250712",신촌로,0.0213,0.0359,0.38,0.0026,21,10
"20250712",영등포로,0.0203,0.0421,0.3,0.0025,19,5
"20250712",정릉로,0.0244,0.0401,0.32,0.0024,19,6
"20250712",종로,0.0176,0.0382,0.31,0.0024,17,7
"20250712",천호대로,0.0158,0.0378,0.31,0.002,10,4
"20250712",청계천로,0.0142,0.0398,0.31,0.0031,18,9
"20250712",한강대로,0.0122,0.0424,0.33,0.0025,29,11
"20250712",홍릉로,0.0143,0.0438,0.28,0.0023,17,5
"20250712",화랑로,0.0256,0.0376,0.34,0.0021,16,8
"20250712",관악산,,0.0657,0.37,0.0026,18,6
"20250712",남산,0.0111,0.045,0.26,0.0026,10,3
"20250712",북한산,0.0044,0.0471,0.35,0.003,12,8
"20250712",세곡,0.0113,0.0421,0.21,0.0025,14,4
"20250712",항동,0.0118,0.044,0.47,0.0032,14,5
"20250712",행주,0.0092,0.0496,0.29,0.0025,14,7
"20250712",마포아트센터,0.0068,0.0582,0.28,0.0026,14,7
"20250712",서울숲,0.008,0.0343,0.24,0.0027,17,5
"20250712",올림픽공원,0.0054,0.0514,0.33,0.0026,10,4
"20250712",자연사박물관,0.0069,0.0555,0.25,0.0026,15,4
"20250713",강남구,0.0197,0.049,0.41,0.0026,34,20
"20250713",강동구,0.0132,0.0513,0.6,0.0022,28,21
"20250713",강북구,0.0086,0.0468,0.31,0.0023,28,16
"20250713",강서구,0.0163,0.0526,0.37,0.0028,33,22
"20250713",관악구,0.0159,0.0509,0.38,0.0026,25,15
"20250713",광진구,0.017,0.0539,0.48,0.0026,32,22
"20250713",구로구,0.0135,0.0505,0.36,0.0028,30,19
"20250713",금천구,0.0172,0.0397,0.4,0.0028,31,22
"20250713",노원구,0.0128,0.0515,0.36,0.0021,29,20
"20250713",도봉구,0.0096,0.0522,0.28,0.0023,27,14
"20250713",동대문구,0.017,0.0458,0.35,0.0025,33,21
"20250713",동작구,0.0148,0.0499,0.36,0.0024,31,18
"20250713",마포구,0.0184,0.0567,0.35,0.0029,31,20
"20250713",서대문구,0.0119,0.0466,0.38,0.0027,24,13
"20250713",서초구,0.0143,0.051,0.43,0.0025,30,18
"20250713",성동구,0.0171,0.0496,0.36,0.0028,28,20
"20250713",성북구,0.0135,0.048,0.44,0.0032,24,15
"20250713",송파구,0.0181,0.0475,0.39,0.0025,32,23
"20250713",양천구,0.0149,0.0559,0.35,0.0026,36,19
"20250713",영등포구,0.0154,0.0547,0.37,0.0026,30,21
"20250713",용산구,0.0175,0.0462,0.42,0.003,30,22
"20250713",은평구,0.0123,0.0405,0.35,0.0024,29,17
"20250713",종로구,0.0168,,0.37,,28,20
"20250713",중구,0.017,0.0545,0.37,0.003,25,20
"20250713",중랑구,0.0144,0.0424,0.37,0.0028,31,22
"20250713",강남대로,0.0192,0.0344,0.4,0.0034,28,17
"20250713",강변북로,0.0278,0.0351,0.46,0.0027,32,11
"20250713",공항대로,0.0253,0.0479,0.37,0.0029,32,19
"20250713",도산대로,0.0172,0.054,0.54,0.0031,31,14
"20250713",동작대로,0.0267,0.043,0.45,0.0026,37,19
"20250713",시흥대로,0.0271,0.0426,0.45,0.003,44,20
"20250713",신촌로,0.0301,0.0356,0.53,0.0029,38,21
"20250713",영등포로,0.0247,0.0456,0.44,0.0028,36,17
"20250713",정릉로,0.0231,0.047,0.4,0.0027,33,17
"20250713",종로,0.0188,0.041,0.4,0.0028,28,18
"20250713",천호대로,0.0208,0.044,0.45,0.0023,29,14
"20250713",청계천로,0.0181,0.042,0.42,0.0032,34,21
"20250713",한강대로,0.0187,0.0427,0.48,0.0026,40,22
"20250713",홍릉로,0.0207,0.0451,0.42,0.0029,32,13
"20250713",화랑로,0.0243,0.0503,0.42,0.0023,30,20
"20250713",관악산,,0.0837,0.47,0.0028,30,15
"20250713",남산,0.0151,0.0464,0.39,0.0029,24,12
"20250713",북한산,0.0074,0.046,0.5,0.0032,25,18
"20250713",세곡,0.0156,0.0414,0.36,0.0027,30,14
"20250713",항동,0.0164,0.0384,0.64,0.0035,29,18
"20250713",행주,0.0141,0.0473,0.43,0.0029,31,20
"20250713",마포아트센터,0.0134,0.0577,0.43,0.0031,30,17
"20250713",서울숲,0.0131,0.0312,0.41,0.0028,28,13
"20250713",올림픽공원,0.0118,0.0459,0.46,0.0028,27,14
"20250713",자연사박물관,0.0123,0.0534,0.41,0.003,28,12
"20250714",강남구,0.016,0.0409,0.34,0.0027,20,11
"20250714",강동구,0.0082,0.0378,0.5,0.002,14,11
"20250714",강북구,0.0079,0.0417,0.31,0.0023,27,17
"20250714",강서구,0.0144,0.0379,0.33,0.0027,31,16
"20250714",관악구,0.0123,0.0438,0.36,0.0027,17,9
"20250714",광진구,0.0107,0.0405,0.44,0.0021,19,11
"20250714",구로구,0.0111,0.039,0.33,0.0025,23,15
"20250714",금천구,0.0137,0.036,0.35,0.0028,21,16
"20250714",노원구,0.0082,0.0393,0.29,0.0019,20,13
"20250714",도봉구,0.0063,0.0425,0.21,0.0021,16,8
"20250714",동대문구,0.014,0.0373,0.3,0.0028,23,14
"20250714",동작구,0.0107,0.0468,0.34,0.0025,23,12
"20250714",마포구,0.0132,0.0439,0.29,0.0029,22,14
"20250714",서대문구,0.0077,0.0387,0.31,0.0025,16,8
"20250714",서초구,0.012,0.0428,0.39,0.0026,21,13
"20250714",성동구,0.0127,0.0399,0.31,0.0033,19,13
"20250714",성북구,0.0114,0.0373,0.4,0.003,16,12
"20250714",송파구,0.0136,0.0367,0.34,0.0024,19,12
"20250714",양천구,0.0118,0.0431,0.31,0.0024,26,13
"20250714",영등포구,0.0153,0.0399,0.33,0.0025,22,15
"20250714",용산구,0.0137,0.0386,0.36,0.0032,22,15
"20250714",은평구,0.0082,0.031,0.28,0.0022,20,11
"20250714",종로구,0.0139,0.0321,0.32,0.0027,20,14
"20250714",중구,0.0122,0.0424,0.31,0.003,18,13
"20250714",중랑구,0.0098,0.0324,0.29,0.0027,19,12
"20250714",강남대로,0.0223,0.0237,0.42,0.0035,20,11
"20250714",강변북로,0.0161,0.0338,0.32,0.0027,20,8
"20250714",공항대로,0.0247,0.035,0.34,0.0025,24,12
"20250714",도산대로,0.0157,0.0442,0.48,0.0031,23,11
"20250714",동작대로,0.0251,0.0365,0.41,0.0026,27,11
"20250714",시흥대로,0.0294,0.0288,0.54,0.003,38,15
"20250714",신촌로,0.0248,0.0299,0.46,0.0028,29,15
"20250714",영등포로,0.0199,0.0345,0.39,0.0026,26,11
"20250714",정릉로,0.022,0.0349,0.39,0.0028,27,12
"20250714",종로,0.0139,0.0336,0.34,0.0028,19,11
"20250714",천호대로,0.0213,0.0261,0.43,0.0021,16,8
"20250714",청계천로,0.0166,0.0333,0.4,0.0032,23,14
"20250714",한강대로,0.015,0.035,0.4,0.0027,30,15
"20250714",홍릉로,0.0177,0.0341,0.37,0.0029,22,8
"20250714",화랑로,0.0217,0.0356,0.37,0.0023,19,12
"20250714",관악산,0.0064,0.0614,0.5,0.0025,23,11
"20250714",남산,0.0113,0.0378,0.39,0.0029,17,8
"20250714",북한산,0.0043,0.0461,0.43,0.0031,17,10
"20250714",세곡,0.0174,0.0266,0.3,0.0025,21,9
"20250714",항동,0.0133,0.0313,0.57,0.0032,21,13
"20250714",행주,0.0088,0.0416,0.31,0.0023,19,12
"20250714",마포아트센터,0.0105,0.0471,0.38,0.0031,21,14
"20250714",서울숲,0.0098,0.0272,0.34,0.0028,17,7
"20250714",올림픽공원,0.008,0.0368,0.37,0.0026,15,7
"20250714",자연사박물관,0.0078,0.0465,0.34,0.003,21,9
"20250715",강남구,0.0143,0.0349,0.29,0.0024,11,4
"20250715",강동구,0.0091,0.0337,0.47,0.002,6,5
"20250715",강북구,0.0078,0.0349,0.26,0.0024,11,3
"20250715",강서구,0.0108,0.0328,0.26,0.0024,10,5
"20250715",관악구,0.0125,0.0328,0.29,0.0023,5,2
"20250715",광진구,0.0115,0.0367,0.46,0.0022,11,5
"20250715",구로구,0.0101,0.0311,0.28,0.0022,12,4
"20250715",금천구,0.0126,0.0288,0.24,0.0026,9,5
"20250715",노원구,0.008,0.0359,0.24,0.0018,9,4
"20250715",도봉구,0.0057,0.0375,0.24,0.002,6,1
"20250715",동대문구,0.0111,0.0331,0.25,0.0023,10,5
"20250715",동작구,0.0105,0.0362,0.26,0.0021,11,3
"20250715",마포구,0.0111,0.0358,0.26,0.0023,10,5
"20250715",서대문구,0.0084,0.0316,0.31,0.002,8,1
"20250715",서초구,0.0109,0.0347,0.35,0.0021,9,4
"20250715",성동구,0.0128,0.0321,0.27,0.0025,8,6
"20250715",성북구,0.0096,0.0338,0.34,0.0028,6,3
"20250715",송파구,0.0123,0.0324,0.27,0.0022,10,6
"20250715",양천구,0.0113,0.0346,0.25,0.0022,11,4
"20250715",영등포구,0.0127,0.0336,0.32,0.0023,10,6
"20250715",용산구,0.0133,0.03,0.29,0.0026,12,6
"20250715",은평구,0.0076,0.025,0.26,0.002,10,4
"20250715",종로구,0.0132,0.0349,0.29,0.0027,8,6
"20250715",중구,0.0106,0.0336,0.27,0.0028,8,5
"20250715",중랑구,0.0106,0.0308,0.27,0.0027,10,5
"20250715",강남대로,0.0175,0.0235,0.38,0.0028,10,3
"20250715",강변북로,0.0203,0.0234,0.33,0.0025,13,3
"20250715",공항대로,0.0215,0.0299,0.29,0.0023,12,5
"20250715",도산대로,0.0136,0.0359,0.43,0.0028,12,3
"20250715",동작대로,0.0202,0.0292,0.34,0.0023,15,4
"20250715",시흥대로,0.0208,0.0274,0.5,0.0027,14,4
"20250715",신촌로,0.0257,0.0227,0.47,0.0026,15,7
"20250715",영등포로,0.0199,0.026,0.36,0.0023,14,3
"20250715",정릉로,0.0202,0.0307,0.35,0.0024,12,3
"20250715",종로,0.0113,0.0295,0.31,0.0024,9,3
"20250715",천호대로,0.0196,0.0244,0.37,0.0021,8,3
"20250715",청계천로,0.014,0.0293,0.36,0.0029,13,6
"20250715",한강대로,0.0134,0.0275,0.38,0.0024,18,8
"20250715",홍릉로,0.0162,0.0296,0.37,0.0026,13,3
"20250715",화랑로,0.0214,0.0298,0.33,0.0022,10,5
"20250715",관악산,0.0069,0.0474,0.46,0.0023,11,4
"20250715",남산,0.0086,0.0323,0.32,0.0025,6,1
"20250715",북한산,0.0037,0.0363,0.41,0.003,9,5
"20250715",세곡,0.013,0.0282,0.21,0.0023,11,2
"20250715",항동,0.0102,0.0298,0.49,0.0031,8,3
"20250715",행주,0.0084,0.0342,0.26,0.0023,6,2
"20250715",마포아트센터,0.0092,0.0403,0.32,0.0024,8,4
"20250715",서울숲,0.0089,0.0197,0.3,0.0026,8,2
"20250715",올림픽공원,0.0079,0.0302,0.31,0.0025,12,2
"20250715",자연사박물관,0.0078,0.0397,0.32,0.0025,9,1
"20250716",강남구,0.0187,0.0378,0.35,0.0024,20,11
"20250716",강동구,0.0094,0.0383,0.5,0.002,16,11
"20250716",강북구,0.0111,0.0329,0.33,0.0023,19,8
"20250716",강서구,0.0149,0.0391,0.36,0.0025,21,13
"20250716",관악구,0.0106,0.0477,0.31,0.0022,13,7
"20250716",광진구,0.0123,0.0408,0.53,0.0022,25,12
"20250716",구로구,0.0109,0.0426,0.32,0.0022,19,10
"20250716",금천구,0.011,0.0347,0.31,0.0024,25,16
"20250716",노원구,0.0126,0.0372,0.31,0.0018,18,10
"20250716",도봉구,0.0113,0.0308,0.4,0.002,17,6
"20250716",동대문구,0.0174,0.0357,0.32,0.0024,23,13
"20250716",동작구,0.0115,0.0432,0.3,0.0021,21,11
"20250716",마포구,0.0131,0.0493,0.33,0.0024,20,12
"20250716",서대문구,0.0083,0.0464,0.39,0.0023,15,6
"20250716",서초구,0.0167,0.036,0.39,0.0022,22,12
"20250716",성동구,0.0159,0.0357,0.31,0.0025,18,11
"20250716",성북구,0.0143,0.0349,0.44,0.0028,19,10
"20250716",송파구,0.0147,0.035,0.31,0.0022,19,11
"20250716",양천구,0.0135,0.0421,0.33,0.0022,23,11
"20250716",영등포구,0.0158,0.0426,0.37,0.0023,21,14
"20250716",용산구,0.0146,0.037,0.35,0.0026,20,14
"20250716",은평구,0.0095,0.0311,0.32,0.002,20,11
"20250716",종로구,0.0191,0.0394,0.38,0.0029,17,13
"20250716",중구,0.0184,0.0403,0.42,0.0027,21,14
"20250716",중랑구,0.0109,0.0369,0.29,0.0027,21,12
"20250716",강남대로,0.0208,0.0295,0.51,0.0027,19,8
"20250716",강변북로,0.0217,0.0281,0.39,0.0025,21,6
"20250716",공항대로,0.025,0.0377,0.36,0.0023,20,11
"20250716",도산대로,0.0148,0.043,0.5,0.0027,20,7
"20250716",동작대로,0.0263,0.0325,0.39,0.0023,24,9
"20250716",시흥대로,0.0354,0.025,0.47,0.0026,27,10
"20250716",신촌로,0.0247,0.0336,0.44,0.0026,24,12
"20250716",영등포로,0.0228,0.0342,0.41,0.0023,25,8
"20250716",정릉로,0.0306,0.028,0.45,0.0025,23,10
"20250716",종로,0.0235,0.0292,0.46,0.0027,19,10
"20250716",천호대로,0.0189,0.0318,0.39,0.002,16,5
"20250716",청계천로,0.0234,0.0286,0.54,0.0032,26,14
"20250716",한강대로,0.0148,0.0357,0.4,0.0024,27,15
"20250716",홍릉로,0.0178,0.0394,0.37,0.0026,24,6
"20250716",화랑로,0.0302,0.0272,0.46,0.0023,20,12
"20250716",관악산,0.0057,0.0679,0.47,0.0022,14,5
"20250716",남산,0.0105,0.0433,0.35,0.0024,14,6
"20250716",북한산,0.0077,0.0372,0.49,0.003,18,12
"20250716",세곡,0.0103,0.0362,0.27,0.0024,20,6
"20250716",항동,0.0112,0.0355,0.54,0.003,18,11
"20250716",행주,0.0156,0.0372,0.37,0.0023,17,10
"20250716",마포아트센터,0.0105,0.0512,0.38,0.0024,19,11
"20250716",서울숲,0.0112,0.0215,0.4,0.0025,18,6
"20250716",올림픽공원,0.008,0.0405,0.32,0.0025,16,7
"20250716",자연사박물관,0.0091,0.05,0.39,0.0025,19,6
"20250717",강남구,0.0151,0.0439,0.31,0.0023,10,4
"20250717",강동구,0.0063,0.0496,0.46,0.0019,5,5
"20250717",강북구,0.0093,0.0443,0.3,0.0023,9,2
"20250717",강서구,0.0137,0.0464,0.37,0.0022,10,7
"20250717",관악구,0.0077,0.0563,0.28,0.002,4,1
"20250717",광진구,0.0105,0.0492,0.51,0.0021,11,6
"20250717",구로구,0.0097,0.0481,0.29,0.0021,7,4
"20250717",금천구,0.0093,0.0407,0.24,0.0025,5,3
"20250717",노원구,0.0092,0.0502,0.28,0.0017,7,4
"20250717",도봉구,0.0083,0.0433,0.37,0.0019,8,1
"20250717",동대문구,0.0161,0.0414,0.29,0.0023,11,6
"20250717",동작구,0.0091,0.0521,0.25,0.002,8,3
"20250717",마포구,0.0119,0.0518,0.29,0.0021,10,6
"20250717",서대문구,0.0067,0.0529,0.35,0.0019,5,2
"20250717",서초구,0.011,0.0488,0.37,0.0021,5,3
"20250717",성동구,0.0114,0.0443,0.27,0.0022,7,6
"20250717",성북구,0.0117,0.0418,0.45,0.0027,5,3
"20250717",송파구,0.0121,0.0458,0.28,0.002,7,5
"20250717",양천구,0.0126,0.049,0.32,0.002,11,4
"20250717",영등포구,0.0153,0.0464,0.32,0.0021,10,6
"20250717",용산구,0.0128,0.043,0.35,0.0025,10,5
"20250717",은평구,0.0077,0.0398,0.27,0.0019,7,4
"20250717",종로구,0.018,0.0454,0.36,0.003,6,6
"20250717",중구,0.018,0.0481,0.37,0.0027,11,7
"20250717",중랑구,0.0082,0.0472,0.26,0.0026,9,5
"20250717",강남대로,0.0193,0.0376,0.47,0.0025,6,3
"20250717",강변북로,0.0165,0.038,0.38,0.0023,8,3
"20250717",공항대로,0.0243,0.0446,0.33,0.0022,10,6
"20250717",도산대로,0.0112,0.0514,0.44,0.0026,8,3
"20250717",동작대로,0.0253,0.04,0.34,0.0021,13,4
"20250717",시흥대로,0.0377,0.0277,0.45,0.0024,12,4
"20250717",신촌로,0.0191,0.0408,0.34,0.0024,12,5
"20250717",영등포로,0.0208,0.0393,0.36,0.0024,12,4
"20250717",정릉로,0.0305,0.0342,0.41,0.0024,14,4
"20250717",종로,0.0226,0.0332,0.43,0.0027,9,4
"20250717",천호대로,0.0166,0.0392,0.37,0.002,6,3
"20250717",청계천로,0.0218,0.0343,0.5,0.0032,13,7
"20250717",한강대로,0.0139,0.0432,0.37,0.0024,14,6
"20250717",홍릉로,0.015,0.0476,0.32,0.0024,11,4
"20250717",화랑로,0.0284,0.04,0.42,0.0021,9,5
"20250717",관악산,0.0054,0.0711,0.43,0.0021,5,1
"20250717",남산,0.0075,0.0501,0.28,0.0023,4,1
"20250717",북한산,0.0054,0.0526,0.46,0.0029,8,6
"20250717",세곡,0.0075,0.0483,0.28,0.0021,9,2
"20250717",항동,0.0071,0.045,0.5,0.0028,7,2
"20250717",행주,0.0117,0.0464,0.33,0.0022,8,4
"20250717",마포아트센터,0.0094,0.0559,0.34,0.0023,6,4
"20250717",서울숲,0.0097,0.0274,0.41,0.0024,6,2
"20250717",올림픽공원,0.0073,0.046,0.28,0.0024,8,2
"20250717",자연사박물관,0.0081,0.0545,0.36,0.0022,7,2
"20250718",강남구,0.0182,0.0377,0.33,0.0026,13,5
"20250718",강동구,0.0122,0.0366,0.48,0.002,7,5
"20250718",강북구,0.0095,0.0352,0.29,0.0023,12,2
"20250718",강서구,0.0188,0.0418,0.41,0.0024,13,8
"20250718",관악구,0.0135,0.0472,0.3,0.002,8,2
"20250718",광진구,0.0142,0.0378,0.53,0.0021,14,6
"20250718",구로구,0.0155,0.0415,0.33,0.0022,12,6
"20250718",금천구,0.0137,0.0361,0.31,0.0024,11,6
"20250718",노원구,0.0133,0.0377,0.29,0.0017,10,4
"20250718",도봉구,0.0108,0.0351,0.37,0.002,10,2
"20250718",동대문구,0.0198,0.0349,0.31,0.0023,14,7
"20250718",동작구,0.0154,0.0419,0.29,0.002,13,5
"20250718",마포구,0.0161,0.0466,0.32,0.0022,13,6
"20250718",서대문구,0.0086,0.0486,0.35,0.0021,7,1
"20250718",서초구,0.017,0.0416,0.41,0.0022,11,4
"20250718",성동구,0.0151,0.0395,0.29,0.0024,10,6
"20250718",성북구,0.0154,0.0333,0.46,0.0027,8,5
"20250718",송파구,0.0174,0.037,0.3,0.0022,13,5
"20250718",양천구,0.018,0.0427,0.34,0.0022,14,6
"20250718",영등포구,0.0213,0.0402,0.36,0.0022,13,7
"20250718",용산구,0.0191,0.0353,0.37,0.0025,15,8
"20250718",은평구,0.0099,0.0337,0.29,0.0019,10,5
"20250718",종로구,0.0207,0.041,0.35,0.003,8,6
"20250718",중구,0.0208,0.044,0.38,0.0027,13,8
"20250718",중랑구,0.0115,0.0376,0.26,0.0026,12,5
"20250718",강남대로,0.0254,0.026,0.56,0.0026,13,4
"20250718",강변북로,0.0217,0.0284,0.41,0.0023,11,3
"20250718",공항대로,0.0301,0.038,0.37,0.0022,13,7
"20250718",도산대로,0.017,0.0447,0.51,0.0028,13,4
"20250718",동작대로,0.0334,0.0292,0.42,0.0022,19,5
"20250718",시흥대로,0.043,0.0188,0.55,0.0026,19,6
"20250718",신촌로,0.0247,0.0351,0.4,0.0025,15,7
"20250718",영등포로,0.0268,0.0342,0.4,0.0027,16,5
"20250718",정릉로,0.0308,0.0284,0.42,0.0025,16,5
"20250718",종로,0.0231,0.0273,0.43,0.0028,12,5
"20250718",천호대로,0.0235,0.0264,0.4,0.0021,9,3
"20250718",청계천로,0.0259,0.028,0.52,0.0034,16,7
"20250718",한강대로,0.0203,0.037,0.44,0.0025,18,8
"20250718",홍릉로,0.021,,0.36,0.0025,16,4
"20250718",화랑로,0.0306,0.0244,0.42,0.0022,13,7
"20250718",관악산,0.0054,0.0705,0.43,0.0022,10,3
"20250718",남산,0.0122,0.0446,0.31,0.0024,7,1
"20250718",북한산,0.0059,0.0397,0.45,0.003,12,5
"20250718",세곡,0.0138,0.033,0.31,0.0022,12,2
"20250718",항동,0.0149,0.0293,0.57,0.003,12,4
"20250718",행주,0.0174,0.0347,0.33,0.0022,10,4
"20250718",마포아트센터,0.0134,0.0502,0.37,0.0023,10,6
"20250718",서울숲,0.0112,0.0193,0.4,0.0025,10,2
"20250718",올림픽공원,0.0088,0.0307,0.29,0.0025,13,2
"20250718",자연사박물관,0.009,0.0506,0.38,0.0022,10,1
"20250719",강남구,0.0148,0.0262,0.3,0.003,11,4
"20250719",강동구,0.0099,0.0269,0.44,0.002,5,4
"20250719",강북구,0.0071,0.033,0.23,0.0023,8,2
"20250719",강서구,0.014,0.0288,0.33,0.0023,10,5
"20250719",관악구,0.0114,0.0301,0.27,0.002,6,2
"20250719",광진구,0.0101,0.0303,0.48,0.002,11,5
"20250719",구로구,0.0109,0.0287,0.28,0.0021,10,3
"20250719",금천구,0.0111,0.0206,0.23,0.0024,8,4
"20250719",노원구,0.0131,0.0303,0.3,0.0018,9,4
"20250719",도봉구,0.008,0.0321,0.31,0.0019,7,2
"20250719",동대문구,0.0163,0.0266,0.27,0.0023,12,5
"20250719",동작구,0.0118,0.028,0.24,0.002,11,3
"20250719",마포구,0.0134,0.0309,0.28,0.0021,10,5
"20250719",서대문구,0.0062,0.0352,0.32,0.0019,6,1
"20250719",서초구,0.0152,0.0267,0.39,0.0023,8,2
"20250719",성동구,0.0134,0.0267,0.26,0.0024,9,5
"20250719",성북구,0.0106,0.0292,0.41,0.0027,6,3
"20250719",송파구,0.0131,0.0254,0.26,0.0021,10,4
"20250719",양천구,0.0137,0.0287,0.28,0.0021,12,4
"20250719",영등포구,0.0144,0.0285,0.28,0.0022,10,5
"20250719",용산구,0.0139,0.0237,0.31,0.0025,11,5
"20250719",은평구,0.007,0.0251,0.23,0.0018,8,3
"20250719",종로구,0.0164,0.0312,0.3,0.0028,8,5
"20250719",중구,0.0183,0.0319,0.29,0.0027,10,5
"20250719",중랑구,0.01,0.0272,0.25,0.0025,10,4
"20250719",강남대로,0.0161,0.0203,0.43,0.0026,7,3
"20250719",강변북로,0.0147,0.023,0.37,0.0023,10,3
"20250719",공항대로,0.0228,0.0279,0.3,0.0022,10,5
"20250719",도산대로,0.0147,0.0298,0.49,0.0029,10,3
"20250719",동작대로,0.0237,0.0202,0.37,0.002,18,4
"20250719",시흥대로,0.0271,0.0173,0.42,0.0026,16,3
"20250719",신촌로,0.0217,0.0246,0.39,0.0025,14,6
"20250719",영등포로,0.0196,0.0249,0.35,0.0025,13,3
"20250719",정릉로,0.0227,0.0267,0.38,0.0024,14,4
"20250719",종로,0.0194,0.0216,0.36,0.0026,10,4
"20250719",천호대로,0.0181,0.0196,0.38,0.002,7,3
"20250719",청계천로,0.0186,0.0235,0.4,0.0029,14,6
"20250719",한강대로,0.016,0.0258,0.4,0.0024,16,7
"20250719",홍릉로,0.0181,0.0132,0.35,0.0024,13,3
"20250719",화랑로,0.0236,0.0252,0.37,0.0022,10,5
"20250719",관악산,0.0047,0.0383,0.38,0.0022,5,1
"20250719",남산,0.0084,0.0317,0.25,0.0024,5,1
"20250719",북한산,0.0037,0.0367,0.41,0.003,8,4
"20250719",세곡,0.0092,0.0239,0.25,0.0022,9,1
"20250719",항동,0.0103,0.0254,0.51,0.0029,7,2
"20250719",행주,0.0114,0.0304,0.28,0.0022,8,3
"20250719",마포아트센터,0.0118,0.0351,0.33,0.0023,7,3
"20250719",서울숲,0.0091,0.0158,0.36,0.0025,6,1
"20250719",올림픽공원,0.0076,0.0263,0.24,0.0024,9,1
"20250719",자연사박물관,0.0069,0.0382,0.35,0.0022,7,1
"20250720",강남구,0.0062,0.0158,0.21,0.0026,17,6
"20250720",강동구,0.0046,0.0175,0.37,0.0024,12,7
"20250720",강북구,0.0052,0.0164,0.2,0.0024,17,4
"20250720",강서구,0.0068,0.0152,0.2,0.0024,18,8
"20250720",관악구,0.0064,0.0168,0.2,0.0022,11,3
"20250720",광진구,0.0066,0.0189,0.45,0.0025,18,8
"20250720",구로구,0.005,0.0185,0.22,0.0027,14,6
"20250720",금천구,0.0054,0.0129,0.21,0.0026,16,7
"20250720",노원구,0.0081,0.0152,0.23,0.0019,16,7
"20250720",도봉구,0.0048,0.0177,0.26,0.002,13,3
"20250720",동대문구,0.0093,0.0144,0.19,0.0025,20,8
"20250720",동작구,0.0054,0.0165,0.18,0.0021,18,6
"20250720",마포구,0.0078,0.0145,0.2,0.0023,18,7
"20250720",서대문구,0.0042,0.0187,0.28,0.0025,11,2
"20250720",서초구,0.0055,0.0174,0.32,0.0026,15,3
"20250720",성동구,0.0074,0.0146,0.21,0.0024,15,7
"20250720",성북구,0.0061,0.0162,0.33,0.003,12,5
"20250720",송파구,0.0068,0.0162,0.21,0.0023,16,7
"20250720",양천구,0.006,0.016,0.2,0.0023,21,6
"20250720",영등포구,0.006,0.0158,0.2,0.0025,16,7
"20250720",용산구,0.0067,0.012,0.21,0.0025,19,10
"20250720",은평구,0.0053,0.0126,0.2,0.0021,16,8
"20250720",종로구,0.0096,0.017,0.21,0.0029,14,7
"20250720",중구,0.0085,0.0193,0.23,0.0028,18,8
"20250720",중랑구,0.0066,0.014,0.22,0.0029,19,8
"20250720",강남대로,0.0059,0.0145,0.3,0.0027,11,4
"20250720",강변북로,0.0097,0.0118,0.34,0.0026,18,3
"20250720",공항대로,0.0147,0.0143,0.21,0.0024,16,7
"20250720",도산대로,0.0055,0.0201,0.34,0.0031,15,3
"20250720",동작대로,0.0113,0.0126,0.27,0.0022,22,6
"20250720",시흥대로,0.0115,0.0115,0.28,0.0026,21,5
"20250720",신촌로,0.0176,0.0094,0.39,0.0026,23,8
"20250720",영등포로,0.0115,0.0133,0.28,0.003,21,4
"20250720",정릉로,0.013,0.014,0.3,0.0026,21,5
"20250720",종로,0.0087,0.0126,0.26,0.0025,16,5
"20250720",천호대로,0.0101,0.0131,0.28,0.0021,13,3
"20250720",청계천로,0.0082,0.0124,0.26,0.0029,22,9
"20250720",한강대로,0.0084,0.0129,0.33,0.0026,26,11
"20250720",홍릉로,0.0108,0.013,0.26,0.0025,19,4
"20250720",화랑로,0.0126,0.0132,0.28,0.0023,16,8
"20250720",관악산,0.0034,0.0241,0.37,0.0026,14,4
"20250720",남산,0.0059,0.0167,0.21,0.0028,9,1
"20250720",북한산,0.0028,0.0182,0.4,0.0031,15,6
"20250720",세곡,0.006,0.0174,0.21,0.0025,15,3
"20250720",항동,0.0049,0.0159,0.48,0.0032,14,4
"20250720",행주,0.007,0.0168,0.21,0.0026,15,6
"20250720",마포아트센터,0.0055,0.0213,0.25,0.0029,13,5
"20250720",서울숲,0.0058,0.0088,0.32,0.0026,13,2
"20250720",올림픽공원,0.0043,0.0183,0.21,0.0027,12,4
"20250720",자연사박물관,0.0055,0.0206,0.33,0.0028,15,2
"20250721",강남구,0.0112,0.0145,0.23,0.0026,20,8
"20250721",강동구,0.0088,0.0144,0.37,0.0024,15,10
"20250721",강북구,0.0064,0.014,0.21,0.0025,24,8
"20250721",강서구,0.0099,0.0143,0.21,0.0025,20,11
"20250721",관악구,0.0094,0.0166,0.22,0.0024,12,4
"20250721",광진구,0.0102,0.0166,0.48,0.0025,22,11
"20250721",구로구,0.008,0.0172,0.23,0.0029,15,8
"20250721",금천구,0.01,0.012,0.22,0.0028,20,11
"20250721",노원구,0.0098,0.0142,0.23,0.0021,19,9
"20250721",도봉구,0.0071,0.0155,0.26,0.002,14,3
"20250721",동대문구,0.0136,0.013,0.23,0.0026,21,9
"20250721",동작구,0.0087,0.016,0.2,0.0022,20,8
"20250721",마포구,0.0107,0.0142,0.21,0.0025,18,9
"20250721",서대문구,0.0073,0.0156,0.29,0.0025,12,3
"20250721",서초구,0.0103,0.0159,0.34,0.0027,17,5
"20250721",성동구,0.0127,0.0136,0.23,0.0026,18,10
"20250721",성북구,0.0093,0.013,0.36,0.0031,13,5
"20250721",송파구,0.0106,0.0155,0.21,0.0025,19,10
"20250721",양천구,0.009,0.0142,0.2,0.0024,23,8
"20250721",영등포구,0.0105,0.0149,0.22,0.0028,18,9
"20250721",용산구,0.012,0.0114,0.26,0.0028,21,12
"20250721",은평구,0.0077,0.0116,0.21,0.0023,18,9
"20250721",종로구,0.0164,0.0093,0.28,0.0032,16,10
"20250721",중구,0.0135,0.0155,0.25,0.0031,18,10
"20250721",중랑구,0.0101,0.0133,0.24,0.0029,21,9
"20250721",강남대로,0.0106,0.0114,0.34,0.0028,12,5
"20250721",강변북로,0.0154,0.0098,0.37,0.0027,19,4
"20250721",공항대로,0.0192,0.012,0.23,0.0026,20,8
"20250721",도산대로,0.0095,0.0195,0.37,0.0031,19,4
"20250721",동작대로,0.0154,0.0124,0.29,0.0023,25,7
"20250721",시흥대로,0.0139,0.0114,0.29,0.0027,23,7
"20250721",신촌로,0.0217,0.0073,0.41,0.0027,22,9
"20250721",영등포로,0.0163,0.0115,0.31,0.0035,22,5
"20250721",정릉로,0.0159,0.0093,0.34,0.0025,27,10
"20250721",종로,0.0129,0.0095,0.32,0.0028,17,6
"20250721",천호대로,0.0155,0.0051,0.36,0.0022,21,5
"20250721",청계천로,0.0147,0.0091,0.39,0.0031,23,11
"20250721",한강대로,0.012,0.0106,0.36,0.0027,25,10
"20250721",홍릉로,0.015,0.0106,0.32,0.0027,21,4
"20250721",화랑로,0.0155,0.0107,0.3,0.0023,21,9
"20250721",관악산,0.0043,0.0284,0.36,0.0029,15,5
"20250721",남산,0.0074,0.0168,0.16,0.003,10,3
"20250721",북한산,0.0044,0.0157,0.42,0.0032,18,8
"20250721",세곡,0.0089,0.0166,0.2,0.0028,18,3
"20250721",항동,0.0078,0.013,0.51,0.0033,15,4
"20250721",행주,0.0097,0.0123,0.24,0.0025,18,8
"20250721",마포아트센터,0.0086,0.019,0.25,0.003,15,7
"20250721",서울숲,0.0082,0.0104,0.36,0.0029,15,3
"20250721",올림픽공원,0.0068,0.0174,0.21,0.0027,14,3
"20250721",자연사박물관,0.0076,0.0183,0.32,0.0029,15,2
"20250722",강남구,0.0092,0.0187,0.19,0.0024,18,7
"20250722",강동구,0.0058,0.0215,0.27,0.0023,12,8
"20250722",강북구,0.0047,0.0206,0.16,0.0022,19,5
"20250722",강서구,0.0087,0.0174,0.18,0.0025,18,9
"20250722",관악구,0.0095,0.0103,0.19,0.0024,11,2
"20250722",광진구,0.0079,0.023,0.38,0.0025,18,9
"20250722",구로구,0.0074,0.0198,0.21,0.0029,16,6
"20250722",금천구,0.0086,0.0153,0.16,0.0028,17,9
"20250722",노원구,0.0069,0.0211,0.17,0.0021,16,7
"20250722",도봉구,0.0049,0.0224,0.2,0.002,12,2
"20250722",동대문구,0.0112,0.0198,0.17,0.0026,21,9
"20250722",동작구,0.008,0.02,0.17,0.0022,18,7
"20250722",마포구,0.0095,0.0179,0.17,0.0023,18,7
"20250722",서대문구,0.0055,0.0228,0.23,0.0027,10,2
"20250722",서초구,0.0089,0.019,0.31,0.0026,16,5
"20250722",성동구,0.0108,0.0187,0.18,0.0027,15,9
"20250722",성북구,0.0068,0.0205,0.29,0.0032,11,4
"20250722",송파구,0.0095,0.0191,0.18,0.0024,16,7
"20250722",양천구,0.0079,0.0175,0.18,0.0024,21,6
"20250722",영등포구,0.0096,0.0179,0.18,0.0027,20,8
"20250722",용산구,0.0116,0.0146,0.2,0.0027,20,12
"20250722",은평구,0.0067,0.0152,0.24,0.0023,16,7
"20250722",종로구,0.0127,0.0205,0.21,0.0035,15,8
"20250722",중구,0.0093,0.0229,0.18,0.003,18,9
"20250722",중랑구,0.0085,0.0193,0.19,0.003,19,8
"20250722",강남대로,0.0114,0.0141,0.3,0.0026,10,4
"20250722",강변북로,0.0169,0.0119,0.32,0.0028,18,3
"20250722",공항대로,0.0186,0.0155,0.21,0.0027,19,8
"20250722",도산대로,0.0086,0.0228,0.37,0.0031,16,4
"20250722",동작대로,0.0156,0.0151,0.25,0.0023,22,5
"20250722",시흥대로,0.0117,0.0144,0.22,0.0026,21,5
"20250722",신촌로,0.0222,0.0098,0.4,0.0027,22,8
"20250722",영등포로,0.0155,0.0139,0.27,0.0035,21,4
"20250722",정릉로,0.0181,0.0171,0.36,0.0026,21,6
"20250722",종로,0.0114,0.0155,0.25,0.0027,17,5
"20250722",천호대로,0.0137,0.0108,0.29,0.0022,12,3
"20250722",청계천로,0.0131,0.0153,0.29,0.003,21,9
"20250722",한강대로,0.011,0.016,0.3,0.0028,24,10
"20250722",홍릉로,0.0147,0.0155,0.28,0.0028,21,4
"20250722",화랑로,0.0158,0.0177,0.25,0.0024,16,8
"20250722",관악산,0.0044,0.0269,0.32,0.0026,13,4
"20250722",남산,0.0068,0.0188,0.16,0.0029,9,1
"20250722",북한산,0.0031,0.0204,0.38,0.0032,15,6
"20250722",세곡,0.0088,0.0172,0.14,0.0026,14,2
"20250722",항동,0.0074,0.0163,0.47,0.0032,13,4
"20250722",행주,0.0063,0.0182,0.2,0.0024,13,5
"20250722",마포아트센터,0.0075,0.0243,0.21,0.003,14,5
"20250722",서울숲,0.0087,0.018,0.31,0.0029,14,2
"20250722",올림픽공원,0.006,0.0219,0.22,0.0027,11,3
"20250722",자연사박물관,0.0063,0.024,0.29,0.003,13,3
"20250723",강남구,0.0157,0.0065,0.25,0.0025,18,7
"20250723",강동구,0.0093,0.0252,0.28,0.0021,15,9
"20250723",강북구,0.0054,0.02,0.17,0.0023,15,4
"20250723",강서구,0.0107,0.0175,0.2,0.0025,15,8
"20250723",관악구,0.0136,0.0239,0.23,0.0024,13,5
"20250723",광진구,0.0109,0.0271,0.4,0.0022,20,10
"20250723",구로구,0.0099,0.0228,0.23,0.0027,17,8
"20250723",금천구,0.0118,0.0227,0.19,0.0028,18,10
"20250723",노원구,0.0082,0.0193,0.18,0.0019,17,10
"20250723",도봉구,0.0061,0.0205,0.23,0.0019,14,4
"20250723",동대문구,0.0136,0.0172,0.21,0.0023,19,8
"20250723",동작구,0.0129,0.0253,0.22,0.0022,20,8
"20250723",마포구,0.0108,0.0196,0.19,0.0023,17,7
"20250723",서대문구,0.0063,0.0183,0.26,0.0025,8,3
"20250723",서초구,0.0127,0.0229,0.34,0.0024,17,5
"20250723",성동구,0.014,0.0213,0.22,0.0026,16,10
"20250723",성북구,0.009,0.0134,0.3,0.0028,10,5
"20250723",송파구,0.014,0.0243,0.23,0.0023,19,9
"20250723",양천구,0.0104,0.0197,0.21,0.0023,19,6
"20250723",영등포구,0.0139,0.0203,0.23,0.0025,17,8
"20250723",용산구,0.0125,0.0192,0.24,0.0026,20,11
"20250723",은평구,0.0064,0.0189,0.32,0.0021,12,6
"20250723",종로구,0.0141,0.0211,0.23,0.0034,13,8
"20250723",중구,0.0102,0.0253,0.2,0.0027,16,8
"20250723",중랑구,0.01,0.0196,0.2,0.003,22,12
"20250723",강남대로,0.0187,0.0163,0.38,0.0026,15,5
"20250723",강변북로,0.0207,0.0126,0.35,0.0027,19,4
"20250723",공항대로,0.0204,0.0138,0.23,0.0025,17,6
"20250723",도산대로,0.0126,0.0262,0.48,0.0028,19,4
"20250723",동작대로,0.0238,0.0173,0.3,0.0022,23,6
"20250723",시흥대로,0.0221,0.0164,0.33,0.0029,24,8
"20250723",신촌로,0.0226,0.0108,0.38,0.0026,21,10
"20250723",영등포로,0.0166,0.0189,0.29,0.0035,19,4
"20250723",정릉로,0.0227,0.0158,0.35,0.0026,22,6
"20250723",종로,0.0117,0.0164,0.25,0.0025,15,5
"20250723",천호대로,0.0182,0.0181,0.34,0.0022,15,4
"20250723",청계천로,0.0135,0.0158,0.31,0.0027,21,10
"20250723",한강대로,0.0124,0.0169,0.3,0.0027,23,10
"20250723",홍릉로,0.0172,0.0161,0.28,0.0026,20,4
"20250723",화랑로,0.0203,0.0155,0.32,0.0024,17,8
"20250723",관악산,0.007,0.0373,0.33,0.0028,19,7
"20250723",남산,0.009,0.0214,0.3,0.0027,9,2
"20250723",북한산,0.0031,0.0176,0.36,0.0031,17,6
"20250723",세곡,0.0141,0.0258,0.2,0.0024,19,5
"20250723",항동,0.0107,0.0177,0.5,0.0033,14,5
"20250723",행주,0.0062,0.017,0.21,0.0022,12,4
"20250723",마포아트센터,0.0089,0.0263,0.22,0.0027,15,5
"20250723",서울숲,0.0112,0.0201,0.33,0.0026,14,3
"20250723",올림픽공원,0.0083,0.0253,0.25,0.0024,15,4
"20250723",자연사박물관,0.0078,0.0242,0.28,0.0026,13,3
"20250724",강남구,0.0137,0.0583,0.28,0.0028,40,28
"20250724",강동구,0.0107,0.0443,0.31,0.0022,22,15
"20250724",강북구,0.0063,0.0381,0.2,0.0024,23,11
"20250724",강서구,0.0127,0.0311,0.24,0.0026,25,15
"20250724",관악구,0.0148,0.0367,0.29,0.0023,18,10
"20250724",광진구,0.012,0.0483,0.42,0.0024,28,17
"20250724",구로구,0.0122,0.0344,0.28,0.0027,24,13
"20250724",금천구,0.0139,0.0334,0.27,0.0029,23,14
"20250724",노원구,0.0101,0.0382,0.23,0.0021,22,13
"20250724",도봉구,0.007,0.0394,0.28,0.002,21,9
"20250724",동대문구,0.0148,0.0384,0.25,0.0025,37,25
"20250724",동작구,0.0134,0.0394,0.26,0.0022,25,13
"20250724",마포구,0.0131,0.0315,0.24,0.0023,24,13
"20250724",서대문구,0.0067,0.0381,0.32,0.0023,17,9
"20250724",서초구,0.0143,0.0386,0.37,0.0025,25,13
"20250724",성동구,0.0152,0.0407,0.27,0.0026,23,15
"20250724",성북구,0.0098,0.0382,0.35,0.0029,20,10
"20250724",송파구,0.0163,0.0426,0.3,0.0025,27,16
"20250724",양천구,0.0126,0.0333,0.24,0.0024,27,13
"20250724",영등포구,0.0155,0.0337,0.26,0.0025,24,15
"20250724",용산구,0.0155,0.034,0.32,0.0029,28,18
"20250724",은평구,0.0073,0.0326,0.35,0.0021,21,10
"20250724",종로구,0.0156,0.0394,0.27,0.0035,33,24
"20250724",중구,0.0121,0.0414,0.25,0.0028,23,15
"20250724",중랑구,0.0115,0.0381,0.24,0.0034,29,18
"20250724",강남대로,0.0198,0.0273,0.39,0.0026,21,11
"20250724",강변북로,0.0302,0.0195,0.41,0.0027,27,8
"20250724",공항대로,0.0234,0.0253,0.27,0.0026,24,13
"20250724",도산대로,0.0141,0.0415,0.5,0.0027,26,9
"20250724",동작대로,0.0269,0.0308,0.37,0.0023,33,14
"20250724",시흥대로,0.0262,0.0281,0.39,0.0028,30,15
"20250724",신촌로,0.0281,0.0216,0.43,0.0027,29,16
"20250724",영등포로,0.0188,0.0314,0.31,0.0035,27,11
"20250724",정릉로,0.0243,0.0355,0.36,0.0028,32,15
"20250724",종로,0.0142,0.0299,0.29,0.0025,17,7
"20250724",천호대로,0.023,0.0353,0.4,0.0023,22,9
"20250724",청계천로,0.0174,0.0272,0.35,0.0027,24,12
"20250724",한강대로,0.015,0.032,0.36,0.0028,33,16
"20250724",홍릉로,0.0211,0.0334,0.33,0.0027,28,10
"20250724",화랑로,0.0232,0.034,0.35,0.0024,26,16
"20250724",관악산,0.0065,0.0589,0.37,0.0027,25,14
"20250724",남산,0.011,0.037,0.43,0.0028,16,7
"20250724",북한산,0.0033,0.034,0.36,0.0031,22,12
"20250724",세곡,0.0156,0.0389,0.25,0.0024,25,10
"20250724",항동,0.0131,0.0247,0.56,0.0033,21,11
"20250724",행주,0.0065,0.0244,0.25,0.0024,19,11
"20250724",마포아트센터,0.0108,0.0427,0.28,0.0028,22,11
"20250724",서울숲,0.0132,0.0336,0.41,0.0026,23,9
"20250724",올림픽공원,0.0088,0.0457,0.27,0.0024,21,10
"20250724",자연사박물관,0.0088,0.0403,0.32,0.0027,22,8
"20250725",강남구,0.016,0.0499,0.32,0.0026,34,24
"20250725",강동구,0.0108,0.0425,0.32,0.0021,25,18
"20250725",강북구,0.0066,0.0554,0.25,0.0023,30,19
"20250725",강서구,0.0151,0.0471,0.33,0.0025,33,26
"20250725",관악구,0.0172,0.0542,0.33,0.0023,28,19
"20250725",광진구,0.0122,0.0519,0.42,0.0024,32,22
"20250725",구로구,0.0127,0.0536,0.31,0.0025,33,21
"20250725",금천구,0.0143,0.0482,0.29,0.0027,32,25
"20250725",노원구,0.0119,0.0502,0.27,0.002,28,20
"20250725",도봉구,0.0079,0.0554,0.32,0.002,25,16
"20250725",동대문구,0.0155,0.0523,0.29,0.0024,34,24
"20250725",동작구,0.0163,0.0568,0.32,0.0023,34,22
"20250725",마포구,0.0161,0.0488,0.3,0.0022,35,24
"20250725",서대문구,0.0077,0.0535,0.36,0.0024,21,16
"20250725",서초구,0.0195,0.0541,0.43,0.0024,34,20
"20250725",성동구,0.0166,0.051,0.3,0.0028,30,23
"20250725",성북구,0.0116,0.0497,0.48,0.0029,24,16
"20250725",송파구,0.0172,0.0494,0.31,0.0025,33,23
"20250725",양천구,0.0144,0.0527,0.32,0.0023,36,22
"20250725",영등포구,0.0188,0.0517,0.32,0.0024,32,25
"20250725",용산구,0.0187,0.0491,0.38,0.0028,37,27
"20250725",은평구,0.0082,0.0471,0.39,0.0021,25,17
"20250725",종로구,0.0171,0.0569,0.33,0.0036,29,25
"20250725",중구,0.0143,0.0603,0.29,0.0028,31,24
"20250725",중랑구,0.0195,0.0295,0.26,0.0027,30,20
"20250725",강남대로,0.0285,0.0337,0.46,0.0024,27,17
"20250725",강변북로,0.0372,0.0252,0.46,0.0026,30,12
"20250725",공항대로,0.0288,0.0374,0.33,0.0025,36,22
"20250725",도산대로,0.0214,0.0529,0.62,0.0029,35,14
"20250725",동작대로,0.0394,0.0424,0.44,0.0024,41,22
"20250725",시흥대로,0.0383,0.0361,0.49,0.0027,41,25
"20250725",신촌로,0.0291,0.0373,0.46,0.0027,39,26
"20250725",영등포로,0.0223,0.0517,0.37,0.0037,37,19
"20250725",정릉로,0.0308,0.0433,0.38,0.0027,35,20
"20250725",종로,0.0199,0.0432,0.38,0.0025,34,23
"20250725",천호대로,0.0258,0.03,0.43,0.0022,26,14
"20250725",청계천로,0.0229,0.0429,0.43,0.0028,43,28
"20250725",한강대로,0.0191,0.0474,0.42,0.0028,39,24
"20250725",홍릉로,0.0193,0.0457,0.32,0.0027,32,14
"20250725",화랑로,0.0307,0.0365,0.4,0.0024,31,22
"20250725",관악산,0.0073,0.0942,0.41,0.0025,33,19
"20250725",남산,0.0133,0.0538,0.42,0.0027,23,13
"20250725",북한산,0.004,0.0488,0.43,0.0031,28,19
"20250725",세곡,0.0172,0.0421,0.26,0.0024,30,15
"20250725",항동,0.0148,0.0429,0.61,0.0032,51,17
"20250725",행주,0.0067,0.0361,0.32,0.0024,29,21
"20250725",마포아트센터,0.0114,0.0615,0.31,0.0026,30,19
"20250725",서울숲,0.0167,0.0441,0.43,0.0025,27,14
"20250725",올림픽공원,0.0102,0.0472,0.28,0.0023,23,14
"20250725",자연사박물관,0.0101,0.0539,0.38,0.0026,27,15
"20250726",강남구,0.0127,0.0384,0.26,0.0026,23,15
"20250726",강동구,0.0082,0.031,0.26,0.0021,12,12
"20250726",강북구,0.0071,0.0444,0.23,0.0023,22,13
"20250726",강서구,0.0129,0.0484,0.36,0.0024,29,23
"20250726",관악구,0.0148,0.0415,0.29,0.0023,18,13
"20250726",광진구,0.0109,0.0385,0.37,0.0025,22,14
"20250726",구로구,0.0109,0.0497,0.3,0.0026,26,17
"20250726",금천구,0.0121,0.0356,0.26,0.0027,25,17
"20250726",노원구,0.0106,0.0387,0.25,0.002,20,15
"20250726",도봉구,0.0068,0.0458,0.29,0.002,18,10
"20250726",동대문구,0.0133,0.04,0.24,0.0024,24,16
"20250726",동작구,0.0138,0.0427,0.27,0.0024,25,15
"20250726",마포구,0.0137,0.046,0.29,0.0024,27,19
"20250726",서대문구,0.0077,0.0495,0.34,0.0034,16,11
"20250726",서초구,0.015,0.0404,0.38,0.0024,21,12
"20250726",성동구,0.0125,0.0398,0.24,0.0026,20,15
"20250726",성북구,0.0106,0.0376,0.46,0.0029,17,11
"20250726",송파구,0.013,0.036,0.24,0.0026,21,14
"20250726",양천구,0.0122,0.0518,0.27,0.0022,30,19
"20250726",영등포구,0.0145,0.0482,0.3,0.0024,26,20
"20250726",용산구,0.0154,0.037,0.33,0.0028,27,18
"20250726",은평구,0.0077,0.044,0.37,0.0021,19,13
"20250726",종로구,0.0165,0.044,0.29,0.004,19,16
"20250726",중구,0.017,0.047,0.29,0.0029,23,18
"20250726",중랑구,0.0088,0.0191,0.22,0.0026,22,14
"20250726",강남대로,0.0204,0.0258,0.35,0.0026,19,9
"20250726",강변북로,0.0263,0.0216,0.37,0.0027,19,6
"20250726",공항대로,0.0243,0.0431,0.3,0.0024,31,20
"20250726",도산대로,0.0154,0.0409,0.52,0.003,21,5
"20250726",동작대로,0.0284,0.0329,0.37,0.0024,30,15
"20250726",시흥대로,0.0372,0.0274,0.45,0.0028,33,19
"20250726",신촌로,0.0266,0.0306,0.43,0.0028,30,19
"20250726",영등포로,0.0206,0.0439,0.34,0.0034,29,13
"20250726",정릉로,0.0243,0.0342,0.35,0.0027,26,14
"20250726",종로,0.0209,0.0317,0.35,0.0026,22,14
"20250726",천호대로,0.0175,0.0233,0.36,0.0022,14,7
"20250726",청계천로,0.0192,0.0315,0.38,0.0029,28,18
"20250726",한강대로,0.015,0.0379,0.38,0.0028,35,19
"20250726",홍릉로,0.0148,0.0372,0.28,0.0026,23,9
"20250726",화랑로,0.0258,0.0263,0.38,0.0023,23,17
"20250726",관악산,0.0063,0.063,0.36,0.0025,19,11
"20250726",남산,0.0211,0.034,0.43,0.0028,15,6
"20250726",북한산,0.0049,0.0403,0.42,0.0031,22,13
"20250726",세곡,0.0131,0.0307,0.22,0.0025,20,8
"20250726",항동,0.0134,0.0404,0.61,0.0031,24,15
"20250726",행주,0.0065,0.0482,0.35,0.0023,29,21
"20250726",마포아트센터,0.0109,0.052,0.27,0.0026,21,15
"20250726",서울숲,0.0127,0.0346,0.33,0.0025,16,7
"20250726",올림픽공원,0.0083,0.0332,0.22,0.0024,16,7
"20250726",자연사박물관,0.0091,0.052,0.37,0.0027,20,9
"20250727",강남구,0.009,0.041,0.24,0.0025,19,13
"20250727",강동구,0.0062,0.0354,0.25,0.0021,10,8
"20250727",강북구,0.0058,0.0435,0.22,0.0023,18,9
"20250727",강서구,0.0115,0.0451,0.32,0.0023,26,20
"20250727",관악구,0.0107,0.0447,0.25,0.0022,14,11
"20250727",광진구,0.0083,0.0436,0.36,0.0025,19,12
"20250727",구로구,0.0074,0.0505,0.27,0.0025,20,13
"20250727",금천구,0.0102,0.0373,0.24,0.0027,21,15
"20250727",노원구,0.0077,0.0402,0.22,0.002,15,10
"20250727",도봉구,0.0052,0.0457,0.27,0.0021,14,8
"20250727",동대문구,0.0101,0.0429,0.22,0.0023,21,14
"20250727",동작구,0.01,0.0448,0.24,0.0022,20,13
"20250727",마포구,0.0111,0.0444,0.27,0.0023,23,17
"20250727",서대문구,0.0052,0.0524,0.31,0.0037,12,8
"20250727",서초구,0.0092,0.0457,0.35,0.0024,15,9
"20250727",성동구,0.0099,0.0424,0.23,0.0025,17,14
"20250727",성북구,0.0079,0.041,0.44,0.0029,13,9
"20250727",송파구,0.0098,0.0412,0.24,0.0024,18,12
"20250727",양천구,0.0094,0.0494,0.19,0.0022,25,15
"20250727",영등포구,0.0116,0.0467,0.31,0.0024,23,18
"20250727",용산구,0.0109,0.037,0.28,0.0027,19,12
"20250727",은평구,0.0063,0.0451,0.34,0.0021,16,10
"20250727",종로구,0.0115,0.0465,0.24,0.0036,16,14
"20250727",중구,0.0106,0.0488,0.25,0.0028,20,15
"20250727",중랑구,0.0074,,0.22,0.0028,18,12
"20250727",강남대로,0.0135,0.033,0.3,0.0026,12,7
"20250727",강변북로,0.0189,0.0282,0.34,0.0027,17,5
"20250727",공항대로,0.0213,0.0425,0.26,0.0025,25,17
"20250727",도산대로,0.0094,0.0449,0.47,0.0028,17,5
"20250727",동작대로,0.0201,0.0376,0.32,0.0023,25,12
"20250727",시흥대로,0.0237,0.0358,0.36,0.0026,28,15
"20250727",신촌로,0.0223,0.0305,0.38,0.0028,27,17
"20250727",영등포로,0.0159,0.0441,0.31,0.0032,25,10
"20250727",정릉로,0.0182,0.0399,0.31,0.0026,22,12
"20250727",종로,0.0128,0.0359,0.27,0.0024,19,11
"20250727",천호대로,0.0137,0.0283,0.33,0.0021,14,4
"20250727",청계천로,0.0119,0.0359,0.28,0.0028,22,15
"20250727",한강대로,0.0119,0.0396,0.34,0.0028,27,14
"20250727",홍릉로,0.0153,0.0368,0.27,0.0026,20,7
"20250727",화랑로,0.0195,0.0345,0.32,0.0023,18,14
"20250727",관악산,0.0057,0.0616,0.35,0.0026,19,9
"20250727",남산,0.0114,0.0402,0.35,0.0027,11,4
"20250727",북한산,0.0044,0.0366,0.41,0.0031,18,11
"20250727",세곡,0.0106,0.0348,0.29,0.0023,14,6
"20250727",항동,0.0106,0.0376,0.58,0.0031,18,12
"20250727",행주,0.0063,0.0446,0.35,0.0024,24,19
"20250727",마포아트센터,0.0073,0.0536,0.23,0.0026,17,11
"20250727",서울숲,0.0086,0.0388,0.32,0.0025,15,7
"20250727",올림픽공원,0.006,0.04,0.2,0.0024,11,6
"20250727",자연사박물관,0.007,0.0528,0.34,0.0027,18,6
"20250728",강남구,0.015,0.0499,0.34,0.0026,39,28
"20250728",강동구,0.0122,0.0489,0.35,0.0022,28,21
"20250728",강북구,0.0059,0.0438,0.27,0.0023,31,19
"20250728",강서구,0.0148,0.049,0.33,0.0025,42,34
"20250728",관악구,0.0172,0.0499,0.35,0.0026,35,25
"20250728",광진구,0.0131,0.0517,0.47,0.0026,35,25
"20250728",구로구,0.0115,0.0548,0.33,0.0029,40,25
"20250728",금천구,0.0164,0.0384,0.31,0.0029,40,30
"20250728",노원구,0.0095,0.0443,0.28,0.0019,29,20
"20250728",도봉구,0.006,0.0483,0.32,0.0021,27,16
"20250728",동대문구,0.0139,0.0459,0.31,0.0025,38,26
"20250728",동작구,0.0143,0.0524,0.33,0.0023,40,28
"20250728",마포구,0.0139,0.0465,0.33,0.0022,43,30
"20250728",서대문구,0.0069,0.0578,0.41,0.0039,30,19
"20250728",서초구,0.0138,0.061,0.44,0.0028,38,23
"20250728",성동구,0.0166,0.0491,0.33,0.0027,36,27
"20250728",성북구,0.0098,0.0446,0.5,0.0029,26,16
"20250728",송파구,0.0175,0.0522,0.36,0.0027,43,29
"20250728",양천구,0.0124,0.0552,0.2,0.0025,44,28
"20250728",영등포구,0.016,0.0489,0.38,0.0026,39,32
"20250728",용산구,0.0171,0.0434,0.41,0.0026,45,36
"20250728",은평구,0.0076,0.0459,0.43,0.0023,34,20
"20250728",종로구,0.0153,0.0534,0.35,0.0035,33,27
"20250728",중구,0.0113,0.0555,0.33,0.0028,37,28
"20250728",중랑구,0.0114,,0.3,0.0028,35,24
"20250728",강남대로,0.0214,0.0384,0.41,0.0023,34,20
"20250728",강변북로,0.0312,0.0289,0.46,0.0027,34,14
"20250728",공항대로,0.0293,0.0426,0.3,0.0028,44,29
"20250728",도산대로,0.0149,0.0564,0.6,0.0028,38,16
"20250728",동작대로,0.0303,0.0455,0.41,0.0026,46,26
"20250728",시흥대로,0.023,0.0444,0.39,0.0029,45,29
"20250728",신촌로,0.0335,0.0332,0.54,0.003,47,30
"20250728",영등포로,0.0233,0.0484,0.41,0.0036,45,25
"20250728",정릉로,0.0238,0.0412,0.38,0.0027,36,20
"20250728",종로,0.0152,0.043,0.37,0.0024,34,24
"20250728",천호대로,0.0244,0.039,0.46,0.0022,29,17
"20250728",청계천로,0.0168,0.0402,0.41,0.0029,46,29
"20250728",한강대로,0.0154,0.0523,0.44,0.003,47,26
"20250728",홍릉로,0.0208,0.0331,0.37,0.0026,29,12
"20250728",화랑로,0.0248,0.0367,0.4,0.0023,28,21
"20250728",관악산,0.0072,0.077,0.43,0.003,37,20
"20250728",남산,0.0097,0.0525,0.45,0.0027,29,16
"20250728",북한산,0.0042,0.0394,0.46,0.0031,28,19
"20250728",세곡,0.0154,0.0492,0.39,0.0026,35,18
"20250728",항동,0.0156,0.0377,0.66,0.0032,35,24
"20250728",행주,0.0076,0.0442,0.38,0.0024,39,31
"20250728",마포아트센터,0.0107,0.0627,0.3,0.003,37,24
"20250728",서울숲,0.0141,0.0429,0.38,0.0026,28,17
"20250728",올림픽공원,0.0107,0.0527,0.29,0.0026,29,16
"20250728",자연사박물관,0.0083,0.0624,0.44,0.0031,35,19
"20250729",강남구,0.0165,0.0646,0.38,0.0029,45,30
"20250729",강동구,0.012,0.0538,0.35,0.0022,29,24
"20250729",강북구,0.0069,0.0621,0.28,0.0023,33,19
"20250729",강서구,0.018,0.0549,0.37,0.0028,42,33
"20250729",관악구,0.0177,0.0328,0.35,0.0028,32,22
"20250729",광진구,0.0138,0.0591,0.5,0.0025,37,27
"20250729",구로구,0.0149,0.0611,0.36,0.0029,41,26
"20250729",금천구,0.0184,0.0452,0.32,0.0031,38,29
"20250729",노원구,0.01,0.0636,0.3,0.002,32,21
"20250729",도봉구,0.0072,0.0628,0.32,0.0021,31,16
"20250729",동대문구,0.0162,0.0612,0.33,0.0026,42,28
"20250729",동작구,0.0155,0.0505,0.36,0.0029,41,27
"20250729",마포구,0.0145,0.0629,0.35,0.0026,44,29
"20250729",서대문구,0.0083,0.0679,0.4,0.0038,30,18
"20250729",서초구,0.0164,0.0672,0.46,0.0027,39,23
"20250729",성동구,0.0158,0.0638,0.35,0.0029,37,28
"20250729",성북구,0.0131,0.0584,0.54,0.003,33,22
"20250729",송파구,0.0177,0.0597,0.37,0.0026,42,29
"20250729",양천구,0.016,0.0619,0.26,0.0026,43,26
"20250729",영등포구,0.0206,0.0578,0.43,0.0027,39,30
"20250729",용산구,0.0167,0.0577,0.41,0.0029,46,34
"20250729",은평구,0.0084,0.057,0.42,0.0022,34,19
"20250729",종로구,0.0167,0.0666,0.37,0.0036,34,27
"20250729",중구,0.0137,0.0669,0.36,0.003,38,28
"20250729",중랑구,0.0116,,0.32,0.0031,37,25
"20250729",강남대로,0.0262,0.0464,0.46,0.0024,36,22
"20250729",강변북로,0.0353,0.0379,0.48,0.0028,36,16
"20250729",공항대로,0.0326,0.05,0.31,0.0029,47,30
"20250729",도산대로,0.0176,0.059,0.66,0.0031,42,17
"20250729",동작대로,0.0327,0.0489,0.46,0.0027,48,27
"20250729",시흥대로,0.0311,0.0491,0.47,0.0031,47,27
"20250729",신촌로,0.033,0.0441,0.52,0.0029,47,29
"20250729",영등포로,0.0251,0.0574,0.43,0.0039,45,25
"20250729",정릉로,0.0313,0.0561,0.41,0.0027,42,24
"20250729",종로,0.0182,0.0543,0.38,0.0025,34,23
"20250729",천호대로,0.0261,0.0418,0.48,0.0024,31,17
"20250729",청계천로,0.0203,0.0514,0.44,0.0029,42,28
"20250729",한강대로,0.0173,0.0569,0.45,0.0029,48,27
"20250729",홍릉로,0.0228,0.0513,0.4,0.0027,48,19
"20250729",화랑로,0.0293,0.0562,0.43,0.0024,41,29
"20250729",관악산,0.0086,0.0844,0.43,0.003,38,20
"20250729",남산,0.0121,0.0613,0.43,0.0029,31,18
"20250729",북한산,0.0045,0.0516,0.46,0.0031,28,17
"20250729",세곡,0.0174,0.0565,0.4,0.0026,37,20
"20250729",항동,0.0177,0.0487,0.66,0.0037,33,24
"20250729",행주,0.0085,0.0539,0.42,0.0026,39,29
"20250729",마포아트센터,0.0115,0.0742,0.31,0.003,38,24
"20250729",서울숲,0.0137,0.0548,0.42,0.0026,32,19
"20250729",올림픽공원,0.0102,0.0531,0.27,0.0025,28,17
"20250729",자연사박물관,0.0095,0.0715,0.43,0.003,37,19
"20250730",강남구,0.0168,0.0442,0.32,0.0027,31,21
"20250730",강동구,0.0123,0.0399,0.37,0.0023,23,19
"20250730",강북구,0.0094,0.0452,0.27,0.0023,28,17
"20250730",강서구,0.0169,0.045,0.35,0.0027,33,27
"20250730",관악구,0.0178,0.0495,0.31,0.0029,20,13
"20250730",광진구,0.0124,0.0471,0.49,0.0025,36,27
"20250730",구로구,0.0154,0.0486,0.34,0.0024,34,22
"20250730",금천구,0.0154,0.0385,0.27,0.003,29,21
"20250730",노원구,0.012,0.0479,0.29,0.0021,27,19
"20250730",도봉구,0.0091,0.0502,0.28,0.0021,22,15
"20250730",동대문구,0.0161,0.0458,0.28,0.0025,32,22
"20250730",동작구,0.0144,0.049,0.29,0.0029,28,17
"20250730",마포구,0.0166,0.0444,0.33,0.0025,34,23
"20250730",서대문구,0.0101,0.0515,0.39,0.0036,23,15
"20250730",서초구,0.016,0.0474,0.4,0.0025,28,17
"20250730",성동구,0.0153,0.047,0.29,0.0029,34,26
"20250730",성북구,0.0136,0.0428,0.4,0.003,23,15
"20250730",송파구,0.0156,0.0424,0.31,0.0025,33,21
"20250730",양천구,0.0155,0.0469,0.33,0.0024,36,23
"20250730",영등포구,0.0196,0.0461,0.36,0.0025,33,26
"20250730",용산구,0.0188,0.0372,0.35,0.0028,30,22
"20250730",은평구,0.0108,0.0444,0.41,0.0022,27,17
"20250730",종로구,0.0196,0.0501,0.35,0.0035,26,21
"20250730",중구,0.0194,0.0484,0.39,0.003,30,22
"20250730",중랑구,0.0109,,0.27,0.003,31,21
"20250730",강남대로,0.0271,0.0265,0.4,0.0025,25,14
"20250730",강변북로,0.0307,0.0259,0.36,0.0028,26,10
"20250730",공항대로,0.0301,0.04,0.29,0.0026,37,23
"20250730",도산대로,0.0201,0.0444,0.61,0.0032,28,10
"20250730",동작대로,0.0342,0.0358,0.42,0.0026,35,19
"20250730",시흥대로,0.046,0.0248,0.51,0.0031,40,23
"20250730",신촌로,0.0311,0.0328,0.48,0.0029,38,25
"20250730",영등포로,0.0247,0.0454,0.41,0.0034,39,20
"20250730",정릉로,0.0343,0.0372,0.38,0.0029,35,19
"20250730",종로,0.0237,0.0383,0.4,0.0027,28,18
"20250730",천호대로,0.0211,0.0333,0.38,0.0024,25,13
"20250730",청계천로,0.0258,0.0349,0.49,0.0031,35,23
"20250730",한강대로,0.0187,0.0399,0.42,0.0028,40,22
"20250730",홍릉로,0.0183,0.0385,0.33,0.0027,32,12
"20250730",화랑로,0.0347,0.0312,0.43,0.0025,32,22
"20250730",관악산,0.0077,0.0727,0.36,0.0027,27,15
"20250730",남산,0.0246,0.0382,0.43,0.003,20,12
"20250730",북한산,0.0066,0.0425,0.45,0.0032,27,17
"20250730",세곡,0.0166,0.0346,0.35,0.0026,27,13
"20250730",항동,0.0179,0.0379,0.65,0.0034,31,22
"20250730",행주,0.0111,0.0407,0.42,0.0026,32,24
"20250730",마포아트센터,0.0126,0.0557,0.28,0.0027,28,18
"20250730",서울숲,0.0147,0.0409,0.32,0.0027,23,13
"20250730",올림픽공원,0.0101,0.0443,0.22,0.0027,23,14
"20250730",자연사박물관,0.0111,0.0536,0.41,0.0028,29,12
"20250731",강남구,0.0151,0.0426,0.27,0.0028,28,19
"20250731",강동구,0.0087,0.0387,0.35,0.0026,19,15
"20250731",강북구,0.0083,0.0448,0.25,0.0025,27,17
"20250731",강서구,0.0137,0.049,0.31,0.003,32,26
"20250731",관악구,0.0141,0.0512,0.3,0.003,24,17
"20250731",광진구,0.0104,0.0456,0.5,0.0027,27,20
"20250731",구로구,0.0115,0.0548,0.31,0.0031,32,19
"20250731",금천구,0.0122,0.0446,0.27,0.0028,29,22
"20250731",노원구,0.01,0.0476,0.26,0.0023,26,18
"20250731",도봉구,0.0082,0.048,0.25,0.0023,22,13
"20250731",동대문구,0.0144,0.0474,0.27,0.0027,30,21
"20250731",동작구,0.0131,0.0499,0.27,0.0031,28,18
"20250731",마포구,0.0147,0.0539,0.32,0.0027,33,23
"20250731",서대문구,0.008,0.0569,0.35,0.004,24,17
"20250731",서초구,0.0157,0.0493,0.39,0.0028,29,18
"20250731",성동구,0.0116,0.0462,0.25,0.0033,24,19
"20250731",성북구,0.0113,0.0451,0.4,0.0032,22,15
"20250731",송파구,0.0135,0.0391,0.26,0.0029,31,20
"20250731",양천구,0.0126,0.053,0.31,0.0028,35,22
"20250731",영등포구,0.0168,0.0529,0.33,0.003,32,26
"20250731",용산구,0.014,0.0435,0.32,0.0029,32,23
"20250731",은평구,0.0097,0.0497,0.37,0.0025,27,17
"20250731",종로구,0.0161,0.0524,0.32,0.0033,24,21
"20250731",중구,0.0163,0.0387,0.32,0.0029,24,18
"20250731",중랑구,0.0104,0.0434,0.24,0.0032,28,20
"20250731",강남대로,0.0248,0.0283,0.34,0.0031,25,14
"20250731",강변북로,0.0218,0.0315,0.28,0.003,22,8
"20250731",공항대로,0.0259,0.0403,0.28,0.0029,33,20
"20250731",도산대로,0.0168,0.0459,0.55,0.0035,27,10
"20250731",동작대로,0.0299,0.0401,0.37,0.0027,37,19
"20250731",시흥대로,0.0375,0.0359,0.46,0.0035,40,23
"20250731",신촌로,0.0285,0.0402,0.43,0.003,39,24
"20250731",영등포로,0.024,0.0496,0.39,0.004,38,19
"20250731",정릉로,0.0249,0.0427,0.34,0.003,32,18
"20250731",종로,0.0214,0.041,0.37,0.0027,28,18
"20250731",천호대로,0.0188,0.031,0.33,0.0024,19,10
"20250731",청계천로,0.0207,0.0395,0.42,0.0032,34,22
"20250731",한강대로,0.0157,0.046,0.39,0.0031,39,23
"20250731",홍릉로,0.0158,0.0412,0.3,0.0027,30,11
"20250731",화랑로,0.0291,0.0349,0.39,0.0026,29,21
"20250731",관악산,0.0092,0.0654,0.36,0.0031,29,15
"20250731",남산,0.0171,0.043,0.39,0.0032,21,11
"20250731",북한산,0.0065,0.0395,0.44,0.0033,25,16
"20250731",세곡,0.0135,0.0336,0.24,0.0031,20,10
"20250731",항동,0.0141,0.0402,0.6,0.004,31,21
"20250731",행주,0.0108,0.0398,0.38,0.0033,32,23
"20250731",마포아트센터,0.0106,0.0614,0.26,0.0031,28,19
"20250731",서울숲,0.0111,0.0426,0.29,0.0031,23,11
"20250731",올림픽공원,0.0085,0.0402,0.2,0.0031,19,10
"20250731",자연사박물관,0.0094,0.0603,0.39,0.0031,27,14
"20250801",강남구,0.0143,0.0534,0.31,0.0026,35,25
"20250801",강동구,0.0095,0.0474,0.4,0.0023,26,21
"20250801",강북구,0.0073,0.0561,0.26,0.0024,32,22
"20250801",강서구,0.0155,0.0588,0.36,0.0027,41,34
"20250801",관악구,0.0163,0.055,0.35,0.0028,30,23
"20250801",광진구,0.0105,0.0538,0.52,0.0026,34,26
"20250801",구로구,0.0122,0.0602,0.34,0.0029,36,24
"20250801",금천구,0.0149,0.0512,0.33,0.0029,37,28
"20250801",노원구,0.011,0.0489,0.3,0.0021,31,24
"20250801",도봉구,0.0075,0.0549,0.27,0.0022,29,17
"20250801",동대문구,0.0153,0.0536,0.31,0.0026,41,29
"20250801",동작구,0.0145,0.0563,0.32,0.0031,35,24
"20250801",마포구,0.0157,0.0549,0.33,0.0025,38,27
"20250801",서대문구,0.0095,0.0597,0.43,0.0027,27,20
"20250801",서초구,0.0154,0.0552,0.4,0.0027,33,21
"20250801",성동구,0.014,0.0557,0.3,0.0029,33,26
"20250801",성북구,0.0128,0.0503,0.51,0.0031,30,22
"20250801",송파구,0.0145,0.0498,0.31,0.0028,48,37
"20250801",양천구,0.0139,0.0607,0.34,0.0024,42,28
"20250801",영등포구,0.0177,0.0566,0.37,0.0026,37,32
"20250801",용산구,0.0164,0.0492,0.36,0.0028,39,32
"20250801",은평구,0.0101,0.0522,0.38,0.0023,30,18
"20250801",종로구,0.0176,0.0573,0.36,0.0032,33,30
"20250801",중구,0.0143,0.0729,0.36,0.0031,44,34
"20250801",중랑구,0.0111,0.0474,0.28,0.0031,36,26
"20250801",강남대로,0.0252,0.0366,0.39,0.003,30,18
"20250801",강변북로,0.028,0.0345,0.35,0.0028,31,14
"20250801",공항대로,0.0284,0.0475,0.39,0.0027,44,30
"20250801",도산대로,0.0155,0.056,0.56,0.003,35,15
"20250801",동작대로,0.0324,0.043,0.42,0.0027,42,24
"20250801",시흥대로,0.0341,0.047,0.5,0.0036,43,28
"20250801",신촌로,0.0305,0.0403,0.48,0.0029,44,29
"20250801",영등포로,0.0269,0.0514,0.42,0.0031,43,24
"20250801",정릉로,0.0264,0.0451,0.4,0.0028,43,28
"20250801",종로,0.0189,0.0464,0.38,0.0026,34,25
"20250801",천호대로,0.0229,0.0392,0.39,0.0023,37,26
"20250801",청계천로,0.0205,0.0438,0.42,0.0031,44,29
"20250801",한강대로,0.0182,0.0489,0.46,0.003,44,27
"20250801",홍릉로,0.0211,0.0432,0.37,0.0026,38,17
"20250801",화랑로,0.0284,0.0446,0.4,0.0024,36,26
"20250801",관악산,0.0088,0.0858,0.41,0.0033,35,21
"20250801",남산,0.0154,0.0507,0.46,0.003,27,15
"20250801",북한산,0.0048,0.049,0.44,0.0032,28,19
"20250801",세곡,0.0148,0.0465,0.39,0.0029,29,16
"20250801",항동,0.0154,0.0482,0.67,0.0036,35,26
"20250801",행주,0.0097,0.0492,0.44,0.0024,42,33
"20250801",마포아트센터,0.0113,0.0636,0.3,0.0029,34,23
"20250801",서울숲,0.0125,0.048,0.29,0.003,31,17
"20250801",올림픽공원,0.0087,0.0532,0.32,0.003,26,15
"20250801",자연사박물관,0.0108,0.0622,0.42,0.003,33,17
"20250802",강남구,0.0143,0.048,0.35,0.0026,40,30
"20250802",강동구,0.0099,0.0486,0.45,0.0023,30,24
"20250802",강북구,0.0052,0.0465,0.24,0.0023,29,19
"20250802",강서구,0.0126,0.0456,0.33,0.0027,37,31
"20250802",관악구,0.0145,0.0434,0.35,0.0027,33,26
"20250802",광진구,0.0104,0.0507,0.56,0.0027,37,29
"20250802",구로구,0.0131,0.0459,0.34,0.0029,40,26
"20250802",금천구,0.0116,0.0356,0.3,0.0027,36,29
"20250802",노원구,0.0085,0.0456,0.29,0.0021,31,23
"20250802",도봉구,0.0052,0.0485,0.23,0.0022,26,16
"20250802",동대문구,0.0129,0.0475,0.28,0.0026,37,26
"20250802",동작구,0.0127,0.0454,0.33,0.0031,39,27
"20250802",마포구,0.0135,0.0443,0.3,0.0024,37,26
"20250802",서대문구,0.0069,0.049,0.43,0.0026,24,17
"20250802",서초구,0.0144,0.0469,0.43,0.0026,35,22
"20250802",성동구,0.0139,0.0465,0.31,0.0027,34,27
"20250802",성북구,0.0088,0.0448,0.41,0.003,25,17
"20250802",송파구,0.0147,0.0473,0.35,0.0027,41,33
"20250802",양천구,0.012,0.0465,0.32,0.0024,41,27
"20250802",영등포구,0.016,0.0441,0.38,0.0027,37,32
"20250802",용산구,0.0158,0.0397,0.38,0.0028,39,31
"20250802",은평구,0.0082,0.0419,0.34,0.0023,25,17
"20250802",종로구,0.0141,0.0515,0.31,0.003,30,25
"20250802",중구,0.0118,0.0492,0.3,0.003,30,24
"20250802",중랑구,0.01,0.044,0.3,0.0029,36,27
"20250802",강남대로,0.017,0.0402,0.35,0.0027,32,23
"20250802",강변북로,0.0241,0.0305,0.35,0.0028,31,15
"20250802",공항대로,0.0231,0.0379,0.33,0.0027,37,27
"20250802",도산대로,0.0141,0.0481,0.55,0.0032,36,17
"20250802",동작대로,0.0253,0.0394,0.42,0.0026,43,27
"20250802",시흥대로,0.0253,0.0367,0.42,0.0033,46,30
"20250802",신촌로,0.0295,0.0263,0.52,0.0028,37,24
"20250802",영등포로,0.0252,0.0397,0.42,0.0036,42,24
"20250802",정릉로,0.0208,0.0439,0.37,0.0027,37,23
"20250802",종로,0.0136,0.0423,0.31,0.0025,30,21
"20250802",천호대로,0.0193,0.0393,0.43,0.0023,34,21
"20250802",청계천로,0.014,0.0529,0.32,0.003,34,24
"20250802",한강대로,0.0156,0.0407,0.42,0.003,38,23
"20250802",홍릉로,0.0203,0.0354,0.38,0.0027,37,16
"20250802",화랑로,0.0228,0.0413,0.37,0.0024,34,26
"20250802",관악산,0.0086,0.0606,0.4,0.0029,35,20
"20250802",남산,0.0114,0.0443,0.39,0.0028,23,13
"20250802",북한산,0.0035,0.0453,0.42,0.0031,29,16
"20250802",세곡,0.0122,0.0409,0.4,0.0027,32,18
"20250802",항동,0.0146,0.0352,0.64,0.0034,35,27
"20250802",행주,0.0076,0.041,0.41,0.0023,36,27
"20250802",마포아트센터,0.0101,0.0526,0.26,0.0028,31,21
"20250802",서울숲,0.0115,0.0424,0.28,0.0029,28,16
"20250802",올림픽공원,0.0094,0.0483,0.37,0.0027,28,18
"20250802",자연사박물관,0.0088,0.0525,0.37,0.0029,28,14
"20250803",강남구,0.0142,0.0318,0.33,0.0025,34,26
"20250803",강동구,0.0096,0.0326,0.45,0.0022,25,22
"20250803",강북구,0.0073,0.0367,0.27,0.0024,27,18
"20250803",강서구,0.0143,0.0378,0.37,0.0032,31,27
"20250803",관악구,0.0123,0.0304,0.29,0.0026,20,16
"20250803",광진구,0.0106,0.0345,0.54,0.0027,33,26
"20250803",구로구,0.0119,0.0332,0.32,0.0027,30,21
"20250803",금천구,0.0093,0.0261,0.25,0.0026,23,19
"20250803",노원구,0.0091,0.0367,0.31,0.002,29,23
"20250803",도봉구,0.0068,0.0374,0.25,0.0023,23,16
"20250803",동대문구,0.0134,0.0363,0.3,0.0026,33,25
"20250803",동작구,0.0119,0.0314,0.28,0.0032,28,19
"20250803",마포구,0.0125,0.0389,0.32,0.0026,31,24
"20250803",서대문구,0.0078,0.0385,0.46,0.0028,19,16
"20250803",서초구,0.0131,0.0322,0.39,0.0027,26,18
"20250803",성동구,0.0139,0.0343,0.32,0.0027,29,24
"20250803",성북구,0.0092,0.0345,0.46,0.0031,19,17
"20250803",송파구,0.013,0.0307,0.3,0.0031,31,25
"20250803",양천구,0.0127,0.0362,0.32,0.0026,33,24
"20250803",영등포구,0.0144,0.0361,0.34,0.0028,29,27
"20250803",용산구,0.0155,0.03,0.37,0.0029,31,28
"20250803",은평구,0.009,0.0334,0.34,0.0024,23,16
"20250803",종로구,0.0146,0.0395,0.33,0.0029,27,24
"20250803",중구,0.0139,0.0391,0.32,0.0031,28,23
"20250803",중랑구,0.0105,0.0321,0.3,0.0032,33,25
"20250803",강남대로,0.0157,0.0226,0.3,0.0031,22,14
"20250803",강변북로,0.0178,0.0244,0.33,0.0028,26,13
"20250803",공항대로,0.0209,0.0334,0.33,0.0025,31,24
"20250803",도산대로,0.0145,0.0347,0.54,0.0034,29,14
"20250803",동작대로,0.0216,0.0256,0.37,0.0027,33,19
"20250803",시흥대로,0.0295,0.0213,0.45,0.0033,36,21
"20250803",신촌로,0.0219,0.0288,0.4,0.0028,34,23
"20250803",영등포로,0.0205,0.0315,0.37,0.0034,35,20
"20250803",정릉로,0.0178,0.0338,0.36,0.0027,32,20
"20250803",종로,0.0166,0.0304,0.37,0.0026,29,21
"20250803",천호대로,0.0159,0.0259,0.39,0.0023,27,18
"20250803",청계천로,0.0152,0.0305,0.37,0.0029,33,24
"20250803",한강대로,0.0143,0.0309,0.41,0.0031,37,23
"20250803",홍릉로,0.0161,0.0279,0.34,0.0028,33,14
"20250803",화랑로,0.0194,0.0317,0.37,0.0024,30,24
"20250803",관악산,0.0074,0.0524,0.32,0.0029,24,13
"20250803",남산,0.0142,0.0321,0.43,0.003,21,14
"20250803",북한산,0.0052,0.032,0.44,0.0032,24,17
"20250803",세곡,0.0086,0.027,0.32,0.0028,25,13
"20250803",항동,0.0123,0.0271,0.6,0.0034,28,20
"20250803",행주,0.0111,0.0308,0.44,0.0025,30,25
"20250803",마포아트센터,0.0101,0.0422,0.27,0.003,26,18
"20250803",서울숲,0.0121,0.0294,0.3,0.0029,24,15
"20250803",올림픽공원,0.0085,0.0313,0.33,0.0028,24,17
"20250803",자연사박물관,0.0087,0.0411,0.38,0.003,24,13
"20250804",강남구,0.0098,0.0434,0.28,0.0024,21,14
"20250804",강동구,0.0073,0.0419,0.41,0.0022,10,10
"20250804",강북구,0.005,0.0386,0.23,0.0021,17,9
"20250804",강서구,0.0101,0.0393,0.28,0.0025,18,14
"20250804",관악구,0.0098,0.0407,0.27,0.0023,12,9
"20250804",광진구,0.0081,0.0457,0.48,0.0026,20,14
"20250804",구로구,0.0083,0.0399,0.27,0.0023,18,11
"20250804",금천구,0.0079,0.0332,0.22,0.0023,14,12
"20250804",노원구,0.0093,0.0395,0.27,0.0019,17,12
"20250804",도봉구,0.0053,0.0415,0.21,0.0021,14,7
"20250804",동대문구,0.013,0.0354,0.26,0.0023,21,14
"20250804",동작구,0.009,0.0423,0.26,0.0026,20,12
"20250804",마포구,0.0095,0.0413,0.26,0.0023,20,12
"20250804",서대문구,0.0059,0.0401,0.41,0.0026,12,8
"20250804",서초구,0.009,0.0418,0.36,0.0024,16,9
"20250804",성동구,0.0106,0.0425,0.26,0.0024,17,13
"20250804",성북구,0.009,0.037,0.41,0.0029,12,10
"20250804",송파구,0.01,0.0425,0.28,0.0023,20,15
"20250804",양천구,0.0095,0.0393,0.27,0.0021,21,12
"20250804",영등포구,0.0107,0.0401,0.27,0.0023,18,15
"20250804",용산구,0.0112,0.0373,0.29,0.0026,22,15
"20250804",은평구,0.0079,0.0338,0.31,0.0021,15,9
"20250804",종로구,0.0136,0.0406,0.29,0.0025,15,13
"20250804",중구,0.0104,0.0424,0.27,0.0027,17,13
"20250804",중랑구,0.0105,0.0389,0.27,0.0027,22,14
"20250804",강남대로,0.0142,0.0338,0.28,0.0027,16,9
"20250804",강변북로,0.0163,0.0309,0.26,0.0027,16,5
"20250804",공항대로,0.0204,0.034,0.28,0.0023,19,14
"20250804",도산대로,0.0101,0.0438,0.45,0.0028,20,6
"20250804",동작대로,0.0194,0.0353,0.34,0.0024,24,11
"20250804",시흥대로,0.026,0.0295,0.4,0.0028,23,12
"20250804",신촌로,0.0233,0.0273,0.4,0.0022,22,13
"20250804",영등포로,0.0176,0.0361,0.33,0.0029,22,9
"20250804",정릉로,0.0194,0.0352,0.36,0.0025,22,11
"20250804",종로,0.0138,0.0318,0.32,0.0023,17,11
"20250804",천호대로,0.0181,0.0338,0.39,0.0022,15,8
"20250804",청계천로,0.0144,0.0318,0.34,0.003,22,14
"20250804",한강대로,0.0137,0.0328,0.39,0.0029,27,14
"20250804",홍릉로,0.0174,0.0289,0.34,0.0027,23,8
"20250804",화랑로,0.0194,0.0406,0.34,0.0023,18,13
"20250804",관악산,0.0072,0.0555,0.36,0.0025,18,8
"20250804",남산,0.0101,0.0343,0.35,0.0027,10,4
"20250804",북한산,0.0041,0.0346,0.42,0.0031,17,10
"20250804",세곡,0.0093,0.035,0.32,0.0025,18,7
"20250804",항동,0.0091,0.0352,0.55,0.0031,17,11
"20250804",행주,0.0079,0.0333,0.35,0.0022,16,11
"20250804",마포아트센터,0.0083,0.0453,0.23,0.0025,16,10
"20250804",서울숲,0.0089,0.0382,0.23,0.0026,13,7
"20250804",올림픽공원,0.0062,0.0454,0.29,0.0025,13,7
"20250804",자연사박물관,0.0065,0.0441,0.34,0.0026,15,5
"20250805",강남구,0.0109,0.0368,0.28,0.0026,24,14
"20250805",강동구,0.01,0.0358,0.45,0.003,16,8
"20250805",강북구,0.0089,0.0407,0.25,0.0024,20,9
"20250805",강서구,0.0125,0.0365,0.28,0.0026,18,12
"20250805",관악구,0.0119,0.0342,0.27,0.0026,14,9
"20250805",광진구,0.0113,0.0396,0.48,0.0032,22,14
"20250805",구로구,0.0086,0.0358,0.27,0.0025,18,10
"20250805",금천구,0.01,0.0273,0.22,0.0024,12,9
"20250805",노원구,0.0132,0.0398,0.32,0.0024,22,15
"20250805",도봉구,0.0097,0.0385,0.27,0.0024,17,9
"20250805",동대문구,0.0143,0.037,0.27,0.0028,23,14
"20250805",동작구,0.0106,0.0351,0.26,0.003,19,10
"20250805",마포구,0.0115,0.0391,0.27,0.0025,19,12
"20250805",서대문구,0.0097,0.0389,0.46,0.0029,13,8
"20250805",서초구,0.0098,0.0352,0.35,0.0028,18,9
"20250805",성동구,0.0134,0.037,0.26,0.0028,20,11
"20250805",성북구,0.0122,0.034,0.43,0.0033,14,11
"20250805",송파구,0.012,0.0355,0.3,0.0029,24,16
"20250805",양천구,0.0106,0.0351,0.28,0.0024,22,11
"20250805",영등포구,0.0111,0.0368,0.28,0.0025,18,14
"20250805",용산구,0.0133,0.0324,0.3,0.003,22,14
"20250805",은평구,0.0114,0.0349,0.33,0.0024,16,9
"20250805",종로구,0.0161,0.0395,0.3,0.0031,17,14
"20250805",중구,0.0146,0.0401,0.29,0.003,19,13
"20250805",중랑구,0.0125,0.0364,0.29,0.0029,22,14
"20250805",강남대로,0.0148,0.0275,0.26,0.0031,14,8
"20250805",강변북로,0.0232,0.0226,0.29,0.003,17,5
"20250805",공항대로,0.0216,0.0326,0.28,0.0025,18,11
"20250805",도산대로,0.0117,0.0349,0.43,0.003,19,5
"20250805",동작대로,0.0207,0.0272,0.34,0.0028,26,10
"20250805",시흥대로,0.0194,0.0293,0.32,0.0033,19,7
"20250805",신촌로,0.0279,0.02,0.44,0.0024,24,14
"20250805",영등포로,0.022,0.0293,0.36,0.0031,21,7
"20250805",정릉로,0.0227,0.033,0.36,0.0028,22,11
"20250805",종로,0.0167,0.0308,0.33,0.0027,19,10
"20250805",천호대로,0.0181,0.03,0.39,0.0022,19,9
"20250805",청계천로,0.018,0.0299,0.38,0.0033,24,14
"20250805",한강대로,0.0156,0.03,0.4,0.0032,28,15
"20250805",홍릉로,0.0222,0.0274,0.36,0.003,25,6
"20250805",화랑로,0.0233,0.0366,0.35,0.0027,22,15
"20250805",관악산,0.0067,0.055,0.33,0.0029,17,7
"20250805",남산,0.012,0.0325,0.35,0.0031,12,5
"20250805",북한산,0.0075,0.0352,0.42,0.0033,22,11
"20250805",세곡,0.0092,0.0335,0.32,0.0029,18,8
"20250805",항동,0.0099,0.0316,0.55,0.0032,15,10
"20250805",행주,0.0112,0.032,0.35,0.0024,14,9
"20250805",마포아트센터,0.01,0.0426,0.22,0.003,16,10
"20250805",서울숲,0.0109,0.0329,0.22,0.0029,15,6
"20250805",올림픽공원,0.0089,0.0392,0.31,0.0031,18,8
"20250805",자연사박물관,0.0099,0.0425,0.37,0.003,17,7
"20250806",강남구,0.0105,0.027,0.27,0.0022,19,9
"20250806",강동구,0.0072,0.03,0.43,0.0022,18,9
"20250806",강북구,0.0046,0.0381,0.22,0.0021,18,5
"20250806",강서구,0.0116,0.0277,0.26,0.0023,24,12
"20250806",관악구,0.0104,0.0295,0.26,0.0023,20,12
"20250806",광진구,0.0097,0.0324,0.49,0.0027,21,12
"20250806",구로구,0.0094,0.0362,0.27,0.0023,17,8
"20250806",금천구,0.0092,0.0214,0.21,0.0021,19,10
"20250806",노원구,0.0089,0.032,0.28,0.002,18,9
"20250806",도봉구,0.0043,0.0364,0.31,0.0021,14,5
"20250806",동대문구,0.0133,0.0274,0.26,0.0024,23,12
"20250806",동작구,0.0087,0.0302,0.24,0.0026,20,9
"20250806",마포구,0.0118,0.029,0.25,0.0023,20,10
"20250806",서대문구,0.007,0.038,0.45,0.0027,12,5
"20250806",서초구,0.0091,0.0345,0.35,0.0025,16,6
"20250806",성동구,0.0129,0.0274,0.26,0.0023,18,9
"20250806",성북구,0.0085,0.0295,0.38,0.003,12,8
"20250806",송파구,0.0099,0.0293,0.25,0.0023,19,11
"20250806",양천구,0.0107,0.0265,0.25,0.0022,24,10
"20250806",영등포구,0.0117,0.0279,0.27,0.0024,20,11
"20250806",용산구,0.0128,0.0249,0.3,0.0025,21,14
"20250806",은평구,0.0078,0.0305,0.38,0.0022,14,7
"20250806",종로구,0.016,0.0308,0.3,0.0025,18,11
"20250806",중구,0.0138,0.0298,0.29,0.0026,20,12
"20250806",중랑구,0.011,0.0282,0.28,0.0026,23,11
"20250806",강남대로,0.0124,0.0241,0.25,0.0025,11,5
"20250806",강변북로,0.0173,0.0212,0.28,0.0027,18,3
"20250806",공항대로,0.0229,0.0242,0.27,0.0024,21,13
"20250806",도산대로,0.0103,0.033,0.48,0.0028,18,4
"20250806",동작대로,0.0177,0.0248,0.31,0.0024,25,6
"20250806",시흥대로,0.0159,0.0261,0.3,0.0027,24,7
"20250806",신촌로,0.0274,0.0138,0.49,0.002,29,13
"20250806",영등포로,0.0211,0.0227,0.37,0.0027,23,5
"20250806",정릉로,0.018,0.0274,0.36,0.0026,25,9
"20250806",종로,0.0143,0.0218,0.32,0.0022,18,7
"20250806",천호대로,0.0151,0.0231,0.33,0.0021,21,5
"20250806",청계천로,0.0163,0.0233,0.38,0.003,26,12
"20250806",한강대로,0.0155,0.0257,0.42,0.003,27,12
"20250806",홍릉로,0.0184,0.0209,0.37,0.0028,23,5
"20250806",화랑로,0.0165,0.0311,0.29,0.0023,18,9
"20250806",관악산,0.0062,0.0489,0.34,0.0025,9,3
"20250806",남산,0.0101,0.0294,0.4,0.0027,11,3
"20250806",북한산,0.0036,0.0396,0.4,0.0031,16,8
"20250806",세곡,0.0079,0.0223,0.3,0.0027,16,3
"20250806",항동,0.0102,0.0279,0.57,0.003,17,7
"20250806",행주,0.0079,0.0291,0.33,0.0024,18,9
"20250806",마포아트센터,0.0105,0.0342,0.26,0.0029,16,9
"20250806",서울숲,0.0093,0.0254,0.29,0.0026,13,2
"20250806",올림픽공원,0.0065,0.0295,0.28,0.0027,15,4
"20250806",자연사박물관,0.0083,0.0359,0.4,0.0029,16,2
"20250807",강남구,0.0096,0.0479,0.34,0.0024,19,10
"20250807",강동구,0.0065,0.0487,0.45,0.0022,18,10
"20250807",강북구,0.0038,0.0466,0.28,0.0021,17,7
"20250807",강서구,0.0102,0.0423,0.33,0.0028,20,12
"20250807",관악구,0.0108,0.0471,0.33,0.0024,20,12
"20250807",광진구,0.0083,0.0535,0.47,0.0026,20,12
"20250807",구로구,0.0084,0.0476,0.32,0.0024,17,8
"20250807",금천구,0.0098,0.0387,0.31,0.0022,18,12
"20250807",노원구,0.0062,0.0459,0.31,0.0021,17,11
"20250807",도봉구,0.0041,0.0485,0.35,0.0023,14,7
"20250807",동대문구,0.0103,0.0447,0.3,0.0025,20,11
"20250807",동작구,0.0086,0.0497,0.3,0.0026,19,9
"20250807",마포구,0.0098,0.0458,0.31,0.0023,17,10
"20250807",서대문구,0.006,0.0487,0.46,0.0027,12,7
"20250807",서초구,0.0084,0.0473,0.39,0.0025,15,7
"20250807",성동구,0.0107,0.0456,0.32,0.0025,17,10
"20250807",성북구,0.0066,0.0447,0.38,0.0029,13,7
"20250807",송파구,0.0112,0.0432,0.33,0.0023,20,13
"20250807",양천구,0.0091,0.0463,0.32,0.0023,20,10
"20250807",영등포구,0.011,0.044,0.36,0.0025,16,13
"20250807",용산구,0.0105,0.0418,0.37,0.0026,20,12
"20250807",은평구,0.0066,0.0431,0.44,0.0023,17,7
"20250807",종로구,0.0128,0.0482,0.36,0.0025,15,12
"20250807",중구,0.0086,0.0501,0.33,0.0027,17,11
"20250807",중랑구,0.0077,0.0479,0.32,0.0026,20,12
"20250807",강남대로,0.0168,0.0367,0.36,0.0027,14,5
"20250807",강변북로,0.024,0.0302,0.4,0.0029,19,4
"20250807",공항대로,0.0223,0.0374,0.35,0.0027,35,11
"20250807",도산대로,0.0105,0.0498,0.47,0.0028,20,5
"20250807",동작대로,0.0229,0.0402,0.37,0.0023,22,7
"20250807",시흥대로,0.0172,0.0435,0.36,0.0027,24,9
"20250807",신촌로,0.03,0.0258,0.53,0.0023,24,13
"20250807",영등포로,0.0201,0.0394,0.4,0.0029,23,6
"20250807",정릉로,0.0181,0.0422,0.39,0.0025,22,9
"20250807",종로,0.0108,0.0361,0.35,0.0023,19,8
"20250807",천호대로,0.0157,0.0387,0.4,0.0021,16,4
"20250807",청계천로,0.0138,0.0368,0.39,0.0028,21,12
"20250807",한강대로,0.0119,0.0414,0.42,0.003,22,12
"20250807",홍릉로,0.0179,0.0353,0.42,0.0027,22,5
"20250807",화랑로,0.017,0.0469,0.36,0.0024,17,11
"20250807",관악산,0.0071,0.066,0.39,0.0025,18,7
"20250807",남산,0.0073,0.0442,0.36,0.0028,9,2
"20250807",북한산,0.0027,0.0447,0.45,0.0034,17,10
"20250807",세곡,0.0105,0.0399,0.34,0.0027,18,5
"20250807",항동,0.0099,0.0392,0.6,0.0031,18,10
"20250807",행주,0.0059,0.0393,0.41,0.0024,14,9
"20250807",마포아트센터,0.0085,0.0523,0.3,0.0029,16,11
"20250807",서울숲,0.0085,0.0424,0.38,0.0027,13,3
"20250807",올림픽공원,0.006,0.0522,0.31,0.0027,14,6
"20250807",자연사박물관,0.0074,0.0512,0.44,0.0028,16,5
"20250808",강남구,0.0151,0.0459,0.36,0.0027,29,17
"20250808",강동구,0.0119,0.0439,0.49,0.0025,29,18
"20250808",강북구,0.0082,0.0493,0.31,0.0022,27,12
"20250808",강서구,0.0136,0.0458,0.33,0.0031,29,18
"20250808",관악구,0.014,0.0439,0.34,0.0026,28,18
"20250808",광진구,0.0145,0.05,0.49,0.0028,29,18
"20250808",구로구,0.013,0.0428,0.32,0.0026,28,11
"20250808",금천구,0.0125,0.0329,0.29,0.0024,25,17
"20250808",노원구,0.0118,0.0501,0.34,0.0021,29,16
"20250808",도봉구,0.0083,0.052,0.36,0.0024,25,14
"20250808",동대문구,0.0159,0.0455,0.34,0.0025,31,17
"20250808",동작구,0.0127,0.0449,0.31,0.0027,26,13
"20250808",마포구,0.014,0.0491,0.32,0.0026,29,16
"20250808",서대문구,0.01,0.0452,0.45,0.0028,22,12
"20250808",서초구,0.0136,0.0447,0.4,0.0028,28,14
"20250808",성동구,0.0161,0.0465,0.34,0.0026,25,15
"20250808",성북구,0.0117,0.0442,0.41,0.0027,22,12
"20250808",송파구,0.0149,0.0459,0.32,0.0026,28,17
"20250808",양천구,0.013,0.0478,0.32,0.0026,30,15
"20250808",영등포구,0.0152,0.0462,0.35,0.0028,26,20
"20250808",용산구,0.0162,0.0426,0.39,0.0029,32,19
"20250808",은평구,0.0102,0.0409,0.44,0.0024,26,14
"20250808",종로구,0.0188,0.0473,0.4,0.0028,26,18
"20250808",중구,0.016,0.0497,0.37,0.0029,28,17
"20250808",중랑구,0.0124,0.0473,0.35,0.0027,29,17
"20250808",강남대로,0.019,0.035,0.47,0.003,22,10
"20250808",강변북로,0.0249,0.033,0.48,0.003,28,8
"20250808",공항대로,0.024,0.0414,0.34,0.0026,31,17
"20250808",도산대로,0.0187,0.0447,0.54,0.0031,30,10
"20250808",동작대로,0.0257,0.0384,0.41,0.0025,34,14
"20250808",시흥대로,0.0288,0.031,0.44,0.0028,32,14
"20250808",신촌로,0.03,0.0315,0.52,0.0023,36,20
"20250808",영등포로,0.0255,0.0388,0.43,0.0032,30,18
"20250808",정릉로,0.0255,0.0392,0.44,0.0026,32,15
"20250808",종로,0.0186,0.0339,0.41,0.0024,27,13
"20250808",천호대로,0.0227,0.0334,0.43,0.0023,24,9
"20250808",청계천로,0.0253,0.0336,0.51,0.003,32,18
"20250808",한강대로,0.019,0.0397,0.45,0.003,31,20
"20250808",홍릉로,0.0238,0.0358,0.43,0.0029,34,10
"20250808",화랑로,0.0243,0.0428,0.42,0.0026,33,16
"20250808",관악산,0.0094,0.0604,0.37,0.0029,31,13
"20250808",남산,0.0141,0.043,0.32,0.003,23,9
"20250808",북한산,0.0059,0.0483,0.46,0.0034,31,16
"20250808",세곡,0.0096,0.0424,0.32,0.0028,25,9
"20250808",항동,0.0146,0.0333,0.58,0.0034,26,14
"20250808",행주,0.0095,0.0414,0.42,0.0026,25,14
"20250808",마포아트센터,0.0116,0.0545,0.31,0.0032,29,18
"20250808",서울숲,0.0138,0.0426,0.44,0.0028,24,10
"20250808",올림픽공원,0.0098,0.0487,0.31,0.0027,24,11
"20250808",자연사박물관,0.0103,0.0506,0.45,0.0031,25,10
"20250809",강남구,0.0176,0.0288,0.41,0.0026,27,17
"20250809",강동구,0.0138,0.023,0.52,0.0024,25,17
"20250809",강북구,0.0098,0.0249,0.34,0.0022,23,11
"20250809",강서구,0.0147,0.0363,0.43,0.0027,24,17
"20250809",관악구,0.0148,0.0327,0.38,0.0024,26,20
"20250809",광진구,0.0156,0.0275,0.51,0.0027,25,17
"20250809",구로구,0.0124,0.0388,0.35,0.0025,24,13
"20250809",금천구,0.0104,0.0279,0.31,0.0022,22,17
"20250809",노원구,0.0141,0.0279,0.35,0.0021,22,14
"20250809",도봉구,0.0116,0.0269,0.39,0.0023,20,12
"20250809",동대문구,0.0209,0.0258,0.39,0.0024,28,18
"20250809",동작구,0.0149,0.0325,0.37,0.0023,26,15
"20250809",마포구,0.0156,0.0387,0.39,0.0024,25,17
"20250809",서대문구,0.0112,0.0284,0.49,0.0025,18,12
"20250809",서초구,0.014,0.0346,0.44,0.0027,23,15
"20250809",성동구,0.0155,0.0314,0.37,0.0027,22,16
"20250809",성북구,0.0164,0.0241,0.45,0.0028,20,13
"20250809",송파구,0.0174,0.0307,0.38,0.0027,27,19
"20250809",양천구,0.0145,0.0383,0.36,0.0024,27,16
"20250809",영등포구,0.0173,0.0378,0.41,0.0026,25,20
"20250809",용산구,0.019,0.0283,0.47,0.0027,28,21
"20250809",은평구,0.0108,0.0235,0.47,0.0022,20,12
"20250809",종로구,0.0213,0.0308,0.44,0.0029,21,17
"20250809",중구,0.0208,0.0312,0.42,0.0029,23,18
"20250809",중랑구,0.0136,0.0255,0.35,0.0027,26,17
"20250809",강남대로,0.0222,0.0188,0.58,0.0032,23,12
"20250809",강변북로,0.019,0.0232,0.48,0.0029,22,8
"20250809",공항대로,0.0241,0.0325,0.39,0.0023,25,16
"20250809",도산대로,0.0168,0.0351,0.58,0.0031,27,12
"20250809",동작대로,0.0286,0.0247,0.46,0.0024,31,14
"20250809",시흥대로,0.0347,0.0215,0.54,0.0025,31,15
"20250809",신촌로,0.0252,0.0267,0.49,0.0022,30,19
"20250809",영등포로,0.022,0.0351,0.44,0.0026,27,16
"20250809",정릉로,0.0247,0.0222,0.46,0.0025,28,15
"20250809",종로,0.0165,0.0182,0.41,0.0024,22,13
"20250809",천호대로,0.0227,0.0189,0.51,0.0026,21,11
"20250809",청계천로,0.0222,0.0217,0.51,0.003,29,18
"20250809",한강대로,0.0203,0.0265,0.51,0.0029,26,20
"20250809",홍릉로,0.0217,0.0191,0.46,0.003,29,10
"20250809",화랑로,0.0267,0.0186,0.48,0.0025,29,17
"20250809",관악산,0.0082,0.0589,0.38,0.0028,25,13
"20250809",남산,0.0149,0.0321,0.35,0.0029,20,10
"20250809",북한산,0.0064,0.0249,0.48,0.0032,24,13
"20250809",세곡,0.0149,0.0211,0.41,0.0028,23,14
"20250809",항동,0.0159,0.0234,0.65,0.0033,25,16
"20250809",행주,0.0141,0.031,0.41,0.0025,20,15
"20250809",마포아트센터,0.0137,0.0406,0.37,0.0029,24,19
"20250809",서울숲,0.0134,0.026,0.47,0.0027,18,10
"20250809",올림픽공원,0.0096,0.025,0.35,0.0027,19,10
"20250809",자연사박물관,0.011,0.0364,0.49,0.0027,21,10
"20250810",강남구,0.0098,0.0447,0.33,0.0025,21,13
"20250810",강동구,0.0073,0.0388,0.44,0.0022,22,13
"20250810",강북구,0.0049,0.0404,0.26,0.0022,18,7
"20250810",강서구,0.0103,0.0389,0.34,0.0028,23,15
"20250810",관악구,0.012,0.0452,0.36,0.0024,23,16
"20250810",광진구,0.0099,0.046,0.41,0.0026,22,14
"20250810",구로구,0.0101,0.0426,0.35,0.0023,23,11
"20250810",금천구,0.0087,0.037,0.29,0.0023,20,16
"20250810",노원구,0.0084,0.0385,0.32,0.0021,17,11
"20250810",도봉구,0.0063,0.0416,0.27,0.0023,16,8
"20250810",동대문구,0.012,0.0403,0.31,0.0024,24,14
"20250810",동작구,0.0107,0.0465,0.34,0.0022,24,13
"20250810",마포구,0.0114,0.0414,0.33,0.0023,23,14
"20250810",서대문구,0.0063,0.0407,0.41,0.0024,15,9
"20250810",서초구,0.01,0.0467,0.42,0.0026,20,11
"20250810",성동구,0.0108,0.0427,0.32,0.0026,18,13
"20250810",성북구,0.0078,0.0402,0.35,0.0029,15,8
"20250810",송파구,0.0101,0.0435,0.31,0.0024,22,15
"20250810",양천구,0.0101,0.0426,0.33,0.0023,23,13
"20250810",영등포구,0.0124,0.0432,0.37,0.0026,22,17
"20250810",용산구,0.0128,0.0391,0.41,0.0029,24,16
"20250810",은평구,0.0064,0.0338,0.38,0.0022,17,9
"20250810",종로구,0.0126,0.0434,0.34,0.0029,18,14
"20250810",중구,0.0108,0.0473,0.34,0.0029,20,14
"20250810",중랑구,0.0078,0.0406,0.29,0.0024,21,13
"20250810",강남대로,0.0146,0.0335,0.46,0.0033,17,10
"20250810",강변북로,0.018,0.032,0.42,0.0029,20,6
"20250810",공항대로,0.0185,0.0353,0.34,0.0024,24,14
"20250810",도산대로,0.0104,0.0483,0.44,0.0031,22,8
"20250810",동작대로,0.0202,0.0413,0.42,0.0024,26,12
"20250810",시흥대로,0.0241,0.0359,0.48,0.0024,27,14
"20250810",신촌로,0.0242,0.0291,0.49,0.0023,29,17
"20250810",영등포로,0.0179,0.0412,0.42,0.0028,25,15
"20250810",정릉로,0.0163,0.0376,0.38,0.0024,23,10
"20250810",종로,0.0122,0.033,0.34,0.0024,21,10
"20250810",천호대로,0.0151,0.0335,0.43,0.0024,18,7
"20250810",청계천로,0.013,0.034,0.37,0.0029,26,14
"20250810",한강대로,0.0136,0.0368,0.45,0.0029,21,14
"20250810",홍릉로,0.0138,0.0347,0.35,0.0027,22,6
"20250810",화랑로,0.0191,0.0344,0.39,0.0024,22,12
"20250810",관악산,0.0068,0.0675,0.37,0.0027,24,12
"20250810",남산,0.0096,0.0406,0.27,0.0028,14,6
"20250810",북한산,0.0028,0.0385,0.4,0.0032,19,11
"20250810",세곡,0.0089,0.0352,0.34,0.0027,20,9
"20250810",항동,0.0101,0.0343,0.57,0.0032,20,12
"20250810",행주,0.0079,0.0359,0.4,0.0022,17,11
"20250810",마포아트센터,0.0096,0.0478,0.34,0.0029,20,14
"20250810",서울숲,0.0092,0.0402,0.4,0.0028,18,7
"20250810",올림픽공원,0.006,0.0441,0.31,0.0025,17,9
"20250810",자연사박물관,0.0073,0.0454,0.44,0.0027,18,8
"20250811",강남구,0.0153,0.0346,0.39,0.0024,29,20
"20250811",강동구,0.01,0.0305,0.5,0.0022,26,17
"20250811",강북구,0.0097,0.0375,0.33,0.0022,26,13
"20250811",강서구,0.0169,0.0377,0.41,0.003,29,21
"20250811",관악구,0.0153,0.0302,0.39,0.0023,31,21
"20250811",광진구,0.0139,0.0354,0.49,0.0026,28,20
"20250811",구로구,0.014,0.037,0.37,0.0024,29,15
"20250811",금천구,0.0126,0.0274,0.32,0.0022,26,20
"20250811",노원구,0.0118,0.033,0.35,0.0021,25,17
"20250811",도봉구,0.0091,0.0373,0.34,0.0023,20,13
"20250811",동대문구,0.0171,0.034,0.35,0.0025,30,20
"20250811",동작구,0.0147,0.0323,0.37,0.0022,30,18
"20250811",마포구,0.0155,0.0404,0.38,0.0027,28,19
"20250811",서대문구,0.0112,0.0357,0.51,0.0027,20,13
"20250811",서초구,0.0132,0.0371,0.44,0.0027,25,15
"20250811",성동구,0.0147,0.0358,0.37,0.0025,27,19
"20250811",성북구,0.0134,0.0317,0.43,0.003,22,15
"20250811",송파구,0.0148,0.0356,0.35,0.0026,29,21
"20250811",양천구,0.0161,0.0381,0.39,0.0024,32,19
"20250811",영등포구,0.0174,0.0379,0.4,0.0027,28,22
"20250811",용산구,0.0168,0.0325,0.41,0.0027,31,23
"20250811",은평구,0.011,0.0353,0.46,0.0023,23,15
"20250811",종로구,0.0188,0.0343,0.42,0.0029,24,19
"20250811",중구,0.0187,0.0368,0.46,0.0029,27,19
"20250811",중랑구,0.0117,0.0338,0.34,0.0025,29,19
"20250811",강남대로,0.0222,0.0213,0.57,0.0032,26,14
"20250811",강변북로,0.0227,0.0243,0.48,0.0029,26,9
"20250811",공항대로,0.0266,0.0355,0.41,0.0025,30,20
"20250811",도산대로,0.0165,0.0372,0.56,0.0031,29,12
"20250811",동작대로,0.029,0.025,0.47,0.0024,34,15
"20250811",시흥대로,0.0367,0.0226,0.55,0.0026,35,18
"20250811",신촌로,0.0272,0.0282,0.49,0.0023,33,20
"20250811",영등포로,0.023,0.0262,0.45,0.003,31,19
"20250811",정릉로,0.0259,0.0285,0.45,0.0026,31,17
"20250811",종로,0.0221,0.0273,0.48,0.0025,26,15
"20250811",천호대로,0.0193,0.0267,0.45,0.0024,22,12
"20250811",청계천로,0.0219,0.0279,0.56,0.0032,32,20
"20250811",한강대로,0.0175,0.0316,0.48,0.003,30,21
"20250811",홍릉로,0.0178,0.0285,0.4,0.0029,30,11
"20250811",화랑로,0.0287,0.0262,0.46,0.0026,28,18
"20250811",관악산,0.0083,0.0555,0.42,0.0026,30,17
"20250811",남산,0.0171,0.0321,0.47,0.0029,21,11
"20250811",북한산,0.0067,0.0357,0.49,0.0032,26,16
"20250811",세곡,0.0104,0.0302,0.35,0.0027,24,13
"20250811",항동,0.0161,0.0261,0.65,0.0033,25,16
"20250811",행주,0.0178,0.0328,0.49,0.0026,27,19
"20250811",마포아트센터,0.0128,0.0437,0.35,0.003,25,18
"20250811",서울숲,0.0136,0.0326,0.47,0.0028,22,12
"20250811",올림픽공원,0.0091,0.035,0.34,0.0025,22,12
"20250811",자연사박물관,0.0107,0.0416,0.49,0.0029,24,10
"20250812",강남구,0.013,0.0413,0.35,0.0026,21,13
"20250812",강동구,0.0077,0.0358,0.45,0.0023,20,12
"20250812",강북구,0.0073,0.0449,0.31,0.0022,20,8
"20250812",강서구,0.0119,0.0507,0.36,0.0027,22,14
"20250812",관악구,0.0112,0.0429,0.33,0.0023,22,13
"20250812",광진구,0.0099,0.0441,0.42,0.0026,21,14
"20250812",구로구,0.0095,0.0471,0.32,0.0024,22,9
"20250812",금천구,0.0081,0.0339,0.26,0.0023,18,14
"20250812",노원구,0.0089,0.0445,0.34,0.0019,18,13
"20250812",도봉구,0.007,0.0459,0.3,0.0024,17,9
"20250812",동대문구,0.013,0.0426,0.31,0.0025,23,14
"20250812",동작구,0.0104,0.0448,0.32,0.0023,22,12
"20250812",마포구,0.0105,0.05,0.33,0.0025,26,18
"20250812",서대문구,0.008,0.0497,0.42,0.0025,11,6
"20250812",서초구,0.0109,0.0464,0.39,0.0026,19,12
"20250812",성동구,0.0106,0.0446,0.31,0.0028,18,13
"20250812",성북구,0.0106,0.0422,0.39,0.003,17,11
"20250812",송파구,0.0122,0.0399,0.31,0.0024,20,13
"20250812",양천구,0.0114,0.0502,0.32,0.0024,22,13
"20250812",영등포구,0.0134,0.0489,0.36,0.0027,22,16
"20250812",용산구,0.0124,0.0415,0.36,0.0028,14,8
"20250812",은평구,0.0099,0.0432,0.38,0.0022,17,10
"20250812",종로구,0.0144,0.0469,0.36,0.003,17,14
"20250812",중구,0.0149,0.0489,0.39,0.0028,15,9
"20250812",중랑구,0.0088,0.0415,0.29,0.0025,20,13
"20250812",강남대로,0.0206,0.0274,0.52,0.0034,20,9
"20250812",강변북로,0.0213,0.0311,0.41,0.0029,18,6
"20250812",공항대로,0.0232,0.0447,0.36,0.0025,22,14
"20250812",도산대로,0.0131,0.0453,0.45,0.003,21,8
"20250812",동작대로,0.0264,0.0353,0.41,0.0024,26,11
"20250812",시흥대로,0.0375,0.027,0.5,0.0028,28,14
"20250812",신촌로,0.022,0.0359,0.43,0.0024,33,22
"20250812",영등포로,0.0202,0.0441,0.37,0.0031,24,15
"20250812",정릉로,0.0226,0.0266,0.42,0.0025,25,13
"20250812",종로,0.0185,0.0358,0.41,0.0026,22,10
"20250812",천호대로,0.0168,0.032,0.41,0.0023,15,7
"20250812",청계천로,0.0207,0.0334,0.48,0.0033,26,15
"20250812",한강대로,0.0124,0.0423,0.41,0.0031,26,18
"20250812",홍릉로,0.0144,0.0393,0.34,0.0027,21,6
"20250812",화랑로,0.0264,0.0349,0.41,0.0025,21,13
"20250812",관악산,0.0072,0.0618,0.37,0.0026,21,10
"20250812",남산,0.0136,0.041,0.4,0.0029,14,7
"20250812",북한산,0.0045,0.0425,0.43,0.0032,20,12
"20250812",세곡,0.0074,0.0389,0.29,0.0027,18,7
"20250812",항동,0.0129,0.038,0.56,0.0032,13,7
"20250812",행주,0.0108,0.0504,0.41,0.0027,19,13
"20250812",마포아트센터,0.0086,0.0567,0.29,0.003,20,15
"20250812",서울숲,0.0101,0.0436,0.44,0.0028,17,7
"20250812",올림픽공원,0.0069,0.0433,0.31,0.0024,13,7
"20250812",자연사박물관,0.0077,0.0537,0.42,0.0029,17,7
"20250813",강남구,0.011,0.0223,0.27,0.0023,11,3
"20250813",강동구,0.0064,0.0237,0.42,0.0021,10,4
"20250813",강북구,0.0083,0.0252,0.23,0.002,8,1
"20250813",강서구,0.0112,0.0216,0.3,0.0023,10,3
"20250813",관악구,0.0088,0.0218,0.24,0.002,10,4
"20250813",광진구,0.0093,0.0278,0.38,0.0026,10,4
"20250813",구로구,0.0095,0.0243,0.26,0.0021,9,1
"20250813",금천구,0.0074,0.0146,0.2,0.002,9,4
"20250813",노원구,0.0105,0.0241,0.26,0.0017,8,3
"20250813",도봉구,0.0084,0.0251,0.26,0.0023,7,2
"20250813",동대문구,0.0139,0.0217,0.24,0.0022,11,5
"20250813",동작구,0.0094,0.021,0.24,0.002,11,2
"20250813",마포구,0.011,0.0231,0.24,0.0021,13,5
"20250813",서대문구,0.0059,0.0279,0.39,0.0024,6,3
"20250813",서초구,0.0093,0.024,0.34,0.0025,6,1
"20250813",성동구,0.0109,0.0235,0.24,0.0025,8,5
"20250813",성북구,0.0114,0.0218,0.36,0.0029,5,2
"20250813",송파구,0.0104,0.0218,0.24,0.0023,9,5
"20250813",양천구,0.0112,0.022,0.25,0.0022,9,3
"20250813",영등포구,0.0112,0.018,0.26,0.0021,12,4
"20250813",용산구,0.0098,0.0223,0.26,0.0023,10,5
"20250813",은평구,0.0082,0.0216,0.34,0.0021,8,2
"20250813",종로구,0.0147,0.0261,0.28,0.0025,7,4
"20250813",중구,0.0149,0.0251,0.29,0.003,10,4
"20250813",중랑구,0.0097,0.0277,0.25,0.0024,10,4
"20250813",강남대로,0.0122,0.0183,0.43,0.003,6,4
"20250813",강변북로,0.012,0.0199,0.35,0.0027,9,3
"20250813",공항대로,0.0211,0.0191,0.3,0.0022,16,4
"20250813",도산대로,0.0099,0.0268,0.4,0.0031,10,3
"20250813",동작대로,0.0179,0.0173,0.32,0.0022,15,3
"20250813",시흥대로,0.0205,0.0122,0.36,0.0023,15,3
"20250813",신촌로,0.0215,0.0172,0.36,0.0024,20,8
"20250813",영등포로,0.0179,0.0193,0.33,0.0025,13,5
"20250813",정릉로,0.0205,0.0174,0.35,0.0022,13,3
"20250813",종로,0.0162,0.0186,0.35,0.0023,9,4
"20250813",천호대로,0.0161,0.0177,0.35,0.0022,7,3
"20250813",청계천로,0.0166,0.0188,0.4,0.0032,16,5
"20250813",한강대로,0.0137,0.0208,0.4,0.0029,11,6
"20250813",홍릉로,0.0151,0.0221,0.31,0.0026,12,4
"20250813",화랑로,0.0221,0.0199,0.34,0.0023,10,4
"20250813",관악산,0.0055,0.0333,0.3,0.0024,6,1
"20250813",남산,0.0074,0.0261,0.33,0.0027,4,1
"20250813",북한산,0.0041,0.0251,0.36,0.0031,10,4
"20250813",세곡,0.0067,0.022,0.26,0.0026,9,1
"20250813",항동,0.0095,0.0165,0.51,0.0031,10,3
"20250813",행주,0.0111,0.0203,0.32,0.0026,7,2
"20250813",마포아트센터,0.0091,0.0289,0.23,0.0025,6,5
"20250813",서울숲,0.0099,0.0226,0.35,0.0026,5,1
"20250813",올림픽공원,0.0065,0.0256,0.25,0.0023,6,1
"20250813",자연사박물관,0.0068,0.0294,0.38,0.0025,7,1
"20250814",강남구,0.0114,0.0228,0.25,0.0024,12,6
"20250814",강동구,0.0088,0.024,0.43,0.0022,12,6
"20250814",강북구,0.0074,0.0228,0.22,0.002,10,2
"20250814",강서구,0.0125,0.0187,0.25,0.0024,12,5
"20250814",관악구,0.0123,0.0217,0.25,0.0022,13,7
"20250814",광진구,0.0109,0.028,0.4,0.0027,12,7
"20250814",구로구,0.0099,0.0265,0.25,0.0025,11,2
"20250814",금천구,0.0102,0.0149,0.19,0.0022,13,7
"20250814",노원구,0.0117,0.0203,0.26,0.0018,10,5
"20250814",도봉구,0.0075,0.0233,0.24,0.0023,9,3
"20250814",동대문구,0.0134,0.021,0.24,0.0024,13,6
"20250814",동작구,0.0102,0.0222,0.23,0.0021,13,5
"20250814",마포구,0.0127,0.0199,0.24,0.0023,12,7
"20250814",서대문구,0.0076,0.0257,0.41,0.0025,9,4
"20250814",서초구,0.0104,0.0244,0.34,0.0028,9,4
"20250814",성동구,0.0126,0.0201,0.24,0.0023,10,7
"20250814",성북구,0.01,0.0222,0.34,0.0031,7,4
"20250814",송파구,0.0127,0.0233,0.24,0.0025,11,6
"20250814",양천구,0.0117,0.0222,0.24,0.0023,18,7
"20250814",영등포구,0.0112,0.0147,0.29,0.002,12,7
"20250814",용산구,0.0112,0.0193,0.26,0.0026,12,7
"20250814",은평구,0.0095,0.0212,0.37,0.0022,11,5
"20250814",종로구,0.0162,0.0246,0.29,0.0026,9,7
"20250814",중구,0.0124,0.0241,0.26,0.0032,12,7
"20250814",중랑구,0.0122,0.02,0.27,0.0026,13,6
"20250814",강남대로,0.0148,0.0172,0.45,0.0027,9,4
"20250814",강변북로,0.0191,0.0148,0.41,0.0028,12,3
"20250814",공항대로,0.0237,0.0171,0.28,0.0023,15,6
"20250814",도산대로,0.012,0.0259,0.4,0.0031,12,4
"20250814",동작대로,0.0201,0.0176,0.32,0.0023,17,6
"20250814",시흥대로,0.0162,0.0145,0.29,0.0023,15,4
"20250814",신촌로,0.0274,0.0126,0.44,0.0024,18,8
"20250814",영등포로,0.0216,0.0172,0.36,0.0027,16,7
"20250814",정릉로,0.0206,0.0152,0.35,0.0023,16,5
"20250814",종로,0.0162,0.0169,0.33,0.0023,12,5
"20250814",천호대로,0.0173,0.0182,0.34,0.0022,8,4
"20250814",청계천로,0.02,0.0156,0.42,0.0035,16,8
"20250814",한강대로,0.0156,0.0187,0.42,0.003,13,8
"20250814",홍릉로,0.0191,0.0177,0.36,0.0026,14,4
"20250814",화랑로,0.0174,0.0211,0.28,0.0022,10,6
"20250814",관악산,0.0055,0.04,0.28,0.0025,7,2
"20250814",남산,0.0098,0.0239,0.29,0.0027,6,2
"20250814",북한산,0.0041,0.0223,0.36,0.0031,13,4
"20250814",세곡,0.0105,0.019,0.31,0.0026,11,2
"20250814",항동,0.0104,0.0172,0.51,0.0032,10,4
"20250814",행주,0.0114,0.0217,0.31,0.0022,9,3
"20250814",마포아트센터,0.0101,0.0285,0.23,0.0027,9,6
"20250814",서울숲,0.01,0.0189,0.29,0.0026,7,2
"20250814",올림픽공원,0.0071,0.022,0.24,0.0024,9,2
"20250814",자연사박물관,0.0087,0.0281,0.39,0.0028,10,2
"20250815",강남구,0.0139,0.0266,0.3,0.0027,21,11
"20250815",강동구,0.0098,0.0296,0.48,0.0025,22,12
"20250815",강북구,0.0061,0.0252,0.26,0.0022,22,7
"20250815",강서구,0.0141,0.0207,0.31,0.0027,18,10
"20250815",관악구,0.0126,0.026,0.31,0.0027,21,11
"20250815",광진구,0.0118,0.0337,0.46,0.0029,22,13
"20250815",구로구,0.0128,0.0298,0.3,0.0029,16,5
"20250815",금천구,0.0095,0.0175,0.23,0.0024,19,9
"20250815",노원구,0.0099,0.0245,0.31,0.002,21,11
"20250815",도봉구,0.0069,0.028,0.28,0.0024,16,7
"20250815",동대문구,0.0148,0.0257,0.28,0.0027,23,12
"20250815",동작구,0.0104,0.027,0.27,0.0026,20,9
"20250815",마포구,0.0153,0.0227,0.28,0.0025,19,10
"20250815",서대문구,0.0073,0.0272,0.44,0.0027,16,9
"20250815",서초구,0.0118,0.03,0.37,0.0033,16,7
"20250815",성동구,0.0144,0.0259,0.28,0.0027,18,11
"20250815",성북구,0.0091,0.0266,0.37,0.0034,14,8
"20250815",송파구,0.0133,0.0289,0.29,0.0027,22,12
"20250815",양천구,0.0139,0.0237,0.29,0.0027,21,8
"20250815",영등포구,0.0149,0.0196,0.4,0.0026,18,11
"20250815",용산구,0.0143,0.0211,0.34,0.003,21,15
"20250815",은평구,0.0074,0.0242,0.38,0.0024,16,7
"20250815",종로구,0.0173,0.0279,0.32,0.0031,17,12
"20250815",중구,0.0135,0.0266,0.29,0.0038,20,12
"20250815",중랑구,0.0103,0.0289,0.28,0.0028,24,13
"20250815",강남대로,0.0131,0.0207,0.42,0.0027,15,5
"20250815",강변북로,0.0209,0.0168,0.43,0.0031,20,5
"20250815",공항대로,0.023,0.0204,0.31,0.0025,21,9
"20250815",도산대로,0.0121,0.0328,0.43,0.0035,20,5
"20250815",동작대로,0.0209,0.0225,0.36,0.0025,24,8
"20250815",시흥대로,0.0231,0.0143,0.43,0.0027,24,8
"20250815",신촌로,0.026,0.0171,0.45,0.0027,26,13
"20250815",영등포로,0.023,0.0211,0.38,0.0033,22,11
"20250815",정릉로,0.0168,0.0221,0.34,0.0025,23,10
"20250815",종로,0.0157,0.0199,0.33,0.0025,18,7
"20250815",천호대로,0.0167,0.025,0.37,0.0024,18,6
"20250815",청계천로,0.0172,0.0195,0.37,0.0032,23,12
"20250815",한강대로,0.0162,0.0237,0.41,0.0034,19,12
"20250815",홍릉로,0.0195,0.0218,0.37,0.0029,23,6
"20250815",화랑로,0.0159,0.026,0.32,0.0025,21,11
"20250815",관악산,0.0056,0.0457,0.33,0.0035,13,4
"20250815",남산,0.0109,0.0277,0.38,0.0033,13,4
"20250815",북한산,0.0035,0.0273,0.41,0.0033,21,9
"20250815",세곡,0.0088,0.0243,0.33,0.0029,18,3
"20250815",항동,0.0098,0.0188,0.55,0.0033,17,7
"20250815",행주,0.0096,0.0221,0.36,0.0023,15,7
"20250815",마포아트센터,0.0111,0.0328,0.25,0.0034,17,11
"20250815",서울숲,0.0113,0.023,0.36,0.0029,13,5
"20250815",올림픽공원,0.0076,0.0284,0.28,0.0027,17,7
"20250815",자연사박물관,0.0095,0.029,0.44,0.0029,17,3
"20250816",강남구,0.0088,0.0188,0.21,0.0025,14,5
"20250816",강동구,0.0077,0.0201,0.39,0.0024,16,6
"20250816",강북구,0.0054,0.0184,0.17,0.0021,15,2
"20250816",강서구,0.0085,0.0149,0.2,0.0023,13,6
"20250816",관악구,0.0084,0.0178,0.2,0.0023,14,6
"20250816",광진구,0.0091,0.0226,0.36,0.0028,16,8
"20250816",구로구,0.0071,0.0225,0.22,0.0024,11,1
"20250816",금천구,0.0068,0.0123,0.19,0.0023,14,6
"20250816",노원구,0.0082,0.0171,0.21,0.0019,14,6
"20250816",도봉구,0.0054,0.0203,0.17,0.0023,11,2
"20250816",동대문구,0.0106,0.0195,0.19,0.0024,16,6
"20250816",동작구,0.007,0.0179,0.18,0.0022,14,3
"20250816",마포구,0.0095,0.0168,0.18,0.0023,13,6
"20250816",서대문구,0.0055,0.0192,0.34,0.0025,10,5
"20250816",서초구,0.007,0.0198,0.3,0.0029,11,3
"20250816",성동구,0.0109,0.0168,0.2,0.0025,12,6
"20250816",성북구,0.0077,0.0176,0.29,0.0031,9,3
"20250816",송파구,0.0092,0.0194,0.19,0.0025,16,7
"20250816",양천구,0.0077,0.0177,0.18,0.0023,15,4
"20250816",영등포구,0.0078,0.0165,0.26,0.0022,13,7
"20250816",용산구,0.0091,0.015,0.24,0.0027,15,8
"20250816",은평구,0.0066,0.0163,0.3,0.0023,11,4
"20250816",종로구,0.0123,0.0203,0.22,0.0026,10,6
"20250816",중구,0.0112,0.0209,0.19,0.0046,14,6
"20250816",중랑구,0.0082,0.0183,0.21,0.0033,17,7
"20250816",강남대로,0.0097,0.0143,0.33,0.0029,11,4
"20250816",강변북로,0.0145,0.0121,0.34,0.003,13,3
"20250816",공항대로,0.0181,0.014,0.21,0.0023,14,5
"20250816",도산대로,0.0076,0.0235,0.35,0.0033,13,3
"20250816",동작대로,0.0134,0.0154,0.27,0.0023,18,4
"20250816",시흥대로,0.0136,0.0134,0.26,0.0024,16,4
"20250816",신촌로,0.022,0.0103,0.4,0.0025,19,8
"20250816",영등포로,0.0151,0.015,0.27,0.0029,16,6
"20250816",정릉로,0.014,0.0139,0.27,0.0023,17,5
"20250816",종로,0.0104,0.0151,0.25,0.0023,12,3
"20250816",천호대로,0.0122,0.0172,0.27,0.0023,12,3
"20250816",청계천로,0.011,0.0145,0.27,0.0029,16,7
"20250816",한강대로,0.0111,0.0155,0.34,0.0032,12,7
"20250816",홍릉로,0.0154,0.0138,0.3,0.0028,17,3
"20250816",화랑로,0.0146,0.0164,0.28,0.0023,16,7
"20250816",관악산,0.0042,0.0313,0.23,0.0027,10,2
"20250816",남산,0.0087,0.0194,0.22,0.003,6,1
"20250816",북한산,0.0034,0.0192,0.33,0.0033,15,5
"20250816",세곡,0.0055,0.0201,0.25,0.0028,15,2
"20250816",항동,0.0067,0.0141,0.46,0.0032,12,4
"20250816",행주,0.0089,0.0141,0.3,0.0027,11,3
"20250816",마포아트센터,0.0074,0.0241,0.16,0.0027,11,6
"20250816",서울숲,0.0085,0.0161,0.26,0.0028,9,1
"20250816",올림픽공원,0.0054,0.0222,0.19,0.0028,9,2
"20250816",자연사박물관,0.0064,0.0223,0.33,0.0028,11,1
"20250817",강남구,0.0062,0.0206,0.19,0.0026,17,8
"20250817",강동구,0.005,0.0217,0.38,0.0028,16,8
"20250817",강북구,0.0053,0.0191,0.19,0.0023,17,5
"20250817",강서구,0.0073,0.0172,0.2,0.0026,17,10
"20250817",관악구,0.0074,0.0199,0.19,0.0024,17,10
"20250817",광진구,0.0067,0.0252,0.33,0.0032,17,10
"20250817",구로구,0.0057,0.0234,0.21,0.0029,13,4
"20250817",금천구,0.0059,0.0141,0.17,0.0022,17,11
"20250817",노원구,0.0079,0.0193,0.22,0.0021,15,8
"20250817",도봉구,0.0058,0.0206,0.19,0.0025,12,4
"20250817",동대문구,0.0093,0.0203,0.18,0.0025,17,9
"20250817",동작구,0.0059,0.0204,0.17,0.0023,16,8
"20250817",마포구,0.0079,0.0194,0.18,0.0024,15,10
"20250817",서대문구,0.005,0.0221,0.34,0.0028,11,7
"20250817",서초구,0.0051,0.0216,0.3,0.0032,11,5
"20250817",성동구,0.0077,0.0199,0.19,0.0026,13,10
"20250817",성북구,0.006,0.0207,0.28,0.0034,10,6
"20250817",송파구,0.0077,0.0204,0.19,0.0027,17,10
"20250817",양천구,0.0066,0.0197,0.19,0.0025,18,8
"20250817",영등포구,0.0061,0.0193,0.25,0.0024,15,11
"20250817",용산구,0.006,0.0177,0.2,0.0027,16,11
"20250817",은평구,0.0066,0.0175,0.3,0.0025,13,6
"20250817",종로구,0.0101,0.0224,0.2,0.0028,11,9
"20250817",중구,0.0068,0.0248,0.18,0.006,15,10
"20250817",중랑구,0.0067,0.0201,0.2,0.0029,18,9
"20250817",강남대로,0.0089,0.0152,0.3,0.0028,9,5
"20250817",강변북로,0.0116,0.015,0.3,0.0032,13,4
"20250817",공항대로,0.0159,0.0169,0.2,0.0024,15,9
"20250817",도산대로,0.0057,0.025,0.3,0.0033,15,4
"20250817",동작대로,0.0105,0.0177,0.24,0.0023,19,7
"20250817",시흥대로,0.0112,0.0147,0.23,0.0025,18,6
"20250817",신촌로,0.0188,0.0125,0.37,0.0026,21,12
"20250817",영등포로,0.013,0.0171,0.27,0.0027,18,9
"20250817",정릉로,0.0126,0.0169,0.25,0.0024,18,7
"20250817",종로,0.0088,0.0181,0.23,0.0023,16,6
"20250817",천호대로,0.0095,0.0182,0.25,0.0025,10,5
"20250817",청계천로,0.0086,0.0171,0.22,0.0029,18,10
"20250817",한강대로,0.0097,0.017,0.33,0.0034,16,10
"20250817",홍릉로,0.0127,0.0166,0.25,0.0032,17,5
"20250817",화랑로,0.0123,0.0197,0.25,0.0025,15,8
"20250817",관악산,0.0044,0.0304,0.22,0.003,13,5
"20250817",남산,0.0063,0.021,0.3,0.0032,8,2
"20250817",북한산,0.0031,0.0191,0.33,0.0033,18,7
"20250817",세곡,0.005,0.0191,0.22,0.0028,13,3
"20250817",항동,0.0062,0.0157,0.47,0.0034,15,8
"20250817",행주,0.0076,0.0158,0.28,0.0028,14,8
"20250817",마포아트센터,0.0058,0.0264,0.16,0.0031,12,9
"20250817",서울숲,0.0064,0.0188,0.18,0.0029,12,3
"20250817",올림픽공원,0.0045,0.0223,0.16,0.0028,11,4
"20250817",자연사박물관,0.0052,0.0246,0.33,0.0032,12,3
"20250818",강남구,0.0092,0.0235,0.21,0.0027,28,20
"20250818",강동구,0.0079,0.0233,0.4,0.0029,26,18
"20250818",강북구,0.0068,0.0207,0.2,0.0025,28,17
"20250818",강서구,0.009,0.0185,0.21,0.0027,27,20
"20250818",관악구,0.0098,0.0239,0.2,0.0026,27,20
"20250818",광진구,0.0094,0.0272,0.35,0.0032,28,22
"20250818",구로구,0.0081,0.0261,0.22,0.0032,23,11
"20250818",금천구,0.0084,0.0173,0.16,0.0024,28,21
"20250818",노원구,0.0112,0.0181,0.24,0.0023,27,19
"20250818",도봉구,0.0078,0.0209,0.2,0.0026,21,13
"20250818",동대문구,0.0122,0.0214,0.2,0.0028,30,20
"20250818",동작구,0.0082,0.024,0.19,0.0024,27,19
"20250818",마포구,0.0095,0.0213,0.19,0.0026,26,20
"20250818",서대문구,0.006,0.0245,0.36,0.0032,19,14
"20250818",서초구,0.0088,0.0233,0.3,0.0033,23,14
"20250818",성동구,0.0105,0.0222,0.2,0.0028,25,20
"20250818",성북구,0.0083,0.0215,0.33,0.0039,18,14
"20250818",송파구,0.0098,0.0257,0.19,0.0028,28,22
"20250818",양천구,0.0091,0.0209,0.2,0.0026,28,18
"20250818",영등포구,0.0093,0.0205,0.26,0.0026,26,21
"20250818",용산구,0.0084,0.0199,0.2,0.0029,29,25
"20250818",은평구,0.0085,0.0173,0.36,0.0028,20,11
"20250818",종로구,0.014,0.0222,0.25,0.0031,23,20
"20250818",중구,0.0123,0.0228,0.22,0.0077,26,21
"20250818",중랑구,0.0088,0.0223,0.2,0.0029,29,21
"20250818",강남대로,0.0115,0.0185,0.32,0.0028,19,12
"20250818",강변북로,0.0153,0.0165,0.3,0.0034,23,9
"20250818",공항대로,0.0203,0.0167,0.23,0.0026,28,19
"20250818",도산대로,0.0092,0.0266,0.35,0.0036,24,9
"20250818",동작대로,0.017,0.019,0.26,0.0025,28,16
"20250818",시흥대로,0.0142,0.0186,0.25,0.0026,31,17
"20250818",신촌로,0.0241,0.0129,0.39,0.0027,33,21
"20250818",영등포로,0.0167,0.0172,0.29,0.003,28,20
"20250818",정릉로,0.0177,0.016,0.29,0.0027,29,18
"20250818",종로,0.0133,0.017,0.3,0.0026,26,15
"20250818",천호대로,0.014,0.0193,0.28,0.0024,23,13
"20250818",청계천로,0.0139,0.0158,0.33,0.0033,32,22
"20250818",한강대로,0.0126,0.0179,0.35,0.0037,26,19
"20250818",홍릉로,0.0157,0.0178,0.28,0.0032,28,12
"20250818",화랑로,0.0174,0.017,0.27,0.0025,27,19
"20250818",관악산,0.0059,0.0368,0.23,0.0035,22,12
"20250818",남산,0.0087,0.0223,0.32,0.0036,16,8
"20250818",북한산,0.004,0.0214,0.34,0.0035,28,16
"20250818",세곡,0.0075,0.023,0.22,0.003,22,10
"20250818",항동,0.0089,0.0189,0.48,0.0037,22,14
"20250818",행주,0.0096,0.0155,0.31,0.0028,26,20
"20250818",마포아트센터,0.0075,0.0279,0.19,0.0038,22,17
"20250818",서울숲,0.0085,0.0211,0.21,0.0032,19,10
"20250818",올림픽공원,0.0063,0.0261,0.17,0.003,20,12
"20250818",자연사박물관,0.0066,0.0266,0.35,0.0036,21,9
"20250819",강남구,0.0081,0.0182,0.19,0.0024,16,6
"20250819",강동구,0.0063,0.0199,0.38,0.0025,15,7
"20250819",강북구,0.0056,0.0182,0.17,0.0021,15,3
"20250819",강서구,0.0081,0.0165,0.17,0.0023,14,5
"20250819",관악구,0.0083,0.0188,0.18,0.0023,15,6
"20250819",광진구,0.0076,0.0239,0.32,0.0028,15,7
"20250819",구로구,0.007,0.0239,0.21,0.0027,12,1
"20250819",금천구,0.0073,0.013,0.14,0.0022,16,6
"20250819",노원구,0.0093,0.0178,0.22,0.0019,14,6
"20250819",도봉구,0.0055,0.02,0.19,0.0023,11,3
"20250819",동대문구,0.0114,0.0183,0.19,0.0025,16,6
"20250819",동작구,0.0068,0.018,0.17,0.0022,12,4
"20250819",마포구,0.0087,0.0175,0.17,0.0022,13,6
"20250819",서대문구,0.0053,0.0222,0.33,0.0028,9,3
"20250819",서초구,0.007,0.0204,0.29,0.0029,15,2
"20250819",성동구,0.0102,0.0175,0.18,0.0025,13,7
"20250819",성북구,0.0073,0.0195,0.31,0.0033,9,2
"20250819",송파구,0.009,0.0181,0.18,0.0024,15,7
"20250819",양천구,0.0076,0.0176,0.17,0.0023,15,3
"20250819",영등포구,0.0082,0.0167,0.24,0.0023,14,6
"20250819",용산구,0.0079,0.0154,0.2,0.0026,16,7
"20250819",은평구,0.0076,0.0167,0.33,0.0023,12,2
"20250819",종로구,0.0125,0.0196,0.22,0.0027,12,7
"20250819",중구,0.0104,0.022,0.19,,14,7
"20250819",중랑구,0.0086,0.0184,0.14,0.0029,16,7
"20250819",강남대로,0.0101,0.0148,0.3,0.0026,10,3
"20250819",강변북로,0.0139,0.0136,0.28,0.0031,12,3
"20250819",공항대로,0.0194,0.0153,0.2,0.0023,16,6
"20250819",도산대로,0.0081,0.0216,0.38,0.0031,15,3
"20250819",동작대로,0.0147,0.0152,0.24,0.0023,18,5
"20250819",시흥대로,0.0144,0.0132,0.26,0.0025,21,5
"20250819",신촌로,0.0236,0.0097,0.41,0.0025,20,8
"20250819",영등포로,0.016,0.0145,0.3,0.0026,18,5
"20250819",정릉로,0.0149,0.0141,0.27,0.0023,19,6
"20250819",종로,0.0118,0.0144,0.27,0.0024,13,4
"20250819",천호대로,0.0122,0.0156,0.24,0.0022,11,4
"20250819",청계천로,0.0135,0.0139,0.31,0.003,18,7
"20250819",한강대로,0.0118,0.0144,0.34,0.0034,15,9
"20250819",홍릉로,0.0149,0.0152,0.28,0.0028,16,3
"20250819",화랑로,0.0147,0.0128,0.23,0.0023,14,7
"20250819",관악산,0.0049,0.0296,0.2,0.0027,10,2
"20250819",남산,0.0077,0.0192,0.31,0.0032,5,1
"20250819",북한산,0.0035,0.0188,0.3,0.0031,18,4
"20250819",세곡,0.007,0.0172,0.21,0.0028,14,2
"20250819",항동,0.0074,0.0158,0.48,0.0033,12,4
"20250819",행주,0.0077,0.0154,0.29,0.0022,12,3
"20250819",마포아트센터,0.0071,0.0237,0.22,0.0032,12,6
"20250819",서울숲,0.008,0.0167,0.19,0.0029,8,1
"20250819",올림픽공원,0.0054,0.0208,0.15,0.0026,10,2
"20250819",자연사박물관,0.0061,0.0236,0.33,0.0031,11,1
"20250820",강남구,0.01,0.0229,0.21,0.0024,17,8
"20250820",강동구,0.0077,0.0243,0.4,0.0025,16,7
"20250820",강북구,0.006,0.022,0.19,0.0023,16,5
"20250820",강서구,0.0098,0.0177,0.2,0.0026,16,7
"20250820",관악구,0.0094,0.023,0.19,0.0024,17,8
"20250820",광진구,0.0089,0.0285,0.33,0.003,17,9
"20250820",구로구,0.0079,0.0271,0.22,0.0028,14,3
"20250820",금천구,0.0077,0.0169,0.17,0.0022,17,8
"20250820",노원구,0.009,0.0221,0.23,0.0024,14,7
"20250820",도봉구,0.0051,0.023,0.28,0.0024,12,3
"20250820",동대문구,0.0124,0.0217,0.19,0.0025,18,8
"20250820",동작구,0.0077,0.0239,0.17,0.0023,15,8
"20250820",마포구,0.0102,0.0205,0.18,0.0024,16,8
"20250820",서대문구,0.0065,0.0242,0.34,0.003,10,6
"20250820",서초구,0.0092,0.0244,0.3,0.003,15,4
"20250820",성동구,0.0118,0.0222,0.19,0.0026,15,8
"20250820",성북구,0.0086,0.0212,0.28,0.0035,10,5
"20250820",송파구,0.0097,0.025,0.19,0.0024,17,9
"20250820",양천구,0.0091,0.0202,0.19,0.0024,17,6
"20250820",영등포구,0.0098,0.0202,0.25,0.0024,16,9
"20250820",용산구,0.0088,0.0199,0.21,0.0028,17,11
"20250820",은평구,0.0082,0.0186,0.34,0.0026,13,2
"20250820",종로구,0.014,0.0209,0.22,0.0028,12,8
"20250820",중구,0.0126,0.025,0.21,0.0109,16,9
"20250820",중랑구,0.0096,0.0223,0.14,0.0029,17,7
"20250820",강남대로,0.0127,0.0181,0.31,0.0026,13,4
"20250820",강변북로,0.019,0.014,0.32,0.0032,16,3
"20250820",공항대로,0.0189,0.0126,0.22,0.0025,17,9
"20250820",도산대로,0.0097,0.0264,0.41,0.0032,17,4
"20250820",동작대로,0.0178,0.019,0.26,0.0023,20,6
"20250820",시흥대로,0.0153,0.017,0.26,0.0026,19,8
"20250820",신촌로,0.0251,0.0122,0.38,0.0027,22,10
"20250820",영등포로,0.0175,0.0176,0.29,0.0028,19,8
"20250820",정릉로,0.0168,0.0154,0.3,0.0024,23,8
"20250820",종로,0.0131,0.0177,0.27,0.0025,14,5
"20250820",천호대로,0.0145,0.0201,0.27,0.0022,13,3
"20250820",청계천로,0.0149,0.0154,0.33,0.0036,20,9
"20250820",한강대로,0.0136,0.0176,0.35,0.0036,18,9
"20250820",홍릉로,0.0168,0.0176,0.3,0.0028,18,4
"20250820",화랑로,0.0161,0.0194,0.26,0.0023,17,9
"20250820",관악산,0.0055,0.0345,0.2,0.0029,13,4
"20250820",남산,0.0091,0.0226,0.25,0.0033,7,2
"20250820",북한산,0.0035,0.0215,0.3,0.0031,19,6
"20250820",세곡,,0.0173,0.25,0.003,14,3
"20250820",항동,0.0084,0.0181,0.48,0.0036,13,5
"20250820",행주,0.0091,0.0159,0.32,0.0025,13,5
"20250820",마포아트센터,0.0087,0.0269,0.23,0.0034,13,7
"20250820",서울숲,0.009,0.0186,0.22,0.0029,9,1
"20250820",올림픽공원,0.0062,0.027,0.15,0.0029,11,2
"20250820",자연사박물관,0.0078,0.024,0.35,0.0033,13,1
"20250821",강남구,0.012,0.0294,0.23,0.0024,19,10
"20250821",강동구,0.0105,0.0305,0.43,0.0025,20,10
"20250821",강북구,0.0071,0.0279,0.2,0.0022,18,5
"20250821",강서구,0.0114,0.0215,0.2,0.0025,18,11
"20250821",관악구,0.0123,0.0261,0.2,0.0024,18,10
"20250821",광진구,0.0115,0.0347,0.34,0.0028,20,12
"20250821",구로구,0.009,0.0281,0.21,0.0026,13,3
"20250821",금천구,0.0091,0.018,0.15,0.0023,17,12
"20250821",노원구,0.0117,0.0228,0.22,0.002,15,8
"20250821",도봉구,0.0065,0.0288,0.27,0.0024,15,4
"20250821",동대문구,0.0132,0.0251,0.19,0.0023,22,12
"20250821",동작구,0.011,0.0275,0.19,0.0023,16,9
"20250821",마포구,0.0114,0.0252,0.19,0.0022,18,10
"20250821",서대문구,0.007,0.0284,0.33,0.0027,12,7
"20250821",서초구,0.0104,0.0301,0.32,0.0029,18,6
"20250821",성동구,0.0135,0.0261,0.21,0.0027,16,10
"20250821",성북구,0.0102,0.0271,0.28,0.0033,11,6
"20250821",송파구,0.0126,0.0307,0.21,0.0025,19,11
"20250821",양천구,0.0106,0.0234,0.19,0.0024,19,8
"20250821",영등포구,0.0111,0.0231,0.25,0.0023,16,11
"20250821",용산구,0.01,0.0252,0.22,0.0027,19,12
"20250821",은평구,0.0088,0.0225,0.32,0.0024,13,3
"20250821",종로구,0.0145,0.0292,0.23,0.0026,15,11
"20250821",중구,0.0117,0.0321,0.2,0.0116,15,10
"20250821",중랑구,0.0101,0.026,0.17,0.0028,19,9
"20250821",강남대로,0.0169,0.0199,0.35,0.0027,13,5
"20250821",강변북로,0.0231,0.0174,0.31,0.0031,14,3
"20250821",공항대로,0.0189,0.019,0.23,0.0023,22,9
"20250821",도산대로,0.0119,0.0318,0.4,0.0031,18,4
"20250821",동작대로,0.0219,0.0224,0.29,0.0024,22,8
"20250821",시흥대로,0.0188,0.0185,0.28,0.0026,19,11
"20250821",신촌로,0.0269,0.0154,0.37,0.0027,24,11
"20250821",영등포로,0.0185,0.0205,0.28,0.0025,20,10
"20250821",정릉로,0.0212,0.0203,0.29,0.0024,21,8
"20250821",종로,0.0141,0.0225,0.27,0.0024,14,6
"20250821",천호대로,0.0159,0.0226,0.29,0.0021,14,7
"20250821",청계천로,0.0165,0.0213,0.32,0.0036,20,10
"20250821",한강대로,0.0148,0.0225,0.33,0.0035,17,9
"20250821",홍릉로,0.018,0.0236,0.28,0.0027,19,4
"20250821",화랑로,0.0216,0.0235,0.32,0.0022,21,11
"20250821",관악산,0.0077,0.0372,0.21,0.0028,13,3
"20250821",남산,0.0104,0.0278,0.22,0.003,8,2
"20250821",북한산,0.0047,0.0279,0.3,0.003,22,7
"20250821",세곡,,0.026,0.28,0.0029,16,4
"20250821",항동,0.0105,0.0167,0.47,0.0034,13,7
"20250821",행주,0.0097,0.0183,0.34,0.0024,14,7
"20250821",마포아트센터,0.0091,0.0325,0.21,0.003,13,9
"20250821",서울숲,0.011,0.0261,0.27,0.0028,12,2
"20250821",올림픽공원,0.0078,0.0329,0.16,0.0028,13,5
"20250821",자연사박물관,0.0083,0.0312,0.34,0.003,14,2
"20250822",강남구,0.0151,0.024,0.23,0.0026,16,8
"20250822",강동구,0.0118,0.0257,0.43,0.0025,18,8
"20250822",강북구,0.0073,0.026,0.2,0.0022,14,3
"20250822",강서구,0.0122,0.0193,0.19,0.0026,12,7
"20250822",관악구,0.0132,0.0199,0.2,0.0025,14,8
"20250822",광진구,0.0128,0.0297,0.35,0.0028,17,10
"20250822",구로구,0.0098,0.0277,0.21,0.0026,11,2
"20250822",금천구,0.0101,0.0181,0.15,0.0024,13,9
"20250822",노원구,0.0106,0.025,0.21,0.002,14,7
"20250822",도봉구,0.0068,0.0261,0.26,0.0023,11,3
"20250822",동대문구,0.014,0.0229,0.2,0.0024,16,8
"20250822",동작구,0.0117,0.025,0.19,0.0025,12,7
"20250822",마포구,0.012,0.0211,0.19,0.0022,14,8
"20250822",서대문구,0.0075,0.0252,0.32,0.0028,9,6
"20250822",서초구,0.0116,0.0262,0.31,0.0029,11,4
"20250822",성동구,0.0157,0.0236,0.23,0.0028,12,8
"20250822",성북구,0.01,0.0243,0.27,0.0032,10,3
"20250822",송파구,0.0145,0.024,0.22,0.0028,15,10
"20250822",양천구,0.0112,0.0204,0.18,0.0024,13,6
"20250822",영등포구,0.0138,0.018,0.27,0.0023,12,7
"20250822",용산구,0.0128,0.0186,0.24,0.0028,15,10
"20250822",은평구,0.0082,0.0212,0.3,0.0024,10,2
"20250822",종로구,0.0154,0.0253,0.22,0.0026,15,9
"20250822",중구,0.0127,0.0281,0.21,0.0117,13,7
"20250822",중랑구,0.011,0.025,0.21,0.0029,17,8
"20250822",강남대로,0.0156,0.0161,0.36,0.0028,10,4
"20250822",강변북로,0.0225,0.0154,0.32,0.0032,15,5
"20250822",공항대로,0.0212,0.0153,0.24,0.0023,16,7
"20250822",도산대로,0.0135,0.0272,0.35,0.0033,17,3
"20250822",동작대로,0.0212,0.0197,0.28,0.0025,19,5
"20250822",시흥대로,0.0202,0.02,0.28,0.0027,16,8
"20250822",신촌로,0.0265,0.0123,0.4,0.0026,18,10
"20250822",영등포로,0.0215,0.0188,0.3,0.0026,16,8
"20250822",정릉로,0.0208,0.0178,0.27,0.0024,16,5
"20250822",종로,0.0134,0.0199,0.25,0.0023,12,5
"20250822",천호대로,0.0185,0.0199,0.32,0.0023,13,4
"20250822",청계천로,0.0166,0.0187,0.31,0.0031,17,8
"20250822",한강대로,0.0151,0.0201,0.32,0.0035,14,8
"20250822",홍릉로,0.0197,0.0164,0.31,0.0028,16,4
"20250822",화랑로,0.0211,0.0214,0.32,0.0024,19,10
"20250822",관악산,0.0082,0.0388,0.21,0.003,12,4
"20250822",남산,0.0114,0.0243,0.2,0.0031,5,1
"20250822",북한산,0.0046,0.0254,0.27,0.003,16,7
"20250822",세곡,0.014,0.0196,0.26,0.0031,14,3
"20250822",항동,0.0103,0.0191,0.48,0.0035,11,5
"20250822",행주,0.0088,0.0176,0.36,0.0026,11,5
"20250822",마포아트센터,0.0097,0.0299,0.21,0.0031,11,7
"20250822",서울숲,0.0132,0.0225,0.29,0.0029,16,2
"20250822",올림픽공원,0.0096,0.0268,0.16,0.003,11,3
"20250822",자연사박물관,0.0086,0.0274,0.33,0.003,11,1
"20250823",강남구,0.0114,0.0312,0.24,0.0024,20,11
"20250823",강동구,0.0105,0.0307,0.48,0.0024,22,11
"20250823",강북구,0.0069,0.0296,0.21,0.0021,19,7
"20250823",강서구,0.0111,0.0243,0.22,0.0025,17,11
"20250823",관악구,0.0105,0.0343,0.23,0.0021,19,12
"20250823",광진구,0.0111,0.0352,0.38,0.0029,21,13
"20250823",구로구,0.0086,0.0354,0.23,0.0027,16,4
"20250823",금천구,0.0088,0.0223,0.18,0.0022,18,12
"20250823",노원구,0.0102,0.0293,0.23,0.0019,18,11
"20250823",도봉구,0.0064,0.0295,0.28,0.0023,16,6
"20250823",동대문구,0.0138,0.0287,0.22,0.0023,20,13
"20250823",동작구,0.0095,0.0321,0.21,0.0023,17,10
"20250823",마포구,0.0126,0.0273,0.22,0.0022,18,11
"20250823",서대문구,0.0063,0.0334,0.36,0.0028,14,8
"20250823",서초구,0.0103,0.0321,0.34,0.0029,17,6
"20250823",성동구,0.0128,0.0312,0.24,0.0025,17,12
"20250823",성북구,0.0096,0.0283,0.31,0.0032,14,7
"20250823",송파구,0.0139,0.0318,0.24,0.0025,22,13
"20250823",양천구,0.0104,0.028,0.21,0.0023,21,10
"20250823",영등포구,0.0115,0.027,0.28,0.0023,17,11
"20250823",용산구,0.0104,0.0272,0.27,0.0026,20,15
"20250823",은평구,0.0078,0.0266,0.33,0.0023,13,4
"20250823",종로구,0.0155,0.0318,0.24,0.0028,18,12
"20250823",중구,0.0097,0.0362,0.22,0.0118,17,11
"20250823",중랑구,0.0114,0.028,0.25,0.0027,22,13
"20250823",강남대로,0.0159,0.0208,0.48,0.0025,15,7
"20250823",강변북로,0.0226,0.0186,0.36,0.0031,23,7
"20250823",공항대로,0.0186,0.0236,0.23,0.0022,19,9
"20250823",도산대로,0.0113,0.0344,0.37,0.0032,21,4
"20250823",동작대로,0.023,0.0236,0.31,0.0023,20,8
"20250823",시흥대로,0.0192,0.0235,0.31,0.0024,20,11
"20250823",신촌로,0.027,0.0181,0.44,0.0024,24,13
"20250823",영등포로,0.0191,0.0247,0.3,0.0025,21,10
"20250823",정릉로,0.0214,0.0224,0.29,0.0024,22,9
"20250823",종로,0.0136,0.025,0.26,0.0022,15,9
"20250823",천호대로,0.0183,0.0254,0.36,0.0023,15,7
"20250823",청계천로,0.016,0.0249,0.3,0.0031,21,12
"20250823",한강대로,0.0137,0.0275,0.35,0.0035,17,12
"20250823",홍릉로,0.0189,0.0224,0.33,0.0027,21,5
"20250823",화랑로,0.0207,0.026,0.33,0.0022,21,13
"20250823",관악산,0.007,0.0485,0.26,0.003,18,7
"20250823",남산,0.0079,0.0316,0.19,0.0031,10,2
"20250823",북한산,0.0043,0.0276,0.28,0.0029,22,9
"20250823",세곡,0.0135,0.0261,0.27,0.0028,17,4
"20250823",항동,0.0112,0.0215,0.52,0.0034,16,8
"20250823",행주,0.0096,0.0217,0.37,0.0024,15,9
"20250823",마포아트센터,0.0084,0.0366,0.24,0.0031,16,10
"20250823",서울숲,0.0097,0.0262,0.32,0.0028,16,5
"20250823",올림픽공원,0.007,0.0321,0.17,0.0028,15,4
"20250823",자연사박물관,0.0074,0.0355,0.37,0.003,13,2
"20250824",강남구,0.0113,0.0346,0.33,0.0028,25,16
"20250824",강동구,0.0074,0.0368,0.51,0.0024,24,16
"20250824",강북구,0.0063,0.039,0.26,0.0024,24,11
"20250824",강서구,0.011,0.0334,0.29,0.0027,21,15
"20250824",관악구,0.011,0.0358,0.3,0.0023,23,16
"20250824",광진구,0.0087,0.042,0.42,0.0031,25,17
"20250824",구로구,0.0082,0.04,0.29,0.0028,20,9
"20250824",금천구,0.0088,0.0248,0.22,0.0022,21,15
"20250824",노원구,0.0092,0.0382,0.28,0.0023,23,15
"20250824",도봉구,0.0051,0.0408,0.32,0.0025,20,9
"20250824",동대문구,0.0132,0.0358,0.28,0.0026,25,17
"20250824",동작구,0.0096,0.0348,0.28,0.0026,21,13
"20250824",마포구,0.0135,0.0368,0.29,0.0024,22,16
"20250824",서대문구,0.0066,0.0392,0.4,0.003,16,11
"20250824",서초구,0.009,0.0373,0.38,0.0033,19,9
"20250824",성동구,0.0114,0.0363,0.3,0.0029,22,16
"20250824",성북구,0.0082,0.0366,0.43,0.0035,16,10
"20250824",송파구,0.0114,0.035,0.28,0.0029,24,15
"20250824",양천구,0.0099,0.0386,0.27,0.0025,25,14
"20250824",영등포구,0.0113,0.0353,0.33,0.0025,21,16
"20250824",용산구,0.0127,0.0299,0.36,0.003,25,18
"20250824",은평구,0.0072,0.0348,0.36,0.0026,19,9
"20250824",종로구,0.0141,0.0396,0.3,0.0031,22,15
"20250824",중구,0.0108,0.0427,0.28,0.0122,22,15
"20250824",중랑구,0.0082,0.0364,0.28,0.0027,26,17
"20250824",강남대로,0.0139,0.0226,0.48,0.0027,17,9
"20250824",강변북로,0.018,0.0252,0.4,0.0033,22,8
"20250824",공항대로,0.0168,0.031,0.25,0.0023,23,13
"20250824",도산대로,0.0103,0.0384,0.41,0.0036,23,6
"20250824",동작대로,0.0187,0.0297,0.36,0.0025,26,12
"20250824",시흥대로,0.0205,0.0276,0.41,0.0026,25,16
"20250824",신촌로,0.0255,0.0251,0.42,0.0026,29,17
"20250824",영등포로,0.0182,0.0321,0.34,0.0027,25,15
"20250824",정릉로,0.019,0.0302,0.34,0.0025,25,13
"20250824",종로,0.0125,0.0311,0.29,0.0025,20,12
"20250824",천호대로,0.0151,0.0297,0.38,0.0022,19,10
"20250824",청계천로,0.0131,0.0312,0.33,0.0031,25,15
"20250824",한강대로,0.0138,0.0331,0.41,0.0038,23,15
"20250824",홍릉로,0.0174,0.0315,0.35,0.003,25,8
"20250824",화랑로,0.0193,0.0334,0.37,0.0022,25,18
"20250824",관악산,0.0071,0.0545,0.29,0.0037,22,11
"20250824",남산,0.0113,0.0353,0.27,0.0034,14,6
"20250824",북한산,0.004,0.0357,0.33,0.0032,26,13
"20250824",세곡,0.0129,0.0279,0.28,0.0029,20,6
"20250824",항동,0.0098,0.0278,0.57,0.0035,18,10
"20250824",행주,0.0095,0.0279,0.45,0.0026,20,14
"20250824",마포아트센터,0.009,0.0442,0.3,0.0035,20,15
"20250824",서울숲,0.01,0.031,0.37,0.0031,21,10
"20250824",올림픽공원,0.0062,0.0366,0.19,0.0027,17,9
"20250824",자연사박물관,0.0085,0.0421,0.41,0.0033,17,5
"20250825",강남구,0.0114,0.0341,0.28,0.0025,24,12
"20250825",강동구,0.0086,0.0341,0.5,0.0023,25,13
"20250825",강북구,0.0082,0.034,0.25,0.0022,23,8
"20250825",강서구,0.01,0.0305,0.27,0.0024,22,12
"20250825",관악구,0.0093,0.0364,0.24,0.0021,23,12
"20250825",광진구,0.011,0.0374,0.39,0.0028,25,15
"20250825",구로구,0.0083,0.0417,0.26,0.0025,19,6
"20250825",금천구,0.0083,0.0217,0.19,0.0021,24,12
"20250825",노원구,0.0119,0.0315,0.28,0.002,22,13
"20250825",도봉구,0.0072,0.0335,0.33,0.0023,18,7
"20250825",동대문구,0.0149,0.0324,0.26,0.0023,24,14
"20250825",동작구,0.0093,0.0346,0.24,0.0022,21,11
"20250825",마포구,0.0106,0.0381,0.25,0.0021,23,13
"20250825",서대문구,0.0068,0.0414,0.4,0.0027,16,9
"20250825",서초구,0.0083,0.0399,0.35,0.0029,22,7
"20250825",성동구,0.0121,0.0355,0.26,0.0025,21,13
"20250825",성북구,0.0118,0.0286,0.36,0.0032,16,10
"20250825",송파구,0.012,0.0344,0.27,0.0027,23,13
"20250825",양천구,0.0106,0.0338,0.25,0.0022,26,12
"20250825",영등포구,0.0115,0.0335,0.31,0.0022,22,13
"20250825",용산구,0.0092,0.0336,0.26,0.0026,24,16
"20250825",은평구,0.0085,0.0323,0.37,0.0023,20,6
"20250825",종로구,0.0159,0.0381,0.31,0.0029,22,13
"20250825",중구,0.0136,0.036,0.3,0.009,23,13
"20250825",중랑구,0.0121,0.0308,0.28,0.0027,25,14
"20250825",강남대로,0.0146,0.0239,0.46,0.0025,18,6
"20250825",강변북로,0.0169,0.0264,0.34,0.003,23,8
"20250825",공항대로,0.0173,0.0324,0.2,0.0021,22,11
"20250825",도산대로,0.0111,0.0392,0.4,0.0032,25,4
"20250825",동작대로,0.0214,0.029,0.32,0.0023,26,8
"20250825",시흥대로,0.0219,0.0263,0.34,0.0024,26,12
"20250825",신촌로,0.0263,0.0241,0.41,0.0024,31,14
"20250825",영등포로,0.0171,0.029,0.32,0.0024,23,12
"20250825",정릉로,0.0228,0.0179,0.37,0.0025,26,14
"20250825",종로,0.0162,0.0268,0.34,0.0023,22,10
"20250825",천호대로,0.0172,0.028,0.35,0.0022,20,7
"20250825",청계천로,0.0191,0.0264,0.43,0.0032,28,13
"20250825",한강대로,0.0147,0.0322,0.4,0.0036,26,14
"20250825",홍릉로,0.0186,0.0288,0.35,0.0027,25,6
"20250825",화랑로,0.0235,0.0253,0.35,0.0021,26,16
"20250825",관악산,0.0075,0.051,0.25,0.003,21,7
"20250825",남산,0.0108,0.0355,0.28,0.0032,13,3
"20250825",북한산,0.0047,0.0349,0.33,0.0029,23,11
"20250825",세곡,0.0119,0.0289,0.26,0.0029,22,5
"20250825",항동,0.01,0.0257,0.56,0.0033,18,8
"20250825",행주,0.0123,0.0281,0.45,0.0022,21,11
"20250825",마포아트센터,0.0083,0.0437,0.27,0.0031,20,13
"20250825",서울숲,0.0101,0.0324,0.32,0.0028,20,6
"20250825",올림픽공원,0.0073,0.0377,0.19,0.0027,18,6
"20250825",자연사박물관,0.007,0.0418,0.41,0.003,18,3
"20250826",강남구,0.0116,0.0426,0.32,0.0023,16,8
"20250826",강동구,0.0083,0.0433,0.54,0.0022,15,8
"20250826",강북구,0.0064,0.0431,0.28,0.0021,15,4
"20250826",강서구,0.0119,0.0375,0.3,0.0024,16,8
"20250826",관악구,0.0112,0.0434,0.29,0.0019,15,9
"20250826",광진구,0.0097,0.0503,0.42,0.0027,16,9
"20250826",구로구,0.009,0.0477,0.29,0.0023,12,2
"20250826",금천구,0.0087,0.0313,0.2,0.0019,14,7
"20250826",노원구,0.0088,0.041,0.28,0.0019,15,8
"20250826",도봉구,0.0048,0.0437,0.34,0.0023,13,5
"20250826",동대문구,0.0143,0.0394,0.3,0.0022,18,11
"20250826",동작구,0.0092,0.0419,0.28,0.0021,13,7
"20250826",마포구,0.012,0.0428,0.29,0.0022,17,9
"20250826",서대문구,0.0068,0.0454,0.42,0.0027,12,8
"20250826",서초구,0.0106,0.0456,0.39,0.0027,14,4
"20250826",성동구,0.0137,0.0412,0.3,0.0023,13,8
"20250826",성북구,0.0091,0.0401,0.37,0.003,10,5
"20250826",송파구,0.0118,0.0433,0.28,0.0024,14,9
"20250826",양천구,0.0112,0.0428,0.28,0.0022,18,8
"20250826",영등포구,0.0115,0.0396,0.34,0.0021,15,9
"20250826",용산구,0.0118,0.0377,0.34,0.0024,16,10
"20250826",은평구,0.0092,0.0379,0.39,0.0023,14,3
"20250826",종로구,0.0162,0.0436,0.34,0.0026,17,11
"20250826",중구,0.0135,0.0407,0.3,0.0023,17,10
"20250826",중랑구,0.0112,0.0406,0.3,0.0025,17,10
"20250826",강남대로,0.013,0.0342,0.46,0.0023,9,4
"20250826",강변북로,0.023,0.0293,0.39,0.0029,17,4
"20250826",공항대로,0.0211,0.0367,0.17,0.0022,18,11
"20250826",도산대로,0.012,0.0443,0.37,0.003,16,3
"20250826",동작대로,0.0211,0.0354,0.36,0.0022,19,7
"20250826",시흥대로,0.0179,0.0379,0.33,0.0023,16,7
"20250826",신촌로,0.0332,0.0242,0.51,0.0025,23,11
"20250826",영등포로,0.0274,0.0281,0.46,0.0026,18,8
"20250826",정릉로,0.0217,0.0373,0.37,0.0026,20,7
"20250826",종로,0.0161,0.0345,0.37,0.0022,15,7
"20250826",천호대로,0.0169,0.0357,0.37,0.0021,12,4
"20250826",청계천로,0.0182,0.0334,0.44,0.0031,21,11
"20250826",한강대로,0.0171,0.035,0.45,0.0033,17,11
"20250826",홍릉로,0.0215,0.0318,0.4,0.0027,17,4
"20250826",화랑로,0.019,0.041,0.34,0.0021,16,10
"20250826",관악산,0.0077,0.0616,0.28,0.0026,9,3
"20250826",남산,0.0104,0.0393,0.41,0.0029,7,2
"20250826",북한산,0.0037,0.0458,0.32,0.0029,17,8
"20250826",세곡,0.0109,0.0391,0.26,0.0027,11,3
"20250826",항동,0.0102,0.0364,0.57,0.0032,13,5
"20250826",행주,0.0091,0.0369,0.43,0.0023,13,7
"20250826",마포아트센터,0.0098,0.0464,0.31,0.0027,12,6
"20250826",서울숲,0.0103,0.037,0.39,0.0026,12,3
"20250826",올림픽공원,0.0071,0.045,0.2,0.0026,11,3
"20250826",자연사박물관,0.0085,0.047,0.45,0.003,12,1
"20250827",강남구,0.0162,0.0431,0.38,0.0025,22,10
"20250827",강동구,0.0114,0.0413,0.54,0.0023,20,10
"20250827",강북구,0.0061,0.0422,0.29,0.002,21,6
"20250827",강서구,0.0156,0.0407,0.37,0.0025,22,12
"20250827",관악구,0.0152,0.0495,0.35,0.0021,22,13
"20250827",광진구,0.0128,0.0486,0.43,0.0028,20,11
"20250827",구로구,0.0131,0.0471,0.34,0.0025,24,9
"20250827",금천구,0.011,0.0361,0.26,0.002,22,12
"20250827",노원구,0.0107,0.0391,0.32,0.002,19,9
"20250827",도봉구,0.0061,0.0437,0.32,0.0024,17,6
"20250827",동대문구,0.0155,0.0436,0.34,0.0023,22,12
"20250827",동작구,0.0134,0.0477,0.34,0.0021,20,11
"20250827",마포구,0.0152,0.049,0.36,0.0022,22,12
"20250827",서대문구,0.0082,0.0445,0.43,0.0024,18,10
"20250827",서초구,0.0143,0.0462,0.42,0.0027,20,8
"20250827",성동구,0.0152,0.0444,0.35,0.0024,18,11
"20250827",성북구,0.0109,0.0415,0.38,0.0029,15,7
"20250827",송파구,0.0168,0.0429,0.35,0.0024,19,11
"20250827",양천구,0.0151,0.0489,0.35,0.0024,25,10
"20250827",영등포구,0.0165,0.0456,0.43,0.0023,22,13
"20250827",용산구,0.0149,0.0407,0.41,0.0027,22,12
"20250827",은평구,0.0085,0.0391,0.39,0.0022,18,4
"20250827",종로구,0.017,0.0469,0.39,0.0027,21,11
"20250827",중구,0.0149,0.0474,0.37,0.0019,20,11
"20250827",중랑구,0.0104,0.0405,0.34,0.0026,21,10
"20250827",강남대로,0.0219,0.0304,0.53,0.0027,18,8
"20250827",강변북로,0.0291,0.0257,0.42,0.0031,21,6
"20250827",공항대로,0.0249,0.0195,0.21,0.0022,23,11
"20250827",도산대로,0.0173,0.0463,0.4,0.0033,23,7
"20250827",동작대로,0.03,0.0366,0.44,0.0024,29,12
"20250827",시흥대로,0.0374,0.0335,0.51,0.0027,28,13
"20250827",신촌로,0.0303,0.0316,0.52,0.0025,29,14
"20250827",영등포로,0.0249,0.0368,0.45,0.0026,25,12
"20250827",정릉로,0.0243,0.0305,0.42,0.0025,25,8
"20250827",종로,0.018,0.0349,0.41,0.0023,17,5
"20250827",천호대로,0.0213,0.0343,0.45,0.0022,15,5
"20250827",청계천로,0.0259,0.0206,0.5,0.003,22,10
"20250827",한강대로,0.0169,0.0413,0.47,0.0024,22,12
"20250827",홍릉로,0.0187,0.0383,0.4,0.0026,23,10
"20250827",화랑로,0.0201,0.0162,0.48,0.0023,23,11
"20250827",관악산,0.0085,0.0726,0.3,0.0025,22,9
"20250827",남산,0.0137,0.0451,0.46,0.0029,15,3
"20250827",북한산,0.0041,0.0389,0.29,0.0028,25,9
"20250827",세곡,0.016,0.038,0.33,0.0028,19,4
"20250827",항동,0.0156,0.0326,0.62,0.0034,21,9
"20250827",행주,0.0098,0.0394,0.42,0.0025,19,10
"20250827",마포아트센터,0.0118,0.0539,0.36,0.0027,20,10
"20250827",서울숲,0.0125,0.0393,0.41,0.0027,18,5
"20250827",올림픽공원,0.0082,0.0433,0.21,0.0027,13,4
"20250827",자연사박물관,0.0088,0.0499,0.46,0.0028,18,4
"20250828",강남구,0.0138,0.0345,0.33,0.0024,23,13
"20250828",강동구,0.0084,0.0409,0.49,0.0024,24,11
"20250828",강북구,0.0086,0.0398,0.3,0.002,23,10
"20250828",강서구,0.0138,0.038,0.35,0.0027,23,15
"20250828",관악구,0.0122,0.0432,0.31,0.0021,23,14
"20250828",광진구,0.012,0.0425,0.4,0.0031,23,14
"20250828",구로구,0.0122,0.0387,0.32,0.0025,23,11
"20250828",금천구,0.011,0.0288,0.25,0.002,23,15
"20250828",노원구,0.0114,0.0416,0.31,0.0021,22,13
"20250828",도봉구,0.0079,0.039,0.32,0.0024,20,8
"20250828",동대문구,0.0146,0.0396,0.29,0.0023,24,14
"20250828",동작구,0.0117,0.0398,0.3,0.0021,21,12
"20250828",마포구,0.0125,0.0453,0.31,0.0022,23,14
"20250828",서대문구,0.0078,0.0446,0.42,0.0027,18,11
"20250828",서초구,0.013,0.038,0.38,0.0027,20,9
"20250828",성동구,0.0129,0.04,0.3,0.0024,20,13
"20250828",성북구,0.0115,0.0382,0.38,0.0031,15,9
"20250828",송파구,0.0143,0.036,0.32,0.0025,23,14
"20250828",양천구,0.0137,0.0431,0.34,0.0025,25,14
"20250828",영등포구,0.0147,0.0398,0.39,0.0024,22,14
"20250828",용산구,0.0134,0.0361,0.34,0.0027,23,15
"20250828",은평구,0.01,0.0395,0.37,0.0024,19,7
"20250828",종로구,0.0167,0.0418,0.33,0.0028,20,13
"20250828",중구,0.0164,0.0395,0.34,,22,14
"20250828",중랑구,0.0108,0.0404,0.3,0.0026,23,14
"20250828",강남대로,0.0168,0.0281,0.5,0.0029,19,8
"20250828",강변북로,0.0223,0.027,0.35,0.003,21,7
"20250828",공항대로,0.0173,0.0296,0.28,0.0023,20,11
"20250828",도산대로,0.0135,0.0425,0.35,0.003,24,7
"20250828",동작대로,0.0243,0.0324,0.39,0.0024,26,13
"20250828",시흥대로,0.0283,0.0287,0.45,0.0027,27,14
"20250828",신촌로,0.0284,0.0284,0.46,0.0024,28,16
"20250828",영등포로,0.0252,0.0296,0.43,0.0027,26,14
"20250828",정릉로,0.0274,0.0272,0.41,0.0026,25,12
"20250828",종로,0.0186,0.0328,0.4,0.0024,18,9
"20250828",천호대로,0.0184,0.0336,0.42,0.0022,18,6
"20250828",청계천로,0.0211,0.0208,0.48,0.0032,22,10
"20250828",한강대로,0.0183,0.033,0.47,0.0025,25,15
"20250828",홍릉로,0.0201,0.0338,0.37,0.0026,24,12
"20250828",화랑로,0.0166,0.0298,0.3,0.0023,20,14
"20250828",관악산,0.0077,0.0594,0.29,0.0025,23,10
"20250828",남산,0.0134,0.0389,0.33,0.0029,16,5
"20250828",북한산,0.0057,0.0355,0.27,0.003,29,12
"20250828",세곡,0.0123,0.0383,0.29,0.0032,23,7
"20250828",항동,0.0135,0.0291,0.62,0.0031,21,12
"20250828",행주,0.0148,0.0324,0.46,0.0031,20,12
"20250828",마포아트센터,0.0106,0.0467,0.32,0.0029,19,11
"20250828",서울숲,0.0111,0.0353,0.37,0.0029,20,7
"20250828",올림픽공원,0.0079,0.0396,0.23,0.0028,17,9
"20250828",자연사박물관,0.009,0.0455,0.45,0.003,18,5
"20250829",강남구,0.0089,0.0259,0.23,0.0024,20,8
"20250829",강동구,0.0065,0.0314,0.43,0.0024,21,8
"20250829",강북구,0.0056,0.0319,0.18,0.002,18,6
"20250829",강서구,0.0092,0.024,0.21,0.0022,19,8
"20250829",관악구,0.0079,0.0296,0.21,0.0019,19,10
"20250829",광진구,0.008,0.0349,0.35,0.0031,20,10
"20250829",구로구,0.0076,0.0332,0.22,0.0026,16,5
"20250829",금천구,0.0083,0.0222,0.19,0.0022,19,7
"20250829",노원구,0.0094,0.0277,0.2,0.0021,17,8
"20250829",도봉구,0.005,0.0336,0.23,0.0024,19,9
"20250829",동대문구,0.0117,0.0274,0.19,0.0023,20,9
"20250829",동작구,0.0065,0.0281,0.18,0.002,18,7
"20250829",마포구,0.0093,0.0268,0.19,0.002,17,8
"20250829",서대문구,0.0059,0.0372,0.36,0.0027,13,5
"20250829",서초구,0.0074,0.0305,0.32,0.003,17,4
"20250829",성동구,0.0109,0.0223,0.21,0.0023,17,10
"20250829",성북구,0.0075,0.0293,0.36,0.003,11,5
"20250829",송파구,0.0082,0.0295,0.19,0.0024,18,8
"20250829",양천구,0.0085,0.0252,0.19,0.0022,23,7
"20250829",영등포구,0.0093,0.0238,0.25,0.0022,18,8
"20250829",용산구,0.0082,0.0249,0.22,0.0025,20,11
"20250829",은평구,0.0078,0.0278,0.31,0.0023,15,3
"20250829",종로구,0.0132,0.0312,0.23,0.0026,17,9
"20250829",중구,0.0123,0.025,0.21,0.0018,19,9
"20250829",중랑구,0.01,0.026,0.22,0.0026,21,10
"20250829",강남대로,0.0108,0.0236,0.4,0.0028,11,3
"20250829",강변북로,0.0159,0.0195,0.3,0.0031,17,4
"20250829",공항대로,0.0181,0.019,0.23,0.0022,20,9
"20250829",도산대로,0.0094,0.0306,0.26,0.0032,19,3
"20250829",동작대로,0.0151,0.0233,0.26,0.0022,24,7
"20250829",시흥대로,0.0134,0.0198,0.25,0.0024,22,7
"20250829",신촌로,0.0294,0.0145,0.43,0.0025,25,10
"20250829",영등포로,0.019,0.0177,0.32,0.0026,22,8
"20250829",정릉로,0.0206,0.0192,0.32,0.0025,22,7
"20250829",종로,0.0135,0.0225,0.28,0.0023,22,6
"20250829",천호대로,0.0139,0.0209,0.29,0.0022,14,4
"20250829",청계천로,0.0144,0.016,0.33,0.0031,25,8
"20250829",한강대로,0.0142,0.0246,0.38,0.0025,20,9
"20250829",홍릉로,0.0172,0.0219,0.3,0.0026,21,7
"20250829",화랑로,0.0189,0.0195,0.25,0.0022,20,11
"20250829",관악산,0.0053,0.0412,0.28,0.0027,12,2
"20250829",남산,0.0089,0.0281,0.3,0.0029,9,2
"20250829",북한산,0.0032,0.0346,0.16,0.003,22,8
"20250829",세곡,0.0087,0.0297,0.17,0.0033,18,2
"20250829",항동,0.0074,0.0234,0.51,0.0023,14,6
"20250829",행주,0.0081,0.0275,0.31,0.0026,17,7
"20250829",마포아트센터,0.0072,0.034,0.23,0.003,15,6
"20250829",서울숲,0.0084,0.0228,0.26,0.0029,15,2
"20250829",올림픽공원,0.0057,0.0348,0.2,0.0029,14,3
"20250829",자연사박물관,0.0063,0.034,0.37,0.003,14,1
"20250830",강남구,0.0112,0.0254,0.24,0.0023,12,6
"20250830",강동구,0.0076,0.0328,0.44,0.0021,13,6
"20250830",강북구,0.0064,0.0299,0.21,0.0018,18,5
"20250830",강서구,0.0115,0.023,0.21,0.0022,14,7
"20250830",관악구,0.0096,0.0271,0.21,0.0018,13,7
"20250830",광진구,0.0099,0.0361,0.35,0.0026,15,7
"20250830",구로구,0.0073,0.034,0.22,0.0023,10,4
"20250830",금천구,0.0093,0.0243,0.22,0.0025,14,6
"20250830",노원구,0.0104,0.0259,0.22,0.0018,14,7
"20250830",도봉구,0.0064,0.0289,0.26,0.0023,13,6
"20250830",동대문구,0.0142,0.0266,0.22,0.0022,15,8
"20250830",동작구,0.0078,0.0269,0.19,0.002,12,6
"20250830",마포구,0.0125,0.0264,0.22,0.002,13,7
"20250830",서대문구,0.0059,0.0331,0.34,0.0026,11,5
"20250830",서초구,0.0094,0.0295,0.33,0.0028,10,3
"20250830",성동구,0.0129,0.0254,0.22,0.0021,11,7
"20250830",성북구,0.0094,0.0293,0.3,0.0029,8,4
"20250830",송파구,0.0119,0.0272,0.22,0.0022,12,6
"20250830",양천구,0.0097,0.0261,0.2,0.0022,16,6
"20250830",영등포구,0.0102,0.0247,0.26,0.0021,12,7
"20250830",용산구,0.0106,0.0245,0.26,0.0024,13,7
"20250830",은평구,0.0074,0.0252,0.3,0.0021,13,2
"20250830",종로구,0.0154,0.0299,0.26,0.0024,13,8
"20250830",중구,0.0129,0.0274,0.23,0.0005,13,7
"20250830",중랑구,0.0095,0.0292,0.22,0.0024,15,8
"20250830",강남대로,0.0135,0.0245,0.38,0.0025,9,4
"20250830",강변북로,0.0227,0.0183,0.32,0.0029,14,3
"20250830",공항대로,0.0191,0.0187,0.25,0.0022,16,7
"20250830",도산대로,0.0117,0.0309,0.27,0.0032,12,4
"20250830",동작대로,0.0199,0.0173,0.3,0.0021,17,5
"20250830",시흥대로,0.0167,0.018,0.28,0.0023,16,6
"20250830",신촌로,0.0282,0.0158,0.37,0.0024,19,9
"20250830",영등포로,0.0196,0.0179,0.32,0.0025,17,7
"20250830",정릉로,0.0214,0.0199,0.33,0.0024,18,6
"20250830",종로,0.0155,0.0212,0.29,0.0022,16,4
"20250830",천호대로,0.0158,0.0224,0.31,0.002,10,4
"20250830",청계천로,0.0164,0.015,0.33,0.003,18,7
"20250830",한강대로,0.0142,0.0254,0.37,0.0025,12,8
"20250830",홍릉로,0.0175,0.0228,0.32,0.0025,16,6
"20250830",화랑로,0.0207,0.021,0.33,0.0021,16,9
"20250830",관악산,0.0055,0.0426,0.31,0.0025,9,2
"20250830",남산,0.0102,0.0293,0.28,0.0027,5,1
"20250830",북한산,0.0039,0.0312,0.16,0.0028,17,5
"20250830",세곡,0.0098,0.0277,0.3,0.003,11,1
"20250830",항동,0.0087,0.022,0.51,0.0023,12,4
"20250830",행주,0.0084,0.0239,0.34,0.0025,13,6
"20250830",마포아트센터,0.0092,0.0333,0.23,0.0029,10,4
"20250830",서울숲,0.0116,0.0234,0.3,0.0027,11,2
"20250830",올림픽공원,0.0057,0.0313,0.21,0.0027,10,3
"20250830",자연사박물관,0.0078,0.0328,0.36,0.0028,10,1
"20250831",강남구,0.0095,0.0177,0.24,0.003,26,17
"20250831",강동구,0.0059,0.0216,0.43,0.0032,23,14
"20250831",강북구,0.0066,0.0206,0.24,0.0027,27,13
"20250831",강서구,0.0097,0.019,0.25,0.0031,22,17
"20250831",관악구,0.0091,0.0223,0.23,0.0026,23,17
"20250831",광진구,0.0079,0.0251,0.33,0.0036,25,17
"20250831",구로구,0.0084,0.0235,0.25,0.0034,19,15
"20250831",금천구,0.0096,0.0177,0.24,0.003,22,16
"20250831",노원구,0.0085,0.0214,0.23,0.0027,25,17
"20250831",도봉구,0.0059,0.0216,0.25,0.0026,21,12
"20250831",동대문구,0.0125,0.0199,0.23,0.0029,27,18
"20250831",동작구,0.0086,0.0191,0.23,0.0027,22,14
"20250831",마포구,0.0108,0.021,0.25,0.0026,24,16
"20250831",서대문구,0.0058,0.0235,0.36,0.0035,17,13
"20250831",서초구,0.0091,0.0196,0.35,0.0037,17,10
"20250831",성동구,0.0098,0.0199,0.23,0.003,22,18
"20250831",성북구,0.0074,0.0214,0.29,0.0038,15,12
"20250831",송파구,0.0096,0.0185,0.22,0.003,24,16
"20250831",양천구,0.0092,0.0221,0.24,0.0029,25,16
"20250831",영등포구,0.0104,0.0196,0.3,0.0029,22,17
"20250831",용산구,0.0092,0.0177,0.28,0.0031,24,17
"20250831",은평구,0.007,0.0199,0.31,0.003,20,8
"20250831",종로구,0.0131,0.0223,0.25,0.0032,22,16
"20250831",중구,0.0106,0.0231,0.25,0.0007,23,16
"20250831",중랑구,0.0077,0.0204,0.22,0.0032,27,18
"20250831",강남대로,0.0103,0.0134,0.36,0.0032,18,11
"20250831",강변북로,0.0142,0.0145,0.29,0.0036,23,9
"20250831",공항대로,0.013,0.0161,0.26,0.0027,24,16
"20250831",도산대로,0.0089,0.0229,0.25,0.0042,22,10
"20250831",동작대로,0.0143,0.0144,0.31,0.0025,24,14
"20250831",시흥대로,0.0169,0.0137,0.36,0.0029,25,16
"20250831",신촌로,0.0231,0.0125,0.34,0.0027,29,17
"20250831",영등포로,0.0167,0.0145,0.34,0.0032,25,17
"20250831",정릉로,0.0148,0.0159,0.3,0.0028,26,14
"20250831",종로,0.0112,0.0167,0.28,0.0027,24,13
"20250831",천호대로,0.0119,0.0163,0.29,0.0026,20,11
"20250831",청계천로,0.0114,0.012,0.3,0.0035,27,16
"20250831",한강대로,0.0128,0.0158,0.39,0.003,24,16
"20250831",홍릉로,0.0134,0.0167,0.29,0.0031,26,13
"20250831",화랑로,0.0138,0.0148,0.29,0.0027,27,19
"20250831",관악산,0.0059,0.0323,0.33,0.0039,20,10
"20250831",남산,0.0112,0.0194,0.33,0.0037,15,7
"20250831",북한산,0.0042,0.0208,0.17,0.0034,25,11
"20250831",세곡,0.008,0.0184,0.34,0.0038,20,7
"20250831",항동,0.0065,0.0179,0.53,0.0033,20,12
"20250831",행주,0.0082,0.0181,0.38,0.0033,19,13
"20250831",마포아트센터,0.0086,0.0247,0.26,0.004,19,13
"20250831",서울숲,0.008,0.0175,0.3,0.0035,19,10
"20250831",올림픽공원,0.0052,0.0216,0.19,0.0033,18,9
"20250831",자연사박물관,0.0079,0.0237,0.39,0.0037,18,6
"20250901",강남구,0.01,0.0234,0.26,0.0022,11,5
"20250901",강동구,0.0082,0.0234,0.45,0.0022,11,4
"20250901",강북구,0.0069,0.0247,0.23,0.0021,12,3
"20250901",강서구,0.0095,0.0233,0.26,0.0024,12,6
"20250901",관악구,0.01,0.0258,0.23,0.002,10,6
"20250901",광진구,0.0104,0.0272,0.34,0.0026,13,6
"20250901",구로구,0.0095,0.0273,0.26,0.0026,11,7
"20250901",금천구,0.0103,0.0247,0.25,0.0025,11,6
"20250901",노원구,0.0094,0.0219,0.22,0.0019,11,5
"20250901",도봉구,0.0068,0.0256,0.25,0.0023,11,5
"20250901",동대문구,0.0131,0.0241,0.23,0.0021,12,7
"20250901",동작구,0.0089,0.0255,0.23,0.002,11,6
"20250901",마포구,0.0105,0.0251,0.25,0.0023,11,6
"20250901",서대문구,0.005,0.029,0.36,0.0027,9,5
"20250901",서초구,0.0088,0.0253,0.34,0.0028,8,3
"20250901",성동구,0.0111,0.0239,0.24,0.0022,9,7
"20250901",성북구,0.0095,0.0229,0.34,0.003,9,3
"20250901",송파구,0.0109,0.0221,0.23,0.0022,11,5
"20250901",양천구,0.0091,0.0263,0.24,0.0023,14,6
"20250901",영등포구,0.0112,0.0227,0.31,0.0022,12,7
"20250901",용산구,0.0089,0.0223,0.25,0.0024,11,7
"20250901",은평구,0.0072,0.0236,0.32,0.0023,9,2
"20250901",종로구,0.0139,0.0263,0.27,0.0024,11,6
"20250901",중구,0.014,0.0226,0.28,0.0031,12,7
"20250901",중랑구,0.0097,0.0189,0.24,0.0026,14,7
"20250901",강남대로,0.013,0.0179,0.37,0.0027,7,3
"20250901",강변북로,0.015,0.0187,0.27,0.0029,10,3
"20250901",공항대로,0.015,0.021,0.27,0.0021,13,7
"20250901",도산대로,0.0113,0.0258,0.28,0.0034,11,3
"20250901",동작대로,0.0169,0.0142,0.31,0.0021,14,4
"20250901",시흥대로,0.0193,0.0185,0.33,0.0025,15,6
"20250901",신촌로,0.021,0.0144,0.33,0.0024,16,8
"20250901",영등포로,0.0171,0.0177,0.33,0.0026,14,6
"20250901",정릉로,0.0194,0.0158,0.33,0.0024,16,5
"20250901",종로,0.0133,0.0205,0.32,0.0023,12,4
"20250901",천호대로,0.0156,0.0174,0.31,0.0021,7,3
"20250901",청계천로,0.015,0.0131,0.4,0.0031,15,6
"20250901",한강대로,0.0121,0.0209,0.36,0.0026,13,7
"20250901",홍릉로,0.0153,0.0196,0.3,0.0025,14,5
"20250901",화랑로,0.0192,0.015,0.31,0.0023,12,7
"20250901",관악산,0.0065,0.0385,0.36,0.0025,9,2
"20250901",남산,0.008,0.0261,0.33,0.0028,5,1
"20250901",북한산,0.0035,0.0274,0.14,0.0029,12,4
"20250901",세곡,0.0113,0.0175,0.35,0.003,10,2
"20250901",항동,0.0101,0.0183,0.55,0.0026,12,5
"20250901",행주,0.009,0.0235,0.38,0.0025,10,5
"20250901",마포아트센터,0.0085,0.0295,0.24,0.0028,9,5
"20250901",서울숲,0.0097,0.0206,0.32,0.0028,8,1
"20250901",올림픽공원,0.0071,0.024,0.19,0.0024,8,2
"20250901",자연사박물관,0.0075,0.0285,0.39,0.0029,9,1
"20250902",강남구,0.013,0.0409,0.34,0.0024,19,9
"20250902",강동구,0.011,0.0459,0.51,0.0022,23,11
"20250902",강북구,0.0044,0.0341,0.25,0.002,21,5
"20250902",강서구,0.0117,0.0323,0.32,0.0023,17,9
"20250902",관악구,0.0137,0.0429,0.32,0.002,20,11
"20250902",광진구,0.0136,0.049,0.41,0.0027,25,12
"20250902",구로구,0.0107,0.0403,0.32,0.0024,19,10
"20250902",금천구,0.0131,0.0379,0.32,0.0025,20,12
"20250902",노원구,0.0097,0.0347,0.27,0.0018,19,8
"20250902",도봉구,0.0054,0.0399,0.24,0.0024,16,8
"20250902",동대문구,0.0142,0.0392,0.29,0.0021,19,10
"20250902",동작구,0.0123,0.0416,0.31,0.0021,18,9
"20250902",마포구,0.0113,0.0399,0.31,0.0023,19,9
"20250902",서대문구,0.0054,0.0399,0.37,0.0025,15,7
"20250902",서초구,0.0133,0.0389,0.4,0.0027,17,7
"20250902",성동구,0.0124,0.0424,0.31,0.0024,16,10
"20250902",성북구,0.0101,0.0361,0.44,0.003,14,6
"20250902",송파구,0.0139,0.0426,0.31,0.0022,19,9
"20250902",양천구,0.0112,0.0439,0.3,0.0023,19,9
"20250902",영등포구,0.0138,0.0312,0.37,0.0021,17,9
"20250902",용산구,0.0132,0.0355,0.36,0.0025,20,10
"20250902",은평구,0.0066,0.0338,0.3,0.0021,16,3
"20250902",종로구,0.0145,0.0418,0.33,0.0023,19,9
"20250902",중구,0.0104,0.0443,0.3,0.0029,17,9
"20250902",중랑구,0.0108,0.0381,0.29,0.0025,23,11
"20250902",강남대로,0.0197,0.0291,0.43,0.0027,17,5
"20250902",강변북로,0.0216,0.0277,0.32,0.0028,18,5
"20250902",공항대로,0.019,0.028,0.34,0.0021,20,9
"20250902",도산대로,0.0148,0.0379,0.39,0.0033,18,5
"20250902",동작대로,0.0247,0.0306,0.39,0.0019,23,8
"20250902",시흥대로,0.0297,0.0297,0.45,0.0025,25,10
"20250902",신촌로,0.0223,0.0249,0.47,0.0025,29,12
"20250902",영등포로,0.0196,0.0333,0.38,0.0024,20,9
"20250902",정릉로,0.025,0.0254,0.41,0.0024,23,8
"20250902",종로,0.0119,0.0337,0.33,0.0023,20,6
"20250902",천호대로,0.0222,0.0369,0.43,0.0021,18,5
"20250902",청계천로,0.0179,0.0211,0.44,0.0029,22,8
"20250902",한강대로,0.0123,0.0371,0.39,0.0027,16,10
"20250902",홍릉로,0.0209,0.031,0.38,0.0026,22,8
"20250902",화랑로,0.0264,0.0233,0.42,0.0023,21,11
"20250902",관악산,0.0087,0.0594,0.41,0.0024,19,7
"20250902",남산,0.0093,0.0401,0.37,0.0027,13,1
"20250902",북한산,0.002,0.035,0.15,0.0028,19,6
"20250902",세곡,0.0146,0.0331,0.45,0.003,22,5
"20250902",항동,0.0134,0.0261,0.59,0.0025,20,8
"20250902",행주,0.0078,0.0309,0.45,0.0023,15,7
"20250902",마포아트센터,0.0093,0.0463,0.3,0.0027,16,8
"20250902",서울숲,0.0109,0.0337,0.36,0.0028,16,5
"20250902",올림픽공원,0.0082,0.0436,0.26,0.0024,17,5
"20250902",자연사박물관,0.0074,0.0438,0.41,0.0027,16,3
"20250903",강남구,0.0159,0.039,0.34,0.0023,22,11
"20250903",강동구,0.0106,0.0381,0.54,0.0022,22,11
"20250903",강북구,0.0084,0.037,0.3,0.0021,23,10
"20250903",강서구,0.0175,0.0459,0.43,0.0025,24,14
"20250903",관악구,0.016,0.0432,0.34,0.0022,24,13
"20250903",광진구,0.0117,0.0466,0.38,0.0028,22,12
"20250903",구로구,0.0141,0.0463,0.34,0.0024,22,14
"20250903",금천구,0.014,0.0405,0.35,0.0025,22,14
"20250903",노원구,0.0133,0.0373,0.3,0.0019,21,11
"20250903",도봉구,0.0095,0.0378,0.28,0.0025,18,10
"20250903",동대문구,0.0168,0.0402,0.31,0.0023,24,12
"20250903",동작구,0.0159,0.0408,0.34,0.0022,22,12
"20250903",마포구,0.0142,0.0496,0.34,0.0023,23,13
"20250903",서대문구,0.0094,0.0455,0.41,0.0027,17,11
"20250903",서초구,0.0169,0.0401,0.41,0.0027,20,10
"20250903",성동구,0.013,0.0443,0.31,0.0025,19,13
"20250903",성북구,0.0139,0.0251,0.4,0.0031,20,10
"20250903",송파구,0.0148,0.0397,0.32,0.0022,20,11
"20250903",양천구,0.0191,0.0496,0.36,0.0024,26,13
"20250903",영등포구,0.0184,0.0452,0.35,0.0023,22,15
"20250903",용산구,0.0176,0.0331,0.4,0.0025,24,13
"20250903",은평구,0.0092,0.0386,0.32,0.0022,17,4
"20250903",종로구,0.0187,0.0453,0.36,0.0026,21,12
"20250903",중구,0.0169,0.0458,0.37,0.003,21,12
"20250903",중랑구,0.01,0.0371,0.3,0.0026,22,13
"20250903",강남대로,0.0264,0.0216,0.49,0.003,21,9
"20250903",강변북로,0.0214,0.0313,0.3,0.0027,20,7
"20250903",공항대로,0.0243,0.0383,0.39,0.0022,27,13
"20250903",도산대로,0.0166,0.0426,0.53,0.0031,15,8
"20250903",동작대로,0.0308,0.0303,0.44,0.002,28,11
"20250903",시흥대로,0.0437,0.0218,0.54,0.0027,26,14
"20250903",신촌로,0.0227,0.0339,0.42,0.0024,31,14
"20250903",영등포로,0.0239,0.0368,0.4,0.0024,24,12
"20250903",정릉로,0.0261,0.0299,0.41,0.0025,25,10
"20250903",종로,0.0227,0.0285,0.43,0.0024,25,10
"20250903",천호대로,0.0201,0.0307,0.43,0.0021,17,6
"20250903",청계천로,0.0239,0.0204,0.55,0.0031,26,11
"20250903",한강대로,0.0185,0.0374,0.44,0.0028,23,14
"20250903",홍릉로,0.0181,0.0359,0.35,0.0025,24,9
"20250903",화랑로,0.0287,0.0198,0.44,0.0024,25,12
"20250903",관악산,0.0072,0.071,0.41,0.0025,23,8
"20250903",남산,0.0153,0.0415,0.38,0.003,16,5
"20250903",북한산,0.0045,0.0356,0.18,0.0029,23,8
"20250903",세곡,0.0161,0.0302,0.47,0.0032,22,6
"20250903",항동,0.0164,0.0369,0.6,0.0023,22,12
"20250903",행주,0.0122,0.0438,0.47,0.0024,27,14
"20250903",마포아트센터,0.0121,0.0527,0.33,0.0027,20,10
"20250903",서울숲,0.0116,0.0382,0.36,0.0028,18,7
"20250903",올림픽공원,0.0074,0.0411,0.25,0.0024,16,5
"20250903",자연사박물관,0.0094,0.0521,0.43,0.0028,18,6
"20250904",강남구,0.0118,0.0267,0.29,0.0022,12,5
"20250904",강동구,0.0066,0.029,0.5,0.0021,11,3
"20250904",강북구,0.0055,0.0304,0.23,0.002,15,6
"20250904",강서구,0.0133,0.0288,0.35,0.0022,10,6
"20250904",관악구,0.0106,0.0332,0.26,0.002,11,6
"20250904",광진구,0.0072,0.0351,0.32,0.0027,11,5
"20250904",구로구,0.01,0.0321,0.28,0.0022,9,5
"20250904",금천구,0.0105,0.0313,0.27,0.0024,11,7
"20250904",노원구,0.0087,0.0302,0.24,0.0018,9,5
"20250904",도봉구,0.0066,0.0309,0.23,0.0025,10,4
"20250904",동대문구,0.0141,0.0289,0.25,0.0021,11,5
"20250904",동작구,0.012,0.0309,0.28,0.002,11,5
"20250904",마포구,0.0106,0.0353,0.27,0.0021,11,6
"20250904",서대문구,0.005,0.0359,0.35,0.0026,6,4
"20250904",서초구,0.0115,0.0296,0.37,0.0026,7,3
"20250904",성동구,0.009,0.0312,0.24,0.0026,10,6
"20250904",성북구,0.0094,0.0307,0.34,0.0026,10,3
"20250904",송파구,0.0116,0.0273,0.27,0.002,10,4
"20250904",양천구,0.0122,0.035,0.29,0.0021,13,5
"20250904",영등포구,0.0134,0.0303,0.31,0.002,12,8
"20250904",용산구,0.01,0.0273,0.28,0.0023,10,4
"20250904",은평구,0.0059,0.0304,0.28,0.0021,7,1
"20250904",종로구,0.0145,0.0331,0.28,0.0024,9,5
"20250904",중구,0.013,0.0341,0.28,0.0026,10,6
"20250904",중랑구,0.0076,0.0289,0.24,0.0024,12,3
"20250904",강남대로,0.0189,0.0203,0.46,0.003,9,3
"20250904",강변북로,0.0069,0.0291,0.2,0.0026,8,3
"20250904",공항대로,0.0164,0.0274,0.32,0.002,13,6
"20250904",도산대로,0.0089,0.0349,0.42,0.0029,11,4
"20250904",동작대로,0.0234,0.0218,0.37,0.0018,16,5
"20250904",시흥대로,0.032,0.0174,0.49,0.0025,16,7
"20250904",신촌로,0.0133,0.0256,0.32,0.0022,13,7
"20250904",영등포로,0.0165,0.0277,0.33,0.002,12,5
"20250904",정릉로,0.0197,0.0226,0.33,0.0023,14,4
"20250904",종로,0.0183,0.0236,0.37,0.0022,11,5
"20250904",천호대로,0.0161,0.0217,0.4,0.0021,7,3
"20250904",청계천로,0.0152,0.0169,0.4,0.0027,13,4
"20250904",한강대로,0.013,0.0254,0.37,0.0027,9,6
"20250904",홍릉로,0.0148,0.0268,0.3,0.0024,12,4
"20250904",화랑로,0.0236,0.0165,0.38,0.0022,14,4
"20250904",관악산,0.0075,0.0423,0.4,0.0024,10,4
"20250904",남산,0.0087,0.03,0.3,0.0028,5,1
"20250904",북한산,0.0024,0.0298,0.13,0.0028,12,3
"20250904",세곡,0.0137,0.0228,0.39,0.0031,10,2
"20250904",항동,0.0116,0.0267,0.55,0.0022,10,4
"20250904",행주,0.0091,0.0311,0.4,0.0022,11,4
"20250904",마포아트센터,0.0088,0.0379,0.26,0.0025,7,3
"20250904",서울숲,0.0079,0.0298,0.28,0.0028,8,1
"20250904",올림픽공원,0.0057,0.0329,0.23,0.0023,7,1
"20250904",자연사박물관,0.0051,0.0394,0.36,0.0026,6,1
"20250905",강남구,0.012,0.0392,0.29,0.0025,17,7
"20250905",강동구,0.0098,0.0394,0.52,0.0024,19,8
"20250905",강북구,0.0075,0.0386,0.26,0.0021,22,8
"20250905",강서구,0.0143,0.0375,0.32,0.0025,17,9
"20250905",관악구,0.0133,0.0394,0.27,0.0024,19,9
"20250905",광진구,0.01,0.0477,0.35,0.0033,17,9
"20250905",구로구,0.01,0.0397,0.28,0.0026,15,8
"20250905",금천구,0.0133,0.035,0.29,0.0026,17,9
"20250905",노원구,0.0124,0.0379,0.29,0.002,17,7
"20250905",도봉구,0.0085,0.0393,0.26,0.0026,16,6
"20250905",동대문구,0.0152,0.0405,0.27,0.0024,18,8
"20250905",동작구,0.0122,0.0384,0.27,0.0022,16,7
"20250905",마포구,0.0136,0.0454,0.28,0.0023,16,8
"20250905",서대문구,0.0085,0.0421,0.37,0.003,14,8
"20250905",서초구,0.0122,0.0394,0.37,0.003,14,11
"20250905",성동구,0.0122,0.0425,0.27,0.0024,14,9
"20250905",성북구,0.0117,0.0375,0.33,0.003,15,6
"20250905",송파구,0.0115,0.0393,0.27,0.0022,16,8
"20250905",양천구,0.0126,0.0445,0.28,0.0022,18,8
"20250905",영등포구,0.013,0.0409,0.29,0.0023,15,10
"20250905",용산구,0.0116,0.0372,0.3,0.0024,17,8
"20250905",은평구,0.0087,0.0379,0.29,0.0024,14,4
"20250905",종로구,0.017,0.0437,0.31,0.0027,17,9
"20250905",중구,0.0153,0.0436,0.3,0.0021,16,9
"20250905",중랑구,0.0099,0.0405,0.27,0.0026,18,7
"20250905",강남대로,0.021,0.0249,0.43,0.0033,17,6
"20250905",강변북로,0.0219,0.0293,0.29,0.0029,15,5
"20250905",공항대로,0.0197,0.0338,0.32,0.0023,18,9
"20250905",도산대로,0.0137,0.0423,0.45,0.0031,20,6
"20250905",동작대로,0.0264,0.0299,0.38,0.0018,22,8
"20250905",시흥대로,0.0315,0.0259,0.43,0.0026,26,8
"20250905",신촌로,0.0236,0.0282,0.42,0.0024,25,10
"20250905",영등포로,0.0223,0.0326,0.37,0.0023,19,8
"20250905",정릉로,0.0274,0.0267,0.36,0.0025,19,7
"20250905",종로,0.0214,0.0327,0.4,0.0024,19,8
"20250905",천호대로,0.0193,0.0314,0.38,0.0022,13,5
"20250905",청계천로,0.0225,0.0209,0.46,0.003,21,8
"20250905",한강대로,0.017,0.0332,0.39,0.0029,18,17
"20250905",홍릉로,0.0192,0.0352,0.35,0.0025,19,7
"20250905",화랑로,0.0271,0.0277,0.39,0.002,24,9
"20250905",관악산,0.0064,0.0562,0.42,0.0037,18,8
"20250905",남산,0.0122,0.0394,0.36,0.0032,8,3
"20250905",북한산,0.0038,0.0357,0.22,0.003,19,5
"20250905",세곡,0.0141,0.0274,0.4,0.0033,18,3
"20250905",항동,0.013,0.0328,0.52,0.0024,15,6
"20250905",행주,0.013,0.0321,0.46,0.0026,18,7
"20250905",마포아트센터,0.0109,0.044,0.28,0.0029,14,7
"20250905",서울숲,0.0107,0.0376,0.31,0.003,15,4
"20250905",올림픽공원,0.0063,0.0394,0.28,0.0025,12,4
"20250905",자연사박물관,0.0094,0.0435,0.37,0.0031,15,3
"20250906",강남구,0.0096,0.0296,0.29,0.0023,18,10
"20250906",강동구,0.0083,0.0324,0.58,0.0024,18,10
"20250906",강북구,0.0079,0.0311,0.28,0.0021,18,10
"20250906",강서구,0.0104,0.0282,0.29,0.0023,18,11
"20250906",관악구,0.0088,0.0351,0.21,0.0021,18,11
"20250906",광진구,0.0105,0.0358,0.42,0.003,19,12
"20250906",구로구,0.0082,0.0348,0.28,0.0027,14,8
"20250906",금천구,0.0095,0.0318,0.28,0.0025,17,10
"20250906",노원구,0.0129,0.0275,0.31,0.002,18,11
"20250906",도봉구,0.0077,0.0314,0.3,0.0025,16,9
"20250906",동대문구,0.0137,0.0302,0.27,0.0024,18,10
"20250906",동작구,0.0083,0.0326,0.26,0.0021,17,9
"20250906",마포구,0.0108,0.0336,0.27,0.0023,17,10
"20250906",서대문구,0.0062,0.0359,0.44,0.0031,12,6
"20250906",서초구,0.0091,0.0348,0.36,0.003,13,7
"20250906",성동구,0.012,0.0303,0.28,0.0022,15,11
"20250906",성북구,0.0096,0.0301,0.36,0.0029,13,9
"20250906",송파구,0.0111,0.027,0.28,0.0021,18,11
"20250906",양천구,0.0092,0.033,0.27,0.0022,21,10
"20250906",영등포구,0.0099,0.0283,0.27,0.0023,18,12
"20250906",용산구,0.0092,0.0283,0.28,0.0023,17,13
"20250906",은평구,0.008,0.0291,0.34,0.0023,13,5
"20250906",종로구,0.0151,0.0344,0.32,0.0025,17,11
"20250906",중구,0.0134,0.0309,0.29,0.0021,18,11
"20250906",중랑구,0.0101,0.0321,0.28,0.0025,20,9
"20250906",강남대로,0.0125,0.0243,0.37,0.0029,11,5
"20250906",강변북로,0.0182,0.0228,0.34,0.0027,18,6
"20250906",공항대로,0.0126,0.0296,0.28,0.0021,19,10
"20250906",도산대로,0.0112,0.0348,0.48,0.0031,17,6
"20250906",동작대로,0.0179,0.0265,0.36,0.0018,22,9
"20250906",시흥대로,0.0202,0.0238,0.37,0.0025,19,10
"20250906",신촌로,0.0198,0.0203,0.46,0.0023,23,12
"20250906",영등포로,0.0194,0.0228,0.37,0.0023,20,10
"20250906",정릉로,0.0196,0.0239,0.37,0.0024,21,8
"20250906",종로,0.0164,0.0252,0.37,0.0024,18,9
"20250906",천호대로,0.0165,0.0258,0.39,0.0022,13,6
"20250906",청계천로,0.0159,0.0179,0.38,0.0029,22,10
"20250906",한강대로,0.0136,0.0281,0.4,0.0029,15,9
"20250906",홍릉로,0.0168,0.0265,0.36,0.0026,19,8
"20250906",화랑로,0.0191,0.0228,0.36,0.002,30,12
"20250906",관악산,0.005,0.0417,0.44,0.0029,12,4
"20250906",남산,0.0089,0.0334,0.33,0.0031,9,2
"20250906",북한산,0.0037,0.0276,0.29,0.0029,17,6
"20250906",세곡,0.0105,0.026,0.41,0.0032,15,4
"20250906",항동,0.0089,0.0279,0.54,0.0025,15,8
"20250906",행주,0.013,0.0257,0.44,0.0026,20,9
"20250906",마포아트센터,0.0079,0.0395,0.29,0.0027,14,8
"20250906",서울숲,0.0096,0.0271,0.34,0.0028,13,4
"20250906",올림픽공원,0.0076,0.0325,0.36,0.0025,12,5
"20250906",자연사박물관,0.0071,0.0382,0.42,0.003,13,2
"20250907",강남구,0.0077,0.0419,0.32,0.0023,16,7
"20250907",강동구,0.0072,0.0412,0.58,0.0022,19,7
"20250907",강북구,0.0036,0.0386,0.29,0.002,17,7
"20250907",강서구,0.0098,0.0346,0.32,0.0026,17,8
"20250907",관악구,0.01,0.0408,0.22,0.0021,19,9
"20250907",광진구,0.007,0.0473,0.39,0.003,18,8
"20250907",구로구,0.0072,0.0411,0.32,0.0028,16,9
"20250907",금천구,0.0099,0.0376,0.33,0.0025,17,8
"20250907",노원구,0.0064,0.0407,0.31,0.0019,16,8
"20250907",도봉구,0.0035,0.0415,0.27,0.0025,14,7
"20250907",동대문구,0.011,0.0393,0.29,0.0022,17,8
"20250907",동작구,0.008,0.0414,0.3,0.002,,7
"20250907",마포구,0.0099,0.0402,0.3,0.0023,16,9
"20250907",서대문구,0.0039,0.0406,0.41,0.0034,13,8
"20250907",서초구,0.0076,0.0431,0.39,0.0029,12,7
"20250907",성동구,0.0089,0.0408,0.31,0.0022,13,8
"20250907",성북구,0.0054,0.0397,0.31,0.0027,13,8
"20250907",송파구,0.0098,0.0373,0.31,0.002,17,9
"20250907",양천구,0.0078,0.0445,0.3,0.0026,18,7
"20250907",영등포구,0.0085,0.0387,0.34,0.0024,15,9
"20250907",용산구,0.0084,0.0352,0.36,0.0024,17,8
"20250907",은평구,0.0056,0.0357,0.32,0.0023,13,5
"20250907",종로구,0.0104,0.0429,0.32,0.0023,15,7
"20250907",중구,0.0074,0.0428,0.31,0.0021,15,8
"20250907",중랑구,0.0066,0.0426,0.31,0.0024,18,
"20250907",강남대로,0.0141,0.0302,0.39,0.0027,14,5
"20250907",강변북로,0.0153,0.0308,0.31,0.0028,16,5
"20250907",공항대로,0.0119,0.0346,0.33,0.0023,17,8
"20250907",도산대로,0.0086,0.0451,0.43,0.0032,16,6
"20250907",동작대로,0.016,0.0363,0.38,0.0017,18,6
"20250907",시흥대로,0.0162,0.0336,0.38,0.0024,21,7
"20250907",신촌로,0.0187,0.0249,0.49,0.0024,27,11
"20250907",영등포로,0.0153,0.0335,0.37,0.0023,18,8
"20250907",정릉로,0.0166,0.0316,0.39,0.0023,20,6
"20250907",종로,0.0086,0.0351,0.33,0.0021,17,6
"20250907",천호대로,0.0129,0.0364,0.39,0.0022,13,4
"20250907",청계천로,0.0101,0.0241,0.36,0.0025,19,7
"20250907",한강대로,0.0098,0.0365,0.39,0.0029,14,7
"20250907",홍릉로,0.0133,0.0342,0.38,0.0026,18,7
"20250907",화랑로,0.0132,0.0388,0.37,0.0019,22,8
"20250907",관악산,0.0059,0.0488,0.46,0.0028,16,5
"20250907",남산,0.0054,0.0414,0.3,0.003,10,1
"20250907",북한산,,,,,,
"20250907",세곡,0.0101,0.0317,0.43,0.0033,17,3
"20250907",항동,0.0085,0.0296,0.55,0.0025,16,6
"20250907",행주,0.0061,0.0346,0.45,0.0023,13,5
"20250907",마포아트센터,0.0065,0.0465,0.29,0.0025,14,7
"20250907",서울숲,0.0078,0.0336,0.36,0.0027,14,3
"20250907",올림픽공원,0.0051,0.0395,0.38,0.0025,13,4
"20250907",자연사박물관,0.0059,0.0434,0.41,0.0029,13,3
"20250908",강남구,0.0176,0.0334,0.45,0.0025,28,12
"20250908",강동구,0.0131,0.0334,0.67,0.0023,30,13
"20250908",강북구,0.0076,0.037,0.34,0.0021,27,12
"20250908",강서구,0.0186,0.0322,0.49,0.0028,28,14
"20250908",관악구,0.0179,0.0361,0.35,0.0024,30,14
"20250908",광진구,0.0148,0.039,0.5,0.0031,29,13
"20250908",구로구,0.0161,0.0344,0.41,0.0027,30,14
"20250908",금천구,0.0182,0.0365,0.41,0.0028,31,16
"20250908",노원구,0.0121,0.0341,0.35,0.0021,26,13
"20250908",도봉구,0.0097,0.0371,0.3,0.0027,25,13
"20250908",동대문구,0.0163,0.0372,0.39,0.0023,28,12
"20250908",동작구,0.0175,0.0335,0.4,0.0024,33,13
"20250908",마포구,0.0182,0.0363,0.42,0.0024,27,13
"20250908",서대문구,0.0092,0.036,0.45,0.0033,23,12
"20250908",서초구,0.019,0.0347,0.49,0.0029,28,13
"20250908",성동구,0.0172,0.035,0.42,0.0025,25,13
"20250908",성북구,0.0124,0.0352,0.37,0.0029,25,12
"20250908",송파구,0.0187,0.0266,0.41,0.0024,28,14
"20250908",양천구,0.0178,0.0385,0.43,0.0026,28,12
"20250908",영등포구,0.0205,0.0326,0.44,0.0024,26,15
"20250908",용산구,0.0176,0.0306,0.46,0.0027,28,12
"20250908",은평구,0.008,0.0347,0.32,0.0023,22,7
"20250908",종로구,0.0192,0.0364,0.44,0.0027,25,12
"20250908",중구,0.0154,0.0365,0.42,0.0022,25,12
"20250908",중랑구,0.011,0.0342,0.37,0.0025,25,14
"20250908",강남대로,0.0225,0.0218,0.5,0.0034,26,9
"20250908",강변북로,0.0258,0.0216,0.39,0.0028,28,10
"20250908",공항대로,0.0228,0.0275,0.47,0.0023,30,13
"20250908",도산대로,0.0187,0.0375,0.56,0.0032,32,12
"20250908",동작대로,0.0261,0.01,0.51,0.0019,31,10
"20250908",시흥대로,0.0332,0.0266,0.57,0.0028,34,15
"20250908",신촌로,0.0247,0.0229,0.53,0.0026,34,16
"20250908",영등포로,0.024,0.0293,0.48,0.0026,29,11
"20250908",정릉로,0.025,0.024,0.47,0.0025,29,11
"20250908",종로,0.0167,0.0297,0.45,0.0025,27,9
"20250908",천호대로,0.0227,0.0259,0.53,0.0022,23,6
"20250908",청계천로,0.0211,0.0126,0.58,0.0028,29,10
"20250908",한강대로,0.0177,0.0285,0.51,0.003,26,13
"20250908",홍릉로,0.0177,0.0289,0.45,0.0025,27,9
"20250908",화랑로,0.0219,0.028,0.47,0.0023,31,12
"20250908",관악산,0.0087,0.0575,0.49,0.0031,30,13
"20250908",남산,0.0136,0.0371,0.4,0.003,21,6
"20250908",북한산,0.0027,0.039,0.35,0.003,24,11
"20250908",세곡,0.0158,0.0202,0.5,0.0034,29,8
"20250908",항동,0.0158,0.0264,0.61,0.0026,26,13
"20250908",행주,0.013,0.0309,0.6,0.0024,24,11
"20250908",마포아트센터,0.0141,0.0401,0.41,0.0027,25,13
"20250908",서울숲,0.0146,0.0297,0.45,0.0029,25,8
"20250908",올림픽공원,0.0104,0.0328,0.47,0.0026,22,8
"20250908",자연사박물관,0.0103,0.0389,0.44,0.0029,24,6
"20250909",강남구,0.0185,0.0299,0.44,0.0025,34,16
"20250909",강동구,0.0139,0.0287,0.66,0.0024,37,14
"20250909",강북구,0.0077,0.0355,0.35,0.0024,36,16
"20250909",강서구,0.0191,0.0338,0.46,0.0027,36,19
"20250909",관악구,0.019,0.0337,0.46,0.0024,37,20
"20250909",광진구,0.0131,0.0357,0.48,0.0031,35,18
"20250909",구로구,0.0162,0.0369,0.41,0.0027,38,21
"20250909",금천구,0.0206,0.033,0.44,0.0029,37,21
"20250909",노원구,0.0137,0.0328,0.38,0.0021,33,16
"20250909",도봉구,0.0118,0.0343,0.3,0.0029,32,16
"20250909",동대문구,0.0193,0.0293,0.41,0.0024,35,17
"20250909",동작구,0.0187,0.0336,0.44,0.0025,34,17
"20250909",마포구,0.0169,0.0375,0.4,0.0025,33,16
"20250909",서대문구,0.0097,0.0368,0.47,0.0036,27,16
"20250909",서초구,0.0182,0.0325,0.47,0.0028,33,16
"20250909",성동구,0.0164,0.0318,0.39,0.0029,32,18
"20250909",성북구,0.0129,0.0315,0.36,0.003,32,16
"20250909",송파구,0.0178,0.0294,0.41,0.0024,34,17
"20250909",양천구,0.0165,0.0426,0.41,0.0025,37,17
"20250909",영등포구,0.0212,0.0348,0.44,0.0024,34,21
"20250909",용산구,0.0199,0.0276,0.48,0.003,35,16
"20250909",은평구,0.0089,0.0337,0.32,0.0023,28,12
"20250909",종로구,0.0201,0.0326,0.44,0.0029,32,17
"20250909",중구,0.0181,0.0353,0.44,0.0023,33,16
"20250909",중랑구,0.0114,0.0343,0.36,0.0027,32,15
"20250909",강남대로,0.0303,0.0159,0.58,0.0038,34,14
"20250909",강변북로,0.0174,0.027,0.32,0.003,33,13
"20250909",공항대로,0.0219,0.0284,0.46,0.0023,39,18
"20250909",도산대로,0.0159,0.038,0.53,0.0033,37,15
"20250909",동작대로,0.0421,0.0248,0.63,0.0022,45,17
"20250909",시흥대로,0.0424,0.0187,0.66,0.0032,45,22
"20250909",신촌로,0.0207,0.028,0.49,0.0026,37,19
"20250909",영등포로,0.0259,0.0296,0.49,0.0025,37,15
"20250909",정릉로,0.0237,0.0283,0.46,0.0027,36,16
"20250909",종로,0.0173,0.0276,0.44,0.0025,32,13
"20250909",천호대로,0.0242,0.0185,0.51,0.0023,32,7
"20250909",청계천로,0.0263,0.0252,0.61,0.003,39,17
"20250909",한강대로,0.0192,0.028,0.55,0.0031,32,16
"20250909",홍릉로,0.0208,0.0269,0.46,0.0028,36,14
"20250909",화랑로,0.0273,0.0197,0.51,0.0023,38,18
"20250909",관악산,0.0086,0.0608,0.49,0.003,37,14
"20250909",남산,0.0142,0.0352,0.4,0.0031,27,10
"20250909",북한산,0.0033,0.0407,0.35,0.0031,29,13
"20250909",세곡,0.0194,0.0233,0.54,0.0035,34,11
"20250909",항동,0.0176,0.0242,0.64,0.0028,33,19
"20250909",행주,0.014,0.029,0.6,0.0025,31,15
"20250909",마포아트센터,0.0139,0.0408,0.43,0.0027,30,15
"20250909",서울숲,0.0127,0.0307,0.42,0.003,30,12
"20250909",올림픽공원,0.0099,0.029,0.45,0.0027,29,12
"20250909",자연사박물관,0.0089,0.0432,0.43,0.0029,29,11
"20250910",강남구,0.0172,0.0252,0.34,0.0024,22,11
"20250910",강동구,0.0134,0.0253,0.56,0.0021,24,10
"20250910",강북구,0.0063,0.0334,0.29,0.0024,24,10
"20250910",강서구,0.02,0.0255,0.4,0.0027,31,16
"20250910",관악구,0.0186,0.0264,0.38,0.0023,27,13
"20250910",광진구,0.0145,0.0314,0.37,0.0028,23,11
"20250910",구로구,0.0175,0.0282,0.37,0.0025,29,14
"20250910",금천구,0.0185,0.0246,0.36,0.0029,27,16
"20250910",노원구,0.0164,0.0235,0.34,0.0021,26,13
"20250910",도봉구,0.0115,0.0326,0.25,0.0029,22,12
"20250910",동대문구,0.0213,0.0239,0.36,0.0025,27,13
"20250910",동작구,0.018,0.0263,0.36,0.0024,24,11
"20250910",마포구,0.0199,0.0273,0.39,0.0025,27,14
"20250910",서대문구,0.0091,0.0345,0.39,0.0032,18,12
"20250910",서초구,0.022,0.025,0.42,0.0027,24,12
"20250910",성동구,0.0163,0.0268,0.31,0.003,21,13
"20250910",성북구,0.014,0.0123,0.35,0.0029,29,16
"20250910",송파구,0.0176,0.0239,0.34,0.0022,23,11
"20250910",양천구,0.0192,0.0331,0.38,0.0025,29,13
"20250910",영등포구,0.0219,0.0215,0.43,0.0025,29,20
"20250910",용산구,0.0217,0.0211,0.44,0.003,28,13
"20250910",은평구,0.0085,0.0322,0.27,0.0023,19,6
"20250910",종로구,0.0219,0.0275,0.4,0.003,25,15
"20250910",중구,0.0185,0.0291,0.37,0.0022,25,12
"20250910",중랑구,0.0095,0.0322,0.28,0.0026,21,9
"20250910",강남대로,0.0279,0.0135,0.43,0.0041,23,8
"20250910",강변북로,0.0175,0.0226,0.28,0.0029,23,9
"20250910",공항대로,0.0249,0.022,0.44,0.0023,34,14
"20250910",도산대로,0.0179,0.0288,0.47,0.0032,28,11
"20250910",동작대로,0.0339,0.0148,0.52,0.0021,33,11
"20250910",시흥대로,0.0416,0.0126,0.6,0.0032,30,14
"20250910",신촌로,0.0218,0.021,0.5,0.0027,33,15
"20250910",영등포로,0.0244,0.0249,0.44,0.0026,29,11
"20250910",정릉로,0.0276,0.0186,0.46,0.0027,28,12
"20250910",종로,0.0194,0.0212,0.41,0.0026,28,9
"20250910",천호대로,0.0232,0.0165,0.44,0.0022,27,6
"20250910",청계천로,0.0247,0.0197,0.53,0.0029,28,11
"20250910",한강대로,0.0206,0.0237,0.48,0.0031,26,12
"20250910",홍릉로,0.0215,0.0216,0.39,0.0027,27,10
"20250910",화랑로,0.0286,0.0165,0.45,0.0023,27,12
"20250910",관악산,0.0057,0.0496,0.38,0.0028,23,7
"20250910",남산,0.0143,0.0312,0.34,0.0031,19,7
"20250910",북한산,0.0025,0.0389,0.27,0.003,20,8
"20250910",세곡,0.0183,0.0196,0.47,0.0035,23,6
"20250910",항동,0.02,0.0236,0.53,0.0029,27,14
"20250910",행주,0.0115,0.0291,0.57,0.0023,26,12
"20250910",마포아트센터,0.014,0.037,0.37,0.0027,21,11
"20250910",서울숲,0.0144,0.0263,0.33,0.0029,21,8
"20250910",올림픽공원,0.0104,0.0271,0.47,0.0026,15,6
"20250910",자연사박물관,0.0098,0.0379,0.34,0.0029,22,7
"20250911",강남구,0.0145,0.0302,0.31,0.0023,18,8
"20250911",강동구,0.0104,0.0304,,0.0022,22,8
"20250911",강북구,0.0076,0.0305,0.27,0.0023,21,9
"20250911",강서구,0.0174,0.0305,0.38,0.0027,22,10
"20250911",관악구,0.0171,0.0313,0.33,0.0023,20,9
"20250911",광진구,0.01,0.0383,0.34,0.0029,19,9
"20250911",구로구,0.0159,0.026,0.33,0.0024,23,12
"20250911",금천구,0.0193,0.0288,0.32,0.0033,19,11
"20250911",노원구,0.0135,0.0282,0.29,0.0021,20,10
"20250911",도봉구,0.0103,0.0327,0.26,0.003,18,10
"20250911",동대문구,0.0153,0.0294,0.29,0.0025,22,10
"20250911",동작구,0.0175,0.0301,0.3,0.0024,18,9
"20250911",마포구,0.0154,0.0354,0.33,0.0026,22,11
"20250911",서대문구,0.0092,0.0338,0.35,0.0033,16,9
"20250911",서초구,0.0175,0.0307,0.37,0.0026,19,7
"20250911",성동구,0.0113,0.0341,0.27,0.0028,18,10
"20250911",성북구,0.0112,0.0342,0.2,0.0028,19,8
"20250911",송파구,0.0154,0.0282,0.3,0.0023,19,7
"20250911",양천구,0.0194,0.034,0.35,0.0025,23,9
"20250911",영등포구,0.0151,0.04,0.32,0.0025,25,12
"20250911",용산구,0.0167,0.0274,0.35,0.0028,21,8
"20250911",은평구,0.0082,0.0324,0.27,0.0024,16,5
"20250911",종로구,0.0175,0.0316,0.33,0.0029,20,11
"20250911",중구,0.0187,0.0284,0.35,0.0022,22,11
"20250911",중랑구,0.0087,0.032,0.26,0.0025,18,8
"20250911",강남대로,0.03,0.0121,0.51,0.0034,17,6
"20250911",강변북로,0.0143,0.0281,0.34,0.0029,20,7
"20250911",공항대로,0.0209,0.0261,0.36,0.0021,26,11
"20250911",도산대로,0.0137,0.0356,0.42,0.0032,20,7
"20250911",동작대로,0.0313,0.0154,0.43,0.002,27,8
"20250911",시흥대로,0.039,0.0156,0.48,0.0031,25,10
"20250911",신촌로,0.0185,0.0242,0.39,0.0026,25,12
"20250911",영등포로,0.0243,0.0273,0.38,0.0026,23,8
"20250911",정릉로,0.0232,0.0244,0.38,0.0027,24,9
"20250911",종로,0.0217,0.0198,0.42,0.0026,24,7
"20250911",천호대로,0.0191,0.0226,0.4,0.002,19,7
"20250911",청계천로,0.0204,0.0213,0.46,0.0031,26,9
"20250911",한강대로,0.0174,0.0236,0.42,0.0031,22,10
"20250911",홍릉로,0.016,0.0279,0.32,0.0027,21,8
"20250911",화랑로,0.0261,0.0207,0.41,0.0023,23,10
"20250911",관악산,0.0049,0.0499,0.35,0.003,19,5
"20250911",남산,0.0115,0.0341,0.3,0.0031,17,5
"20250911",북한산,0.0029,0.0352,0.26,0.003,16,6
"20250911",세곡,0.0181,0.0208,0.44,0.0036,18,4
"20250911",항동,0.0183,0.0279,0.43,0.0028,19,9
"20250911",행주,0.0164,0.0266,0.57,0.0024,21,9
"20250911",마포아트센터,0.0124,0.0385,0.33,0.0027,18,9
"20250911",서울숲,0.0108,0.0324,0.3,0.003,18,6
"20250911",올림픽공원,0.0075,0.0331,0.54,0.0025,14,5
"20250911",자연사박물관,0.0092,0.0382,0.28,0.0029,17,4
"20250912",강남구,0.013,0.0302,0.27,0.0022,18,8
"20250912",강동구,0.0074,0.0343,,0.0022,20,6
"20250912",강북구,0.0073,0.0317,0.23,0.0023,17,7
"20250912",강서구,0.0127,0.0327,0.32,0.0022,18,8
"20250912",관악구,0.0124,0.0328,0.26,0.0023,17,8
"20250912",광진구,0.0091,0.039,0.32,0.0029,18,9
"20250912",구로구,0.0098,0.026,0.26,0.0022,19,10
"20250912",금천구,0.0084,0.0386,0.22,0.0026,14,6
"20250912",노원구,0.0095,0.0338,0.24,0.002,16,8
"20250912",도봉구,0.0086,0.033,0.22,0.0029,15,8
"20250912",동대문구,0.013,0.033,0.26,0.0022,19,8
"20250912",동작구,0.0127,0.0321,0.25,0.0021,17,8
"20250912",마포구,0.0106,0.0408,0.26,0.0023,17,8
"20250912",서대문구,0.0056,0.0397,0.33,0.0031,12,7
"20250912",서초구,0.0124,0.0334,0.33,0.0025,15,7
"20250912",성동구,0.0091,0.036,0.24,0.0023,16,9
"20250912",성북구,0.0114,0.0296,0.18,0.0027,17,7
"20250912",송파구,0.0103,0.034,0.24,0.002,16,7
"20250912",양천구,0.0115,0.0384,0.27,0.0022,21,7
"20250912",영등포구,0.0126,0.0335,0.27,0.0022,20,10
"20250912",용산구,0.0107,0.0307,0.32,0.0024,17,6
"20250912",은평구,0.0074,0.0362,0.24,0.0023,14,4
"20250912",종로구,0.0147,0.036,0.29,0.0024,17,9
"20250912",중구,0.0164,0.0334,0.31,0.0021,20,10
"20250912",중랑구,0.0077,0.0344,0.24,0.0024,17,7
"20250912",강남대로,0.0225,0.0199,0.54,0.002,16,5
"20250912",강변북로,0.0109,0.0311,0.3,0.0028,16,4
"20250912",공항대로,0.0173,0.0311,0.3,0.0018,19,7
"20250912",도산대로,0.0113,0.0373,0.38,0.0031,19,5
"20250912",동작대로,0.025,0.0226,0.33,0.0018,24,6
"20250912",시흥대로,0.0342,0.0182,0.43,0.0028,21,8
"20250912",신촌로,0.0127,0.0306,0.31,0.0024,22,8
"20250912",영등포로,0.0183,0.0299,0.32,0.0023,20,8
"20250912",정릉로,0.0216,0.0284,0.34,0.0025,20,6
"20250912",종로,0.0206,0.0253,0.4,0.0024,22,5
"20250912",천호대로,0.0173,0.0259,0.35,0.0019,16,6
"20250912",청계천로,0.017,0.0278,0.43,0.0028,22,7
"20250912",한강대로,0.0136,0.0285,0.36,0.0029,16,9
"20250912",홍릉로,0.0134,0.032,0.29,0.0025,18,5
"20250912",화랑로,0.0257,0.0234,0.38,0.0024,19,9
"20250912",관악산,0.0059,0.0449,0.35,0.0029,16,5
"20250912",남산,0.008,0.0362,0.25,0.003,12,2
"20250912",북한산,0.0035,0.0351,0.25,0.0029,13,5
"20250912",세곡,0.0137,0.0258,0.37,0.0035,17,3
"20250912",항동,0.0112,0.0288,0.35,0.0023,15,6
"20250912",행주,0.0118,0.0307,0.45,0.0026,15,6
"20250912",마포아트센터,0.009,0.0409,0.28,0.0026,15,6
"20250912",서울숲,0.0089,0.0337,0.27,0.0029,17,5
"20250912",올림픽공원,0.0057,0.0361,0.52,0.0025,14,4
"20250912",자연사박물관,0.0062,0.0415,0.25,0.0028,15,3
"20250913",강남구,0.0075,0.0357,0.23,0.0021,5,1
"20250913",강동구,0.005,0.0384,,0.0021,8,2
"20250913",강북구,0.0037,0.0361,0.2,0.0019,6,2
"20250913",강서구,0.0084,0.0331,0.3,0.002,8,4
"20250913",관악구,0.0068,0.0382,0.22,0.0019,4,2
"20250913",광진구,0.0055,0.0443,0.29,0.0029,5,1
"20250913",구로구,0.0067,0.029,0.24,0.0022,6,3
"20250913",금천구,0.0078,0.0352,0.22,0.0024,5,2
"20250913",노원구,0.006,0.0349,0.21,0.0018,5,2
"20250913",도봉구,0.004,0.039,0.19,0.0029,6,3
"20250913",동대문구,0.0107,0.0342,0.22,0.0022,6,2
"20250913",동작구,0.0077,0.0379,0.23,0.002,5,2
"20250913",마포구,0.0072,0.0419,0.23,0.0021,5,3
"20250913",서대문구,0.0027,0.041,0.33,0.003,3,3
"20250913",서초구,0.008,0.0384,0.31,0.0025,4,1
"20250913",성동구,0.0066,0.0374,0.2,0.0022,4,3
"20250913",성북구,0.0069,0.0325,0.17,0.0026,5,2
"20250913",송파구,0.0077,0.0357,0.23,0.0019,4,2
"20250913",양천구,0.008,0.0406,0.23,0.0021,5,2
"20250913",영등포구,0.0091,0.0357,0.24,0.002,7,4
"20250913",용산구,0.0069,0.0343,0.24,0.0023,5,1
"20250913",은평구,0.0046,0.0324,0.26,0.0021,4,1
"20250913",종로구,0.0096,0.0396,0.23,0.0022,4,2
"20250913",중구,0.0114,0.0396,0.23,0.002,5,3
"20250913",중랑구,0.0054,0.0382,0.2,0.0023,5,1
"20250913",강남대로,0.0155,0.0261,0.49,0.0013,5,3
"20250913",강변북로,0.0045,0.0365,0.27,0.0028,5,3
"20250913",공항대로,0.0121,0.0315,0.27,0.0018,7,4
"20250913",도산대로,0.0057,0.043,0.33,0.0031,8,3
"20250913",동작대로,0.0196,0.0278,0.31,0.0017,9,3
"20250913",시흥대로,0.0284,0.0229,0.41,0.0025,9,3
"20250913",신촌로,0.0107,0.0296,0.29,0.0022,11,4
"20250913",영등포로,0.0121,0.035,0.26,0.0021,7,3
"20250913",정릉로,0.014,0.0349,0.28,0.0023,8,3
"20250913",종로,0.0129,0.0304,0.29,0.0021,9,3
"20250913",천호대로,0.0123,0.0309,0.32,0.0018,6,3
"20250913",청계천로,0.0094,0.0337,0.28,0.0024,9,3
"20250913",한강대로,0.0099,0.0316,0.31,0.0029,7,4
"20250913",홍릉로,0.0117,0.0319,0.27,0.0021,8,3
"20250913",화랑로,0.0183,0.0315,0.35,0.0024,6,3
"20250913",관악산,0.0054,0.0427,0.38,0.0027,5,1
"20250913",남산,0.0058,0.0368,0.22,0.0029,3,1
"20250913",북한산,0.0012,0.0364,0.28,0.0029,5,1
"20250913",세곡,0.0096,0.0311,0.36,0.0033,5,1
"20250913",항동,0.0074,0.0312,0.36,0.0024,6,2
"20250913",행주,0.0054,0.0346,0.3,0.0021,4,1
"20250913",마포아트센터,0.0054,0.0439,0.24,0.0022,4,2
"20250913",서울숲,0.0053,0.0379,0.28,0.0027,4,1
"20250913",올림픽공원,0.0037,0.0421,0.46,0.0024,3,1
"20250913",자연사박물관,0.0029,0.0449,0.23,0.0026,4,1
"20250914",강남구,0.0099,0.04,0.29,0.0022,12,5
"20250914",강동구,0.0081,0.0411,,0.0023,16,6
"20250914",강북구,0.0054,0.035,0.24,0.002,13,5
"20250914",강서구,0.0139,0.0326,0.31,0.0026,15,6
"20250914",관악구,0.0115,0.0395,0.3,0.002,13,7
"20250914",광진구,0.0087,0.048,0.36,0.003,12,6
"20250914",구로구,0.0089,0.0341,0.29,0.0025,13,8
"20250914",금천구,0.0108,0.0366,0.3,0.0025,12,6
"20250914",노원구,0.0094,0.035,0.28,0.0019,12,5
"20250914",도봉구,0.0063,0.0389,0.23,0.003,11,6
"20250914",동대문구,0.013,0.0381,0.27,0.0022,14,6
"20250914",동작구,0.0102,0.0403,0.28,0.0021,12,6
"20250914",마포구,0.0136,0.0392,0.28,0.0022,11,6
"20250914",서대문구,0.0056,0.0402,0.37,0.0033,9,6
"20250914",서초구,0.0097,0.0431,0.36,0.0027,10,6
"20250914",성동구,0.0113,0.0408,0.28,0.0022,10,7
"20250914",성북구,0.0086,0.0357,0.19,0.0028,11,6
"20250914",송파구,0.0108,0.0373,0.29,0.0021,12,5
"20250914",양천구,0.0123,0.0412,0.29,0.0024,13,6
"20250914",영등포구,0.0121,0.0384,0.28,0.0022,12,7
"20250914",용산구,0.0121,0.0355,0.32,0.0024,12,5
"20250914",은평구,0.0069,0.0322,0.31,0.0022,9,3
"20250914",종로구,0.0133,0.0422,0.29,0.0024,10,6
"20250914",중구,0.0119,0.043,0.28,0.0021,11,5
"20250914",중랑구,0.0089,0.0405,0.27,0.0023,12,5
"20250914",강남대로,0.0163,0.0254,0.53,0.0014,12,5
"20250914",강변북로,0.0205,0.0292,0.43,0.0029,13,5
"20250914",공항대로,0.0168,0.0316,0.31,0.0021,15,6
"20250914",도산대로,0.0102,0.0462,0.4,0.0033,15,5
"20250914",동작대로,0.0196,0.034,0.37,0.0017,14,6
"20250914",시흥대로,0.0243,0.0326,0.41,0.0025,16,7
"20250914",신촌로,0.0195,0.0279,0.44,0.0025,18,7
"20250914",영등포로,0.0188,0.0357,0.35,0.0023,14,6
"20250914",정릉로,0.0181,0.0361,0.35,0.0024,14,5
"20250914",종로,0.0128,0.0328,0.3,0.0022,13,5
"20250914",천호대로,0.0151,0.0335,0.37,0.002,12,5
"20250914",청계천로,0.0134,0.0351,0.34,0.0024,18,5
"20250914",한강대로,0.0138,0.0344,0.39,0.0031,12,7
"20250914",홍릉로,0.0159,0.0351,0.33,0.0024,14,6
"20250914",화랑로,0.0169,0.0347,0.35,0.0023,14,6
"20250914",관악산,0.0058,0.0535,0.42,0.0029,11,4
"20250914",남산,0.0095,0.0403,0.28,0.0031,6,2
"20250914",북한산,0.0023,0.0335,0.23,0.003,11,2
"20250914",세곡,0.0112,0.029,0.44,0.0035,12,2
"20250914",항동,0.0112,0.0284,0.43,0.0024,14,6
"20250914",행주,0.0066,0.0336,0.35,0.0021,10,3
"20250914",마포아트센터,0.0085,0.0473,0.29,0.0025,10,6
"20250914",서울숲,0.0089,0.036,0.33,0.0028,11,3
"20250914",올림픽공원,0.0053,0.039,0.51,0.0025,9,3
"20250914",자연사박물관,0.0069,0.0445,0.27,0.0029,9,2
"20250915",강남구,0.0199,0.0361,0.39,0.0023,21,12
"20250915",강동구,0.0152,0.0309,,0.0022,21,11
"20250915",강북구,0.0078,0.0423,0.27,0.0021,17,8
"20250915",강서구,0.0168,0.044,0.38,0.0024,19,11
"20250915",관악구,0.019,0.0401,0.39,0.0022,23,14
"20250915",광진구,0.0174,0.0363,0.49,0.003,21,12
"20250915",구로구,0.0166,0.0385,0.36,0.0026,23,14
"20250915",금천구,0.0173,0.0407,0.35,0.0027,21,13
"20250915",노원구,0.0152,0.0332,0.31,0.002,16,9
"20250915",도봉구,0.0106,0.0421,0.29,0.003,15,9
"20250915",동대문구,0.0203,0.0383,0.33,0.0022,21,11
"20250915",동작구,0.0173,0.0399,0.37,0.0023,21,12
"20250915",마포구,0.0176,0.0479,0.35,0.0023,18,11
"20250915",서대문구,0.0104,0.0441,0.43,0.0031,15,10
"20250915",서초구,0.02,0.0384,0.39,0.0026,21,11
"20250915",성동구,0.0194,0.0385,0.36,0.0024,18,15
"20250915",성북구,0.0165,0.0337,0.28,0.0029,19,10
"20250915",송파구,0.0227,0.0296,0.38,0.0023,21,11
"20250915",양천구,0.0166,0.0541,0.34,0.0022,20,11
"20250915",영등포구,0.0178,0.0463,0.35,0.0023,20,14
"20250915",용산구,0.0203,0.0366,0.4,0.0026,20,11
"20250915",은평구,0.009,0.0398,0.35,0.0022,14,5
"20250915",종로구,0.0217,0.0441,0.39,0.0026,18,12
"20250915",중구,0.0202,0.0437,0.38,0.0021,19,11
"20250915",중랑구,0.0119,0.0368,0.32,0.0023,18,10
"20250915",강남대로,0.0268,0.0217,0.65,0.0013,19,9
"20250915",강변북로,0.0294,0.0208,0.52,0.0029,22,8
"20250915",공항대로,0.0248,0.0363,0.38,0.002,21,11
"20250915",도산대로,0.0199,0.0395,0.56,0.0032,23,11
"20250915",동작대로,0.034,0.0291,0.5,0.0018,27,12
"20250915",시흥대로,0.0415,0.026,0.55,0.0029,27,15
"20250915",신촌로,0.0243,0.0327,0.49,0.0025,28,14
"20250915",영등포로,0.0238,0.0429,0.41,0.0024,22,11
"20250915",정릉로,0.0314,0.0295,0.44,0.0025,21,9
"20250915",종로,0.021,0.0326,0.42,0.0023,19,9
"20250915",천호대로,0.0246,0.0246,0.48,0.002,20,12
"20250915",청계천로,0.0258,0.033,0.55,0.0027,23,11
"20250915",한강대로,0.0196,0.0381,0.46,0.0031,21,14
"20250915",홍릉로,0.0209,0.0345,0.39,0.0025,20,9
"20250915",화랑로,0.0279,0.0245,0.43,0.0024,21,11
"20250915",관악산,0.0087,0.0636,0.44,0.0029,20,10
"20250915",남산,0.0163,0.0439,0.4,0.0031,13,4
"20250915",북한산,0.0041,0.0413,0.23,0.003,13,5
"20250915",세곡,0.0162,0.0304,0.5,0.0035,19,7
"20250915",항동,0.0166,0.0333,0.5,0.0024,20,12
"20250915",행주,0.0155,0.0329,0.47,0.0022,17,8
"20250915",마포아트센터,0.0138,0.0526,0.36,0.0023,18,11
"20250915",서울숲,0.0171,0.0313,0.43,0.0028,20,8
"20250915",올림픽공원,0.013,0.0292,0.58,0.0024,17,7
"20250915",자연사박물관,0.0114,0.0515,0.34,0.0028,17,5
"20250916",강남구,0.0211,0.0198,0.38,0.0024,20,11
"20250916",강동구,0.0145,0.0237,,0.0022,18,10
"20250916",강북구,0.0138,0.0218,0.36,0.0022,21,11
"20250916",강서구,0.0226,0.0239,0.42,0.003,22,14
"20250916",관악구,0.0181,0.0272,0.35,0.0022,22,14
"20250916",광진구,0.0177,0.0258,0.48,0.003,20,12
"20250916",구로구,0.0196,0.0273,0.37,0.0026,23,15
"20250916",금천구,0.0222,0.0225,0.37,0.0029,23,16
"20250916",노원구,0.0172,0.0234,0.35,0.0021,19,10
"20250916",도봉구,0.0166,0.0211,0.38,0.003,18,10
"20250916",동대문구,0.025,0.0209,0.37,0.0024,21,12
"20250916",동작구,0.0199,0.0238,0.35,0.0024,21,13
"20250916",마포구,0.023,0.0276,0.4,0.0026,21,13
"20250916",서대문구,0.015,0.0254,0.53,0.0031,19,12
"20250916",서초구,0.021,0.0242,0.3,0.0023,18,11
"20250916",성동구,0.0213,0.0203,0.35,0.0025,18,13
"20250916",성북구,0.0209,0.0178,0.34,0.0029,18,13
"20250916",송파구,0.0197,0.0208,0.33,0.0022,19,11
"20250916",양천구,0.0214,0.028,0.38,0.0027,24,13
"20250916",영등포구,0.0213,0.0258,0.37,0.0024,21,16
"20250916",용산구,0.0258,0.0178,0.41,0.0027,20,13
"20250916",은평구,0.0142,0.0248,0.45,0.0023,19,8
"20250916",종로구,0.0274,0.0235,0.43,0.0029,18,13
"20250916",중구,0.0272,0.0231,0.44,0.0022,21,13
"20250916",중랑구,0.0152,0.0257,0.33,0.0026,18,10
"20250916",강남대로,0.0254,0.0148,0.65,0.0018,18,9
"20250916",강변북로,0.025,0.0129,0.5,0.0029,18,7
"20250916",공항대로,0.0266,0.0193,0.42,0.0024,23,11
"20250916",도산대로,0.0177,0.0231,0.59,0.0028,21,10
"20250916",동작대로,0.0301,0.0167,0.46,0.0019,26,10
"20250916",시흥대로,0.0385,0.0147,0.53,0.003,27,15
"20250916",신촌로,0.027,0.0155,0.49,0.0026,25,15
"20250916",영등포로,0.0302,0.0206,0.46,0.0025,24,12
"20250916",정릉로,0.0311,0.0155,0.49,0.0027,22,10
"20250916",종로,0.0272,0.0147,0.5,0.0027,21,10
"20250916",천호대로,0.0232,0.0164,0.44,0.0021,16,9
"20250916",청계천로,0.0307,0.0149,0.62,0.003,24,11
"20250916",한강대로,0.025,0.0189,0.51,0.0028,21,13
"20250916",홍릉로,0.0246,0.019,0.41,0.0026,20,9
"20250916",화랑로,0.0288,0.015,0.45,0.0026,22,12
"20250916",관악산,0.0082,0.0499,0.48,0.0031,18,9
"20250916",남산,0.0194,0.0259,0.48,0.0031,15,6
"20250916",북한산,0.0079,0.025,0.31,0.003,19,9
"20250916",세곡,0.0177,0.0207,0.49,0.0036,18,7
"20250916",항동,0.017,0.0191,0.52,0.0025,22,14
"20250916",행주,0.0215,0.017,0.5,0.0023,20,10
"20250916",마포아트센터,0.0198,0.0288,0.42,0.0025,20,12
"20250916",서울숲,0.0189,0.0173,0.47,0.0029,17,7
"20250916",올림픽공원,0.0128,0.0202,0.52,0.0025,16,6
"20250916",자연사박물관,0.0169,0.0291,0.45,0.0029,18,8
"20250917",강남구,0.0176,0.02,0.36,0.0024,12,5
"20250917",강동구,0.0131,0.0214,,0.002,13,5
"20250917",강북구,0.0082,0.0207,0.31,0.0021,13,3
"20250917",강서구,0.0137,0.0204,0.35,0.0027,16,10
"20250917",관악구,0.0128,0.0245,0.32,0.0021,14,7
"20250917",광진구,0.0142,0.024,0.43,0.0029,12,5
"20250917",구로구,0.0112,0.0284,0.32,0.0023,13,8
"20250917",금천구,0.0146,0.0237,0.33,0.0026,14,8
"20250917",노원구,0.0109,0.0237,0.29,0.002,10,4
"20250917",도봉구,0.0088,0.025,0.29,0.0029,10,5
"20250917",동대문구,0.0198,0.0201,0.32,0.0023,12,5
"20250917",동작구,0.0137,0.0222,0.33,0.0022,14,6
"20250917",마포구,0.014,0.0258,0.32,0.0023,12,7
"20250917",서대문구,0.0085,0.0251,0.46,0.0031,10,6
"20250917",서초구,0.0139,0.0242,0.28,0.0022,10,6
"20250917",성동구,0.0159,0.0216,0.32,0.0025,9,7
"20250917",성북구,0.0135,0.0192,0.29,0.0028,12,7
"20250917",송파구,0.018,0.0187,0.33,0.0022,10,4
"20250917",양천구,0.0124,0.0282,0.31,0.0024,16,8
"20250917",영등포구,0.0143,0.0234,0.32,0.0022,14,9
"20250917",용산구,0.0179,0.0185,0.38,0.0026,11,5
"20250917",은평구,0.0093,0.0198,0.42,0.0022,12,4
"20250917",종로구,0.0192,0.0246,0.37,0.0028,10,7
"20250917",중구,0.0171,0.0269,0.35,0.0022,12,5
"20250917",중랑구,0.012,0.0239,0.3,0.0025,11,3
"20250917",강남대로,0.0242,0.0108,0.69,0.002,10,4
"20250917",강변북로,0.0148,0.0186,0.44,0.0027,10,3
"20250917",공항대로,0.0171,0.0213,0.38,0.0023,16,7
"20250917",도산대로,0.0155,0.0221,0.54,0.0024,14,6
"20250917",동작대로,0.0229,0.0162,0.42,0.0018,18,5
"20250917",시흥대로,0.0292,0.0146,0.48,0.0028,17,8
"20250917",신촌로,0.0195,0.0182,0.47,0.0026,18,8
"20250917",영등포로,0.0192,0.0207,0.39,0.0024,16,7
"20250917",정릉로,0.0218,0.0179,0.41,0.0026,14,4
"20250917",종로,0.017,0.017,0.4,0.0025,12,4
"20250917",천호대로,0.0225,0.0135,0.44,0.0023,9,4
"20250917",청계천로,0.0221,0.0168,0.5,0.0028,15,6
"20250917",한강대로,0.0162,0.0201,0.43,0.0028,11,7
"20250917",홍릉로,0.0193,0.0191,0.39,0.0025,13,4
"20250917",화랑로,0.0227,0.017,0.43,0.0025,14,4
"20250917",관악산,0.0089,0.0404,0.48,0.0027,6,1
"20250917",남산,0.0103,0.0272,0.41,0.0029,7,3
"20250917",북한산,0.0054,0.0242,0.26,0.003,9,3
"20250917",세곡,0.0181,0.0135,0.45,0.0028,10,1
"20250917",항동,0.0101,0.0217,0.46,0.0024,14,7
"20250917",행주,0.0108,0.0239,0.43,0.0021,13,7
"20250917",마포아트센터,0.0119,0.0292,0.34,0.0022,11,7
"20250917",서울숲,0.0124,0.0213,0.4,0.0027,9,3
"20250917",올림픽공원,0.0086,0.0208,0.47,0.0024,8,1
"20250917",자연사박물관,0.0098,0.0276,0.38,0.0027,12,3
"20250918",강남구,0.0124,0.0169,0.27,0.0023,10,3
"20250918",강동구,0.0073,0.0203,,0.0021,13,4
"20250918",강북구,0.0049,0.0203,0.22,0.0019,11,2
"20250918",강서구,0.01,0.0211,0.32,0.0023,14,5
"20250918",관악구,0.0106,0.0212,0.25,0.002,11,4
"20250918",광진구,0.008,0.0244,0.33,0.0028,13,3
"20250918",구로구,0.009,0.0219,0.27,0.0023,15,7
"20250918",금천구,0.0086,0.0219,0.25,0.0024,12,5
"20250918",노원구,0.0077,0.0219,0.23,0.0019,9,2
"20250918",도봉구,0.0053,0.0244,0.17,0.003,10,4
"20250918",동대문구,0.0125,0.02,0.24,0.0022,12,2
"20250918",동작구,0.0105,0.0203,0.26,0.0021,13,4
"20250918",마포구,0.0094,0.0213,0.26,0.0022,12,5
"20250918",서대문구,0.0045,0.0236,0.32,0.0031,8,4
"20250918",서초구,0.0106,0.0202,0.21,0.0021,9,4
"20250918",성동구,0.0092,0.0208,0.23,0.0026,8,5
"20250918",성북구,0.0084,0.0194,0.15,0.0028,11,4
"20250918",송파구,0.0098,0.0195,0.25,0.002,9,2
"20250918",양천구,0.0099,0.0234,0.27,0.0022,15,5
"20250918",영등포구,0.0105,0.0207,0.26,0.0021,13,6
"20250918",용산구,0.0097,0.0188,0.27,0.0024,10,2
"20250918",은평구,0.0058,0.0203,0.25,0.0021,11,1
"20250918",종로구,0.0121,0.0227,0.28,0.0025,11,3
"20250918",중구,0.0128,0.0208,0.27,0.002,11,4
"20250918",중랑구,0.0063,0.0218,0.22,0.0024,11,2
"20250918",강남대로,0.0152,0.0133,0.51,0.0025,11,3
"20250918",강변북로,0.0081,0.0192,0.29,0.0028,11,3
"20250918",공항대로,0.0137,0.0172,0.31,0.0022,17,5
"20250918",도산대로,0.0119,0.0205,0.32,0.0023,14,4
"20250918",동작대로,0.0178,0.0144,0.34,0.0017,15,3
"20250918",시흥대로,0.0218,0.0129,0.43,0.0028,19,5
"20250918",신촌로,0.0115,0.0193,0.33,0.0025,14,4
"20250918",영등포로,0.014,0.0185,0.31,0.0022,13,4
"20250918",정릉로,0.0172,0.0171,0.29,0.0025,13,3
"20250918",종로,0.0147,0.0153,0.36,0.0023,13,3
"20250918",천호대로,0.0134,0.0143,0.34,0.0022,9,3
"20250918",청계천로,0.0131,0.0167,0.39,0.0025,14,3
"20250918",한강대로,0.0116,0.0172,0.35,0.0029,14,5
"20250918",홍릉로,0.0113,0.0187,0.27,0.0022,13,4
"20250918",화랑로,0.0195,0.0137,0.37,0.0024,12,4
"20250918",관악산,0.0064,0.0296,0.39,0.0025,8,1
"20250918",남산,0.0071,0.0227,0.32,0.0028,5,1
"20250918",북한산,0.002,0.0243,0.15,0.003,8,2
"20250918",세곡,0.009,0.0174,0.26,0.0024,11,1
"20250918",항동,0.0089,0.0186,0.37,0.0025,15,6
"20250918",행주,0.0074,0.0228,0.38,0.0021,12,4
"20250918",마포아트센터,0.0076,0.0272,0.25,0.0022,9,3
"20250918",서울숲,0.0082,0.0211,0.26,0.0028,11,1
"20250918",올림픽공원,0.0054,0.0216,0.42,0.0024,7,1
"20250918",자연사박물관,0.0056,0.0258,0.24,0.0027,9,1
"20250919",강남구,0.0146,0.017,0.27,0.0022,12,4
"20250919",강동구,0.0082,0.0217,,0.0022,14,5
"20250919",강북구,0.0071,0.0218,0.23,0.0018,12,3
"20250919",강서구,0.0144,0.0196,0.33,0.0021,14,4
"20250919",관악구,0.0119,0.0206,0.24,0.002,12,5
"20250919",광진구,0.0114,0.0237,0.37,0.0028,14,5
"20250919",구로구,0.0118,0.0198,0.27,0.0023,15,6
"20250919",금천구,0.0096,0.0237,0.22,0.0022,10,5
"20250919",노원구,0.0088,0.0248,0.23,0.0017,10,3
"20250919",도봉구,0.0087,0.0206,0.2,0.003,11,4
"20250919",동대문구,0.0146,0.0201,0.26,0.0021,15,4
"20250919",동작구,0.0132,0.0195,0.25,0.002,15,5
"20250919",마포구,0.0127,0.0217,0.28,0.0021,13,6
"20250919",서대문구,0.0058,0.0259,0.32,0.0031,8,6
"20250919",서초구,0.0136,0.0191,0.2,0.0021,10,3
"20250919",성동구,0.0107,0.022,0.25,0.0024,11,6
"20250919",성북구,0.0117,0.0189,0.16,0.0027,11,5
"20250919",송파구,0.0128,0.0205,0.26,0.002,11,4
"20250919",양천구,0.0148,0.0202,0.28,0.0022,15,5
"20250919",영등포구,0.0151,0.0179,0.29,0.0021,16,8
"20250919",용산구,0.0126,0.0186,0.29,0.0023,12,3
"20250919",은평구,0.0071,0.0243,0.22,0.0022,10,2
"20250919",종로구,0.0153,0.0222,0.3,0.0021,12,5
"20250919",중구,0.0168,0.02,0.3,0.002,14,6
"20250919",중랑구,0.0077,0.0232,0.23,0.0023,12,3
"20250919",강남대로,0.0182,0.0133,0.52,0.003,11,4
"20250919",강변북로,0.0081,0.0215,0.27,0.0029,11,3
"20250919",공항대로,0.0193,0.0161,0.35,0.0021,14,5
"20250919",도산대로,0.0137,0.0205,0.29,0.0024,16,5
"20250919",동작대로,0.0213,0.0128,0.34,0.0018,16,4
"20250919",시흥대로,0.0273,0.0102,0.45,0.0027,17,5
"20250919",신촌로,0.0128,0.0204,0.3,0.0022,15,6
"20250919",영등포로,0.0185,0.0163,0.34,0.0022,15,5
"20250919",정릉로,0.0225,0.0157,0.34,0.0024,16,4
"20250919",종로,0.0194,0.0144,0.41,0.0022,14,4
"20250919",천호대로,0.0159,0.0159,0.34,0.0021,10,4
"20250919",청계천로,0.0186,0.0163,0.44,0.0025,16,5
"20250919",한강대로,0.0145,0.0171,0.4,0.0029,13,6
"20250919",홍릉로,0.0145,0.0198,0.3,0.0022,13,4
"20250919",화랑로,0.0218,0.0143,0.36,0.0022,12,5
"20250919",관악산,0.0066,0.0297,0.37,0.0028,11,2
"20250919",남산,0.0079,0.024,0.32,0.003,7,1
"20250919",북한산,0.0035,0.026,0.2,0.003,9,3
"20250919",세곡,0.0124,0.0149,0.27,0.0024,13,1
"20250919",항동,0.0112,0.0186,0.32,0.0024,13,4
"20250919",행주,0.0107,0.0225,0.4,0.0021,8,2
"20250919",마포아트센터,0.0112,0.0254,0.28,0.0024,11,4
"20250919",서울숲,0.0092,0.0222,0.27,0.0029,11,3
"20250919",올림픽공원,0.0058,0.0228,0.49,0.0024,7,1
"20250919",자연사박물관,0.0069,0.0269,0.2,0.0027,10,2
"20250920",강남구,0.0106,0.0241,0.28,0.0021,7,2
"20250920",강동구,0.0078,0.0264,,0.0021,9,3
"20250920",강북구,0.0043,0.0277,0.21,0.0018,6,2
"20250920",강서구,0.0084,0.0255,0.26,0.0021,6,2
"20250920",관악구,0.01,0.0261,0.25,0.0019,6,3
"20250920",광진구,0.0076,0.0302,0.37,0.0029,6,2
"20250920",구로구,0.0083,0.0258,0.26,0.0023,8,5
"20250920",금천구,0.0108,0.0247,0.25,0.0022,5,3
"20250920",노원구,0.0064,0.0277,0.23,0.0017,5,3
"20250920",도봉구,0.0046,0.0294,0.26,0.0031,5,3
"20250920",동대문구,0.0125,0.0247,0.25,0.0021,6,2
"20250920",동작구,0.0098,0.0267,0.25,0.002,6,2
"20250920",마포구,0.0095,0.0264,0.24,0.0021,6,3
"20250920",서대문구,0.0045,0.0283,0.34,0.0032,4,4
"20250920",서초구,0.0102,0.0255,0.2,0.0021,5,2
"20250920",성동구,0.0109,0.0246,0.25,0.0022,5,4
"20250920",성북구,0.0077,0.0245,0.16,0.0025,5,3
"20250920",송파구,0.012,0.0231,0.27,0.002,5,2
"20250920",양천구,0.0088,0.0289,0.24,0.0021,6,2
"20250920",영등포구,0.0097,0.0251,0.25,0.002,6,2
"20250920",용산구,0.0105,0.0233,0.28,0.0023,7,3
"20250920",은평구,0.006,0.0241,0.26,0.0022,7,1
"20250920",종로구,0.0111,0.0291,0.26,0.0021,5,3
"20250920",중구,0.0093,0.0329,0.23,0.002,5,2
"20250920",중랑구,0.0082,0.0244,0.25,0.0023,6,2
"20250920",강남대로,0.0161,0.017,0.51,0.0029,6,4
"20250920",강변북로,0.0118,0.0212,0.32,0.0029,8,3
"20250920",공항대로,0.0135,0.0225,0.28,0.0021,7,3
"20250920",도산대로,0.013,0.0248,0.31,0.0023,9,4
"20250920",동작대로,0.0201,0.0181,0.36,0.0017,9,3
"20250920",시흥대로,0.0208,0.0185,0.38,0.0025,8,3
"20250920",신촌로,0.0155,0.021,0.42,0.0023,11,4
"20250920",영등포로,0.0144,0.0227,0.32,0.0021,8,3
"20250920",정릉로,0.0169,0.0224,0.31,0.0023,8,3
"20250920",종로,0.0112,0.0231,0.29,0.0021,6,3
"20250920",천호대로,0.0141,0.0207,0.36,0.0021,6,3
"20250920",청계천로,0.0144,0.0227,0.33,0.0025,8,3
"20250920",한강대로,0.0117,0.0228,0.34,0.0028,6,4
"20250920",홍릉로,0.0143,0.0219,0.33,0.0022,8,3
"20250920",화랑로,0.016,0.022,0.35,0.0022,6,3
"20250920",관악산,0.0063,0.0324,0.41,0.0027,6,1
"20250920",남산,0.0065,0.0277,0.32,0.003,4,1
"20250920",북한산,0.0014,0.0277,0.26,0.0029,7,2
"20250920",세곡,0.0109,0.0209,0.29,0.0024,6,1
"20250920",항동,0.0073,0.0226,0.32,0.0024,7,2
"20250920",행주,0.0047,0.0277,0.4,0.0021,3,1
"20250920",마포아트센터,0.007,0.0323,0.26,0.0024,4,2
"20250920",서울숲,0.008,0.0248,0.3,0.0028,6,2
"20250920",올림픽공원,0.0059,0.0275,0.53,0.0025,4,1
"20250920",자연사박물관,0.0051,0.0313,0.21,0.0027,5,1
"20250921",강남구,0.0078,0.0277,0.23,0.0021,6,2
"20250921",강동구,0.0053,0.0295,,0.0022,10,2
"20250921",강북구,0.0035,0.0288,0.2,0.0018,7,2
"20250921",강서구,0.0081,0.0284,0.27,0.002,8,3
"20250921",관악구,0.0081,0.0306,0.23,0.0018,7,2
"20250921",광진구,0.0064,0.0334,0.33,0.0031,7,2
"20250921",구로구,0.0072,0.0295,0.25,0.0023,9,4
"20250921",금천구,0.0082,0.0277,0.22,0.0022,7,3
"20250921",노원구,0.0074,0.0275,0.23,0.0017,6,3
"20250921",도봉구,0.0043,0.0317,0.22,0.0032,6,4
"20250921",동대문구,0.0097,0.0289,0.22,0.0021,7,2
"20250921",동작구,0.0087,0.0297,0.23,0.002,8,2
"20250921",마포구,0.0086,0.0284,0.24,0.0021,8,3
"20250921",서대문구,0.0041,0.029,0.31,0.0032,5,4
"20250921",서초구,0.0071,0.0313,0.17,0.0022,5,2
"20250921",성동구,0.0065,0.0308,0.2,0.0021,4,4
"20250921",성북구,0.0059,0.028,0.18,0.0025,6,3
"20250921",송파구,0.0072,0.0289,0.24,0.0019,6,3
"20250921",양천구,0.0077,0.033,0.23,0.002,7,2
"20250921",영등포구,0.0092,0.0282,0.24,0.002,9,3
"20250921",용산구,0.0082,0.0269,0.25,0.0022,7,3
"20250921",은평구,0.0053,0.0244,0.19,0.0022,7,1
"20250921",종로구,0.0093,0.0331,0.23,0.0025,5,2
"20250921",중구,0.0089,0.0329,0.22,0.002,7,3
"20250921",중랑구,0.0049,0.029,0.2,0.0023,7,1
"20250921",강남대로,0.0155,0.0157,0.46,0.0031,8,4
"20250921",강변북로,0.0048,0.0288,0.22,0.003,7,3
"20250921",공항대로,0.0115,0.0259,0.26,0.002,8,4
"20250921",도산대로,0.0095,0.0304,0.22,0.0023,9,3
"20250921",동작대로,0.0173,0.0234,0.31,0.0017,9,3
"20250921",시흥대로,0.0246,0.0179,0.4,0.0025,8,3
"20250921",신촌로,0.0098,0.0277,0.3,0.0022,10,4
"20250921",영등포로,0.0113,0.028,0.27,0.0021,8,3
"20250921",정릉로,0.0125,0.0285,0.27,0.0022,8,3
"20250921",종로,0.0103,0.0255,0.27,0.002,8,3
"20250921",천호대로,0.0113,0.024,0.31,0.002,6,3
"20250921",청계천로,0.0084,0.0282,0.28,0.0023,8,3
"20250921",한강대로,0.0091,0.0276,0.3,0.0029,7,4
"20250921",홍릉로,0.0114,0.027,0.26,0.0021,8,3
"20250921",화랑로,0.0155,0.0233,0.32,0.0022,7,3
"20250921",관악산,0.0044,0.0372,0.38,0.0027,8,1
"20250921",남산,0.0053,0.0321,0.35,0.003,3,1
"20250921",북한산,0.001,0.0273,0.25,0.003,6,2
"20250921",세곡,0.0094,0.0201,0.28,0.0025,9,2
"20250921",항동,0.0084,0.0224,0.28,0.0023,8,2
"20250921",행주,0.0066,0.0277,0.43,0.0021,5,2
"20250921",마포아트센터,0.0059,0.036,0.24,0.0024,5,2
"20250921",서울숲,0.0051,0.0305,0.23,0.0028,9,2
"20250921",올림픽공원,0.0035,0.0312,0.57,0.0024,5,1
"20250921",자연사박물관,0.0037,0.0346,0.16,0.0028,6,1
"20250922",강남구,0.0138,0.0244,0.26,0.0021,11,4
"20250922",강동구,0.0087,0.0274,,0.0023,14,4
"20250922",강북구,0.0063,0.0264,0.22,0.0018,11,3
"20250922",강서구,0.0143,0.028,0.33,0.0022,13,4
"20250922",관악구,0.0149,0.0266,0.27,0.002,14,5
"20250922",광진구,0.0085,0.0327,0.32,0.0031,12,5
"20250922",구로구,0.0108,0.0296,0.25,0.0023,16,7
"20250922",금천구,0.0099,0.0309,0.22,0.0023,10,4
"20250922",노원구,0.0128,0.023,0.24,0.0018,11,4
"20250922",도봉구,0.0089,0.0258,0.23,0.0031,9,6
"20250922",동대문구,0.0139,0.0268,0.24,0.002,11,4
"20250922",동작구,0.0159,0.0253,0.26,0.002,12,5
"20250922",마포구,0.0111,0.0322,0.25,0.0022,12,5
"20250922",서대문구,0.0059,0.0332,0.28,0.0033,8,6
"20250922",서초구,0.0132,0.0277,0.18,0.0022,12,5
"20250922",성동구,0.0089,0.0317,0.21,0.0022,9,6
"20250922",성북구,0.0127,0.0227,0.26,0.0026,10,5
"20250922",송파구,0.0138,0.025,0.25,0.0034,12,5
"20250922",양천구,0.0131,0.0318,0.25,0.0021,12,5
"20250922",영등포구,0.0146,0.028,0.27,0.0021,13,7
"20250922",용산구,0.0119,0.0261,0.27,0.0023,11,4
"20250922",은평구,0.0071,0.03,0.17,0.0023,9,1
"20250922",종로구,0.0147,0.0303,0.27,0.0023,10,5
"20250922",중구,0.015,0.029,0.27,0.002,12,5
"20250922",중랑구,0.0073,0.0283,0.22,0.0024,11,3
"20250922",강남대로,0.0226,0.0145,0.48,0.0036,14,4
"20250922",강변북로,0.0097,0.0277,0.21,0.003,10,4
"20250922",공항대로,0.0181,0.0253,0.29,0.0021,14,5
"20250922",도산대로,0.0136,0.0288,0.24,0.0025,16,4
"20250922",동작대로,0.0261,0.0185,0.35,0.0018,18,4
"20250922",시흥대로,0.03,0.0149,0.42,0.0026,16,5
"20250922",신촌로,0.0137,0.0285,0.29,0.0022,14,5
"20250922",영등포로,0.0194,0.0245,0.31,0.0021,15,5
"20250922",정릉로,0.0221,0.0219,0.32,0.0023,14,4
"20250922",종로,0.0181,0.0216,0.35,0.0022,13,3
"20250922",천호대로,0.0183,0.0199,0.33,0.0021,10,4
"20250922",청계천로,0.0175,0.0231,0.4,0.0024,14,4
"20250922",한강대로,0.0137,0.0247,0.35,0.003,12,6
"20250922",홍릉로,0.0154,0.0253,0.28,0.0022,12,4
"20250922",화랑로,0.0243,0.0158,0.36,0.0022,12,5
"20250922",관악산,0.0055,0.0389,0.37,0.0028,13,2
"20250922",남산,0.0077,0.0317,0.39,0.0031,6,1
"20250922",북한산,0.0026,0.0295,0.24,0.003,8,5
"20250922",세곡,0.0145,0.0181,0.28,0.0027,12,2
"20250922",항동,0.0132,0.0234,0.25,0.0024,11,5
"20250922",행주,0.0161,0.0206,0.5,0.0023,10,4
"20250922",마포아트센터,0.0097,0.0353,0.26,0.0027,9,3
"20250922",서울숲,0.0081,0.0298,0.22,0.003,11,4
"20250922",올림픽공원,0.0061,0.031,0.65,0.0025,8,2
"20250922",자연사박물관,0.0057,0.0364,0.11,0.0029,9,1
"20250923",강남구,0.0148,0.0256,0.25,0.0021,14,5
"20250923",강동구,0.009,0.0313,,0.0023,16,5
"20250923",강북구,0.0076,0.0283,0.23,0.0019,14,5
"20250923",강서구,0.0152,0.0321,0.33,0.0023,15,6
"20250923",관악구,0.0145,0.0324,0.25,0.002,15,6
"20250923",광진구,0.0106,0.0356,0.33,0.0031,13,6
"20250923",구로구,0.0109,0.0341,0.26,0.0023,18,9
"20250923",금천구,0.0101,0.0361,0.22,0.0024,12,6
"20250923",노원구,0.0116,0.0301,0.23,0.0018,12,5
"20250923",도봉구,0.0091,0.0295,0.23,0.0028,12,6
"20250923",동대문구,0.0138,0.0306,0.25,0.0021,13,5
"20250923",동작구,0.0153,0.0312,0.25,0.0022,14,6
"20250923",마포구,0.0115,0.0359,0.25,0.0021,13,6
"20250923",서대문구,0.0078,0.0349,0.31,0.0029,9,6
"20250923",서초구,0.0132,0.0329,0.18,0.0023,13,6
"20250923",성동구,0.01,0.0348,0.23,0.0023,12,6
"20250923",성북구,0.0118,0.0274,0.33,0.0027,13,5
"20250923",송파구,0.0121,0.0318,0.23,0.0028,18,7
"20250923",양천구,0.0134,0.0375,0.26,0.0021,15,5
"20250923",영등포구,0.0169,0.0309,0.28,0.0023,15,8
"20250923",용산구,0.0122,0.0294,0.26,0.0022,13,5
"20250923",은평구,0.0082,0.0314,0.17,0.0023,11,2
"20250923",종로구,0.0161,0.0333,0.29,0.0021,13,6
"20250923",중구,0.0176,0.0296,0.29,0.0021,14,6
"20250923",중랑구,0.0078,0.0324,0.22,0.0023,12,4
"20250923",강남대로,0.0225,0.0185,0.49,0.0031,16,4
"20250923",강변북로,0.0131,0.0279,0.25,0.003,13,4
"20250923",공항대로,0.0195,0.0276,0.29,0.0021,16,5
"20250923",도산대로,0.0144,0.0317,0.3,0.0028,17,4
"20250923",동작대로,0.0272,0.0225,0.33,0.0019,20,5
"20250923",시흥대로,0.0301,0.0201,0.4,0.0026,17,5
"20250923",신촌로,0.0133,0.0326,0.28,0.0022,15,6
"20250923",영등포로,0.0215,0.027,0.32,0.0022,17,6
"20250923",정릉로,0.0235,0.0245,0.31,0.0023,15,4
"20250923",종로,0.0205,0.0196,0.37,0.0022,17,5
"20250923",천호대로,0.0176,0.0239,0.33,0.0021,14,5
"20250923",청계천로,0.0192,0.0248,0.43,0.0024,17,4
"20250923",한강대로,0.016,0.0261,0.35,0.0031,15,7
"20250923",홍릉로,0.0152,0.0292,0.28,0.0023,14,4
"20250923",화랑로,0.026,0.0184,0.37,0.0022,14,6
"20250923",관악산,0.0057,0.0437,0.39,0.003,14,3
"20250923",남산,0.0085,0.0339,0.4,0.0031,8,1
"20250923",북한산,0.0031,0.0332,0.31,0.003,10,5
"20250923",세곡,0.0129,0.0266,0.25,0.0028,14,2
"20250923",항동,0.0126,0.0272,0.3,0.0024,13,5
"20250923",행주,0.0151,0.026,0.53,0.0024,11,3
"20250923",마포아트센터,0.01,0.0391,0.27,0.0027,11,4
"20250923",서울숲,0.0096,0.0311,0.28,0.003,13,5
"20250923",올림픽공원,0.006,0.0354,0.68,0.0026,8,2
"20250923",자연사박물관,0.0074,0.0382,0.13,0.0029,11,1
"20250924",강남구,0.0176,0.0236,0.29,0.0023,13,5
"20250924",강동구,0.0102,0.0295,,0.0023,15,6
"20250924",강북구,0.0101,0.025,0.26,0.0019,11,5
"20250924",강서구,0.0169,0.0254,0.3,0.0024,13,6
"20250924",관악구,0.012,0.0309,0.25,0.002,12,6
"20250924",광진구,0.0141,0.0316,0.4,0.0031,14,7
"20250924",구로구,0.0129,0.0288,0.27,0.0024,13,6
"20250924",금천구,0.0127,0.0315,0.27,0.0023,11,5
"20250924",노원구,0.0131,0.0293,0.26,0.0018,11,6
"20250924",도봉구,0.0111,0.0272,0.3,0.0026,9,6
"20250924",동대문구,0.0157,0.0267,0.27,0.0021,12,5
"20250924",동작구,0.0127,0.0292,0.25,0.0021,12,5
"20250924",마포구,0.0167,0.0272,0.28,0.0022,13,6
"20250924",서대문구,0.0107,0.0311,0.39,0.0024,9,6
"20250924",서초구,0.0132,0.0284,0.2,0.0023,10,5
"20250924",성동구,0.0171,0.0262,0.29,0.0022,11,6
"20250924",성북구,0.0148,0.0229,0.42,0.0026,11,6
"20250924",송파구,0.018,0.0247,0.26,0.0024,14,6
"20250924",양천구,0.0165,0.0284,0.28,0.0022,14,5
"20250924",영등포구,0.0184,0.0251,0.3,0.0022,13,7
"20250924",용산구,0.0176,0.0226,0.31,0.0024,12,5
"20250924",은평구,0.0099,0.0286,0.26,0.0023,10,2
"20250924",종로구,0.0223,0.0271,0.34,0.0024,15,8
"20250924",중구,0.0224,0.027,0.34,0.0021,14,6
"20250924",중랑구,0.0128,0.0275,0.27,0.0024,11,5
"20250924",강남대로,0.0183,0.0203,0.52,0.0023,11,5
"20250924",강변북로,0.0238,0.0177,0.44,0.0028,15,4
"20250924",공항대로,0.0219,0.0225,0.32,0.0022,14,5
"20250924",도산대로,0.0169,0.0266,0.48,0.0027,14,4
"20250924",동작대로,0.0241,0.0207,0.36,0.0019,18,5
"20250924",시흥대로,0.0274,0.0191,0.39,0.0026,18,6
"20250924",신촌로,0.021,0.0227,0.39,0.0023,17,7
"20250924",영등포로,0.0234,0.0201,0.37,0.0023,16,6
"20250924",정릉로,0.026,0.0206,0.38,0.0023,16,5
"20250924",종로,0.0232,0.0191,0.41,0.0023,15,5
"20250924",천호대로,0.0172,0.0248,0.34,0.002,10,5
"20250924",청계천로,0.0227,0.02,0.5,0.0028,17,6
"20250924",한강대로,0.0188,0.0215,0.4,0.0028,13,8
"20250924",홍릉로,0.0208,0.0245,0.34,0.0022,16,6
"20250924",화랑로,0.026,0.0199,0.38,0.0023,13,6
"20250924",관악산,0.0056,0.0412,0.44,0.0028,10,2
"20250924",남산,0.0109,0.031,0.27,0.0031,7,1
"20250924",북한산,0.0062,0.0318,0.38,0.003,7,4
"20250924",세곡,0.0113,0.0266,0.26,0.0028,11,2
"20250924",항동,0.013,0.023,0.55,0.0024,11,5
"20250924",행주,0.0149,0.0242,0.52,0.0022,10,4
"20250924",마포아트센터,0.0143,0.0312,0.34,0.003,10,5
"20250924",서울숲,0.0146,0.0229,0.42,0.0031,12,4
"20250924",올림픽공원,0.0089,0.0291,0.7,0.0026,9,2
"20250924",자연사박물관,0.0108,0.0325,0.12,0.003,8,2
"20250925",강남구,0.0194,0.0356,0.38,0.0024,17,9
"20250925",강동구,0.0195,0.0332,,0.0023,21,9
"20250925",강북구,0.0065,0.0331,0.28,0.0019,16,7
"20250925",강서구,0.019,0.0327,0.34,0.0035,19,10
"20250925",관악구,0.0197,0.0359,0.35,0.0022,18,10
"20250925",광진구,0.0172,0.0402,0.49,0.0033,16,8
"20250925",구로구,0.0174,0.0364,0.34,0.0029,20,12
"20250925",금천구,0.0201,0.0307,0.34,0.0028,18,10
"20250925",노원구,0.015,0.0318,0.32,0.0019,15,7
"20250925",도봉구,0.0097,0.0357,0.34,0.0026,13,7
"20250925",동대문구,0.0146,0.0364,0.32,0.0022,17,8
"20250925",동작구,0.0168,0.0334,0.34,0.0022,17,8
"20250925",마포구,0.0184,0.0336,0.32,0.0024,16,9
"20250925",서대문구,0.0118,0.0345,0.46,0.0025,15,9
"20250925",서초구,0.0211,0.0342,0.31,0.0026,19,11
"20250925",성동구,0.0212,0.0323,0.35,0.0022,14,10
"20250925",성북구,0.0135,0.0313,0.46,0.0025,14,8
"20250925",송파구,0.0232,0.0306,0.37,0.0023,18,8
"20250925",양천구,0.018,0.0402,0.33,0.0037,20,9
"20250925",영등포구,0.02,0.0342,0.35,0.0028,17,11
"20250925",용산구,0.0187,0.0321,0.38,0.0026,16,7
"20250925",은평구,0.0095,0.0299,0.33,0.0023,15,5
"20250925",종로구,0.0207,0.0366,0.38,0.0026,17,11
"20250925",중구,0.0162,0.0392,0.33,0.0023,15,8
"20250925",중랑구,0.0151,0.0322,0.33,0.0025,17,7
"20250925",강남대로,0.0258,0.0234,0.62,0.0026,18,8
"20250925",강변북로,0.0351,0.0181,0.58,0.0026,19,7
"20250925",공항대로,0.0244,0.0287,0.38,0.0027,21,9
"20250925",도산대로,0.0236,0.033,0.59,0.0034,20,7
"20250925",동작대로,0.0328,0.0238,0.47,0.002,21,7
"20250925",시흥대로,0.0319,0.0243,0.45,0.0027,21,9
"20250925",신촌로,0.0291,0.0242,0.56,0.0026,23,11
"20250925",영등포로,0.0258,0.0301,0.45,0.003,20,10
"20250925",정릉로,0.0317,0.0238,0.45,0.0024,18,7
"20250925",종로,0.0166,0.0288,0.37,0.0022,16,7
"20250925",천호대로,0.028,0.026,0.47,0.0022,16,8
"20250925",청계천로,0.0232,0.0271,0.48,0.0026,19,9
"20250925",한강대로,0.0189,0.0315,0.45,0.0027,18,12
"20250925",홍릉로,0.0255,0.0283,0.46,0.0024,19,7
"20250925",화랑로,0.0303,0.0218,0.47,0.0023,18,8
"20250925",관악산,0.0091,0.052,0.55,0.0031,19,8
"20250925",남산,0.0113,0.039,0.38,0.0032,12,3
"20250925",북한산,0.0025,0.0373,0.45,0.0031,9,6
"20250925",세곡,0.0188,0.0246,0.42,0.0026,17,6
"20250925",항동,0.0177,0.0229,0.66,0.0027,19,10
"20250925",행주,0.0104,0.0319,0.53,0.0024,14,6
"20250925",마포아트센터,0.0146,0.0409,0.36,0.0031,16,9
"20250925",서울숲,0.0186,0.0264,0.54,0.0029,14,5
"20250925",올림픽공원,0.0136,0.0293,0.71,0.0025,15,6
"20250925",자연사박물관,0.0108,0.0406,0.57,0.0031,15,4
"20250926",강남구,0.0226,0.028,0.47,0.0024,29,17
"20250926",강동구,0.0194,0.0194,0.56,0.0024,28,15
"20250926",강북구,0.0064,0.0343,0.37,0.0019,27,16
"20250926",강서구,0.0193,0.0354,0.47,0.0024,32,19
"20250926",관악구,0.0219,0.0288,0.49,0.0023,33,21
"20250926",광진구,0.0191,0.0297,0.63,0.0031,27,17
"20250926",구로구,0.019,0.0361,0.43,0.0025,34,22
"20250926",금천구,0.0228,0.0274,0.48,0.0031,31,19
"20250926",노원구,0.0165,0.0286,0.41,0.002,26,17
"20250926",도봉구,0.0122,0.033,0.44,0.0026,25,16
"20250926",동대문구,0.0219,0.0294,0.46,0.0022,31,18
"20250926",동작구,0.0197,0.0303,0.47,0.0022,31,18
"20250926",마포구,0.0191,0.0351,0.44,0.0023,28,18
"20250926",서대문구,0.0119,0.0361,0.53,0.0025,25,18
"20250926",서초구,0.0237,0.0297,0.39,0.0023,32,21
"20250926",성동구,0.0213,0.0298,0.46,0.0026,26,19
"20250926",성북구,0.0166,0.0283,0.59,0.0026,29,19
"20250926",송파구,0.0269,0.0231,0.5,0.0025,31,18
"20250926",양천구,0.0182,0.0415,0.44,0.0023,32,19
"20250926",영등포구,0.0226,0.0351,0.46,0.0023,28,20
"20250926",용산구,0.0234,0.028,0.54,0.0028,31,20
"20250926",은평구,0.0099,0.0302,0.42,0.0022,25,12
"20250926",종로구,0.0236,0.0346,0.5,0.0029,30,22
"20250926",중구,0.0201,0.0365,0.45,0.0022,28,18
"20250926",중랑구,0.0116,0.0301,0.38,0.0024,28,18
"20250926",강남대로,0.0257,0.0169,0.63,0.0028,31,16
"20250926",강변북로,0.028,0.0192,0.6,0.0026,30,14
"20250926",공항대로,0.0275,0.027,0.5,0.0023,34,18
"20250926",도산대로,0.0247,0.0307,0.68,0.003,36,18
"20250926",동작대로,0.0347,0.0205,0.61,0.002,35,17
"20250926",시흥대로,0.041,0.018,0.64,0.0031,35,20
"20250926",신촌로,0.0267,0.027,0.66,0.0026,36,21
"20250926",영등포로,0.0256,0.0342,0.53,0.0025,32,18
"20250926",정릉로,0.0322,0.0226,0.56,0.0025,31,17
"20250926",종로,0.0182,0.0281,0.49,0.0022,28,15
"20250926",천호대로,0.0293,0.013,0.59,0.0025,26,15
"20250926",청계천로,0.0254,0.0266,0.61,0.0031,33,18
"20250926",한강대로,0.0229,0.0296,0.58,0.0028,34,21
"20250926",홍릉로,0.0252,0.0253,0.51,0.0027,31,15
"20250926",화랑로,0.0293,0.0205,0.52,0.0023,29,17
"20250926",관악산,0.0099,0.0555,0.63,0.0029,32,17
"20250926",남산,0.014,0.0404,0.5,0.0031,25,11
"20250926",북한산,0.0035,0.0361,0.58,0.0031,21,15
"20250926",세곡,0.0227,0.0185,0.57,0.0028,30,13
"20250926",항동,0.0182,0.0272,0.75,0.0026,30,19
"20250926",행주,0.0125,0.0299,0.65,0.0022,27,16
"20250926",마포아트센터,0.0161,0.0386,0.49,0.0028,28,18
"20250926",서울숲,0.0173,0.0265,0.62,0.003,27,15
"20250926",올림픽공원,0.017,0.0171,0.69,0.0025,22,12
"20250926",자연사박물관,0.012,0.0417,0.72,0.0029,26,13
"20250927",강남구,0.0176,0.0278,0.4,0.0024,25,14
"20250927",강동구,0.011,0.0298,0.46,0.0026,25,13
"20250927",강북구,0.0062,0.0318,0.34,0.002,24,13
"20250927",강서구,0.0189,0.0328,0.48,0.0025,29,16
"20250927",관악구,0.0189,0.0299,0.43,0.0022,29,18
"20250927",광진구,0.0126,0.0363,0.54,0.0033,23,14
"20250927",구로구,0.0158,0.0334,0.39,0.0024,29,18
"20250927",금천구,0.0173,0.0288,0.42,0.0027,27,19
"20250927",노원구,0.0143,0.0282,0.39,0.0021,24,14
"20250927",도봉구,0.0093,0.0328,0.38,0.0027,21,14
"20250927",동대문구,0.0177,0.0307,0.4,0.0023,28,15
"20250927",동작구,0.0193,0.0268,0.43,0.0021,28,16
"20250927",마포구,0.0194,0.0332,0.44,0.0025,57,45
"20250927",서대문구,0.0097,0.0384,0.46,0.0027,18,13
"20250927",서초구,0.0187,0.0301,0.32,0.0023,25,15
"20250927",성동구,0.0149,0.0332,0.38,0.0024,28,19
"20250927",성북구,0.0153,0.0266,0.54,0.0026,25,15
"20250927",송파구,0.0169,0.0289,0.39,0.0041,25,15
"20250927",양천구,0.0173,0.0375,0.41,0.0023,29,16
"20250927",영등포구,0.0211,0.0312,0.45,0.0024,28,19
"20250927",용산구,0.0223,0.0247,0.48,0.0027,27,16
"20250927",은평구,0.0094,0.0317,0.35,0.0023,18,8
"20250927",종로구,0.0216,0.0319,0.44,0.003,26,18
"20250927",중구,0.0225,0.0309,0.43,0.0023,26,16
"20250927",중랑구,0.011,0.03,0.34,0.0025,24,13
"20250927",강남대로,0.0233,0.0158,0.5,0.0028,27,13
"20250927",강변북로,0.0231,0.0205,0.53,0.0025,23,11
"20250927",공항대로,0.0216,0.0292,0.44,0.0022,28,14
"20250927",도산대로,0.0163,0.0334,0.55,0.0029,28,12
"20250927",동작대로,0.0311,0.0199,0.53,0.002,32,13
"20250927",시흥대로,0.0379,0.0155,0.62,0.0029,31,18
"20250927",신촌로,0.0211,0.0294,0.49,0.0025,30,16
"20250927",영등포로,0.025,0.0279,0.49,0.0024,31,16
"20250927",정릉로,0.0266,0.0235,0.49,0.0028,27,14
"20250927",종로,0.0232,0.0221,0.48,0.0023,24,12
"20250927",천호대로,0.0221,0.0211,0.5,0.0024,23,13
"20250927",청계천로,0.0238,0.0232,0.55,0.0027,30,15
"20250927",한강대로,0.0208,0.0253,0.51,0.0028,28,16
"20250927",홍릉로,0.0205,0.0274,0.45,0.0027,27,13
"20250927",화랑로,0.0282,0.0191,0.51,0.0023,28,16
"20250927",관악산,0.0057,0.0511,0.57,0.003,24,11
"20250927",남산,0.0151,0.0327,0.45,0.0031,22,10
"20250927",북한산,0.0034,0.0339,0.5,0.0031,17,11
"20250927",세곡,0.0154,0.0225,0.5,0.0028,28,11
"20250927",항동,0.016,0.0246,0.72,0.0026,24,13
"20250927",행주,0.0169,0.026,0.57,0.0023,26,15
"20250927",마포아트센터,0.0147,0.0373,0.44,0.0028,23,15
"20250927",서울숲,0.014,0.0267,0.55,0.0029,23,11
"20250927",올림픽공원,0.0109,0.0272,0.35,0.0025,19,9
"20250927",자연사박물관,0.0096,0.0422,0.65,0.003,21,8
"20250928",강남구,0.0109,0.0348,0.37,0.0022,15,9
"20250928",강동구,0.007,0.0361,0.45,0.0024,15,6
"20250928",강북구,0.0039,0.0366,0.31,0.0018,15,9
"20250928",강서구,0.0101,0.0423,0.38,0.0024,20,13
"20250928",관악구,0.0088,0.0435,0.35,0.0021,15,11
"20250928",광진구,0.0078,0.0425,0.51,0.0031,13,9
"20250928",구로구,0.0083,0.0445,0.34,0.0024,19,14
"20250928",금천구,0.011,0.0416,0.36,0.0025,16,11
"20250928",노원구,0.0072,0.0394,0.32,0.0019,13,8
"20250928",도봉구,0.005,0.0401,0.33,0.0026,11,9
"20250928",동대문구,0.0107,0.0371,0.34,0.0022,16,10
"20250928",동작구,0.0095,0.0388,0.35,0.002,15,9
"20250928",마포구,0.0106,0.0444,0.36,0.0023,17,13
"20250928",서대문구,0.0085,0.0388,0.47,0.0025,15,12
"20250928",서초구,0.0093,0.0404,0.27,0.0022,13,9
"20250928",성동구,0.0099,0.0373,0.34,0.0021,12,10
"20250928",성북구,0.0081,0.0335,0.48,0.0025,13,8
"20250928",송파구,0.0116,0.0349,0.35,0.0023,13,8
"20250928",양천구,0.0096,0.0496,0.34,0.0022,21,13
"20250928",영등포구,0.0095,0.0454,0.36,0.0022,18,14
"20250928",용산구,0.0118,0.0326,0.4,0.0025,15,10
"20250928",은평구,0.0074,0.0349,0.36,0.0023,13,7
"20250928",종로구,0.0137,0.0391,0.37,0.0025,15,12
"20250928",중구,0.0119,0.0422,0.35,0.0022,14,10
"20250928",중랑구,0.0077,0.0364,0.32,0.0025,13,7
"20250928",강남대로,0.019,0.0241,0.45,0.0023,12,6
"20250928",강변북로,0.0122,0.0301,0.46,0.0024,13,6
"20250928",공항대로,0.0132,0.0423,0.37,0.0021,20,12
"20250928",도산대로,0.0136,0.0366,0.53,0.0029,16,8
"20250928",동작대로,0.0195,0.0334,0.41,0.0018,17,8
"20250928",시흥대로,0.0204,0.0353,0.45,0.0026,19,12
"20250928",신촌로,0.0164,0.0345,0.48,0.0024,23,13
"20250928",영등포로,0.0136,0.0437,0.41,0.0023,20,12
"20250928",정릉로,0.0183,0.0344,0.42,0.0023,17,8
"20250928",종로,0.0114,0.033,0.38,0.002,14,7
"20250928",천호대로,0.0156,0.0288,0.44,0.0022,10,7
"20250928",청계천로,0.0122,0.0343,0.4,0.0023,19,9
"20250928",한강대로,0.0129,0.033,0.45,0.003,14,9
"20250928",홍릉로,0.0154,0.0324,0.4,0.0024,16,8
"20250928",화랑로,0.0175,0.0355,0.42,0.0022,14,9
"20250928",관악산,0.006,0.0528,0.6,0.0034,16,9
"20250928",남산,0.0067,0.039,0.46,0.0029,10,4
"20250928",북한산,0.0025,0.0361,0.42,0.003,11,7
"20250928",세곡,0.0119,0.0283,0.4,0.0026,11,4
"20250928",항동,0.0079,0.0354,0.66,0.0025,17,11
"20250928",행주,0.0061,0.041,0.46,0.0023,18,12
"20250928",마포아트센터,0.008,0.0453,0.38,0.0028,14,10
"20250928",서울숲,0.0079,0.0343,0.51,0.0028,12,6
"20250928",올림픽공원,0.0062,0.0337,0.33,0.0025,10,4
"20250928",자연사박물관,0.0082,0.0424,0.57,0.0029,14,5
"20250929",강남구,0.0161,0.0348,0.41,0.0023,29,18
"20250929",강동구,0.0118,0.0372,0.48,0.0025,32,18
"20250929",강북구,0.0049,0.0371,0.33,0.0019,27,16
"20250929",강서구,0.011,0.0311,0.39,0.0023,29,16
"20250929",관악구,0.0172,0.0329,0.4,0.0022,30,18
"20250929",광진구,0.0148,0.0397,0.53,0.003,28,18
"20250929",구로구,0.0151,0.0351,0.38,0.0025,33,20
"20250929",금천구,0.0176,0.032,0.38,0.0027,27,16
"20250929",노원구,0.0119,0.0372,0.35,0.0019,26,17
"20250929",도봉구,0.0077,0.0413,0.35,0.0027,23,17
"20250929",동대문구,0.0143,0.0391,0.37,0.0022,28,17
"20250929",동작구,0.0135,0.0349,0.37,0.0021,29,17
"20250929",마포구,0.0165,0.0354,0.42,0.0022,28,18
"20250929",서대문구,0.01,0.0373,0.48,0.0027,26,20
"20250929",서초구,0.0177,0.0327,0.31,0.0023,29,18
"20250929",성동구,0.016,0.0366,0.38,0.0022,24,17
"20250929",성북구,0.0127,0.0339,0.48,0.0025,26,17
"20250929",송파구,0.0172,0.0336,0.37,0.0028,27,17
"20250929",양천구,0.0161,0.0392,0.39,0.0023,30,16
"20250929",영등포구,0.0182,0.0343,0.43,0.0024,28,19
"20250929",용산구,0.0158,0.0322,0.43,0.0025,29,18
"20250929",은평구,0.009,0.0309,0.35,0.0023,24,12
"20250929",종로구,0.0173,0.0349,0.42,0.0026,28,20
"20250929",중구,0.0159,0.0417,0.39,0.0023,27,17
"20250929",중랑구,0.0111,0.035,0.36,0.0023,27,16
"20250929",강남대로,0.022,0.0223,0.43,0.0026,26,14
"20250929",강변북로,0.028,0.0214,0.54,0.0027,30,15
"20250929",공항대로,0.0234,0.0286,0.43,0.0023,31,15
"20250929",도산대로,0.02,0.0327,0.57,0.0029,30,16
"20250929",동작대로,0.028,0.0262,0.47,0.002,31,16
"20250929",시흥대로,0.0315,0.0243,0.52,0.003,31,17
"20250929",신촌로,0.0161,0.0261,0.49,0.0023,34,19
"20250929",영등포로,0.0242,0.0308,0.49,0.0025,32,17
"20250929",정릉로,0.0273,0.0278,0.48,0.0024,29,15
"20250929",종로,0.0162,0.0311,0.43,0.0021,26,13
"20250929",천호대로,0.0238,0.029,0.49,0.0022,26,17
"20250929",청계천로,0.0213,0.0299,0.54,0.0028,32,16
"20250929",한강대로,0.0178,0.0306,0.5,0.0029,30,18
"20250929",홍릉로,0.0207,0.031,0.45,0.0024,29,14
"20250929",화랑로,0.0268,0.0294,0.48,0.0022,28,18
"20250929",관악산,0.0085,0.0445,0.58,0.0029,26,14
"20250929",남산,0.0098,0.0398,0.5,0.0031,22,10
"20250929",북한산,0.0028,0.0356,0.54,0.0031,21,13
"20250929",세곡,0.0172,0.0246,0.45,0.0028,27,11
"20250929",항동,0.0151,0.0265,0.64,0.0028,24,14
"20250929",행주,0.0111,0.0326,0.49,0.0023,23,14
"20250929",마포아트센터,0.0132,0.0409,0.42,0.0027,26,18
"20250929",서울숲,0.0148,0.0297,0.53,0.0029,25,15
"20250929",올림픽공원,0.0092,0.0355,0.37,0.0025,22,14
"20250929",자연사박물관,0.0104,0.0409,0.55,0.003,25,10
"20250930",강남구,0.0267,0.0234,0.48,0.0027,32,19
"20250930",강동구,0.0211,0.0208,0.57,0.0027,36,22
"20250930",강북구,0.0093,0.0247,0.41,0.0021,30,18
"20250930",강서구,0.0289,0.0348,0.48,0.0047,34,21
"20250930",관악구,0.0253,0.0252,0.48,0.0026,33,21
"20250930",광진구,0.0212,0.0276,0.59,0.0027,29,19
"20250930",구로구,0.0284,0.0238,0.46,0.0028,41,28
"20250930",금천구,0.0273,0.0236,0.46,0.0029,31,21
"20250930",노원구,0.0217,0.0201,0.45,0.0021,31,19
"20250930",도봉구,0.0159,0.0265,0.44,0.0029,31,20
"20250930",동대문구,0.0252,0.0252,0.46,0.0026,34,20
"20250930",동작구,0.0235,0.0254,0.46,0.0023,31,19
"20250930",마포구,0.0303,0.0236,0.51,0.0028,33,21
"20250930",서대문구,0.0188,0.0242,0.6,0.0028,31,24
"20250930",서초구,0.0265,0.0236,0.38,0.0025,39,25
"20250930",성동구,0.0277,0.0247,0.48,0.0027,29,21
"20250930",성북구,0.0216,0.0217,0.59,0.0027,34,22
"20250930",송파구,0.0268,0.019,0.46,0.0027,31,17
"20250930",양천구,0.0297,0.0277,0.47,0.0032,36,20
"20250930",영등포구,0.0354,0.0224,0.52,0.0034,31,22
"20250930",용산구,0.0308,0.0206,0.55,0.0031,33,21
"20250930",은평구,0.0168,0.0222,0.43,0.0025,32,18
"20250930",종로구,0.0301,0.0244,0.53,0.0029,34,23
"20250930",중구,0.0265,0.0315,0.48,0.0026,32,20
"20250930",중랑구,0.0204,0.0223,0.45,0.0026,30,17
"20250930",강남대로,0.0272,0.0135,0.51,0.003,34,21
"20250930",강변북로,0.0353,0.0139,0.63,0.0028,38,22
"20250930",공항대로,0.0343,0.0214,0.54,0.003,35,19
"20250930",도산대로,0.0283,0.0226,0.7,0.003,43,23
"20250930",동작대로,0.0363,0.0173,0.6,0.0022,37,19
"20250930",시흥대로,0.0471,0.0072,0.68,0.0034,37,22
"20250930",신촌로,0.0444,0.0298,0.79,0.0036,47,30
"20250930",영등포로,0.0368,0.0205,0.6,0.0034,36,20
"20250930",정릉로,0.0349,0.0173,0.58,0.0027,33,17
"20250930",종로,0.0246,0.0207,0.53,0.0024,30,16
"20250930",천호대로,0.03,0.0153,0.57,0.0024,28,18
"20250930",청계천로,0.0293,0.0194,0.65,0.0029,37,19
"20250930",한강대로,0.0282,0.0252,0.59,0.0032,39,24
"20250930",홍릉로,0.0304,0.0184,0.56,0.0029,34,15
"20250930",화랑로,0.0307,0.0156,0.54,0.0024,32,19
"20250930",관악산,0.0114,0.0581,0.54,0.0034,40,22
"20250930",남산,0.0226,0.0278,0.61,0.0034,33,17
"20250930",북한산,0.0087,0.0286,0.51,0.0032,25,18
"20250930",세곡,0.0221,0.0167,0.5,0.0028,31,15
"20250930",항동,0.0241,0.0164,0.71,0.003,31,19
"20250930",행주,0.0218,0.0213,0.6,0.0027,29,17
"20250930",마포아트센터,0.0257,0.0283,0.54,0.0032,37,24
"20250930",서울숲,0.0223,0.0206,0.61,0.0031,33,20
"20250930",올림픽공원,0.0162,0.02,0.46,0.0026,28,18
"20250930",자연사박물관,0.0215,0.0295,0.65,0.0033,33,16
"20251001",강남구,0.0256,0.0302,0.5,0.0028,32,20
"20251001",강동구,0.0172,0.0352,0.58,0.0028,36,23
"20251001",강북구,0.0068,0.0378,0.39,0.0023,27,16
"20251001",강서구,0.027,0.0276,0.52,0.0035,30,19
"20251001",관악구,0.0185,0.04,0.44,0.0025,28,18
"20251001",광진구,0.0188,0.0398,0.58,0.0027,30,20
"20251001",구로구,0.0221,0.0345,0.46,0.0027,35,25
"20251001",금천구,0.0226,0.0295,0.46,0.003,28,18
"20251001",노원구,0.0172,0.0348,0.42,0.0022,28,19
"20251001",도봉구,0.013,0.0375,0.42,0.003,26,18
"20251001",동대문구,0.0238,0.0342,0.48,0.0027,34,21
"20251001",동작구,0.0183,0.0376,0.44,0.0025,28,17
"20251001",마포구,0.0265,0.0225,0.51,0.0027,29,19
"20251001",서대문구,0.0146,0.0392,0.54,0.0029,27,20
"20251001",서초구,0.0258,0.0303,0.39,0.0025,39,26
"20251001",성동구,0.0245,0.0335,0.46,0.0029,29,21
"20251001",성북구,0.0187,0.0312,0.58,0.0028,32,22
"20251001",송파구,0.0246,0.0312,0.47,0.0027,32,19
"20251001",양천구,0.0249,0.0382,0.48,0.0028,31,18
"20251001",영등포구,0.0279,0.0341,0.52,0.0029,30,21
"20251001",용산구,0.0274,0.0288,0.55,0.0031,33,21
"20251001",은평구,0.0121,0.0355,0.38,0.0025,25,14
"20251001",종로구,0.0276,0.0338,0.53,0.0034,33,24
"20251001",중구,0.0232,0.0404,0.48,0.0027,29,20
"20251001",중랑구,0.0147,0.0378,0.43,0.0027,29,18
"20251001",강남대로,0.0244,0.0228,0.51,0.003,30,20
"20251001",강변북로,0.0357,0.0185,0.65,0.0029,36,20
"20251001",공항대로,0.0303,0.0289,0.53,0.0028,32,17
"20251001",도산대로,0.0278,0.0267,0.7,0.0032,43,25
"20251001",동작대로,0.0343,0.0259,0.57,0.0023,35,17
"20251001",시흥대로,0.0375,0.0226,0.6,0.0032,33,21
"20251001",신촌로,0.0337,0.0243,0.69,0.0032,37,22
"20251001",영등포로,0.0336,0.0298,0.6,0.003,33,19
"20251001",정릉로,0.0325,0.0272,0.55,0.003,32,16
"20251001",종로,0.0216,0.0292,0.52,0.0026,28,16
"20251001",천호대로,0.0258,0.0291,0.54,0.0026,28,19
"20251001",청계천로,0.0278,0.0284,0.62,0.0029,35,19
"20251001",한강대로,0.0259,0.0307,0.58,0.0034,36,24
"20251001",홍릉로,0.0307,0.0256,0.57,0.0031,34,17
"20251001",화랑로,0.0276,0.0281,0.52,0.0025,30,20
"20251001",관악산,0.0069,0.0791,0.42,0.0034,25,12
"20251001",남산,0.0169,0.043,0.57,0.0034,30,17
"20251001",북한산,0.0062,0.042,0.43,0.0032,21,15
"20251001",세곡,0.0181,0.0295,0.51,0.003,31,16
"20251001",항동,0.0177,0.028,0.63,0.0024,26,15
"20251001",행주,0.0176,0.0311,0.59,0.0025,26,14
"20251001",마포아트센터,0.0204,0.0414,0.51,0.0031,32,23
"20251001",서울숲,0.0199,0.0296,0.62,0.0031,33,19
"20251001",올림픽공원,0.0144,0.0347,0.49,0.0027,30,19
"20251001",자연사박물관,0.0168,0.0436,0.59,0.0033,26,14
"20251002",강남구,0.0267,0.0284,0.47,0.0026,28,17
"20251002",강동구,0.0175,0.029,0.58,0.0026,31,18
"20251002",강북구,0.0064,0.0382,0.36,0.0022,25,15
"20251002",강서구,0.0271,0.0242,0.5,0.0029,29,17
"20251002",관악구,0.0237,0.0363,0.47,0.0024,30,18
"20251002",광진구,0.0192,0.0342,0.54,0.0026,26,18
"20251002",구로구,0.0264,0.03,0.43,0.0025,35,22
"20251002",금천구,0.0298,0.0294,0.46,0.0028,26,17
"20251002",노원구,0.0204,0.0292,0.41,0.0022,28,19
"20251002",도봉구,0.0148,0.039,0.39,0.0028,27,19
"20251002",동대문구,0.0226,0.0345,0.42,0.0025,30,17
"20251002",동작구,0.0236,0.034,0.45,0.0024,28,15
"20251002",마포구,0.0258,0.03,0.44,0.0026,28,16
"20251002",서대문구,0.0153,0.0368,0.53,0.0029,24,18
"20251002",서초구,0.0273,0.0267,0.36,0.0023,32,19
"20251002",성동구,0.0236,0.0333,0.41,0.0026,26,19
"20251002",성북구,0.0197,0.0311,0.56,0.0027,28,18
"20251002",송파구,0.0298,0.0245,0.49,0.0026,30,17
"20251002",양천구,0.0302,0.0274,0.47,0.0025,30,15
"20251002",영등포구,0.0322,0.0275,0.48,0.0026,27,18
"20251002",용산구,0.0328,0.0247,0.56,0.003,31,18
"20251002",은평구,0.0132,0.0318,0.38,0.0023,22,10
"20251002",종로구,0.027,0.0338,0.48,0.0032,29,20
"20251002",중구,0.0256,0.0351,0.45,0.0024,28,17
"20251002",중랑구,0.012,0.034,0.36,0.0026,24,15
"20251002",강남대로,0.0321,0.017,0.53,0.0033,28,15
"20251002",강변북로,0.0358,0.0167,0.59,0.0027,30,16
"20251002",공항대로,0.0335,0.0192,0.5,0.0025,31,15
"20251002",도산대로,0.0303,0.0295,0.65,0.0025,37,20
"20251002",동작대로,0.0399,0.0197,0.57,0.0022,31,16
"20251002",시흥대로,0.052,0.0138,0.7,0.0035,32,21
"20251002",신촌로,0.0341,0.0249,0.62,0.0029,34,19
"20251002",영등포로,0.0343,0.0273,0.54,0.0028,31,16
"20251002",정릉로,0.0329,0.0274,0.52,0.0028,29,15
"20251002",종로,0.0235,0.0247,0.49,0.0023,25,15
"20251002",천호대로,0.0319,0.0202,0.56,0.0024,25,17
"20251002",청계천로,0.0309,0.0264,0.6,0.0027,32,16
"20251002",한강대로,0.0294,0.0235,0.58,0.0031,31,21
"20251002",홍릉로,0.028,0.0279,0.49,0.0029,29,14
"20251002",화랑로,0.0308,0.0213,0.51,0.0024,29,18
"20251002",관악산,0.0093,0.0776,0.45,0.0031,25,13
"20251002",남산,0.021,0.0349,0.61,0.0032,27,13
"20251002",북한산,0.0061,0.0406,0.41,0.0031,21,12
"20251002",세곡,0.0252,0.0198,0.54,0.0029,27,12
"20251002",항동,0.0244,0.0216,0.63,0.0022,23,11
"20251002",행주,0.0173,0.0244,0.53,0.0023,22,12
"20251002",마포아트센터,0.0226,0.0358,0.53,0.0028,29,19
"20251002",서울숲,0.0216,0.0256,0.58,0.003,27,15
"20251002",올림픽공원,0.0177,0.024,0.49,0.0026,24,14
"20251002",자연사박물관,0.0161,0.0414,0.58,0.0031,25,12
"20251003",강남구,0.0144,0.0254,0.35,0.0024,25,15
"20251003",강동구,0.0089,0.0281,0.5,0.0026,26,15
"20251003",강북구,0.0048,0.0281,0.31,0.0019,24,15
"20251003",강서구,0.0145,0.0272,0.47,0.0027,27,17
"20251003",관악구,0.011,0.0351,0.33,0.0022,25,17
"20251003",광진구,0.0107,0.0331,0.44,0.0026,24,16
"20251003",구로구,0.0107,0.0331,0.33,0.0024,27,20
"20251003",금천구,0.0095,0.0381,0.3,0.0024,23,16
"20251003",노원구,0.0113,0.0319,0.32,0.002,24,15
"20251003",도봉구,0.0077,0.0314,0.32,0.0028,20,15
"20251003",동대문구,0.012,0.0301,0.33,0.0025,26,16
"20251003",동작구,0.0115,0.0326,0.33,0.0021,24,16
"20251003",마포구,0.0132,0.0318,0.36,0.0024,28,18
"20251003",서대문구,0.0079,0.0341,0.41,0.0027,20,16
"20251003",서초구,0.0131,0.0294,0.27,0.0023,25,16
"20251003",성동구,0.0106,0.0308,0.31,0.0024,22,18
"20251003",성북구,0.0115,0.025,0.46,0.0025,22,14
"20251003",송파구,0.0128,0.0302,0.33,0.0023,25,17
"20251003",양천구,0.0139,0.0336,0.36,0.0024,28,17
"20251003",영등포구,0.0166,0.0295,0.38,0.0024,27,21
"20251003",용산구,0.0144,0.0249,0.39,0.0026,25,16
"20251003",은평구,0.0065,0.0316,0.28,0.0023,19,8
"20251003",종로구,0.0144,0.0306,0.35,0.0028,24,18
"20251003",중구,0.0178,0.0293,0.36,0.0025,26,17
"20251003",중랑구,0.0068,0.0301,0.29,0.0024,23,14
"20251003",강남대로,0.0162,0.0226,0.4,0.003,23,13
"20251003",강변북로,0.0095,0.0275,0.42,0.0025,22,11
"20251003",공항대로,0.019,0.0266,0.4,0.0023,28,17
"20251003",도산대로,0.0114,0.0313,0.45,0.0021,27,14
"20251003",동작대로,0.0225,0.0258,0.41,0.0021,30,16
"20251003",시흥대로,0.0294,0.0176,0.5,0.0029,28,18
"20251003",신촌로,0.0136,0.0299,0.38,0.0026,30,17
"20251003",영등포로,0.0189,0.0283,0.4,0.0025,28,16
"20251003",정릉로,0.0203,0.024,0.4,0.0026,26,13
"20251003",종로,0.0183,0.0213,0.42,0.0021,25,15
"20251003",천호대로,0.0158,0.0248,0.41,0.0021,21,14
"20251003",청계천로,0.0164,0.0246,0.43,0.0025,28,15
"20251003",한강대로,0.014,0.0271,0.43,0.003,26,18
"20251003",홍릉로,0.0163,0.0271,0.37,0.0025,25,11
"20251003",화랑로,0.0232,0.0199,0.45,0.0022,29,18
"20251003",관악산,0.0057,0.0541,0.43,0.0031,26,14
"20251003",남산,0.0076,0.0337,0.5,0.0031,20,9
"20251003",북한산,0.0039,0.0322,0.35,0.0031,17,12
"20251003",세곡,0.0085,0.0298,0.37,0.0029,22,10
"20251003",항동,0.0117,0.0265,0.54,0.0021,19,11
"20251003",행주,0.0129,0.0266,0.5,0.0022,22,15
"20251003",마포아트센터,0.0097,0.0362,0.38,0.0028,21,16
"20251003",서울숲,0.0087,0.028,0.46,0.0029,21,11
"20251003",올림픽공원,0.0069,0.03,0.36,0.0025,18,11
"20251003",자연사박물관,0.0079,0.0352,0.52,0.003,20,9
"20251004",강남구,0.0105,0.0312,0.28,0.0022,11,4
"20251004",강동구,0.0062,0.0337,0.45,0.0025,13,5
"20251004",강북구,0.004,0.0301,0.25,0.0019,11,4
"20251004",강서구,0.011,0.0312,0.36,0.0024,11,6
"20251004",관악구,0.01,0.0333,0.28,0.002,10,6
"20251004",광진구,0.0096,0.0375,0.4,0.0025,11,6
"20251004",구로구,0.0083,0.0351,0.28,0.0022,12,7
"20251004",금천구,0.0102,0.0314,0.29,0.0023,9,4
"20251004",노원구,0.0096,0.0333,0.27,0.0019,10,5
"20251004",도봉구,0.0074,0.0337,0.28,0.0028,9,6
"20251004",동대문구,0.0096,0.0357,0.27,0.0022,11,5
"20251004",동작구,0.011,0.0299,0.29,0.0022,11,5
"20251004",마포구,0.0097,0.0392,0.28,0.0022,12,6
"20251004",서대문구,0.0067,0.0379,0.38,0.0028,6,5
"20251004",서초구,0.0095,0.0319,0.22,0.0022,9,3
"20251004",성동구,0.0083,0.0366,0.25,0.0022,8,7
"20251004",성북구,0.0104,0.0293,0.42,0.0025,10,6
"20251004",송파구,0.0102,0.0315,0.28,0.0021,10,4
"20251004",양천구,0.0097,0.0392,0.28,0.0021,12,5
"20251004",영등포구,0.0113,0.0355,0.29,0.0022,12,6
"20251004",용산구,0.0101,0.031,0.31,0.0024,11,5
"20251004",은평구,0.0055,0.035,0.25,0.0022,6,1
"20251004",종로구,0.0122,0.0366,0.29,0.0024,10,6
"20251004",중구,0.0113,0.0402,0.29,0.0023,11,5
"20251004",중랑구,0.0067,0.0326,0.25,0.0022,10,4
"20251004",강남대로,0.016,0.021,0.38,0.003,8,3
"20251004",강변북로,0.0103,0.0306,0.38,0.0026,10,4
"20251004",공항대로,0.0144,0.0342,0.31,0.0022,11,6
"20251004",도산대로,0.0098,0.0343,0.43,0.0022,13,4
"20251004",동작대로,0.0216,0.0248,0.38,0.002,15,5
"20251004",시흥대로,0.0315,0.0137,0.49,0.0028,14,6
"20251004",신촌로,0.0104,0.0367,0.31,0.0024,13,5
"20251004",영등포로,0.0151,0.0331,0.33,0.0022,13,5
"20251004",정릉로,0.0164,0.0318,0.33,0.0024,11,4
"20251004",종로,0.0157,0.0272,0.38,0.002,11,4
"20251004",천호대로,0.0137,0.0274,0.37,0.002,8,4
"20251004",청계천로,0.0135,0.0305,0.36,0.0024,13,5
"20251004",한강대로,0.0111,0.0327,0.37,0.003,10,7
"20251004",홍릉로,0.013,0.0331,0.31,0.0025,12,4
"20251004",화랑로,0.0207,0.0255,0.38,0.0021,12,7
"20251004",관악산,0.0043,0.0508,0.4,0.0029,9,2
"20251004",남산,0.0065,0.0367,0.44,0.003,6,2
"20251004",북한산,0.0032,0.0334,0.28,0.003,8,5
"20251004",세곡,0.0109,0.0219,0.37,0.0028,10,2
"20251004",항동,0.0104,0.024,0.51,0.0021,7,1
"20251004",행주,0.0083,0.0315,0.42,0.0021,8,4
"20251004",마포아트센터,0.0068,0.0425,0.32,0.0027,8,5
"20251004",서울숲,0.0067,0.0333,0.41,0.0028,9,3
"20251004",올림픽공원,0.0052,0.0309,0.31,0.0025,7,2
"20251004",자연사박물관,0.0061,0.0417,0.47,0.0029,8,1
"20251005",강남구,0.012,0.0157,0.33,0.0022,9,4
"20251005",강동구,0.009,0.0175,0.46,0.0024,13,4
"20251005",강북구,0.0036,0.0172,0.26,0.0018,10,3
"20251005",강서구,0.0147,0.0128,0.42,0.0025,12,6
"20251005",관악구,0.0115,0.0186,0.33,0.002,8,4
"20251005",광진구,0.0086,0.0226,0.43,0.0025,10,5
"20251005",구로구,0.0113,0.0201,0.33,0.0024,8,5
"20251005",금천구,0.0146,0.0122,0.37,0.0023,11,5
"20251005",노원구,0.0104,0.0167,0.31,0.0019,9,4
"20251005",도봉구,0.0086,0.0171,0.34,0.0028,9,6
"20251005",동대문구,0.0113,0.0186,0.3,0.0022,10,4
"20251005",동작구,0.0124,0.0158,0.33,0.002,8,4
"20251005",마포구,0.0132,0.0183,0.34,0.0021,10,6
"20251005",서대문구,0.0061,0.0244,0.41,0.0027,7,5
"20251005",서초구,0.0121,0.0164,0.28,0.0023,8,3
"20251005",성동구,0.0097,0.0191,0.29,0.0022,7,6
"20251005",성북구,0.0102,0.0162,0.49,0.0025,8,7
"20251005",송파구,0.0123,0.0167,0.32,0.0021,8,4
"20251005",양천구,0.0145,0.0167,0.36,0.0023,12,5
"20251005",영등포구,0.0149,0.0164,0.37,0.0021,11,6
"20251005",용산구,0.0132,0.0152,0.36,0.0024,9,4
"20251005",은평구,0.0068,0.017,0.32,0.0022,7,1
"20251005",종로구,0.0136,0.0209,0.31,0.0023,7,5
"20251005",중구,0.012,0.0246,0.31,0.0022,9,6
"20251005",중랑구,0.0083,0.0175,0.29,0.0023,10,3
"20251005",강남대로,0.0151,0.0107,0.44,0.0027,7,3
"20251005",강변북로,0.0098,0.0153,0.45,0.0025,9,3
"20251005",공항대로,0.016,0.0134,0.38,0.0022,12,5
"20251005",도산대로,0.0102,0.0196,0.5,0.0021,10,3
"20251005",동작대로,0.0178,0.0132,0.42,0.0019,11,3
"20251005",시흥대로,0.0254,0.0071,0.55,0.0027,12,6
"20251005",신촌로,0.0133,0.0184,0.37,0.0025,13,5
"20251005",영등포로,0.0159,0.0156,0.39,0.0023,11,4
"20251005",정릉로,0.016,0.0167,0.37,0.0024,12,4
"20251005",종로,0.012,0.0151,0.35,0.0019,8,4
"20251005",천호대로,0.0141,0.0136,0.38,0.0021,7,4
"20251005",청계천로,0.0124,0.0168,0.36,0.0038,12,4
"20251005",한강대로,0.012,0.0182,0.42,0.0031,7,6
"20251005",홍릉로,0.013,0.0169,0.34,0.0022,11,3
"20251005",화랑로,0.0166,0.0123,0.4,0.0021,10,5
"20251005",관악산,0.0052,0.042,0.47,0.0028,7,2
"20251005",남산,0.008,0.0208,0.49,0.0029,4,1
"20251005",북한산,0.0029,0.0187,0.31,0.003,8,3
"20251005",세곡,0.0106,0.0136,0.43,0.0027,8,1
"20251005",항동,0.0109,0.0109,0.61,0.0021,7,2
"20251005",행주,0.0078,0.0145,0.44,0.002,10,4
"20251005",마포아트센터,0.0093,0.0241,0.38,0.0026,7,4
"20251005",서울숲,0.0082,0.0173,0.44,0.0028,7,2
"20251005",올림픽공원,0.0064,0.0167,0.33,0.0025,5,1
"20251005",자연사박물관,0.0063,0.026,0.51,0.0028,7,1
"20251006",강남구,0.0063,0.0272,0.23,0.002,5,1
"20251006",강동구,0.0046,0.029,0.3,0.0024,9,2
"20251006",강북구,0.0027,0.0283,0.21,0.0017,7,1
"20251006",강서구,0.0057,0.0271,0.23,0.0022,5,2
"20251006",관악구,0.0067,0.0278,0.24,0.0018,6,2
"20251006",광진구,0.0046,0.0354,0.36,0.0025,6,2
"20251006",구로구,0.0054,0.0297,0.23,0.0023,6,3
"20251006",금천구,0.007,0.0263,0.23,0.0024,6,2
"20251006",노원구,0.0049,0.0327,0.21,0.0018,5,2
"20251006",도봉구,0.0037,0.0298,0.23,0.0028,7,3
"20251006",동대문구,0.0065,0.0302,0.22,0.0019,6,1
"20251006",동작구,0.0074,0.0256,0.24,0.0019,6,2
"20251006",마포구,0.0056,0.0322,0.22,0.0021,5,3
"20251006",서대문구,0.0027,0.0354,0.31,0.0024,4,3
"20251006",서초구,0.0058,0.028,0.18,0.0022,4,2
"20251006",성동구,0.0042,0.032,0.19,0.0019,4,3
"20251006",성북구,0.0051,0.027,0.38,0.0025,6,3
"20251006",송파구,0.0062,0.0282,0.24,0.002,5,2
"20251006",양천구,0.006,0.032,0.23,0.002,7,2
"20251006",영등포구,0.0064,0.0302,0.23,0.0021,6,3
"20251006",용산구,0.0061,0.0264,0.23,0.0022,5,1
"20251006",은평구,0.0033,0.0312,0.21,0.0021,4,1
"20251006",종로구,0.0084,0.0308,0.22,0.002,6,2
"20251006",중구,0.0076,0.0333,0.23,0.0022,6,3
"20251006",중랑구,0.0033,0.0307,0.2,0.0022,6,1
"20251006",강남대로,0.0106,0.021,0.3,0.0024,5,3
"20251006",강변북로,0.0022,0.0318,0.29,0.0025,6,3
"20251006",공항대로,0.0078,0.0295,0.25,0.0019,6,3
"20251006",도산대로,0.0051,0.031,0.32,0.002,6,3
"20251006",동작대로,0.0134,0.0251,0.28,0.0018,7,3
"20251006",시흥대로,0.0173,0.0167,0.36,0.0026,7,3
"20251006",신촌로,0.0062,0.0308,0.23,0.0022,8,3
"20251006",영등포로,0.0079,0.0305,0.23,0.002,7,3
"20251006",정릉로,0.0135,0.0271,0.29,0.0023,8,3
"20251006",종로,0.009,0.0258,0.26,0.0018,6,3
"20251006",천호대로,0.0087,0.0244,0.28,0.002,5,3
"20251006",청계천로,0.0065,0.028,0.24,0.002,8,3
"20251006",한강대로,0.007,0.0278,0.29,0.0032,6,4
"20251006",홍릉로,0.0082,0.0289,0.24,0.0022,7,3
"20251006",화랑로,0.0149,0.0246,0.33,0.002,7,3
"20251006",관악산,0.0034,0.042,0.38,0.0028,5,1
"20251006",남산,0.0038,0.0305,0.37,0.0028,3,1
"20251006",북한산,0.0017,0.0335,0.22,0.0031,5,3
"20251006",세곡,0.0056,0.0242,0.31,0.0027,6,1
"20251006",항동,0.0048,0.0269,0.45,0.002,4,1
"20251006",행주,0.0046,0.0267,0.35,0.002,5,1
"20251006",마포아트센터,0.0045,0.0353,0.26,0.0025,4,2
"20251006",서울숲,0.0033,0.0324,0.3,0.0028,5,1
"20251006",올림픽공원,0.0034,0.0306,0.25,0.0024,5,1
"20251006",자연사박물관,0.0022,0.0373,0.43,0.0028,4,1
"20251007",강남구,0.007,0.027,0.24,0.0019,4,1
"20251007",강동구,0.0048,0.0282,0.33,0.0025,7,1
"20251007",강북구,0.0023,0.0305,0.19,0.0017,3,1
"20251007",강서구,0.0062,0.0265,0.33,0.002,6,2
"20251007",관악구,0.0065,0.0297,0.22,0.0018,3,1
"20251007",광진구,0.0041,0.0355,0.36,0.0024,3,1
"20251007",구로구,0.0066,0.0286,0.24,0.0022,5,3
"20251007",금천구,0.0083,0.0285,0.22,0.0021,3,1
"20251007",노원구,0.005,0.0328,0.2,0.0016,4,1
"20251007",도봉구,0.0036,0.031,0.23,0.0028,4,2
"20251007",동대문구,0.0069,0.03,0.22,0.0018,4,1
"20251007",동작구,0.0076,0.0277,0.23,0.0018,4,2
"20251007",마포구,0.0063,0.0309,0.21,0.002,4,2
"20251007",서대문구,0.004,0.0327,0.32,0.0025,3,3
"20251007",서초구,0.0067,0.0272,0.18,0.0021,3,1
"20251007",성동구,0.0054,0.0305,0.2,0.0018,3,2
"20251007",성북구,0.0052,0.027,0.39,0.0025,4,2
"20251007",송파구,0.0072,0.0276,0.23,0.0019,4,2
"20251007",양천구,0.0063,0.0312,0.22,0.0019,4,1
"20251007",영등포구,0.0078,0.0286,0.24,0.002,5,2
"20251007",용산구,0.0066,0.0264,0.25,0.0021,5,2
"20251007",은평구,0.0035,0.0303,0.21,0.0022,3,1
"20251007",종로구,0.0084,0.0315,0.22,0.0019,3,1
"20251007",중구,0.0081,0.0339,0.23,0.0021,4,2
"20251007",중랑구,0.0051,0.0293,0.21,0.0021,4,1
"20251007",강남대로,0.0108,0.0226,0.3,0.0025,5,3
"20251007",강변북로,0.0034,0.0297,0.3,0.0026,5,3
"20251007",공항대로,0.0095,0.0278,0.25,0.0019,6,3
"20251007",도산대로,0.0061,0.0302,0.33,0.0021,6,3
"20251007",동작대로,0.0146,0.0237,0.3,0.0017,6,3
"20251007",시흥대로,0.0189,0.0173,0.38,0.0024,6,3
"20251007",신촌로,0.0076,0.03,0.26,0.0021,7,3
"20251007",영등포로,0.0092,0.0291,0.25,0.002,6,3
"20251007",정릉로,0.0113,0.0297,0.26,0.0022,6,3
"20251007",종로,0.009,0.0268,0.26,0.0018,5,3
"20251007",천호대로,0.0113,0.0233,0.29,0.002,5,3
"20251007",청계천로,0.0068,0.0287,0.25,0.0019,6,3
"20251007",한강대로,0.0072,0.0285,0.3,0.0032,5,3
"20251007",홍릉로,0.0105,0.0271,0.26,0.0022,6,3
"20251007",화랑로,0.0146,0.0272,0.32,0.002,5,3
"20251007",관악산,0.0035,0.0416,0.38,0.0028,4,1
"20251007",남산,0.0041,0.0308,0.38,0.0028,3,1
"20251007",북한산,0.0017,0.0336,0.22,0.003,3,2
"20251007",세곡,0.0076,0.024,0.31,0.0026,3,1
"20251007",항동,0.005,0.0272,0.45,0.002,3,1
"20251007",행주,0.0034,0.0283,0.34,0.002,3,1
"20251007",마포아트센터,0.0046,0.0358,0.27,0.0025,3,1
"20251007",서울숲,0.0041,0.0316,0.34,0.0029,3,1
"20251007",올림픽공원,0.004,0.031,0.3,0.0025,3,1
"20251007",자연사박물관,0.0031,0.0349,0.48,0.0029,3,1
"20251008",강남구,0.0107,0.024,0.29,0.0021,10,4
"20251008",강동구,0.0069,0.0253,0.36,0.0026,14,4
"20251008",강북구,0.0028,0.0249,0.23,0.0017,11,4
"20251008",강서구,0.0086,0.0232,0.28,0.0022,16,5
"20251008",관악구,0.0106,0.026,0.3,0.0019,11,4
"20251008",광진구,0.0079,0.0292,0.41,0.0025,10,4
"20251008",구로구,0.0093,0.0261,0.29,0.0025,15,7
"20251008",금천구,0.0107,0.0248,0.27,0.0022,11,5
"20251008",노원구,0.0079,0.0264,0.26,0.0018,10,4
"20251008",도봉구,0.0044,0.0305,0.24,0.003,10,5
"20251008",동대문구,0.0096,0.0275,0.26,0.0021,10,4
"20251008",동작구,0.01,0.025,0.28,0.0019,11,4
"20251008",마포구,0.0104,0.0221,0.26,0.002,12,4
"20251008",서대문구,0.006,0.0251,0.36,0.0027,8,5
"20251008",서초구,0.011,0.0236,0.23,0.0023,10,4
"20251008",성동구,0.0109,0.0248,0.27,0.0021,8,5
"20251008",성북구,0.0071,0.0253,0.4,0.0027,10,5
"20251008",송파구,0.0108,0.024,0.28,0.002,9,4
"20251008",양천구,0.0092,0.0281,0.27,0.0021,15,5
"20251008",영등포구,0.0111,0.0241,0.3,0.002,12,5
"20251008",용산구,0.0119,0.0222,0.34,0.0023,11,4
"20251008",은평구,0.0055,0.0225,0.24,0.0023,8,1
"20251008",종로구,0.0123,0.0277,0.28,0.0022,10,5
"20251008",중구,0.01,0.031,0.26,0.0023,10,4
"20251008",중랑구,0.0062,0.0251,0.24,0.0022,10,3
"20251008",강남대로,0.0132,0.0168,0.35,0.0027,8,3
"20251008",강변북로,0.0126,0.0205,0.42,0.0027,10,4
"20251008",공항대로,0.0135,0.0226,0.32,0.002,16,6
"20251008",도산대로,0.0121,0.0251,0.43,0.002,13,5
"20251008",동작대로,0.0184,0.0192,0.39,0.0019,15,6
"20251008",시흥대로,0.021,0.0148,0.41,0.0025,14,6
"20251008",신촌로,0.0154,0.0199,0.42,0.0022,17,7
"20251008",영등포로,0.0135,0.0235,0.33,0.0021,14,5
"20251008",정릉로,0.0143,0.0247,0.32,0.0022,12,5
"20251008",종로,0.0128,0.0187,0.34,0.0018,9,4
"20251008",천호대로,0.0162,0.0172,0.36,0.002,10,5
"20251008",청계천로,0.0134,0.021,0.35,0.0021,13,5
"20251008",한강대로,0.011,0.0237,0.38,0.0034,11,5
"20251008",홍릉로,0.012,0.0238,0.3,0.0022,11,4
"20251008",화랑로,0.0165,0.0201,0.36,0.002,10,5
"20251008",관악산,0.0037,0.0449,0.4,0.0029,11,3
"20251008",남산,0.0062,0.0298,0.42,0.0031,7,2
"20251008",북한산,0.0016,0.0265,0.23,0.0031,9,3
"20251008",세곡,0.0097,0.0194,0.38,0.0027,9,2
"20251008",항동,0.0089,0.0213,0.5,0.0022,10,3
"20251008",행주,0.004,0.0275,0.4,0.0022,12,5
"20251008",마포아트센터,0.0082,0.0305,0.32,0.0027,9,3
"20251008",서울숲,0.0092,0.0238,0.4,0.0028,9,3
"20251008",올림픽공원,0.0055,0.0255,0.32,0.0025,8,2
"20251008",자연사박물관,0.0063,0.0279,0.5,0.003,8,2
"20251009",강남구,0.0086,0.0249,0.24,0.0021,10,3
"20251009",강동구,0.0053,0.0263,0.34,0.0026,13,4
"20251009",강북구,0.0029,0.0268,0.21,0.0017,11,3
"20251009",강서구,0.0082,0.0249,0.32,0.0021,14,5
"20251009",관악구,0.0089,0.0261,0.25,0.0019,12,5
"20251009",광진구,0.0045,0.0326,0.37,0.0024,10,4
"20251009",구로구,0.007,0.0274,0.25,0.0023,14,7
"20251009",금천구,0.0088,0.0248,0.25,0.0023,13,6
"20251009",노원구,0.0055,0.0318,0.22,0.0017,10,4
"20251009",도봉구,0.0036,0.0305,0.2,0.003,9,7
"20251009",동대문구,0.0077,0.0292,0.23,0.0019,12,4
"20251009",동작구,0.0097,0.0241,0.25,0.002,13,5
"20251009",마포구,0.0078,0.0298,0.24,0.0019,13,5
"20251009",서대문구,0.0038,0.032,0.29,0.0025,7,6
"20251009",서초구,0.0075,0.025,0.18,0.0022,9,4
"20251009",성동구,0.0057,0.0303,0.2,0.0019,8,5
"20251009",성북구,0.0056,0.0266,0.34,0.0027,10,5
"20251009",송파구,0.0074,0.0264,0.23,0.002,10,4
"20251009",양천구,0.0083,0.0295,0.25,0.002,14,5
"20251009",영등포구,0.0096,0.0267,0.26,0.002,14,7
"20251009",용산구,0.0073,0.025,0.25,0.0022,11,3
"20251009",은평구,0.0038,0.0293,0.18,0.0023,8,2
"20251009",종로구,0.0095,0.0297,0.24,0.0021,10,5
"20251009",중구,0.0098,0.0299,0.24,0.0022,13,5
"20251009",중랑구,0.0043,0.0286,0.2,0.0023,9,3
"20251009",강남대로,0.0117,0.018,0.3,0.003,11,4
"20251009",강변북로,0.0031,0.0295,0.32,0.0028,10,3
"20251009",공항대로,0.0112,0.0255,0.28,0.002,14,5
"20251009",도산대로,0.0066,0.0283,0.35,0.0021,14,4
"20251009",동작대로,0.0168,0.0202,0.33,0.0019,14,4
"20251009",시흥대로,0.0219,0.0134,0.4,0.0024,15,6
"20251009",신촌로,0.008,0.0285,0.26,0.0022,15,5
"20251009",영등포로,0.0111,0.0264,0.27,0.0021,14,5
"20251009",정릉로,0.0124,0.0271,0.28,0.0022,13,4
"20251009",종로,0.0115,0.0233,0.31,0.0019,11,4
"20251009",천호대로,0.0099,0.0225,0.28,0.0019,8,3
"20251009",청계천로,0.0086,0.026,0.28,0.002,14,5
"20251009",한강대로,0.0081,0.0261,0.33,0.0033,11,5
"20251009",홍릉로,0.0095,0.0273,0.25,0.0021,12,4
"20251009",화랑로,0.0163,0.0239,0.33,0.002,11,5
"20251009",관악산,0.0036,0.037,0.39,0.003,14,3
"20251009",남산,0.0046,0.029,0.4,0.0031,8,2
"20251009",북한산,0.0019,0.0305,0.21,0.0031,8,4
"20251009",세곡,0.0066,0.0222,0.33,0.0029,10,2
"20251009",항동,0.0076,0.0241,0.44,0.0022,10,2
"20251009",행주,0.006,0.0248,0.4,0.0019,13,5
"20251009",마포아트센터,0.0058,0.0343,0.29,0.0029,9,4
"20251009",서울숲,0.0043,0.0306,0.28,0.0029,10,3
"20251009",올림픽공원,0.0038,0.0285,0.33,0.0025,8,2
"20251009",자연사박물관,0.0032,0.0342,0.42,0.003,8,1
"20251010",강남구,0.0143,0.0159,0.27,0.002,7,2
"20251010",강동구,0.0087,0.0189,0.4,0.0025,8,2
"20251010",강북구,0.0042,0.0239,0.23,0.0016,4,1
"20251010",강서구,0.0138,0.0165,0.35,0.002,8,3
"20251010",관악구,0.0128,0.0194,0.27,0.0018,8,4
"20251010",광진구,0.0086,0.0213,0.39,0.0025,6,2
"20251010",구로구,0.0123,0.0182,0.27,0.0021,9,5
"20251010",금천구,0.0132,0.0207,0.28,0.0021,9,4
"20251010",노원구,0.0097,0.0231,0.25,0.0017,4,2
"20251010",도봉구,0.007,0.0231,0.25,0.0029,5,3
"20251010",동대문구,0.014,0.0178,0.27,0.0018,5,2
"20251010",동작구,0.0143,0.0169,0.28,0.0018,9,3
"20251010",마포구,0.0118,0.021,0.27,0.002,8,4
"20251010",서대문구,0.0051,0.0273,0.33,0.0024,4,4
"20251010",서초구,0.0153,0.0146,0.22,0.0022,6,3
"20251010",성동구,0.0112,0.0204,0.24,0.002,5,4
"20251010",성북구,0.0093,0.0182,0.42,0.0026,4,2
"20251010",송파구,0.0127,0.0184,0.28,0.002,7,3
"20251010",양천구,0.0144,0.0182,0.29,0.0019,10,3
"20251010",영등포구,0.016,0.0168,0.31,0.0019,10,6
"20251010",용산구,0.0132,0.0171,0.29,0.0021,6,2
"20251010",은평구,0.0058,0.0248,0.22,0.0022,4,1
"20251010",종로구,0.0158,0.0199,0.27,0.0019,5,2
"20251010",중구,0.0151,0.0205,0.28,0.0021,6,3
"20251010",중랑구,0.0078,0.0217,0.23,0.0022,5,1
"20251010",강남대로,0.0167,0.0125,0.41,0.0039,7,3
"20251010",강변북로,0.008,0.021,0.38,0.0028,7,3
"20251010",공항대로,0.0162,0.0166,0.33,0.0018,8,4
"20251010",도산대로,0.0121,0.0187,0.45,0.002,9,3
"20251010",동작대로,0.0209,0.0126,0.37,0.0019,11,4
"20251010",시흥대로,0.0266,0.0085,0.5,0.0025,12,5
"20251010",신촌로,0.0134,0.0191,0.3,0.002,9,4
"20251010",영등포로,0.0171,0.0166,0.32,0.002,9,4
"20251010",정릉로,0.0203,0.0151,0.34,0.0021,8,3
"20251010",종로,0.0175,0.0131,0.39,0.0019,7,3
"20251010",천호대로,0.0156,0.0153,0.34,0.002,6,3
"20251010",청계천로,0.0152,0.0159,0.37,0.0019,8,3
"20251010",한강대로,0.0154,0.0149,0.38,0.0033,7,4
"20251010",홍릉로,0.0169,0.0159,0.33,0.0021,7,3
"20251010",화랑로,0.0229,0.0137,0.4,0.0021,6,4
"20251010",관악산,0.0042,0.0378,0.41,0.0029,7,2
"20251010",남산,0.0089,0.022,0.46,0.0031,4,1
"20251010",북한산,0.0038,0.0284,0.23,0.0031,3,1
"20251010",세곡,0.0108,0.0177,0.35,0.0028,9,1
"20251010",항동,0.0106,0.0175,0.49,0.0022,5,1
"20251010",행주,0.0084,0.0211,0.4,0.002,5,1
"20251010",마포아트센터,0.0113,0.0233,0.32,0.0028,5,2
"20251010",서울숲,0.0092,0.0213,0.34,0.0029,6,2
"20251010",올림픽공원,0.0075,0.0212,0.38,0.0025,5,1
"20251010",자연사박물관,0.0052,0.0279,0.49,0.0029,4,1
"20251011",강남구,0.0107,0.0255,0.31,0.0022,15,6
"20251011",강동구,0.0097,0.0264,0.48,0.0026,17,6
"20251011",강북구,0.0056,0.0261,0.29,0.0018,10,3
"20251011",강서구,0.0101,0.0232,0.29,0.0022,15,5
"20251011",관악구,0.0097,0.0305,0.28,0.0021,16,7
"20251011",광진구,0.0096,0.0315,0.45,0.0027,14,7
"20251011",구로구,0.0096,0.0283,0.28,0.0025,14,6
"20251011",금천구,0.0103,0.0312,0.29,0.0023,16,7
"20251011",노원구,0.0127,0.0241,0.31,0.0019,12,5
"20251011",도봉구,0.0077,0.0259,0.33,0.003,9,4
"20251011",동대문구,0.0124,0.0265,0.3,0.0021,13,5
"20251011",동작구,0.0095,0.0293,0.27,0.0019,14,6
"20251011",마포구,0.0109,0.0276,0.28,0.0021,14,5
"20251011",서대문구,0.0086,0.0299,0.42,0.0026,11,6
"20251011",서초구,0.0103,0.0267,0.22,0.0025,12,6
"20251011",성동구,0.0125,0.0252,0.28,0.0021,13,7
"20251011",성북구,0.0108,0.0217,0.51,0.0026,10,5
"20251011",송파구,0.0117,0.0248,0.28,0.0021,14,6
"20251011",양천구,0.0107,0.0274,0.29,0.002,16,5
"20251011",영등포구,0.0121,0.0258,0.3,0.0021,14,6
"20251011",용산구,0.0126,0.0241,0.32,0.0024,14,5
"20251011",은평구,0.0072,0.0277,0.31,0.0024,11,3
"20251011",종로구,0.0169,0.0268,0.33,0.0022,12,6
"20251011",중구,0.0135,0.0295,0.3,0.0023,12,5
"20251011",중랑구,0.0112,0.0273,0.31,0.0024,15,5
"20251011",강남대로,0.0123,0.0211,0.36,0.0029,11,4
"20251011",강변북로,0.016,0.0212,0.53,0.0029,15,4
"20251011",공항대로,0.0137,0.0229,0.31,0.002,15,6
"20251011",도산대로,0.0126,0.0257,0.52,0.0021,16,5
"20251011",동작대로,0.0186,0.0239,0.38,0.002,19,7
"20251011",시흥대로,0.0184,0.0196,0.38,0.0024,17,7
"20251011",신촌로,0.0178,0.0222,0.45,0.0023,19,7
"20251011",영등포로,0.0205,0.0211,0.39,0.0022,18,6
"20251011",정릉로,0.0216,0.0194,0.4,0.0022,14,4
"20251011",종로,0.0156,0.0204,0.37,0.002,13,6
"20251011",천호대로,0.0168,0.021,0.39,0.002,13,6
"20251011",청계천로,0.0164,0.0211,0.4,0.0023,15,6
"20251011",한강대로,0.0159,0.0209,0.45,0.0034,16,8
"20251011",홍릉로,0.0173,0.0216,0.43,0.0023,14,5
"20251011",화랑로,0.0194,0.0219,0.39,0.0022,13,6
"20251011",관악산,0.0041,0.0504,0.48,0.0032,12,2
"20251011",남산,0.0062,0.0329,0.47,0.0032,9,1
"20251011",북한산,0.0042,0.0328,0.29,0.0031,7,3
"20251011",세곡,0.0078,0.0274,0.37,0.0028,12,2
"20251011",항동,0.008,0.0264,0.53,0.0024,11,2
"20251011",행주,0.0075,0.0215,0.37,0.0021,8,2
"20251011",마포아트센터,0.0088,0.0328,0.35,0.003,13,5
"20251011",서울숲,0.0101,0.0246,0.41,0.0029,12,3
"20251011",올림픽공원,0.0066,0.0273,0.38,0.0025,11,4
"20251011",자연사박물관,0.0061,0.0348,0.61,0.0032,10,2
"20251012",강남구,0.0087,0.0181,0.29,0.002,6,1
"20251012",강동구,0.0048,0.0222,0.43,0.0024,9,2
"20251012",강북구,0.0033,0.02,0.24,0.0017,5,1
"20251012",강서구,0.0066,0.0189,0.29,0.002,6,2
"20251012",관악구,0.0081,0.0206,0.28,0.0018,6,2
"20251012",광진구,0.006,0.0252,0.4,0.0025,5,1
"20251012",구로구,0.0069,0.0211,0.27,0.0022,8,4
"20251012",금천구,0.0074,0.0215,0.26,0.002,5,2
"20251012",노원구,0.0051,0.0248,0.24,0.0017,4,1
"20251012",도봉구,0.0042,0.0229,0.26,0.003,6,3
"20251012",동대문구,0.0072,0.0228,0.25,0.0018,5,1
"20251012",동작구,0.0083,0.0195,0.28,0.0018,7,2
"20251012",마포구,0.007,0.0206,0.26,0.0019,7,2
"20251012",서대문구,0.0048,0.022,0.35,0.0026,4,3
"20251012",서초구,0.0078,0.0191,0.21,0.0022,5,2
"20251012",성동구,0.0075,0.0202,0.25,0.0019,3,3
"20251012",성북구,0.0058,0.0201,0.42,0.0026,5,3
"20251012",송파구,0.008,0.0204,0.27,0.002,4,2
"20251012",양천구,0.0073,0.0217,0.27,0.0019,6,2
"20251012",영등포구,0.0084,0.02,0.29,0.0019,7,3
"20251012",용산구,0.0082,0.0176,0.31,0.0022,6,2
"20251012",은평구,0.0043,0.0201,0.24,0.0022,4,1
"20251012",종로구,0.0105,0.0219,0.27,0.002,5,2
"20251012",중구,0.0091,0.0247,0.27,0.0022,6,2
"20251012",중랑구,0.0055,0.0212,0.24,0.0022,5,1
"20251012",강남대로,0.0115,0.015,0.36,0.0029,6,3
"20251012",강변북로,0.0071,0.0178,0.47,0.0027,7,3
"20251012",공항대로,0.0095,0.0195,0.29,0.0019,7,3
"20251012",도산대로,0.0071,0.0208,0.42,0.0019,8,3
"20251012",동작대로,0.0136,0.017,0.34,0.0018,8,3
"20251012",시흥대로,0.0155,0.012,0.39,0.0024,8,3
"20251012",신촌로,0.0087,0.0191,0.32,0.0021,9,3
"20251012",영등포로,0.0109,0.0193,0.31,0.0021,8,3
"20251012",정릉로,0.0123,0.0198,0.31,0.0021,7,3
"20251012",종로,0.0093,0.0174,0.31,0.0018,6,3
"20251012",천호대로,0.0099,0.018,0.36,0.0019,5,3
"20251012",청계천로,0.0085,0.0188,0.31,0.0023,7,3
"20251012",한강대로,0.0076,0.0186,0.35,0.0034,7,4
"20251012",홍릉로,0.008,0.0218,0.27,0.0021,6,3
"20251012",화랑로,0.0126,0.0203,0.34,0.002,5,3
"20251012",관악산,0.003,0.0373,0.45,0.0028,6,1
"20251012",남산,0.005,0.0215,0.45,0.003,3,1
"20251012",북한산,0.0021,0.0249,0.24,0.0031,3,2
"20251012",세곡,0.0057,0.0207,0.37,0.0027,6,1
"20251012",항동,0.0058,0.0192,0.5,0.0021,5,1
"20251012",행주,0.003,0.0227,0.37,0.0021,3,1
"20251012",마포아트센터,0.0058,0.0252,0.31,0.0027,4,2
"20251012",서울숲,0.0063,0.0202,0.35,0.0028,4,1
"20251012",올림픽공원,0.0043,0.022,0.36,0.0024,3,1
"20251012",자연사박물관,0.0042,0.0237,0.57,0.003,5,1
"20251013",강남구,0.0111,0.0248,0.25,0.0019,5,1
"20251013",강동구,0.0066,0.028,0.39,0.0025,7,2
"20251013",강북구,0.0035,0.0282,0.21,0.0016,4,1
"20251013",강서구,0.0104,0.0241,0.32,0.0019,4,1
"20251013",관악구,0.0102,0.0266,0.24,0.0017,4,1
"20251013",광진구,0.0065,0.0342,0.34,0.0025,4,1
"20251013",구로구,0.0096,0.026,0.24,0.0021,6,3
"20251013",금천구,0.0107,0.0254,0.23,0.0021,3,1
"20251013",노원구,0.0088,0.0294,0.22,0.0016,3,1
"20251013",도봉구,0.0058,0.0289,0.22,0.0029,4,3
"20251013",동대문구,0.0118,0.0269,0.23,0.0019,4,1
"20251013",동작구,0.0116,0.0248,0.24,0.0018,5,2
"20251013",마포구,0.0088,0.0304,0.23,0.0018,4,2
"20251013",서대문구,0.004,0.0339,0.29,0.0025,3,3
"20251013",서초구,0.0106,0.0241,0.18,0.0022,4,2
"20251013",성동구,0.0077,0.0292,0.2,0.0021,4,2
"20251013",성북구,0.0086,0.0252,0.39,0.0025,4,2
"20251013",송파구,0.0118,0.0239,0.25,0.0019,4,1
"20251013",양천구,0.0083,0.0231,0.2,0.0014,3,1
"20251013",영등포구,0.0126,0.0252,0.27,0.0019,6,3
"20251013",용산구,0.0096,0.0249,0.25,0.0021,4,1
"20251013",은평구,0.0046,0.0285,0.22,0.0022,3,1
"20251013",종로구,0.0134,0.0286,0.24,0.0018,4,2
"20251013",중구,0.0126,0.0308,0.24,0.0021,4,2
"20251013",중랑구,0.0067,0.0294,0.21,0.0022,4,1
"20251013",강남대로,0.0175,0.0179,0.34,0.0042,6,3
"20251013",강변북로,0.0052,0.0294,0.36,0.0028,5,3
"20251013",공항대로,0.015,0.0232,0.28,0.0019,6,3
"20251013",도산대로,0.0093,0.0274,0.39,0.002,7,3
"20251013",동작대로,0.0207,0.0197,0.33,0.0019,7,3
"20251013",시흥대로,0.0257,0.0102,0.42,0.0023,7,3
"20251013",신촌로,0.0107,0.0276,0.25,0.002,7,3
"20251013",영등포로,0.0158,0.0243,0.27,0.0019,6,3
"20251013",정릉로,0.0196,0.0233,0.29,0.0021,7,3
"20251013",종로,0.0146,0.0185,0.31,0.0018,5,3
"20251013",천호대로,0.0135,0.0221,0.3,0.002,5,3
"20251013",청계천로,0.0133,0.023,0.35,0.0021,7,3
"20251013",한강대로,0.0126,0.0226,0.31,0.0031,6,4
"20251013",홍릉로,0.0151,0.0242,0.28,0.0019,6,3
"20251013",화랑로,0.0221,0.0212,0.35,0.0021,6,3
"20251013",관악산,0.0033,0.039,0.4,0.0029,4,1
"20251013",남산,0.0071,0.0271,0.41,0.0031,3,1
"20251013",북한산,0.0024,0.0328,0.21,0.0031,3,2
"20251013",세곡,0.0128,0.0199,0.35,0.0028,4,1
"20251013",항동,0.0096,0.024,0.45,0.0021,3,1
"20251013",행주,0.007,0.0248,0.36,0.0021,3,1
"20251013",마포아트센터,0.0082,0.0335,0.3,0.0025,3,1
"20251013",서울숲,0.0068,0.0295,0.26,0.0029,4,1
"20251013",올림픽공원,0.0055,0.0306,0.37,0.0025,3,1
"20251013",자연사박물관,0.0031,0.0364,0.51,0.003,3,1
"20251014",강남구,0.0107,0.0293,0.24,0.0018,4,1
"20251014",강동구,0.0059,0.0331,0.38,0.0025,8,2
"20251014",강북구,0.0032,0.0304,0.19,0.0016,4,1
"20251014",강서구,0.0106,0.0269,0.28,0.002,5,2
"20251014",관악구,0.0088,0.0338,0.22,0.0017,4,1
"20251014",광진구,0.007,0.0376,0.32,0.0025,4,1
"20251014",구로구,0.0099,0.0293,0.23,0.002,7,4
"20251014",금천구,0.0101,0.0307,0.22,0.002,4,2
"20251014",노원구,0.0099,0.0291,0.23,0.0017,4,2
"20251014",도봉구,0.0063,0.0317,0.21,0.003,5,3
"20251014",동대문구,0.012,0.0302,0.23,0.0018,4,1
"20251014",동작구,0.0103,0.0307,0.22,0.0017,5,2
"20251014",마포구,0.0079,0.0363,0.22,0.0019,5,2
"20251014",서대문구,0.0044,0.0376,0.28,0.0024,3,4
"20251014",서초구,0.0092,0.03,0.16,0.0022,4,2
"20251014",성동구,0.0094,0.0325,0.21,0.0021,4,2
"20251014",성북구,0.0101,0.0253,0.37,0.0026,5,2
"20251014",송파구,0.0109,0.0298,0.24,0.0019,5,2
"20251014",양천구,0.0083,0.0302,0.22,0.0016,5,1
"20251014",영등포구,0.0128,0.0304,0.26,0.0018,7,4
"20251014",용산구,0.0108,0.0278,0.25,0.0021,5,2
"20251014",은평구,0.0065,0.0302,0.26,0.0023,4,1
"20251014",종로구,0.0139,0.0321,0.24,0.0018,3,2
"20251014",중구,0.0125,0.0324,0.24,0.0022,5,2
"20251014",중랑구,0.0084,0.0289,0.22,0.0022,4,1
"20251014",강남대로,0.0175,0.0211,0.38,0.0036,7,3
"20251014",강변북로,0.0062,0.0305,0.35,0.0026,6,3
"20251014",공항대로,0.0166,0.0245,0.28,0.0019,7,3
"20251014",도산대로,0.0104,0.0312,0.39,0.0021,9,3
"20251014",동작대로,0.0234,0.0226,0.32,0.0019,9,3
"20251014",시흥대로,0.0326,0.0108,0.53,0.0025,9,4
"20251014",신촌로,0.012,0.0308,0.27,0.002,8,3
"20251014",영등포로,0.0161,0.0299,0.26,0.002,7,3
"20251014",정릉로,0.0203,0.0249,0.29,0.0021,6,3
"20251014",종로,0.0185,0.0206,0.37,0.0022,6,3
"20251014",천호대로,0.0134,0.0273,0.29,0.0019,6,3
"20251014",청계천로,0.0159,0.0247,0.38,0.0022,7,3
"20251014",한강대로,0.0139,0.0251,0.31,0.0021,7,4
"20251014",홍릉로,0.0156,0.0261,0.28,0.002,7,3
"20251014",화랑로,0.022,0.0231,0.35,0.002,5,3
"20251014",관악산,0.0029,0.0448,0.4,0.003,6,1
"20251014",남산,0.0067,0.031,0.39,0.003,3,1
"20251014",북한산,0.0017,0.0339,0.2,0.0031,4,2
"20251014",세곡,0.0152,0.0208,0.39,0.003,6,1
"20251014",항동,0.0099,0.0263,0.44,0.0022,5,2
"20251014",행주,0.0068,0.0276,0.34,0.0023,3,1
"20251014",마포아트센터,0.008,0.0382,0.32,0.0022,4,1
"20251014",서울숲,0.0075,0.032,0.26,0.0031,4,1
"20251014",올림픽공원,0.0043,0.0367,0.4,0.0026,3,1
"20251014",자연사박물관,0.0023,0.0412,0.49,0.003,3,1
"20251015",강남구,0.0143,0.0252,0.26,0.0019,9,3
"20251015",강동구,0.0083,0.0286,0.43,0.0026,12,3
"20251015",강북구,0.0063,0.0228,0.23,0.0017,8,2
"20251015",강서구,0.0127,0.0271,0.29,0.002,8,3
"20251015",관악구,0.013,0.0273,0.25,0.0019,9,4
"20251015",광진구,0.0094,0.0332,0.36,0.0026,8,3
"20251015",구로구,0.0105,0.029,0.23,0.0018,10,7
"20251015",금천구,0.0107,0.0288,0.23,0.0021,7,3
"20251015",노원구,0.0141,0.0193,0.27,0.0018,10,3
"20251015",도봉구,0.0089,0.0234,0.27,0.0028,7,5
"20251015",동대문구,0.0136,0.0244,0.24,0.0018,6,1
"20251015",동작구,0.0151,0.0252,0.25,0.0018,10,3
"20251015",마포구,0.0094,0.0317,0.22,0.002,7,2
"20251015",서대문구,0.0062,0.0345,0.28,0.0024,6,5
"20251015",서초구,0.0121,0.0273,0.18,0.0023,9,4
"20251015",성동구,0.0102,0.0319,0.22,0.0022,7,5
"20251015",성북구,0.0117,0.0235,0.35,0.0026,9,3
"20251015",송파구,0.0145,0.0253,0.25,0.002,9,3
"20251015",양천구,0.0127,0.0321,0.26,0.0018,11,3
"20251015",영등포구,0.0148,0.0296,0.26,0.0019,10,5
"20251015",용산구,0.0112,0.0264,0.26,0.0022,9,3
"20251015",은평구,0.0079,0.029,0.29,0.0024,6,1
"20251015",종로구,0.0169,0.0298,0.28,0.0019,9,4
"20251015",중구,0.016,0.0302,0.28,0.0022,10,5
"20251015",중랑구,0.0078,0.0263,0.22,0.0022,7,2
"20251015",강남대로,0.0209,0.0123,0.5,0.0039,12,4
"20251015",강변북로,0.0136,0.0251,0.43,0.0022,9,3
"20251015",공항대로,0.02,0.0239,0.31,0.0019,10,4
"20251015",도산대로,0.0118,0.028,0.42,0.0021,11,3
"20251015",동작대로,0.0276,0.0164,0.37,0.002,16,4
"20251015",시흥대로,0.03,0.012,0.47,0.0027,12,4
"20251015",신촌로,0.0139,0.0297,0.29,0.002,12,4
"20251015",영등포로,0.0213,0.0252,0.32,0.002,12,5
"20251015",정릉로,0.0236,0.0201,0.34,0.0035,11,3
"20251015",종로,0.0209,0.0201,0.39,0.0022,10,4
"20251015",천호대로,0.0173,0.021,0.32,0.0019,8,3
"20251015",청계천로,0.021,0.021,0.47,0.0026,12,4
"20251015",한강대로,0.015,0.0246,0.31,0.0022,12,5
"20251015",홍릉로,0.0158,0.0264,0.28,0.0021,10,3
"20251015",화랑로,0.0269,0.0151,0.4,0.0026,10,4
"20251015",관악산,0.0028,0.0453,0.41,0.003,9,1
"20251015",남산,0.0068,0.0329,0.38,0.0029,5,1
"20251015",북한산,0.0036,0.0306,0.24,0.003,6,3
"20251015",세곡,0.0105,0.0218,0.39,0.003,11,1
"20251015",항동,0.0104,0.0235,0.45,0.0025,8,2
"20251015",행주,0.0119,0.0231,0.39,0.0025,7,2
"20251015",마포아트센터,0.0095,0.0368,0.31,0.0024,7,2
"20251015",서울숲,0.0103,0.0276,0.28,0.0032,9,2
"20251015",올림픽공원,0.006,0.0299,0.42,0.0026,6,1
"20251015",자연사박물관,0.0057,0.0376,0.53,0.0031,6,1
"20251016",강남구,0.0125,0.0246,0.26,0.0019,7,2
"20251016",강동구,0.007,0.0277,0.39,0.0026,9,2
"20251016",강북구,0.0052,0.0279,0.21,0.0017,6,2
"20251016",강서구,0.0095,0.0258,0.25,0.0019,8,2
"20251016",관악구,0.0104,0.0287,0.26,0.0019,6,2
"20251016",광진구,0.0069,0.0329,0.36,0.0026,7,2
"20251016",구로구,0.0106,0.0274,0.24,0.0019,9,7
"20251016",금천구,0.0108,0.0294,0.23,0.0022,6,3
"20251016",노원구,0.008,0.0287,0.22,0.0016,5,2
"20251016",도봉구,0.0053,0.0318,0.25,0.0026,6,4
"20251016",동대문구,0.0111,0.0284,0.24,0.002,6,3
"20251016",동작구,0.0119,0.0274,0.25,0.0017,8,3
"20251016",마포구,0.0096,0.032,0.25,0.002,6,5
"20251016",서대문구,0.0062,0.0308,0.27,0.0028,5,4
"20251016",서초구,0.0116,0.0253,0.19,0.0023,6,4
"20251016",성동구,0.0096,0.0282,0.22,0.0025,5,3
"20251016",성북구,0.0083,0.0251,0.34,0.0026,6,3
"20251016",송파구,0.0111,0.0262,0.24,0.0019,7,3
"20251016",양천구,0.0094,0.0292,0.22,0.0017,9,3
"20251016",영등포구,0.014,0.0273,0.29,0.0019,10,5
"20251016",용산구,0.0097,0.0251,0.25,0.0024,7,3
"20251016",은평구,0.0054,0.0283,0.29,0.0024,5,1
"20251016",종로구,0.013,0.0306,0.25,0.0019,5,3
"20251016",중구,0.0118,0.0331,0.25,0.0022,7,3
"20251016",중랑구,0.0079,0.0247,0.22,0.0021,6,2
"20251016",강남대로,0.0179,0.0176,0.45,0.0035,8,4
"20251016",강변북로,0.0076,0.0263,0.42,0.0022,7,3
"20251016",공항대로,0.0147,0.0249,0.29,0.0019,10,4
"20251016",도산대로,0.0105,0.0275,0.42,0.0021,10,3
"20251016",동작대로,0.0234,0.0196,0.34,0.002,12,3
"20251016",시흥대로,0.0309,0.0135,0.48,0.0026,11,4
"20251016",신촌로,0.0146,0.0268,0.32,0.002,11,4
"20251016",영등포로,0.0167,0.0266,0.3,0.002,10,3
"20251016",정릉로,0.017,0.0234,0.29,0.0025,8,3
"20251016",종로,0.0145,0.022,0.32,0.002,6,3
"20251016",천호대로,0.0147,0.0222,0.32,0.0019,7,3
"20251016",청계천로,0.0145,0.0239,0.36,0.0023,9,3
"20251016",한강대로,0.0135,0.0238,0.32,0.0022,8,4
"20251016",홍릉로,0.0148,0.0227,0.3,0.0021,10,3
"20251016",화랑로,0.0218,0.0207,0.37,0.0021,8,4
"20251016",관악산,0.0043,0.0427,0.38,0.003,7,1
"20251016",남산,0.006,0.0298,0.4,0.0029,3,1
"20251016",북한산,0.0022,0.0297,0.24,0.0029,4,3
"20251016",세곡,0.0131,0.0222,0.38,0.0029,6,1
"20251016",항동,0.0091,0.0251,0.46,0.0023,6,1
"20251016",행주,0.0068,0.0271,0.35,0.0021,5,1
"20251016",마포아트센터,0.0075,0.0355,0.31,0.0024,4,1
"20251016",서울숲,0.0077,0.029,0.28,0.0031,7,1
"20251016",올림픽공원,0.0053,0.0325,0.41,0.0026,4,1
"20251016",자연사박물관,0.0039,0.0365,0.53,0.0031,4,1
"20251017",강남구,0.0182,0.0235,0.28,0.002,12,4
"20251017",강동구,0.0095,0.0293,0.4,0.0026,15,5
"20251017",강북구,0.0067,0.0287,0.23,0.0018,11,4
"20251017",강서구,0.0137,0.0277,0.31,0.002,12,5
"20251017",관악구,0.0145,0.0282,0.29,0.002,11,5
"20251017",광진구,0.0105,0.0347,0.38,0.0028,11,5
"20251017",구로구,0.0116,0.0303,0.24,0.002,14,8
"20251017",금천구,0.0124,0.029,0.25,0.0021,10,5
"20251017",노원구,0.0131,0.0256,0.26,0.0017,10,5
"20251017",도봉구,0.0077,0.03,0.26,0.0026,10,6
"20251017",동대문구,0.0135,0.0289,0.26,0.0018,11,4
"20251017",동작구,0.0159,0.0257,0.26,0.0018,12,5
"20251017",마포구,0.0124,0.0336,0.26,0.0021,12,5
"20251017",서대문구,0.0073,0.0333,0.26,0.0026,9,6
"20251017",서초구,0.0169,0.0232,0.2,0.0022,11,7
"20251017",성동구,0.0113,0.0334,0.23,0.0021,10,6
"20251017",성북구,0.0121,0.0254,0.35,0.0026,11,5
"20251017",송파구,0.0158,0.0243,0.27,0.0026,11,5
"20251017",양천구,0.0118,0.0317,0.23,0.0017,14,4
"20251017",영등포구,0.016,0.0299,0.28,0.002,12,5
"20251017",용산구,0.0153,0.0265,0.29,0.0023,13,4
"20251017",은평구,0.0081,0.0291,0.31,0.0024,8,1
"20251017",종로구,0.0171,0.029,0.29,0.0021,10,5
"20251017",중구,0.0161,0.0334,0.28,0.0023,12,6
"20251017",중랑구,0.0077,0.0289,0.23,0.0021,10,4
"20251017",강남대로,0.0223,0.0131,0.5,0.0034,15,4
"20251017",강변북로,0.0158,0.0254,0.46,0.0022,12,3
"20251017",공항대로,0.0218,0.0241,0.33,0.0019,14,5
"20251017",도산대로,0.0147,0.0283,0.46,0.0021,15,4
"20251017",동작대로,0.0287,0.0183,0.37,0.002,19,5
"20251017",시흥대로,0.0338,0.0128,0.5,0.0026,15,6
"20251017",신촌로,0.0174,0.0286,0.34,0.0021,16,6
"20251017",영등포로,0.0224,0.0266,0.33,0.002,14,5
"20251017",정릉로,0.0234,0.0235,0.33,0.003,13,4
"20251017",종로,0.0188,0.0223,0.37,0.0021,12,4
"20251017",천호대로,0.0209,0.0198,0.34,0.002,13,5
"20251017",청계천로,0.0204,0.0228,0.44,0.0026,15,5
"20251017",한강대로,0.0189,0.0235,0.34,0.0022,14,7
"20251017",홍릉로,0.016,0.0272,0.29,0.0019,13,4
"20251017",화랑로,0.027,0.019,0.39,0.0025,13,7
"20251017",관악산,0.0052,0.0477,0.28,0.0031,12,2
"20251017",남산,0.0084,0.0335,0.41,0.0029,8,2
"20251017",북한산,0.0031,0.0329,0.25,0.0029,8,6
"20251017",세곡,0.0139,0.0181,0.37,0.0028,13,2
"20251017",항동,0.0133,0.0238,0.45,0.0025,9,2
"20251017",행주,0.0116,0.0246,0.4,0.0022,9,3
"20251017",마포아트센터,0.011,0.0368,0.33,0.0025,10,4
"20251017",서울숲,0.0109,0.0295,0.33,0.0031,11,3
"20251017",올림픽공원,0.0097,0.0263,0.45,0.0026,8,2
"20251017",자연사박물관,0.0066,0.0375,0.55,0.0032,8,1
"20251018",강남구,0.0109,0.0269,0.33,0.0019,12,6
"20251018",강동구,0.0064,0.0281,0.47,0.0026,16,7
"20251018",강북구,0.0036,0.032,0.26,0.0016,10,6
"20251018",강서구,0.0074,0.0276,0.31,0.0019,13,7
"20251018",관악구,0.011,0.0277,0.33,0.0019,12,8
"20251018",광진구,0.0077,0.0317,0.45,0.0027,11,7
"20251018",구로구,0.0086,0.0281,0.3,0.002,15,11
"20251018",금천구,0.012,0.0266,0.32,0.0021,12,9
"20251018",노원구,0.0063,0.0311,0.29,0.0016,11,7
"20251018",도봉구,0.0034,0.0348,0.3,0.0026,10,8
"20251018",동대문구,0.0084,0.0284,0.31,0.0018,11,6
"20251018",동작구,0.0107,0.0274,0.32,0.0018,13,7
"20251018",마포구,0.0094,0.0291,0.32,0.0021,13,8
"20251018",서대문구,0.0063,0.0292,0.33,0.0025,9,10
"20251018",서초구,0.0112,0.0244,0.25,0.0021,12,10
"20251018",성동구,0.0112,0.0272,0.31,0.0021,10,8
"20251018",성북구,0.0062,0.0271,0.4,0.0025,11,8
"20251018",송파구,0.0121,0.0262,0.32,0.0028,11,7
"20251018",양천구,0.0087,0.0311,0.3,0.0018,14,8
"20251018",영등포구,0.0108,0.0295,0.33,0.0019,13,9
"20251018",용산구,0.0098,0.0258,0.34,0.0026,13,6
"20251018",은평구,0.0062,0.0259,0.37,0.0023,10,4
"20251018",종로구,0.01,0.0295,0.32,0.002,11,9
"20251018",중구,0.0088,0.0338,0.3,0.0022,10,7
"20251018",중랑구,0.0081,0.0256,0.3,0.0022,12,6
"20251018",강남대로,0.0173,0.0184,0.51,0.0018,13,7
"20251018",강변북로,0.0157,0.021,0.57,0.0022,13,6
"20251018",공항대로,0.0131,0.0267,0.36,0.0018,15,7
"20251018",도산대로,0.0127,0.0256,0.49,0.0021,14,7
"20251018",동작대로,0.0194,0.0227,0.4,0.0018,14,7
"20251018",시흥대로,0.02,0.0196,0.44,0.0023,15,10
"20251018",신촌로,0.0175,0.0215,0.5,0.0021,20,10
"20251018",영등포로,0.0165,0.0259,0.4,0.002,16,7
"20251018",정릉로,0.016,0.0269,0.36,0.002,13,5
"20251018",종로,0.0102,0.0244,0.33,0.0019,10,5
"20251018",천호대로,0.0169,0.0214,0.4,0.0019,10,6
"20251018",청계천로,0.0115,0.0257,0.35,0.0021,14,6
"20251018",한강대로,0.0128,0.0237,0.38,0.0022,12,8
"20251018",홍릉로,0.0138,0.0249,0.38,0.002,13,6
"20251018",화랑로,0.0156,0.0281,0.4,0.0021,11,7
"20251018",관악산,0.0071,0.0398,0.38,0.0031,10,4
"20251018",남산,0.0057,0.0296,0.47,0.0029,7,3
"20251018",북한산,0.0021,0.0337,0.3,0.0029,8,6
"20251018",세곡,0.0137,0.0204,0.38,0.0025,12,4
"20251018",항동,0.0064,0.0275,0.49,0.0024,10,4
"20251018",행주,0.0032,0.0321,0.45,0.0023,9,5
"20251018",마포아트센터,0.0073,0.0338,0.39,0.0024,10,6
"20251018",서울숲,0.0088,0.0271,0.49,0.0031,11,6
"20251018",올림픽공원,0.0066,0.0283,0.5,0.0026,9,4
"20251018",자연사박물관,0.0047,0.0332,0.61,0.0031,10,4
"20251019",강남구,0.0091,0.0243,0.35,0.0021,16,7
"20251019",강동구,0.0053,0.0266,0.49,0.0029,20,8
"20251019",강북구,0.0047,0.026,0.3,0.0018,17,9
"20251019",강서구,0.0096,0.0212,0.36,0.0023,22,11
"20251019",관악구,0.0102,0.0245,0.35,0.0022,17,10
"20251019",광진구,0.0062,0.0313,0.42,0.0028,15,9
"20251019",구로구,0.0095,0.0232,0.32,0.0021,21,12
"20251019",금천구,0.0121,0.0213,0.38,0.0025,19,11
"20251019",노원구,0.0074,0.026,0.34,0.0018,17,10
"20251019",도봉구,0.0046,0.0283,0.31,0.0029,16,10
"20251019",동대문구,0.0086,0.0251,0.34,0.0021,16,9
"20251019",동작구,0.0106,0.0235,0.34,0.0021,18,10
"20251019",마포구,0.0102,0.0239,0.35,0.0021,19,9
"20251019",서대문구,0.0052,0.0282,0.31,0.0028,14,10
"20251019",서초구,0.0091,0.0224,0.25,0.0023,16,8
"20251019",성동구,0.0083,0.0265,0.32,0.002,13,8
"20251019",성북구,0.0067,0.0239,0.41,0.0029,14,10
"20251019",송파구,0.0097,0.0248,0.33,0.0024,16,8
"20251019",양천구,0.0101,0.0245,0.34,0.0019,21,10
"20251019",영등포구,0.0109,0.0254,0.36,0.0021,18,11
"20251019",용산구,0.0097,0.0225,0.37,0.0024,17,7
"20251019",은평구,0.006,0.0221,0.35,0.0026,15,5
"20251019",종로구,0.0101,0.0262,0.35,0.0023,16,11
"20251019",중구,0.0093,0.028,0.33,0.0024,17,10
"20251019",중랑구,0.0065,0.0246,0.31,0.0022,14,8
"20251019",강남대로,0.0129,0.0176,0.48,0.0023,19,7
"20251019",강변북로,0.011,0.0215,0.52,0.0024,16,8
"20251019",공항대로,0.0119,0.021,0.39,0.002,24,11
"20251019",도산대로,0.0094,0.0248,0.46,0.0024,18,7
"20251019",동작대로,0.0161,0.0204,0.42,0.002,21,8
"20251019",시흥대로,0.0159,0.0187,0.46,0.0024,18,10
"20251019",신촌로,0.0143,0.021,0.44,0.0022,22,10
"20251019",영등포로,0.014,0.023,0.39,0.0021,19,8
"20251019",정릉로,0.013,0.0251,0.39,0.002,18,7
"20251019",종로,0.01,0.0216,0.38,0.002,16,8
"20251019",천호대로,0.0134,0.0205,0.41,0.0021,15,8
"20251019",청계천로,0.0098,0.0235,0.37,0.0022,19,8
"20251019",한강대로,0.0109,0.0216,0.39,0.0024,15,9
"20251019",홍릉로,0.0126,0.0224,0.4,0.0021,18,8
"20251019",화랑로,0.0125,0.025,0.4,0.0023,17,10
"20251019",관악산,0.0063,0.0362,0.38,0.0033,18,6
"20251019",남산,0.0057,0.0265,0.51,0.003,13,5
"20251019",북한산,0.0027,0.0273,0.32,0.003,12,10
"20251019",세곡,0.0091,0.0191,0.4,0.0027,17,6
"20251019",항동,0.0071,0.0208,0.5,0.0027,17,6
"20251019",행주,0.0041,0.0253,0.53,0.0026,17,8
"20251019",마포아트센터,0.0072,0.0306,0.43,0.0028,14,7
"20251019",서울숲,0.007,0.0253,0.36,0.0035,16,7
"20251019",올림픽공원,0.0054,0.0271,0.59,0.0028,13,7
"20251019",자연사박물관,0.0043,0.0309,0.6,0.0034,13,6
"20251020",강남구,0.0117,0.0241,0.33,0.0022,22,9
"20251020",강동구,0.0069,0.0254,0.39,0.0028,26,11
"20251020",강북구,0.0059,0.027,0.25,0.0019,21,10
"20251020",강서구,0.0108,0.0256,0.31,0.0023,27,11
"20251020",관악구,0.0127,0.0253,0.36,0.0022,23,11
"20251020",광진구,0.0092,0.0297,0.34,0.0031,21,11
"20251020",구로구,0.0102,0.0251,0.28,0.0022,29,13
"20251020",금천구,0.0085,0.0261,0.31,0.0025,27,14
"20251020",노원구,0.0073,0.0285,0.26,0.0026,25,12
"20251020",도봉구,0.0054,0.0305,0.18,0.0028,19,10
"20251020",동대문구,0.0098,0.025,0.28,0.0021,21,9
"20251020",동작구,0.0134,0.0242,0.33,0.0021,24,12
"20251020",마포구,0.0101,0.0262,0.28,0.002,25,10
"20251020",서대문구,0.0069,0.0267,0.24,0.0028,19,12
"20251020",서초구,0.0135,0.0203,0.21,0.0022,25,10
"20251020",성동구,0.0092,0.026,0.27,0.0021,18,11
"20251020",성북구,0.0071,0.025,0.36,0.003,18,10
"20251020",송파구,0.0121,0.0248,0.3,0.002,22,11
"20251020",양천구,0.0099,0.0267,0.27,0.002,28,11
"20251020",영등포구,0.0118,0.0268,0.3,0.0022,25,13
"20251020",용산구,0.0132,0.0211,0.34,0.0025,26,10
"20251020",은평구,0.0067,0.0236,0.24,0.0028,19,4
"20251020",종로구,0.012,0.0225,0.3,0.002,22,12
"20251020",중구,0.0104,0.0266,0.29,0.0023,22,12
"20251020",중랑구,0.0089,0.0212,0.28,0.0024,21,10
"20251020",강남대로,0.019,0.0169,0.43,0.0027,26,8
"20251020",강변북로,0.0115,0.0226,0.42,0.0026,22,10
"20251020",공항대로,0.0143,0.0243,0.33,0.0021,28,10
"20251020",도산대로,0.0128,0.0229,0.39,0.0027,26,10
"20251020",동작대로,0.0187,0.0202,0.37,0.002,25,10
"20251020",시흥대로,0.0197,0.0205,0.41,0.0025,26,11
"20251020",신촌로,0.0165,0.0192,0.41,0.0023,30,12
"20251020",영등포로,0.0152,0.0237,0.34,0.0023,26,10
"20251020",정릉로,0.0155,0.025,0.33,0.0022,21,8
"20251020",종로,0.0102,0.0221,0.31,0.0019,19,8
"20251020",천호대로,0.0173,0.0194,0.39,0.0022,19,9
"20251020",청계천로,0.014,0.0209,0.38,0.0022,24,9
"20251020",한강대로,0.0133,0.0202,0.36,0.0029,20,10
"20251020",홍릉로,0.014,0.022,0.33,0.002,22,8
"20251020",화랑로,0.0153,0.0264,0.36,0.0022,22,11
"20251020",관악산,0.0078,0.0359,0.34,0.0035,26,8
"20251020",남산,0.0086,0.0247,0.49,0.0034,16,4
"20251020",북한산,0.003,0.0318,0.25,0.0031,15,9
"20251020",세곡,0.0165,0.0169,0.36,0.003,22,6
"20251020",항동,0.007,0.0264,0.32,0.003,19,6
"20251020",행주,0.0038,0.0296,0.52,0.003,20,7
"20251020",마포아트센터,0.0078,0.0303,0.42,0.003,19,7
"20251020",서울숲,0.0092,0.0264,0.16,0.0038,22,10
"20251020",올림픽공원,0.0065,0.0277,0.55,0.0029,16,7
"20251020",자연사박물관,0.0058,0.0304,0.49,0.0035,19,6
"20251021",강남구,0.017,0.0212,0.36,0.0023,26,10
"20251021",강동구,0.0132,0.0205,0.39,0.0027,28,11
"20251021",강북구,0.0079,0.0231,0.28,0.0021,20,10
"20251021",강서구,0.0149,0.024,0.34,0.0027,33,11
"20251021",관악구,0.0208,0.0188,0.4,0.0025,28,14
"20251021",광진구,0.0163,0.0234,0.38,0.0034,23,12
"20251021",구로구,0.0163,0.0214,0.32,0.0024,36,15
"20251021",금천구,0.0195,0.0198,0.35,0.0026,29,14
"20251021",노원구,0.0108,0.0272,0.29,0.0024,24,12
"20251021",도봉구,0.0095,0.028,0.19,0.0029,23,12
"20251021",동대문구,0.0144,0.0228,0.32,0.0023,24,10
"20251021",동작구,0.0213,0.0171,0.37,0.0024,29,14
"20251021",마포구,0.0163,0.0205,0.32,0.0022,32,14
"20251021",서대문구,0.0126,0.0205,0.35,0.0034,23,14
"20251021",서초구,0.021,0.015,0.25,0.0024,33,13
"20251021",성동구,0.0144,0.0212,0.33,0.0024,24,12
"20251021",성북구,0.011,0.0229,0.41,0.0032,22,11
"20251021",송파구,0.0201,0.019,0.35,0.0022,28,12
"20251021",양천구,0.0128,0.023,0.3,0.0021,34,12
"20251021",영등포구,0.017,0.0239,0.34,0.0023,29,13
"20251021",용산구,0.0206,0.0165,0.4,0.003,31,12
"20251021",은평구,0.0108,0.0186,0.29,0.0029,28,12
"20251021",종로구,0.0199,0.0223,0.39,0.0026,30,20
"20251021",중구,0.0184,0.02,0.34,0.0025,27,14
"20251021",중랑구,0.0149,0.0196,0.32,0.0025,22,11
"20251021",강남대로,0.0255,0.0109,0.52,0.0028,27,8
"20251021",강변북로,0.0194,0.0176,0.47,0.0031,27,12
"20251021",공항대로,0.0175,0.0222,0.36,0.0023,35,11
"20251021",도산대로,0.0191,0.0189,0.41,0.0031,32,11
"20251021",동작대로,0.0274,0.0135,0.46,0.0023,31,11
"20251021",시흥대로,0.0276,0.0159,0.46,0.0028,32,13
"20251021",신촌로,0.0239,0.0145,0.51,0.0026,37,15
"20251021",영등포로,0.0214,0.0199,0.41,0.0025,30,12
"20251021",정릉로,0.0219,0.0208,0.39,0.0024,24,8
"20251021",종로,0.016,0.0165,0.36,0.0018,23,9
"20251021",천호대로,0.023,0.0148,0.42,0.0022,20,9
"20251021",청계천로,0.0221,0.0138,0.46,0.0023,28,11
"20251021",한강대로,0.0205,0.0154,0.42,0.0026,27,12
"20251021",홍릉로,0.0193,0.0195,0.39,0.0022,25,8
"20251021",화랑로,0.0245,0.0182,0.41,0.0022,22,11
"20251021",관악산,0.0085,0.0374,0.35,0.0037,24,8
"20251021",남산,0.0138,0.021,0.44,0.0031,22,7
"20251021",북한산,0.0035,0.0289,0.28,0.0031,15,9
"20251021",세곡,0.022,0.0104,0.43,0.0032,25,7
"20251021",항동,0.0145,0.0194,0.34,0.0033,22,6
"20251021",행주,0.0061,0.029,0.48,0.0033,25,9
"20251021",마포아트센터,0.0141,0.0251,0.46,0.0034,32,
"20251021",서울숲,0.0149,0.0217,0.42,0.004,27,12
"20251021",올림픽공원,0.0106,0.0225,0.47,0.0028,19,8
"20251021",자연사박물관,0.0112,0.0244,0.48,0.0037,21,6
"20251022",강남구,0.0165,0.0196,0.32,0.002,16,6
"20251022",강동구,0.0115,0.0205,0.41,0.0025,18,7
"20251022",강북구,0.008,0.0205,0.25,0.0018,10,5
"20251022",강서구,0.0207,0.0164,0.38,0.0025,28,12
"20251022",관악구,0.0205,0.018,0.39,0.0022,18,9
"20251022",광진구,0.0131,0.0243,0.39,0.0033,14,7
"20251022",구로구,0.0207,0.0159,0.33,0.002,26,14
"20251022",금천구,0.0243,0.0137,0.4,0.0026,21,11
"20251022",노원구,0.0142,0.0204,0.31,0.0021,16,9
"20251022",도봉구,0.0119,0.023,0.23,0.0027,16,9
"20251022",동대문구,0.0187,0.0157,0.33,0.0021,19,8
"20251022",동작구,0.0233,0.0076,0.38,0.0023,18,8
"20251022",마포구,0.0189,0.0185,0.35,0.0022,24,12
"20251022",서대문구,0.0143,0.0171,0.4,0.0031,12,8
"20251022",서초구,0.0183,0.016,0.22,0.0021,17,8
"20251022",성동구,0.0122,0.0213,0.29,0.003,16,9
"20251022",성북구,0.0141,0.0181,0.42,0.0031,16,9
"20251022",송파구,0.0174,0.0188,0.31,0.0021,15,7
"20251022",양천구,0.0191,0.0164,0.33,0.002,26,11
"20251022",영등포구,0.0227,0.0179,0.37,0.0023,23,12
"20251022",용산구,0.0209,0.0147,0.37,0.0028,19,9
"20251022",은평구,0.0113,0.015,0.34,0.0027,13,6
"20251022",종로구,0.0183,0.0212,0.33,0.0025,16,10
"20251022",중구,0.0217,0.0164,0.34,0.0024,15,9
"20251022",중랑구,0.0109,0.0187,0.27,0.0024,13,5
"20251022",강남대로,0.0236,0.0083,0.56,0.0028,15,5
"20251022",강변북로,0.0131,0.0198,0.42,0.0031,15,7
"20251022",공항대로,0.0242,0.0138,0.4,0.0022,32,12
"20251022",도산대로,0.0155,0.021,0.39,0.0032,20,8
"20251022",동작대로,0.03,0.0098,0.51,0.0025,25,9
"20251022",시흥대로,0.0368,0.0082,0.57,0.003,31,12
"20251022",신촌로,0.024,0.013,0.5,0.0025,24,11
"20251022",영등포로,0.0256,0.0147,0.43,0.0024,23,10
"20251022",정릉로,0.0233,0.016,0.41,0.0026,18,7
"20251022",종로,0.0207,0.0121,0.4,0.002,14,5
"20251022",천호대로,0.0233,0.0116,0.42,0.0022,14,6
"20251022",청계천로,0.0261,0.0117,0.52,0.0026,19,7
"20251022",한강대로,0.0244,0.0113,0.44,0.0025,18,8
"20251022",홍릉로,0.0195,0.0139,0.37,0.0022,26,9
"20251022",화랑로,0.0275,0.0109,0.43,0.0023,17,9
"20251022",관악산,0.0068,0.0379,0.33,0.0034,11,2
"20251022",남산,0.0112,0.0236,0.33,0.0023,10,3
"20251022",북한산,0.0032,0.0254,0.25,0.003,5,4
"20251022",세곡,0.0188,0.0104,0.46,0.0032,18,5
"20251022",항동,0.0206,0.0118,0.44,0.0029,19,7
"20251022",행주,0.0102,0.0246,0.49,0.0031,21,9
"20251022",마포아트센터,0.0174,0.0199,0.46,0.0031,16,4
"20251022",서울숲,0.0127,0.0214,0.42,0.0036,16,8
"20251022",올림픽공원,0.0097,0.02,0.46,0.0028,11,5
"20251022",자연사박물관,0.0125,0.0223,0.43,0.0035,8,2
"20251023",강남구,0.015,0.0213,0.28,0.0019,8,3
"20251023",강동구,0.0091,0.0266,0.39,0.0024,12,4
"20251023",강북구,0.0069,0.024,0.24,0.0017,7,3
"20251023",강서구,0.017,0.0181,0.32,0.0026,16,6
"20251023",관악구,0.0173,0.0236,0.31,0.0021,10,3
"20251023",광진구,0.0092,0.0325,0.37,0.0033,7,4
"20251023",구로구,0.0162,0.0212,0.27,0.0019,15,9
"20251023",금천구,0.0179,0.0208,0.31,0.0024,8,3
"20251023",노원구,0.0117,0.0245,0.26,0.002,9,4
"20251023",도봉구,0.0116,0.023,0.26,0.0028,10,7
"20251023",동대문구,0.0165,0.0191,0.29,0.0021,11,4
"20251023",동작구,0.0196,0.0282,0.3,0.0021,10,3
"20251023",마포구,0.0177,0.0209,0.3,0.0024,15,7
"20251023",서대문구,0.0109,0.0268,0.33,0.0029,7,5
"20251023",서초구,0.0179,0.0181,0.2,0.0021,10,4
"20251023",성동구,0.0129,0.0229,0.26,0.0046,9,6
"20251023",성북구,0.0111,0.0214,0.34,0.0029,9,5
"20251023",송파구,0.0149,0.0244,0.26,0.002,8,3
"20251023",양천구,0.0179,0.0182,0.3,0.0019,16,6
"20251023",영등포구,0.0212,0.0189,0.32,0.0022,14,6
"20251023",용산구,0.0163,0.0216,0.31,0.0025,13,4
"20251023",은평구,0.0103,0.0187,0.33,0.0026,10,4
"20251023",종로구,0.0165,0.0246,0.29,0.0025,10,6
"20251023",중구,0.0148,0.0267,0.27,0.0024,10,5
"20251023",중랑구,0.0136,0.0193,0.26,0.0024,8,3
"20251023",강남대로,0.0227,0.0137,0.51,0.0024,15,4
"20251023",강변북로,0.0156,0.02,0.44,0.0031,10,4
"20251023",공항대로,0.0209,0.0146,0.35,0.0022,20,7
"20251023",도산대로,0.0163,0.0224,0.37,0.0028,15,5
"20251023",동작대로,0.028,0.0139,0.4,0.0025,17,3
"20251023",시흥대로,0.031,0.0125,0.49,0.0029,15,6
"20251023",신촌로,0.0181,0.0218,0.36,0.0023,14,6
"20251023",영등포로,0.0232,0.0177,0.36,0.0023,13,5
"20251023",정릉로,0.0212,0.0199,0.34,0.0025,12,4
"20251023",종로,0.0174,0.0179,0.36,0.0021,9,3
"20251023",천호대로,0.0195,0.0183,0.35,0.0021,8,4
"20251023",청계천로,0.0228,0.0164,0.44,0.0027,15,4
"20251023",한강대로,0.0203,0.0172,0.4,0.0025,13,5
"20251023",홍릉로,0.0211,0.0187,0.38,0.0023,15,8
"20251023",화랑로,0.0252,0.0141,0.39,0.0022,11,5
"20251023",관악산,0.0071,0.0392,0.35,0.0031,11,2
"20251023",남산,0.0109,0.0252,0.32,0.0023,6,1
"20251023",북한산,0.0025,0.0282,0.25,0.0029,5,3
"20251023",세곡,0.0191,0.0122,0.42,0.003,10,2
"20251023",항동,0.0168,0.0137,0.43,0.0025,13,4
"20251023",행주,0.0079,0.024,0.41,0.0029,9,3
"20251023",마포아트센터,0.0126,0.0296,0.31,0.003,10,3
"20251023",서울숲,0.0129,0.0237,0.39,0.0034,11,4
"20251023",올림픽공원,0.0079,0.0291,0.4,0.0027,5,1
"20251023",자연사박물관,0.0091,0.0304,0.36,0.0034,9,2
"20251024",강남구,0.0183,0.0257,0.3,0.002,9,3
"20251024",강동구,0.0124,0.0289,0.39,0.0023,13,4
"20251024",강북구,0.0094,0.023,0.26,0.0018,7,2
"20251024",강서구,0.0193,0.0218,0.33,0.0025,14,5
"20251024",관악구,0.0183,0.0286,0.31,0.0021,12,3
"20251024",광진구,0.0144,0.0312,0.37,0.003,7,3
"20251024",구로구,0.0162,0.0273,0.26,0.0019,16,7
"20251024",금천구,0.0182,0.0265,0.27,0.0023,9,5
"20251024",노원구,0.0176,0.0219,0.31,0.002,8,5
"20251024",도봉구,0.0145,0.0234,0.26,0.0027,9,6
"20251024",동대문구,0.0186,0.0215,0.3,0.002,9,4
"20251024",동작구,0.0175,0.0286,0.28,0.002,9,3
"20251024",마포구,0.0168,0.0302,0.28,0.0022,12,6
"20251024",서대문구,0.009,0.0339,0.31,0.003,6,4
"20251024",서초구,0.0183,0.0231,0.21,0.002,10,4
"20251024",성동구,0.0156,0.0267,0.27,0.0036,10,6
"20251024",성북구,0.015,0.0216,0.37,0.0028,9,6
"20251024",송파구,0.0182,0.0253,0.29,0.002,9,5
"20251024",양천구,0.0176,0.0242,0.29,0.0018,14,5
"20251024",영등포구,0.0201,0.0265,0.31,0.0021,12,5
"20251024",용산구,0.0202,0.0232,0.34,0.0021,12,5
"20251024",은평구,0.0116,0.022,0.34,0.0026,9,4
"20251024",종로구,0.019,0.0258,0.32,0.0024,10,5
"20251024",중구,0.0185,0.0285,0.29,0.0023,10,5
"20251024",중랑구,0.0119,0.0244,0.25,0.0023,7,2
"20251024",강남대로,0.0242,0.0167,0.48,0.0021,13,4
"20251024",강변북로,0.0206,0.0215,0.49,0.0031,11,5
"20251024",공항대로,0.024,0.0196,0.36,0.0022,17,5
"20251024",도산대로,0.0188,0.026,0.38,0.0026,14,5
"20251024",동작대로,0.0312,0.0189,0.4,0.0023,16,5
"20251024",시흥대로,0.0356,0.0173,0.46,0.0029,13,5
"20251024",신촌로,0.02,0.0254,0.39,0.0022,15,7
"20251024",영등포로,0.023,0.0257,0.36,0.0022,12,5
"20251024",정릉로,0.0265,0.0183,0.4,0.0024,11,4
"20251024",종로,0.0206,0.0191,0.39,0.0021,8,4
"20251024",천호대로,0.0252,0.0201,0.38,0.0021,9,4
"20251024",청계천로,0.0254,0.0187,0.5,0.0026,14,4
"20251024",한강대로,0.0218,0.0203,0.38,0.0025,14,5
"20251024",홍릉로,0.0221,0.0187,0.37,0.0022,12,5
"20251024",화랑로,0.0302,0.0119,0.43,0.0022,10,5
"20251024",관악산,0.007,0.048,0.33,0.0026,11,3
"20251024",남산,0.0109,0.0303,0.34,0.0023,7,1
"20251024",북한산,0.0035,0.0308,0.24,0.0029,4,3
"20251024",세곡,0.0207,0.0134,0.44,0.003,11,2
"20251024",항동,0.0188,0.0159,0.41,0.0023,11,3
"20251024",행주,0.0095,0.0281,0.42,0.0028,7,3
"20251024",마포아트센터,0.0136,0.0342,0.31,0.0029,10,4
"20251024",서울숲,0.015,0.0252,0.41,0.0033,11,4
"20251024",올림픽공원,0.0106,0.0285,0.45,0.0027,7,3
"20251024",자연사박물관,0.0087,0.0366,0.35,0.0034,9,2
"20251025",강남구,0.0165,0.0257,0.34,0.0023,20,8
"20251025",강동구,0.015,0.0252,0.4,0.0024,25,11
"20251025",강북구,0.0091,0.0275,0.29,0.002,19,9
"20251025",강서구,0.0146,0.0254,0.34,0.0026,24,9
"20251025",관악구,0.019,0.0243,0.38,0.0024,21,10
"20251025",광진구,0.0142,0.0315,0.42,0.0029,20,10
"20251025",구로구,0.0161,0.0247,0.32,0.0023,31,16
"20251025",금천구,0.0199,0.023,0.37,0.0027,22,12
"20251025",노원구,0.0135,0.0266,0.32,0.0021,19,11
"20251025",도봉구,0.0108,0.0287,0.32,0.0028,19,12
"20251025",동대문구,0.0159,0.0242,0.33,0.0022,20,9
"20251025",동작구,0.019,0.0251,0.36,0.0023,21,10
"20251025",마포구,0.0158,0.0275,0.33,0.0024,24,11
"20251025",서대문구,0.0123,0.0264,0.4,0.0033,19,12
"20251025",서초구,0.0172,0.0222,0.24,0.0022,23,12
"20251025",성동구,0.0144,0.0269,0.33,0.0033,18,11
"20251025",성북구,0.0119,0.0254,0.39,0.003,19,10
"20251025",송파구,0.0188,0.0237,0.33,0.0022,20,9
"20251025",양천구,0.015,0.0274,0.32,0.0023,24,10
"20251025",영등포구,0.0174,0.0267,0.35,0.0023,22,12
"20251025",용산구,0.0198,0.0224,0.39,0.0022,24,10
"20251025",은평구,0.011,0.0218,0.39,0.0028,21,11
"20251025",종로구,0.0165,0.0282,0.33,0.0025,21,13
"20251025",중구,0.0173,0.0272,0.34,0.0024,20,11
"20251025",중랑구,0.0126,0.0249,0.3,0.0024,18,9
"20251025",강남대로,0.025,0.0138,0.54,0.0023,23,9
"20251025",강변북로,0.0208,0.0206,0.56,0.0032,24,9
"20251025",공항대로,0.0193,0.0233,0.36,0.0022,27,10
"20251025",도산대로,0.0163,0.0266,0.39,0.0027,24,9
"20251025",동작대로,0.0265,0.0194,0.44,0.0024,24,8
"20251025",시흥대로,0.0254,0.0219,0.46,0.0031,24,12
"20251025",신촌로,0.025,0.0178,0.53,0.0026,30,14
"20251025",영등포로,0.0213,0.0232,0.42,0.0024,23,10
"20251025",정릉로,0.023,0.0218,0.4,0.0025,22,8
"20251025",종로,0.0168,0.0204,0.38,0.0021,19,8
"20251025",천호대로,0.0231,0.0189,0.44,0.0023,18,8
"20251025",청계천로,0.0208,0.0209,0.42,0.0026,24,9
"20251025",한강대로,0.0205,0.0194,0.42,0.0027,22,10
"20251025",홍릉로,0.0208,0.02,0.44,0.0025,22,10
"20251025",화랑로,0.0236,0.0197,0.43,0.0023,18,9
"20251025",관악산,0.0077,0.0471,0.39,0.0028,23,8
"20251025",남산,0.0111,0.0298,0.38,0.0024,17,5
"20251025",북한산,0.0053,0.031,0.3,0.0031,15,10
"20251025",세곡,0.0218,0.0154,0.49,0.0031,19,6
"20251025",항동,0.0123,0.0231,0.4,0.0026,20,9
"20251025",행주,0.0065,0.0327,0.47,0.0028,18,8
"20251025",마포아트센터,0.0141,0.0302,0.38,0.0031,23,10
"20251025",서울숲,0.0151,0.0241,0.48,0.0034,24,11
"20251025",올림픽공원,0.0112,0.0249,0.48,0.0028,17,7
"20251025",자연사박물관,0.0117,0.0289,0.42,0.0036,22,7
"20251026",강남구,0.0172,0.0325,0.51,0.0026,38,21
"20251026",강동구,0.0149,0.0335,0.56,0.0029,46,29
"20251026",강북구,0.0087,0.0377,0.41,0.0021,34,20
"20251026",강서구,0.0193,0.0296,0.51,0.0034,44,23
"20251026",관악구,0.0174,0.0329,0.48,0.0027,36,22
"20251026",광진구,0.0149,0.0395,0.56,0.0033,36,24
"20251026",구로구,0.0158,0.0329,0.42,0.0027,46,30
"20251026",금천구,0.0169,0.0322,0.47,0.0027,36,23
"20251026",노원구,0.0127,0.0375,0.45,0.0023,38,24
"20251026",도봉구,0.0096,0.0388,0.43,0.003,36,24
"20251026",동대문구,0.0137,0.034,0.46,0.0025,37,21
"20251026",동작구,0.0171,0.0345,0.46,0.0025,35,21
"20251026",마포구,0.0173,0.0365,0.48,0.0026,40,23
"20251026",서대문구,0.0127,0.0346,0.53,0.0038,35,26
"20251026",서초구,0.0165,0.0303,0.35,0.0026,43,27
"20251026",성동구,0.0152,0.0345,0.47,0.0027,35,22
"20251026",성북구,0.011,0.0345,0.51,0.0033,36,24
"20251026",송파구,0.0179,0.0305,0.47,0.0024,37,21
"20251026",양천구,0.0134,0.0296,0.37,0.0022,42,23
"20251026",영등포구,0.0174,0.0381,0.49,0.0026,37,26
"20251026",용산구,0.021,0.0282,0.56,0.0025,41,23
"20251026",은평구,0.0102,0.0314,0.48,0.003,36,22
"20251026",종로구,0.0144,0.0383,0.45,0.0026,36,26
"20251026",중구,0.0165,0.0364,0.46,0.0026,38,24
"20251026",중랑구,0.0136,0.032,0.46,0.0027,35,21
"20251026",강남대로,0.0223,0.0209,0.63,0.0022,39,24
"20251026",강변북로,0.0216,0.0264,0.69,0.0034,42,26
"20251026",공항대로,0.02,0.0306,0.5,0.0026,42,22
"20251026",도산대로,0.0184,0.0318,0.53,0.0033,45,27
"20251026",동작대로,0.0264,0.0274,0.54,0.0025,41,20
"20251026",시흥대로,0.0254,0.0302,0.56,0.0033,39,21
"20251026",신촌로,0.0241,0.0271,0.61,0.0027,48,26
"20251026",영등포로,0.0236,0.0302,0.56,0.0028,41,22
"20251026",정릉로,0.021,0.0325,0.51,0.0025,36,20
"20251026",종로,0.0139,0.0308,0.46,0.0021,33,18
"20251026",천호대로,0.0218,0.0282,0.57,0.0024,34,19
"20251026",청계천로,0.0188,0.0299,0.52,0.0025,39,20
"20251026",한강대로,0.0194,0.0286,0.53,0.0029,40,26
"20251026",홍릉로,0.02,0.0293,0.57,0.0027,39,21
"20251026",화랑로,0.0194,0.0343,0.52,0.0023,36,24
"20251026",관악산,0.0083,0.0581,0.5,0.0031,37,22
"20251026",남산,0.0121,0.0363,0.53,0.0028,37,20
"20251026",북한산,0.0057,0.0451,0.4,0.0034,32,23
"20251026",세곡,0.0181,0.0234,0.6,0.0033,36,18
"20251026",항동,0.0139,0.0239,0.56,0.0028,37,25
"20251026",행주,0.0111,0.0338,0.68,0.0032,37,23
"20251026",마포아트센터,0.0135,0.0401,0.54,0.0037,42,27
"20251026",서울숲,0.0141,0.031,0.62,0.0036,40,26
"20251026",올림픽공원,0.0106,0.0325,0.64,0.003,36,23
"20251026",자연사박물관,0.0114,0.0381,0.54,0.0039,38,23
"20251027",강남구,0.0095,0.0296,0.29,0.0024,27,8
"20251027",강동구,0.0074,0.0326,0.33,0.003,34,12
"20251027",강북구,0.0059,0.0317,0.25,0.002,28,10
"20251027",강서구,0.0119,0.0256,0.28,0.0026,31,11
"20251027",관악구,0.011,0.0301,0.28,0.0025,27,11
"20251027",광진구,0.0088,0.037,0.27,0.0031,26,11
"20251027",구로구,0.0106,0.0275,0.26,0.0023,36,14
"20251027",금천구,0.0124,0.027,0.28,0.0027,29,14
"20251027",노원구,0.0094,0.0321,0.26,0.0022,29,13
"20251027",도봉구,0.0067,0.0348,0.19,0.0029,27,13
"20251027",동대문구,0.0085,0.0282,0.26,0.0022,26,9
"20251027",동작구,0.0102,0.0313,0.27,0.0024,28,12
"20251027",마포구,0.0101,0.0332,0.28,0.0022,29,10
"20251027",서대문구,0.0087,0.0313,0.26,0.0034,28,12
"20251027",서초구,0.0096,0.0278,0.22,0.0023,35,11
"20251027",성동구,0.0086,0.0304,0.26,0.0026,24,10
"20251027",성북구,0.0071,0.0299,0.38,0.0033,26,12
"20251027",송파구,0.011,0.0283,0.28,0.0022,27,10
"20251027",양천구,0.0081,0.019,0.19,0.0016,31,12
"20251027",영등포구,0.0112,0.031,0.28,0.0031,28,12
"20251027",용산구,0.0101,0.0273,0.29,0.0024,30,9
"20251027",은평구,0.0081,0.028,0.27,0.0031,31,10
"20251027",종로구,0.0097,0.0326,0.27,0.0026,30,14
"20251027",중구,0.0096,0.0328,0.27,0.0025,29,12
"20251027",중랑구,0.0091,0.0276,0.28,0.0028,25,11
"20251027",강남대로,0.0161,0.0228,0.42,0.0022,37,11
"20251027",강변북로,0.0154,0.0246,0.41,0.0035,29,11
"20251027",공항대로,0.0148,0.0257,0.3,0.0024,34,9
"20251027",도산대로,0.0113,0.0289,0.25,0.0035,32,9
"20251027",동작대로,0.0191,0.026,0.32,0.0024,33,9
"20251027",시흥대로,0.0154,0.0282,0.32,0.003,29,9
"20251027",신촌로,0.0185,0.0222,0.43,0.0027,35,12
"20251027",영등포로,0.0165,0.0261,0.34,0.0026,31,11
"20251027",정릉로,0.0175,0.0263,0.33,0.0025,28,8
"20251027",종로,0.0096,0.0271,0.28,0.0021,26,7
"20251027",천호대로,0.0148,0.0266,0.34,0.0024,26,8
"20251027",청계천로,0.0135,0.0263,0.32,0.0025,29,9
"20251027",한강대로,0.0138,0.0227,0.34,0.0029,30,12
"20251027",홍릉로,0.0147,0.0244,0.35,0.0025,27,9
"20251027",화랑로,0.0184,0.0278,0.38,0.0024,26,11
"20251027",관악산,0.0081,0.0403,0.37,0.0031,34,9
"20251027",남산,0.0072,0.0317,0.34,0.0028,25,6
"20251027",북한산,0.004,0.0347,0.29,0.0034,23,12
"20251027",세곡,0.0153,0.0246,0.41,0.0034,30,6
"20251027",항동,0.0094,0.027,0.28,0.0026,25,9
"20251027",행주,0.0054,0.0334,0.52,0.0033,22,8
"20251027",마포아트센터,0.0082,0.0354,0.45,0.0035,30,10
"20251027",서울숲,0.0089,0.0311,0.34,0.0038,27,11
"20251027",올림픽공원,0.0063,0.0355,0.6,0.0032,26,9
"20251027",자연사박물관,0.0069,0.0346,0.28,0.0039,30,8
"20251028",강남구,0.0213,0.0226,0.35,0.0025,20,6
"20251028",강동구,0.0205,0.0195,0.43,0.003,27,10
"20251028",강북구,0.011,0.0257,0.29,0.0019,18,6
"20251028",강서구,0.0244,0.0205,0.42,0.0029,25,8
"20251028",관악구,0.0227,0.0201,0.38,0.0025,22,9
"20251028",광진구,0.0193,0.0262,0.35,0.0031,20,9
"20251028",구로구,0.0206,0.0225,0.31,0.0025,28,14
"20251028",금천구,0.0224,0.0196,0.33,0.0026,19,8
"20251028",노원구,0.0219,0.0201,0.37,0.0026,20,9
"20251028",도봉구,0.0156,0.0257,0.26,0.0029,18,11
"20251028",동대문구,0.0203,0.0206,0.36,0.0024,21,7
"20251028",동작구,0.0249,0.0197,0.36,0.0025,21,9
"20251028",마포구,0.0221,0.0219,0.36,0.0025,25,9
"20251028",서대문구,0.0159,0.0235,0.45,0.0048,18,11
"20251028",서초구,0.0218,0.0206,0.26,0.0023,26,10
"20251028",성동구,0.018,0.0233,0.33,0.0027,19,9
"20251028",성북구,0.0204,0.0182,0.54,0.0034,22,10
"20251028",송파구,0.0241,0.019,0.34,0.0023,21,8
"20251028",양천구,0.0129,0.0161,0.24,0.0016,26,8
"20251028",영등포구,0.0226,0.0252,0.35,0.003,22,10
"20251028",용산구,0.024,0.0207,0.39,0.0027,24,9
"20251028",은평구,0.0141,0.0215,0.36,0.0029,19,7
"20251028",종로구,0.0217,0.0234,0.38,0.0028,22,11
"20251028",중구,0.0231,0.0208,0.36,0.0025,23,10
"20251028",중랑구,0.0174,0.0209,0.32,0.0028,18,7
"20251028",강남대로,0.0267,0.0125,0.51,0.0028,27,9
"20251028",강변북로,0.0241,0.0188,0.47,0.0037,23,9
"20251028",공항대로,0.0262,0.0172,0.43,0.0025,29,8
"20251028",도산대로,0.0232,0.0207,0.35,0.003,29,10
"20251028",동작대로,0.0328,0.0145,0.45,0.0026,26,7
"20251028",시흥대로,0.0366,0.0166,0.53,0.0033,25,8
"20251028",신촌로,0.0296,0.0158,0.56,0.0029,31,11
"20251028",영등포로,0.0263,0.0218,0.4,0.0028,24,8
"20251028",정릉로,0.0323,0.0138,0.45,0.0026,23,7
"20251028",종로,0.02,0.0179,0.38,0.0021,19,5
"20251028",천호대로,0.0287,0.0144,0.46,0.0024,24,7
"20251028",청계천로,0.0279,0.0154,0.5,0.0025,24,8
"20251028",한강대로,0.0265,0.0182,0.42,0.003,29,11
"20251028",홍릉로,0.028,0.0147,0.46,0.0026,23,9
"20251028",화랑로,0.0301,0.015,0.42,0.0024,21,10
"20251028",관악산,0.0089,0.044,0.4,0.0034,25,7
"20251028",남산,0.0141,0.0277,0.43,0.0031,20,4
"20251028",북한산,0.0046,0.0347,0.33,0.0034,15,9
"20251028",세곡,0.0261,0.0126,0.53,0.0036,22,6
"20251028",항동,0.0206,0.0171,0.39,0.0026,19,7
"20251028",행주,0.0172,0.0231,0.49,0.0032,17,6
"20251028",마포아트센터,0.0168,0.0307,0.56,0.0038,25,9
"20251028",서울숲,0.0206,0.0212,0.41,0.0041,22,10
"20251028",올림픽공원,0.0156,0.0221,0.71,0.0032,18,7
"20251028",자연사박물관,0.0153,0.0286,0.36,0.004,23,6
"20251029",강남구,0.0326,0.0146,0.45,0.0025,27,12
"20251029",강동구,0.0259,0.0177,0.53,0.0029,34,17
"20251029",강북구,0.0169,0.0236,0.37,0.0021,23,11
"20251029",강서구,0.0383,0.0156,0.57,0.0034,30,13
"20251029",관악구,0.0287,0.0207,0.45,0.0027,25,14
"20251029",광진구,0.0268,0.0229,0.47,0.0031,24,14
"20251029",구로구,0.032,0.017,0.43,0.0024,35,21
"20251029",금천구,0.0312,0.0171,0.43,0.0029,23,13
"20251029",노원구,0.0306,0.0176,0.48,0.0027,26,15
"20251029",도봉구,0.0245,0.0221,0.33,0.0031,24,15
"20251029",동대문구,0.0329,0.0135,0.46,0.0026,27,13
"20251029",동작구,0.0321,0.0187,0.43,0.0027,24,13
"20251029",마포구,0.0341,0.0177,0.49,0.0033,28,15
"20251029",서대문구,0.0253,0.023,0.5,0.0042,24,16
"20251029",서초구,0.0335,0.0113,0.38,0.0023,31,19
"20251029",성동구,0.028,0.0161,0.43,0.0028,23,14
"20251029",성북구,0.0284,0.0157,0.61,0.0036,29,18
"20251029",송파구,0.0313,0.0152,0.41,0.0025,25,12
"20251029",양천구,0.0251,0.0139,0.37,0.0021,31,14
"20251029",영등포구,0.037,0.0205,0.52,0.0031,28,16
"20251029",용산구,0.0404,0.0124,0.57,0.0028,30,15
"20251029",은평구,0.0179,0.0249,0.49,0.0032,26,12
"20251029",종로구,0.0338,0.0181,0.49,0.0033,29,18
"20251029",중구,0.034,0.0154,0.46,0.0028,28,16
"20251029",중랑구,0.0228,0.0183,0.37,0.0026,23,12
"20251029",강남대로,0.031,0.0103,0.61,0.0032,29,14
"20251029",강변북로,0.0338,0.0118,0.6,0.0036,29,15
"20251029",공항대로,0.0378,0.0145,0.53,0.0028,32,13
"20251029",도산대로,0.0304,0.0153,0.52,0.003,35,17
"20251029",동작대로,0.0371,0.0114,0.54,0.0028,31,13
"20251029",시흥대로,0.0478,0.0088,0.67,0.0035,30,14
"20251029",신촌로,0.0389,0.0135,0.62,0.003,34,18
"20251029",영등포로,0.0391,0.0144,0.56,0.0032,30,14
"20251029",정릉로,0.0385,0.0129,0.54,0.0033,28,13
"20251029",종로,0.0338,0.0113,0.55,0.0025,26,11
"20251029",천호대로,0.0353,0.0118,0.54,0.0025,25,12
"20251029",청계천로,0.0406,0.0107,0.74,0.0033,33,14
"20251029",한강대로,0.0378,0.0129,0.54,0.0032,37,17
"20251029",홍릉로,0.036,0.0126,0.54,0.0028,29,14
"20251029",화랑로,0.0355,0.0127,0.49,0.0026,26,15
"20251029",관악산,0.0096,0.0557,0.47,0.0039,30,13
"20251029",남산,0.027,0.0213,0.56,0.0032,28,11
"20251029",북한산,0.0123,0.0324,0.43,0.0035,21,14
"20251029",세곡,0.0255,0.0142,0.61,0.0037,24,10
"20251029",항동,0.0292,0.0147,0.56,0.0032,26,14
"20251029",행주,0.0273,0.0204,0.56,0.0034,23,10
"20251029",마포아트센터,0.0298,0.0221,0.67,0.0039,32,17
"20251029",서울숲,0.029,0.0135,0.55,0.0038,28,17
"20251029",올림픽공원,0.0214,0.0173,0.77,0.0033,24,13
"20251029",자연사박물관,0.0238,0.0274,0.5,0.004,28,13
"20251030",강남구,0.0364,0.0141,0.49,0.0027,33,18
"20251030",강동구,0.0321,0.0131,0.64,0.0028,40,25
"20251030",강북구,0.0197,0.023,0.41,0.0021,29,17
"20251030",강서구,0.0415,0.0162,0.58,0.0036,39,21
"20251030",관악구,0.0362,0.0164,0.51,0.0029,34,23
"20251030",광진구,0.0325,0.0194,0.57,0.003,30,19
"20251030",구로구,0.0364,0.0152,0.47,0.0026,47,32
"20251030",금천구,0.0341,0.0171,0.5,0.0031,32,22
"20251030",노원구,0.0353,0.0155,0.55,0.0026,32,20
"20251030",도봉구,0.0317,0.0189,0.5,0.003,35,26
"20251030",동대문구,0.0362,0.0137,0.5,0.0028,32,18
"20251030",동작구,0.0387,0.0151,0.49,0.0029,33,20
"20251030",마포구,0.0375,0.0186,0.52,0.0031,33,21
"20251030",서대문구,0.0311,0.0211,0.57,0.0041,33,27
"20251030",서초구,0.0387,0.0095,0.43,0.0023,45,30
"20251030",성동구,0.0355,0.0125,0.5,0.0031,32,21
"20251030",성북구,0.0341,0.0127,0.66,0.0035,38,25
"20251030",송파구,0.0367,0.0124,0.5,0.0027,31,18
"20251030",양천구,0.0244,0.0116,0.35,0.0021,39,21
"20251030",영등포구,0.0422,0.0166,0.55,0.0031,34,24
"20251030",용산구,0.0432,0.0131,0.57,0.0029,34,20
"20251030",은평구,0.022,0.0233,0.56,0.003,37,23
"20251030",종로구,0.0385,0.0164,0.54,0.0035,35,24
"20251030",중구,0.037,0.0185,0.5,0.0029,36,23
"20251030",중랑구,0.0286,0.0163,0.44,0.0028,28,17
"20251030",강남대로,0.0343,0.009,0.7,0.0031,39,24
"20251030",강변북로,0.0396,0.0092,0.7,0.0033,38,23
"20251030",공항대로,0.041,0.0142,0.56,0.0029,39,18
"20251030",도산대로,0.0342,0.0147,0.58,0.0025,46,26
"20251030",동작대로,0.0424,0.008,0.62,0.003,40,20
"20251030",시흥대로,0.0522,0.0097,0.69,0.0037,39,21
"20251030",신촌로,0.0425,0.0125,0.65,0.0032,41,23
"20251030",영등포로,0.0444,0.0121,0.61,0.0032,38,21
"20251030",정릉로,0.0439,0.0092,0.63,0.0031,36,18
"20251030",종로,0.0351,0.0123,0.57,0.0027,31,17
"20251030",천호대로,0.0392,0.0084,0.63,0.0027,28,17
"20251030",청계천로,0.0431,0.0106,0.72,0.0034,37,19
"20251030",한강대로,0.041,0.0128,0.61,0.0031,44,26
"20251030",홍릉로,0.0412,0.0094,0.59,0.003,35,20
"20251030",화랑로,0.0387,0.0113,0.58,0.0026,32,19
"20251030",관악산,0.0141,0.0577,0.49,0.0037,40,22
"20251030",남산,0.0231,0.029,0.58,0.0031,36,21
"20251030",북한산,0.0133,0.0348,0.43,0.0032,29,23
"20251030",세곡,0.03,0.0106,0.65,0.0031,36,18
"20251030",항동,0.0327,0.0132,0.66,0.0024,36,24
"20251030",행주,0.0315,0.0179,0.61,0.0031,29,16
"20251030",마포아트센터,0.0324,0.0232,0.66,0.0038,41,27
"20251030",서울숲,0.0321,0.0139,0.64,0.0033,37,26
"20251030",올림픽공원,0.0238,0.0133,0.82,0.0032,32,21
"20251030",자연사박물관,0.0302,0.0244,0.55,0.0038,38,24
"20251031",강남구,0.0265,0.0227,0.45,0.0025,36,19
"20251031",강동구,0.0215,0.0244,0.55,0.0026,41,25
"20251031",강북구,0.0147,0.0297,0.38,0.0021,31,18
"20251031",강서구,0.0344,0.021,0.61,0.0033,39,22
"20251031",관악구,0.0267,0.0264,0.47,0.0026,32,21
"20251031",광진구,0.024,0.0284,0.56,0.0029,33,22
"20251031",구로구,0.0283,0.0231,0.43,0.0022,47,33
"20251031",금천구,0.0275,0.0244,0.44,0.003,33,23
"20251031",노원구,0.025,0.0245,0.44,0.0025,35,22
"20251031",도봉구,0.0229,0.0274,0.47,0.0029,39,28
"20251031",동대문구,0.0247,0.0234,0.44,0.0027,35,21
"20251031",동작구,0.0292,0.0251,0.47,0.0027,34,21
"20251031",마포구,0.0308,0.0236,0.49,0.0027,34,23
"20251031",서대문구,0.0245,0.0282,0.54,0.0033,34,28
"20251031",서초구,0.0282,0.0214,0.39,0.002,45,30
"20251031",성동구,0.0238,0.0235,0.43,0.0031,33,23
"20251031",성북구,0.0247,0.022,0.57,0.0032,41,26
"20251031",송파구,0.0272,0.0216,0.47,0.0034,33,20
"20251031",양천구,0.0182,0.0143,0.31,0.0016,41,22
"20251031",영등포구,0.0328,0.0229,0.53,0.0032,36,26
"20251031",용산구,0.0299,0.0208,0.53,0.0026,34,20
"20251031",은평구,0.0184,0.0259,0.57,0.0027,36,22
"20251031",종로구,0.0274,0.024,0.48,0.0034,37,26
"20251031",중구,0.0275,0.0291,0.45,0.0027,37,26
"20251031",중랑구,0.0205,0.0242,0.4,0.0028,32,19
"20251031",강남대로,0.0329,0.0141,0.75,0.0029,47,27
"20251031",강변북로,0.0317,0.0153,0.69,0.003,42,26
"20251031",공항대로,0.0339,0.0183,0.53,0.0028,38,20
"20251031",도산대로,0.0269,0.0222,0.56,0.0022,47,28
"20251031",동작대로,0.036,0.0178,0.55,0.0028,42,19
"20251031",시흥대로,0.0427,0.0175,0.64,0.0034,39,22
"20251031",신촌로,0.0368,0.0183,0.61,0.003,44,25
"20251031",영등포로,0.0367,0.0202,0.56,0.0031,40,23
"20251031",정릉로,0.0337,0.0185,0.54,0.003,37,19
"20251031",종로,0.0272,0.02,0.53,0.0026,34,20
"20251031",천호대로,0.0299,0.0167,0.57,0.0031,31,18
"20251031",청계천로,0.0319,0.0197,0.61,0.003,41,21
"20251031",한강대로,0.0331,0.0192,0.52,0.0029,50,30
"20251031",홍릉로,0.0292,0.0196,0.5,0.0031,35,24
"20251031",화랑로,0.0311,0.0179,0.52,0.0026,36,22
"20251031",관악산,0.0114,0.0625,0.43,0.0027,31,14
"20251031",남산,0.0214,0.0284,0.6,0.0028,42,25
"20251031",북한산,0.0089,0.0401,0.36,0.003,23,18
"20251031",세곡,0.0297,0.015,0.61,0.0025,40,20
"20251031",항동,0.026,0.0216,0.64,0.0022,38,26
"20251031",행주,0.022,0.0251,0.5,0.0028,29,18
"20251031",마포아트센터,0.0264,0.0296,0.58,0.0033,43,29
"20251031",서울숲,0.0217,0.0253,0.64,0.003,41,27
"20251031",올림픽공원,0.0163,0.0245,0.71,0.0029,32,22
"20251031",자연사박물관,0.0229,0.0299,0.55,0.0035,37,26
"20251101",강남구,0.0129,0.0356,0.37,0.0024,22,11
"20251101",강동구,0.0113,0.0386,0.43,0.0027,28,16
"20251101",강북구,0.0061,0.038,0.32,0.0019,19,11
"20251101",강서구,0.0137,0.0317,0.38,0.003,24,12
"20251101",관악구,0.0144,0.0344,0.38,0.0026,23,16
"20251101",광진구,0.013,0.0419,0.51,0.003,21,14
"20251101",구로구,0.0126,0.0339,0.32,0.0024,28,19
"20251101",금천구,0.0128,0.035,0.36,0.0028,20,13
"20251101",노원구,0.0125,0.0365,0.37,0.0021,21,15
"20251101",도봉구,0.0083,0.0427,0.34,0.0029,19,14
"20251101",동대문구,0.0122,0.034,0.35,0.0024,21,12
"20251101",동작구,0.0127,0.0364,0.35,0.0024,21,13
"20251101",마포구,0.0155,0.0344,0.36,0.0026,22,14
"20251101",서대문구,0.0123,0.0359,0.42,0.003,20,15
"20251101",서초구,0.0127,0.0335,0.28,0.0022,26,15
"20251101",성동구,0.0133,0.0337,0.35,0.0026,20,14
"20251101",성북구,0.0125,0.033,0.45,0.0033,21,13
"20251101",송파구,0.0136,0.0346,0.34,0.0031,21,13
"20251101",양천구,0.0099,0.0253,0.27,0.0022,24,12
"20251101",영등포구,0.0128,0.036,0.38,0.0036,21,14
"20251101",용산구,0.0151,0.0295,0.42,0.0025,24,11
"20251101",은평구,0.01,0.033,0.51,0.0028,23,13
"20251101",종로구,0.0162,0.0343,0.4,0.0028,21,16
"20251101",중구,0.015,0.0403,0.35,0.0025,21,14
"20251101",중랑구,0.0112,0.0321,0.34,0.0025,19,12
"20251101",강남대로,0.0196,0.0257,0.57,0.0019,27,13
"20251101",강변북로,0.0236,0.0235,0.61,0.003,27,14
"20251101",공항대로,0.0185,0.0305,0.38,0.0026,27,12
"20251101",도산대로,0.0138,0.0352,0.41,0.0023,27,13
"20251101",동작대로,0.0232,0.0298,0.43,0.0024,27,12
"20251101",시흥대로,0.0196,0.0327,0.4,0.0028,23,13
"20251101",신촌로,0.0251,0.0243,0.52,0.0028,33,15
"20251101",영등포로,0.0222,0.0298,0.47,0.0028,26,13
"20251101",정릉로,0.0205,0.0305,0.42,0.0025,22,10
"20251101",종로,0.0144,0.0303,0.38,0.0021,19,10
"20251101",천호대로,0.0161,0.0333,0.43,0.0026,21,11
"20251101",청계천로,0.0182,0.0303,0.41,0.0025,23,11
"20251101",한강대로,0.0176,0.0308,0.42,0.003,26,16
"20251101",홍릉로,0.0186,0.0293,0.47,0.0025,24,14
"20251101",화랑로,0.0196,0.0339,0.42,0.0023,19,13
"20251101",관악산,0.0075,0.0539,0.47,0.0028,24,9
"20251101",남산,0.0087,0.0383,0.48,0.0027,18,9
"20251101",북한산,0.0042,0.0437,0.37,0.0031,17,13
"20251101",세곡,0.0164,0.027,0.48,0.0023,21,9
"20251101",항동,0.0134,0.0281,0.48,0.0022,21,11
"20251101",행주,0.0098,0.0348,0.46,0.0029,17,10
"20251101",마포아트센터,0.0117,0.0416,0.46,0.0033,23,14
"20251101",서울숲,0.0125,0.0327,0.61,0.003,24,15
"20251101",올림픽공원,0.0072,0.0384,0.56,0.0027,18,12
"20251101",자연사박물관,0.0102,0.0409,0.44,0.0035,22,11
"20251102",강남구,0.0088,0.029,0.3,0.0021,27,7
"20251102",강동구,0.0075,0.0302,0.37,0.0025,36,9
"20251102",강북구,0.004,0.0322,0.24,0.0017,30,7
"20251102",강서구,0.01,0.0269,0.29,0.0024,30,8
"20251102",관악구,0.0105,0.0284,0.31,0.0022,27,10
"20251102",광진구,0.0072,0.0356,0.41,0.0027,26,9
"20251102",구로구,0.0088,0.0284,0.26,0.002,34,14
"20251102",금천구,0.0103,0.0276,0.28,0.0024,28,10
"20251102",노원구,0.0082,0.0305,0.28,0.0019,30,10
"20251102",도봉구,0.0043,0.0355,0.24,0.0027,30,10
"20251102",동대문구,0.0073,0.0286,0.27,0.0018,26,7
"20251102",동작구,0.0097,0.0295,0.28,0.002,28,10
"20251102",마포구,0.0094,0.0306,0.27,0.0022,28,9
"20251102",서대문구,0.0074,0.0306,0.32,0.0028,28,11
"20251102",서초구,0.0081,0.0276,0.23,0.0019,35,10
"20251102",성동구,0.008,0.0292,0.27,0.002,24,9
"20251102",성북구,0.007,0.0291,0.37,0.0032,31,8
"20251102",송파구,0.0096,0.0275,0.29,0.0023,26,8
"20251102",양천구,0.0108,0.0296,0.3,0.0022,29,8
"20251102",영등포구,0.0094,0.0297,0.29,0.0023,26,9
"20251102",용산구,0.0092,0.0247,0.31,0.0021,28,7
"20251102",은평구,0.0066,0.0278,0.4,0.0027,30,8
"20251102",종로구,0.0083,0.0308,0.29,0.0022,28,10
"20251102",중구,0.0079,0.0336,0.27,0.0022,27,9
"20251102",중랑구,0.0083,0.0267,0.28,0.0024,25,7
"20251102",강남대로,0.0131,0.0214,0.47,0.0021,38,9
"20251102",강변북로,0.0115,0.0251,0.46,0.0028,30,8
"20251102",공항대로,0.0113,0.027,0.3,0.0021,32,7
"20251102",도산대로,0.0096,0.0286,0.34,0.0024,33,7
"20251102",동작대로,0.0155,0.026,0.34,0.0021,31,7
"20251102",시흥대로,0.0115,0.0298,0.31,0.0024,28,8
"20251102",신촌로,0.0158,0.0227,0.42,0.0024,33,10
"20251102",영등포로,0.0135,0.0278,0.36,0.0024,28,7
"20251102",정릉로,0.0135,0.0286,0.31,0.0023,30,7
"20251102",종로,0.0067,0.0275,0.27,0.0018,25,6
"20251102",천호대로,0.0137,0.0249,0.35,0.0022,26,6
"20251102",청계천로,0.009,0.0278,0.29,0.0025,28,7
"20251102",한강대로,0.0114,0.0259,0.32,0.0027,30,8
"20251102",홍릉로,0.0116,0.0268,0.33,0.0025,27,7
"20251102",화랑로,0.014,0.0271,0.33,0.0021,26,7
"20251102",관악산,0.0054,0.0439,0.42,0.0026,37,8
"20251102",남산,0.0048,0.0331,0.43,0.0026,25,4
"20251102",북한산,0.0026,0.0349,0.34,0.0029,28,10
"20251102",세곡,0.0101,0.024,0.41,0.0021,29,5
"20251102",항동,0.0067,0.0264,0.35,0.0019,24,7
"20251102",행주,0.005,0.0319,0.46,0.0027,22,5
"20251102",마포아트센터,0.0071,0.0357,0.49,0.003,30,9
"20251102",서울숲,0.0071,0.0296,0.47,0.0028,29,11
"20251102",올림픽공원,0.0047,0.0315,0.58,0.0026,26,6
"20251102",자연사박물관,0.0053,0.036,0.33,0.0033,29,7
"20251103",강남구,0.0244,0.0135,0.39,0.0022,20,9
"20251103",강동구,0.0196,0.0158,0.47,0.0028,26,13
"20251103",강북구,0.0145,0.0171,0.32,0.0018,18,9
"20251103",강서구,0.026,0.0134,0.39,0.0026,23,10
"20251103",관악구,0.0248,0.016,0.4,0.0023,22,13
"20251103",광진구,0.0197,0.0196,0.53,0.0026,18,11
"20251103",구로구,0.0247,0.013,0.36,0.0022,30,17
"20251103",금천구,0.0268,0.0135,0.38,0.0026,23,13
"20251103",노원구,0.021,0.0148,0.39,0.0022,19,12
"20251103",도봉구,0.0177,0.0199,0.34,0.0027,17,12
"20251103",동대문구,0.0216,0.0151,0.37,0.002,20,10
"20251103",동작구,0.0267,0.0148,0.39,0.0022,22,12
"20251103",마포구,0.0263,0.0138,0.41,0.0023,23,12
"20251103",서대문구,0.0198,0.0169,0.51,0.0041,18,13
"20251103",서초구,0.0246,0.0122,0.31,0.0021,27,15
"20251103",성동구,0.022,0.0132,0.36,0.003,18,12
"20251103",성북구,0.0204,0.0147,0.6,0.0035,20,12
"20251103",송파구,0.0243,0.0133,0.38,0.0023,20,11
"20251103",양천구,0.0267,0.0151,0.4,0.0023,25,11
"20251103",영등포구,0.028,0.0134,0.4,0.0024,22,12
"20251103",용산구,0.0249,0.0128,0.42,0.0038,21,10
"20251103",은평구,0.0168,0.0162,0.46,0.0029,19,10
"20251103",종로구,0.0253,0.0172,0.42,0.0024,19,14
"20251103",중구,0.0236,0.015,0.36,0.0023,21,12
"20251103",중랑구,0.0178,0.016,0.31,0.0025,17,9
"20251103",강남대로,0.0248,0.011,0.6,0.0029,26,11
"20251103",강변북로,0.025,0.0125,0.54,0.0031,22,12
"20251103",공항대로,0.0267,0.0114,0.4,0.0023,28,10
"20251103",도산대로,0.0228,0.015,0.45,0.0028,27,11
"20251103",동작대로,0.0289,0.011,0.48,0.0025,27,11
"20251103",시흥대로,0.0418,0.0099,0.57,0.003,26,12
"20251103",신촌로,0.0291,0.0115,0.54,0.0029,28,14
"20251103",영등포로,0.0297,0.0129,0.44,0.0026,23,10
"20251103",정릉로,0.029,0.0137,0.44,0.0026,21,8
"20251103",종로,0.0218,0.014,0.39,0.002,18,7
"20251103",천호대로,0.0257,0.012,0.49,0.0024,19,8
"20251103",청계천로,0.0269,0.0126,0.53,0.0025,22,10
"20251103",한강대로,0.0264,0.012,0.47,0.0029,25,12
"20251103",홍릉로,0.0242,0.0127,0.43,0.0027,20,9
"20251103",화랑로,0.0274,0.0131,0.43,0.0023,19,10
"20251103",관악산,0.0117,0.0333,0.44,0.0027,22,9
"20251103",남산,0.0191,0.0177,0.54,0.0029,18,7
"20251103",북한산,0.0089,0.025,0.39,0.003,15,10
"20251103",세곡,0.0234,0.0105,0.58,0.0025,21,8
"20251103",항동,0.0245,0.0125,0.43,0.0021,19,10
"20251103",행주,0.0182,0.0191,0.65,0.0031,17,8
"20251103",마포아트센터,0.0217,0.02,0.71,0.0034,22,12
"20251103",서울숲,0.0209,0.0167,0.54,0.0031,21,13
"20251103",올림픽공원,0.0126,0.0183,0.72,0.0028,16,9
"20251103",자연사박물관,0.019,0.0202,0.44,0.0036,20,9
"20251104",강남구,0.0341,0.0133,0.48,0.0026,30,15
"20251104",강동구,0.0322,0.0129,0.6,0.0031,37,21
"20251104",강북구,0.0196,0.0211,0.39,0.0021,22,13
"20251104",강서구,0.0311,0.0156,0.47,0.0031,33,17
"20251104",관악구,0.0361,0.0161,0.54,0.0028,31,20
"20251104",광진구,0.0306,0.017,0.6,0.0029,25,16
"20251104",구로구,0.0324,0.0134,0.47,0.0024,38,23
"20251104",금천구,0.0346,0.0149,0.47,0.0031,28,19
"20251104",노원구,0.029,0.015,0.5,0.0027,25,17
"20251104",도봉구,0.0252,0.0211,0.43,0.003,24,17
"20251104",동대문구,0.0334,0.0133,0.5,0.0026,27,15
"20251104",동작구,0.0388,0.0126,0.54,0.0028,31,18
"20251104",마포구,0.0359,0.0148,0.54,0.0029,30,19
"20251104",서대문구,0.0298,0.0184,0.65,0.0048,25,19
"20251104",서초구,0.0344,0.0124,0.43,0.0022,38,22
"20251104",성동구,0.0336,0.0109,0.5,0.0044,27,18
"20251104",성북구,0.0312,0.0132,0.66,0.0038,28,17
"20251104",송파구,0.0367,0.0121,0.53,0.0029,31,18
"20251104",양천구,0.0355,0.0142,0.55,0.0028,34,16
"20251104",영등포구,0.0378,0.0142,0.54,0.003,29,18
"20251104",용산구,0.0367,0.0123,0.58,0.0039,30,16
"20251104",은평구,0.024,0.0176,0.63,0.0031,27,16
"20251104",종로구,0.039,0.0155,0.57,0.0031,27,19
"20251104",중구,0.034,0.0165,0.5,0.0027,29,18
"20251104",중랑구,0.0268,0.0152,0.42,0.0035,23,14
"20251104",강남대로,0.0367,0.0085,0.78,0.0033,40,21
"20251104",강변북로,0.0367,0.0098,0.72,0.0033,32,19
"20251104",공항대로,0.0325,0.0129,0.47,0.0028,34,16
"20251104",도산대로,0.0332,0.013,0.58,0.0029,36,19
"20251104",동작대로,0.0402,0.0093,0.63,0.0044,33,15
"20251104",시흥대로,0.0474,0.0108,0.7,0.0035,32,17
"20251104",신촌로,0.04,0.0104,0.68,0.0034,37,19
"20251104",영등포로,0.04,0.0128,0.6,0.003,32,16
"20251104",정릉로,0.0411,0.011,0.6,0.0031,28,13
"20251104",종로,0.0309,0.0135,0.54,0.0025,25,13
"20251104",천호대로,0.0378,0.009,0.62,0.0029,27,15
"20251104",청계천로,0.0378,0.0119,0.65,0.003,31,15
"20251104",한강대로,0.0375,0.0104,0.61,0.0033,36,19
"20251104",홍릉로,0.0369,0.0095,0.58,0.0029,28,16
"20251104",화랑로,0.0355,0.0083,0.52,0.0025,25,16
"20251104",관악산,0.0155,0.0475,0.55,0.004,33,17
"20251104",남산,0.0267,0.0197,0.55,0.0031,26,13
"20251104",북한산,0.0141,0.0284,0.45,0.0031,21,15
"20251104",세곡,0.0371,0.0079,0.78,0.003,35,17
"20251104",항동,0.0319,0.0134,0.61,0.0025,28,18
"20251104",행주,0.0244,0.0183,0.68,0.0032,24,13
"20251104",마포아트센터,0.0308,0.0206,0.79,0.0037,32,19
"20251104",서울숲,0.0314,0.0146,0.71,0.0034,32,21
"20251104",올림픽공원,0.0207,0.0143,0.79,0.0029,28,18
"20251104",자연사박물관,0.029,0.0211,0.58,0.0039,28,16
"20251105",강남구,0.0375,0.0139,0.54,0.0026,39,22
"20251105",강동구,0.0336,0.0146,0.68,0.0028,45,27
"20251105",강북구,0.0153,0.0267,0.36,0.002,29,17
"20251105",강서구,0.0294,0.0179,0.48,0.0033,36,18
"20251105",관악구,0.0382,0.0136,0.59,0.0026,37,24
"20251105",광진구,0.031,0.0204,0.61,0.0026,34,22
"20251105",구로구,0.0346,0.0139,0.49,0.0021,46,25
"20251105",금천구,0.0372,0.0128,0.53,0.0029,32,22
"20251105",노원구,0.0296,0.0171,0.52,0.0025,32,20
"20251105",도봉구,0.027,0.0205,0.48,0.0029,31,21
"20251105",동대문구,0.0378,0.0111,0.57,0.0026,36,20
"20251105",동작구,0.0387,0.0153,0.55,0.0025,34,21
"20251105",마포구,0.0358,0.0156,0.53,0.0027,33,21
"20251105",서대문구,0.0263,0.0218,0.61,0.0044,28,20
"20251105",서초구,0.0406,0.009,0.55,0.0021,53,31
"20251105",성동구,0.0351,0.0111,0.53,0.0036,35,23
"20251105",성북구,0.0328,0.0119,0.67,0.0036,34,21
"20251105",송파구,0.0372,0.0125,0.55,0.0027,37,21
"20251105",양천구,0.0355,0.0182,0.54,0.0024,37,18
"20251105",영등포구,0.0386,0.0147,0.55,0.0031,34,21
"20251105",용산구,0.0397,0.0124,0.59,0.0032,39,22
"20251105",은평구,0.0191,0.023,0.58,0.0028,32,16
"20251105",종로구,0.0409,0.0159,0.59,0.0034,34,24
"20251105",중구,0.035,0.0161,0.51,0.0026,35,22
"20251105",중랑구,0.0217,0.0221,0.4,0.0029,31,21
"20251105",강남대로,0.0362,0.009,0.8,0.0031,45,25
"20251105",강변북로,0.041,0.0088,0.77,0.0031,41,25
"20251105",공항대로,0.0319,0.0142,0.5,0.0026,40,18
"20251105",도산대로,0.0365,0.0135,0.68,0.0024,49,26
"20251105",동작대로,0.0453,0.0086,0.75,0.0053,44,22
"20251105",시흥대로,0.0541,0.007,0.8,0.0033,41,23
"20251105",신촌로,0.0426,0.0098,0.72,0.0032,43,23
"20251105",영등포로,0.0412,0.0137,0.65,0.003,37,20
"20251105",정릉로,0.0414,0.0128,0.64,0.0029,34,17
"20251105",종로,0.0319,0.0129,0.54,0.0024,30,16
"20251105",천호대로,0.0407,0.0096,0.69,0.0028,35,19
"20251105",청계천로,0.0396,0.0108,0.72,0.003,38,19
"20251105",한강대로,0.0373,0.014,0.6,0.0031,45,26
"20251105",홍릉로,0.0391,0.0108,0.7,0.0029,36,21
"20251105",화랑로,0.0385,0.0111,0.56,0.0025,32,21
"20251105",관악산,0.0124,0.0587,0.55,0.0026,48,22
"20251105",남산,0.0161,0.0323,0.42,0.003,31,17
"20251105",북한산,0.0068,0.0378,0.45,0.0029,27,19
"20251105",세곡,0.0336,0.0104,0.77,0.0027,39,18
"20251105",항동,0.0305,0.0158,0.59,0.0022,32,17
"20251105",행주,0.0225,0.0198,0.65,0.0031,29,15
"20251105",마포아트센터,0.0336,0.0188,0.79,0.0034,39,24
"20251105",서울숲,0.0345,0.0134,0.77,0.0032,41,27
"20251105",올림픽공원,0.0211,0.0167,0.81,0.0026,36,23
"20251105",자연사박물관,0.026,0.0247,0.57,0.0036,32,19
"20251106",강남구,0.0383,0.0141,0.63,0.0028,54,31
"20251106",강동구,0.0387,0.0109,0.78,0.0029,60,39
"20251106",강북구,0.019,0.0244,0.47,0.0023,46,28
"20251106",강서구,0.0344,0.0158,0.58,0.0041,57,32
"20251106",관악구,0.0366,0.0182,0.66,0.0029,54,35
"20251106",광진구,0.0364,0.0154,0.73,0.0028,47,32
"20251106",구로구,0.0353,0.0151,0.6,0.0024,65,39
"20251106",금천구,0.0372,0.0166,0.63,0.0034,53,35
"20251106",노원구,0.0343,0.0145,0.65,0.0029,51,33
"20251106",도봉구,0.0288,0.0214,0.61,0.0032,51,34
"20251106",동대문구,0.0369,0.0143,0.64,0.0031,54,31
"20251106",동작구,0.0378,0.0179,0.65,0.0029,49,30
"20251106",마포구,0.0379,0.0153,0.64,0.0029,50,31
"20251106",서대문구,0.0295,0.017,0.72,0.0041,45,31
"20251106",서초구,0.0378,0.0126,0.55,0.0022,65,40
"20251106",성동구,0.0349,0.0102,0.62,0.0035,51,32
"20251106",성북구,0.0348,0.0124,0.76,0.0037,53,34
"20251106",송파구,0.0392,0.0127,0.64,0.003,50,30
"20251106",양천구,0.0385,0.0176,0.65,0.0029,59,31
"20251106",영등포구,0.042,0.0125,0.68,0.0031,51,34
"20251106",용산구,0.0401,0.0132,0.7,0.0033,55,29
"20251106",은평구,0.0227,0.016,0.7,0.003,49,29
"20251106",종로구,0.0417,0.0164,0.7,0.0041,53,35
"20251106",중구,0.036,0.0178,0.63,0.0027,57,36
"20251106",중랑구,0.0309,0.0136,0.53,0.0029,46,31
"20251106",강남대로,0.0379,0.0084,0.94,0.003,60,35
"20251106",강변북로,0.0407,0.009,0.9,0.0032,58,33
"20251106",공항대로,0.0363,0.0136,0.61,0.0029,62,30
"20251106",도산대로,0.0357,0.015,0.74,0.0025,66,37
"20251106",동작대로,0.0461,0.0103,0.82,0.0056,63,32
"20251106",시흥대로,0.0518,0.0113,0.88,0.0039,64,39
"20251106",신촌로,0.0455,0.0091,0.93,0.0034,67,37
"20251106",영등포로,0.0429,0.0138,0.74,0.0031,57,30
"20251106",정릉로,0.0451,0.0089,0.75,0.003,50,29
"20251106",종로,0.0321,0.0144,0.62,0.0027,47,26
"20251106",천호대로,0.0418,0.009,0.77,0.0031,47,26
"20251106",청계천로,0.0397,0.0124,0.76,0.0032,55,28
"20251106",한강대로,0.0393,0.0163,0.72,0.0033,66,39
"20251106",홍릉로,0.0416,0.0096,0.76,0.0032,51,31
"20251106",화랑로,0.0408,0.0094,0.65,0.0027,49,31
"20251106",관악산,0.01,0.0633,0.63,0.0029,60,29
"20251106",남산,0.0206,0.0298,0.54,0.003,58,29
"20251106",북한산,0.0096,0.0371,0.58,0.0031,41,27
"20251106",세곡,0.0355,0.0095,0.9,0.0028,54,27
"20251106",항동,0.0332,0.0121,0.76,0.0025,51,32
"20251106",행주,0.0221,0.021,0.73,0.0031,47,27
"20251106",마포아트센터,0.0342,0.0201,0.8,0.0033,60,36
"20251106",서울숲,0.0342,0.0126,0.89,0.0031,56,36
"20251106",올림픽공원,0.0229,0.0119,0.79,0.0026,50,32
"20251106",자연사박물관,0.0272,0.0238,0.68,0.0035,50,30
"20251107",강남구,0.0351,0.0159,0.55,0.0027,46,28
"20251107",강동구,0.0294,0.0176,0.64,0.0027,49,33
"20251107",강북구,0.0169,0.0266,0.46,0.0021,45,28
"20251107",강서구,0.0355,0.0179,0.68,0.0032,56,36
"20251107",관악구,0.0373,0.0172,0.66,0.0027,55,35
"20251107",광진구,0.0267,0.027,0.68,0.0027,42,30
"20251107",구로구,0.0348,0.0159,0.55,0.0021,59,38
"20251107",금천구,0.0361,0.0168,0.62,0.0033,54,39
"20251107",노원구,0.028,0.0221,0.59,0.0027,48,34
"20251107",도봉구,0.0258,0.0265,0.66,0.003,48,34
"20251107",동대문구,0.0313,0.0199,0.55,0.003,48,30
"20251107",동작구,0.039,0.0168,0.6,0.0027,46,29
"20251107",마포구,0.0312,0.0231,0.58,0.0028,48,32
"20251107",서대문구,0.0199,0.0308,0.54,0.0037,40,30
"20251107",서초구,0.0352,0.0143,0.5,0.0021,55,39
"20251107",성동구,0.0242,0.0226,0.49,0.0033,43,28
"20251107",성북구,0.0308,0.0176,0.73,0.0035,50,35
"20251107",송파구,0.0362,0.0153,0.59,0.003,46,29
"20251107",양천구,0.0382,0.0188,0.65,0.0027,57,33
"20251107",영등포구,0.0389,0.0174,0.66,0.0029,54,39
"20251107",용산구,0.0351,0.0173,0.63,0.0031,48,28
"20251107",은평구,0.0168,0.0276,0.58,0.0028,43,28
"20251107",종로구,0.0362,0.0198,0.62,0.0038,49,34
"20251107",중구,0.0335,0.021,0.59,0.0027,55,39
"20251107",중랑구,0.0187,0.0266,0.43,0.0029,42,31
"20251107",강남대로,0.0373,0.0095,0.96,0.0027,56,35
"20251107",강변북로,0.0278,0.0194,0.8,0.0031,45,29
"20251107",공항대로,0.0373,0.0163,0.64,0.0028,56,33
"20251107",도산대로,0.0288,0.0211,0.66,0.0025,54,32
"20251107",동작대로,0.0476,0.0085,0.8,0.0044,79,34
"20251107",시흥대로,0.0549,0.0073,0.88,0.0036,61,40
"20251107",신촌로,0.036,0.0186,0.69,0.0032,62,36
"20251107",영등포로,0.0433,0.0144,0.71,0.0033,55,32
"20251107",정릉로,0.0411,0.0143,0.73,0.0028,53,32
"20251107",종로,0.0323,0.0156,0.63,0.0026,43,25
"20251107",천호대로,0.0345,0.0097,0.67,0.0027,41,26
"20251107",청계천로,0.0381,0.0155,0.78,0.0033,52,29
"20251107",한강대로,0.0357,0.0169,0.6,0.0032,58,36
"20251107",홍릉로,0.0335,0.015,0.63,0.0031,48,31
"20251107",화랑로,0.0375,0.014,0.6,0.0027,45,32
"20251107",관악산,0.0119,0.0606,0.63,0.0028,48,27
"20251107",남산,0.0186,0.0327,0.5,0.0029,48,27
"20251107",북한산,0.008,0.0432,0.48,0.003,33,25
"20251107",세곡,0.0322,0.0126,0.92,0.0029,50,28
"20251107",항동,0.0329,0.0167,0.71,0.0026,50,34
"20251107",행주,0.0292,0.0177,0.76,0.003,51,29
"20251107",마포아트센터,0.0304,0.0256,0.6,0.003,54,34
"20251107",서울숲,0.0244,0.0235,0.8,0.003,48,33
"20251107",올림픽공원,0.0174,0.021,0.59,0.0025,41,29
"20251107",자연사박물관,0.0197,0.0361,0.56,0.0032,42,28
"20251108",강남구,0.0209,0.0233,0.38,0.0023,26,15
"20251108",강동구,0.0183,0.0246,0.52,0.0024,26,15
"20251108",강북구,0.0133,0.0244,0.36,0.002,22,14
"20251108",강서구,0.022,0.023,0.5,0.0026,30,17
"20251108",관악구,0.0251,0.0235,0.46,0.0025,30,21
"20251108",광진구,0.0143,0.0343,0.57,0.0027,21,15
"20251108",구로구,0.0225,0.0212,0.38,0.0019,33,18
"20251108",금천구,0.0268,0.0202,0.45,0.003,28,21
"20251108",노원구,0.0217,0.0215,0.43,0.0024,24,17
"20251108",도봉구,0.0182,0.0269,0.56,0.0028,22,17
"20251108",동대문구,0.0195,0.024,0.37,0.0025,23,13
"20251108",동작구,0.0294,0.0196,0.45,0.0025,28,18
"20251108",마포구,0.0203,0.0279,0.4,0.0025,27,18
"20251108",서대문구,0.0129,0.0317,0.44,0.0037,19,15
"20251108",서초구,0.0223,0.0204,0.33,0.0019,31,21
"20251108",성동구,0.0131,0.0298,0.33,0.0026,20,15
"20251108",성북구,0.0181,0.0232,0.49,0.0032,24,15
"20251108",송파구,0.0242,0.0212,0.39,0.0027,26,16
"20251108",양천구,0.0245,0.0235,0.43,0.0023,30,17
"20251108",영등포구,0.0266,0.0223,0.44,0.0027,29,19
"20251108",용산구,0.0222,0.0216,0.42,0.0026,31,15
"20251108",은평구,0.0108,0.031,0.47,0.0027,21,13
"20251108",종로구,0.0207,0.0271,0.39,0.003,23,16
"20251108",중구,0.0218,0.0252,0.41,0.0024,28,18
"20251108",중랑구,0.012,0.0274,0.31,0.0026,20,14
"20251108",강남대로,0.032,0.0096,0.83,0.0025,36,18
"20251108",강변북로,0.0155,0.026,0.66,0.0028,22,12
"20251108",공항대로,0.0248,0.0212,0.45,0.0024,30,16
"20251108",도산대로,0.0165,0.0284,0.5,0.0021,27,15
"20251108",동작대로,0.0383,0.0103,0.58,0.0033,40,18
"20251108",시흥대로,0.0421,0.0117,0.63,0.0032,36,23
"20251108",신촌로,0.0215,0.0258,0.44,0.0027,32,17
"20251108",영등포로,0.0301,0.0189,0.47,0.0026,29,16
"20251108",정릉로,0.0298,0.0184,0.48,0.0025,26,13
"20251108",종로,0.024,0.0187,0.44,0.0023,23,12
"20251108",천호대로,0.0262,0.0165,0.48,0.0024,22,13
"20251108",청계천로,0.0272,0.0199,0.49,0.0028,28,14
"20251108",한강대로,0.0237,0.0217,0.42,0.003,31,17
"20251108",홍릉로,0.0219,0.0218,0.41,0.0027,26,15
"20251108",화랑로,0.0323,0.0137,0.49,0.0025,24,16
"20251108",관악산,0.0082,0.0539,0.61,0.0026,32,14
"20251108",남산,0.0139,0.0293,0.4,0.0027,23,10
"20251108",북한산,0.0068,0.0352,0.41,0.0029,17,13
"20251108",세곡,0.0259,0.0119,0.77,0.0025,30,15
"20251108",항동,0.0239,0.0185,0.58,0.0023,26,15
"20251108",행주,0.0179,0.0227,0.42,0.0028,23,13
"20251108",마포아트센터,0.0176,0.0323,0.41,0.0027,25,15
"20251108",서울숲,0.0136,0.0296,0.66,0.0029,28,16
"20251108",올림픽공원,0.0104,0.0258,0.47,0.0024,22,14
"20251108",자연사박물관,0.0132,0.0349,0.47,0.003,23,11
"20251109",강남구,0.0143,0.0304,0.4,0.0025,41,17
"20251109",강동구,0.0121,0.032,0.55,0.0027,47,22
"20251109",강북구,0.0085,0.0342,0.38,0.0022,43,20
"20251109",강서구,0.0151,0.0283,0.41,0.0032,43,19
"20251109",관악구,0.0157,0.0314,0.4,0.0027,40,20
"20251109",광진구,0.0122,0.0374,0.61,0.0031,40,20
"20251109",구로구,0.0148,0.0278,0.37,0.0023,47,21
"20251109",금천구,0.0168,0.0297,0.42,0.003,42,22
"20251109",노원구,0.0133,0.0317,0.43,0.0025,45,22
"20251109",도봉구,0.0107,0.0362,0.57,0.0031,44,22
"20251109",동대문구,0.0149,0.0299,0.41,0.0028,41,17
"20251109",동작구,0.016,0.0319,0.39,0.0025,40,19
"20251109",마포구,0.0146,0.032,0.39,0.0027,41,19
"20251109",서대문구,0.0108,0.0349,0.5,0.004,39,22
"20251109",서초구,0.0136,0.0291,0.32,0.0022,48,21
"20251109",성동구,0.0133,0.0301,0.38,0.0026,37,19
"20251109",성북구,0.0143,0.0283,0.54,0.0035,44,21
"20251109",송파구,0.0146,0.0297,0.38,0.0025,41,16
"20251109",양천구,0.0166,0.0305,0.43,0.0028,44,17
"20251109",영등포구,0.0154,0.031,0.43,0.0032,39,20
"20251109",용산구,0.0167,0.0254,0.45,0.0029,45,17
"20251109",은평구,0.0094,0.0318,0.55,0.0031,46,20
"20251109",종로구,0.0165,0.0323,0.43,0.003,42,20
"20251109",중구,0.0133,0.034,0.42,0.0026,43,22
"20251109",중랑구,0.0122,0.029,0.38,0.0029,40,20
"20251109",강남대로,0.0184,0.0233,0.69,0.0019,49,19
"20251109",강변북로,0.0205,0.0236,0.76,0.0029,44,18
"20251109",공항대로,0.0166,0.0277,0.42,0.0029,45,17
"20251109",도산대로,0.0138,0.0317,0.49,0.0024,46,19
"20251109",동작대로,0.0217,0.0276,0.45,0.0026,44,15
"20251109",시흥대로,0.0195,0.0291,0.48,0.003,46,22
"20251109",신촌로,0.0217,0.0245,0.54,0.0029,51,21
"20251109",영등포로,0.0216,0.026,0.48,0.0028,42,16
"20251109",정릉로,0.0184,0.0299,0.48,0.0026,43,19
"20251109",종로,0.0144,0.0285,0.41,0.0023,40,15
"20251109",천호대로,0.0152,0.0275,0.45,0.0025,39,15
"20251109",청계천로,0.0165,0.0293,0.43,0.0027,43,17
"20251109",한강대로,0.0163,0.0289,0.43,0.0033,47,20
"20251109",홍릉로,0.0187,0.0262,0.48,0.0028,42,20
"20251109",화랑로,0.0178,0.0293,0.45,0.0025,43,21
"20251109",관악산,0.0077,0.057,0.66,0.0029,51,20
"20251109",남산,0.0084,0.036,0.43,0.0028,40,15
"20251109",북한산,0.0051,0.0435,0.42,0.0032,43,23
"20251109",세곡,0.0128,0.0289,0.7,0.0025,41,14
"20251109",항동,0.012,0.0288,0.56,0.0025,35,18
"20251109",행주,0.0066,0.0337,0.44,0.0029,33,15
"20251109",마포아트센터,0.0122,0.0374,0.41,0.0031,45,18
"20251109",서울숲,0.0133,0.0306,0.7,0.0029,54,21
"20251109",올림픽공원,0.0077,0.034,0.49,0.0026,41,17
"20251109",자연사박물관,0.0105,0.0377,0.48,0.0032,43,18
"20251110",강남구,0.0109,0.0274,0.29,0.0026,21,6
"20251110",강동구,0.0094,0.0299,0.41,0.003,26,6
"20251110",강북구,0.0052,0.032,0.24,0.0022,19,5
"20251110",강서구,0.015,0.0244,0.28,0.0029,23,7
"20251110",관악구,0.0139,0.0264,0.29,0.0026,20,8
"20251110",광진구,0.0097,0.0347,0.45,0.0029,20,7
"20251110",구로구,0.0117,0.0252,0.25,0.0024,26,5
"20251110",금천구,0.0156,0.0242,0.27,0.0029,20,7
"20251110",노원구,0.0106,0.029,0.28,0.0024,22,8
"20251110",도봉구,0.0061,0.0355,0.36,0.003,19,7
"20251110",동대문구,0.0095,0.0275,0.26,0.0025,18,4
"20251110",동작구,0.0125,0.0278,0.26,0.0025,20,7
"20251110",마포구,0.0124,0.0287,0.26,0.0026,20,7
"20251110",서대문구,0.0098,0.029,0.3,0.0038,20,9
"20251110",서초구,0.0109,0.0266,0.2,0.0023,25,7
"20251110",성동구,0.0113,0.0255,0.27,0.0028,17,7
"20251110",성북구,0.0086,0.0283,0.44,0.0035,19,6
"20251110",송파구,0.0137,0.0257,0.28,0.0025,20,6
"20251110",양천구,0.0142,0.0268,0.29,0.0025,23,6
"20251110",영등포구,0.0132,0.027,0.29,0.0027,21,7
"20251110",용산구,0.0119,0.0235,0.3,0.0027,22,5
"20251110",은평구,0.0099,0.0262,0.36,0.0032,24,8
"20251110",종로구,0.0121,0.0291,0.3,0.0026,21,8
"20251110",중구,0.0104,0.03,0.29,0.0026,22,8
"20251110",중랑구,0.0105,0.0262,0.27,0.0029,19,7
"20251110",강남대로,0.0196,0.0193,0.55,0.0019,28,5
"20251110",강변북로,0.0173,0.0219,0.49,0.0032,22,6
"20251110",공항대로,0.0171,0.022,0.31,0.0027,27,6
"20251110",도산대로,0.0115,0.0272,0.34,0.0027,23,6
"20251110",동작대로,0.0231,0.0221,0.33,0.0021,26,6
"20251110",시흥대로,0.0184,0.0241,0.31,0.003,22,7
"20251110",신촌로,0.0213,0.0198,0.43,0.003,29,8
"20251110",영등포로,0.0202,0.0223,0.35,0.0027,22,5
"20251110",정릉로,0.0172,0.0259,0.3,0.0026,21,4
"20251110",종로,0.0117,0.0243,0.29,0.0022,20,5
"20251110",천호대로,0.0164,0.0243,0.33,0.0026,17,5
"20251110",청계천로,0.0153,0.0238,0.32,0.0027,22,6
"20251110",한강대로,0.014,0.0252,0.32,0.0035,25,7
"20251110",홍릉로,0.0164,0.0233,0.35,0.0027,22,7
"20251110",화랑로,0.0192,0.0264,0.32,0.0025,19,6
"20251110",관악산,0.0074,0.0394,0.56,0.0029,24,5
"20251110",남산,0.0067,0.0305,0.35,0.003,19,3
"20251110",북한산,0.0036,0.0352,0.26,0.0032,16,7
"20251110",세곡,0.0175,0.0221,0.6,0.0029,22,3
"20251110",항동,0.0127,0.024,0.36,0.0026,17,5
"20251110",행주,0.0058,0.0309,0.45,0.0032,14,3
"20251110",마포아트센터,0.0103,0.0338,0.39,0.0033,22,5
"20251110",서울숲,0.0102,0.0274,0.47,0.0031,21,7
"20251110",올림픽공원,0.006,0.0332,0.52,0.0027,17,5
"20251110",자연사박물관,0.0081,0.033,0.31,0.0035,22,4
"20251111",강남구,0.0283,0.0156,0.41,0.0027,27,9
"20251111",강동구,0.0253,0.0178,0.58,0.0032,35,13
"20251111",강북구,0.0149,0.0236,0.34,0.0021,21,7
"20251111",강서구,0.0297,0.0167,0.44,0.0034,28,10
"20251111",관악구,0.0275,0.0169,0.41,0.0027,25,12
"20251111",광진구,0.0245,0.0216,0.63,0.0027,26,11
"20251111",구로구,0.0251,0.0165,0.35,0.0024,31,11
"20251111",금천구,0.0287,0.015,0.38,0.0028,24,11
"20251111",노원구,0.0237,0.0189,0.41,0.0026,26,10
"20251111",도봉구,0.02,0.0245,0.51,0.0031,24,12
"20251111",동대문구,0.0241,0.0195,0.38,0.0026,25,8
"20251111",동작구,0.0296,0.0166,0.39,0.0025,24,11
"20251111",마포구,0.0282,0.0175,0.4,0.0027,23,9
"20251111",서대문구,0.0208,0.02,0.53,0.005,22,11
"20251111",서초구,0.0283,0.0135,0.31,0.0023,31,13
"20251111",성동구,0.0252,0.0155,0.4,0.0028,25,11
"20251111",성북구,0.0227,0.0173,0.66,0.0038,29,11
"20251111",송파구,0.0289,0.016,0.4,0.0027,25,8
"20251111",양천구,0.0306,0.0153,0.46,0.0026,26,9
"20251111",영등포구,0.0296,0.0172,0.41,0.0028,23,10
"20251111",용산구,0.0295,0.0137,0.42,0.0027,27,7
"20251111",은평구,0.0178,0.0197,0.47,0.0033,25,9
"20251111",종로구,0.029,0.0193,0.45,0.0029,26,11
"20251111",중구,0.0268,0.0186,0.39,0.0025,25,10
"20251111",중랑구,0.0193,0.0207,0.35,0.0029,23,11
"20251111",강남대로,0.0309,0.0095,0.8,0.0031,33,11
"20251111",강변북로,0.0296,0.0146,0.54,0.0034,30,11
"20251111",공항대로,0.0327,0.0113,0.47,0.0029,32,9
"20251111",도산대로,0.0255,0.0173,0.51,0.0029,33,12
"20251111",동작대로,0.0364,0.0102,0.49,0.0022,33,9
"20251111",시흥대로,0.0399,0.013,0.54,0.0034,30,12
"20251111",신촌로,0.0334,0.0123,0.58,0.0029,33,12
"20251111",영등포로,0.0334,0.0143,0.47,0.0029,29,8
"20251111",정릉로,0.034,0.0142,0.52,0.0027,29,8
"20251111",종로,0.024,0.0154,0.4,0.0022,30,13
"20251111",천호대로,0.0321,0.0134,0.51,0.0027,25,8
"20251111",청계천로,0.0324,0.0127,0.53,0.0028,29,10
"20251111",한강대로,0.0279,0.0159,0.43,0.0036,30,11
"20251111",홍릉로,0.0296,0.0152,0.48,0.0028,29,11
"20251111",화랑로,0.0347,0.0101,0.47,0.0026,26,10
"20251111",관악산,0.0097,0.0429,0.61,0.0031,29,8
"20251111",남산,0.0174,0.0236,0.47,0.0033,23,6
"20251111",북한산,0.006,0.0336,0.3,0.0032,18,10
"20251111",세곡,0.03,0.0106,0.8,0.0032,30,8
"20251111",항동,0.0264,0.0137,0.52,0.0028,21,8
"20251111",행주,0.0236,0.0164,0.56,0.0032,19,6
"20251111",마포아트센터,0.0225,0.024,0.55,0.0035,25,9
"20251111",서울숲,0.0256,0.0168,0.45,0.0034,30,12
"20251111",올림픽공원,0.0154,0.0204,0.64,0.0028,26,10
"20251111",자연사박물관,0.0197,0.025,0.45,0.0036,24,7
"20251112",강남구,0.0325,0.0173,0.47,0.0027,36,17
"20251112",강동구,0.0297,0.0186,0.66,0.003,46,25
"20251112",강북구,0.0199,0.0183,0.41,0.0021,30,14
"20251112",강서구,0.0402,0.017,0.55,0.0039,39,18
"20251112",관악구,0.0331,0.0192,0.49,0.0029,33,17
"20251112",광진구,0.0269,0.0261,0.7,0.0028,34,18
"20251112",구로구,0.0332,0.0161,0.47,0.0024,44,21
"20251112",금천구,0.0337,0.0162,0.48,0.003,34,19
"20251112",노원구,0.0305,0.0196,0.5,0.0027,36,18
"20251112",도봉구,0.0294,0.0219,0.63,0.0033,34,21
"20251112",동대문구,0.0297,0.021,0.44,0.0026,34,15
"20251112",동작구,0.0329,0.0201,0.46,0.0028,33,18
"20251112",마포구,0.0359,0.0178,0.51,0.0029,33,16
"20251112",서대문구,0.0285,0.0224,0.58,0.0044,33,21
"20251112",서초구,0.0329,0.0155,0.38,0.0023,44,23
"20251112",성동구,0.0306,0.0146,0.47,0.003,33,17
"20251112",성북구,0.0313,0.0152,0.7,0.0037,40,20
"20251112",송파구,0.0378,0.0124,0.5,0.0027,37,17
"20251112",양천구,0.0377,0.0179,0.52,0.0031,37,16
"20251112",영등포구,0.037,0.0185,0.54,0.0032,33,17
"20251112",용산구,0.0358,0.0158,0.53,0.003,36,15
"20251112",은평구,0.0211,0.0247,0.57,0.0033,37,19
"20251112",종로구,0.0347,0.0214,0.52,0.0033,37,19
"20251112",중구,0.0329,0.0212,0.47,0.0027,38,20
"20251112",중랑구,0.0266,0.0197,0.43,0.003,33,18
"20251112",강남대로,0.0344,0.0103,0.86,0.0033,44,22
"20251112",강변북로,0.0382,0.0125,0.67,0.0034,40,20
"20251112",공항대로,0.0386,0.0146,0.56,0.0031,40,15
"20251112",도산대로,0.0309,0.0186,0.59,0.0027,44,22
"20251112",동작대로,0.0405,0.0121,0.62,0.0024,44,15
"20251112",시흥대로,0.0487,0.0121,0.68,0.0036,45,21
"20251112",신촌로,0.0419,0.0132,0.65,0.0032,40,16
"20251112",영등포로,0.0416,0.0142,0.6,0.0031,38,15
"20251112",정릉로,0.0405,0.0148,0.58,0.003,38,15
"20251112",종로,0.0319,0.0167,0.54,0.0026,38,19
"20251112",천호대로,0.036,0.0133,0.58,0.0027,34,15
"20251112",청계천로,0.0388,0.0156,0.64,0.0031,43,19
"20251112",한강대로,0.0363,0.0159,0.55,0.0037,48,23
"20251112",홍릉로,0.0343,0.0159,0.52,0.0029,37,17
"20251112",화랑로,0.0378,0.0143,0.53,0.0027,36,18
"20251112",관악산,0.0111,0.0559,0.57,0.0033,42,18
"20251112",남산,0.0216,0.0283,0.61,0.0033,35,14
"20251112",북한산,0.0096,0.0343,0.36,0.003,27,16
"20251112",세곡,0.0339,0.0104,0.81,0.0031,41,17
"20251112",항동,0.0327,0.015,0.72,0.0028,33,19
"20251112",행주,0.0271,0.0184,0.61,0.0033,27,12
"20251112",마포아트센터,0.0306,0.0245,0.65,0.0036,42,19
"20251112",서울숲,0.0295,0.0185,0.53,0.0032,39,21
"20251112",올림픽공원,0.0182,0.0198,0.7,0.0027,34,19
"20251112",자연사박물관,0.027,0.0283,0.59,0.0037,36,17
"20251113",강남구,0.0319,0.0197,0.53,0.0031,51,26
"20251113",강동구,0.0283,0.0206,0.67,0.003,59,33
"20251113",강북구,0.0181,0.0212,0.38,0.0022,44,22
"20251113",강서구,0.0327,0.0218,0.51,0.0044,52,26
"20251113",관악구,0.0291,0.0222,0.5,0.0031,42,22
"20251113",광진구,0.0337,0.0201,0.76,0.003,49,29
"20251113",구로구,0.0288,0.0195,0.45,0.0027,57,27
"20251113",금천구,0.0311,0.0204,0.49,0.0033,46,26
"20251113",노원구,0.0313,0.0193,0.55,0.003,44,25
"20251113",도봉구,0.0277,0.0259,0.57,0.0033,44,27
"20251113",동대문구,0.0313,0.0211,0.56,0.0031,51,25
"20251113",동작구,0.0312,0.0238,0.47,0.003,41,23
"20251113",마포구,0.0341,0.0221,0.56,0.0034,44,24
"20251113",서대문구,0.0282,0.0215,0.62,0.0044,44,26
"20251113",서초구,0.0293,0.0196,0.4,0.0025,54,29
"20251113",성동구,0.028,0.02,0.5,0.0032,48,25
"20251113",성북구,0.0294,0.0188,0.66,0.0036,51,26
"20251113",송파구,0.0323,0.0195,0.49,0.0029,51,27
"20251113",양천구,0.0311,0.023,0.5,0.0033,52,24
"20251113",영등포구,0.0356,0.019,0.59,0.0038,46,27
"20251113",용산구,0.0336,0.0182,0.57,0.0034,53,21
"20251113",은평구,0.0236,0.0221,0.64,0.0034,48,24
"20251113",종로구,0.0353,0.0219,0.61,0.0038,50,26
"20251113",중구,0.0322,0.0225,0.57,0.003,48,28
"20251113",중랑구,0.0299,0.017,0.53,0.0032,45,28
"20251113",강남대로,0.0352,0.013,0.7,0.0034,53,27
"20251113",강변북로,0.0355,0.0154,0.73,0.0034,56,30
"20251113",공항대로,0.0333,0.0191,0.53,0.0033,52,22
"20251113",도산대로,0.0305,0.0203,0.71,0.0029,62,30
"20251113",동작대로,0.0372,0.017,0.57,0.0027,50,19
"20251113",시흥대로,0.0417,0.0157,0.62,0.0038,53,28
"20251113",신촌로,0.0424,0.0126,0.78,0.0035,69,31
"20251113",영등포로,0.0397,0.0173,0.66,0.0036,52,22
"20251113",정릉로,0.0396,0.0164,0.64,0.0032,50,23
"20251113",종로,0.0286,0.0201,0.57,0.0028,48,25
"20251113",천호대로,0.035,0.0155,0.67,0.0031,47,22
"20251113",청계천로,0.0348,0.0191,0.66,0.0034,55,27
"20251113",한강대로,0.0337,0.0179,0.59,0.0039,59,30
"20251113",홍릉로,0.0364,0.0156,0.64,0.0032,49,25
"20251113",화랑로,0.0375,0.0145,0.59,0.0029,46,25
"20251113",관악산,0.0114,0.0575,0.55,0.0032,49,23
"20251113",남산,0.0173,0.0337,0.56,0.0034,46,20
"20251113",북한산,0.0167,0.0313,0.46,0.0031,37,23
"20251113",세곡,0.0323,0.016,0.58,0.0032,52,23
"20251113",항동,0.0275,0.0184,0.67,0.0029,43,24
"20251113",행주,0.0245,0.0241,0.68,0.0035,43,20
"20251113",마포아트센터,0.03,0.0269,0.63,0.0037,55,26
"20251113",서울숲,0.0293,0.0207,0.59,0.0033,57,31
"20251113",올림픽공원,0.0194,0.022,0.65,0.0028,47,26
"20251113",자연사박물관,0.0254,0.0292,0.6,0.0035,46,23
"20251114",강남구,0.0267,0.0191,0.45,0.003,34,15
"20251114",강동구,0.0296,0.0162,0.58,0.0029,42,21
"20251114",강북구,0.0126,0.0269,0.35,0.0025,24,10
"20251114",강서구,0.0268,0.0201,0.43,0.0043,33,14
"20251114",관악구,0.0267,0.0188,0.45,0.0032,29,15
"20251114",광진구,0.0278,0.021,0.53,0.0029,34,17
"20251114",구로구,0.0239,0.0185,0.38,0.003,35,15
"20251114",금천구,0.0294,0.0163,0.44,0.0034,28,15
"20251114",노원구,0.0279,0.0166,0.5,0.003,33,16
"20251114",도봉구,0.0225,0.0241,0.52,0.0032,28,14
"20251114",동대문구,0.0228,0.0222,0.44,0.0029,32,13
"20251114",동작구,0.0245,0.0224,0.39,0.0029,26,13
"20251114",마포구,0.0255,0.0219,0.4,0.0031,30,14
"20251114",서대문구,0.0176,0.0241,0.56,0.0049,27,16
"20251114",서초구,0.0257,0.0175,0.32,0.0027,38,16
"20251114",성동구,0.0245,0.0184,0.42,0.0031,30,14
"20251114",성북구,0.0266,0.0162,0.59,0.0034,33,15
"20251114",송파구,0.0307,0.015,0.43,0.0029,33,16
"20251114",양천구,0.0269,0.0207,0.43,0.0032,32,13
"20251114",영등포구,0.0281,0.019,0.42,0.0034,30,15
"20251114",용산구,0.0241,0.0193,0.44,0.0032,38,13
"20251114",은평구,0.0164,0.0218,0.48,0.0032,29,12
"20251114",종로구,0.0245,0.024,0.45,0.0033,33,17
"20251114",중구,0.022,0.0258,0.4,0.0029,32,15
"20251114",중랑구,0.0234,0.0191,0.43,0.003,31,16
"20251114",강남대로,0.0309,0.0109,0.63,0.0034,36,14
"20251114",강변북로,0.0324,0.0143,0.64,0.0035,34,16
"20251114",공항대로,0.0323,0.013,0.52,0.0034,41,15
"20251114",도산대로,0.0252,0.0198,0.52,0.0029,38,15
"20251114",동작대로,0.035,0.0132,0.56,0.0027,35,13
"20251114",시흥대로,0.0378,0.0155,0.57,0.0038,35,15
"20251114",신촌로,0.0349,0.0135,0.66,0.0034,42,19
"20251114",영등포로,0.0304,0.0174,0.52,0.0033,34,13
"20251114",정릉로,0.037,0.013,0.57,0.003,34,13
"20251114",종로,0.0197,0.0213,0.4,0.0024,31,13
"20251114",천호대로,0.0353,0.0103,0.62,0.003,37,16
"20251114",청계천로,0.0275,0.0181,0.51,0.003,35,14
"20251114",한강대로,0.0234,0.0211,0.44,0.0041,36,14
"20251114",홍릉로,0.0337,0.0132,0.61,0.0031,37,16
"20251114",화랑로,0.0379,0.0114,0.56,0.0028,35,17
"20251114",관악산,0.0091,0.0444,0.51,0.0036,30,11
"20251114",남산,0.0129,0.0303,0.49,0.0035,28,8
"20251114",북한산,0.0046,0.0347,0.31,0.0031,20,12
"20251114",세곡,0.0309,0.0118,0.62,0.0033,34,12
"20251114",항동,0.0268,0.0153,0.6,0.003,25,12
"20251114",행주,0.0227,0.0181,0.63,0.0033,27,11
"20251114",마포아트센터,0.0211,0.028,0.43,0.0036,33,13
"20251114",서울숲,0.0241,0.0208,0.52,0.0034,37,16
"20251114",올림픽공원,0.018,0.0191,0.53,0.0029,31,17
"20251114",자연사박물관,0.0165,0.0308,0.46,0.0043,30,10
"20251115",강남구,0.0387,0.0105,0.61,0.0029,34,17
"20251115",강동구,0.0327,0.0127,0.66,0.0028,39,20
"20251115",강북구,0.0203,0.0226,0.44,0.0027,32,17
"20251115",강서구,0.0418,0.0124,0.62,0.0047,45,23
"20251115",관악구,0.0377,0.0136,0.59,0.0031,38,21
"20251115",광진구,0.0319,0.0171,0.57,0.0026,29,17
"20251115",구로구,0.0376,0.0117,0.55,0.0028,49,27
"20251115",금천구,0.0428,0.012,0.62,0.0034,39,26
"20251115",노원구,0.0335,0.0143,0.6,0.0031,37,22
"20251115",도봉구,0.0306,0.0195,0.62,0.0032,34,21
"20251115",동대문구,0.0365,0.0137,0.62,0.0029,36,18
"20251115",동작구,0.0423,0.0117,0.57,0.0029,35,21
"20251115",마포구,0.0384,0.0148,0.56,0.0032,34,21
"20251115",서대문구,0.0246,0.0219,0.65,0.0046,30,19
"20251115",서초구,0.0391,0.0093,0.5,0.0025,42,24
"20251115",성동구,0.0327,0.0128,0.54,0.003,29,16
"20251115",성북구,0.034,0.0121,0.77,0.0035,36,21
"20251115",송파구,0.0379,0.0104,0.55,0.0029,32,16
"20251115",양천구,0.042,0.013,0.64,0.0035,46,22
"20251115",영등포구,0.0425,0.0118,0.6,0.0036,38,22
"20251115",용산구,0.0395,0.0117,0.68,0.0034,41,18
"20251115",은평구,0.0226,0.0209,0.54,0.0034,34,17
"20251115",종로구,0.04,0.0148,0.64,0.0038,35,22
"20251115",중구,0.0362,0.0156,0.56,0.0028,37,22
"20251115",중랑구,0.0257,0.0182,0.45,0.003,30,18
"20251115",강남대로,0.0347,0.0082,0.72,0.0035,37,19
"20251115",강변북로,0.0399,0.0093,0.76,0.0035,35,17
"20251115",공항대로,0.0376,0.0109,0.61,0.0035,46,19
"20251115",도산대로,0.037,0.012,0.81,0.0032,46,22
"20251115",동작대로,0.0427,0.0074,0.76,0.0028,44,21
"20251115",시흥대로,0.0547,0.0075,0.82,0.0041,47,26
"20251115",신촌로,0.0421,0.0102,0.83,0.0034,47,23
"20251115",영등포로,0.0435,0.0112,0.68,0.0036,42,20
"20251115",정릉로,0.0424,0.0108,0.68,0.003,36,16
"20251115",종로,0.0337,0.0117,0.56,0.0026,33,18
"20251115",천호대로,0.0381,0.0083,0.73,0.003,31,15
"20251115",청계천로,0.0404,0.0108,0.65,0.0031,38,19
"20251115",한강대로,0.0387,0.0106,0.66,0.0039,44,21
"20251115",홍릉로,0.0394,0.0102,0.73,0.0033,37,22
"20251115",화랑로,0.0376,0.0119,0.61,0.0027,34,19
"20251115",관악산,0.0153,0.0442,0.59,0.0035,39,18
"20251115",남산,0.0252,0.0229,0.66,0.0034,35,15
"20251115",북한산,0.0089,0.0352,0.37,0.0032,29,19
"20251115",세곡,0.0323,0.0109,0.74,0.0032,34,15
"20251115",항동,0.0377,0.0118,0.77,0.003,37,23
"20251115",행주,0.0277,0.0177,0.7,0.0032,36,18
"20251115",마포아트센터,0.0345,0.0191,0.64,0.0035,38,20
"20251115",서울숲,0.0337,0.0142,0.64,0.0033,36,19
"20251115",올림픽공원,0.0204,0.0149,0.61,0.0028,29,17
"20251115",자연사박물관,0.028,0.0233,0.58,0.0039,34,17
"20251116",강남구,0.0219,0.0266,0.46,0.0027,37,21
"20251116",강동구,0.0209,0.028,0.61,0.0028,43,27
"20251116",강북구,0.0192,0.031,0.45,0.0026,40,24
"20251116",강서구,0.0279,0.0277,0.55,0.0037,43,24
"20251116",관악구,0.0253,0.0297,0.51,0.003,36,23
"20251116",광진구,0.0197,0.0344,0.54,0.0027,34,22
"20251116",구로구,0.0235,0.0255,0.46,0.0025,45,26
"20251116",금천구,0.0264,0.0276,0.57,0.0034,40,28
"20251116",노원구,0.0249,0.0267,0.53,0.0031,41,26
"20251116",도봉구,0.0246,0.0313,0.65,0.0032,42,28
"20251116",동대문구,0.0238,0.0283,0.48,0.0028,37,21
"20251116",동작구,0.0266,0.0292,0.52,0.0029,38,25
"20251116",마포구,0.0261,0.0306,0.48,0.0031,35,24
"20251116",서대문구,0.0233,0.0305,0.6,0.0045,35,26
"20251116",서초구,0.0226,0.026,0.39,0.0024,42,26
"20251116",성동구,0.0225,0.0266,0.45,0.0028,32,20
"20251116",성북구,0.0245,0.0241,0.56,0.0034,42,25
"20251116",송파구,0.0234,0.0269,0.45,0.0028,35,20
"20251116",양천구,0.0263,0.0287,0.52,0.0029,45,23
"20251116",영등포구,0.0269,0.0269,0.53,0.0032,36,23
"20251116",용산구,0.0265,0.0232,0.52,0.0032,35,18
"20251116",은평구,0.0187,0.0302,0.61,0.0034,41,25
"20251116",종로구,0.0283,0.0281,0.53,0.0035,37,24
"20251116",중구,0.0256,0.0284,0.49,0.0029,41,26
"20251116",중랑구,0.0233,0.0252,0.45,0.003,36,24
"20251116",강남대로,0.0258,0.0219,0.67,0.0033,47,27
"20251116",강변북로,0.0287,0.0211,0.73,0.0034,40,24
"20251116",공항대로,0.025,0.026,0.52,0.0032,41,21
"20251116",도산대로,0.0209,0.0282,0.61,0.0027,45,25
"20251116",동작대로,0.0306,0.024,0.6,0.0027,41,19
"20251116",시흥대로,0.0324,0.0247,0.61,0.0037,43,26
"20251116",신촌로,0.0312,0.0226,0.58,0.0032,46,25
"20251116",영등포로,0.0322,0.0222,0.57,0.0031,40,20
"20251116",정릉로,0.032,0.0243,0.6,0.003,41,20
"20251116",종로,0.0272,0.0228,0.57,0.0028,41,24
"20251116",천호대로,0.0259,0.023,0.54,0.0028,34,18
"20251116",청계천로,0.0275,0.025,0.6,0.0032,42,24
"20251116",한강대로,0.0278,0.0233,0.52,0.0038,45,22
"20251116",홍릉로,0.0282,0.0213,0.54,0.0031,38,23
"20251116",화랑로,0.0265,0.0249,0.5,0.0026,32,20
"20251116",관악산,0.0098,0.0606,0.62,0.0037,43,23
"20251116",남산,0.0144,0.0362,0.6,0.0034,38,20
"20251116",북한산,0.0115,0.0418,0.39,0.0032,37,26
"20251116",세곡,0.0198,0.0289,0.66,0.0032,43,21
"20251116",항동,0.0243,0.0263,0.82,0.003,42,27
"20251116",행주,0.0199,0.0282,0.65,0.0035,38,21
"20251116",마포아트센터,0.0223,0.0341,0.52,0.0035,39,22
"20251116",서울숲,0.0215,0.0269,0.58,0.0033,45,26
"20251116",올림픽공원,0.0133,0.0303,0.56,0.0028,35,22
"20251116",자연사박물관,0.0215,0.0355,0.58,0.0034,39,24
"20251117",강남구,0.0084,0.0235,0.27,0.0024,38,9
"20251117",강동구,0.0067,0.0271,0.43,0.0027,46,11
"20251117",강북구,0.0045,0.028,0.24,0.002,40,9
"20251117",강서구,0.0096,0.0243,0.26,0.0027,44,10
"20251117",관악구,0.01,0.0254,0.27,0.0025,37,10
"20251117",광진구,0.0076,0.0304,0.32,0.0024,39,12
"20251117",구로구,0.0087,0.0224,0.25,0.0023,49,10
"20251117",금천구,0.0103,0.0228,0.26,0.0024,40,11
"20251117",노원구,0.0079,0.0269,0.25,0.0022,41,13
"20251117",도봉구,0.0051,0.031,0.4,0.003,40,12
"20251117",동대문구,0.007,0.0254,0.25,0.0021,36,8
"20251117",동작구,0.0091,0.0256,0.25,0.0024,40,14
"20251117",마포구,0.0095,0.0264,0.26,0.0024,36,10
"20251117",서대문구,0.0071,0.0272,0.36,0.0031,42,12
"20251117",서초구,0.0073,0.024,0.19,0.0023,51,10
"20251117",성동구,0.0078,0.0241,0.26,0.0023,33,10
"20251117",성북구,0.0066,0.0247,,0.0033,41,11
"20251117",송파구,0.01,0.0234,0.26,0.0024,40,11
"20251117",양천구,0.0097,0.0251,0.27,0.0024,45,10
"20251117",영등포구,0.0097,0.024,0.27,0.0026,37,10
"20251117",용산구,0.0084,0.0219,0.28,0.0024,41,8
"20251117",은평구,0.0074,0.0255,0.34,0.0033,45,10
"20251117",종로구,0.0097,0.0261,0.29,0.0025,42,12
"20251117",중구,0.0077,0.0263,0.26,0.0025,43,12
"20251117",중랑구,0.0086,0.0233,0.26,0.0028,35,12
"20251117",강남대로,0.0138,0.0201,0.46,0.0026,53,9
"20251117",강변북로,0.013,0.0212,0.43,0.0032,42,10
"20251117",공항대로,0.012,0.0217,0.29,0.0025,46,8
"20251117",도산대로,0.0087,0.0249,0.37,0.0027,50,9
"20251117",동작대로,0.0151,0.0229,0.28,0.0021,43,7
"20251117",시흥대로,0.0118,0.0232,0.28,0.0028,42,10
"20251117",신촌로,0.0147,0.0196,0.37,0.0028,46,11
"20251117",영등포로,0.0132,0.0226,0.32,0.0027,37,9
"20251117",정릉로,0.015,0.023,0.29,0.0026,40,8
"20251117",종로,0.0071,0.0247,0.26,0.0021,42,11
"20251117",천호대로,0.013,0.022,0.32,0.0027,36,8
"20251117",청계천로,0.0099,0.0243,0.29,0.0025,40,10
"20251117",한강대로,0.0098,0.0235,0.3,0.0037,44,10
"20251117",홍릉로,0.0135,0.0205,0.32,0.0027,39,10
"20251117",화랑로,0.016,0.0236,0.31,0.0025,38,11
"20251117",관악산,0.0061,0.0336,0.53,0.0032,48,9
"20251117",남산,0.0064,0.0257,0.44,0.0031,43,6
"20251117",북한산,0.0036,0.0316,0.24,0.0031,37,11
"20251117",세곡,0.0114,0.023,0.45,0.0031,45,8
"20251117",항동,0.007,0.0247,0.41,0.0027,34,7
"20251117",행주,0.003,0.0286,0.53,0.0032,33,6
"20251117",마포아트센터,0.0076,0.0304,0.33,0.0032,43,9
"20251117",서울숲,0.0072,0.0283,0.35,0.0032,42,13
"20251117",올림픽공원,0.005,0.0305,0.5,0.0028,40,10
"20251117",자연사박물관,0.0055,0.0316,0.33,0.0032,42,9
"20251118",강남구,0.0111,0.0209,0.31,0.0023,26,9
"20251118",강동구,0.0108,0.0234,0.51,0.0029,32,11
"20251118",강북구,0.0076,0.0243,0.28,0.002,28,10
"20251118",강서구,0.0152,0.0197,0.31,0.0029,33,12
"20251118",관악구,0.0132,0.0221,0.31,0.0027,26,11
"20251118",광진구,0.0104,0.0269,0.35,0.0023,26,11
"20251118",구로구,0.0126,0.0192,0.28,0.0024,37,10
"20251118",금천구,0.0156,0.0188,0.3,0.0024,29,13
"20251118",노원구,0.011,0.0234,0.29,0.0023,30,12
"20251118",도봉구,0.0087,0.0267,0.58,0.0031,27,12
"20251118",동대문구,0.0098,0.0226,0.29,0.0021,26,9
"20251118",동작구,0.0127,0.0221,0.3,0.0023,27,12
"20251118",마포구,0.0137,0.0222,0.3,0.0025,27,13
"20251118",서대문구,0.0113,0.0224,0.53,0.0036,29,14
"20251118",서초구,0.011,0.0208,0.22,0.0024,34,11
"20251118",성동구,0.0123,0.0197,0.29,0.0024,23,11
"20251118",성북구,0.0103,0.0207,0.33,0.0035,32,11
"20251118",송파구,0.0135,0.0205,0.3,0.0023,28,11
"20251118",양천구,0.015,0.0208,0.32,0.0026,33,11
"20251118",영등포구,0.0141,0.0204,0.31,0.0027,28,11
"20251118",용산구,0.0123,0.0189,0.33,0.0024,33,10
"20251118",은평구,0.0105,0.0211,0.41,0.0035,32,11
"20251118",종로구,0.0129,0.0224,0.33,0.0024,29,13
"20251118",중구,0.0115,0.0233,0.3,0.0026,31,13
"20251118",중랑구,0.0131,0.0195,0.31,0.0027,26,12
"20251118",강남대로,0.0183,0.0155,0.51,0.003,34,12
"20251118",강변북로,0.0163,0.0184,0.43,0.0034,30,11
"20251118",공항대로,0.0159,0.018,0.33,0.0024,34,9
"20251118",도산대로,0.0118,0.0201,0.46,0.0027,35,11
"20251118",동작대로,0.0194,0.0184,0.34,0.0022,28,8
"20251118",시흥대로,0.018,0.0187,0.34,0.0029,31,11
"20251118",신촌로,0.02,0.0158,0.44,0.0028,35,13
"20251118",영등포로,0.0187,0.0182,0.37,0.0028,30,10
"20251118",정릉로,0.0198,0.0177,0.37,0.0027,30,8
"20251118",종로,0.0109,0.0205,0.3,0.0021,30,11
"20251118",천호대로,0.0175,0.0184,0.36,0.0026,22,7
"20251118",청계천로,0.0149,0.0193,0.35,0.0023,30,11
"20251118",한강대로,0.0138,0.0197,0.33,0.0038,31,10
"20251118",홍릉로,0.0162,0.0173,0.38,0.0027,28,10
"20251118",화랑로,0.0199,0.0191,0.36,0.0025,27,10
"20251118",관악산,0.0078,0.0312,0.56,0.0033,33,12
"20251118",남산,0.009,0.0231,0.47,0.0034,28,7
"20251118",북한산,0.0041,0.0284,0.25,0.0031,23,11
"20251118",세곡,0.0176,0.0171,0.59,0.0034,30,8
"20251118",항동,0.0107,0.021,0.42,0.0029,23,8
"20251118",행주,0.0057,0.0258,0.62,0.0034,24,7
"20251118",마포아트센터,0.0104,0.0269,0.39,0.0036,30,9
"20251118",서울숲,0.0104,0.0261,0.57,0.0033,31,14
"20251118",올림픽공원,0.0064,0.0266,0.57,0.0029,23,9
"20251118",자연사박물관,0.0092,0.0274,0.41,0.0035,30,12
"20251119",강남구,0.0244,0.016,0.43,0.0026,32,13
"20251119",강동구,0.0248,0.016,0.66,0.003,39,18
"20251119",강북구,0.0163,0.0203,0.38,0.0022,33,13
"20251119",강서구,0.0294,0.0143,0.46,0.0042,36,14
"20251119",관악구,0.026,0.0166,0.44,0.0029,31,15
"20251119",광진구,0.0238,0.019,0.53,0.0024,31,16
"20251119",구로구,0.0226,0.0166,0.37,0.0029,40,15
"20251119",금천구,0.028,0.0149,0.43,0.0029,32,17
"20251119",노원구,0.0254,0.0156,0.46,0.003,34,17
"20251119",도봉구,0.0225,0.0206,0.72,0.0034,33,16
"20251119",동대문구,0.0222,0.0178,0.4,0.0025,31,13
"20251119",동작구,0.0289,0.016,0.43,0.0026,30,16
"20251119",마포구,0.0247,0.0189,0.41,0.0029,29,16
"20251119",서대문구,0.0178,0.0215,0.76,0.0064,30,16
"20251119",서초구,0.0247,0.0145,0.32,0.0027,39,15
"20251119",성동구,0.0219,0.0152,0.4,0.0025,28,13
"20251119",성북구,0.0229,0.0154,0.44,0.0034,33,16
"20251119",송파구,0.0277,0.0141,0.41,0.0026,32,15
"20251119",양천구,0.0254,0.0185,0.43,0.0029,36,13
"20251119",영등포구,0.024,0.0188,0.4,0.0031,30,14
"20251119",용산구,0.0257,0.0151,0.44,0.003,36,13
"20251119",은평구,0.0152,0.0205,0.49,0.0035,32,14
"20251119",종로구,0.0253,0.0187,0.46,0.0028,32,16
"20251119",중구,0.0205,0.0213,0.38,0.0028,33,16
"20251119",중랑구,0.0223,0.0158,0.4,0.0029,30,15
"20251119",강남대로,0.028,0.0114,0.55,0.0032,39,17
"20251119",강변북로,0.0266,0.0153,0.55,0.0036,33,15
"20251119",공항대로,0.0286,0.0123,0.46,0.0028,39,12
"20251119",도산대로,0.0217,0.0173,0.57,0.003,39,15
"20251119",동작대로,0.0313,0.0122,0.49,0.0026,34,12
"20251119",시흥대로,0.0346,0.0135,0.53,0.0033,38,16
"20251119",신촌로,0.0307,0.0128,0.59,0.0033,39,16
"20251119",영등포로,0.028,0.0163,0.47,0.003,32,12
"20251119",정릉로,0.0334,0.0109,0.53,0.0028,35,12
"20251119",종로,0.0218,0.0162,0.42,0.0023,33,13
"20251119",천호대로,0.0292,0.0121,0.51,0.0028,35,16
"20251119",청계천로,0.0276,0.0144,0.53,0.0026,36,14
"20251119",한강대로,0.0227,0.0178,0.44,0.0043,35,14
"20251119",홍릉로,0.0287,0.0122,0.5,0.003,32,13
"20251119",화랑로,0.0321,0.0111,0.49,0.0027,34,15
"20251119",관악산,0.0103,0.0364,0.64,0.0036,35,14
"20251119",남산,0.0161,0.0233,0.5,0.0038,30,10
"20251119",북한산,0.0067,0.0299,0.3,0.0032,25,14
"20251119",세곡,0.0282,0.0121,0.78,0.0039,37,12
"20251119",항동,0.0236,0.0154,0.54,0.0032,27,12
"20251119",행주,0.0186,0.0193,0.7,0.0036,26,8
"20251119",마포아트센터,0.0171,0.027,0.48,0.004,31,13
"20251119",서울숲,0.0217,0.0214,0.66,0.0034,32,16
"20251119",올림픽공원,0.0151,0.0187,0.67,0.0031,30,13
"20251119",자연사박물관,0.0167,0.0258,0.52,0.0037,33,16
"20251120",강남구,0.0281,0.0166,0.48,0.0028,41,20
"20251120",강동구,0.0242,0.0196,0.6,0.0027,47,24
"20251120",강북구,0.0196,0.022,0.49,0.0025,39,18
"20251120",강서구,0.0324,0.017,0.53,0.0038,46,20
"20251120",관악구,0.0284,0.0194,0.49,0.0029,38,20
"20251120",광진구,0.0256,0.0217,0.6,0.0025,37,20
"20251120",구로구,0.026,0.0167,0.44,0.0027,50,22
"20251120",금천구,0.0283,0.0185,0.46,0.0033,41,23
"20251120",노원구,0.0256,0.0181,0.47,0.0029,39,21
"20251120",도봉구,0.0249,0.0236,0.61,0.0034,41,20
"20251120",동대문구,0.0265,0.018,0.46,0.0026,40,18
"20251120",동작구,0.0285,0.0191,0.47,0.0029,38,20
"20251120",마포구,0.0303,0.0193,0.5,0.0031,38,21
"20251120",서대문구,0.0276,0.0187,0.66,0.0045,38,23
"20251120",서초구,0.0273,0.0164,0.37,0.0027,56,25
"20251120",성동구,0.028,0.0147,0.47,0.0029,37,19
"20251120",성북구,0.0255,0.0172,0.49,0.0035,44,23
"20251120",송파구,0.0279,0.0175,0.45,0.0028,40,19
"20251120",양천구,0.0296,0.0186,0.5,0.0032,46,19
"20251120",영등포구,0.031,0.0172,0.52,0.0032,40,21
"20251120",용산구,0.0308,0.0154,0.53,0.0034,47,19
"20251120",은평구,0.0226,0.0198,0.59,0.0036,44,22
"20251120",종로구,0.0317,0.0192,0.56,0.0034,42,22
"20251120",중구,0.0303,0.0187,0.52,0.003,44,24
"20251120",중랑구,0.0268,0.0167,0.46,0.0031,38,22
"20251120",강남대로,0.0282,0.0146,0.61,0.0035,50,23
"20251120",강변북로,0.0312,0.0146,0.66,0.0036,44,22
"20251120",공항대로,0.0319,0.0153,0.52,0.0033,46,19
"20251120",도산대로,0.0252,0.0176,0.67,0.0031,50,22
"20251120",동작대로,0.0324,0.0144,0.53,0.0027,42,17
"20251120",시흥대로,0.0317,0.0174,0.58,0.0034,46,22
"20251120",신촌로,0.0356,0.013,0.64,0.0034,49,22
"20251120",영등포로,0.0358,0.0132,0.6,0.0033,44,18
"20251120",정릉로,0.033,0.0163,0.57,0.003,43,18
"20251120",종로,0.0288,0.0157,0.54,0.0027,43,20
"20251120",천호대로,0.029,0.016,0.54,0.003,40,19
"20251120",청계천로,0.0319,0.015,0.62,0.0031,47,20
"20251120",한강대로,0.0307,0.0151,0.55,0.0042,49,24
"20251120",홍릉로,0.0305,0.0143,0.54,0.0032,40,19
"20251120",화랑로,0.0322,0.0159,0.5,0.003,41,20
"20251120",관악산,0.0082,0.046,0.68,0.0034,42,20
"20251120",남산,0.0226,0.0212,0.6,0.0038,41,18
"20251120",북한산,0.0139,0.0299,0.4,0.0032,35,21
"20251120",세곡,0.0247,0.0177,0.64,0.0037,46,19
"20251120",항동,0.0239,0.0188,0.65,0.0031,37,19
"20251120",행주,0.0227,0.0213,0.77,0.0039,29,14
"20251120",마포아트센터,0.0273,0.0223,0.62,0.0041,45,20
"20251120",서울숲,0.0263,0.0198,0.71,0.0036,47,24
"20251120",올림픽공원,0.0162,0.021,0.6,0.0027,34,22
"20251120",자연사박물관,0.0244,0.0244,0.66,0.0038,41,22
"20251121",강남구,0.0229,0.0213,0.38,0.0026,23,9
"20251121",강동구,0.0252,0.0204,0.46,0.0024,31,11
"20251121",강북구,0.0149,0.0279,0.34,0.0021,21,7
"20251121",강서구,0.0262,0.0219,0.38,0.0034,28,9
"20251121",관악구,0.0245,0.0208,0.39,0.0026,23,10
"20251121",광진구,0.0245,0.0245,0.55,0.0024,22,9
"20251121",구로구,0.0219,0.0211,0.33,0.0025,32,10
"20251121",금천구,0.0268,0.02,0.41,0.003,23,11
"20251121",노원구,0.0227,0.022,0.42,0.0028,25,10
"20251121",도봉구,0.0182,0.0285,0.39,0.003,22,10
"20251121",동대문구,0.0241,0.0211,0.4,0.0025,23,8
"20251121",동작구,0.0221,0.0253,0.34,0.0024,22,10
"20251121",마포구,0.0296,0.0195,0.41,0.0028,23,12
"20251121",서대문구,0.0198,0.025,0.47,0.0053,23,12
"20251121",서초구,0.0222,0.0214,0.27,0.0024,31,10
"20251121",성동구,0.024,0.0191,0.36,0.0026,20,8
"20251121",성북구,0.0212,0.0208,0.39,0.0033,24,9
"20251121",송파구,0.0229,0.0225,0.33,0.0025,24,8
"20251121",양천구,0.0268,0.0218,0.39,0.0027,26,9
"20251121",영등포구,0.0263,0.0193,0.38,0.0028,24,11
"20251121",용산구,0.025,0.0196,0.39,0.003,30,9
"20251121",은평구,0.0167,0.0249,0.4,0.0031,26,9
"20251121",종로구,0.0254,0.0245,0.43,0.0028,24,11
"20251121",중구,0.0264,0.0217,0.37,0.0028,25,11
"20251121",중랑구,0.0262,0.0181,0.4,0.0031,22,9
"20251121",강남대로,0.0253,0.0179,0.5,0.0031,28,8
"20251121",강변북로,0.0299,0.0178,0.58,0.0035,28,10
"20251121",공항대로,0.0312,0.0155,0.43,0.0031,34,9
"20251121",도산대로,0.0226,0.0214,0.54,0.0027,31,10
"20251121",동작대로,0.0336,0.0173,0.46,0.0025,28,8
"20251121",시흥대로,0.033,0.0177,0.45,0.0032,28,11
"20251121",신촌로,0.0365,0.0132,0.62,0.0032,32,13
"20251121",영등포로,0.0323,0.0167,0.5,0.0029,27,7
"20251121",정릉로,0.0335,0.0169,0.46,0.0027,25,6
"20251121",종로,0.0232,0.0195,0.38,0.0024,25,9
"20251121",천호대로,0.0302,0.016,0.49,0.0028,24,9
"20251121",청계천로,0.0293,0.0168,0.5,0.0026,27,9
"20251121",한강대로,0.0279,0.0176,0.45,0.0045,32,11
"20251121",홍릉로,0.0313,0.0146,0.52,0.0031,26,9
"20251121",화랑로,0.0335,0.0164,0.43,0.0026,24,9
"20251121",관악산,0.0077,0.0471,0.47,0.0028,26,9
"20251121",남산,0.0144,0.0286,0.49,0.0035,23,5
"20251121",북한산,0.0057,0.0372,0.28,0.0028,19,9
"20251121",세곡,0.0238,0.0192,0.39,0.0031,30,8
"20251121",항동,0.0232,0.0197,0.56,0.003,21,7
"20251121",행주,0.0208,0.021,0.67,0.0035,23,9
"20251121",마포아트센터,0.0219,0.0276,0.49,0.0037,26,8
"20251121",서울숲,0.0225,0.0235,0.57,0.0033,29,11
"20251121",올림픽공원,0.0126,0.0239,0.43,0.0021,27,7
"20251121",자연사박물관,0.0181,0.0305,0.53,0.0036,24,11
"20251122",강남구,0.0298,0.0206,0.47,0.0029,39,21
"20251122",강동구,0.0333,0.0177,0.62,0.0026,46,26
"20251122",강북구,0.0223,0.0224,0.48,0.0025,38,20
"20251122",강서구,0.0367,0.02,0.55,0.0036,44,22
"20251122",관악구,0.0277,0.0245,0.49,0.003,39,23
"20251122",광진구,0.0333,0.0207,0.72,0.0027,35,21
"20251122",구로구,0.0288,0.0206,0.45,0.003,49,26
"20251122",금천구,0.0346,0.0177,0.51,0.0032,38,24
"20251122",노원구,0.0342,0.0152,0.63,0.0031,42,24
"20251122",도봉구,0.0263,0.0259,0.5,0.0031,39,25
"20251122",동대문구,0.0376,0.0156,0.64,0.003,42,22
"20251122",동작구,0.0332,0.0211,0.5,0.0029,36,21
"20251122",마포구,0.0379,0.0189,0.62,0.0032,38,26
"20251122",서대문구,0.0302,0.0201,0.69,0.0052,38,25
"20251122",서초구,0.0288,0.0199,0.4,0.0026,51,28
"20251122",성동구,0.0316,0.0185,0.47,0.0028,35,18
"20251122",성북구,0.0331,0.0148,0.58,0.0033,43,25
"20251122",송파구,0.0325,0.0177,0.44,0.0027,37,19
"20251122",양천구,0.0325,0.0227,0.5,0.003,45,22
"20251122",영등포구,0.0333,0.0217,0.54,0.0033,39,25
"20251122",용산구,0.037,0.0156,0.59,0.0034,39,20
"20251122",은평구,0.0218,0.0239,0.57,0.0031,41,22
"20251122",종로구,0.0417,0.0165,0.69,0.0036,43,26
"20251122",중구,0.0392,0.0158,0.56,0.0029,45,25
"20251122",중랑구,0.0326,0.0159,0.53,0.0031,38,24
"20251122",강남대로,0.0327,0.0138,0.65,0.0034,43,24
"20251122",강변북로,0.0384,0.0134,0.74,0.0035,43,24
"20251122",공항대로,0.0349,0.0168,0.62,0.0035,45,21
"20251122",도산대로,0.0275,0.0217,0.71,0.003,50,25
"20251122",동작대로,0.04,0.0143,0.65,0.0028,46,19
"20251122",시흥대로,0.0384,0.0184,0.58,0.0035,44,23
"20251122",신촌로,0.0445,0.0109,0.85,0.0035,54,29
"20251122",영등포로,0.0389,0.0162,0.65,0.0032,43,20
"20251122",정릉로,0.0421,0.0125,0.68,0.003,43,20
"20251122",종로,0.0328,0.0137,0.58,0.0026,41,22
"20251122",천호대로,0.0375,0.0137,0.66,0.0031,36,20
"20251122",청계천로,0.0396,0.0122,0.7,0.003,46,23
"20251122",한강대로,0.0376,0.0139,0.65,0.0045,51,30
"20251122",홍릉로,0.0402,0.0112,0.77,0.0032,45,25
"20251122",화랑로,0.0386,0.013,0.6,0.0027,38,21
"20251122",관악산,0.0127,0.0548,0.43,0.0031,43,21
"20251122",남산,0.0179,0.0311,0.6,0.0037,41,18
"20251122",북한산,0.0125,0.0345,0.39,0.0028,33,21
"20251122",세곡,0.0307,0.0156,0.55,0.0035,40,19
"20251122",항동,0.0297,0.0169,0.7,0.003,36,20
"20251122",행주,0.0284,0.019,0.82,0.0038,39,22
"20251122",마포아트센터,0.0297,0.0259,0.65,0.0038,44,24
"20251122",서울숲,0.0311,0.0191,0.71,0.0034,47,24
"20251122",올림픽공원,0.0177,0.02,0.49,0.0022,37,22
"20251122",자연사박물관,0.027,0.0276,0.72,0.0036,43,26
"20251123",강남구,0.0232,0.0315,0.47,0.003,43,28
"20251123",강동구,0.026,0.0298,0.63,0.0023,54,37
"20251123",강북구,0.0244,0.03,0.54,0.0026,50,32
"20251123",강서구,0.0289,0.0312,0.53,0.0034,45,25
"20251123",관악구,0.0228,0.0361,0.48,0.003,42,29
"20251123",광진구,0.0229,0.0379,0.71,0.0028,42,30
"20251123",구로구,0.0233,0.032,0.43,0.0029,51,31
"20251123",금천구,0.0183,0.0405,0.44,0.003,41,29
"20251123",노원구,0.0322,0.0248,0.65,0.003,51,34
"20251123",도봉구,0.027,0.0324,0.56,0.0032,51,36
"20251123",동대문구,0.0296,0.0268,0.55,0.0029,47,29
"20251123",동작구,0.0272,0.0343,0.51,0.0029,41,26
"20251123",마포구,0.0267,0.0356,0.5,0.003,40,31
"20251123",서대문구,0.0257,0.0349,0.61,0.0048,43,33
"20251123",서초구,0.0227,0.032,0.4,0.0026,50,34
"20251123",성동구,0.0268,0.0303,0.49,0.0027,42,26
"20251123",성북구,0.0295,0.0235,0.55,0.0033,50,34
"20251123",송파구,0.0248,0.0325,0.47,0.0027,45,25
"20251123",양천구,0.0245,0.0361,0.48,0.0029,48,26
"20251123",영등포구,0.0279,0.0326,0.52,0.0032,41,30
"20251123",용산구,0.0302,0.027,0.56,0.0034,40,25
"20251123",은평구,0.0145,0.04,0.55,0.0032,49,33
"20251123",종로구,0.0336,0.0304,0.62,0.0036,47,31
"20251123",중구,0.0306,0.0317,0.56,0.0031,51,34
"20251123",중랑구,0.0259,0.0278,0.5,0.003,44,31
"20251123",강남대로,0.0256,0.0268,0.66,0.0028,51,32
"20251123",강변북로,0.0304,0.0254,0.79,0.0033,50,31
"20251123",공항대로,0.0248,0.0338,0.48,0.003,41,23
"20251123",도산대로,0.0217,0.034,0.69,0.0028,55,31
"20251123",동작대로,0.035,0.0262,0.6,0.0027,47,23
"20251123",시흥대로,0.0322,0.0312,0.59,0.0034,46,28
"20251123",신촌로,0.0328,0.028,0.61,0.0033,53,30
"20251123",영등포로,0.0334,0.0276,0.58,0.0032,47,26
"20251123",정릉로,0.0381,0.0226,0.67,0.003,52,27
"20251123",종로,0.032,0.0237,0.61,0.0029,48,30
"20251123",천호대로,0.0305,0.0247,0.6,0.0029,43,28
"20251123",청계천로,0.0335,0.0251,0.67,0.0032,54,31
"20251123",한강대로,0.0326,0.0248,0.6,0.0043,57,38
"20251123",홍릉로,0.0333,0.0226,0.61,0.0032,47,33
"20251123",화랑로,0.0335,0.0234,0.58,0.0025,44,30
"20251123",관악산,0.012,0.0694,0.52,0.0033,50,30
"20251123",남산,0.0134,0.0432,0.67,0.0037,46,26
"20251123",북한산,0.0154,0.041,0.44,0.0028,45,35
"20251123",세곡,0.0204,0.0329,0.52,0.0031,48,27
"20251123",항동,0.0167,0.0345,0.72,0.0031,40,29
"20251123",행주,0.0246,0.0298,0.76,0.0037,42,26
"20251123",마포아트센터,0.0245,0.0384,0.66,0.0038,50,33
"20251123",서울숲,0.0261,0.0301,0.75,0.0033,52,34
"20251123",올림픽공원,0.0125,0.0346,0.47,0.0022,44,31
"20251123",자연사박물관,0.0192,0.0443,0.71,0.0036,45,31
"20251124",강남구,0.0248,0.0441,0.55,0.003,77,53
"20251124",강동구,0.0289,0.0447,0.71,0.0026,87,63
"20251124",강북구,0.0259,0.0391,0.57,0.0027,81,53
"20251124",강서구,0.0283,0.044,0.58,0.0036,79,49
"20251124",관악구,0.0195,0.0522,0.52,0.0031,74,52
"20251124",광진구,0.0284,0.0507,0.68,0.0032,70,52
"20251124",구로구,0.0193,0.0481,0.46,0.0031,88,59
"20251124",금천구,0.0236,0.0483,0.54,0.003,77,56
"20251124",노원구,0.0278,0.044,0.58,0.003,80,53
"20251124",도봉구,0.0268,0.0479,0.63,0.0035,80,60
"20251124",동대문구,0.0248,0.0422,0.53,0.0031,79,54
"20251124",동작구,0.0218,0.0526,0.52,0.0029,72,48
"20251124",마포구,0.0251,0.0511,0.55,0.0031,66,54
"20251124",서대문구,0.0279,0.0456,0.67,0.0048,69,58
"20251124",서초구,0.0223,0.0467,0.43,0.0028,92,63
"20251124",성동구,0.0268,0.0434,0.52,0.0028,73,47
"20251124",성북구,0.0303,0.0344,0.48,0.0033,79,52
"20251124",송파구,0.0293,0.0404,0.51,0.0027,70,41
"20251124",양천구,0.0245,0.0494,0.55,0.003,85,49
"20251124",영등포구,0.0255,0.0484,0.57,0.0032,72,56
"20251124",용산구,0.0273,0.0399,0.57,0.0034,66,42
"20251124",은평구,0.0206,0.044,0.71,0.0032,85,58
"20251124",종로구,0.0287,0.0459,0.61,0.0033,80,52
"20251124",중구,0.0325,0.045,0.57,0.0031,83,58
"20251124",중랑구,0.028,0.0397,0.55,0.0032,77,55
"20251124",강남대로,0.0374,0.0283,0.77,0.0022,88,59
"20251124",강변북로,0.0363,0.0324,0.79,0.0031,85,58
"20251124",공항대로,0.0336,0.0392,0.59,0.0033,70,44
"20251124",도산대로,0.0222,0.0486,0.79,0.003,91,59
"20251124",동작대로,0.0438,0.0332,0.65,0.003,85,42
"20251124",시흥대로,0.034,0.0436,0.58,0.0033,81,51
"20251124",신촌로,0.0359,0.0387,0.73,0.0034,93,54
"20251124",영등포로,0.0364,0.0397,0.66,0.0032,81,48
"20251124",정릉로,0.0438,0.0302,0.67,0.0031,82,47
"20251124",종로,0.0322,0.0357,0.62,0.0029,80,53
"20251124",천호대로,0.0388,0.0329,0.69,0.0034,73,49
"20251124",청계천로,0.036,0.035,0.74,0.0035,87,54
"20251124",한강대로,0.0299,0.0404,0.59,0.0045,91,62
"20251124",홍릉로,0.0311,0.0388,0.61,0.003,75,54
"20251124",화랑로,0.0448,0.0249,0.64,0.0027,72,49
"20251124",관악산,0.016,0.0827,0.64,0.0031,81,53
"20251124",남산,0.0145,0.055,0.78,0.0035,83,52
"20251124",북한산,0.0212,0.0489,0.52,0.0031,78,60
"20251124",세곡,0.035,0.0324,0.67,0.0031,83,50
"20251124",항동,0.027,0.0364,0.81,0.003,75,56
"20251124",행주,0.0295,0.0361,0.83,0.0039,78,51
"20251124",마포아트센터,0.0225,0.0546,0.69,0.0039,85,59
"20251124",서울숲,0.0267,0.041,0.7,0.0034,86,60
"20251124",올림픽공원,0.0137,0.0455,0.47,0.0022,77,57
"20251124",자연사박물관,0.0201,0.0574,0.8,0.0037,80,57
"20251125",강남구,0.0219,0.025,0.61,0.0024,84,65
"20251125",강동구,0.0264,0.0216,0.8,0.0019,84,69
"20251125",강북구,0.0148,0.0295,0.55,0.0022,82,60
"20251125",강서구,0.0211,0.0269,0.57,0.003,88,61
"20251125",관악구,0.0215,0.0255,0.57,0.0025,81,61
"20251125",광진구,0.0287,0.026,0.6,0.0025,73,57
"20251125",구로구,0.0177,0.0271,0.48,0.0024,90,67
"20251125",금천구,0.0336,0.0165,0.64,0.0028,95,70
"20251125",노원구,0.0223,0.0247,0.61,0.0023,84,65
"20251125",도봉구,0.0214,0.03,0.64,0.0027,76,64
"20251125",동대문구,0.0218,0.0233,0.6,0.0023,80,63
"20251125",동작구,0.0217,0.0272,0.56,0.0024,79,58
"20251125",마포구,0.023,0.026,0.58,0.0025,75,64
"20251125",서대문구,0.0222,0.0259,0.68,0.0033,70,65
"20251125",서초구,0.0179,0.027,0.45,0.0023,88,70
"20251125",성동구,0.0222,0.0243,0.57,0.0024,77,53
"20251125",성북구,0.0231,0.0199,0.69,0.0027,76,61
"20251125",송파구,0.0243,0.021,0.58,0.0022,82,53
"20251125",양천구,0.021,0.0277,0.57,0.0025,93,59
"20251125",영등포구,0.0211,0.0282,0.58,0.0027,77,64
"20251125",용산구,0.0244,0.0204,0.65,0.0028,73,52
"20251125",은평구,0.0153,0.0266,0.71,0.0025,82,64
"20251125",종로구,0.0258,0.0237,0.67,0.0029,83,64
"20251125",중구,0.0229,0.0286,0.71,0.0025,85,68
"20251125",중랑구,0.0224,0.0203,0.59,0.0026,75,62
"20251125",강남대로,0.0275,0.015,0.8,0.0023,86,67
"20251125",강변북로,0.029,0.0177,0.72,0.0025,83,65
"20251125",공항대로,0.0236,0.0249,0.57,0.0027,77,54
"20251125",도산대로,0.0223,0.026,0.72,0.0024,91,68
"20251125",동작대로,0.0292,0.0226,0.61,0.0022,84,51
"20251125",시흥대로,0.0265,0.0234,0.6,0.0028,86,63
"20251125",신촌로,0.029,0.019,0.75,0.0028,96,62
"20251125",영등포로,0.0281,0.0226,0.65,0.0027,85,54
"20251125",정릉로,0.0312,0.0174,0.7,0.0025,83,55
"20251125",종로,0.0197,0.0208,0.6,0.0023,78,55
"20251125",천호대로,0.0295,0.0167,0.74,0.0026,75,55
"20251125",청계천로,0.0245,0.0197,0.68,0.0025,87,61
"20251125",한강대로,0.0236,0.0229,0.62,0.0036,87,69
"20251125",홍릉로,0.0266,0.0192,0.68,0.0026,76,61
"20251125",화랑로,0.0305,0.0172,0.66,0.0024,71,55
"20251125",관악산,0.0172,0.0503,0.65,0.0026,84,57
"20251125",남산,0.0132,0.0333,0.7,0.0028,83,61
"20251125",북한산,0.0138,0.035,0.5,0.0025,77,66
"20251125",세곡,0.0235,0.0204,0.69,0.0025,79,54
"20251125",항동,0.0194,0.0232,0.63,0.0016,72,57
"20251125",행주,0.0208,0.0231,0.83,0.003,77,51
"20251125",마포아트센터,0.019,0.0322,0.71,0.0029,82,65
"20251125",서울숲,0.0217,0.0249,0.67,0.0028,82,67
"20251125",올림픽공원,0.0143,0.0252,0.51,0.0019,73,61
"20251125",자연사박물관,0.0179,0.0305,0.84,0.0029,77,66
"20251126",강남구,0.0236,0.0228,0.45,0.0022,46,33
"20251126",강동구,0.0258,0.0205,0.68,0.0019,56,40
"20251126",강북구,0.0181,0.0237,0.42,0.002,44,30
"20251126",강서구,0.0282,0.0208,0.45,0.003,47,30
"20251126",관악구,0.0254,0.0206,0.44,0.0023,44,33
"20251126",광진구,0.0252,0.0254,0.44,0.0024,45,34
"20251126",구로구,0.0237,0.0198,0.39,0.0023,51,33
"20251126",금천구,,,,,,
"20251126",노원구,0.0276,0.0196,0.49,0.0025,51,39
"20251126",도봉구,0.0229,0.0254,0.51,0.0025,41,32
"20251126",동대문구,0.0213,0.0236,0.43,0.0021,45,33
"20251126",동작구,0.0274,0.0214,0.44,0.0024,44,32
"20251126",마포구,0.0248,0.0243,0.42,0.0025,43,31
"20251126",서대문구,0.0226,0.0231,0.54,0.0044,38,32
"20251126",서초구,0.023,0.0202,0.34,0.0022,50,33
"20251126",성동구,0.0276,0.0195,0.44,0.0023,41,30
"20251126",성북구,0.0249,0.019,0.61,0.0026,44,35
"20251126",송파구,0.0269,0.0198,0.45,0.0024,48,34
"20251126",양천구,0.026,0.0225,0.43,0.0025,48,29
"20251126",영등포구,0.0253,0.0236,0.42,0.0025,41,32
"20251126",용산구,0.028,0.0176,0.54,0.0026,51,34
"20251126",은평구,0.018,0.0231,0.53,0.0026,42,29
"20251126",종로구,0.028,0.0239,0.5,0.0026,46,35
"20251126",중구,0.0264,0.022,0.46,0.0024,46,35
"20251126",중랑구,0.0239,0.0185,0.45,0.0027,48,39
"20251126",강남대로,0.0266,0.0158,0.65,0.0025,51,35
"20251126",강변북로,0.0346,0.0149,0.57,0.0025,48,33
"20251126",공항대로,0.028,0.0185,0.45,0.0027,49,29
"20251126",도산대로,0.0256,0.022,0.58,0.0025,50,33
"20251126",동작대로,0.0329,0.0163,0.5,0.0021,47,29
"20251126",시흥대로,0.0363,0.0167,0.55,0.0029,51,35
"20251126",신촌로,0.0306,0.0173,0.58,0.0029,51,33
"20251126",영등포로,0.0306,0.0191,0.52,0.0027,47,27
"20251126",정릉로,0.035,0.016,0.57,0.0026,47,31
"20251126",종로,0.0244,0.019,0.47,0.0022,45,30
"20251126",천호대로,0.0303,0.017,0.56,0.0025,48,33
"20251126",청계천로,0.0299,0.0174,0.64,0.0026,49,30
"20251126",한강대로,0.0257,0.02,0.49,0.0028,45,31
"20251126",홍릉로,0.0302,0.0172,0.57,0.0026,47,32
"20251126",화랑로,0.0311,0.0162,0.56,0.0024,52,39
"20251126",관악산,0.0122,0.0446,0.44,0.0023,38,25
"20251126",남산,0.0195,0.0266,0.37,0.0024,39,26
"20251126",북한산,0.0111,0.029,0.29,0.0024,37,29
"20251126",세곡,0.0254,0.0189,0.59,0.0026,52,31
"20251126",항동,0.0276,0.0154,0.5,0.0016,41,29
"20251126",행주,0.0259,0.0193,0.56,0.0031,46,31
"20251126",마포아트센터,0.0219,0.0292,0.57,0.0028,41,29
"20251126",서울숲,0.0244,0.022,0.51,0.0028,46,34
"20251126",올림픽공원,0.0134,0.0246,0.47,0.0019,46,35
"20251126",자연사박물관,0.0207,0.0281,0.64,0.0028,41,30
"20251127",강남구,0.0234,0.0164,0.42,0.0022,35,21
"20251127",강동구,0.021,0.0188,0.63,0.0019,41,25
"20251127",강북구,0.0169,0.0209,0.39,0.0019,35,20
"20251127",강서구,0.0262,0.0184,0.4,0.0029,33,16
"20251127",관악구,0.02,0.0214,0.36,0.0023,29,17
"20251127",광진구,0.0217,0.0218,0.43,0.0025,34,22
"20251127",구로구,0.0201,0.0191,0.33,0.0021,35,18
"20251127",금천구,,,,,,
"20251127",노원구,0.0222,0.019,0.41,0.0023,36,22
"20251127",도봉구,0.0193,0.0223,0.53,0.0025,34,24
"20251127",동대문구,0.0215,0.0166,0.41,0.0021,35,22
"20251127",동작구,0.0204,0.0234,0.36,0.0024,29,16
"20251127",마포구,0.0242,0.0196,0.4,0.0024,31,21
"20251127",서대문구,0.0211,0.0217,0.43,0.0034,31,23
"20251127",서초구,0.02,0.0184,0.29,0.0022,35,21
"20251127",성동구,0.0232,0.0165,0.39,0.002,32,20
"20251127",성북구,0.0205,0.0156,0.59,0.0029,36,24
"20251127",송파구,0.0231,0.017,0.39,0.0022,34,18
"20251127",양천구,0.0235,0.0201,0.39,0.0025,33,15
"20251127",영등포구,0.0259,0.0179,0.4,0.0025,29,18
"20251127",용산구,0.0241,0.0147,0.43,0.0025,34,18
"20251127",은평구,0.0175,0.0222,0.53,0.0027,34,21
"20251127",종로구,0.0275,0.0171,0.47,0.0026,36,24
"20251127",중구,0.0247,0.0171,0.42,0.0025,36,22
"20251127",중랑구,0.0212,0.0168,0.4,0.0026,34,24
"20251127",강남대로,0.0232,0.0157,0.59,0.0026,39,22
"20251127",강변북로,0.0292,0.0127,0.55,0.0024,38,23
"20251127",공항대로,0.0256,0.017,0.4,0.0027,32,15
"20251127",도산대로,0.021,0.0197,0.59,0.0024,40,21
"20251127",동작대로,0.0281,0.0162,0.42,0.0021,34,14
"20251127",시흥대로,0.027,0.0187,0.43,0.0027,33,16
"20251127",신촌로,0.0285,0.0134,0.54,0.0028,41,21
"20251127",영등포로,0.0294,0.0141,0.47,0.0024,34,14
"20251127",정릉로,0.0288,0.014,0.5,0.0026,38,19
"20251127",종로,0.0243,0.0147,0.47,0.0023,38,21
"20251127",천호대로,0.0243,0.0144,0.47,0.0025,38,21
"20251127",청계천로,0.0274,0.0135,0.52,0.0025,38,20
"20251127",한강대로,0.025,0.0145,0.46,0.0028,36,21
"20251127",홍릉로,0.0259,0.0137,0.47,0.0026,35,21
"20251127",화랑로,0.0279,0.0141,0.47,0.0024,33,20
"20251127",관악산,0.0101,0.0437,0.43,0.0026,30,14
"20251127",남산,0.0179,0.0225,0.4,0.0024,31,17
"20251127",북한산,0.0136,0.0253,0.31,0.0024,31,22
"20251127",세곡,0.021,0.0162,0.49,0.0027,38,22
"20251127",항동,0.0178,0.0218,0.46,0.0019,26,13
"20251127",행주,0.0216,0.0205,0.55,0.0031,30,17
"20251127",마포아트센터,0.023,0.022,0.56,0.003,35,20
"20251127",서울숲,0.0217,0.0191,0.5,0.0029,37,25
"20251127",올림픽공원,0.0125,0.0204,0.45,0.002,32,22
"20251127",자연사박물관,0.0196,0.0241,0.57,0.0027,33,22
"20251128",강남구,0.0205,0.0191,0.38,0.002,23,12
"20251128",강동구,0.02,0.0203,0.61,0.002,28,14
"20251128",강북구,0.0121,0.0242,0.32,0.0018,21,12
"20251128",강서구,0.0245,0.019,0.37,0.0028,24,13
"20251128",관악구,0.0232,0.0163,0.4,0.0024,25,15
"20251128",광진구,0.0179,0.0256,0.4,0.0023,21,13
"20251128",구로구,0.0207,0.0188,0.32,0.0023,28,13
"20251128",금천구,,,,,,
"20251128",노원구,0.0199,0.0203,0.38,0.0022,23,14
"20251128",도봉구,0.0137,0.0267,0.45,0.0024,21,14
"20251128",동대문구,0.0174,0.0212,0.35,0.002,22,12
"20251128",동작구,0.0227,0.0197,0.37,0.0022,21,13
"20251128",마포구,0.0222,0.02,0.37,0.0022,25,16
"20251128",서대문구,0.0171,0.0229,0.41,0.003,22,15
"20251128",서초구,0.0208,0.0178,0.29,0.0022,25,14
"20251128",성동구,0.023,0.0181,0.37,0.0022,20,12
"20251128",성북구,0.0176,0.0196,0.54,0.003,21,14
"20251128",송파구,0.023,0.018,0.37,0.0022,23,12
"20251128",양천구,0.0223,0.021,0.35,0.0025,25,12
"20251128",영등포구,0.0229,0.0197,0.37,0.0024,22,14
"20251128",용산구,0.0225,0.0166,0.43,0.0024,25,13
"20251128",은평구,0.013,0.0238,0.44,0.0027,24,13
"20251128",종로구,0.0226,0.0213,0.41,0.0022,22,15
"20251128",중구,0.0178,0.0216,0.35,0.0024,23,15
"20251128",중랑구,0.0195,0.0184,0.35,0.0025,21,14
"20251128",강남대로,0.0247,0.0143,0.58,0.0025,31,15
"20251128",강변북로,0.0268,0.0158,0.52,0.0026,26,15
"20251128",공항대로,0.0242,0.016,0.4,0.0024,27,12
"20251128",도산대로,0.0212,0.0189,0.87,0.0025,28,14
"20251128",동작대로,0.03,0.0144,0.44,0.0021,25,10
"20251128",시흥대로,0.0313,0.0159,0.45,0.0027,25,14
"20251128",신촌로,0.0281,0.0146,0.54,0.0028,30,16
"20251128",영등포로,0.0273,0.0156,0.45,0.0024,28,13
"20251128",정릉로,0.03,0.0146,0.46,0.0026,27,11
"20251128",종로,0.015,0.0206,0.36,0.002,22,11
"20251128",천호대로,0.0249,0.0157,0.46,0.0024,23,12
"20251128",청계천로,0.0236,0.0176,0.47,0.0021,25,12
"20251128",한강대로,0.0219,0.018,0.43,0.0028,24,12
"20251128",홍릉로,0.0249,0.0155,0.46,0.0025,25,13
"20251128",화랑로,0.0276,0.0166,0.44,0.0024,22,13
"20251128",관악산,0.0126,0.0341,0.37,0.0027,25,11
"20251128",남산,0.0174,0.0223,0.39,0.0025,20,11
"20251128",북한산,0.006,0.0292,0.23,0.0024,18,14
"20251128",세곡,0.0246,0.0151,0.48,0.0028,27,12
"20251128",항동,0.0215,0.0167,0.41,0.0025,20,9
"20251128",행주,0.0168,0.0227,0.58,0.0032,22,13
"20251128",마포아트센터,0.0193,0.0256,0.54,0.003,22,13
"20251128",서울숲,0.0195,0.0217,0.52,0.003,24,16
"20251128",올림픽공원,0.0105,0.0238,0.49,0.0024,19,13
"20251128",자연사박물관,0.0169,0.0265,0.49,0.0027,24,14
"20251129",강남구,0.0343,0.0066,0.5,0.0023,28,15
"20251129",강동구,0.0312,0.0092,0.75,0.0022,33,18
"20251129",강북구,0.0239,0.0111,0.47,0.0021,23,12
"20251129",강서구,0.0442,0.0057,0.64,0.0029,32,16
"20251129",관악구,0.0315,0.0112,0.45,0.0026,28,15
"20251129",광진구,0.0275,0.0143,0.54,0.0023,24,14
"20251129",구로구,0.0343,0.0079,0.41,0.0023,39,18
"20251129",금천구,,,,,,
"20251129",노원구,0.0311,0.0102,0.54,0.0027,27,15
"20251129",도봉구,0.0268,0.0133,0.59,0.0025,24,16
"20251129",동대문구,0.0335,0.0071,0.51,0.0023,27,15
"20251129",동작구,0.0343,0.0112,0.47,0.0026,29,16
"20251129",마포구,0.0369,0.0078,0.55,0.0026,30,20
"20251129",서대문구,0.0263,0.016,0.48,0.0037,28,17
"20251129",서초구,0.0353,0.0055,0.39,0.0023,32,19
"20251129",성동구,0.0331,0.0082,0.47,0.0024,24,15
"20251129",성북구,0.0305,0.0078,0.7,0.0033,28,17
"20251129",송파구,0.0336,0.0086,0.46,0.0026,28,14
"20251129",양천구,0.0408,0.0055,0.56,0.0025,33,15
"20251129",영등포구,0.0417,0.0051,0.58,0.0028,30,18
"20251129",용산구,0.0375,0.0062,0.55,0.0027,31,14
"20251129",은평구,0.018,0.0212,0.48,0.0029,28,13
"20251129",종로구,0.0396,0.0086,0.57,0.0027,26,16
"20251129",중구,0.0347,0.008,0.51,0.0026,30,17
"20251129",중랑구,0.0276,0.01,0.47,0.0027,24,15
"20251129",강남대로,0.0324,0.0069,0.71,0.0033,37,18
"20251129",강변북로,0.0342,0.0077,0.62,0.0027,29,17
"20251129",공항대로,0.0371,0.006,0.55,0.0026,32,14
"20251129",도산대로,0.0317,0.0082,1.35,0.0027,39,19
"20251129",동작대로,0.0389,0.005,0.58,0.0025,32,12
"20251129",시흥대로,0.0385,0.0116,0.57,0.003,33,14
"20251129",신촌로,0.037,0.0066,0.55,0.0028,32,16
"20251129",영등포로,0.04,0.0046,0.6,0.0029,32,15
"20251129",정릉로,0.0374,0.0058,0.6,0.0027,30,12
"20251129",종로,0.0263,0.0052,0.6,0.0025,30,14
"20251129",천호대로,0.0345,0.0059,0.65,0.0027,28,15
"20251129",청계천로,0.0374,0.006,0.61,0.0025,31,14
"20251129",한강대로,0.0364,0.0046,0.55,0.003,31,17
"20251129",홍릉로,0.0343,0.0061,0.56,0.0026,26,14
"20251129",화랑로,0.0362,0.0062,0.58,0.0025,25,14
"20251129",관악산,0.0099,0.0451,0.42,0.0029,30,11
"20251129",남산,0.0269,0.0153,0.43,0.0027,29,13
"20251129",북한산,0.0148,0.0204,0.37,0.0025,26,16
"20251129",세곡,0.0266,0.0116,0.52,0.0031,31,14
"20251129",항동,0.0241,0.019,0.53,0.0028,25,10
"20251129",행주,0.0333,0.009,0.75,0.0032,26,14
"20251129",마포아트센터,0.0341,0.0113,0.68,0.0033,29,15
"20251129",서울숲,0.0307,0.0104,0.67,0.0031,31,18
"20251129",올림픽공원,0.0168,0.0113,0.59,0.0026,23,15
"20251129",자연사박물관,0.0215,0.0232,0.57,0.0029,28,15
"20251130",강남구,0.0214,0.0326,0.5,0.0027,80,30
"20251130",강동구,0.0288,0.0308,0.91,0.0024,82,34
"20251130",강북구,0.0224,0.0294,0.58,0.0026,76,26
"20251130",강서구,0.0277,0.0298,0.58,0.0029,88,21
"20251130",관악구,0.0179,0.0379,0.45,0.0025,86,32
"20251130",광진구,0.0252,0.036,0.6,0.003,72,25
"20251130",구로구,0.0192,0.034,0.38,0.0024,92,31
"20251130",금천구,,,,,,
"20251130",노원구,0.0295,0.0271,0.81,0.0031,77,29
"20251130",도봉구,0.0271,0.0308,0.77,0.0029,78,33
"20251130",동대문구,0.0298,0.0281,0.78,0.0033,75,31
"20251130",동작구,0.0204,0.0382,0.47,0.0025,80,28
"20251130",마포구,0.0271,0.0328,0.54,0.0027,76,29
"20251130",서대문구,0.0256,0.0291,0.84,0.0045,78,34
"20251130",서초구,0.022,0.0309,0.44,0.0024,89,35
"20251130",성동구,0.0289,0.0284,0.58,0.0029,73,25
"20251130",성북구,0.0311,0.0234,0.93,0.0037,79,34
"20251130",송파구,0.0204,0.034,0.44,0.0026,73,19
"20251130",양천구,0.0234,0.0341,0.5,0.0024,89,20
"20251130",영등포구,0.0212,0.035,0.45,0.0026,76,28
"20251130",용산구,0.0243,0.0279,0.53,0.0029,79,25
"20251130",은평구,0.0159,0.0328,0.68,0.0028,96,32
"20251130",종로구,0.0342,0.0294,0.81,0.004,77,27
"20251130",중구,0.0281,0.0296,0.64,0.0031,78,28
"20251130",중랑구,0.0313,0.0237,0.67,0.0031,75,33
"20251130",강남대로,0.0206,0.0292,0.66,0.0026,87,31
"20251130",강변북로,0.0327,0.0225,0.83,0.0027,81,32
"20251130",공항대로,0.0221,0.0323,0.48,0.0026,85,21
"20251130",도산대로,0.0248,0.0301,1.63,0.0026,94,34
"20251130",동작대로,0.0334,0.0261,0.73,0.0026,84,22
"20251130",시흥대로,0.0259,0.0328,0.49,0.0027,92,26
"20251130",신촌로,0.0338,0.0233,0.74,0.003,95,26
"20251130",영등포로,0.0309,0.0262,0.63,0.0027,85,22
"20251130",정릉로,0.0405,0.0202,0.96,0.0036,84,34
"20251130",종로,0.0207,0.0255,0.71,0.0029,75,26
"20251130",천호대로,0.0311,0.0257,0.78,0.0029,71,24
"20251130",청계천로,0.0319,0.0246,0.8,0.003,83,26
"20251130",한강대로,0.0312,0.0232,0.7,0.0034,92,34
"20251130",홍릉로,0.0344,0.0231,0.87,0.0031,72,30
"20251130",화랑로,0.0272,0.0279,0.57,0.0026,70,24
"20251130",관악산,0.0106,0.0662,0.55,0.0029,64,24
"20251130",남산,0.0105,0.0437,0.39,0.0026,91,27
"20251130",북한산,0.0141,0.0442,0.48,0.0028,97,39
"20251130",세곡,0.0174,0.035,0.52,0.0031,81,26
"20251130",항동,0.0154,0.0309,0.59,0.0028,70,26
"20251130",행주,0.0184,0.0329,0.6,0.003,74,24
"20251130",마포아트센터,0.0193,0.0397,0.65,0.0033,91,31
"20251130",서울숲,0.0243,0.0286,0.84,0.0032,79,33
"20251130",올림픽공원,0.0109,0.0371,0.55,0.0026,74,28
"20251130",자연사박물관,0.0146,0.0449,0.7,0.0029,82,31
"20251201",강남구,0.0151,0.0268,0.39,0.0026,48,21
"20251201",강동구,0.0143,0.0303,0.5,0.0022,55,24
"20251201",강북구,0.0075,0.0346,0.31,0.0022,47,19
"20251201",강서구,0.0163,0.0252,0.37,0.003,52,19
"20251201",관악구,0.0172,0.0253,0.38,0.0027,47,23
"20251201",광진구,0.0137,0.0352,0.4,0.0029,47,21
"20251201",구로구,0.0141,0.0258,0.32,0.0027,55,22
"20251201",금천구,,,,,,
"20251201",노원구,0.0125,0.0319,0.34,0.0024,52,23
"20251201",도봉구,0.0091,0.0368,0.44,0.0028,46,23
"20251201",동대문구,0.0111,0.0288,0.35,0.0025,45,20
"20251201",동작구,0.0153,0.0275,0.36,0.0027,49,23
"20251201",마포구,0.0165,0.0276,0.36,0.0026,43,21
"20251201",서대문구,0.0144,0.0291,0.42,0.0043,43,22
"20251201",서초구,0.0143,0.026,0.3,0.0026,64,24
"20251201",성동구,0.0163,0.026,0.36,0.0025,44,18
"20251201",성북구,0.0123,0.0279,0.49,0.0032,43,20
"20251201",송파구,0.0168,0.0263,0.37,0.0026,48,17
"20251201",양천구,0.0154,0.0282,0.38,0.0027,52,19
"20251201",영등포구,0.0157,0.0272,0.37,0.0027,42,22
"20251201",용산구,0.0145,0.0244,0.4,0.0028,52,19
"20251201",은평구,0.0128,0.0269,0.54,0.0028,48,20
"20251201",종로구,0.0149,0.0296,0.39,0.0028,48,20
"20251201",중구,0.012,0.0295,0.35,0.0028,48,21
"20251201",중랑구,0.015,0.026,0.37,0.0029,46,23
"20251201",강남대로,0.0221,0.0197,0.6,0.0023,56,23
"20251201",강변북로,0.0237,0.0215,0.57,0.0028,51,22
"20251201",공항대로,0.0195,0.0235,0.38,0.0027,48,17
"20251201",도산대로,0.0151,0.0248,0.46,0.0027,53,21
"20251201",동작대로,0.0234,0.023,0.43,0.0024,52,16
"20251201",시흥대로,0.02,0.0254,0.4,0.0029,51,22
"20251201",신촌로,0.0212,0.0211,0.5,0.0029,57,21
"20251201",영등포로,0.0205,0.0236,0.45,0.0029,49,17
"20251201",정릉로,0.0195,0.0257,0.39,0.0029,46,18
"20251201",종로,0.009,0.0287,0.36,0.0023,48,18
"20251201",천호대로,0.0193,0.025,0.45,0.0027,48,19
"20251201",청계천로,0.0157,0.0268,0.41,0.0024,49,18
"20251201",한강대로,0.0163,0.0251,0.4,0.0033,48,19
"20251201",홍릉로,0.0182,0.0243,0.44,0.0027,47,19
"20251201",화랑로,0.0212,0.0276,0.41,0.0025,45,18
"20251201",관악산,0.0117,0.0393,0.5,0.0031,51,21
"20251201",남산,0.0113,0.0299,0.4,0.0026,44,18
"20251201",북한산,0.0062,0.0354,0.33,0.0026,43,23
"20251201",세곡,0.0219,0.0225,0.45,0.0029,53,20
"20251201",항동,0.0151,0.0254,0.5,0.0032,39,18
"20251201",행주,0.01,0.0307,0.57,0.0031,40,17
"20251201",마포아트센터,0.0138,0.0333,0.54,0.0033,48,20
"20251201",서울숲,0.0139,0.03,0.54,0.0032,49,23
"20251201",올림픽공원,0.0082,0.0331,0.5,0.0026,46,22
"20251201",자연사박물관,0.0118,0.0341,0.54,0.0029,45,20
"20251202",강남구,0.0101,0.0283,0.29,0.0022,16,6
"20251202",강동구,0.009,0.031,0.41,0.0023,23,8
"20251202",강북구,0.0055,0.033,0.25,0.0019,17,5
"20251202",강서구,0.0139,0.0263,0.31,0.0027,23,8
"20251202",관악구,0.0125,0.0265,0.31,0.0025,18,8
"20251202",광진구,0.0084,0.0368,0.39,0.0021,17,7
"20251202",구로구,0.0116,0.0263,0.26,0.0024,24,9
"20251202",금천구,,,,,,
"20251202",노원구,0.0093,0.0312,0.27,0.0022,18,7
"20251202",도봉구,0.007,0.0353,0.43,0.0025,16,9
"20251202",동대문구,0.0098,0.0287,0.27,0.0021,15,5
"20251202",동작구,0.011,0.0288,0.29,0.0022,17,8
"20251202",마포구,0.0127,0.0287,0.29,0.0023,16,7
"20251202",서대문구,0.0088,0.032,0.3,0.0031,17,10
"20251202",서초구,0.0104,0.0276,0.25,0.0024,23,7
"20251202",성동구,0.0109,0.0283,0.26,0.0021,15,6
"20251202",성북구,0.0091,0.0281,0.51,0.0032,17,8
"20251202",송파구,0.0122,0.0274,0.28,0.0023,17,6
"20251202",양천구,0.014,0.028,0.31,0.0025,22,7
"20251202",영등포구,0.0136,0.0268,0.29,0.0025,19,8
"20251202",용산구,0.0103,0.0261,0.29,0.0024,21,4
"20251202",은평구,0.0094,0.0289,0.42,0.0031,22,8
"20251202",종로구,0.0119,0.029,0.3,0.0022,14,7
"20251202",중구,0.008,0.03,0.26,0.0026,18,8
"20251202",중랑구,0.0108,0.0262,0.29,0.0027,17,8
"20251202",강남대로,0.0184,0.0223,0.5,0.0022,25,8
"20251202",강변북로,0.0133,0.0271,0.43,0.0028,19,8
"20251202",공항대로,0.0159,0.0241,0.32,0.0022,23,6
"20251202",도산대로,0.0124,0.0266,0.29,0.0028,22,7
"20251202",동작대로,0.0216,0.0243,0.32,0.0023,22,5
"20251202",시흥대로,0.0191,0.0242,0.34,0.0027,21,8
"20251202",신촌로,0.018,0.0228,0.4,0.0028,25,9
"20251202",영등포로,0.0161,0.0261,0.34,0.0026,20,6
"20251202",정릉로,0.0181,0.0248,0.33,0.0028,18,5
"20251202",종로,0.0068,0.0303,0.27,0.0021,18,6
"20251202",천호대로,0.0186,0.0238,0.38,0.0025,19,7
"20251202",청계천로,0.0126,0.0279,0.32,0.0022,19,5
"20251202",한강대로,0.0137,0.027,0.31,0.0032,19,7
"20251202",홍릉로,0.0145,0.0263,0.33,0.0026,20,6
"20251202",화랑로,0.0176,0.0276,0.33,0.0025,16,6
"20251202",관악산,0.0078,0.0385,0.45,0.0029,22,8
"20251202",남산,0.0068,0.0321,0.35,0.0026,14,4
"20251202",북한산,0.0031,0.0379,0.28,0.0027,17,9
"20251202",세곡,0.0161,0.0244,0.4,0.003,23,7
"20251202",항동,0.0102,0.0261,0.39,0.0031,17,5
"20251202",행주,0.0057,0.0326,0.63,0.0032,16,7
"20251202",마포아트센터,0.0099,0.0346,0.51,0.0033,18,6
"20251202",서울숲,0.0081,0.0342,0.44,0.0032,20,9
"20251202",올림픽공원,0.0054,0.0351,0.55,0.0026,15,6
"20251202",자연사박물관,0.0079,0.0363,0.43,0.003,20,7
"20251203",강남구,0.0089,0.0255,0.29,0.0021,17,6
"20251203",강동구,0.0081,0.0292,0.4,0.0028,24,8
"20251203",강북구,0.0043,0.0311,0.25,0.0019,19,6
"20251203",강서구,0.0106,0.0264,0.3,0.0027,22,7
"20251203",관악구,0.0111,0.0255,0.3,0.0026,17,7
"20251203",광진구,0.008,0.0337,0.49,0.0016,17,8
"20251203",구로구,0.0099,0.0239,0.25,0.0025,24,7
"20251203",금천구,,,,,,
"20251203",노원구,0.0085,0.0285,0.27,0.0022,20,8
"20251203",도봉구,0.0052,0.0334,0.47,0.0027,19,9
"20251203",동대문구,0.0082,0.0265,0.27,0.002,16,6
"20251203",동작구,0.0094,0.0268,0.28,0.002,18,8
"20251203",마포구,0.0101,0.0284,0.28,0.0022,16,7
"20251203",서대문구,0.0081,0.0296,0.28,0.0032,20,10
"20251203",서초구,0.0092,0.0256,0.28,0.0026,22,8
"20251203",성동구,0.0098,0.0249,0.27,0.002,15,7
"20251203",성북구,0.0074,0.0262,0.56,0.0035,19,9
"20251203",송파구,0.0113,0.0253,0.28,0.0023,18,7
"20251203",양천구,0.0111,0.0264,0.3,0.0025,21,7
"20251203",영등포구,0.0108,0.026,0.28,0.0023,17,8
"20251203",용산구,0.0088,0.024,0.3,0.0023,22,5
"20251203",은평구,0.0075,0.0279,0.4,0.0034,22,8
"20251203",종로구,0.0091,0.0272,0.31,0.0022,17,9
"20251203",중구,0.0075,0.0256,0.26,0.0027,20,9
"20251203",중랑구,0.0097,0.0231,0.29,0.0024,16,7
"20251203",강남대로,0.0162,0.0211,0.55,0.0024,29,10
"20251203",강변북로,0.013,0.0247,0.52,0.0033,22,9
"20251203",공항대로,0.0122,0.0243,0.3,0.002,21,5
"20251203",도산대로,0.0103,0.0265,0.54,0.0028,24,9
"20251203",동작대로,0.0188,0.0235,0.31,0.0022,21,5
"20251203",시흥대로,0.0162,0.0239,0.33,0.0026,22,8
"20251203",신촌로,0.0157,0.0227,0.38,0.0026,25,8
"20251203",영등포로,0.0129,0.0257,0.33,0.0021,19,5
"20251203",정릉로,0.014,0.0244,0.31,0.0025,19,5
"20251203",종로,0.0052,0.0284,0.27,0.0021,21,6
"20251203",천호대로,0.0155,0.0231,0.37,0.0023,18,7
"20251203",청계천로,0.0105,0.026,0.31,0.0017,20,6
"20251203",한강대로,0.0118,0.0249,0.3,0.0034,20,6
"20251203",홍릉로,0.0123,0.0249,0.32,0.0027,20,5
"20251203",화랑로,0.0155,0.025,0.33,0.0023,16,6
"20251203",관악산,0.0055,0.0365,0.45,0.003,23,7
"20251203",남산,0.0066,0.0291,0.39,0.0029,16,5
"20251203",북한산,0.0031,0.0346,0.32,0.0032,19,9
"20251203",세곡,0.0121,0.0253,0.42,0.0033,23,7
"20251203",항동,0.0068,0.0279,0.39,0.003,16,5
"20251203",행주,0.004,0.0316,0.71,0.0035,16,6
"20251203",마포아트센터,0.0077,0.0329,0.56,0.0037,20,7
"20251203",서울숲,0.0074,0.0326,0.44,0.0035,21,10
"20251203",올림픽공원,0.0047,0.033,0.64,0.0028,16,6
"20251203",자연사박물관,0.0069,0.0342,0.45,0.0034,21,7
"20251204",강남구,0.0208,0.0163,0.39,0.0021,20,10
"20251204",강동구,0.0198,0.0181,0.52,0.0028,27,11
"20251204",강북구,0.0156,0.0202,0.37,0.0019,24,10
"20251204",강서구,0.0187,0.0203,0.38,0.0027,24,10
"20251204",관악구,0.0187,0.0198,0.38,0.0025,21,10
"20251204",광진구,0.0192,0.022,0.58,0.0017,19,10
"20251204",구로구,0.0175,0.0174,0.31,0.0025,26,10
"20251204",금천구,,,,,,
"20251204",노원구,0.0207,0.0177,0.38,0.0024,23,13
"20251204",도봉구,0.0189,0.0211,0.61,0.0028,22,14
"20251204",동대문구,0.0193,0.0167,0.37,0.0021,20,9
"20251204",동작구,0.0186,0.0191,0.36,0.0022,21,10
"20251204",마포구,0.0179,0.0216,0.35,0.0023,19,10
"20251204",서대문구,0.0197,0.02,0.44,0.0037,19,13
"20251204",서초구,0.0198,0.0165,0.35,0.0026,24,12
"20251204",성동구,0.0199,0.0161,0.37,0.0021,17,9
"20251204",성북구,0.0182,0.0165,0.68,0.0037,23,13
"20251204",송파구,0.0209,0.0167,0.35,0.0023,20,9
"20251204",양천구,0.0195,0.0196,0.38,0.0026,25,10
"20251204",영등포구,0.0187,0.019,0.37,0.0023,20,11
"20251204",용산구,0.02,0.0164,0.4,0.0024,22,8
"20251204",은평구,0.0174,0.0192,0.5,0.0034,24,11
"20251204",종로구,0.0204,0.0183,0.41,0.0022,20,12
"20251204",중구,0.0207,0.0164,0.4,0.0027,23,12
"20251204",중랑구,0.0186,0.0152,0.37,0.0026,22,12
"20251204",강남대로,0.0216,0.0161,0.6,0.0031,28,13
"20251204",강변북로,0.022,0.0156,0.61,0.0033,25,13
"20251204",공항대로,0.0172,0.0196,0.36,0.0021,22,9
"20251204",도산대로,0.0205,0.017,0.64,0.0029,28,11
"20251204",동작대로,0.0265,0.0155,0.42,0.0023,25,8
"20251204",시흥대로,0.0263,0.0161,0.43,0.0027,23,10
"20251204",신촌로,0.0223,0.0169,0.45,0.0025,25,11
"20251204",영등포로,0.0228,0.0178,0.42,0.0023,24,9
"20251204",정릉로,0.0263,0.0139,0.45,0.0026,24,8
"20251204",종로,0.0165,0.0171,0.4,0.0023,23,9
"20251204",천호대로,0.0239,0.0145,0.44,0.0023,21,10
"20251204",청계천로,0.0218,0.0161,0.47,0.002,23,10
"20251204",한강대로,0.0211,0.0156,0.41,0.0028,25,11
"20251204",홍릉로,0.0237,0.0147,0.42,0.0027,25,10
"20251204",화랑로,0.0278,0.0137,0.43,0.0024,21,10
"20251204",관악산,0.0077,0.0342,0.49,0.003,20,9
"20251204",남산,0.0167,0.0219,0.51,0.003,19,7
"20251204",북한산,0.0115,0.0265,0.36,0.0029,21,12
"20251204",세곡,0.0219,0.0159,0.55,0.0036,26,10
"20251204",항동,0.0175,0.019,0.5,0.0032,20,9
"20251204",행주,0.0136,0.0224,0.81,0.0034,22,10
"20251204",마포아트센터,0.0162,0.0254,0.64,0.0037,21,9
"20251204",서울숲,0.0192,0.0195,0.57,0.0034,25,13
"20251204",올림픽공원,0.0114,0.0209,0.72,0.0029,19,11
"20251204",자연사박물관,0.0158,0.026,0.56,0.0033,22,13
"20251205",강남구,0.0227,0.017,0.44,0.0021,24,12
"20251205",강동구,0.0261,0.0153,0.66,0.0027,31,17
"20251205",강북구,0.0153,0.0207,0.41,0.002,26,13
"20251205",강서구,0.0281,0.0158,0.49,0.0029,30,15
"20251205",관악구,0.0243,0.0173,0.45,0.0025,26,13
"20251205",광진구,0.0239,0.0194,0.7,0.0018,24,14
"20251205",구로구,0.0225,0.0156,0.37,0.0026,33,15
"20251205",금천구,,,,,,
"20251205",노원구,0.0264,0.0154,0.54,0.0026,28,17
"20251205",도봉구,0.0176,0.0201,0.57,0.0028,24,16
"20251205",동대문구,0.02,0.0182,0.45,0.0022,24,13
"20251205",동작구,0.0247,0.0165,0.45,0.0022,25,14
"20251205",마포구,0.0241,0.0177,0.45,0.0023,26,16
"20251205",서대문구,0.022,0.0189,0.6,0.0044,27,18
"20251205",서초구,0.0226,0.016,0.39,0.0026,27,14
"20251205",성동구,0.0249,0.0152,0.43,0.0023,22,13
"20251205",성북구,0.022,0.0156,0.69,0.0036,24,16
"20251205",송파구,0.0257,0.0155,0.44,0.0023,24,13
"20251205",양천구,0.0271,0.0158,0.47,0.0027,30,13
"20251205",영등포구,0.025,0.0164,0.44,0.0025,24,14
"20251205",용산구,0.0247,0.0151,0.51,0.0025,31,12
"20251205",은평구,0.0184,0.0176,0.54,0.0032,28,14
"20251205",종로구,0.0236,0.0185,0.52,0.0023,25,16
"20251205",중구,0.0218,0.0162,0.45,0.0026,28,16
"20251205",중랑구,0.0232,0.0142,0.47,0.0025,25,15
"20251205",강남대로,0.025,0.0141,0.7,0.0034,32,17
"20251205",강변북로,0.025,0.0153,0.58,0.0031,27,16
"20251205",공항대로,0.0254,0.0146,0.45,0.0022,26,12
"20251205",도산대로,0.0219,0.0178,0.66,0.0029,30,14
"20251205",동작대로,0.0305,0.0138,0.49,0.0023,26,10
"20251205",시흥대로,0.03,0.014,0.51,0.0028,28,13
"20251205",신촌로,0.0309,0.0128,0.56,0.0027,32,16
"20251205",영등포로,0.0281,0.0149,0.51,0.0024,28,12
"20251205",정릉로,0.0282,0.0143,0.52,0.0027,28,12
"20251205",종로,0.0211,0.0176,0.45,0.0022,25,12
"20251205",천호대로,0.0289,0.0124,0.58,0.0025,26,14
"20251205",청계천로,0.0244,0.0159,0.53,0.0021,26,13
"20251205",한강대로,0.0248,0.0153,0.48,0.0028,25,13
"20251205",홍릉로,0.0278,0.0139,0.54,0.0026,25,13
"20251205",화랑로,0.0317,0.0127,0.54,0.0025,23,15
"20251205",관악산,0.0082,0.0345,0.54,0.0032,29,13
"20251205",남산,0.0195,0.0213,0.56,0.0031,23,11
"20251205",북한산,0.0094,0.0265,0.39,0.0028,22,14
"20251205",세곡,0.0257,0.0143,0.74,0.0036,28,13
"20251205",항동,0.0244,0.0152,0.59,0.0032,22,11
"20251205",행주,0.0176,0.0212,0.85,0.0035,23,11
"20251205",마포아트센터,0.0218,0.0222,0.7,0.0038,26,13
"20251205",서울숲,0.0204,0.0206,0.58,0.0032,26,16
"20251205",올림픽공원,0.0132,0.019,0.81,0.0029,24,15
"20251205",자연사박물관,0.0194,0.0248,0.66,0.0034,25,16
"20251206",강남구,0.0397,0.0042,0.59,0.0023,27,15
"20251206",강동구,0.0368,0.0072,0.77,0.0025,34,21
"20251206",강북구,0.0318,0.0048,0.56,0.0021,27,16
"20251206",강서구,0.0402,0.0074,0.59,0.003,26,13
"20251206",관악구,0.028,0.0143,0.42,0.0025,23,13
"20251206",광진구,0.0342,0.0093,0.78,0.0019,23,15
"20251206",구로구,0.0301,0.0096,0.4,0.0024,30,17
"20251206",금천구,,,,,,
"20251206",노원구,0.0355,0.0069,0.65,0.0026,29,19
"20251206",도봉구,0.0346,0.0058,0.63,0.0026,26,21
"20251206",동대문구,0.0375,0.004,0.65,0.0023,28,18
"20251206",동작구,0.0312,0.0128,0.45,0.0025,25,14
"20251206",마포구,0.0409,0.0049,0.69,0.0026,29,22
"20251206",서대문구,0.0346,0.0078,0.72,0.0038,26,20
"20251206",서초구,0.0363,0.005,0.51,0.0024,30,20
"20251206",성동구,0.0362,0.0046,0.57,0.0024,25,16
"20251206",성북구,0.037,0.004,0.76,0.0033,28,21
"20251206",송파구,0.0357,0.007,0.47,0.0024,22,13
"20251206",양천구,0.0342,0.0096,0.49,0.0027,27,12
"20251206",영등포구,0.0371,0.0074,0.57,0.0028,26,16
"20251206",용산구,0.0393,0.0049,0.6,0.0028,29,14
"20251206",은평구,0.0225,0.0137,0.47,0.0027,26,14
"20251206",종로구,0.044,0.0039,0.8,0.0027,29,21
"20251206",중구,0.039,0.008,0.66,0.0027,31,21
"20251206",중랑구,0.0323,0.0066,0.54,0.0028,26,18
"20251206",강남대로,0.0318,0.0079,0.78,0.0041,31,18
"20251206",강변북로,0.0359,0.0054,0.74,0.003,30,19
"20251206",공항대로,0.0339,0.0078,0.5,0.0026,24,11
"20251206",도산대로,0.034,0.0068,0.99,0.0028,35,19
"20251206",동작대로,0.0391,0.0053,0.63,0.0025,26,11
"20251206",시흥대로,0.0375,0.0091,0.58,0.0029,26,13
"20251206",신촌로,0.0438,0.0035,0.71,0.0029,32,17
"20251206",영등포로,0.0395,0.0055,0.67,0.0029,30,15
"20251206",정릉로,0.0397,0.0038,0.73,0.0029,31,13
"20251206",종로,0.0412,0.0029,0.73,0.0027,27,16
"20251206",천호대로,0.0387,0.0055,0.73,0.0028,25,18
"20251206",청계천로,0.0403,0.0028,0.78,0.0026,30,17
"20251206",한강대로,0.0397,0.0024,0.67,0.0027,31,20
"20251206",홍릉로,0.0382,0.0041,0.68,0.0027,26,18
"20251206",화랑로,0.0384,0.0035,0.61,0.0027,23,15
"20251206",관악산,0.0055,0.0447,0.6,0.0032,29,13
"20251206",남산,0.0276,0.0157,0.6,0.0029,24,12
"20251206",북한산,0.0247,0.0124,0.47,0.0026,25,19
"20251206",세곡,0.0286,0.0093,0.62,0.0037,26,13
"20251206",항동,0.0254,0.0128,0.62,0.0033,20,11
"20251206",행주,0.034,0.0088,0.88,0.0035,23,12
"20251206",마포아트센터,0.0374,0.0081,0.89,0.0036,31,18
"20251206",서울숲,0.0342,0.0077,0.73,0.0032,30,22
"20251206",올림픽공원,0.0185,0.009,0.81,0.0027,23,18
"20251206",자연사박물관,0.0306,0.0142,0.75,0.0032,20,19
"20251207",강남구,0.0304,0.0231,0.85,0.0031,75,47
"20251207",강동구,0.0307,0.0236,1.06,0.0027,77,56
"20251207",강북구,0.0242,0.028,0.74,0.0027,89,52
"20251207",강서구,0.0378,0.026,1.07,0.0036,91,52
"20251207",관악구,0.0327,0.0271,0.79,0.003,85,54
"20251207",광진구,0.0304,0.028,0.92,0.0027,66,46
"20251207",구로구,0.0316,0.0249,0.73,0.0028,94,61
"20251207",금천구,,,,,,
"20251207",노원구,0.033,0.0232,0.92,0.0031,83,52
"20251207",도봉구,0.0317,0.0272,0.91,0.003,80,56
"20251207",동대문구,0.0341,0.0237,1.17,0.0034,80,57
"20251207",동작구,0.0336,0.0277,0.78,0.003,83,49
"20251207",마포구,0.0396,0.0246,1,0.0038,70,57
"20251207",서대문구,0.0307,0.0254,1.04,0.0039,73,59
"20251207",서초구,0.0294,0.0225,0.82,0.0028,80,58
"20251207",성동구,0.0308,0.0221,0.87,0.0032,72,44
"20251207",성북구,0.0359,0.0204,1.19,0.0039,82,56
"20251207",송파구,0.0285,0.0238,0.67,0.0027,63,41
"20251207",양천구,0.0385,0.0254,1.06,0.0032,91,49
"20251207",영등포구,0.034,0.0253,1.09,0.0035,74,53
"20251207",용산구,0.0326,0.0215,0.83,0.0035,69,41
"20251207",은평구,0.0225,0.0262,0.86,0.0028,91,59
"20251207",종로구,0.0375,0.0238,1.2,0.0045,80,54
"20251207",중구,0.0308,0.0353,0.87,0.003,85,59
"20251207",중랑구,0.0345,0.0184,0.87,0.0032,77,56
"20251207",강남대로,0.0246,0.0228,0.94,0.0037,85,57
"20251207",강변북로,0.0332,0.0181,1.08,0.003,76,52
"20251207",공항대로,0.0316,0.0236,0.87,0.0033,72,43
"20251207",도산대로,0.0328,0.0224,1.38,0.0031,85,55
"20251207",동작대로,0.0384,0.022,1.16,0.0032,85,41
"20251207",시흥대로,0.031,0.0277,0.79,0.0032,88,51
"20251207",신촌로,0.0416,0.0174,1.12,0.0033,101,60
"20251207",영등포로,0.0414,0.0188,1.32,0.0037,83,49
"20251207",정릉로,0.0401,0.019,1.09,0.0032,82,47
"20251207",종로,0.031,0.0211,0.97,0.0033,76,47
"20251207",천호대로,0.0313,0.02,0.98,0.0032,66,44
"20251207",청계천로,0.0317,0.0208,1.09,0.0031,82,51
"20251207",한강대로,0.0352,0.0184,1.02,0.0031,87,59
"20251207",홍릉로,0.0385,0.0191,1.21,0.0035,74,56
"20251207",화랑로,0.0279,0.0217,0.71,0.0029,62,40
"20251207",관악산,0.0094,0.0589,0.78,0.0038,91,55
"20251207",남산,0.0174,0.0381,0.81,0.0033,93,57
"20251207",북한산,0.0158,0.0436,0.64,0.0033,92,64
"20251207",세곡,0.0179,0.0287,0.91,0.0037,78,46
"20251207",항동,0.0195,0.0278,0.9,0.0034,77,56
"20251207",행주,0.0228,0.0267,1.06,0.0035,73,44
"20251207",마포아트센터,0.0314,0.0296,1.09,0.0039,92,62
"20251207",서울숲,0.0263,0.0252,1.12,0.0035,77,57
"20251207",올림픽공원,0.0129,0.0276,0.87,0.0029,68,48
"20251207",자연사박물관,0.0193,0.0398,0.96,0.0034,80,67
"20251208",강남구,0.0167,0.0227,0.38,0.0027,33,16
"20251208",강동구,0.017,0.0242,0.67,0.0025,40,19
"20251208",강북구,0.0089,0.0277,0.33,0.0025,32,14
"20251208",강서구,0.0201,0.0208,0.39,0.0032,37,17
"20251208",관악구,0.021,0.0213,0.38,0.0027,32,17
"20251208",광진구,0.0167,0.0291,0.48,0.0028,33,17
"20251208",구로구,0.0169,0.0202,0.32,0.0026,39,16
"20251208",금천구,,,,,,
"20251208",노원구,0.0197,0.0227,0.41,0.0029,37,19
"20251208",도봉구,0.0096,0.0325,0.39,0.0027,31,18
"20251208",동대문구,0.0125,0.0238,0.36,0.0025,33,16
"20251208",동작구,0.0196,0.0236,0.37,0.0027,33,16
"20251208",마포구,0.0215,0.0212,0.37,0.0029,30,17
"20251208",서대문구,0.0172,0.0245,0.51,0.0041,33,20
"20251208",서초구,0.0145,0.0229,0.35,0.0027,37,18
"20251208",성동구,0.0169,0.0215,0.38,0.0027,30,15
"20251208",성북구,0.0138,0.0241,0.45,0.0034,33,18
"20251208",송파구,0.019,0.0211,0.37,0.0026,33,17
"20251208",양천구,0.0225,0.0201,0.4,0.003,37,16
"20251208",영등포구,0.0195,0.022,0.38,0.0029,31,18
"20251208",용산구,0.0181,0.0198,0.41,0.003,36,14
"20251208",은평구,0.0138,0.0241,0.49,0.0027,38,18
"20251208",종로구,0.0176,0.0235,0.42,0.003,34,20
"20251208",중구,0.0148,0.0254,0.36,0.0029,35,19
"20251208",중랑구,0.0183,0.0199,0.39,0.0031,31,18
"20251208",강남대로,0.0234,0.0164,0.66,0.0031,44,18
"20251208",강변북로,0.022,0.0192,0.56,0.0029,39,17
"20251208",공항대로,0.0221,0.0175,0.41,0.0028,36,13
"20251208",도산대로,0.0174,0.0223,0.8,0.0031,40,16
"20251208",동작대로,0.0252,0.0193,0.4,0.0026,39,12
"20251208",시흥대로,0.0226,0.0206,0.39,0.003,37,16
"20251208",신촌로,0.0249,0.0162,0.52,0.003,43,19
"20251208",영등포로,0.0235,0.0191,0.44,0.003,35,14
"20251208",정릉로,0.0239,0.0201,0.42,0.0029,36,13
"20251208",종로,0.0158,0.0224,0.38,0.0025,36,15
"20251208",천호대로,0.0233,0.0179,0.49,0.0029,37,17
"20251208",청계천로,0.0188,0.0205,0.44,0.0026,37,16
"20251208",한강대로,0.0182,0.0193,0.41,0.0031,38,15
"20251208",홍릉로,0.022,0.0186,0.46,0.0029,34,15
"20251208",화랑로,0.0277,0.0199,0.44,0.0029,32,16
"20251208",관악산,0.0089,0.0346,0.6,0.0033,38,16
"20251208",남산,0.0123,0.0271,0.56,0.003,31,13
"20251208",북한산,0.0072,0.0293,0.38,0.0027,31,18
"20251208",세곡,0.0247,0.0169,0.6,0.0034,40,16
"20251208",항동,0.0179,0.0211,0.56,0.0032,26,12
"20251208",행주,0.0119,0.0262,0.76,0.0033,31,15
"20251208",마포아트센터,0.0162,0.0279,0.64,0.0037,36,16
"20251208",서울숲,0.0154,0.0259,0.56,0.0032,35,18
"20251208",올림픽공원,0.009,0.0275,0.69,0.0028,32,16
"20251208",자연사박물관,0.0136,0.0293,0.62,0.0032,33,18
"20251209",강남구,0.0303,0.0125,0.43,0.0025,21,10
"20251209",강동구,0.0343,0.009,0.51,0.0026,30,15
"20251209",강북구,0.0196,0.0168,0.39,0.0021,19,9
"20251209",강서구,0.0369,0.012,0.56,0.0032,27,13
"20251209",관악구,0.0313,0.0136,0.43,0.0025,23,13
"20251209",광진구,0.0311,0.0132,0.56,0.0024,21,11
"20251209",구로구,0.0281,0.013,0.36,0.0024,29,12
"20251209",금천구,,,,,,
"20251209",노원구,0.0322,0.0108,0.51,0.0029,22,12
"20251209",도봉구,0.0264,0.0156,0.51,0.0026,19,12
"20251209",동대문구,0.0322,0.0107,0.51,0.0026,21,11
"20251209",동작구,0.0328,0.0139,0.41,0.0026,21,12
"20251209",마포구,0.033,0.0136,0.46,0.003,22,13
"20251209",서대문구,0.028,0.0145,0.66,0.0053,22,14
"20251209",서초구,0.0285,0.0122,0.39,0.0025,26,14
"20251209",성동구,0.0295,0.0115,0.41,0.0025,17,9
"20251209",성북구,0.032,0.01,0.62,0.0034,21,13
"20251209",송파구,0.0314,0.0118,0.41,0.0024,20,11
"20251209",양천구,0.0339,0.0128,0.44,0.0029,26,11
"20251209",영등포구,0.0324,0.0134,0.43,0.003,21,12
"20251209",용산구,0.0342,0.0088,0.47,0.0031,26,11
"20251209",은평구,0.0211,0.0178,0.47,0.0027,24,11
"20251209",종로구,0.0347,0.0122,0.54,0.003,21,13
"20251209",중구,0.0306,0.0129,0.46,0.0027,23,14
"20251209",중랑구,0.0286,0.0114,0.42,0.0028,19,11
"20251209",강남대로,0.0307,0.0098,0.73,0.004,26,15
"20251209",강변북로,0.034,0.0099,0.63,0.003,25,12
"20251209",공항대로,0.0355,0.0087,0.53,0.0031,24,11
"20251209",도산대로,0.0271,0.0142,0.77,0.0031,27,12
"20251209",동작대로,0.0364,0.01,0.51,0.0026,25,10
"20251209",시흥대로,0.0386,0.0105,0.53,0.0031,28,14
"20251209",신촌로,0.037,0.01,0.64,0.003,31,16
"20251209",영등포로,0.0362,0.0103,0.54,0.0031,27,12
"20251209",정릉로,0.0389,0.0062,0.59,0.003,24,8
"20251209",종로,0.031,0.0111,0.47,0.0026,22,10
"20251209",천호대로,0.0351,0.0067,0.62,0.003,20,11
"20251209",청계천로,0.0343,0.0096,0.61,0.0027,24,11
"20251209",한강대로,0.0311,0.0107,0.5,0.0034,26,12
"20251209",홍릉로,0.0377,0.0061,0.64,0.003,23,12
"20251209",화랑로,0.0376,0.0063,0.55,0.0028,20,11
"20251209",관악산,0.0063,0.0423,0.55,0.0031,25,10
"20251209",남산,0.0229,0.0191,0.51,0.0031,19,9
"20251209",북한산,0.0093,0.0257,0.33,0.0026,15,10
"20251209",세곡,0.0291,0.0108,0.65,0.004,22,11
"20251209",항동,0.0293,0.0117,0.68,0.0033,21,12
"20251209",행주,0.0294,0.0107,0.79,0.0037,23,12
"20251209",마포아트센터,0.0284,0.0179,0.72,0.0037,23,10
"20251209",서울숲,0.0268,0.0156,0.64,0.0031,23,13
"20251209",올림픽공원,0.0166,0.0128,0.64,0.0028,19,10
"20251209",자연사박물관,0.0279,0.0175,0.72,0.0033,24,14
"20251210",강남구,0.0411,0.0041,0.53,0.0027,40,22
"20251210",강동구,0.0389,0.0054,0.57,0.0026,48,30
"20251210",강북구,0.0336,0.005,0.57,0.0024,38,21
"20251210",강서구,0.0471,0.0062,0.71,0.0036,42,21
"20251210",관악구,0.0379,0.01,0.55,0.0028,37,20
"20251210",광진구,0.0389,0.0066,0.64,0.0027,37,24
"20251210",구로구,0.0353,0.0078,0.48,0.0026,49,24
"20251210",금천구,,,,,,
"20251210",노원구,0.0397,0.0051,0.65,0.003,41,25
"20251210",도봉구,0.0401,0.0056,0.74,0.0027,39,27
"20251210",동대문구,0.0421,0.0037,0.68,0.0028,41,26
"20251210",동작구,0.0398,0.0098,0.55,0.0028,38,20
"20251210",마포구,0.0462,0.0056,0.69,0.0033,37,23
"20251210",서대문구,0.0387,0.008,0.84,0.0056,37,27
"20251210",서초구,0.0379,0.0053,0.51,0.0026,45,27
"20251210",성동구,0.0398,0.004,0.56,0.0029,40,21
"20251210",성북구,0.0397,0.0039,0.77,0.0034,43,27
"20251210",송파구,0.041,0.0051,0.5,0.0027,35,20
"20251210",양천구,0.0414,0.0082,0.57,0.0032,44,19
"20251210",영등포구,0.0419,0.0074,0.61,0.0032,38,23
"20251210",용산구,0.0436,0.0043,0.67,0.0036,42,21
"20251210",은평구,0.0297,0.011,0.63,0.0028,44,23
"20251210",종로구,0.0486,0.0043,0.84,0.0039,42,26
"20251210",중구,0.0439,0.0104,0.71,0.003,45,28
"20251210",중랑구,0.0374,0.0051,0.53,0.0031,37,25
"20251210",강남대로,0.0367,0.0052,0.83,0.0039,45,25
"20251210",강변북로,0.0389,0.0044,0.77,0.0029,44,27
"20251210",공항대로,0.0395,0.0074,0.61,0.0033,38,19
"20251210",도산대로,0.0374,0.0061,0.81,0.0032,49,25
"20251210",동작대로,0.0436,0.0046,0.68,0.0028,43,16
"20251210",시흥대로,0.0457,0.0068,0.68,0.0034,44,20
"20251210",신촌로,0.047,0.0042,0.76,0.0034,46,24
"20251210",영등포로,0.0439,0.005,0.66,0.0032,41,20
"20251210",정릉로,0.0455,0.0039,0.76,0.0031,43,23
"20251210",종로,0.0444,0.0031,0.78,0.0031,40,23
"20251210",천호대로,0.0388,0.0038,0.7,0.0031,38,23
"20251210",청계천로,0.0439,0.0029,0.95,0.0031,46,26
"20251210",한강대로,0.0426,0.0027,0.71,0.0034,46,26
"20251210",홍릉로,0.0399,0.003,0.7,0.0034,40,27
"20251210",화랑로,0.041,0.003,0.65,0.0031,34,21
"20251210",관악산,0.0089,0.0487,0.52,0.0039,46,18
"20251210",남산,0.032,0.0153,0.47,0.0032,41,20
"20251210",북한산,0.0245,0.0124,0.45,0.0027,35,24
"20251210",세곡,0.0342,0.006,0.75,0.0044,44,23
"20251210",항동,0.0322,0.0109,0.79,0.0034,35,19
"20251210",행주,0.0386,0.0075,0.74,0.0034,37,19
"20251210",마포아트센터,0.0416,0.0073,0.92,0.0038,46,25
"20251210",서울숲,0.0378,0.0067,0.86,0.0032,44,30
"20251210",올림픽공원,0.0201,0.0087,0.51,0.0029,39,24
"20251210",자연사박물관,0.0351,0.0102,0.77,0.0033,33,25
"20251211",강남구,0.0272,0.016,0.52,0.0026,41,26
"20251211",강동구,0.0245,0.0189,0.56,0.0025,45,32
"20251211",강북구,0.0186,0.0219,0.47,0.0025,39,24
"20251211",강서구,0.0315,0.0178,0.58,0.0033,40,24
"20251211",관악구,0.0297,0.0165,0.51,0.0027,36,24
"20251211",광진구,0.0259,0.0222,0.62,0.0028,37,27
"20251211",구로구,0.0247,0.0178,0.44,0.0025,44,27
"20251211",금천구,,,,,,
"20251211",노원구,0.0255,0.019,0.54,0.0028,42,29
"20251211",도봉구,0.0225,0.0229,0.67,0.0026,38,30
"20251211",동대문구,0.0236,0.0174,0.51,0.0026,40,29
"20251211",동작구,0.0295,0.0174,0.48,0.0027,37,23
"20251211",마포구,0.0297,0.0178,0.52,0.0031,32,24
"20251211",서대문구,0.0253,0.0207,0.65,0.0033,36,29
"20251211",서초구,0.0258,0.0148,0.45,0.0025,41,30
"20251211",성동구,0.0251,0.0156,0.49,0.0027,38,23
"20251211",성북구,0.0238,0.0174,0.65,0.0032,40,30
"20251211",송파구,0.0288,0.0154,0.5,0.0025,35,24
"20251211",양천구,0.0309,0.017,0.55,0.0028,43,23
"20251211",영등포구,0.0286,0.0178,0.53,0.0029,36,26
"20251211",용산구,0.0291,0.0139,0.57,0.0032,38,24
"20251211",은평구,0.0183,0.0232,0.65,0.0025,40,27
"20251211",종로구,0.0288,0.0172,0.59,0.0033,40,29
"20251211",중구,0.0247,0.0247,0.52,0.0029,40,28
"20251211",중랑구,0.0257,0.0157,0.52,0.003,39,29
"20251211",강남대로,0.0285,0.0113,0.62,0.0024,44,28
"20251211",강변북로,0.0275,0.0138,0.68,0.0027,41,28
"20251211",공항대로,0.0295,0.0156,0.56,0.003,36,21
"20251211",도산대로,0.0265,0.0163,0.73,0.0031,47,28
"20251211",동작대로,0.033,0.0142,0.6,0.0027,42,19
"20251211",시흥대로,0.033,0.0174,0.57,0.0031,39,23
"20251211",신촌로,0.0337,0.0131,0.65,0.0031,47,27
"20251211",영등포로,0.0307,0.0164,0.57,0.0029,40,23
"20251211",정릉로,0.0316,0.0148,0.59,0.0029,44,27
"20251211",종로,0.0262,0.0167,0.55,0.0028,38,25
"20251211",천호대로,0.0266,0.0147,0.6,0.0029,38,26
"20251211",청계천로,0.0281,0.0157,0.63,0.0028,43,27
"20251211",한강대로,0.0292,0.0129,0.57,0.003,41,27
"20251211",홍릉로,0.027,0.0144,0.57,0.003,41,28
"20251211",화랑로,0.0301,0.0156,0.54,0.0028,35,23
"20251211",관악산,0.0108,0.0473,0.35,0.0031,39,19
"20251211",남산,0.0186,0.0259,0.47,0.0028,33,21
"20251211",북한산,0.0143,0.0277,0.45,0.0027,35,28
"20251211",세곡,0.0271,0.0153,0.7,0.0037,39,25
"20251211",항동,0.0223,0.0201,0.63,0.0032,33,22
"20251211",행주,0.0214,0.0208,0.65,0.0031,36,23
"20251211",마포아트센터,0.0256,0.0204,0.64,0.0032,40,27
"20251211",서울숲,0.023,0.0196,0.7,0.0031,41,31
"20251211",올림픽공원,0.0139,0.0214,0.46,0.0028,35,28
"20251211",자연사박물관,0.0213,0.0228,0.59,0.0031,31,28
"20251212",강남구,0.0231,0.0153,0.38,0.0023,19,9
"20251212",강동구,0.0195,0.0189,0.46,0.0024,24,11
"20251212",강북구,0.0162,0.0183,0.36,0.002,17,9
"20251212",강서구,0.0265,0.0127,0.47,0.0029,30,16
"20251212",관악구,0.0283,0.0135,0.44,0.0024,20,12
"20251212",광진구,0.0171,0.0239,0.55,0.0023,17,10
"20251212",구로구,0.0237,0.0133,0.35,0.0023,27,13
"20251212",금천구,,,,,,
"20251212",노원구,0.0213,0.0176,0.38,0.0025,23,14
"20251212",도봉구,0.0186,0.021,0.56,0.0025,20,13
"20251212",동대문구,0.0219,0.0152,0.39,0.0023,20,12
"20251212",동작구,0.0302,0.0131,0.43,0.0024,22,14
"20251212",마포구,0.0243,0.0155,0.39,0.0025,22,12
"20251212",서대문구,0.018,0.0201,0.58,0.0047,18,14
"20251212",서초구,0.0234,0.0135,0.36,0.0023,21,11
"20251212",성동구,0.0179,0.0179,0.34,0.0025,16,10
"20251212",성북구,0.0206,0.0164,0.55,0.0032,20,14
"20251212",송파구,0.0236,0.0155,0.37,0.0022,17,11
"20251212",양천구,0.0287,0.0131,0.45,0.0025,27,13
"20251212",영등포구,0.0254,0.0143,0.41,0.0026,24,14
"20251212",용산구,0.0233,0.0148,0.41,0.0027,24,13
"20251212",은평구,0.0176,0.0171,0.54,0.0024,21,12
"20251212",종로구,0.0239,0.0174,0.41,0.0026,18,13
"20251212",중구,0.0231,0.0152,0.39,0.0025,21,13
"20251212",중랑구,0.0168,0.0176,0.33,0.0027,18,11
"20251212",강남대로,0.0281,0.0098,0.56,0.0033,22,13
"20251212",강변북로,0.0183,0.0187,0.43,0.0027,20,12
"20251212",공항대로,0.0271,0.0115,0.45,0.0025,28,16
"20251212",도산대로,0.0192,0.0181,0.72,0.0029,27,12
"20251212",동작대로,0.0331,0.0093,0.47,0.0024,22,10
"20251212",시흥대로,0.0349,0.0099,0.56,0.0029,28,14
"20251212",신촌로,0.0296,0.0129,0.49,0.0029,24,13
"20251212",영등포로,0.0256,0.0148,0.43,0.0025,23,10
"20251212",정릉로,0.028,0.0141,0.45,0.0027,22,12
"20251212",종로,0.0263,0.0132,0.46,0.0025,21,10
"20251212",천호대로,0.0261,0.0128,0.49,0.0027,17,10
"20251212",청계천로,0.0263,0.0129,0.52,0.0026,21,10
"20251212",한강대로,0.0276,0.0118,0.44,0.0029,21,9
"20251212",홍릉로,0.0247,0.0134,0.42,0.0028,22,10
"20251212",화랑로,0.0297,0.0129,0.47,0.0027,22,13
"20251212",관악산,0.0087,0.0354,0.29,0.0029,19,8
"20251212",남산,0.0204,0.0191,0.38,0.0027,14,7
"20251212",북한산,0.0072,0.0262,0.33,0.0025,13,10
"20251212",세곡,0.027,0.0113,0.66,0.0036,21,11
"20251212",항동,0.0249,0.0134,0.48,0.0032,23,13
"20251212",행주,0.0151,0.0198,0.64,0.0034,21,12
"20251212",마포아트센터,0.0211,0.02,0.51,0.003,20,11
"20251212",서울숲,0.0179,0.0212,0.51,0.0031,19,12
"20251212",올림픽공원,0.0104,0.0219,0.44,0.0027,15,9
"20251212",자연사박물관,0.0155,0.0233,0.46,0.003,19,11
"20251213",강남구,0.0231,0.015,0.37,0.002,10,6
"20251213",강동구,0.0202,0.019,0.49,0.002,15,7
"20251213",강북구,0.0155,0.0182,0.35,0.0018,8,4
"20251213",강서구,0.0224,0.0146,0.46,0.0024,15,8
"20251213",관악구,0.022,0.0178,0.36,0.0021,10,7
"20251213",광진구,0.0175,0.0232,0.45,0.0022,10,6
"20251213",구로구,0.023,0.0146,0.32,0.002,17,9
"20251213",금천구,,,,,,
"20251213",노원구,0.0204,0.0178,0.36,0.0021,10,7
"20251213",도봉구,0.0158,0.0211,0.57,0.0022,8,8
"20251213",동대문구,0.0215,0.0147,0.36,0.0018,10,6
"20251213",동작구,0.0222,0.02,0.33,0.002,10,7
"20251213",마포구,0.0231,0.0169,0.37,0.002,11,7
"20251213",서대문구,0.0163,0.0227,0.49,0.0025,11,10
"20251213",서초구,0.0202,0.0165,0.34,0.0021,11,8
"20251213",성동구,0.02,0.0162,0.34,0.002,8,6
"20251213",성북구,0.0186,0.0166,0.54,0.0028,11,7
"20251213",송파구,0.0243,0.0144,0.35,0.002,9,6
"20251213",양천구,0.0257,0.0158,0.39,0.0021,15,7
"20251213",영등포구,0.0241,0.0159,0.37,0.0022,12,7
"20251213",용산구,0.0241,0.0137,0.4,0.0023,15,8
"20251213",은평구,0.0136,0.0228,0.54,0.0022,13,8
"20251213",종로구,0.0235,0.017,0.4,0.0022,10,8
"20251213",중구,0.0218,0.0188,0.41,0.0022,11,7
"20251213",중랑구,0.02,0.0161,0.34,0.0025,9,6
"20251213",강남대로,0.0214,0.0157,0.45,0.0032,13,8
"20251213",강변북로,0.0229,0.0149,0.51,0.0025,15,8
"20251213",공항대로,0.0238,0.0144,0.39,0.0023,13,6
"20251213",도산대로,0.0192,0.0178,0.64,0.0027,16,8
"20251213",동작대로,0.0271,0.0148,0.39,0.0022,11,4
"20251213",시흥대로,0.0314,0.012,0.45,0.0025,14,9
"20251213",신촌로,0.0259,0.0139,0.46,0.0025,16,9
"20251213",영등포로,0.0266,0.0146,0.42,0.0023,13,6
"20251213",정릉로,0.0283,0.0136,0.4,0.0024,15,7
"20251213",종로,0.0242,0.0141,0.41,0.0022,13,7
"20251213",천호대로,0.0238,0.0143,0.45,0.0024,9,6
"20251213",청계천로,0.0237,0.0147,0.42,0.0021,13,6
"20251213",한강대로,0.0247,0.0129,0.4,0.0027,12,6
"20251213",홍릉로,0.025,0.0129,0.43,0.0025,13,8
"20251213",화랑로,,,,,,
"20251213",관악산,0.0087,0.0373,0.32,0.0026,11,4
"20251213",남산,0.0204,0.019,0.37,0.0025,7,4
"20251213",북한산,0.0097,0.0256,0.36,0.0022,8,7
"20251213",세곡,0.0221,0.0133,0.6,0.0034,11,6
"20251213",항동,0.0206,0.0163,0.45,0.0028,11,6
"20251213",행주,0.0183,0.0165,0.61,0.0032,14,9
"20251213",마포아트센터,0.0199,0.0207,0.51,0.0026,12,6
"20251213",서울숲,0.0208,0.018,0.49,0.0027,11,10
"20251213",올림픽공원,0.0113,0.0198,0.41,0.0027,7,4
"20251213",자연사박물관,0.0146,0.0242,0.49,0.0027,10,8
"20251214",강남구,0.0127,0.0259,0.46,0.0021,24,17
"20251214",강동구,0.017,0.0242,0.63,0.0021,28,21
"20251214",강북구,0.0077,0.0296,0.4,0.0017,23,15
"20251214",강서구,0.0136,0.0244,0.46,0.003,29,18
"20251214",관악구,0.0169,0.0226,0.46,0.0024,24,17
"20251214",광진구,0.0141,0.0296,0.56,0.0025,23,18
"20251214",구로구,0.0134,0.0253,0.37,0.0026,30,19
"20251214",금천구,,,,,,
"20251214",노원구,0.0152,0.0268,0.46,0.0022,24,19
"20251214",도봉구,0.0115,0.0302,0.68,0.0024,23,19
"20251214",동대문구,0.0117,0.026,0.43,0.0019,23,18
"20251214",동작구,0.0158,0.0265,0.43,0.0021,25,19
"20251214",마포구,0.0154,0.026,0.46,0.0021,26,19
"20251214",서대문구,0.0136,0.0266,0.71,0.0033,27,23
"20251214",서초구,0.0111,0.0273,0.41,0.0025,26,20
"20251214",성동구,0.0112,0.0261,0.43,0.0018,21,16
"20251214",성북구,0.0126,0.0249,0.65,0.0031,22,19
"20251214",송파구,0.0166,0.0238,0.45,0.002,23,18
"20251214",양천구,0.0171,0.0264,0.45,0.0024,28,17
"20251214",영등포구,0.0143,0.0266,0.44,0.0025,24,18
"20251214",용산구,0.0157,0.0218,0.51,0.0026,29,19
"20251214",은평구,0.0123,0.0251,0.68,0.0025,29,20
"20251214",종로구,0.0126,0.0274,0.48,0.0021,25,20
"20251214",중구,0.0124,0.0329,0.46,0.0024,26,20
"20251214",중랑구,0.0155,0.0222,0.46,0.0025,22,17
"20251214",강남대로,0.0177,0.0203,0.56,0.0027,25,19
"20251214",강변북로,0.016,0.0232,0.6,0.0026,26,19
"20251214",공항대로,0.0148,0.0246,0.45,0.0021,26,16
"20251214",도산대로,0.0131,0.0265,0.76,0.0027,29,18
"20251214",동작대로,0.0207,0.0238,0.47,0.0022,23,14
"20251214",시흥대로,0.0154,0.0269,0.44,0.0026,27,18
"20251214",신촌로,0.0203,0.0208,0.57,0.0025,33,21
"20251214",영등포로,0.0188,0.0241,0.51,0.0022,27,16
"20251214",정릉로,0.0212,0.0229,0.5,0.0024,24,18
"20251214",종로,0.0119,0.0262,0.44,0.0022,26,17
"20251214",천호대로,0.0201,0.0199,0.56,0.0023,21,16
"20251214",청계천로,0.0147,0.0246,0.49,0.002,26,17
"20251214",한강대로,0.0159,0.0236,0.47,0.0031,23,18
"20251214",홍릉로,0.0171,0.0235,0.51,0.0024,25,18
"20251214",화랑로,,,,,,
"20251214",관악산,0.0075,0.0396,0.42,0.0029,24,16
"20251214",남산,0.01,0.0292,0.44,0.0027,21,15
"20251214",북한산,0.0045,0.0331,0.44,0.0025,22,19
"20251214",세곡,0.0178,0.0202,0.72,0.0031,25,16
"20251214",항동,0.0112,0.0258,0.51,0.0029,23,15
"20251214",행주,0.0063,0.0303,0.7,0.0033,25,17
"20251214",마포아트센터,0.0112,0.0318,0.58,0.0031,25,19
"20251214",서울숲,0.0116,0.029,0.55,0.0029,25,21
"20251214",올림픽공원,0.0078,0.0274,0.52,0.0026,20,17
"20251214",자연사박물관,0.0114,0.0311,0.6,0.003,24,20
"20251215",강남구,0.0335,0.0065,0.52,0.002,30,21
"20251215",강동구,0.0292,0.0088,0.69,0.0021,36,26
"20251215",강북구,0.0243,0.0114,0.49,0.0018,29,19
"20251215",강서구,0.0339,0.0072,0.71,0.003,34,23
"20251215",관악구,0.0363,0.0062,0.55,0.0024,29,20
"20251215",광진구,0.0289,0.0109,0.62,0.0023,28,22
"20251215",구로구,0.0326,0.0081,0.48,0.0024,37,24
"20251215",금천구,,,,,,
"20251215",노원구,0.0321,0.0089,0.57,0.0023,32,24
"20251215",도봉구,0.0306,0.0097,0.8,0.0024,29,25
"20251215",동대문구,0.0331,0.0068,0.54,0.002,29,22
"20251215",동작구,0.038,0.0077,0.55,0.0023,31,24
"20251215",마포구,0.0378,0.0069,0.58,0.0025,29,24
"20251215",서대문구,0.0329,0.0097,0.74,0.0032,31,26
"20251215",서초구,0.034,0.0059,0.5,0.0024,32,26
"20251215",성동구,0.0319,0.0075,0.52,0.0021,28,21
"20251215",성북구,0.0344,0.0055,0.81,0.003,31,25
"20251215",송파구,0.036,0.006,0.54,0.0022,28,22
"20251215",양천구,0.0405,0.0065,0.62,0.0025,36,22
"20251215",영등포구,0.0374,0.0075,0.59,0.0026,32,24
"20251215",용산구,0.038,0.0057,0.59,0.0029,33,22
"20251215",은평구,0.0243,0.0136,0.66,0.0024,30,21
"20251215",종로구,0.0389,0.007,0.64,0.0027,30,24
"20251215",중구,0.0358,0.0124,0.62,0.0024,33,25
"20251215",중랑구,0.0262,0.0106,0.47,0.0025,28,23
"20251215",강남대로,0.0331,0.0054,0.71,0.0037,34,26
"20251215",강변북로,0.0338,0.0072,0.7,0.0028,36,26
"20251215",공항대로,0.036,0.0048,0.59,0.0024,31,20
"20251215",도산대로,0.0302,0.009,0.83,0.0027,36,26
"20251215",동작대로,0.0381,0.0054,0.6,0.0026,31,18
"20251215",시흥대로,0.0431,0.0056,0.71,0.0031,40,22
"20251215",신촌로,0.0396,0.0055,0.63,0.0027,35,22
"20251215",영등포로,0.0386,0.0069,0.62,0.0027,36,20
"20251215",정릉로,0.041,0.0053,0.65,0.0026,30,21
"20251215",종로,0.0378,0.0059,0.65,0.0026,32,20
"20251215",천호대로,0.032,0.0062,0.65,0.0025,27,21
"20251215",청계천로,0.0366,0.0053,0.72,0.0024,33,21
"20251215",한강대로,0.0374,0.0052,0.59,0.0032,32,23
"20251215",홍릉로,0.0352,0.0055,0.59,0.0026,30,22
"20251215",화랑로,,,,,,
"20251215",관악산,0.0072,0.0462,0.36,0.0033,29,16
"20251215",남산,0.0345,0.0112,0.57,0.0028,30,21
"20251215",북한산,0.0156,0.0198,0.44,0.0024,23,19
"20251215",세곡,0.0296,0.0065,0.86,0.0038,32,23
"20251215",항동,0.0328,0.0073,0.63,0.0031,29,20
"20251215",행주,0.0348,0.007,0.84,0.0034,29,20
"20251215",마포아트센터,0.0338,0.0105,0.73,0.003,32,24
"20251215",서울숲,0.0308,0.0103,0.68,0.0029,34,28
"20251215",올림픽공원,0.0162,0.0102,0.58,0.0027,27,23
"20251215",자연사박물관,0.0317,0.0113,0.69,0.003,30,25
"20251216",강남구,0.0319,0.0033,0.5,0.002,37,27
"20251216",강동구,0.0309,0.0041,0.71,0.0021,40,30
"20251216",강북구,0.0252,0.0049,0.51,0.002,41,26
"20251216",강서구,0.0359,0.002,0.83,0.0033,43,29
"20251216",관악구,0.04,0.001,0.66,0.0026,38,26
"20251216",광진구,0.0281,0.0084,0.65,0.0024,31,24
"20251216",구로구,0.0345,0.0016,0.56,0.0023,48,33
"20251216",금천구,,,,,,
"20251216",노원구,0.0349,0.0034,0.58,0.0025,41,27
"20251216",도봉구,0.0319,0.0052,0.73,0.0024,39,32
"20251216",동대문구,0.0341,0.0025,0.57,0.0022,38,28
"20251216",동작구,0.0403,0.0037,0.64,0.0027,42,31
"20251216",마포구,0.0392,0.0024,0.67,0.0026,36,29
"20251216",서대문구,0.033,0.0071,0.73,0.003,36,30
"20251216",서초구,0.0351,0.0012,0.56,0.0023,43,35
"20251216",성동구,0.0332,0.0021,0.55,0.0026,38,25
"20251216",성북구,0.0328,0.0031,0.72,0.0031,40,29
"20251216",송파구,0.037,0.002,0.55,0.0024,31,23
"20251216",양천구,0.0411,0.0018,0.69,0.0025,47,27
"20251216",영등포구,0.0395,0.002,0.68,0.0027,40,30
"20251216",용산구,0.0388,0.0018,0.66,0.003,36,23
"20251216",은평구,0.0249,0.0102,0.67,0.0024,42,29
"20251216",종로구,0.0396,0.0026,0.68,0.0026,39,29
"20251216",중구,0.0357,0.0107,0.61,0.0025,43,30
"20251216",중랑구,0.0249,0.0085,0.45,0.0027,34,26
"20251216",강남대로,0.032,0.0038,0.79,0.0037,42,33
"20251216",강변북로,0.0325,0.0032,0.76,0.0027,40,30
"20251216",공항대로,0.038,0.0021,0.69,0.0028,37,26
"20251216",도산대로,0.0316,0.0041,0.64,0.0027,45,30
"20251216",동작대로,0.0387,0.0021,0.72,0.0027,42,20
"20251216",시흥대로,0.0491,0.0017,0.92,0.0034,44,28
"20251216",신촌로,0.0405,0.0022,0.68,0.0029,44,27
"20251216",영등포로,0.04,0.0019,0.69,0.0028,43,26
"20251216",정릉로,0.0373,0.0035,0.63,0.0027,42,26
"20251216",종로,0.0401,0.002,0.73,0.0029,40,27
"20251216",천호대로,0.0307,0.0032,0.62,0.0026,32,24
"20251216",청계천로,0.0378,0.0017,0.76,0.0025,42,28
"20251216",한강대로,0.0374,0.0029,0.65,0.0031,40,30
"20251216",홍릉로,0.0335,0.0025,0.62,0.0027,36,27
"20251216",화랑로,,,,,,
"20251216",관악산,0.0101,0.0461,0.45,0.0033,39,18
"20251216",남산,0.0277,0.0074,0.59,0.0028,34,22
"20251216",북한산,0.0166,0.0112,0.46,0.0023,31,26
"20251216",세곡,0.0314,0.0017,0.83,0.0037,41,28
"20251216",항동,0.0364,0.003,0.86,0.0034,39,29
"20251216",행주,0.0375,0.0042,0.89,0.0034,39,26
"20251216",마포아트센터,0.0354,0.0055,0.84,0.0032,42,31
"20251216",서울숲,0.0316,0.0048,0.74,0.0029,40,34
"20251216",올림픽공원,0.0185,0.0037,0.56,0.0027,33,28
"20251216",자연사박물관,0.0305,0.0092,0.76,0.003,34,30
"20251217",강남구,0.0213,0.0201,0.56,0.0023,64,39
"20251217",강동구,0.0283,0.0159,0.84,0.0023,68,45
"20251217",강북구,0.0155,0.0241,0.51,0.0025,62,32
"20251217",강서구,0.0215,0.0174,0.6,0.0035,69,39
"20251217",관악구,0.0286,0.0161,0.62,0.0027,64,40
"20251217",광진구,0.0253,0.0222,0.67,0.0028,58,37
"20251217",구로구,0.0224,0.0185,0.49,0.0028,71,44
"20251217",금천구,,,,,,
"20251217",노원구,0.0257,0.0181,0.65,0.0028,74,43
"20251217",도봉구,0.0185,0.0272,0.71,0.0027,64,42
"20251217",동대문구,0.0187,0.0217,0.53,0.0024,64,41
"20251217",동작구,0.0285,0.0197,0.57,0.0029,64,42
"20251217",마포구,0.0267,0.0187,0.56,0.0029,58,40
"20251217",서대문구,0.0232,0.0212,0.77,0.0036,64,42
"20251217",서초구,0.0219,0.0186,0.5,0.0025,70,45
"20251217",성동구,0.0249,0.0167,0.53,0.0026,64,34
"20251217",성북구,0.0262,0.0161,0.68,0.0032,66,42
"20251217",송파구,0.0276,0.0165,0.54,0.0024,57,35
"20251217",양천구,0.028,0.0184,0.6,0.0029,72,38
"20251217",영등포구,0.0242,0.0201,0.58,0.0028,59,41
"20251217",용산구,0.0255,0.0158,0.61,0.003,59,35
"20251217",은평구,0.0189,0.0201,0.69,0.0025,75,45
"20251217",종로구,0.0234,0.0221,0.62,0.0029,66,40
"20251217",중구,0.0212,0.0294,0.57,0.0026,69,42
"20251217",중랑구,0.0257,0.016,0.57,0.0029,64,41
"20251217",강남대로,0.0307,0.0126,0.78,0.0029,68,43
"20251217",강변북로,0.0306,0.0134,0.79,0.0027,71,42
"20251217",공항대로,0.0258,0.0165,0.58,0.0028,64,35
"20251217",도산대로,0.0239,0.0191,0.48,0.0027,73,42
"20251217",동작대로,0.0343,0.0134,0.64,0.0026,64,29
"20251217",시흥대로,0.0281,0.0181,0.61,0.0031,67,38
"20251217",신촌로,0.0324,0.0128,0.73,0.003,76,40
"20251217",영등포로,0.0284,0.0173,0.64,0.003,67,34
"20251217",정릉로,0.0339,0.0132,0.67,0.0027,66,39
"20251217",종로,0.0206,0.0212,0.56,0.0027,66,36
"20251217",천호대로,0.0299,0.0124,0.7,0.0027,61,33
"20251217",청계천로,0.0235,0.0192,0.64,0.0025,68,40
"20251217",한강대로,0.0244,0.0201,0.58,0.0033,65,42
"20251217",홍릉로,0.028,0.0147,0.66,0.0027,65,40
"20251217",화랑로,,,,,,
"20251217",관악산,0.0156,0.0371,0.56,0.0031,48,28
"20251217",남산,0.018,0.0245,0.6,0.0028,57,34
"20251217",북한산,0.0106,0.0284,0.55,0.0026,53,38
"20251217",세곡,0.0291,0.0113,0.91,0.0037,62,34
"20251217",항동,0.025,0.0167,0.74,0.0031,57,37
"20251217",행주,0.0148,0.0254,0.79,0.0033,61,36
"20251217",마포아트센터,0.0219,0.0242,0.74,0.0032,65,42
"20251217",서울숲,0.0219,0.0215,0.74,0.0029,64,43
"20251217",올림픽공원,0.0127,0.0207,0.56,0.0027,55,36
"20251217",자연사박물관,0.0191,0.0248,0.74,0.003,50,44
"20251218",강남구,0.0328,0.013,0.56,0.0024,33,22
"20251218",강동구,0.0341,0.0087,0.91,0.0024,47,32
"20251218",강북구,0.0183,0.0198,0.45,0.0023,26,16
"20251218",강서구,0.0286,0.0148,0.55,0.0032,32,20
"20251218",관악구,0.0379,0.0107,0.58,0.0028,28,19
"20251218",광진구,0.0334,0.0127,0.73,0.0025,36,25
"20251218",구로구,0.0315,0.0136,0.42,0.0025,36,21
"20251218",금천구,,,,,,
"20251218",노원구,0.0358,0.01,0.65,0.0029,37,26
"20251218",도봉구,0.027,0.0191,0.69,0.0026,30,23
"20251218",동대문구,0.0316,0.0126,0.54,0.0025,33,22
"20251218",동작구,0.0422,0.0124,0.57,0.0027,31,22
"20251218",마포구,0.0338,0.0148,0.51,0.0027,30,23
"20251218",서대문구,0.0262,0.0188,0.75,0.0049,26,18
"20251218",서초구,0.0349,0.0108,0.48,0.0026,33,22
"20251218",성동구,0.0311,0.0132,0.5,0.0027,32,19
"20251218",성북구,0.0333,0.0108,0.65,0.0032,29,22
"20251218",송파구,0.0399,0.0098,0.56,0.0025,31,21
"20251218",양천구,0.0366,0.0149,0.52,0.0028,33,18
"20251218",영등포구,0.035,0.0143,0.5,0.0028,29,21
"20251218",용산구,0.0367,0.0121,0.57,0.003,35,21
"20251218",은평구,0.0214,0.0189,0.51,0.0024,25,16
"20251218",종로구,0.0359,0.0148,0.6,0.0028,30,22
"20251218",중구,0.0315,0.0216,0.52,0.0026,31,21
"20251218",중랑구,0.0297,0.0121,0.51,0.0028,33,24
"20251218",강남대로,0.0372,0.0058,0.78,0.0032,36,22
"20251218",강변북로,0.0367,0.0103,0.76,0.0029,41,23
"20251218",공항대로,0.0337,0.0107,0.55,0.0027,34,20
"20251218",도산대로,0.0311,0.0143,0.89,0.0027,40,22
"20251218",동작대로,0.0424,0.0095,0.63,0.0027,36,16
"20251218",시흥대로,0.0432,0.0101,0.68,0.0034,41,23
"20251218",신촌로,0.0377,0.0113,0.64,0.003,37,22
"20251218",영등포로,0.0373,0.0128,0.57,0.003,33,18
"20251218",정릉로,0.0425,0.0078,0.68,0.0028,31,20
"20251218",종로,0.0315,0.0142,0.55,0.0027,31,18
"20251218",천호대로,0.0374,0.006,0.8,0.0029,42,25
"20251218",청계천로,0.035,0.0119,0.66,0.0026,33,19
"20251218",한강대로,0.0333,0.0157,0.55,0.0034,32,21
"20251218",홍릉로,0.0363,0.0089,0.64,0.0027,38,24
"20251218",화랑로,,,,,,
"20251218",관악산,0.0166,0.0351,0.43,0.003,26,16
"20251218",남산,0.0275,0.0191,0.58,0.0029,27,17
"20251218",북한산,0.0082,0.0275,0.39,0.0025,20,16
"20251218",세곡,0.0364,0.0071,0.89,0.0038,35,21
"20251218",항동,0.0346,0.011,0.65,0.0033,28,18
"20251218",행주,0.0279,0.0158,0.82,0.0034,30,20
"20251218",마포아트센터,0.0285,0.021,0.68,0.0032,28,20
"20251218",서울숲,0.0313,0.0152,0.76,0.003,33,25
"20251218",올림픽공원,0.0184,0.0114,0.66,0.0028,35,27
"20251218",자연사박물관,0.0228,0.0248,0.62,0.0031,24,20
"20251219",강남구,0.0359,0.0037,0.57,0.0024,36,25
"20251219",강동구,0.0335,0.0045,0.73,0.0024,40,26
"20251219",강북구,0.0263,0.0091,0.54,0.0024,31,19
"20251219",강서구,0.0371,0.0045,0.77,0.0034,39,25
"20251219",관악구,0.0429,0.0023,0.73,0.003,39,27
"20251219",광진구,0.0309,0.009,0.64,0.0024,33,23
"20251219",구로구,0.0379,0.0028,0.58,0.0025,48,30
"20251219",금천구,,,,,,
"20251219",노원구,0.0435,0.0044,0.88,0.0032,38,26
"20251219",도봉구,0.0376,0.0072,0.82,0.0027,33,25
"20251219",동대문구,0.038,0.0043,0.66,0.0027,36,24
"20251219",동작구,0.0451,0.0048,0.74,0.0031,42,31
"20251219",마포구,0.0414,0.0056,0.64,0.0031,35,26
"20251219",서대문구,0.0352,0.011,0.78,0.0039,28,21
"20251219",서초구,0.0386,0.0026,0.57,0.0025,43,32
"20251219",성동구,0.0369,0.0034,0.64,0.0031,38,23
"20251219",성북구,0.0376,0.0051,0.76,0.0033,35,26
"20251219",송파구,0.0408,0.0032,0.65,0.0027,35,25
"20251219",양천구,0.0451,0.0038,0.71,0.0029,45,26
"20251219",영등포구,0.044,0.0039,0.73,0.003,39,26
"20251219",용산구,0.0443,0.0034,0.72,0.0034,40,24
"20251219",은평구,0.0234,0.0164,0.59,0.0026,29,19
"20251219",종로구,0.0443,0.0052,0.78,0.0032,35,26
"20251219",중구,0.0401,0.0139,0.65,0.0027,38,27
"20251219",중랑구,0.0331,0.0058,0.56,0.0029,34,25
"20251219",강남대로,0.0374,0.0038,0.92,0.0033,47,30
"20251219",강변북로,0.0365,0.004,0.83,0.0028,41,27
"20251219",공항대로,0.0395,0.0037,0.7,0.0032,39,23
"20251219",도산대로,0.0346,0.0057,0.97,0.0034,46,28
"20251219",동작대로,0.0433,0.0031,0.84,0.0029,47,23
"20251219",시흥대로,0.0508,0.0024,0.97,0.0038,52,29
"20251219",신촌로,0.0412,0.0053,0.62,0.0031,38,24
"20251219",영등포로,0.0431,0.0034,0.73,0.003,45,24
"20251219",정릉로,0.0426,0.005,0.78,0.003,36,23
"20251219",종로,0.0437,0.0037,0.82,0.0032,40,23
"20251219",천호대로,0.0353,0.0032,0.78,0.0029,38,23
"20251219",청계천로,0.0412,0.0035,0.9,0.003,40,24
"20251219",한강대로,0.041,0.0047,0.65,0.0034,38,26
"20251219",홍릉로,0.0392,0.0033,0.72,0.0031,39,26
"20251219",화랑로,,,,,,
"20251219",관악산,0.0089,0.0483,0.47,0.0038,24,14
"20251219",남산,0.0302,0.0137,0.58,0.0029,32,21
"20251219",북한산,0.0121,0.0208,0.44,0.0025,23,20
"20251219",세곡,0.0381,0.003,1.04,0.005,45,27
"20251219",항동,0.041,0.0045,0.94,0.0034,39,27
"20251219",행주,0.0351,0.0066,0.86,0.0034,35,23
"20251219",마포아트센터,0.0377,0.0079,0.79,0.0033,37,25
"20251219",서울숲,0.0354,0.0064,0.91,0.0031,40,29
"20251219",올림픽공원,0.0181,0.0054,0.67,0.0028,33,26
"20251219",자연사박물관,0.0296,0.0158,0.67,0.0032,29,23
"20251220",강남구,0.0281,0.0108,0.64,0.0026,48,30
"20251220",강동구,0.0271,0.0114,0.71,0.0024,51,37
"20251220",강북구,0.0187,0.0168,0.55,0.0025,42,26
"20251220",강서구,0.0285,0.0118,0.75,0.0035,48,29
"20251220",관악구,0.0333,0.0098,0.65,0.003,48,31
"20251220",광진구,0.0269,0.0154,0.63,0.0027,44,31
"20251220",구로구,0.0286,0.0111,0.54,0.0025,54,34
"20251220",금천구,,,,,,
"20251220",노원구,0.0304,0.0124,0.69,0.0029,45,29
"20251220",도봉구,0.0256,0.0168,0.77,0.0028,42,31
"20251220",동대문구,0.028,0.0125,0.63,0.0028,47,32
"20251220",동작구,0.0326,0.0137,0.65,0.0032,48,33
"20251220",마포구,0.0341,0.0122,0.63,0.0033,38,30
"20251220",서대문구,0.0314,0.014,0.89,0.0034,42,30
"20251220",서초구,0.0277,0.0116,0.56,0.0025,48,35
"20251220",성동구,0.0277,0.0113,0.66,0.003,47,28
"20251220",성북구,0.0292,0.0117,0.8,0.0034,46,32
"20251220",송파구,0.0332,0.0098,0.71,0.0028,42,29
"20251220",양천구,0.0338,0.012,0.66,0.0028,53,27
"20251220",영등포구,0.0325,0.0123,0.66,0.003,44,30
"20251220",용산구,0.0339,0.0097,0.69,0.0032,44,27
"20251220",은평구,0.0215,0.0188,0.7,0.0026,49,30
"20251220",종로구,0.033,0.0134,0.74,0.0034,47,31
"20251220",중구,0.0291,0.0242,0.66,0.0028,49,31
"20251220",중랑구,0.0306,0.0099,0.7,0.0031,46,34
"20251220",강남대로,0.031,0.0093,0.88,0.003,54,34
"20251220",강변북로,0.0297,0.0094,0.91,0.0027,49,33
"20251220",공항대로,0.031,0.0117,0.62,0.0033,43,24
"20251220",도산대로,0.0291,0.0118,0.87,0.0031,55,33
"20251220",동작대로,0.0329,0.0109,0.72,0.0028,49,23
"20251220",시흥대로,0.0363,0.0112,0.75,0.0035,52,30
"20251220",신촌로,0.0361,0.0088,0.77,0.0031,55,31
"20251220",영등포로,0.0339,0.01,0.72,0.0031,51,26
"20251220",정릉로,0.0354,0.0104,0.77,0.0029,48,31
"20251220",종로,0.0301,0.0119,0.71,0.0032,48,30
"20251220",천호대로,0.0287,0.0096,0.79,0.0029,47,31
"20251220",청계천로,0.0314,0.0112,0.78,0.0031,52,32
"20251220",한강대로,0.0317,0.0122,0.64,0.0034,50,33
"20251220",홍릉로,0.0299,0.0103,0.75,0.003,48,34
"20251220",화랑로,,,,,,
"20251220",관악산,0.0103,0.0462,0.52,0.0031,29,18
"20251220",남산,0.0199,0.023,0.6,0.0028,44,24
"20251220",북한산,0.0142,0.0226,0.51,0.0025,38,29
"20251220",세곡,0.0273,0.0105,0.82,0.0042,48,30
"20251220",항동,0.0282,0.013,0.93,0.0034,46,31
"20251220",행주,0.0251,0.0162,0.62,0.0031,42,25
"20251220",마포아트센터,0.0279,0.0161,0.76,0.0031,48,32
"20251220",서울숲,0.0254,0.0143,0.91,0.003,48,36
"20251220",올림픽공원,0.0132,0.0142,0.67,0.0028,43,32
"20251220",자연사박물관,0.0235,0.0212,0.69,0.0031,46,30
"20251221",강남구,0.0097,0.0235,0.32,0.0023,23,8
"20251221",강동구,0.0092,0.0264,0.38,0.0026,30,10
"20251221",강북구,0.0053,0.0281,0.27,0.0023,24,7
"20251221",강서구,0.0093,0.0242,0.32,0.003,27,9
"20251221",관악구,0.0113,0.024,0.3,0.0028,24,9
"20251221",광진구,0.0089,0.0311,0.35,0.0024,24,9
"20251221",구로구,0.01,0.0237,0.27,0.0025,32,9
"20251221",금천구,,,,,,
"20251221",노원구,0.0097,0.0265,0.3,0.0026,26,10
"20251221",도봉구,0.0054,0.0312,0.43,0.0026,23,10
"20251221",동대문구,0.0082,0.0245,0.3,0.0023,22,8
"20251221",동작구,0.0112,0.0251,0.3,0.0023,24,9
"20251221",마포구,0.0118,0.0246,0.31,0.0025,22,9
"20251221",서대문구,0.0096,0.0266,0.43,0.0028,27,9
"20251221",서초구,0.009,0.0248,0.3,0.0027,27,9
"20251221",성동구,0.0086,0.024,0.3,0.0023,23,8
"20251221",성북구,0.0076,0.0256,0.42,0.0033,23,10
"20251221",송파구,0.0123,0.0228,0.3,0.0025,24,9
"20251221",양천구,0.0127,0.0251,0.32,0.0026,28,9
"20251221",영등포구,0.0105,0.0259,0.3,0.0026,23,9
"20251221",용산구,0.0114,0.021,0.34,0.0027,29,9
"20251221",은평구,0.0084,0.0251,0.41,0.0027,28,9
"20251221",종로구,0.0098,0.0254,0.32,0.0024,24,10
"20251221",중구,0.0092,0.0291,0.31,0.0027,26,9
"20251221",중랑구,0.0114,0.0215,0.32,0.0028,20,8
"20251221",강남대로,0.0135,0.0205,0.44,0.0025,32,8
"20251221",강변북로,0.0148,0.0213,0.55,0.0029,30,10
"20251221",공항대로,0.0103,0.0244,0.3,0.0021,29,8
"20251221",도산대로,0.0096,0.0251,,0.002,31,8
"20251221",동작대로,0.0163,0.0232,0.33,0.0022,27,5
"20251221",시흥대로,0.0129,0.025,0.32,0.003,26,8
"20251221",신촌로,0.0161,0.0195,0.42,0.0029,34,10
"20251221",영등포로,0.0139,0.0238,0.36,0.0027,26,7
"20251221",정릉로,0.0166,0.0219,0.34,0.0028,27,9
"20251221",종로,0.0094,0.0242,0.31,0.0026,26,8
"20251221",천호대로,0.017,0.0206,0.4,0.0029,27,9
"20251221",청계천로,0.0106,0.0244,0.33,0.0022,26,8
"20251221",한강대로,0.0123,0.0248,0.33,0.0035,26,7
"20251221",홍릉로,0.0137,0.0217,0.36,0.0028,26,8
"20251221",화랑로,,,,,,
"20251221",관악산,0.0064,0.0349,0.41,0.003,,10
"20251221",남산,0.0068,0.0269,0.43,0.0029,22,5
"20251221",북한산,0.0035,0.0298,0.35,0.0028,23,10
"20251221",세곡,0.012,0.0232,0.49,0.0032,29,7
"20251221",항동,0.0074,0.0259,0.45,0.003,21,5
"20251221",행주,0.0035,0.0294,0.51,0.0033,22,8
"20251221",마포아트센터,0.008,0.0304,0.43,0.0033,26,8
"20251221",서울숲,0.0086,0.0282,0.5,0.0032,25,10
"20251221",올림픽공원,0.0051,0.0297,0.55,0.0028,21,8
"20251221",자연사박물관,0.0082,0.0302,0.41,0.0032,27,7
"20251222",강남구,0.0279,0.0099,0.45,0.0022,26,11
"20251222",강동구,0.0239,0.0133,0.54,0.0026,32,14
"20251222",강북구,0.018,0.0147,0.38,0.0021,24,10
"20251222",강서구,0.0306,0.0094,0.59,0.0032,38,17
"20251222",관악구,0.0326,0.0088,0.59,0.0027,28,13
"20251222",광진구,0.0208,0.0186,0.49,0.0021,26,12
"20251222",구로구,0.029,0.0088,0.43,0.0026,37,14
"20251222",금천구,,,,,,
"20251222",노원구,0.0276,0.0119,0.53,0.0025,31,15
"20251222",도봉구,0.024,0.0156,0.62,0.0026,27,14
"20251222",동대문구,0.0275,0.011,0.53,0.0025,27,13
"20251222",동작구,0.0366,0.008,0.57,0.0025,31,17
"20251222",마포구,0.0311,0.0103,0.53,0.0025,28,16
"20251222",서대문구,0.0246,0.0138,0.76,0.0051,25,11
"20251222",서초구,0.0313,0.008,0.48,0.0027,33,15
"20251222",성동구,0.0255,0.0114,0.45,0.0027,27,12
"20251222",성북구,0.0264,0.0116,0.67,0.0035,28,15
"20251222",송파구,0.0295,0.0111,0.5,0.0027,28,13
"20251222",양천구,0.0325,0.0105,0.56,0.0027,35,15
"20251222",영등포구,0.0313,0.0104,0.52,0.0028,30,15
"20251222",용산구,0.0316,0.0095,0.53,0.0029,33,13
"20251222",은평구,0.0206,0.0134,0.51,0.0026,25,10
"20251222",종로구,0.0324,0.0116,0.62,0.0027,28,15
"20251222",중구,0.0292,0.0145,0.53,0.0026,30,14
"20251222",중랑구,0.0194,0.0138,0.4,0.0026,25,12
"20251222",강남대로,0.03,0.0062,0.71,0.003,38,15
"20251222",강변북로,0.0282,0.0105,0.64,0.0031,31,14
"20251222",공항대로,0.0303,0.0079,0.53,0.0025,41,17
"20251222",도산대로,0.0251,0.0118,,0.0026,35,13
"20251222",동작대로,0.0378,0.0066,0.67,0.0026,40,14
"20251222",시흥대로,0.0394,0.006,0.69,0.0033,37,14
"20251222",신촌로,0.0339,0.0093,0.59,0.003,33,14
"20251222",영등포로,0.033,0.0093,0.53,0.0029,32,11
"20251222",정릉로,0.0337,0.0093,0.63,0.0028,31,14
"20251222",종로,0.0234,0.0115,0.48,0.0026,33,11
"20251222",천호대로,0.0314,0.0081,0.61,0.0028,32,11
"20251222",청계천로,0.0319,0.0085,0.73,0.0033,33,13
"20251222",한강대로,0.0314,0.0099,0.54,0.0033,29,12
"20251222",홍릉로,0.0296,0.0096,0.57,0.0029,31,12
"20251222",화랑로,0.0346,0.009,0.53,0.0028,,
"20251222",관악산,0.0101,0.0356,0.43,0.003,26,10
"20251222",남산,0.0229,0.0153,0.55,0.0031,25,9
"20251222",북한산,0.0069,0.0237,0.37,0.0026,18,11
"20251222",세곡,0.0308,0.0072,0.87,0.0041,36,14
"20251222",항동,0.0307,0.0082,0.71,0.0034,32,15
"20251222",행주,0.0229,0.0138,0.69,0.0035,32,16
"20251222",마포아트센터,0.0258,0.0155,0.62,0.0033,28,12
"20251222",서울숲,0.0253,0.0141,0.61,0.0032,31,14
"20251222",올림픽공원,0.013,0.0146,0.69,0.0026,25,12
"20251222",자연사박물관,0.02,0.0192,0.52,0.0032,24,12
"20251223",강남구,0.0349,0.0031,0.47,0.0021,19,10
"20251223",강동구,0.0333,0.0036,0.59,0.0023,25,13
"20251223",강북구,0.026,0.0077,0.46,0.0022,16,8
"20251223",강서구,0.0422,0.0034,0.65,0.003,25,14
"20251223",관악구,0.0396,0.002,0.58,0.0027,21,13
"20251223",광진구,0.0285,0.0098,0.57,0.002,19,10
"20251223",구로구,0.0356,0.0019,0.47,0.0023,27,14
"20251223",금천구,,,,,,
"20251223",노원구,0.0409,0.0033,0.7,0.0025,22,13
"20251223",도봉구,0.0343,0.0071,0.75,0.0025,19,14
"20251223",동대문구,0.0379,0.0027,0.56,0.0023,20,11
"20251223",동작구,0.0413,0.0038,0.58,0.0027,24,14
"20251223",마포구,0.0356,0.0046,0.53,0.0023,19,13
"20251223",서대문구,0.0224,0.0171,0.54,0.0024,17,10
"20251223",서초구,0.0361,0.0019,0.46,0.0024,24,14
"20251223",성동구,0.0354,0.0025,0.51,0.0028,21,10
"20251223",성북구,0.0356,0.0045,0.72,0.0031,20,14
"20251223",송파구,0.0385,0.0028,0.51,0.0025,19,11
"20251223",양천구,0.0406,0.0025,0.59,0.0026,26,12
"20251223",영등포구,0.0399,0.0027,0.59,0.0028,24,13
"20251223",용산구,0.0422,0.0024,0.58,0.003,25,12
"20251223",은평구,0.0191,0.0171,0.5,0.0026,19,9
"20251223",종로구,0.0415,0.0035,0.61,0.0026,19,12
"20251223",중구,0.0367,0.0116,0.52,0.0025,22,12
"20251223",중랑구,0.0326,0.0051,0.49,0.0027,18,12
"20251223",강남대로,0.0341,0.0036,0.78,0.0029,27,15
"20251223",강변북로,0.034,0.0038,0.64,0.003,22,12
"20251223",공항대로,0.0369,0.0032,0.59,0.0026,24,13
"20251223",도산대로,0.0311,0.005,0.52,0.0035,29,13
"20251223",동작대로,0.041,0.0026,0.66,0.0027,25,10
"20251223",시흥대로,0.0459,0.002,0.79,0.0034,28,13
"20251223",신촌로,0.0381,0.0039,0.55,0.0028,23,12
"20251223",영등포로,0.0388,0.0026,0.58,0.0028,23,10
"20251223",정릉로,0.0402,0.004,0.65,0.0028,22,11
"20251223",종로,,,,,,
"20251223",천호대로,0.0363,0.0024,0.65,0.0027,22,11
"20251223",청계천로,0.0386,0.0023,0.69,0.0027,25,10
"20251223",한강대로,0.0375,0.004,0.56,0.0025,21,12
"20251223",홍릉로,0.037,0.0024,0.59,0.0028,22,10
"20251223",화랑로,0.0442,0.0024,0.65,0.0031,,
"20251223",관악산,0.0084,0.04,0.43,0.0029,15,7
"20251223",남산,0.031,0.0081,0.53,0.0029,16,8
"20251223",북한산,0.0099,0.0208,0.41,0.0023,12,9
"20251223",세곡,0.0349,0.0029,0.94,0.005,24,12
"20251223",항동,0.0366,0.0035,0.71,0.0031,22,12
"20251223",행주,0.0316,0.0058,0.73,0.0033,25,14
"20251223",마포아트센터,0.0335,0.0075,0.68,0.003,20,12
"20251223",서울숲,0.0342,0.0056,0.67,0.0031,23,14
"20251223",올림픽공원,0.0186,0.0043,0.69,0.0026,17,11
"20251223",자연사박물관,0.0214,0.018,0.56,0.003,20,12
"20251224",강남구,0.0246,0.0133,0.51,0.0021,24,17
"20251224",강동구,0.0244,0.0151,0.62,0.0021,31,21
"20251224",강북구,0.0166,0.0187,0.45,0.0023,23,15
"20251224",강서구,0.0217,0.0149,0.54,0.0027,33,23
"20251224",관악구,0.0236,0.0141,0.48,0.0024,24,19
"20251224",광진구,0.0212,0.0209,0.54,0.0023,23,17
"20251224",구로구,0.0217,0.014,0.46,0.0022,38,26
"20251224",금천구,,,,,,
"20251224",노원구,0.0177,0.0216,0.44,0.0023,25,20
"20251224",도봉구,0.0206,0.0197,0.64,0.0025,27,23
"20251224",동대문구,0.0231,0.015,0.48,0.0022,23,17
"20251224",동작구,0.0247,0.0172,0.48,0.0024,27,21
"20251224",마포구,0.0224,0.015,0.48,0.0025,27,21
"20251224",서대문구,0.0197,0.0185,0.61,0.0022,25,20
"20251224",서초구,0.0229,0.0119,0.44,0.0023,31,25
"20251224",성동구,0.0215,0.0148,0.45,0.0024,22,14
"20251224",성북구,0.0215,0.0155,0.58,0.0027,26,21
"20251224",송파구,0.0273,0.0129,0.46,0.0023,20,15
"20251224",양천구,0.0228,0.0156,0.53,0.0024,33,21
"20251224",영등포구,0.0229,0.0148,0.5,0.0024,27,21
"20251224",용산구,0.0253,0.0134,0.54,0.0028,25,16
"20251224",은평구,0.0177,0.0165,0.6,0.0024,29,21
"20251224",종로구,0.023,0.0171,0.52,0.0026,22,18
"20251224",중구,0.0207,0.0197,0.49,0.0024,24,17
"20251224",중랑구,0.021,0.0153,0.45,0.0027,23,18
"20251224",강남대로,0.0284,0.0088,0.68,0.0026,30,21
"20251224",강변북로,0.0227,0.0145,0.63,0.0027,27,19
"20251224",공항대로,0.0215,0.0137,0.53,0.0024,29,19
"20251224",도산대로,0.0232,0.0126,0.4,0.0028,32,21
"20251224",동작대로,0.0293,0.0129,0.54,0.0025,28,15
"20251224",시흥대로,0.0274,0.0119,0.57,0.0028,32,21
"20251224",신촌로,0.027,0.0118,0.62,0.0028,33,21
"20251224",영등포로,0.0235,0.0146,0.54,0.0025,31,19
"20251224",정릉로,0.0291,0.0132,0.54,0.0026,26,19
"20251224",종로,,,,,,
"20251224",천호대로,0.0311,0.008,0.62,0.0026,24,16
"20251224",청계천로,0.0239,0.0142,0.57,0.0024,26,16
"20251224",한강대로,0.0226,0.0162,0.51,0.0024,27,19
"20251224",홍릉로,0.026,0.0128,0.53,0.0025,27,18
"20251224",화랑로,0.0325,0.0131,0.55,0.0027,,
"20251224",관악산,0.0149,0.028,0.61,0.0028,25,19
"20251224",남산,0.0188,0.0184,0.48,0.0027,21,14
"20251224",북한산,0.0056,0.0281,0.47,0.0023,17,17
"20251224",세곡,0.0299,0.0072,0.75,0.0033,29,17
"20251224",항동,0.0176,0.0163,0.66,0.003,28,22
"20251224",행주,0.0105,0.0233,0.65,0.0031,27,20
"20251224",마포아트센터,0.019,0.0212,0.63,0.0027,27,20
"20251224",서울숲,0.0203,0.0187,0.59,0.0028,25,19
"20251224",올림픽공원,0.0118,0.0182,0.62,0.0025,20,17
"20251224",자연사박물관,0.0173,0.0217,0.67,0.0029,28,23
"20251225",강남구,0.0108,0.0247,0.39,0.0024,25,15
"20251225",강동구,0.0104,0.0276,0.53,0.0027,31,15
"20251225",강북구,0.005,0.0311,0.31,0.0023,24,12
"20251225",강서구,0.0114,0.0265,0.38,0.003,28,15
"20251225",관악구,0.0118,0.0243,0.37,0.0029,24,14
"20251225",광진구,0.0102,0.0318,0.49,0.0027,26,16
"20251225",구로구,0.011,0.0255,0.35,0.0029,32,14
"20251225",금천구,,,,,,
"20251225",노원구,0.0098,0.0291,0.36,0.0026,27,17
"20251225",도봉구,0.0052,0.0341,0.48,0.0029,23,17
"20251225",동대문구,0.0087,0.0263,0.36,0.0024,24,14
"20251225",동작구,0.0114,0.026,0.35,0.0024,25,16
"20251225",마포구,0.0119,0.0263,0.37,0.0024,23,16
"20251225",서대문구,0.009,0.0292,0.47,0.0026,26,15
"20251225",서초구,0.0096,0.0257,0.36,0.003,30,18
"20251225",성동구,0.0094,0.0251,0.36,0.0023,24,14
"20251225",성북구,0.0086,0.0265,0.45,0.0032,22,15
"20251225",송파구,0.0135,0.0244,0.37,0.0025,26,15
"20251225",양천구,0.0132,0.0271,0.38,0.0027,29,14
"20251225",영등포구,0.0112,0.0276,0.36,0.0027,23,14
"20251225",용산구,0.0128,0.0218,0.42,0.0027,30,15
"20251225",은평구,0.0088,0.0266,0.46,0.0029,30,16
"20251225",종로구,0.0092,0.0273,0.39,0.0021,25,16
"20251225",중구,0.0098,0.0362,0.38,0.0028,27,16
"20251225",중랑구,0.0126,0.0225,0.4,0.0028,24,15
"20251225",강남대로,0.0113,0.0237,0.39,0.0026,36,16
"20251225",강변북로,0.0142,0.0235,0.53,0.003,31,16
"20251225",공항대로,0.0109,0.0264,0.36,0.0022,29,13
"20251225",도산대로,0.0094,0.027,,0.0021,31,14
"20251225",동작대로,0.0156,0.0261,0.39,0.0024,28,9
"20251225",시흥대로,0.014,0.0262,0.38,0.0031,27,15
"20251225",신촌로,0.0179,0.0215,0.47,0.0029,35,17
"20251225",영등포로,0.0143,0.0255,0.41,0.0029,27,13
"20251225",정릉로,0.0171,0.0242,0.41,0.0027,27,14
"20251225",종로,,,,,,
"20251225",천호대로,0.0155,0.0236,0.44,0.0027,29,15
"20251225",청계천로,0.0103,0.0264,0.39,0.0022,28,13
"20251225",한강대로,0.0124,0.0264,0.4,0.003,26,13
"20251225",홍릉로,0.0147,0.0235,0.43,0.0027,29,14
"20251225",화랑로,0.0167,0.0262,0.4,0.0026,,
"20251225",관악산,0.0068,0.0377,0.51,0.0034,26,14
"20251225",남산,0.0076,0.0281,0.42,0.0031,23,13
"20251225",북한산,0.004,0.0326,0.43,0.003,22,17
"20251225",세곡,0.0111,0.0249,0.47,0.0033,29,14
"20251225",항동,0.0067,0.0281,0.46,0.0032,23,11
"20251225",행주,0.0042,0.0324,0.61,0.0034,22,12
"20251225",마포아트센터,0.0094,0.0318,0.55,0.0035,25,13
"20251225",서울숲,0.0091,0.03,0.47,0.0034,26,15
"20251225",올림픽공원,0.0053,0.0311,0.65,0.0027,22,15
"20251225",자연사박물관,0.0087,0.0327,0.53,0.0035,26,19
"20251226",강남구,0.0116,0.0195,0.32,0.0025,15,7
"20251226",강동구,0.0129,0.0213,0.48,0.0031,23,8
"20251226",강북구,0.0065,0.0249,0.28,0.0024,17,7
"20251226",강서구,0.013,0.0211,0.31,0.003,20,8
"20251226",관악구,0.0138,0.0197,0.32,0.0028,16,7
"20251226",광진구,0.0116,0.026,0.48,0.0022,18,9
"20251226",구로구,0.012,0.0209,0.3,0.0029,25,7
"20251226",금천구,,,,,,
"20251226",노원구,0.0105,0.0235,0.3,0.0026,18,10
"20251226",도봉구,0.007,0.028,0.43,0.0028,15,9
"20251226",동대문구,0.0105,0.0218,0.3,0.0027,16,7
"20251226",동작구,0.0134,0.0211,0.3,0.0023,16,9
"20251226",마포구,0.0132,0.0215,0.3,0.0025,16,8
"20251226",서대문구,0.0109,0.0239,0.4,0.0028,18,8
"20251226",서초구,0.0116,0.0205,0.3,0.003,22,9
"20251226",성동구,0.0146,0.0182,0.31,0.0025,18,7
"20251226",성북구,0.0089,0.0227,0.41,0.0035,15,9
"20251226",송파구,0.0148,0.0195,0.31,0.0026,18,8
"20251226",양천구,0.0138,0.021,0.32,0.0026,19,7
"20251226",영등포구,0.0124,0.0206,0.31,0.0024,16,7
"20251226",용산구,0.0138,0.0182,0.35,0.0027,24,8
"20251226",은평구,0.0095,0.0227,0.33,0.0032,20,9
"20251226",종로구,0.0119,0.0216,0.35,0.0025,19,12
"20251226",중구,0.0109,0.0265,0.3,0.0029,19,8
"20251226",중랑구,0.0131,0.0177,0.34,0.0029,13,7
"20251226",강남대로,0.018,0.0159,0.38,0.0029,26,9
"20251226",강변북로,0.0192,0.0169,0.48,0.0035,26,10
"20251226",공항대로,0.0124,0.0207,0.31,0.0021,20,7
"20251226",도산대로,0.0122,0.0208,0.4,0.0019,19,6
"20251226",동작대로,0.0204,0.018,0.36,0.0023,19,5
"20251226",시흥대로,0.0158,0.0185,0.32,0.0028,20,8
"20251226",신촌로,0.0197,0.017,0.44,0.0028,26,10
"20251226",영등포로,0.0168,0.0189,0.37,0.0028,20,7
"20251226",정릉로,0.0168,0.0187,0.35,0.0025,19,8
"20251226",종로,,,,,,
"20251226",천호대로,0.0168,0.0184,0.39,0.0027,19,8
"20251226",청계천로,0.0115,0.0207,0.34,0.0019,19,7
"20251226",한강대로,0.0137,0.0219,0.35,0.0032,19,6
"20251226",홍릉로,0.0152,0.018,0.39,0.0029,21,8
"20251226",화랑로,0.0198,0.0208,0.35,0.0024,,
"20251226",관악산,0.0073,0.0317,0.45,0.0034,21,8
"20251226",남산,0.0077,0.0241,0.43,0.0033,15,5
"20251226",북한산,0.0038,0.0287,0.37,0.0032,15,9
"20251226",세곡,0.0159,0.0172,0.47,0.0037,20,7
"20251226",항동,0.0106,0.0213,0.44,0.0031,17,6
"20251226",행주,0.0048,0.0272,0.59,0.0037,14,7
"20251226",마포아트센터,0.0101,0.0262,0.48,0.0038,17,6
"20251226",서울숲,0.0109,0.0252,0.36,0.0036,19,8
"20251226",올림픽공원,0.0064,0.0243,0.7,0.0029,15,7
"20251226",자연사박물관,0.0102,0.026,0.44,0.0037,19,11
"20251227",강남구,0.0286,0.0081,0.44,0.0023,25,14
"20251227",강동구,0.0242,0.0113,0.61,0.0028,32,17
"20251227",강북구,0.0232,0.0115,0.45,0.0021,29,14
"20251227",강서구,0.0336,0.0105,0.61,0.0031,31,18
"20251227",관악구,0.0325,0.0079,0.51,0.0027,27,16
"20251227",광진구,0.0243,0.0143,0.59,0.0017,26,15
"20251227",구로구,0.0304,0.0081,0.48,0.0026,39,19
"20251227",금천구,,,,,,
"20251227",노원구,0.0247,0.013,0.43,0.0025,28,17
"20251227",도봉구,0.0249,0.0131,0.6,0.0025,25,17
"20251227",동대문구,0.0321,0.0078,0.46,0.0031,25,14
"20251227",동작구,0.0331,0.0071,0.49,0.0023,29,19
"20251227",마포구,0.0305,0.0099,0.51,0.0024,25,18
"20251227",서대문구,0.0297,0.0108,0.61,0.0027,27,16
"20251227",서초구,0.0286,0.0078,0.41,0.0027,34,20
"20251227",성동구,0.0276,0.0087,0.44,0.0021,25,13
"20251227",성북구,0.0274,0.0083,0.59,0.0032,27,17
"20251227",송파구,0.0291,0.0097,0.42,0.0024,24,14
"20251227",양천구,0.0327,0.0091,0.56,0.0026,34,17
"20251227",영등포구,0.0323,0.0087,0.53,0.0025,30,19
"20251227",용산구,0.0324,0.0077,0.5,0.0027,32,15
"20251227",은평구,0.024,0.0121,0.5,0.003,31,16
"20251227",종로구,0.0339,0.008,0.53,0.0026,26,17
"20251227",중구,0.0322,0.016,0.5,0.0027,30,17
"20251227",중랑구,0.022,0.0115,0.39,0.0025,24,16
"20251227",강남대로,0.0273,0.0067,0.53,0.003,34,18
"20251227",강변북로,0.0289,0.0088,0.62,0.0033,31,18
"20251227",공항대로,0.0284,0.0097,0.52,0.0022,30,17
"20251227",도산대로,0.0254,0.0112,0.48,0.0028,31,16
"20251227",동작대로,0.0319,0.0074,0.5,0.0024,32,13
"20251227",시흥대로,0.0381,0.0061,0.63,0.0031,35,18
"20251227",신촌로,0.0323,0.0093,0.52,0.0029,30,15
"20251227",영등포로,0.0322,0.0084,0.54,0.0029,31,15
"20251227",정릉로,0.0346,0.0065,0.51,0.0028,29,15
"20251227",종로,,,,,,
"20251227",천호대로,0.0263,0.0099,0.5,0.0027,29,14
"20251227",청계천로,0.0325,0.0066,0.55,0.0023,31,15
"20251227",한강대로,0.0321,0.0091,0.52,0.003,31,16
"20251227",홍릉로,0.0289,0.0078,0.49,0.0026,26,13
"20251227",화랑로,0.0289,0.0094,0.48,0.0024,,
"20251227",관악산,0.0063,0.0401,0.52,0.0035,26,15
"20251227",남산,0.0254,0.0106,0.62,0.0032,27,15
"20251227",북한산,0.0204,0.0156,0.52,0.0028,24,17
"20251227",세곡,0.0248,0.0091,0.58,0.0037,29,16
"20251227",항동,0.0265,0.01,0.66,0.0035,28,16
"20251227",행주,0.0272,0.0129,0.68,0.0034,27,14
"20251227",마포아트센터,0.0276,0.0138,0.62,0.0034,28,16
"20251227",서울숲,0.0271,0.0122,0.54,0.0034,30,17
"20251227",올림픽공원,0.0147,0.0127,0.77,0.0027,25,17
"20251227",자연사박물관,0.0274,0.0136,0.62,0.0035,29,18
"20251228",강남구,0.0231,0.0112,0.43,0.0021,41,29
"20251228",강동구,0.024,0.0128,0.71,0.0024,50,37
"20251228",강북구,0.0238,0.0083,0.52,0.0022,51,32
"20251228",강서구,0.0314,0.0118,0.58,0.0028,38,25
"20251228",관악구,0.0228,0.0163,0.47,0.0023,32,23
"20251228",광진구,0.0246,0.0152,0.62,0.0021,41,29
"20251228",구로구,0.0237,0.0141,0.45,0.0024,44,28
"20251228",금천구,,,,,,
"20251228",노원구,0.0259,0.0119,0.5,0.0023,46,31
"20251228",도봉구,0.0253,0.0117,0.72,0.0026,46,36
"20251228",동대문구,0.0304,0.0071,0.53,0.0028,44,31
"20251228",동작구,0.0261,0.0155,0.47,0.0023,33,25
"20251228",마포구,0.0304,0.0101,0.54,0.0025,37,31
"20251228",서대문구,0.0261,0.0142,0.66,0.0025,42,32
"20251228",서초구,0.0228,0.0118,0.44,0.0025,42,32
"20251228",성동구,0.0251,0.0103,0.47,0.002,43,27
"20251228",성북구,0.0257,0.0084,0.64,0.0029,45,33
"20251228",송파구,0.0237,0.0132,0.42,0.0021,35,23
"20251228",양천구,0.0264,0.0136,0.5,0.0022,42,23
"20251228",영등포구,0.0278,0.0126,0.51,0.0025,36,26
"20251228",용산구,0.0304,0.0085,0.55,0.0029,41,26
"20251228",은평구,0.0174,0.0186,0.56,0.0027,46,31
"20251228",종로구,0.0335,0.0079,0.62,0.0024,45,32
"20251228",중구,0.0314,0.0201,0.56,0.0025,48,34
"20251228",중랑구,0.0221,0.0122,0.44,0.0026,42,31
"20251228",강남대로,0.0209,0.014,0.5,0.0028,43,27
"20251228",강변북로,0.0266,0.0098,0.7,0.003,48,34
"20251228",공항대로,0.0248,0.0121,0.48,0.0022,34,22
"20251228",도산대로,0.0228,0.0134,0.53,0.0034,48,30
"20251228",동작대로,0.0276,0.0125,0.49,0.0023,36,19
"20251228",시흥대로,0.0315,0.0108,0.55,0.0028,38,23
"20251228",신촌로,0.0331,0.0081,0.6,0.0027,47,29
"20251228",영등포로,0.028,0.0108,0.54,0.0025,41,23
"20251228",정릉로,0.0323,0.0068,0.6,0.0028,46,29
"20251228",종로,,,,,,
"20251228",천호대로,0.0245,0.0114,0.54,0.0024,42,27
"20251228",청계천로,0.0308,0.0068,0.62,0.0023,47,30
"20251228",한강대로,0.0294,0.0096,0.57,0.0028,45,32
"20251228",홍릉로,0.0282,0.0072,0.55,0.0023,43,30
"20251228",화랑로,0.0268,0.0094,0.52,0.0026,,
"20251228",관악산,0.0074,0.0445,0.58,0.0035,31,20
"20251228",남산,0.0184,0.017,0.59,0.0031,38,25
"20251228",북한산,0.0195,0.0144,0.57,0.0025,45,35
"20251228",세곡,0.0184,0.0141,0.56,0.0034,42,26
"20251228",항동,0.0207,0.0147,0.68,0.0033,31,22
"20251228",행주,0.0269,0.0122,0.59,0.0027,36,23
"20251228",마포아트센터,0.0271,0.014,0.68,0.0031,44,30
"20251228",서울숲,0.0249,0.0124,0.66,0.0032,48,35
"20251228",올림픽공원,0.0118,0.015,0.73,0.0026,41,31
"20251228",자연사박물관,0.0217,0.0187,0.67,0.0031,41,30
"20251229",강남구,0.023,0.0252,0.55,0.0025,60,43
"20251229",강동구,0.0306,0.0214,0.75,0.0026,60,45
"20251229",강북구,0.0228,0.0208,0.61,0.0027,56,35
"20251229",강서구,0.0294,0.0235,0.6,0.0032,64,44
"20251229",관악구,0.024,0.0282,0.52,0.0028,61,42
"20251229",광진구,0.03,0.0252,0.61,0.0029,54,40
"20251229",구로구,0.0244,0.0255,0.49,0.0028,71,47
"20251229",금천구,,,,,,
"20251229",노원구,0.032,0.0166,0.62,0.0027,58,40
"20251229",도봉구,0.0266,0.0249,0.82,0.0029,59,47
"20251229",동대문구,0.0333,0.0169,0.73,0.0033,63,45
"20251229",동작구,0.0295,0.0272,0.56,0.0028,64,46
"20251229",마포구,0.0305,0.0229,0.52,0.0029,52,43
"20251229",서대문구,0.0286,0.0236,0.94,0.0039,54,44
"20251229",서초구,0.024,0.0246,0.49,0.0028,66,50
"20251229",성동구,0.0294,0.0178,0.54,0.0027,51,32
"20251229",성북구,0.0306,0.0181,0.93,0.0035,63,47
"20251229",송파구,0.0308,0.0213,0.51,0.0024,53,35
"20251229",양천구,0.0263,0.0258,0.55,0.0026,68,41
"20251229",영등포구,0.0264,0.027,0.56,0.0028,58,43
"20251229",용산구,0.0325,0.0176,0.59,0.0032,50,33
"20251229",은평구,0.0196,0.0273,0.7,0.0028,66,46
"20251229",종로구,0.035,0.0204,0.83,0.0033,65,47
"20251229",중구,0.0319,0.031,0.6,0.0028,63,45
"20251229",중랑구,0.0315,0.018,0.63,0.0031,58,45
"20251229",강남대로,0.0278,0.0199,0.62,0.0027,64,44
"20251229",강변북로,0.0347,0.016,0.83,0.0029,62,43
"20251229",공항대로,0.0282,0.0218,0.56,0.0027,57,39
"20251229",도산대로,0.0278,0.0241,0.75,0.0029,68,45
"20251229",동작대로,0.0361,0.0202,0.64,0.0028,64,33
"20251229",시흥대로,0.0315,0.0239,0.58,0.003,65,41
"20251229",신촌로,0.0396,0.0144,0.73,0.003,68,42
"20251229",영등포로,0.0328,0.0205,0.65,0.0027,66,38
"20251229",정릉로,0.0391,0.0154,0.86,0.0031,65,43
"20251229",종로,,,,,,
"20251229",천호대로,0.0319,0.0193,0.67,0.0028,59,39
"20251229",청계천로,0.0312,0.0175,0.83,0.0029,67,45
"20251229",한강대로,0.0303,0.0216,0.65,0.0032,64,45
"20251229",홍릉로,0.0335,0.0156,0.78,0.0026,61,43
"20251229",화랑로,0.034,0.016,0.61,0.0029,,
"20251229",관악산,0.0118,0.0532,0.7,0.0035,67,47
"20251229",남산,0.0156,0.0335,0.66,0.0032,61,44
"20251229",북한산,0.0165,0.0308,0.64,0.0027,63,46
"20251229",세곡,0.0275,0.0187,0.71,0.0037,60,38
"20251229",항동,0.0244,0.022,0.75,0.0032,57,43
"20251229",행주,0.023,0.0261,0.58,0.0029,60,39
"20251229",마포아트센터,0.0272,0.028,0.71,0.0034,63,45
"20251229",서울숲,0.0259,0.0239,0.74,0.0033,59,44
"20251229",올림픽공원,0.0146,0.0246,0.63,0.0027,58,43
"20251229",자연사박물관,0.0213,0.0324,0.74,0.0033,62,45
"20251230",강남구,0.0168,0.0244,0.35,0.0025,18,9
"20251230",강동구,0.0147,0.0286,0.34,0.0029,24,9
"20251230",강북구,0.0102,0.0301,0.3,0.0024,18,7
"20251230",강서구,0.0188,0.0254,0.35,0.003,23,10
"20251230",관악구,0.0179,0.0255,0.35,0.0028,18,9
"20251230",광진구,0.0142,0.0333,0.31,0.0027,19,9
"20251230",구로구,0.0158,0.0259,0.33,0.0028,26,9
"20251230",금천구,,,,,,
"20251230",노원구,0.0113,0.0313,0.3,0.0027,19,10
"20251230",도봉구,0.0133,0.0324,0.5,0.0028,17,11
"20251230",동대문구,0.0137,0.0269,0.32,0.0029,16,7
"20251230",동작구,0.0182,0.0265,0.33,0.0025,18,10
"20251230",마포구,0.0183,0.0271,0.33,0.0026,18,10
"20251230",서대문구,0.0162,0.0277,0.54,0.0035,20,10
"20251230",서초구,0.0143,0.0261,0.31,0.0029,23,11
"20251230",성동구,0.0165,0.0242,0.32,0.0039,18,7
"20251230",성북구,0.0144,0.0263,0.45,0.0033,17,9
"20251230",송파구,0.02,0.0245,0.33,0.0025,19,9
"20251230",양천구,0.0191,0.0255,0.36,0.0027,21,9
"20251230",영등포구,0.019,0.0257,0.34,0.0027,18,9
"20251230",용산구,0.0178,0.0227,0.35,0.0029,22,9
"20251230",은평구,0.0137,0.0263,0.47,0.0029,22,10
"20251230",종로구,0.0167,0.0253,0.38,0.0027,19,11
"20251230",중구,0.0152,0.0357,0.32,0.0028,18,9
"20251230",중랑구,0.0152,0.0242,0.34,0.0029,16,9
"20251230",강남대로,0.0238,0.0184,0.44,0.0027,29,9
"20251230",강변북로,0.0223,0.0217,0.55,0.0032,23,11
"20251230",공항대로,0.0186,0.0228,0.36,0.0023,26,8
"20251230",도산대로,0.0176,0.0253,0.65,0.0023,25,9
"20251230",동작대로,0.0256,0.0236,0.37,0.0025,22,5
"20251230",시흥대로,0.0243,0.0227,0.38,0.0031,24,10
"20251230",신촌로,0.0245,0.0199,0.45,0.003,28,11
"20251230",영등포로,0.0224,0.0233,0.4,0.0029,22,8
"20251230",정릉로,0.0255,0.0226,0.39,0.003,22,9
"20251230",종로,0.0143,0.0265,0.34,0.0028,21,9
"20251230",천호대로,0.0272,0.0206,0.44,0.0029,26,9
"20251230",청계천로,0.0193,0.0228,0.39,0.0025,21,8
"20251230",한강대로,0.0177,0.0266,0.38,0.0034,22,7
"20251230",홍릉로,0.021,0.0225,0.41,0.0028,23,8
"20251230",화랑로,0.0256,0.0248,0.38,0.0028,,
"20251230",관악산,0.0079,0.0404,0.54,0.0033,21,9
"20251230",남산,0.0105,0.0295,0.48,0.0032,16,5
"20251230",북한산,0.0045,0.0348,0.39,0.0029,14,9
"20251230",세곡,0.0227,0.0204,0.55,0.0035,25,8
"20251230",항동,0.0184,0.0219,0.45,0.0033,18,6
"20251230",행주,0.0089,0.0309,0.48,0.0031,16,7
"20251230",마포아트센터,0.0143,0.0323,0.48,0.0033,19,7
"20251230",서울숲,0.0157,0.0286,0.46,0.0034,19,8
"20251230",올림픽공원,0.0073,0.0319,0.41,0.0028,15,8
"20251230",자연사박물관,0.014,0.0318,0.51,0.0035,21,10
"20251231",강남구,0.0109,0.0224,0.35,0.0026,18,7
"20251231",강동구,0.0099,0.0255,0.35,0.0031,26,9
"20251231",강북구,0.0056,0.0281,0.29,0.0023,20,7
"20251231",강서구,0.0109,0.0239,0.34,0.0029,23,10
"20251231",관악구,0.0115,0.0235,0.34,0.0028,19,8
"20251231",광진구,0.0094,0.0297,0.36,0.0023,19,8
"20251231",구로구,0.0101,0.023,0.32,0.0029,28,7
"20251231",금천구,0.0133,0.0205,0.43,0.003,,
"20251231",노원구,0.0088,0.0261,0.31,0.0025,19,9
"20251231",도봉구,0.0061,0.0306,0.52,0.0028,18,10
"20251231",동대문구,0.0094,0.0239,0.32,0.0029,18,7
"20251231",동작구,0.0113,0.0231,0.33,0.0023,20,10
"20251231",마포구,0.011,0.0268,0.33,0.0026,18,9
"20251231",서대문구,0.0095,0.0264,0.47,0.0029,21,8
"20251231",서초구,0.0097,0.0233,0.32,0.003,24,10
"20251231",성동구,0.0133,0.0214,0.32,0.0034,19,7
"20251231",성북구,0.0086,0.024,0.47,0.0034,18,9
"20251231",송파구,0.0135,0.0223,0.33,0.0027,20,8
"20251231",양천구,0.0116,0.0237,0.34,0.0027,24,8
"20251231",영등포구,0.0121,0.023,0.34,0.0025,19,9
"20251231",용산구,0.0116,0.0204,0.36,0.0026,23,8
"20251231",은평구,0.0091,0.0244,0.44,0.0033,24,8
"20251231",종로구,0.0105,0.0236,0.37,0.0027,20,11
"20251231",중구,0.0088,0.0304,0.31,0.0029,21,8
"20251231",중랑구,0.0118,0.0203,0.35,0.0029,16,8
"20251231",강남대로,0.0149,0.0198,0.46,0.0028,27,7
"20251231",강변북로,0.017,0.0198,0.57,0.0035,26,9
"20251231",공항대로,0.01,0.0231,0.33,0.0021,23,8
"20251231",도산대로,0.0112,0.0235,0.65,0.0022,22,9
"20251231",동작대로,0.0171,0.0224,0.37,0.0024,20,5
"20251231",시흥대로,0.0133,0.0224,0.35,0.0029,20,8
"20251231",신촌로,0.0193,0.0194,0.45,0.0029,26,9
"20251231",영등포로,0.0164,0.0213,0.39,0.0028,22,7
"20251231",정릉로,0.017,0.0213,0.37,0.0028,21,8
"20251231",종로,0.0087,0.0244,0.34,0.0024,21,8
"20251231",천호대로,0.018,0.0199,0.42,0.0029,21,8
"20251231",청계천로,0.0112,0.0221,0.37,0.002,21,6
"20251231",한강대로,0.0118,0.0249,0.37,0.0035,22,7
"20251231",홍릉로,0.0151,0.0201,0.41,0.0029,23,6
"20251231",화랑로,0.0178,0.0239,0.36,0.0026,,
"20251231",관악산,0.0065,0.0327,0.56,0.0034,23,9
"20251231",남산,0.0067,0.026,0.51,0.0034,18,4
"20251231",북한산,0.0039,0.0301,0.42,0.0032,17,9
"20251231",세곡,0.0123,0.0228,0.53,0.0035,23,7
"20251231",항동,0.0064,0.0256,0.35,0.0032,17,4
"20251231",행주,0.0025,0.0293,0.59,0.003,17,7
"20251231",마포아트센터,0.0085,0.0296,0.51,0.0036,20,7
"20251231",서울숲,0.0092,0.0279,0.43,0.0037,22,7
"20251231",올림픽공원,0.0057,0.0283,0.49,0.0031,17,8
"20251231",자연사박물관,0.0088,0.03,0.5,0.0037,21,10
