ds,District,Cause,rescued_count
2006-01-01,강남구,건물사고,378.0
2006-01-01,강남구,교통사고,134.0
2006-01-01,강남구,기계사고,11.0
2006-01-01,강남구,산악사고,153.0
2006-01-01,강남구,수난사고,19.0
2006-01-01,강남구,승강기사고,5.0
2006-01-01,강남구,인명갇힘,0.0
2006-01-01,강남구,폭발사고,95.0
2006-01-01,강남구,화재,53.0
2006-01-01,강동구,건물사고,174.0
2006-01-01,강동구,교통사고,92.0
2006-01-01,강동구,기계사고,7.0
2006-01-01,강동구,산악사고,254.0
2006-01-01,강동구,수난사고,14.0
2006-01-01,강동구,승강기사고,3.0
2006-01-01,강동구,인명갇힘,0.0
2006-01-01,강동구,폭발사고,78.0
2006-01-01,강동구,화재,46.0
2006-01-01,강북구,건물사고,62.0
2006-01-01,강북구,교통사고,12.0
2006-01-01,강북구,기계사고,1.0
2006-01-01,강북구,산악사고,95.0
2006-01-01,강북구,수난사고,0.0
2006-01-01,강북구,승강기사고,55.0
2006-01-01,강북구,인명갇힘,0.0
2006-01-01,강북구,폭발사고,28.0
2006-01-01,강북구,화재,14.0
2006-01-01,강서구,건물사고,203.0
2006-01-01,강서구,교통사고,205.0
2006-01-01,강서구,기계사고,6.0
2006-01-01,강서구,산악사고,297.0
2006-01-01,강서구,수난사고,22.0
2006-01-01,강서구,승강기사고,6.0
2006-01-01,강서구,인명갇힘,9.0
2006-01-01,강서구,폭발사고,102.0
2006-01-01,강서구,화재,224.0
2006-01-01,관악구,건물사고,159.0
2006-01-01,관악구,교통사고,31.0
2006-01-01,관악구,기계사고,7.0
2006-01-01,관악구,산악사고,204.0
2006-01-01,관악구,수난사고,1.0
2006-01-01,관악구,승강기사고,139.0
2006-01-01,관악구,인명갇힘,0.0
2006-01-01,관악구,폭발사고,61.0
2006-01-01,관악구,화재,11.0
2006-01-01,광진구,건물사고,65.0
2006-01-01,광진구,교통사고,48.0
2006-01-01,광진구,기계사고,3.0
2006-01-01,광진구,산악사고,105.0
2006-01-01,광진구,수난사고,29.0
2006-01-01,광진구,승강기사고,36.0
2006-01-01,광진구,인명갇힘,0.0
2006-01-01,광진구,폭발사고,35.0
2006-01-01,광진구,화재,23.0
2006-01-01,구로구,건물사고,109.0
2006-01-01,구로구,교통사고,57.0
2006-01-01,구로구,기계사고,4.0
2006-01-01,구로구,산악사고,211.0
2006-01-01,구로구,수난사고,1.0
2006-01-01,구로구,승강기사고,6.0
2006-01-01,구로구,인명갇힘,0.0
2006-01-01,구로구,폭발사고,54.0
2006-01-01,구로구,화재,7.0
2006-01-01,금천구,건물사고,53.0
2006-01-01,금천구,교통사고,35.0
2006-01-01,금천구,기계사고,8.0
2006-01-01,금천구,산악사고,75.0
2006-01-01,금천구,수난사고,0.0
2006-01-01,금천구,승강기사고,7.0
2006-01-01,금천구,인명갇힘,1.0
2006-01-01,금천구,폭발사고,27.0
2006-01-01,금천구,화재,1.0
2006-01-01,노원구,건물사고,106.0
2006-01-01,노원구,교통사고,24.0
2006-01-01,노원구,기계사고,4.0
2006-01-01,노원구,산악사고,184.0
2006-01-01,노원구,수난사고,2.0
2006-01-01,노원구,승강기사고,126.0
2006-01-01,노원구,인명갇힘,0.0
2006-01-01,노원구,폭발사고,53.0
2006-01-01,노원구,화재,5.0
2006-01-01,도봉구,건물사고,119.0
2006-01-01,도봉구,교통사고,46.0
2006-01-01,도봉구,기계사고,3.0
2006-01-01,도봉구,산악사고,126.0
2006-01-01,도봉구,수난사고,2.0
2006-01-01,도봉구,승강기사고,77.0
2006-01-01,도봉구,인명갇힘,1.0
2006-01-01,도봉구,폭발사고,44.0
2006-01-01,도봉구,화재,17.0
2006-01-01,동대문구,건물사고,118.0
2006-01-01,동대문구,교통사고,51.0
2006-01-01,동대문구,기계사고,6.0
2006-01-01,동대문구,산악사고,81.0
2006-01-01,동대문구,수난사고,3.0
2006-01-01,동대문구,승강기사고,5.0
2006-01-01,동대문구,인명갇힘,0.0
2006-01-01,동대문구,폭발사고,35.0
2006-01-01,동대문구,화재,33.0
2006-01-01,동작구,건물사고,105.0
2006-01-01,동작구,교통사고,51.0
2006-01-01,동작구,기계사고,2.0
2006-01-01,동작구,산악사고,97.0
2006-01-01,동작구,수난사고,21.0
2006-01-01,동작구,승강기사고,4.0
2006-01-01,동작구,인명갇힘,0.0
2006-01-01,동작구,폭발사고,47.0
2006-01-01,동작구,화재,38.0
2006-01-01,마포구,건물사고,109.0
2006-01-01,마포구,교통사고,68.0
2006-01-01,마포구,기계사고,9.0
2006-01-01,마포구,산악사고,156.0
2006-01-01,마포구,수난사고,28.0
2006-01-01,마포구,승강기사고,0.0
2006-01-01,마포구,인명갇힘,2.0
2006-01-01,마포구,폭발사고,65.0
2006-01-01,마포구,화재,2.0
2006-01-01,서대문구,건물사고,233.0
2006-01-01,서대문구,교통사고,95.0
2006-01-01,서대문구,기계사고,1.0
2006-01-01,서대문구,산악사고,181.0
2006-01-01,서대문구,수난사고,0.0
2006-01-01,서대문구,승강기사고,14.0
2006-01-01,서대문구,인명갇힘,0.0
2006-01-01,서대문구,폭발사고,44.0
2006-01-01,서대문구,화재,28.0
2006-01-01,서초구,건물사고,162.0
2006-01-01,서초구,교통사고,99.0
2006-01-01,서초구,기계사고,2.0
2006-01-01,서초구,산악사고,80.0
2006-01-01,서초구,수난사고,14.0
2006-01-01,서초구,승강기사고,30.0
2006-01-01,서초구,인명갇힘,2.0
2006-01-01,서초구,폭발사고,34.0
2006-01-01,서초구,화재,47.0
2006-01-01,성동구,건물사고,34.0
2006-01-01,성동구,교통사고,22.0
2006-01-01,성동구,기계사고,2.0
2006-01-01,성동구,산악사고,45.0
2006-01-01,성동구,수난사고,17.0
2006-01-01,성동구,승강기사고,1.0
2006-01-01,성동구,인명갇힘,0.0
2006-01-01,성동구,폭발사고,53.0
2006-01-01,성동구,화재,36.0
2006-01-01,성북구,건물사고,80.0
2006-01-01,성북구,교통사고,36.0
2006-01-01,성북구,기계사고,6.0
2006-01-01,성북구,산악사고,101.0
2006-01-01,성북구,수난사고,1.0
2006-01-01,성북구,승강기사고,18.0
2006-01-01,성북구,인명갇힘,0.0
2006-01-01,성북구,폭발사고,39.0
2006-01-01,성북구,화재,11.0
2006-01-01,송파구,건물사고,211.0
2006-01-01,송파구,교통사고,99.0
2006-01-01,송파구,기계사고,7.0
2006-01-01,송파구,산악사고,195.0
2006-01-01,송파구,수난사고,28.0
2006-01-01,송파구,승강기사고,23.0
2006-01-01,송파구,인명갇힘,0.0
2006-01-01,송파구,폭발사고,96.0
2006-01-01,송파구,화재,22.0
2006-01-01,양천구,건물사고,189.0
2006-01-01,양천구,교통사고,57.0
2006-01-01,양천구,기계사고,5.0
2006-01-01,양천구,산악사고,175.0
2006-01-01,양천구,수난사고,0.0
2006-01-01,양천구,승강기사고,1.0
2006-01-01,양천구,인명갇힘,0.0
2006-01-01,양천구,폭발사고,51.0
2006-01-01,양천구,화재,10.0
2006-01-01,영등포구,건물사고,215.0
2006-01-01,영등포구,교통사고,87.0
2006-01-01,영등포구,기계사고,6.0
2006-01-01,영등포구,산악사고,194.0
2006-01-01,영등포구,수난사고,84.0
2006-01-01,영등포구,승강기사고,0.0
2006-01-01,영등포구,인명갇힘,0.0
2006-01-01,영등포구,폭발사고,82.0
2006-01-01,영등포구,화재,20.0
2006-01-01,용산구,건물사고,76.0
2006-01-01,용산구,교통사고,143.0
2006-01-01,용산구,기계사고,3.0
2006-01-01,용산구,산악사고,109.0
2006-01-01,용산구,수난사고,49.0
2006-01-01,용산구,승강기사고,0.0
2006-01-01,용산구,인명갇힘,0.0
2006-01-01,용산구,폭발사고,104.0
2006-01-01,용산구,화재,195.0
2006-01-01,은평구,건물사고,103.0
2006-01-01,은평구,교통사고,65.0
2006-01-01,은평구,기계사고,7.0
2006-01-01,은평구,산악사고,225.0
2006-01-01,은평구,수난사고,0.0
2006-01-01,은평구,승강기사고,88.0
2006-01-01,은평구,인명갇힘,1.0
2006-01-01,은평구,폭발사고,86.0
2006-01-01,은평구,화재,27.0
2006-01-01,종로구,건물사고,87.0
2006-01-01,종로구,교통사고,116.0
2006-01-01,종로구,기계사고,8.0
2006-01-01,종로구,산악사고,79.0
2006-01-01,종로구,수난사고,0.0
2006-01-01,종로구,승강기사고,46.0
2006-01-01,종로구,인명갇힘,0.0
2006-01-01,종로구,폭발사고,95.0
2006-01-01,종로구,화재,80.0
2006-01-01,중구,건물사고,99.0
2006-01-01,중구,교통사고,41.0
2006-01-01,중구,기계사고,7.0
2006-01-01,중구,산악사고,74.0
2006-01-01,중구,수난사고,0.0
2006-01-01,중구,승강기사고,0.0
2006-01-01,중구,인명갇힘,0.0
2006-01-01,중구,폭발사고,28.0
2006-01-01,중구,화재,12.0
2006-01-01,중랑구,건물사고,120.0
2006-01-01,중랑구,교통사고,36.0
2006-01-01,중랑구,기계사고,6.0
2006-01-01,중랑구,산악사고,215.0
2006-01-01,중랑구,수난사고,1.0
2006-01-01,중랑구,승강기사고,25.0
2006-01-01,중랑구,인명갇힘,1.0
2006-01-01,중랑구,폭발사고,61.0
2006-01-01,중랑구,화재,22.0
2007-01-01,강남구,교통사고,102.0
2007-01-01,강남구,기계사고,10.0
2007-01-01,강남구,기타/미상,74.0
2007-01-01,강남구,산악사고,12.0
2007-01-01,강남구,수난사고,16.0
2007-01-01,강남구,승강기사고,270.0
2007-01-01,강남구,인명갇힘,149.0
2007-01-01,강남구,폭발사고,1.0
2007-01-01,강남구,화재,150.0
2007-01-01,강동구,교통사고,81.0
2007-01-01,강동구,기계사고,5.0
2007-01-01,강동구,기타/미상,97.0
2007-01-01,강동구,산악사고,3.0
2007-01-01,강동구,수난사고,12.0
2007-01-01,강동구,승강기사고,197.0
2007-01-01,강동구,인명갇힘,284.0
2007-01-01,강동구,폭발사고,1.0
2007-01-01,강동구,화재,90.0
2007-01-01,강북구,교통사고,30.0
2007-01-01,강북구,기계사고,2.0
2007-01-01,강북구,기타/미상,24.0
2007-01-01,강북구,산악사고,36.0
2007-01-01,강북구,수난사고,0.0
2007-01-01,강북구,승강기사고,52.0
2007-01-01,강북구,인명갇힘,54.0
2007-01-01,강북구,폭발사고,0.0
2007-01-01,강북구,화재,14.0
2007-01-01,강서구,교통사고,135.0
2007-01-01,강서구,기계사고,7.0
2007-01-01,강서구,기타/미상,160.0
2007-01-01,강서구,산악사고,11.0
2007-01-01,강서구,수난사고,14.0
2007-01-01,강서구,승강기사고,312.0
2007-01-01,강서구,인명갇힘,434.0
2007-01-01,강서구,폭발사고,0.0
2007-01-01,강서구,화재,44.0
2007-01-01,관악구,교통사고,45.0
2007-01-01,관악구,기계사고,15.0
2007-01-01,관악구,기타/미상,85.0
2007-01-01,관악구,산악사고,139.0
2007-01-01,관악구,수난사고,0.0
2007-01-01,관악구,승강기사고,245.0
2007-01-01,관악구,인명갇힘,217.0
2007-01-01,관악구,폭발사고,0.0
2007-01-01,관악구,화재,2.0
2007-01-01,광진구,교통사고,54.0
2007-01-01,광진구,기계사고,8.0
2007-01-01,광진구,기타/미상,45.0
2007-01-01,광진구,산악사고,26.0
2007-01-01,광진구,수난사고,35.0
2007-01-01,광진구,승강기사고,82.0
2007-01-01,광진구,인명갇힘,116.0
2007-01-01,광진구,폭발사고,0.0
2007-01-01,광진구,화재,34.0
2007-01-01,구로구,교통사고,72.0
2007-01-01,구로구,기계사고,8.0
2007-01-01,구로구,기타/미상,64.0
2007-01-01,구로구,산악사고,2.0
2007-01-01,구로구,수난사고,0.0
2007-01-01,구로구,승강기사고,162.0
2007-01-01,구로구,인명갇힘,160.0
2007-01-01,구로구,폭발사고,0.0
2007-01-01,구로구,화재,204.0
2007-01-01,금천구,교통사고,27.0
2007-01-01,금천구,기계사고,5.0
2007-01-01,금천구,기타/미상,31.0
2007-01-01,금천구,산악사고,9.0
2007-01-01,금천구,수난사고,0.0
2007-01-01,금천구,승강기사고,49.0
2007-01-01,금천구,인명갇힘,71.0
2007-01-01,금천구,폭발사고,0.0
2007-01-01,금천구,화재,11.0
2007-01-01,노원구,교통사고,27.0
2007-01-01,노원구,기계사고,5.0
2007-01-01,노원구,기타/미상,65.0
2007-01-01,노원구,산악사고,156.0
2007-01-01,노원구,수난사고,0.0
2007-01-01,노원구,승강기사고,209.0
2007-01-01,노원구,인명갇힘,194.0
2007-01-01,노원구,폭발사고,0.0
2007-01-01,노원구,화재,1.0
2007-01-01,도봉구,교통사고,42.0
2007-01-01,도봉구,기계사고,4.0
2007-01-01,도봉구,기타/미상,31.0
2007-01-01,도봉구,산악사고,93.0
2007-01-01,도봉구,수난사고,1.0
2007-01-01,도봉구,승강기사고,93.0
2007-01-01,도봉구,인명갇힘,115.0
2007-01-01,도봉구,폭발사고,0.0
2007-01-01,도봉구,화재,3.0
2007-01-01,동대문구,교통사고,41.0
2007-01-01,동대문구,기계사고,9.0
2007-01-01,동대문구,기타/미상,48.0
2007-01-01,동대문구,산악사고,2.0
2007-01-01,동대문구,수난사고,2.0
2007-01-01,동대문구,승강기사고,142.0
2007-01-01,동대문구,인명갇힘,131.0
2007-01-01,동대문구,폭발사고,0.0
2007-01-01,동대문구,화재,38.0
2007-01-01,동작구,교통사고,61.0
2007-01-01,동작구,기계사고,6.0
2007-01-01,동작구,기타/미상,67.0
2007-01-01,동작구,산악사고,1.0
2007-01-01,동작구,수난사고,15.0
2007-01-01,동작구,승강기사고,149.0
2007-01-01,동작구,인명갇힘,98.0
2007-01-01,동작구,폭발사고,1.0
2007-01-01,동작구,화재,64.0
2007-01-01,마포구,교통사고,164.0
2007-01-01,마포구,기계사고,5.0
2007-01-01,마포구,기타/미상,139.0
2007-01-01,마포구,산악사고,0.0
2007-01-01,마포구,수난사고,38.0
2007-01-01,마포구,승강기사고,242.0
2007-01-01,마포구,인명갇힘,203.0
2007-01-01,마포구,폭발사고,0.0
2007-01-01,마포구,화재,38.0
2007-01-01,서대문구,교통사고,70.0
2007-01-01,서대문구,기계사고,5.0
2007-01-01,서대문구,기타/미상,110.0
2007-01-01,서대문구,산악사고,24.0
2007-01-01,서대문구,수난사고,0.0
2007-01-01,서대문구,승강기사고,142.0
2007-01-01,서대문구,인명갇힘,172.0
2007-01-01,서대문구,폭발사고,0.0
2007-01-01,서대문구,화재,59.0
2007-01-01,서초구,교통사고,106.0
2007-01-01,서초구,기계사고,6.0
2007-01-01,서초구,기타/미상,72.0
2007-01-01,서초구,산악사고,18.0
2007-01-01,서초구,수난사고,15.0
2007-01-01,서초구,승강기사고,186.0
2007-01-01,서초구,인명갇힘,92.0
2007-01-01,서초구,폭발사고,1.0
2007-01-01,서초구,화재,117.0
2007-01-01,성동구,교통사고,47.0
2007-01-01,성동구,기계사고,7.0
2007-01-01,성동구,기타/미상,103.0
2007-01-01,성동구,산악사고,1.0
2007-01-01,성동구,수난사고,24.0
2007-01-01,성동구,승강기사고,49.0
2007-01-01,성동구,인명갇힘,59.0
2007-01-01,성동구,폭발사고,0.0
2007-01-01,성동구,화재,10.0
2007-01-01,성북구,교통사고,19.0
2007-01-01,성북구,기계사고,2.0
2007-01-01,성북구,기타/미상,73.0
2007-01-01,성북구,산악사고,19.0
2007-01-01,성북구,수난사고,0.0
2007-01-01,성북구,승강기사고,94.0
2007-01-01,성북구,인명갇힘,146.0
2007-01-01,성북구,폭발사고,0.0
2007-01-01,성북구,화재,47.0
2007-01-01,송파구,교통사고,110.0
2007-01-01,송파구,기계사고,11.0
2007-01-01,송파구,기타/미상,119.0
2007-01-01,송파구,산악사고,21.0
2007-01-01,송파구,수난사고,26.0
2007-01-01,송파구,승강기사고,213.0
2007-01-01,송파구,인명갇힘,294.0
2007-01-01,송파구,폭발사고,0.0
2007-01-01,송파구,화재,51.0
2007-01-01,양천구,교통사고,77.0
2007-01-01,양천구,기계사고,4.0
2007-01-01,양천구,기타/미상,66.0
2007-01-01,양천구,산악사고,5.0
2007-01-01,양천구,수난사고,0.0
2007-01-01,양천구,승강기사고,268.0
2007-01-01,양천구,인명갇힘,233.0
2007-01-01,양천구,폭발사고,0.0
2007-01-01,양천구,화재,11.0
2007-01-01,영등포구,교통사고,213.0
2007-01-01,영등포구,기계사고,8.0
2007-01-01,영등포구,기타/미상,108.0
2007-01-01,영등포구,산악사고,0.0
2007-01-01,영등포구,수난사고,107.0
2007-01-01,영등포구,승강기사고,311.0
2007-01-01,영등포구,인명갇힘,204.0
2007-01-01,영등포구,폭발사고,4.0
2007-01-01,영등포구,화재,61.0
2007-01-01,용산구,교통사고,269.0
2007-01-01,용산구,기계사고,14.0
2007-01-01,용산구,기타/미상,133.0
2007-01-01,용산구,산악사고,0.0
2007-01-01,용산구,수난사고,89.0
2007-01-01,용산구,승강기사고,82.0
2007-01-01,용산구,인명갇힘,141.0
2007-01-01,용산구,폭발사고,0.0
2007-01-01,용산구,화재,71.0
2007-01-01,은평구,교통사고,65.0
2007-01-01,은평구,기계사고,4.0
2007-01-01,은평구,기타/미상,76.0
2007-01-01,은평구,산악사고,74.0
2007-01-01,은평구,수난사고,0.0
2007-01-01,은평구,승강기사고,142.0
2007-01-01,은평구,인명갇힘,199.0
2007-01-01,은평구,폭발사고,0.0
2007-01-01,은평구,화재,27.0
2007-01-01,종로구,교통사고,44.0
2007-01-01,종로구,기계사고,5.0
2007-01-01,종로구,기타/미상,73.0
2007-01-01,종로구,산악사고,63.0
2007-01-01,종로구,수난사고,0.0
2007-01-01,종로구,승강기사고,114.0
2007-01-01,종로구,인명갇힘,120.0
2007-01-01,종로구,폭발사고,0.0
2007-01-01,종로구,화재,19.0
2007-01-01,중구,교통사고,45.0
2007-01-01,중구,기계사고,9.0
2007-01-01,중구,기타/미상,39.0
2007-01-01,중구,산악사고,0.0
2007-01-01,중구,수난사고,0.0
2007-01-01,중구,승강기사고,138.0
2007-01-01,중구,인명갇힘,88.0
2007-01-01,중구,폭발사고,4.0
2007-01-01,중구,화재,7.0
2007-01-01,중랑구,교통사고,82.0
2007-01-01,중랑구,기계사고,2.0
2007-01-01,중랑구,기타/미상,54.0
2007-01-01,중랑구,산악사고,28.0
2007-01-01,중랑구,수난사고,0.0
2007-01-01,중랑구,승강기사고,142.0
2007-01-01,중랑구,인명갇힘,162.0
2007-01-01,중랑구,폭발사고,1.0
2007-01-01,중랑구,화재,20.0
2008-01-01,강남구,교통사고,85.0
2008-01-01,강남구,기계사고,11.0
2008-01-01,강남구,기타/미상,113.0
2008-01-01,강남구,산악사고,17.0
2008-01-01,강남구,수난사고,30.0
2008-01-01,강남구,승강기사고,286.0
2008-01-01,강남구,인명갇힘,171.0
2008-01-01,강남구,폭발사고,1.0
2008-01-01,강남구,화재,62.0
2008-01-01,강동구,교통사고,70.0
2008-01-01,강동구,기계사고,10.0
2008-01-01,강동구,기타/미상,93.0
2008-01-01,강동구,산악사고,5.0
2008-01-01,강동구,수난사고,10.0
2008-01-01,강동구,승강기사고,184.0
2008-01-01,강동구,인명갇힘,247.0
2008-01-01,강동구,폭발사고,0.0
2008-01-01,강동구,화재,63.0
2008-01-01,강북구,교통사고,29.0
2008-01-01,강북구,기계사고,5.0
2008-01-01,강북구,기타/미상,86.0
2008-01-01,강북구,산악사고,88.0
2008-01-01,강북구,수난사고,0.0
2008-01-01,강북구,승강기사고,82.0
2008-01-01,강북구,인명갇힘,115.0
2008-01-01,강북구,폭발사고,0.0
2008-01-01,강북구,화재,52.0
2008-01-01,강서구,교통사고,200.0
2008-01-01,강서구,기계사고,16.0
2008-01-01,강서구,기타/미상,143.0
2008-01-01,강서구,산악사고,8.0
2008-01-01,강서구,수난사고,22.0
2008-01-01,강서구,승강기사고,358.0
2008-01-01,강서구,인명갇힘,389.0
2008-01-01,강서구,폭발사고,0.0
2008-01-01,강서구,화재,33.0
2008-01-01,관악구,교통사고,25.0
2008-01-01,관악구,기계사고,3.0
2008-01-01,관악구,기타/미상,61.0
2008-01-01,관악구,산악사고,157.0
2008-01-01,관악구,수난사고,0.0
2008-01-01,관악구,승강기사고,212.0
2008-01-01,관악구,인명갇힘,244.0
2008-01-01,관악구,폭발사고,0.0
2008-01-01,관악구,화재,34.0
2008-01-01,광진구,교통사고,67.0
2008-01-01,광진구,기계사고,8.0
2008-01-01,광진구,기타/미상,59.0
2008-01-01,광진구,산악사고,36.0
2008-01-01,광진구,수난사고,39.0
2008-01-01,광진구,승강기사고,97.0
2008-01-01,광진구,인명갇힘,156.0
2008-01-01,광진구,폭발사고,0.0
2008-01-01,광진구,화재,2.0
2008-01-01,구로구,교통사고,48.0
2008-01-01,구로구,기계사고,6.0
2008-01-01,구로구,기타/미상,116.0
2008-01-01,구로구,산악사고,2.0
2008-01-01,구로구,수난사고,0.0
2008-01-01,구로구,승강기사고,237.0
2008-01-01,구로구,인명갇힘,192.0
2008-01-01,구로구,폭발사고,0.0
2008-01-01,구로구,화재,18.0
2008-01-01,금천구,교통사고,68.0
2008-01-01,금천구,기계사고,3.0
2008-01-01,금천구,기타/미상,67.0
2008-01-01,금천구,산악사고,14.0
2008-01-01,금천구,수난사고,0.0
2008-01-01,금천구,승강기사고,122.0
2008-01-01,금천구,인명갇힘,120.0
2008-01-01,금천구,폭발사고,0.0
2008-01-01,금천구,화재,2.0
2008-01-01,노원구,교통사고,44.0
2008-01-01,노원구,기계사고,6.0
2008-01-01,노원구,기타/미상,95.0
2008-01-01,노원구,산악사고,155.0
2008-01-01,노원구,수난사고,0.0
2008-01-01,노원구,승강기사고,176.0
2008-01-01,노원구,인명갇힘,174.0
2008-01-01,노원구,폭발사고,0.0
2008-01-01,노원구,화재,7.0
2008-01-01,도봉구,교통사고,61.0
2008-01-01,도봉구,기계사고,2.0
2008-01-01,도봉구,기타/미상,88.0
2008-01-01,도봉구,산악사고,147.0
2008-01-01,도봉구,수난사고,2.0
2008-01-01,도봉구,승강기사고,130.0
2008-01-01,도봉구,인명갇힘,179.0
2008-01-01,도봉구,폭발사고,0.0
2008-01-01,도봉구,화재,43.0
2008-01-01,동대문구,교통사고,47.0
2008-01-01,동대문구,기계사고,7.0
2008-01-01,동대문구,기타/미상,55.0
2008-01-01,동대문구,산악사고,2.0
2008-01-01,동대문구,수난사고,5.0
2008-01-01,동대문구,승강기사고,103.0
2008-01-01,동대문구,인명갇힘,158.0
2008-01-01,동대문구,폭발사고,0.0
2008-01-01,동대문구,화재,100.0
2008-01-01,동작구,교통사고,103.0
2008-01-01,동작구,기계사고,6.0
2008-01-01,동작구,기타/미상,102.0
2008-01-01,동작구,산악사고,3.0
2008-01-01,동작구,수난사고,13.0
2008-01-01,동작구,승강기사고,126.0
2008-01-01,동작구,인명갇힘,122.0
2008-01-01,동작구,폭발사고,1.0
2008-01-01,동작구,화재,25.0
2008-01-01,마포구,교통사고,76.0
2008-01-01,마포구,기계사고,8.0
2008-01-01,마포구,기타/미상,153.0
2008-01-01,마포구,산악사고,0.0
2008-01-01,마포구,수난사고,35.0
2008-01-01,마포구,승강기사고,184.0
2008-01-01,마포구,인명갇힘,247.0
2008-01-01,마포구,폭발사고,0.0
2008-01-01,마포구,화재,36.0
2008-01-01,서대문구,교통사고,45.0
2008-01-01,서대문구,기계사고,11.0
2008-01-01,서대문구,기타/미상,180.0
2008-01-01,서대문구,산악사고,12.0
2008-01-01,서대문구,수난사고,0.0
2008-01-01,서대문구,승강기사고,105.0
2008-01-01,서대문구,인명갇힘,118.0
2008-01-01,서대문구,폭발사고,0.0
2008-01-01,서대문구,화재,39.0
2008-01-01,서초구,교통사고,296.0
2008-01-01,서초구,기계사고,12.0
2008-01-01,서초구,기타/미상,58.0
2008-01-01,서초구,산악사고,41.0
2008-01-01,서초구,수난사고,44.0
2008-01-01,서초구,승강기사고,203.0
2008-01-01,서초구,인명갇힘,104.0
2008-01-01,서초구,폭발사고,0.0
2008-01-01,서초구,화재,128.0
2008-01-01,성동구,교통사고,33.0
2008-01-01,성동구,기계사고,2.0
2008-01-01,성동구,기타/미상,38.0
2008-01-01,성동구,산악사고,1.0
2008-01-01,성동구,수난사고,29.0
2008-01-01,성동구,승강기사고,68.0
2008-01-01,성동구,인명갇힘,87.0
2008-01-01,성동구,폭발사고,0.0
2008-01-01,성동구,화재,9.0
2008-01-01,성북구,교통사고,15.0
2008-01-01,성북구,기계사고,6.0
2008-01-01,성북구,기타/미상,64.0
2008-01-01,성북구,산악사고,33.0
2008-01-01,성북구,수난사고,0.0
2008-01-01,성북구,승강기사고,124.0
2008-01-01,성북구,인명갇힘,100.0
2008-01-01,성북구,폭발사고,0.0
2008-01-01,성북구,화재,10.0
2008-01-01,송파구,교통사고,46.0
2008-01-01,송파구,기계사고,9.0
2008-01-01,송파구,기타/미상,126.0
2008-01-01,송파구,산악사고,13.0
2008-01-01,송파구,수난사고,23.0
2008-01-01,송파구,승강기사고,197.0
2008-01-01,송파구,인명갇힘,222.0
2008-01-01,송파구,폭발사고,0.0
2008-01-01,송파구,화재,12.0
2008-01-01,양천구,교통사고,38.0
2008-01-01,양천구,기계사고,8.0
2008-01-01,양천구,기타/미상,50.0
2008-01-01,양천구,산악사고,0.0
2008-01-01,양천구,수난사고,0.0
2008-01-01,양천구,승강기사고,141.0
2008-01-01,양천구,인명갇힘,156.0
2008-01-01,양천구,폭발사고,0.0
2008-01-01,양천구,화재,13.0
2008-01-01,영등포구,교통사고,135.0
2008-01-01,영등포구,기계사고,6.0
2008-01-01,영등포구,기타/미상,53.0
2008-01-01,영등포구,산악사고,0.0
2008-01-01,영등포구,수난사고,110.0
2008-01-01,영등포구,승강기사고,154.0
2008-01-01,영등포구,인명갇힘,202.0
2008-01-01,영등포구,폭발사고,0.0
2008-01-01,영등포구,화재,90.0
2008-01-01,용산구,교통사고,166.0
2008-01-01,용산구,기계사고,2.0
2008-01-01,용산구,기타/미상,95.0
2008-01-01,용산구,산악사고,0.0
2008-01-01,용산구,수난사고,74.0
2008-01-01,용산구,승강기사고,43.0
2008-01-01,용산구,인명갇힘,112.0
2008-01-01,용산구,폭발사고,0.0
2008-01-01,용산구,화재,30.0
2008-01-01,은평구,교통사고,86.0
2008-01-01,은평구,기계사고,6.0
2008-01-01,은평구,기타/미상,369.0
2008-01-01,은평구,산악사고,91.0
2008-01-01,은평구,수난사고,0.0
2008-01-01,은평구,승강기사고,119.0
2008-01-01,은평구,인명갇힘,225.0
2008-01-01,은평구,폭발사고,1.0
2008-01-01,은평구,화재,27.0
2008-01-01,종로구,교통사고,42.0
2008-01-01,종로구,기계사고,9.0
2008-01-01,종로구,기타/미상,53.0
2008-01-01,종로구,산악사고,77.0
2008-01-01,종로구,수난사고,1.0
2008-01-01,종로구,승강기사고,84.0
2008-01-01,종로구,인명갇힘,82.0
2008-01-01,종로구,폭발사고,0.0
2008-01-01,종로구,화재,10.0
2008-01-01,중구,교통사고,30.0
2008-01-01,중구,기계사고,7.0
2008-01-01,중구,기타/미상,50.0
2008-01-01,중구,산악사고,0.0
2008-01-01,중구,수난사고,0.0
2008-01-01,중구,승강기사고,133.0
2008-01-01,중구,인명갇힘,100.0
2008-01-01,중구,폭발사고,0.0
2008-01-01,중구,화재,24.0
2008-01-01,중랑구,교통사고,45.0
2008-01-01,중랑구,기계사고,11.0
2008-01-01,중랑구,기타/미상,62.0
2008-01-01,중랑구,산악사고,23.0
2008-01-01,중랑구,수난사고,0.0
2008-01-01,중랑구,승강기사고,108.0
2008-01-01,중랑구,인명갇힘,152.0
2008-01-01,중랑구,폭발사고,0.0
2008-01-01,중랑구,화재,20.0
2009-01-01,강남구,건물사고,0.0
2009-01-01,강남구,교통사고,111.0
2009-01-01,강남구,기계사고,10.0
2009-01-01,강남구,기타/미상,110.0
2009-01-01,강남구,산악사고,17.0
2009-01-01,강남구,수난사고,25.0
2009-01-01,강남구,승강기사고,238.0
2009-01-01,강남구,인명갇힘,199.0
2009-01-01,강남구,폭발사고,2.0
2009-01-01,강남구,화재,55.0
2009-01-01,강동구,건물사고,1.0
2009-01-01,강동구,교통사고,36.0
2009-01-01,강동구,기계사고,8.0
2009-01-01,강동구,기타/미상,78.0
2009-01-01,강동구,산악사고,3.0
2009-01-01,강동구,수난사고,4.0
2009-01-01,강동구,승강기사고,164.0
2009-01-01,강동구,인명갇힘,208.0
2009-01-01,강동구,폭발사고,0.0
2009-01-01,강동구,화재,13.0
2009-01-01,강북구,건물사고,1.0
2009-01-01,강북구,교통사고,68.0
2009-01-01,강북구,기계사고,0.0
2009-01-01,강북구,기타/미상,79.0
2009-01-01,강북구,산악사고,80.0
2009-01-01,강북구,수난사고,1.0
2009-01-01,강북구,승강기사고,107.0
2009-01-01,강북구,인명갇힘,121.0
2009-01-01,강북구,폭발사고,0.0
2009-01-01,강북구,화재,12.0
2009-01-01,강서구,건물사고,2.0
2009-01-01,강서구,교통사고,108.0
2009-01-01,강서구,기계사고,12.0
2009-01-01,강서구,기타/미상,111.0
2009-01-01,강서구,산악사고,10.0
2009-01-01,강서구,수난사고,18.0
2009-01-01,강서구,승강기사고,341.0
2009-01-01,강서구,인명갇힘,342.0
2009-01-01,강서구,폭발사고,0.0
2009-01-01,강서구,화재,57.0
2009-01-01,관악구,건물사고,0.0
2009-01-01,관악구,교통사고,53.0
2009-01-01,관악구,기계사고,3.0
2009-01-01,관악구,기타/미상,102.0
2009-01-01,관악구,산악사고,146.0
2009-01-01,관악구,수난사고,4.0
2009-01-01,관악구,승강기사고,168.0
2009-01-01,관악구,인명갇힘,175.0
2009-01-01,관악구,폭발사고,0.0
2009-01-01,관악구,화재,9.0
2009-01-01,광진구,건물사고,0.0
2009-01-01,광진구,교통사고,57.0
2009-01-01,광진구,기계사고,11.0
2009-01-01,광진구,기타/미상,69.0
2009-01-01,광진구,산악사고,38.0
2009-01-01,광진구,수난사고,57.0
2009-01-01,광진구,승강기사고,124.0
2009-01-01,광진구,인명갇힘,178.0
2009-01-01,광진구,폭발사고,0.0
2009-01-01,광진구,화재,37.0
2009-01-01,구로구,건물사고,5.0
2009-01-01,구로구,교통사고,39.0
2009-01-01,구로구,기계사고,5.0
2009-01-01,구로구,기타/미상,220.0
2009-01-01,구로구,산악사고,3.0
2009-01-01,구로구,수난사고,0.0
2009-01-01,구로구,승강기사고,336.0
2009-01-01,구로구,인명갇힘,248.0
2009-01-01,구로구,폭발사고,1.0
2009-01-01,구로구,화재,32.0
2009-01-01,금천구,건물사고,1.0
2009-01-01,금천구,교통사고,39.0
2009-01-01,금천구,기계사고,6.0
2009-01-01,금천구,기타/미상,74.0
2009-01-01,금천구,산악사고,22.0
2009-01-01,금천구,수난사고,0.0
2009-01-01,금천구,승강기사고,122.0
2009-01-01,금천구,인명갇힘,97.0
2009-01-01,금천구,폭발사고,0.0
2009-01-01,금천구,화재,69.0
2009-01-01,노원구,건물사고,3.0
2009-01-01,노원구,교통사고,73.0
2009-01-01,노원구,기계사고,6.0
2009-01-01,노원구,기타/미상,92.0
2009-01-01,노원구,산악사고,188.0
2009-01-01,노원구,수난사고,9.0
2009-01-01,노원구,승강기사고,217.0
2009-01-01,노원구,인명갇힘,229.0
2009-01-01,노원구,폭발사고,0.0
2009-01-01,노원구,화재,25.0
2009-01-01,도봉구,건물사고,0.0
2009-01-01,도봉구,교통사고,56.0
2009-01-01,도봉구,기계사고,2.0
2009-01-01,도봉구,기타/미상,110.0
2009-01-01,도봉구,산악사고,192.0
2009-01-01,도봉구,수난사고,0.0
2009-01-01,도봉구,승강기사고,133.0
2009-01-01,도봉구,인명갇힘,184.0
2009-01-01,도봉구,폭발사고,0.0
2009-01-01,도봉구,화재,32.0
2009-01-01,동대문구,건물사고,0.0
2009-01-01,동대문구,교통사고,44.0
2009-01-01,동대문구,기계사고,12.0
2009-01-01,동대문구,기타/미상,49.0
2009-01-01,동대문구,산악사고,4.0
2009-01-01,동대문구,수난사고,1.0
2009-01-01,동대문구,승강기사고,82.0
2009-01-01,동대문구,인명갇힘,97.0
2009-01-01,동대문구,폭발사고,0.0
2009-01-01,동대문구,화재,22.0
2009-01-01,동작구,건물사고,0.0
2009-01-01,동작구,교통사고,54.0
2009-01-01,동작구,기계사고,7.0
2009-01-01,동작구,기타/미상,74.0
2009-01-01,동작구,산악사고,7.0
2009-01-01,동작구,수난사고,18.0
2009-01-01,동작구,승강기사고,132.0
2009-01-01,동작구,인명갇힘,113.0
2009-01-01,동작구,폭발사고,0.0
2009-01-01,동작구,화재,95.0
2009-01-01,마포구,건물사고,0.0
2009-01-01,마포구,교통사고,51.0
2009-01-01,마포구,기계사고,14.0
2009-01-01,마포구,기타/미상,94.0
2009-01-01,마포구,산악사고,0.0
2009-01-01,마포구,수난사고,38.0
2009-01-01,마포구,승강기사고,182.0
2009-01-01,마포구,인명갇힘,215.0
2009-01-01,마포구,폭발사고,0.0
2009-01-01,마포구,화재,12.0
2009-01-01,서대문구,건물사고,0.0
2009-01-01,서대문구,교통사고,80.0
2009-01-01,서대문구,기계사고,9.0
2009-01-01,서대문구,기타/미상,168.0
2009-01-01,서대문구,산악사고,18.0
2009-01-01,서대문구,수난사고,0.0
2009-01-01,서대문구,승강기사고,145.0
2009-01-01,서대문구,인명갇힘,164.0
2009-01-01,서대문구,폭발사고,0.0
2009-01-01,서대문구,화재,23.0
2009-01-01,서초구,건물사고,1.0
2009-01-01,서초구,교통사고,244.0
2009-01-01,서초구,기계사고,7.0
2009-01-01,서초구,기타/미상,220.0
2009-01-01,서초구,산악사고,44.0
2009-01-01,서초구,수난사고,18.0
2009-01-01,서초구,승강기사고,257.0
2009-01-01,서초구,인명갇힘,89.0
2009-01-01,서초구,폭발사고,0.0
2009-01-01,서초구,화재,77.0
2009-01-01,성동구,건물사고,3.0
2009-01-01,성동구,교통사고,30.0
2009-01-01,성동구,기계사고,4.0
2009-01-01,성동구,기타/미상,40.0
2009-01-01,성동구,산악사고,1.0
2009-01-01,성동구,수난사고,26.0
2009-01-01,성동구,승강기사고,82.0
2009-01-01,성동구,인명갇힘,60.0
2009-01-01,성동구,폭발사고,0.0
2009-01-01,성동구,화재,37.0
2009-01-01,성북구,건물사고,32.0
2009-01-01,성북구,교통사고,24.0
2009-01-01,성북구,기계사고,5.0
2009-01-01,성북구,기타/미상,62.0
2009-01-01,성북구,산악사고,34.0
2009-01-01,성북구,수난사고,0.0
2009-01-01,성북구,승강기사고,155.0
2009-01-01,성북구,인명갇힘,162.0
2009-01-01,성북구,폭발사고,2.0
2009-01-01,성북구,화재,24.0
2009-01-01,송파구,건물사고,1.0
2009-01-01,송파구,교통사고,97.0
2009-01-01,송파구,기계사고,6.0
2009-01-01,송파구,기타/미상,106.0
2009-01-01,송파구,산악사고,12.0
2009-01-01,송파구,수난사고,37.0
2009-01-01,송파구,승강기사고,140.0
2009-01-01,송파구,인명갇힘,168.0
2009-01-01,송파구,폭발사고,0.0
2009-01-01,송파구,화재,23.0
2009-01-01,양천구,건물사고,0.0
2009-01-01,양천구,교통사고,60.0
2009-01-01,양천구,기계사고,6.0
2009-01-01,양천구,기타/미상,74.0
2009-01-01,양천구,산악사고,4.0
2009-01-01,양천구,수난사고,1.0
2009-01-01,양천구,승강기사고,223.0
2009-01-01,양천구,인명갇힘,198.0
2009-01-01,양천구,폭발사고,0.0
2009-01-01,양천구,화재,7.0
2009-01-01,영등포구,건물사고,16.0
2009-01-01,영등포구,교통사고,120.0
2009-01-01,영등포구,기계사고,9.0
2009-01-01,영등포구,기타/미상,140.0
2009-01-01,영등포구,산악사고,0.0
2009-01-01,영등포구,수난사고,118.0
2009-01-01,영등포구,승강기사고,179.0
2009-01-01,영등포구,인명갇힘,173.0
2009-01-01,영등포구,폭발사고,0.0
2009-01-01,영등포구,화재,25.0
2009-01-01,용산구,건물사고,0.0
2009-01-01,용산구,교통사고,99.0
2009-01-01,용산구,기계사고,10.0
2009-01-01,용산구,기타/미상,148.0
2009-01-01,용산구,산악사고,0.0
2009-01-01,용산구,수난사고,54.0
2009-01-01,용산구,승강기사고,64.0
2009-01-01,용산구,인명갇힘,152.0
2009-01-01,용산구,폭발사고,0.0
2009-01-01,용산구,화재,58.0
2009-01-01,은평구,건물사고,2.0
2009-01-01,은평구,교통사고,42.0
2009-01-01,은평구,기계사고,3.0
2009-01-01,은평구,기타/미상,315.0
2009-01-01,은평구,산악사고,101.0
2009-01-01,은평구,수난사고,0.0
2009-01-01,은평구,승강기사고,95.0
2009-01-01,은평구,인명갇힘,212.0
2009-01-01,은평구,폭발사고,4.0
2009-01-01,은평구,화재,12.0
2009-01-01,종로구,건물사고,2.0
2009-01-01,종로구,교통사고,39.0
2009-01-01,종로구,기계사고,2.0
2009-01-01,종로구,기타/미상,51.0
2009-01-01,종로구,산악사고,102.0
2009-01-01,종로구,수난사고,0.0
2009-01-01,종로구,승강기사고,72.0
2009-01-01,종로구,인명갇힘,79.0
2009-01-01,종로구,폭발사고,0.0
2009-01-01,종로구,화재,25.0
2009-01-01,중구,건물사고,1.0
2009-01-01,중구,교통사고,57.0
2009-01-01,중구,기계사고,5.0
2009-01-01,중구,기타/미상,66.0
2009-01-01,중구,산악사고,1.0
2009-01-01,중구,수난사고,1.0
2009-01-01,중구,승강기사고,128.0
2009-01-01,중구,인명갇힘,98.0
2009-01-01,중구,폭발사고,1.0
2009-01-01,중구,화재,57.0
2009-01-01,중랑구,건물사고,1.0
2009-01-01,중랑구,교통사고,72.0
2009-01-01,중랑구,기계사고,2.0
2009-01-01,중랑구,기타/미상,58.0
2009-01-01,중랑구,산악사고,37.0
2009-01-01,중랑구,수난사고,2.0
2009-01-01,중랑구,승강기사고,83.0
2009-01-01,중랑구,인명갇힘,142.0
2009-01-01,중랑구,폭발사고,0.0
2009-01-01,중랑구,화재,44.0
2010-01-01,강남구,건물사고,4.0
2010-01-01,강남구,교통사고,86.0
2010-01-01,강남구,기계사고,13.0
2010-01-01,강남구,기타/미상,71.0
2010-01-01,강남구,산악사고,21.0
2010-01-01,강남구,수난사고,20.0
2010-01-01,강남구,승강기사고,296.0
2010-01-01,강남구,인명갇힘,182.0
2010-01-01,강남구,폭발사고,0.0
2010-01-01,강남구,화재,70.0
2010-01-01,강동구,건물사고,2.0
2010-01-01,강동구,교통사고,23.0
2010-01-01,강동구,기계사고,6.0
2010-01-01,강동구,기타/미상,88.0
2010-01-01,강동구,산악사고,5.0
2010-01-01,강동구,수난사고,7.0
2010-01-01,강동구,승강기사고,149.0
2010-01-01,강동구,인명갇힘,204.0
2010-01-01,강동구,폭발사고,0.0
2010-01-01,강동구,화재,14.0
2010-01-01,강북구,건물사고,0.0
2010-01-01,강북구,교통사고,44.0
2010-01-01,강북구,기계사고,5.0
2010-01-01,강북구,기타/미상,71.0
2010-01-01,강북구,산악사고,72.0
2010-01-01,강북구,수난사고,1.0
2010-01-01,강북구,승강기사고,69.0
2010-01-01,강북구,인명갇힘,72.0
2010-01-01,강북구,폭발사고,0.0
2010-01-01,강북구,화재,47.0
2010-01-01,강서구,건물사고,0.0
2010-01-01,강서구,교통사고,179.0
2010-01-01,강서구,기계사고,15.0
2010-01-01,강서구,기타/미상,123.0
2010-01-01,강서구,산악사고,10.0
2010-01-01,강서구,수난사고,19.0
2010-01-01,강서구,승강기사고,768.0
2010-01-01,강서구,인명갇힘,296.0
2010-01-01,강서구,폭발사고,0.0
2010-01-01,강서구,화재,169.0
2010-01-01,관악구,건물사고,1.0
2010-01-01,관악구,교통사고,24.0
2010-01-01,관악구,기계사고,11.0
2010-01-01,관악구,기타/미상,92.0
2010-01-01,관악구,산악사고,194.0
2010-01-01,관악구,수난사고,0.0
2010-01-01,관악구,승강기사고,196.0
2010-01-01,관악구,인명갇힘,210.0
2010-01-01,관악구,폭발사고,0.0
2010-01-01,관악구,화재,22.0
2010-01-01,광진구,건물사고,0.0
2010-01-01,광진구,교통사고,48.0
2010-01-01,광진구,기계사고,8.0
2010-01-01,광진구,기타/미상,75.0
2010-01-01,광진구,산악사고,43.0
2010-01-01,광진구,수난사고,30.0
2010-01-01,광진구,승강기사고,113.0
2010-01-01,광진구,인명갇힘,196.0
2010-01-01,광진구,폭발사고,0.0
2010-01-01,광진구,화재,86.0
2010-01-01,구로구,건물사고,0.0
2010-01-01,구로구,교통사고,48.0
2010-01-01,구로구,기계사고,9.0
2010-01-01,구로구,기타/미상,145.0
2010-01-01,구로구,산악사고,2.0
2010-01-01,구로구,수난사고,1.0
2010-01-01,구로구,승강기사고,383.0
2010-01-01,구로구,인명갇힘,227.0
2010-01-01,구로구,폭발사고,0.0
2010-01-01,구로구,화재,12.0
2010-01-01,금천구,건물사고,2.0
2010-01-01,금천구,교통사고,89.0
2010-01-01,금천구,기계사고,6.0
2010-01-01,금천구,기타/미상,56.0
2010-01-01,금천구,산악사고,14.0
2010-01-01,금천구,수난사고,0.0
2010-01-01,금천구,승강기사고,130.0
2010-01-01,금천구,인명갇힘,76.0
2010-01-01,금천구,폭발사고,0.0
2010-01-01,금천구,화재,26.0
2010-01-01,노원구,건물사고,6.0
2010-01-01,노원구,교통사고,83.0
2010-01-01,노원구,기계사고,4.0
2010-01-01,노원구,기타/미상,235.0
2010-01-01,노원구,산악사고,192.0
2010-01-01,노원구,수난사고,1.0
2010-01-01,노원구,승강기사고,330.0
2010-01-01,노원구,인명갇힘,333.0
2010-01-01,노원구,폭발사고,0.0
2010-01-01,노원구,화재,56.0
2010-01-01,도봉구,건물사고,0.0
2010-01-01,도봉구,교통사고,25.0
2010-01-01,도봉구,기계사고,2.0
2010-01-01,도봉구,기타/미상,62.0
2010-01-01,도봉구,산악사고,216.0
2010-01-01,도봉구,수난사고,2.0
2010-01-01,도봉구,승강기사고,122.0
2010-01-01,도봉구,인명갇힘,172.0
2010-01-01,도봉구,폭발사고,0.0
2010-01-01,도봉구,화재,19.0
2010-01-01,동대문구,건물사고,0.0
2010-01-01,동대문구,교통사고,46.0
2010-01-01,동대문구,기계사고,5.0
2010-01-01,동대문구,기타/미상,40.0
2010-01-01,동대문구,산악사고,3.0
2010-01-01,동대문구,수난사고,7.0
2010-01-01,동대문구,승강기사고,128.0
2010-01-01,동대문구,인명갇힘,112.0
2010-01-01,동대문구,폭발사고,0.0
2010-01-01,동대문구,화재,117.0
2010-01-01,동작구,건물사고,1.0
2010-01-01,동작구,교통사고,33.0
2010-01-01,동작구,기계사고,6.0
2010-01-01,동작구,기타/미상,78.0
2010-01-01,동작구,산악사고,1.0
2010-01-01,동작구,수난사고,11.0
2010-01-01,동작구,승강기사고,104.0
2010-01-01,동작구,인명갇힘,114.0
2010-01-01,동작구,폭발사고,0.0
2010-01-01,동작구,화재,25.0
2010-01-01,마포구,건물사고,2.0
2010-01-01,마포구,교통사고,95.0
2010-01-01,마포구,기계사고,4.0
2010-01-01,마포구,기타/미상,107.0
2010-01-01,마포구,산악사고,3.0
2010-01-01,마포구,수난사고,41.0
2010-01-01,마포구,승강기사고,130.0
2010-01-01,마포구,인명갇힘,196.0
2010-01-01,마포구,폭발사고,0.0
2010-01-01,마포구,화재,45.0
2010-01-01,서대문구,건물사고,2.0
2010-01-01,서대문구,교통사고,102.0
2010-01-01,서대문구,기계사고,0.0
2010-01-01,서대문구,기타/미상,106.0
2010-01-01,서대문구,산악사고,25.0
2010-01-01,서대문구,수난사고,1.0
2010-01-01,서대문구,승강기사고,193.0
2010-01-01,서대문구,인명갇힘,211.0
2010-01-01,서대문구,폭발사고,2.0
2010-01-01,서대문구,화재,278.0
2010-01-01,서초구,건물사고,2.0
2010-01-01,서초구,교통사고,111.0
2010-01-01,서초구,기계사고,2.0
2010-01-01,서초구,기타/미상,97.0
2010-01-01,서초구,산악사고,39.0
2010-01-01,서초구,수난사고,15.0
2010-01-01,서초구,승강기사고,186.0
2010-01-01,서초구,인명갇힘,64.0
2010-01-01,서초구,폭발사고,0.0
2010-01-01,서초구,화재,21.0
2010-01-01,성동구,건물사고,0.0
2010-01-01,성동구,교통사고,26.0
2010-01-01,성동구,기계사고,5.0
2010-01-01,성동구,기타/미상,34.0
2010-01-01,성동구,산악사고,0.0
2010-01-01,성동구,수난사고,24.0
2010-01-01,성동구,승강기사고,87.0
2010-01-01,성동구,인명갇힘,65.0
2010-01-01,성동구,폭발사고,1.0
2010-01-01,성동구,화재,73.0
2010-01-01,성북구,건물사고,2.0
2010-01-01,성북구,교통사고,40.0
2010-01-01,성북구,기계사고,9.0
2010-01-01,성북구,기타/미상,85.0
2010-01-01,성북구,산악사고,37.0
2010-01-01,성북구,수난사고,0.0
2010-01-01,성북구,승강기사고,152.0
2010-01-01,성북구,인명갇힘,172.0
2010-01-01,성북구,폭발사고,0.0
2010-01-01,성북구,화재,130.0
2010-01-01,송파구,건물사고,0.0
2010-01-01,송파구,교통사고,107.0
2010-01-01,송파구,기계사고,14.0
2010-01-01,송파구,기타/미상,132.0
2010-01-01,송파구,산악사고,9.0
2010-01-01,송파구,수난사고,54.0
2010-01-01,송파구,승강기사고,183.0
2010-01-01,송파구,인명갇힘,148.0
2010-01-01,송파구,폭발사고,0.0
2010-01-01,송파구,화재,49.0
2010-01-01,양천구,건물사고,0.0
2010-01-01,양천구,교통사고,46.0
2010-01-01,양천구,기계사고,3.0
2010-01-01,양천구,기타/미상,65.0
2010-01-01,양천구,산악사고,1.0
2010-01-01,양천구,수난사고,1.0
2010-01-01,양천구,승강기사고,168.0
2010-01-01,양천구,인명갇힘,139.0
2010-01-01,양천구,폭발사고,1.0
2010-01-01,양천구,화재,6.0
2010-01-01,영등포구,건물사고,1.0
2010-01-01,영등포구,교통사고,102.0
2010-01-01,영등포구,기계사고,3.0
2010-01-01,영등포구,기타/미상,159.0
2010-01-01,영등포구,산악사고,0.0
2010-01-01,영등포구,수난사고,130.0
2010-01-01,영등포구,승강기사고,305.0
2010-01-01,영등포구,인명갇힘,189.0
2010-01-01,영등포구,폭발사고,0.0
2010-01-01,영등포구,화재,122.0
2010-01-01,용산구,건물사고,1.0
2010-01-01,용산구,교통사고,40.0
2010-01-01,용산구,기계사고,4.0
2010-01-01,용산구,기타/미상,74.0
2010-01-01,용산구,산악사고,0.0
2010-01-01,용산구,수난사고,64.0
2010-01-01,용산구,승강기사고,85.0
2010-01-01,용산구,인명갇힘,132.0
2010-01-01,용산구,폭발사고,1.0
2010-01-01,용산구,화재,25.0
2010-01-01,은평구,건물사고,12.0
2010-01-01,은평구,교통사고,73.0
2010-01-01,은평구,기계사고,6.0
2010-01-01,은평구,기타/미상,414.0
2010-01-01,은평구,산악사고,89.0
2010-01-01,은평구,수난사고,0.0
2010-01-01,은평구,승강기사고,92.0
2010-01-01,은평구,인명갇힘,250.0
2010-01-01,은평구,폭발사고,0.0
2010-01-01,은평구,화재,59.0
2010-01-01,종로구,건물사고,0.0
2010-01-01,종로구,교통사고,34.0
2010-01-01,종로구,기계사고,4.0
2010-01-01,종로구,기타/미상,54.0
2010-01-01,종로구,산악사고,110.0
2010-01-01,종로구,수난사고,0.0
2010-01-01,종로구,승강기사고,257.0
2010-01-01,종로구,인명갇힘,109.0
2010-01-01,종로구,폭발사고,0.0
2010-01-01,종로구,화재,32.0
2010-01-01,중구,건물사고,0.0
2010-01-01,중구,교통사고,118.0
2010-01-01,중구,기계사고,10.0
2010-01-01,중구,기타/미상,49.0
2010-01-01,중구,산악사고,1.0
2010-01-01,중구,수난사고,0.0
2010-01-01,중구,승강기사고,140.0
2010-01-01,중구,인명갇힘,74.0
2010-01-01,중구,폭발사고,0.0
2010-01-01,중구,화재,33.0
2010-01-01,중랑구,건물사고,0.0
2010-01-01,중랑구,교통사고,36.0
2010-01-01,중랑구,기계사고,6.0
2010-01-01,중랑구,기타/미상,50.0
2010-01-01,중랑구,산악사고,27.0
2010-01-01,중랑구,수난사고,1.0
2010-01-01,중랑구,승강기사고,110.0
2010-01-01,중랑구,인명갇힘,71.0
2010-01-01,중랑구,폭발사고,0.0
2010-01-01,중랑구,화재,13.0
2011-01-01,강남구,건물사고,34.0
2011-01-01,강남구,교통사고,108.0
2011-01-01,강남구,기계사고,12.0
2011-01-01,강남구,기타/미상,135.0
2011-01-01,강남구,산악사고,15.0
2011-01-01,강남구,수난사고,26.0
2011-01-01,강남구,승강기사고,444.0
2011-01-01,강남구,인명갇힘,264.0
2011-01-01,강남구,폭발사고,3.0
2011-01-01,강남구,화재,141.0
2011-01-01,강동구,건물사고,15.0
2011-01-01,강동구,교통사고,30.0
2011-01-01,강동구,기계사고,7.0
2011-01-01,강동구,기타/미상,66.0
2011-01-01,강동구,산악사고,2.0
2011-01-01,강동구,수난사고,8.0
2011-01-01,강동구,승강기사고,225.0
2011-01-01,강동구,인명갇힘,101.0
2011-01-01,강동구,폭발사고,0.0
2011-01-01,강동구,화재,16.0
2011-01-01,강북구,건물사고,26.0
2011-01-01,강북구,교통사고,14.0
2011-01-01,강북구,기계사고,11.0
2011-01-01,강북구,기타/미상,49.0
2011-01-01,강북구,산악사고,77.0
2011-01-01,강북구,수난사고,0.0
2011-01-01,강북구,승강기사고,99.0
2011-01-01,강북구,인명갇힘,75.0
2011-01-01,강북구,폭발사고,4.0
2011-01-01,강북구,화재,54.0
2011-01-01,강서구,건물사고,30.0
2011-01-01,강서구,교통사고,190.0
2011-01-01,강서구,기계사고,8.0
2011-01-01,강서구,기타/미상,100.0
2011-01-01,강서구,산악사고,7.0
2011-01-01,강서구,수난사고,37.0
2011-01-01,강서구,승강기사고,866.0
2011-01-01,강서구,인명갇힘,283.0
2011-01-01,강서구,폭발사고,0.0
2011-01-01,강서구,화재,120.0
2011-01-01,관악구,건물사고,79.0
2011-01-01,관악구,교통사고,29.0
2011-01-01,관악구,기계사고,7.0
2011-01-01,관악구,기타/미상,119.0
2011-01-01,관악구,산악사고,237.0
2011-01-01,관악구,수난사고,0.0
2011-01-01,관악구,승강기사고,319.0
2011-01-01,관악구,인명갇힘,203.0
2011-01-01,관악구,폭발사고,0.0
2011-01-01,관악구,화재,48.0
2011-01-01,광진구,건물사고,46.0
2011-01-01,광진구,교통사고,46.0
2011-01-01,광진구,기계사고,10.0
2011-01-01,광진구,기타/미상,50.0
2011-01-01,광진구,산악사고,32.0
2011-01-01,광진구,수난사고,54.0
2011-01-01,광진구,승강기사고,170.0
2011-01-01,광진구,인명갇힘,157.0
2011-01-01,광진구,폭발사고,4.0
2011-01-01,광진구,화재,57.0
2011-01-01,구로구,건물사고,44.0
2011-01-01,구로구,교통사고,53.0
2011-01-01,구로구,기계사고,3.0
2011-01-01,구로구,기타/미상,180.0
2011-01-01,구로구,산악사고,4.0
2011-01-01,구로구,수난사고,1.0
2011-01-01,구로구,승강기사고,374.0
2011-01-01,구로구,인명갇힘,180.0
2011-01-01,구로구,폭발사고,0.0
2011-01-01,구로구,화재,42.0
2011-01-01,금천구,건물사고,29.0
2011-01-01,금천구,교통사고,24.0
2011-01-01,금천구,기계사고,5.0
2011-01-01,금천구,기타/미상,66.0
2011-01-01,금천구,산악사고,13.0
2011-01-01,금천구,수난사고,0.0
2011-01-01,금천구,승강기사고,241.0
2011-01-01,금천구,인명갇힘,108.0
2011-01-01,금천구,폭발사고,0.0
2011-01-01,금천구,화재,12.0
2011-01-01,노원구,건물사고,72.0
2011-01-01,노원구,교통사고,94.0
2011-01-01,노원구,기계사고,7.0
2011-01-01,노원구,기타/미상,222.0
2011-01-01,노원구,산악사고,154.0
2011-01-01,노원구,수난사고,3.0
2011-01-01,노원구,승강기사고,332.0
2011-01-01,노원구,인명갇힘,285.0
2011-01-01,노원구,폭발사고,2.0
2011-01-01,노원구,화재,26.0
2011-01-01,도봉구,건물사고,22.0
2011-01-01,도봉구,교통사고,80.0
2011-01-01,도봉구,기계사고,8.0
2011-01-01,도봉구,기타/미상,83.0
2011-01-01,도봉구,산악사고,173.0
2011-01-01,도봉구,수난사고,3.0
2011-01-01,도봉구,승강기사고,165.0
2011-01-01,도봉구,인명갇힘,130.0
2011-01-01,도봉구,폭발사고,0.0
2011-01-01,도봉구,화재,39.0
2011-01-01,동대문구,건물사고,19.0
2011-01-01,동대문구,교통사고,70.0
2011-01-01,동대문구,기계사고,4.0
2011-01-01,동대문구,기타/미상,77.0
2011-01-01,동대문구,산악사고,1.0
2011-01-01,동대문구,수난사고,2.0
2011-01-01,동대문구,승강기사고,264.0
2011-01-01,동대문구,인명갇힘,131.0
2011-01-01,동대문구,폭발사고,0.0
2011-01-01,동대문구,화재,36.0
2011-01-01,동작구,건물사고,72.0
2011-01-01,동작구,교통사고,67.0
2011-01-01,동작구,기계사고,7.0
2011-01-01,동작구,기타/미상,259.0
2011-01-01,동작구,산악사고,7.0
2011-01-01,동작구,수난사고,17.0
2011-01-01,동작구,승강기사고,264.0
2011-01-01,동작구,인명갇힘,105.0
2011-01-01,동작구,폭발사고,4.0
2011-01-01,동작구,화재,80.0
2011-01-01,마포구,건물사고,24.0
2011-01-01,마포구,교통사고,98.0
2011-01-01,마포구,기계사고,11.0
2011-01-01,마포구,기타/미상,149.0
2011-01-01,마포구,산악사고,1.0
2011-01-01,마포구,수난사고,134.0
2011-01-01,마포구,승강기사고,239.0
2011-01-01,마포구,인명갇힘,158.0
2011-01-01,마포구,폭발사고,0.0
2011-01-01,마포구,화재,27.0
2011-01-01,서대문구,건물사고,81.0
2011-01-01,서대문구,교통사고,119.0
2011-01-01,서대문구,기계사고,2.0
2011-01-01,서대문구,기타/미상,116.0
2011-01-01,서대문구,산악사고,24.0
2011-01-01,서대문구,수난사고,6.0
2011-01-01,서대문구,승강기사고,184.0
2011-01-01,서대문구,인명갇힘,134.0
2011-01-01,서대문구,폭발사고,0.0
2011-01-01,서대문구,화재,35.0
2011-01-01,서초구,건물사고,42.0
2011-01-01,서초구,교통사고,97.0
2011-01-01,서초구,기계사고,8.0
2011-01-01,서초구,기타/미상,129.0
2011-01-01,서초구,산악사고,32.0
2011-01-01,서초구,수난사고,18.0
2011-01-01,서초구,승강기사고,183.0
2011-01-01,서초구,인명갇힘,103.0
2011-01-01,서초구,폭발사고,0.0
2011-01-01,서초구,화재,37.0
2011-01-01,성동구,건물사고,27.0
2011-01-01,성동구,교통사고,52.0
2011-01-01,성동구,기계사고,5.0
2011-01-01,성동구,기타/미상,59.0
2011-01-01,성동구,산악사고,0.0
2011-01-01,성동구,수난사고,28.0
2011-01-01,성동구,승강기사고,168.0
2011-01-01,성동구,인명갇힘,52.0
2011-01-01,성동구,폭발사고,0.0
2011-01-01,성동구,화재,27.0
2011-01-01,성북구,건물사고,33.0
2011-01-01,성북구,교통사고,52.0
2011-01-01,성북구,기계사고,0.0
2011-01-01,성북구,기타/미상,51.0
2011-01-01,성북구,산악사고,37.0
2011-01-01,성북구,수난사고,0.0
2011-01-01,성북구,승강기사고,256.0
2011-01-01,성북구,인명갇힘,148.0
2011-01-01,성북구,폭발사고,0.0
2011-01-01,성북구,화재,30.0
2011-01-01,송파구,건물사고,38.0
2011-01-01,송파구,교통사고,52.0
2011-01-01,송파구,기계사고,9.0
2011-01-01,송파구,기타/미상,74.0
2011-01-01,송파구,산악사고,10.0
2011-01-01,송파구,수난사고,29.0
2011-01-01,송파구,승강기사고,317.0
2011-01-01,송파구,인명갇힘,124.0
2011-01-01,송파구,폭발사고,0.0
2011-01-01,송파구,화재,14.0
2011-01-01,양천구,건물사고,65.0
2011-01-01,양천구,교통사고,41.0
2011-01-01,양천구,기계사고,4.0
2011-01-01,양천구,기타/미상,72.0
2011-01-01,양천구,산악사고,1.0
2011-01-01,양천구,수난사고,1.0
2011-01-01,양천구,승강기사고,179.0
2011-01-01,양천구,인명갇힘,136.0
2011-01-01,양천구,폭발사고,0.0
2011-01-01,양천구,화재,74.0
2011-01-01,영등포구,건물사고,68.0
2011-01-01,영등포구,교통사고,94.0
2011-01-01,영등포구,기계사고,13.0
2011-01-01,영등포구,기타/미상,159.0
2011-01-01,영등포구,산악사고,0.0
2011-01-01,영등포구,수난사고,107.0
2011-01-01,영등포구,승강기사고,436.0
2011-01-01,영등포구,인명갇힘,163.0
2011-01-01,영등포구,폭발사고,1.0
2011-01-01,영등포구,화재,639.0
2011-01-01,용산구,건물사고,13.0
2011-01-01,용산구,교통사고,47.0
2011-01-01,용산구,기계사고,6.0
2011-01-01,용산구,기타/미상,57.0
2011-01-01,용산구,산악사고,0.0
2011-01-01,용산구,수난사고,54.0
2011-01-01,용산구,승강기사고,162.0
2011-01-01,용산구,인명갇힘,111.0
2011-01-01,용산구,폭발사고,0.0
2011-01-01,용산구,화재,92.0
2011-01-01,은평구,건물사고,34.0
2011-01-01,은평구,교통사고,32.0
2011-01-01,은평구,기계사고,10.0
2011-01-01,은평구,기타/미상,377.0
2011-01-01,은평구,산악사고,112.0
2011-01-01,은평구,수난사고,1.0
2011-01-01,은평구,승강기사고,208.0
2011-01-01,은평구,인명갇힘,179.0
2011-01-01,은평구,폭발사고,0.0
2011-01-01,은평구,화재,27.0
2011-01-01,종로구,건물사고,32.0
2011-01-01,종로구,교통사고,39.0
2011-01-01,종로구,기계사고,4.0
2011-01-01,종로구,기타/미상,105.0
2011-01-01,종로구,산악사고,132.0
2011-01-01,종로구,수난사고,0.0
2011-01-01,종로구,승강기사고,324.0
2011-01-01,종로구,인명갇힘,59.0
2011-01-01,종로구,폭발사고,0.0
2011-01-01,종로구,화재,26.0
2011-01-01,중구,건물사고,8.0
2011-01-01,중구,교통사고,30.0
2011-01-01,중구,기계사고,10.0
2011-01-01,중구,기타/미상,38.0
2011-01-01,중구,산악사고,2.0
2011-01-01,중구,수난사고,0.0
2011-01-01,중구,승강기사고,230.0
2011-01-01,중구,인명갇힘,54.0
2011-01-01,중구,폭발사고,0.0
2011-01-01,중구,화재,23.0
2011-01-01,중랑구,건물사고,38.0
2011-01-01,중랑구,교통사고,40.0
2011-01-01,중랑구,기계사고,5.0
2011-01-01,중랑구,기타/미상,88.0
2011-01-01,중랑구,산악사고,36.0
2011-01-01,중랑구,수난사고,1.0
2011-01-01,중랑구,승강기사고,166.0
2011-01-01,중랑구,인명갇힘,129.0
2011-01-01,중랑구,폭발사고,0.0
2011-01-01,중랑구,화재,51.0
2012-01-01,강남구,건물사고,12.0
2012-01-01,강남구,교통사고,117.0
2012-01-01,강남구,기계사고,9.0
2012-01-01,강남구,기타/미상,219.0
2012-01-01,강남구,산악사고,10.0
2012-01-01,강남구,수난사고,16.0
2012-01-01,강남구,승강기사고,479.0
2012-01-01,강남구,인명갇힘,270.0
2012-01-01,강남구,폭발사고,1.0
2012-01-01,강남구,화재,198.0
2012-01-01,강동구,건물사고,0.0
2012-01-01,강동구,교통사고,34.0
2012-01-01,강동구,기계사고,3.0
2012-01-01,강동구,기타/미상,58.0
2012-01-01,강동구,산악사고,6.0
2012-01-01,강동구,수난사고,8.0
2012-01-01,강동구,승강기사고,200.0
2012-01-01,강동구,인명갇힘,99.0
2012-01-01,강동구,폭발사고,0.0
2012-01-01,강동구,화재,3.0
2012-01-01,강북구,건물사고,0.0
2012-01-01,강북구,교통사고,31.0
2012-01-01,강북구,기계사고,1.0
2012-01-01,강북구,기타/미상,44.0
2012-01-01,강북구,산악사고,66.0
2012-01-01,강북구,수난사고,0.0
2012-01-01,강북구,승강기사고,86.0
2012-01-01,강북구,인명갇힘,79.0
2012-01-01,강북구,폭발사고,0.0
2012-01-01,강북구,화재,61.0
2012-01-01,강서구,건물사고,3.0
2012-01-01,강서구,교통사고,211.0
2012-01-01,강서구,기계사고,9.0
2012-01-01,강서구,기타/미상,136.0
2012-01-01,강서구,산악사고,9.0
2012-01-01,강서구,수난사고,33.0
2012-01-01,강서구,승강기사고,504.0
2012-01-01,강서구,인명갇힘,333.0
2012-01-01,강서구,폭발사고,0.0
2012-01-01,강서구,화재,39.0
2012-01-01,관악구,건물사고,0.0
2012-01-01,관악구,교통사고,30.0
2012-01-01,관악구,기계사고,4.0
2012-01-01,관악구,기타/미상,122.0
2012-01-01,관악구,산악사고,156.0
2012-01-01,관악구,수난사고,0.0
2012-01-01,관악구,승강기사고,320.0
2012-01-01,관악구,인명갇힘,296.0
2012-01-01,관악구,폭발사고,1.0
2012-01-01,관악구,화재,56.0
2012-01-01,광진구,건물사고,0.0
2012-01-01,광진구,교통사고,54.0
2012-01-01,광진구,기계사고,8.0
2012-01-01,광진구,기타/미상,35.0
2012-01-01,광진구,산악사고,31.0
2012-01-01,광진구,수난사고,42.0
2012-01-01,광진구,승강기사고,154.0
2012-01-01,광진구,인명갇힘,161.0
2012-01-01,광진구,폭발사고,0.0
2012-01-01,광진구,화재,48.0
2012-01-01,구로구,건물사고,0.0
2012-01-01,구로구,교통사고,29.0
2012-01-01,구로구,기계사고,1.0
2012-01-01,구로구,기타/미상,71.0
2012-01-01,구로구,산악사고,3.0
2012-01-01,구로구,수난사고,2.0
2012-01-01,구로구,승강기사고,256.0
2012-01-01,구로구,인명갇힘,193.0
2012-01-01,구로구,폭발사고,0.0
2012-01-01,구로구,화재,29.0
2012-01-01,금천구,건물사고,12.0
2012-01-01,금천구,교통사고,39.0
2012-01-01,금천구,기계사고,5.0
2012-01-01,금천구,기타/미상,47.0
2012-01-01,금천구,산악사고,19.0
2012-01-01,금천구,수난사고,0.0
2012-01-01,금천구,승강기사고,111.0
2012-01-01,금천구,인명갇힘,96.0
2012-01-01,금천구,폭발사고,0.0
2012-01-01,금천구,화재,5.0
2012-01-01,노원구,건물사고,0.0
2012-01-01,노원구,교통사고,77.0
2012-01-01,노원구,기계사고,5.0
2012-01-01,노원구,기타/미상,285.0
2012-01-01,노원구,산악사고,147.0
2012-01-01,노원구,수난사고,0.0
2012-01-01,노원구,승강기사고,364.0
2012-01-01,노원구,인명갇힘,400.0
2012-01-01,노원구,폭발사고,1.0
2012-01-01,노원구,화재,40.0
2012-01-01,도봉구,건물사고,2.0
2012-01-01,도봉구,교통사고,37.0
2012-01-01,도봉구,기계사고,8.0
2012-01-01,도봉구,기타/미상,71.0
2012-01-01,도봉구,산악사고,179.0
2012-01-01,도봉구,수난사고,0.0
2012-01-01,도봉구,승강기사고,169.0
2012-01-01,도봉구,인명갇힘,155.0
2012-01-01,도봉구,폭발사고,1.0
2012-01-01,도봉구,화재,65.0
2012-01-01,동대문구,건물사고,2.0
2012-01-01,동대문구,교통사고,47.0
2012-01-01,동대문구,기계사고,4.0
2012-01-01,동대문구,기타/미상,52.0
2012-01-01,동대문구,산악사고,0.0
2012-01-01,동대문구,수난사고,0.0
2012-01-01,동대문구,승강기사고,291.0
2012-01-01,동대문구,인명갇힘,120.0
2012-01-01,동대문구,폭발사고,0.0
2012-01-01,동대문구,화재,106.0
2012-01-01,동작구,건물사고,0.0
2012-01-01,동작구,교통사고,42.0
2012-01-01,동작구,기계사고,8.0
2012-01-01,동작구,기타/미상,87.0
2012-01-01,동작구,산악사고,3.0
2012-01-01,동작구,수난사고,13.0
2012-01-01,동작구,승강기사고,160.0
2012-01-01,동작구,인명갇힘,118.0
2012-01-01,동작구,폭발사고,0.0
2012-01-01,동작구,화재,75.0
2012-01-01,마포구,건물사고,8.0
2012-01-01,마포구,교통사고,130.0
2012-01-01,마포구,기계사고,4.0
2012-01-01,마포구,기타/미상,108.0
2012-01-01,마포구,산악사고,0.0
2012-01-01,마포구,수난사고,52.0
2012-01-01,마포구,승강기사고,296.0
2012-01-01,마포구,인명갇힘,271.0
2012-01-01,마포구,폭발사고,4.0
2012-01-01,마포구,화재,12.0
2012-01-01,서대문구,건물사고,0.0
2012-01-01,서대문구,교통사고,147.0
2012-01-01,서대문구,기계사고,5.0
2012-01-01,서대문구,기타/미상,75.0
2012-01-01,서대문구,산악사고,18.0
2012-01-01,서대문구,수난사고,0.0
2012-01-01,서대문구,승강기사고,208.0
2012-01-01,서대문구,인명갇힘,187.0
2012-01-01,서대문구,폭발사고,0.0
2012-01-01,서대문구,화재,204.0
2012-01-01,서초구,건물사고,1.0
2012-01-01,서초구,교통사고,54.0
2012-01-01,서초구,기계사고,1.0
2012-01-01,서초구,기타/미상,57.0
2012-01-01,서초구,산악사고,31.0
2012-01-01,서초구,수난사고,10.0
2012-01-01,서초구,승강기사고,261.0
2012-01-01,서초구,인명갇힘,95.0
2012-01-01,서초구,폭발사고,0.0
2012-01-01,서초구,화재,35.0
2012-01-01,성동구,건물사고,0.0
2012-01-01,성동구,교통사고,49.0
2012-01-01,성동구,기계사고,7.0
2012-01-01,성동구,기타/미상,30.0
2012-01-01,성동구,산악사고,1.0
2012-01-01,성동구,수난사고,16.0
2012-01-01,성동구,승강기사고,137.0
2012-01-01,성동구,인명갇힘,63.0
2012-01-01,성동구,폭발사고,0.0
2012-01-01,성동구,화재,79.0
2012-01-01,성북구,건물사고,0.0
2012-01-01,성북구,교통사고,37.0
2012-01-01,성북구,기계사고,4.0
2012-01-01,성북구,기타/미상,140.0
2012-01-01,성북구,산악사고,25.0
2012-01-01,성북구,수난사고,0.0
2012-01-01,성북구,승강기사고,271.0
2012-01-01,성북구,인명갇힘,204.0
2012-01-01,성북구,폭발사고,0.0
2012-01-01,성북구,화재,77.0
2012-01-01,송파구,건물사고,0.0
2012-01-01,송파구,교통사고,90.0
2012-01-01,송파구,기계사고,27.0
2012-01-01,송파구,기타/미상,101.0
2012-01-01,송파구,산악사고,17.0
2012-01-01,송파구,수난사고,26.0
2012-01-01,송파구,승강기사고,381.0
2012-01-01,송파구,인명갇힘,207.0
2012-01-01,송파구,폭발사고,2.0
2012-01-01,송파구,화재,939.0
2012-01-01,양천구,건물사고,1.0
2012-01-01,양천구,교통사고,28.0
2012-01-01,양천구,기계사고,5.0
2012-01-01,양천구,기타/미상,71.0
2012-01-01,양천구,산악사고,4.0
2012-01-01,양천구,수난사고,3.0
2012-01-01,양천구,승강기사고,212.0
2012-01-01,양천구,인명갇힘,177.0
2012-01-01,양천구,폭발사고,1.0
2012-01-01,양천구,화재,110.0
2012-01-01,영등포구,건물사고,0.0
2012-01-01,영등포구,교통사고,98.0
2012-01-01,영등포구,기계사고,6.0
2012-01-01,영등포구,기타/미상,142.0
2012-01-01,영등포구,산악사고,0.0
2012-01-01,영등포구,수난사고,110.0
2012-01-01,영등포구,승강기사고,482.0
2012-01-01,영등포구,인명갇힘,177.0
2012-01-01,영등포구,폭발사고,0.0
2012-01-01,영등포구,화재,556.0
2012-01-01,용산구,건물사고,1.0
2012-01-01,용산구,교통사고,86.0
2012-01-01,용산구,기계사고,2.0
2012-01-01,용산구,기타/미상,83.0
2012-01-01,용산구,산악사고,0.0
2012-01-01,용산구,수난사고,94.0
2012-01-01,용산구,승강기사고,150.0
2012-01-01,용산구,인명갇힘,140.0
2012-01-01,용산구,폭발사고,0.0
2012-01-01,용산구,화재,106.0
2012-01-01,은평구,건물사고,0.0
2012-01-01,은평구,교통사고,60.0
2012-01-01,은평구,기계사고,8.0
2012-01-01,은평구,기타/미상,303.0
2012-01-01,은평구,산악사고,119.0
2012-01-01,은평구,수난사고,0.0
2012-01-01,은평구,승강기사고,243.0
2012-01-01,은평구,인명갇힘,182.0
2012-01-01,은평구,폭발사고,0.0
2012-01-01,은평구,화재,13.0
2012-01-01,종로구,건물사고,0.0
2012-01-01,종로구,교통사고,53.0
2012-01-01,종로구,기계사고,14.0
2012-01-01,종로구,기타/미상,59.0
2012-01-01,종로구,산악사고,85.0
2012-01-01,종로구,수난사고,0.0
2012-01-01,종로구,승강기사고,263.0
2012-01-01,종로구,인명갇힘,85.0
2012-01-01,종로구,폭발사고,0.0
2012-01-01,종로구,화재,46.0
2012-01-01,중구,건물사고,3.0
2012-01-01,중구,교통사고,25.0
2012-01-01,중구,기계사고,7.0
2012-01-01,중구,기타/미상,158.0
2012-01-01,중구,산악사고,0.0
2012-01-01,중구,수난사고,4.0
2012-01-01,중구,승강기사고,224.0
2012-01-01,중구,인명갇힘,115.0
2012-01-01,중구,폭발사고,0.0
2012-01-01,중구,화재,18.0
2012-01-01,중랑구,건물사고,1.0
2012-01-01,중랑구,교통사고,61.0
2012-01-01,중랑구,기계사고,2.0
2012-01-01,중랑구,기타/미상,65.0
2012-01-01,중랑구,산악사고,39.0
2012-01-01,중랑구,수난사고,2.0
2012-01-01,중랑구,승강기사고,200.0
2012-01-01,중랑구,인명갇힘,157.0
2012-01-01,중랑구,폭발사고,0.0
2012-01-01,중랑구,화재,44.0
2013-01-01,강남구,건물사고,0.0
2013-01-01,강남구,교통사고,106.0
2013-01-01,강남구,기계사고,7.0
2013-01-01,강남구,기타/미상,205.0
2013-01-01,강남구,산악사고,10.0
2013-01-01,강남구,수난사고,28.0
2013-01-01,강남구,승강기사고,379.0
2013-01-01,강남구,인명갇힘,264.0
2013-01-01,강남구,폭발사고,0.0
2013-01-01,강남구,화재,29.0
2013-01-01,강동구,건물사고,1.0
2013-01-01,강동구,교통사고,42.0
2013-01-01,강동구,기계사고,3.0
2013-01-01,강동구,기타/미상,58.0
2013-01-01,강동구,산악사고,6.0
2013-01-01,강동구,수난사고,17.0
2013-01-01,강동구,승강기사고,371.0
2013-01-01,강동구,인명갇힘,176.0
2013-01-01,강동구,폭발사고,0.0
2013-01-01,강동구,화재,248.0
2013-01-01,강북구,건물사고,0.0
2013-01-01,강북구,교통사고,28.0
2013-01-01,강북구,기계사고,5.0
2013-01-01,강북구,기타/미상,44.0
2013-01-01,강북구,산악사고,84.0
2013-01-01,강북구,수난사고,0.0
2013-01-01,강북구,승강기사고,114.0
2013-01-01,강북구,인명갇힘,90.0
2013-01-01,강북구,폭발사고,0.0
2013-01-01,강북구,화재,48.0
2013-01-01,강서구,건물사고,6.0
2013-01-01,강서구,교통사고,407.0
2013-01-01,강서구,기계사고,11.0
2013-01-01,강서구,기타/미상,156.0
2013-01-01,강서구,산악사고,6.0
2013-01-01,강서구,수난사고,29.0
2013-01-01,강서구,승강기사고,488.0
2013-01-01,강서구,인명갇힘,331.0
2013-01-01,강서구,폭발사고,0.0
2013-01-01,강서구,화재,118.0
2013-01-01,관악구,건물사고,1.0
2013-01-01,관악구,교통사고,21.0
2013-01-01,관악구,기계사고,3.0
2013-01-01,관악구,기타/미상,70.0
2013-01-01,관악구,산악사고,176.0
2013-01-01,관악구,수난사고,0.0
2013-01-01,관악구,승강기사고,129.0
2013-01-01,관악구,인명갇힘,207.0
2013-01-01,관악구,폭발사고,0.0
2013-01-01,관악구,화재,178.0
2013-01-01,광진구,건물사고,0.0
2013-01-01,광진구,교통사고,45.0
2013-01-01,광진구,기계사고,4.0
2013-01-01,광진구,기타/미상,88.0
2013-01-01,광진구,산악사고,45.0
2013-01-01,광진구,수난사고,50.0
2013-01-01,광진구,승강기사고,122.0
2013-01-01,광진구,인명갇힘,140.0
2013-01-01,광진구,폭발사고,0.0
2013-01-01,광진구,화재,74.0
2013-01-01,구로구,건물사고,0.0
2013-01-01,구로구,교통사고,72.0
2013-01-01,구로구,기계사고,3.0
2013-01-01,구로구,기타/미상,97.0
2013-01-01,구로구,산악사고,1.0
2013-01-01,구로구,수난사고,0.0
2013-01-01,구로구,승강기사고,253.0
2013-01-01,구로구,인명갇힘,217.0
2013-01-01,구로구,폭발사고,0.0
2013-01-01,구로구,화재,66.0
2013-01-01,금천구,건물사고,0.0
2013-01-01,금천구,교통사고,52.0
2013-01-01,금천구,기계사고,7.0
2013-01-01,금천구,기타/미상,35.0
2013-01-01,금천구,산악사고,18.0
2013-01-01,금천구,수난사고,1.0
2013-01-01,금천구,승강기사고,113.0
2013-01-01,금천구,인명갇힘,98.0
2013-01-01,금천구,폭발사고,2.0
2013-01-01,금천구,화재,15.0
2013-01-01,노원구,건물사고,0.0
2013-01-01,노원구,교통사고,67.0
2013-01-01,노원구,기계사고,12.0
2013-01-01,노원구,기타/미상,262.0
2013-01-01,노원구,산악사고,154.0
2013-01-01,노원구,수난사고,2.0
2013-01-01,노원구,승강기사고,317.0
2013-01-01,노원구,인명갇힘,358.0
2013-01-01,노원구,폭발사고,1.0
2013-01-01,노원구,화재,15.0
2013-01-01,도봉구,건물사고,0.0
2013-01-01,도봉구,교통사고,32.0
2013-01-01,도봉구,기계사고,15.0
2013-01-01,도봉구,기타/미상,72.0
2013-01-01,도봉구,산악사고,238.0
2013-01-01,도봉구,수난사고,1.0
2013-01-01,도봉구,승강기사고,234.0
2013-01-01,도봉구,인명갇힘,187.0
2013-01-01,도봉구,폭발사고,0.0
2013-01-01,도봉구,화재,0.0
2013-01-01,동대문구,건물사고,2.0
2013-01-01,동대문구,교통사고,49.0
2013-01-01,동대문구,기계사고,9.0
2013-01-01,동대문구,기타/미상,77.0
2013-01-01,동대문구,산악사고,4.0
2013-01-01,동대문구,수난사고,1.0
2013-01-01,동대문구,승강기사고,186.0
2013-01-01,동대문구,인명갇힘,144.0
2013-01-01,동대문구,폭발사고,2.0
2013-01-01,동대문구,화재,5.0
2013-01-01,동작구,건물사고,43.0
2013-01-01,동작구,교통사고,73.0
2013-01-01,동작구,기계사고,9.0
2013-01-01,동작구,기타/미상,919.0
2013-01-01,동작구,산악사고,1.0
2013-01-01,동작구,수난사고,12.0
2013-01-01,동작구,승강기사고,318.0
2013-01-01,동작구,인명갇힘,380.0
2013-01-01,동작구,폭발사고,0.0
2013-01-01,동작구,화재,87.0
2013-01-01,마포구,건물사고,0.0
2013-01-01,마포구,교통사고,178.0
2013-01-01,마포구,기계사고,4.0
2013-01-01,마포구,기타/미상,138.0
2013-01-01,마포구,산악사고,2.0
2013-01-01,마포구,수난사고,108.0
2013-01-01,마포구,승강기사고,322.0
2013-01-01,마포구,인명갇힘,233.0
2013-01-01,마포구,폭발사고,0.0
2013-01-01,마포구,화재,98.0
2013-01-01,서대문구,건물사고,0.0
2013-01-01,서대문구,교통사고,103.0
2013-01-01,서대문구,기계사고,6.0
2013-01-01,서대문구,기타/미상,99.0
2013-01-01,서대문구,산악사고,18.0
2013-01-01,서대문구,수난사고,0.0
2013-01-01,서대문구,승강기사고,156.0
2013-01-01,서대문구,인명갇힘,111.0
2013-01-01,서대문구,폭발사고,0.0
2013-01-01,서대문구,화재,50.0
2013-01-01,서초구,건물사고,0.0
2013-01-01,서초구,교통사고,99.0
2013-01-01,서초구,기계사고,5.0
2013-01-01,서초구,기타/미상,73.0
2013-01-01,서초구,산악사고,49.0
2013-01-01,서초구,수난사고,25.0
2013-01-01,서초구,승강기사고,335.0
2013-01-01,서초구,인명갇힘,173.0
2013-01-01,서초구,폭발사고,0.0
2013-01-01,서초구,화재,34.0
2013-01-01,성동구,건물사고,0.0
2013-01-01,성동구,교통사고,37.0
2013-01-01,성동구,기계사고,4.0
2013-01-01,성동구,기타/미상,37.0
2013-01-01,성동구,산악사고,2.0
2013-01-01,성동구,수난사고,22.0
2013-01-01,성동구,승강기사고,99.0
2013-01-01,성동구,인명갇힘,35.0
2013-01-01,성동구,폭발사고,0.0
2013-01-01,성동구,화재,33.0
2013-01-01,성북구,건물사고,0.0
2013-01-01,성북구,교통사고,71.0
2013-01-01,성북구,기계사고,6.0
2013-01-01,성북구,기타/미상,107.0
2013-01-01,성북구,산악사고,17.0
2013-01-01,성북구,수난사고,0.0
2013-01-01,성북구,승강기사고,272.0
2013-01-01,성북구,인명갇힘,210.0
2013-01-01,성북구,폭발사고,0.0
2013-01-01,성북구,화재,99.0
2013-01-01,송파구,건물사고,6.0
2013-01-01,송파구,교통사고,161.0
2013-01-01,송파구,기계사고,7.0
2013-01-01,송파구,기타/미상,124.0
2013-01-01,송파구,산악사고,9.0
2013-01-01,송파구,수난사고,27.0
2013-01-01,송파구,승강기사고,360.0
2013-01-01,송파구,인명갇힘,226.0
2013-01-01,송파구,폭발사고,31.0
2013-01-01,송파구,화재,1245.0
2013-01-01,양천구,건물사고,0.0
2013-01-01,양천구,교통사고,52.0
2013-01-01,양천구,기계사고,7.0
2013-01-01,양천구,기타/미상,78.0
2013-01-01,양천구,산악사고,2.0
2013-01-01,양천구,수난사고,1.0
2013-01-01,양천구,승강기사고,272.0
2013-01-01,양천구,인명갇힘,178.0
2013-01-01,양천구,폭발사고,2.0
2013-01-01,양천구,화재,220.0
2013-01-01,영등포구,건물사고,0.0
2013-01-01,영등포구,교통사고,114.0
2013-01-01,영등포구,기계사고,8.0
2013-01-01,영등포구,기타/미상,135.0
2013-01-01,영등포구,산악사고,0.0
2013-01-01,영등포구,수난사고,253.0
2013-01-01,영등포구,승강기사고,294.0
2013-01-01,영등포구,인명갇힘,190.0
2013-01-01,영등포구,폭발사고,0.0
2013-01-01,영등포구,화재,147.0
2013-01-01,용산구,건물사고,0.0
2013-01-01,용산구,교통사고,99.0
2013-01-01,용산구,기계사고,8.0
2013-01-01,용산구,기타/미상,68.0
2013-01-01,용산구,산악사고,1.0
2013-01-01,용산구,수난사고,85.0
2013-01-01,용산구,승강기사고,122.0
2013-01-01,용산구,인명갇힘,118.0
2013-01-01,용산구,폭발사고,0.0
2013-01-01,용산구,화재,23.0
2013-01-01,은평구,건물사고,1.0
2013-01-01,은평구,교통사고,43.0
2013-01-01,은평구,기계사고,9.0
2013-01-01,은평구,기타/미상,402.0
2013-01-01,은평구,산악사고,117.0
2013-01-01,은평구,수난사고,0.0
2013-01-01,은평구,승강기사고,335.0
2013-01-01,은평구,인명갇힘,286.0
2013-01-01,은평구,폭발사고,0.0
2013-01-01,은평구,화재,56.0
2013-01-01,종로구,건물사고,2.0
2013-01-01,종로구,교통사고,77.0
2013-01-01,종로구,기계사고,6.0
2013-01-01,종로구,기타/미상,63.0
2013-01-01,종로구,산악사고,92.0
2013-01-01,종로구,수난사고,0.0
2013-01-01,종로구,승강기사고,184.0
2013-01-01,종로구,인명갇힘,84.0
2013-01-01,종로구,폭발사고,0.0
2013-01-01,종로구,화재,60.0
2013-01-01,중구,건물사고,2.0
2013-01-01,중구,교통사고,48.0
2013-01-01,중구,기계사고,26.0
2013-01-01,중구,기타/미상,100.0
2013-01-01,중구,산악사고,1.0
2013-01-01,중구,수난사고,0.0
2013-01-01,중구,승강기사고,173.0
2013-01-01,중구,인명갇힘,84.0
2013-01-01,중구,폭발사고,0.0
2013-01-01,중구,화재,109.0
2013-01-01,중랑구,건물사고,0.0
2013-01-01,중랑구,교통사고,61.0
2013-01-01,중랑구,기계사고,6.0
2013-01-01,중랑구,기타/미상,75.0
2013-01-01,중랑구,산악사고,36.0
2013-01-01,중랑구,수난사고,2.0
2013-01-01,중랑구,승강기사고,190.0
2013-01-01,중랑구,인명갇힘,112.0
2013-01-01,중랑구,폭발사고,0.0
2013-01-01,중랑구,화재,83.0
2014-01-01,강남구,건물사고,1.0
2014-01-01,강남구,교통사고,130.0
2014-01-01,강남구,기계사고,4.0
2014-01-01,강남구,기타/미상,250.0
2014-01-01,강남구,산악사고,23.0
2014-01-01,강남구,수난사고,44.0
2014-01-01,강남구,승강기사고,352.0
2014-01-01,강남구,인명갇힘,360.0
2014-01-01,강남구,폭발사고,0.0
2014-01-01,강남구,화재,131.0
2014-01-01,강동구,건물사고,2.0
2014-01-01,강동구,교통사고,69.0
2014-01-01,강동구,기계사고,4.0
2014-01-01,강동구,기타/미상,85.0
2014-01-01,강동구,산악사고,6.0
2014-01-01,강동구,수난사고,34.0
2014-01-01,강동구,승강기사고,203.0
2014-01-01,강동구,인명갇힘,177.0
2014-01-01,강동구,폭발사고,0.0
2014-01-01,강동구,화재,126.0
2014-01-01,강북구,건물사고,0.0
2014-01-01,강북구,교통사고,44.0
2014-01-01,강북구,기계사고,3.0
2014-01-01,강북구,기타/미상,49.0
2014-01-01,강북구,산악사고,110.0
2014-01-01,강북구,수난사고,0.0
2014-01-01,강북구,승강기사고,150.0
2014-01-01,강북구,인명갇힘,110.0
2014-01-01,강북구,폭발사고,0.0
2014-01-01,강북구,화재,45.0
2014-01-01,강서구,건물사고,0.0
2014-01-01,강서구,교통사고,227.0
2014-01-01,강서구,기계사고,9.0
2014-01-01,강서구,기타/미상,134.0
2014-01-01,강서구,산악사고,8.0
2014-01-01,강서구,수난사고,35.0
2014-01-01,강서구,승강기사고,362.0
2014-01-01,강서구,인명갇힘,395.0
2014-01-01,강서구,폭발사고,0.0
2014-01-01,강서구,화재,136.0
2014-01-01,관악구,건물사고,0.0
2014-01-01,관악구,교통사고,35.0
2014-01-01,관악구,기계사고,7.0
2014-01-01,관악구,기타/미상,101.0
2014-01-01,관악구,산악사고,127.0
2014-01-01,관악구,수난사고,0.0
2014-01-01,관악구,승강기사고,159.0
2014-01-01,관악구,인명갇힘,210.0
2014-01-01,관악구,폭발사고,0.0
2014-01-01,관악구,화재,29.0
2014-01-01,광진구,건물사고,0.0
2014-01-01,광진구,교통사고,68.0
2014-01-01,광진구,기계사고,3.0
2014-01-01,광진구,기타/미상,151.0
2014-01-01,광진구,산악사고,41.0
2014-01-01,광진구,수난사고,53.0
2014-01-01,광진구,승강기사고,145.0
2014-01-01,광진구,인명갇힘,214.0
2014-01-01,광진구,폭발사고,0.0
2014-01-01,광진구,화재,150.0
2014-01-01,구로구,건물사고,0.0
2014-01-01,구로구,교통사고,94.0
2014-01-01,구로구,기계사고,10.0
2014-01-01,구로구,기타/미상,118.0
2014-01-01,구로구,산악사고,5.0
2014-01-01,구로구,수난사고,0.0
2014-01-01,구로구,승강기사고,255.0
2014-01-01,구로구,인명갇힘,251.0
2014-01-01,구로구,폭발사고,0.0
2014-01-01,구로구,화재,96.0
2014-01-01,금천구,건물사고,0.0
2014-01-01,금천구,교통사고,75.0
2014-01-01,금천구,기계사고,4.0
2014-01-01,금천구,기타/미상,36.0
2014-01-01,금천구,산악사고,27.0
2014-01-01,금천구,수난사고,0.0
2014-01-01,금천구,승강기사고,100.0
2014-01-01,금천구,인명갇힘,90.0
2014-01-01,금천구,폭발사고,1.0
2014-01-01,금천구,화재,10.0
2014-01-01,노원구,건물사고,0.0
2014-01-01,노원구,교통사고,81.0
2014-01-01,노원구,기계사고,14.0
2014-01-01,노원구,기타/미상,177.0
2014-01-01,노원구,산악사고,146.0
2014-01-01,노원구,수난사고,0.0
2014-01-01,노원구,승강기사고,497.0
2014-01-01,노원구,인명갇힘,342.0
2014-01-01,노원구,폭발사고,0.0
2014-01-01,노원구,화재,11.0
2014-01-01,도봉구,건물사고,1.0
2014-01-01,도봉구,교통사고,48.0
2014-01-01,도봉구,기계사고,3.0
2014-01-01,도봉구,기타/미상,98.0
2014-01-01,도봉구,산악사고,194.0
2014-01-01,도봉구,수난사고,0.0
2014-01-01,도봉구,승강기사고,143.0
2014-01-01,도봉구,인명갇힘,252.0
2014-01-01,도봉구,폭발사고,0.0
2014-01-01,도봉구,화재,47.0
2014-01-01,동대문구,건물사고,0.0
2014-01-01,동대문구,교통사고,60.0
2014-01-01,동대문구,기계사고,5.0
2014-01-01,동대문구,기타/미상,157.0
2014-01-01,동대문구,산악사고,1.0
2014-01-01,동대문구,수난사고,4.0
2014-01-01,동대문구,승강기사고,362.0
2014-01-01,동대문구,인명갇힘,268.0
2014-01-01,동대문구,폭발사고,0.0
2014-01-01,동대문구,화재,42.0
2014-01-01,동작구,건물사고,0.0
2014-01-01,동작구,교통사고,45.0
2014-01-01,동작구,기계사고,7.0
2014-01-01,동작구,기타/미상,127.0
2014-01-01,동작구,산악사고,4.0
2014-01-01,동작구,수난사고,20.0
2014-01-01,동작구,승강기사고,214.0
2014-01-01,동작구,인명갇힘,220.0
2014-01-01,동작구,폭발사고,0.0
2014-01-01,동작구,화재,34.0
2014-01-01,마포구,건물사고,0.0
2014-01-01,마포구,교통사고,107.0
2014-01-01,마포구,기계사고,14.0
2014-01-01,마포구,기타/미상,131.0
2014-01-01,마포구,산악사고,2.0
2014-01-01,마포구,수난사고,157.0
2014-01-01,마포구,승강기사고,297.0
2014-01-01,마포구,인명갇힘,261.0
2014-01-01,마포구,폭발사고,0.0
2014-01-01,마포구,화재,34.0
2014-01-01,서대문구,건물사고,0.0
2014-01-01,서대문구,교통사고,130.0
2014-01-01,서대문구,기계사고,7.0
2014-01-01,서대문구,기타/미상,83.0
2014-01-01,서대문구,산악사고,39.0
2014-01-01,서대문구,수난사고,0.0
2014-01-01,서대문구,승강기사고,119.0
2014-01-01,서대문구,인명갇힘,114.0
2014-01-01,서대문구,폭발사고,1.0
2014-01-01,서대문구,화재,107.0
2014-01-01,서초구,건물사고,0.0
2014-01-01,서초구,교통사고,156.0
2014-01-01,서초구,기계사고,7.0
2014-01-01,서초구,기타/미상,104.0
2014-01-01,서초구,산악사고,47.0
2014-01-01,서초구,수난사고,37.0
2014-01-01,서초구,승강기사고,256.0
2014-01-01,서초구,인명갇힘,198.0
2014-01-01,서초구,폭발사고,0.0
2014-01-01,서초구,화재,54.0
2014-01-01,성동구,건물사고,0.0
2014-01-01,성동구,교통사고,686.0
2014-01-01,성동구,기계사고,10.0
2014-01-01,성동구,기타/미상,86.0
2014-01-01,성동구,산악사고,0.0
2014-01-01,성동구,수난사고,55.0
2014-01-01,성동구,승강기사고,83.0
2014-01-01,성동구,인명갇힘,72.0
2014-01-01,성동구,폭발사고,0.0
2014-01-01,성동구,화재,35.0
2014-01-01,성북구,건물사고,0.0
2014-01-01,성북구,교통사고,17.0
2014-01-01,성북구,기계사고,2.0
2014-01-01,성북구,기타/미상,94.0
2014-01-01,성북구,산악사고,22.0
2014-01-01,성북구,수난사고,0.0
2014-01-01,성북구,승강기사고,155.0
2014-01-01,성북구,인명갇힘,174.0
2014-01-01,성북구,폭발사고,0.0
2014-01-01,성북구,화재,104.0
2014-01-01,송파구,건물사고,1.0
2014-01-01,송파구,교통사고,135.0
2014-01-01,송파구,기계사고,20.0
2014-01-01,송파구,기타/미상,113.0
2014-01-01,송파구,산악사고,22.0
2014-01-01,송파구,수난사고,39.0
2014-01-01,송파구,승강기사고,249.0
2014-01-01,송파구,인명갇힘,286.0
2014-01-01,송파구,폭발사고,0.0
2014-01-01,송파구,화재,426.0
2014-01-01,양천구,건물사고,0.0
2014-01-01,양천구,교통사고,33.0
2014-01-01,양천구,기계사고,5.0
2014-01-01,양천구,기타/미상,99.0
2014-01-01,양천구,산악사고,2.0
2014-01-01,양천구,수난사고,1.0
2014-01-01,양천구,승강기사고,169.0
2014-01-01,양천구,인명갇힘,163.0
2014-01-01,양천구,폭발사고,0.0
2014-01-01,양천구,화재,371.0
2014-01-01,영등포구,건물사고,2.0
2014-01-01,영등포구,교통사고,108.0
2014-01-01,영등포구,기계사고,12.0
2014-01-01,영등포구,기타/미상,153.0
2014-01-01,영등포구,산악사고,0.0
2014-01-01,영등포구,수난사고,448.0
2014-01-01,영등포구,승강기사고,324.0
2014-01-01,영등포구,인명갇힘,225.0
2014-01-01,영등포구,폭발사고,1.0
2014-01-01,영등포구,화재,216.0
2014-01-01,용산구,건물사고,0.0
2014-01-01,용산구,교통사고,91.0
2014-01-01,용산구,기계사고,3.0
2014-01-01,용산구,기타/미상,88.0
2014-01-01,용산구,산악사고,2.0
2014-01-01,용산구,수난사고,133.0
2014-01-01,용산구,승강기사고,122.0
2014-01-01,용산구,인명갇힘,163.0
2014-01-01,용산구,폭발사고,0.0
2014-01-01,용산구,화재,21.0
2014-01-01,은평구,건물사고,0.0
2014-01-01,은평구,교통사고,53.0
2014-01-01,은평구,기계사고,12.0
2014-01-01,은평구,기타/미상,175.0
2014-01-01,은평구,산악사고,180.0
2014-01-01,은평구,수난사고,0.0
2014-01-01,은평구,승강기사고,132.0
2014-01-01,은평구,인명갇힘,199.0
2014-01-01,은평구,폭발사고,8.0
2014-01-01,은평구,화재,51.0
2014-01-01,종로구,건물사고,0.0
2014-01-01,종로구,교통사고,49.0
2014-01-01,종로구,기계사고,15.0
2014-01-01,종로구,기타/미상,65.0
2014-01-01,종로구,산악사고,128.0
2014-01-01,종로구,수난사고,0.0
2014-01-01,종로구,승강기사고,161.0
2014-01-01,종로구,인명갇힘,84.0
2014-01-01,종로구,폭발사고,0.0
2014-01-01,종로구,화재,20.0
2014-01-01,중구,건물사고,0.0
2014-01-01,중구,교통사고,56.0
2014-01-01,중구,기계사고,9.0
2014-01-01,중구,기타/미상,62.0
2014-01-01,중구,산악사고,1.0
2014-01-01,중구,수난사고,0.0
2014-01-01,중구,승강기사고,183.0
2014-01-01,중구,인명갇힘,114.0
2014-01-01,중구,폭발사고,1.0
2014-01-01,중구,화재,255.0
2014-01-01,중랑구,건물사고,1.0
2014-01-01,중랑구,교통사고,39.0
2014-01-01,중랑구,기계사고,9.0
2014-01-01,중랑구,기타/미상,71.0
2014-01-01,중랑구,산악사고,57.0
2014-01-01,중랑구,수난사고,2.0
2014-01-01,중랑구,승강기사고,171.0
2014-01-01,중랑구,인명갇힘,110.0
2014-01-01,중랑구,폭발사고,0.0
2014-01-01,중랑구,화재,54.0
2015-01-01,강남구,건물사고,10.0
2015-01-01,강남구,교통사고,187.0
2015-01-01,강남구,기계사고,12.0
2015-01-01,강남구,기타/미상,543.0
2015-01-01,강남구,산악사고,9.0
2015-01-01,강남구,수난사고,38.0
2015-01-01,강남구,승강기사고,485.0
2015-01-01,강남구,인명갇힘,119.0
2015-01-01,강남구,폭발사고,0.0
2015-01-01,강남구,화재,111.0
2015-01-01,강동구,건물사고,0.0
2015-01-01,강동구,교통사고,72.0
2015-01-01,강동구,기계사고,9.0
2015-01-01,강동구,기타/미상,232.0
2015-01-01,강동구,산악사고,2.0
2015-01-01,강동구,수난사고,28.0
2015-01-01,강동구,승강기사고,206.0
2015-01-01,강동구,인명갇힘,73.0
2015-01-01,강동구,폭발사고,0.0
2015-01-01,강동구,화재,15.0
2015-01-01,강북구,건물사고,0.0
2015-01-01,강북구,교통사고,40.0
2015-01-01,강북구,기계사고,7.0
2015-01-01,강북구,기타/미상,128.0
2015-01-01,강북구,산악사고,86.0
2015-01-01,강북구,수난사고,0.0
2015-01-01,강북구,승강기사고,95.0
2015-01-01,강북구,인명갇힘,60.0
2015-01-01,강북구,폭발사고,0.0
2015-01-01,강북구,화재,24.0
2015-01-01,강서구,건물사고,4.0
2015-01-01,강서구,교통사고,138.0
2015-01-01,강서구,기계사고,11.0
2015-01-01,강서구,기타/미상,434.0
2015-01-01,강서구,산악사고,8.0
2015-01-01,강서구,수난사고,16.0
2015-01-01,강서구,승강기사고,242.0
2015-01-01,강서구,인명갇힘,90.0
2015-01-01,강서구,폭발사고,0.0
2015-01-01,강서구,화재,8.0
2015-01-01,관악구,건물사고,2.0
2015-01-01,관악구,교통사고,49.0
2015-01-01,관악구,기계사고,4.0
2015-01-01,관악구,기타/미상,915.0
2015-01-01,관악구,산악사고,184.0
2015-01-01,관악구,수난사고,2.0
2015-01-01,관악구,승강기사고,203.0
2015-01-01,관악구,인명갇힘,162.0
2015-01-01,관악구,폭발사고,0.0
2015-01-01,관악구,화재,39.0
2015-01-01,광진구,건물사고,0.0
2015-01-01,광진구,교통사고,74.0
2015-01-01,광진구,기계사고,5.0
2015-01-01,광진구,기타/미상,329.0
2015-01-01,광진구,산악사고,49.0
2015-01-01,광진구,수난사고,75.0
2015-01-01,광진구,승강기사고,200.0
2015-01-01,광진구,인명갇힘,63.0
2015-01-01,광진구,폭발사고,0.0
2015-01-01,광진구,화재,55.0
2015-01-01,구로구,건물사고,0.0
2015-01-01,구로구,교통사고,34.0
2015-01-01,구로구,기계사고,10.0
2015-01-01,구로구,기타/미상,220.0
2015-01-01,구로구,산악사고,4.0
2015-01-01,구로구,수난사고,1.0
2015-01-01,구로구,승강기사고,285.0
2015-01-01,구로구,인명갇힘,143.0
2015-01-01,구로구,폭발사고,0.0
2015-01-01,구로구,화재,20.0
2015-01-01,금천구,건물사고,6.0
2015-01-01,금천구,교통사고,15.0
2015-01-01,금천구,기계사고,7.0
2015-01-01,금천구,기타/미상,82.0
2015-01-01,금천구,산악사고,18.0
2015-01-01,금천구,수난사고,0.0
2015-01-01,금천구,승강기사고,103.0
2015-01-01,금천구,인명갇힘,58.0
2015-01-01,금천구,폭발사고,0.0
2015-01-01,금천구,화재,2.0
2015-01-01,노원구,건물사고,0.0
2015-01-01,노원구,교통사고,55.0
2015-01-01,노원구,기계사고,15.0
2015-01-01,노원구,기타/미상,296.0
2015-01-01,노원구,산악사고,145.0
2015-01-01,노원구,수난사고,4.0
2015-01-01,노원구,승강기사고,342.0
2015-01-01,노원구,인명갇힘,103.0
2015-01-01,노원구,폭발사고,0.0
2015-01-01,노원구,화재,27.0
2015-01-01,도봉구,건물사고,1.0
2015-01-01,도봉구,교통사고,29.0
2015-01-01,도봉구,기계사고,8.0
2015-01-01,도봉구,기타/미상,290.0
2015-01-01,도봉구,산악사고,221.0
2015-01-01,도봉구,수난사고,0.0
2015-01-01,도봉구,승강기사고,236.0
2015-01-01,도봉구,인명갇힘,89.0
2015-01-01,도봉구,폭발사고,0.0
2015-01-01,도봉구,화재,34.0
2015-01-01,동대문구,건물사고,1.0
2015-01-01,동대문구,교통사고,54.0
2015-01-01,동대문구,기계사고,3.0
2015-01-01,동대문구,기타/미상,171.0
2015-01-01,동대문구,산악사고,1.0
2015-01-01,동대문구,수난사고,2.0
2015-01-01,동대문구,승강기사고,203.0
2015-01-01,동대문구,인명갇힘,88.0
2015-01-01,동대문구,폭발사고,0.0
2015-01-01,동대문구,화재,23.0
2015-01-01,동작구,건물사고,65.0
2015-01-01,동작구,교통사고,31.0
2015-01-01,동작구,기계사고,9.0
2015-01-01,동작구,기타/미상,181.0
2015-01-01,동작구,산악사고,3.0
2015-01-01,동작구,수난사고,21.0
2015-01-01,동작구,승강기사고,195.0
2015-01-01,동작구,인명갇힘,110.0
2015-01-01,동작구,폭발사고,0.0
2015-01-01,동작구,화재,17.0
2015-01-01,마포구,건물사고,5.0
2015-01-01,마포구,교통사고,110.0
2015-01-01,마포구,기계사고,11.0
2015-01-01,마포구,기타/미상,318.0
2015-01-01,마포구,산악사고,1.0
2015-01-01,마포구,수난사고,131.0
2015-01-01,마포구,승강기사고,273.0
2015-01-01,마포구,인명갇힘,106.0
2015-01-01,마포구,폭발사고,0.0
2015-01-01,마포구,화재,33.0
2015-01-01,서대문구,건물사고,2.0
2015-01-01,서대문구,교통사고,66.0
2015-01-01,서대문구,기계사고,7.0
2015-01-01,서대문구,기타/미상,120.0
2015-01-01,서대문구,산악사고,35.0
2015-01-01,서대문구,수난사고,0.0
2015-01-01,서대문구,승강기사고,140.0
2015-01-01,서대문구,인명갇힘,101.0
2015-01-01,서대문구,폭발사고,1.0
2015-01-01,서대문구,화재,23.0
2015-01-01,서초구,건물사고,0.0
2015-01-01,서초구,교통사고,123.0
2015-01-01,서초구,기계사고,4.0
2015-01-01,서초구,기타/미상,224.0
2015-01-01,서초구,산악사고,64.0
2015-01-01,서초구,수난사고,41.0
2015-01-01,서초구,승강기사고,230.0
2015-01-01,서초구,인명갇힘,102.0
2015-01-01,서초구,폭발사고,0.0
2015-01-01,서초구,화재,27.0
2015-01-01,성동구,건물사고,0.0
2015-01-01,성동구,교통사고,50.0
2015-01-01,성동구,기계사고,6.0
2015-01-01,성동구,기타/미상,111.0
2015-01-01,성동구,산악사고,0.0
2015-01-01,성동구,수난사고,32.0
2015-01-01,성동구,승강기사고,169.0
2015-01-01,성동구,인명갇힘,38.0
2015-01-01,성동구,폭발사고,0.0
2015-01-01,성동구,화재,23.0
2015-01-01,성북구,건물사고,0.0
2015-01-01,성북구,교통사고,30.0
2015-01-01,성북구,기계사고,6.0
2015-01-01,성북구,기타/미상,185.0
2015-01-01,성북구,산악사고,23.0
2015-01-01,성북구,수난사고,0.0
2015-01-01,성북구,승강기사고,126.0
2015-01-01,성북구,인명갇힘,101.0
2015-01-01,성북구,폭발사고,0.0
2015-01-01,성북구,화재,7.0
2015-01-01,송파구,건물사고,0.0
2015-01-01,송파구,교통사고,114.0
2015-01-01,송파구,기계사고,10.0
2015-01-01,송파구,기타/미상,308.0
2015-01-01,송파구,산악사고,9.0
2015-01-01,송파구,수난사고,54.0
2015-01-01,송파구,승강기사고,191.0
2015-01-01,송파구,인명갇힘,68.0
2015-01-01,송파구,폭발사고,0.0
2015-01-01,송파구,화재,42.0
2015-01-01,양천구,건물사고,0.0
2015-01-01,양천구,교통사고,43.0
2015-01-01,양천구,기계사고,2.0
2015-01-01,양천구,기타/미상,235.0
2015-01-01,양천구,산악사고,1.0
2015-01-01,양천구,수난사고,0.0
2015-01-01,양천구,승강기사고,275.0
2015-01-01,양천구,인명갇힘,111.0
2015-01-01,양천구,폭발사고,0.0
2015-01-01,양천구,화재,48.0
2015-01-01,영등포구,건물사고,4.0
2015-01-01,영등포구,교통사고,157.0
2015-01-01,영등포구,기계사고,4.0
2015-01-01,영등포구,기타/미상,411.0
2015-01-01,영등포구,산악사고,0.0
2015-01-01,영등포구,수난사고,344.0
2015-01-01,영등포구,승강기사고,439.0
2015-01-01,영등포구,인명갇힘,91.0
2015-01-01,영등포구,폭발사고,0.0
2015-01-01,영등포구,화재,75.0
2015-01-01,용산구,건물사고,3.0
2015-01-01,용산구,교통사고,94.0
2015-01-01,용산구,기계사고,1.0
2015-01-01,용산구,기타/미상,284.0
2015-01-01,용산구,산악사고,3.0
2015-01-01,용산구,수난사고,110.0
2015-01-01,용산구,승강기사고,187.0
2015-01-01,용산구,인명갇힘,30.0
2015-01-01,용산구,폭발사고,0.0
2015-01-01,용산구,화재,53.0
2015-01-01,은평구,건물사고,1.0
2015-01-01,은평구,교통사고,46.0
2015-01-01,은평구,기계사고,10.0
2015-01-01,은평구,기타/미상,316.0
2015-01-01,은평구,산악사고,186.0
2015-01-01,은평구,수난사고,0.0
2015-01-01,은평구,승강기사고,193.0
2015-01-01,은평구,인명갇힘,81.0
2015-01-01,은평구,폭발사고,0.0
2015-01-01,은평구,화재,7.0
2015-01-01,종로구,건물사고,0.0
2015-01-01,종로구,교통사고,59.0
2015-01-01,종로구,기계사고,5.0
2015-01-01,종로구,기타/미상,230.0
2015-01-01,종로구,산악사고,109.0
2015-01-01,종로구,수난사고,0.0
2015-01-01,종로구,승강기사고,214.0
2015-01-01,종로구,인명갇힘,55.0
2015-01-01,종로구,폭발사고,3.0
2015-01-01,종로구,화재,5.0
2015-01-01,중구,건물사고,1.0
2015-01-01,중구,교통사고,97.0
2015-01-01,중구,기계사고,19.0
2015-01-01,중구,기타/미상,213.0
2015-01-01,중구,산악사고,3.0
2015-01-01,중구,수난사고,0.0
2015-01-01,중구,승강기사고,265.0
2015-01-01,중구,인명갇힘,38.0
2015-01-01,중구,폭발사고,1.0
2015-01-01,중구,화재,51.0
2015-01-01,중랑구,건물사고,0.0
2015-01-01,중랑구,교통사고,30.0
2015-01-01,중랑구,기계사고,1.0
2015-01-01,중랑구,기타/미상,163.0
2015-01-01,중랑구,산악사고,26.0
2015-01-01,중랑구,수난사고,0.0
2015-01-01,중랑구,승강기사고,177.0
2015-01-01,중랑구,인명갇힘,46.0
2015-01-01,중랑구,폭발사고,0.0
2015-01-01,중랑구,화재,23.0
2016-01-01,강남구,건물사고,3.0
2016-01-01,강남구,교통사고,92.0
2016-01-01,강남구,기계사고,20.0
2016-01-01,강남구,기타/미상,222.0
2016-01-01,강남구,산악사고,9.0
2016-01-01,강남구,수난사고,40.0
2016-01-01,강남구,승강기사고,401.0
2016-01-01,강남구,인명갇힘,350.0
2016-01-01,강남구,폭발사고,0.0
2016-01-01,강남구,화재,70.0
2016-01-01,강동구,건물사고,5.0
2016-01-01,강동구,교통사고,68.0
2016-01-01,강동구,기계사고,4.0
2016-01-01,강동구,기타/미상,101.0
2016-01-01,강동구,산악사고,0.0
2016-01-01,강동구,수난사고,27.0
2016-01-01,강동구,승강기사고,345.0
2016-01-01,강동구,인명갇힘,254.0
2016-01-01,강동구,폭발사고,0.0
2016-01-01,강동구,화재,17.0
2016-01-01,강북구,건물사고,1.0
2016-01-01,강북구,교통사고,13.0
2016-01-01,강북구,기계사고,7.0
2016-01-01,강북구,기타/미상,75.0
2016-01-01,강북구,산악사고,102.0
2016-01-01,강북구,수난사고,0.0
2016-01-01,강북구,승강기사고,147.0
2016-01-01,강북구,인명갇힘,173.0
2016-01-01,강북구,폭발사고,0.0
2016-01-01,강북구,화재,4.0
2016-01-01,강서구,건물사고,7.0
2016-01-01,강서구,교통사고,126.0
2016-01-01,강서구,기계사고,7.0
2016-01-01,강서구,기타/미상,111.0
2016-01-01,강서구,산악사고,4.0
2016-01-01,강서구,수난사고,47.0
2016-01-01,강서구,승강기사고,430.0
2016-01-01,강서구,인명갇힘,268.0
2016-01-01,강서구,폭발사고,0.0
2016-01-01,강서구,화재,63.0
2016-01-01,관악구,건물사고,1.0
2016-01-01,관악구,교통사고,39.0
2016-01-01,관악구,기계사고,4.0
2016-01-01,관악구,기타/미상,322.0
2016-01-01,관악구,산악사고,173.0
2016-01-01,관악구,수난사고,0.0
2016-01-01,관악구,승강기사고,354.0
2016-01-01,관악구,인명갇힘,342.0
2016-01-01,관악구,폭발사고,0.0
2016-01-01,관악구,화재,101.0
2016-01-01,광진구,건물사고,0.0
2016-01-01,광진구,교통사고,111.0
2016-01-01,광진구,기계사고,8.0
2016-01-01,광진구,기타/미상,142.0
2016-01-01,광진구,산악사고,44.0
2016-01-01,광진구,수난사고,41.0
2016-01-01,광진구,승강기사고,265.0
2016-01-01,광진구,인명갇힘,240.0
2016-01-01,광진구,폭발사고,0.0
2016-01-01,광진구,화재,75.0
2016-01-01,구로구,건물사고,0.0
2016-01-01,구로구,교통사고,45.0
2016-01-01,구로구,기계사고,5.0
2016-01-01,구로구,기타/미상,73.0
2016-01-01,구로구,산악사고,3.0
2016-01-01,구로구,수난사고,2.0
2016-01-01,구로구,승강기사고,265.0
2016-01-01,구로구,인명갇힘,184.0
2016-01-01,구로구,폭발사고,0.0
2016-01-01,구로구,화재,22.0
2016-01-01,금천구,건물사고,0.0
2016-01-01,금천구,교통사고,35.0
2016-01-01,금천구,기계사고,4.0
2016-01-01,금천구,기타/미상,46.0
2016-01-01,금천구,산악사고,17.0
2016-01-01,금천구,수난사고,0.0
2016-01-01,금천구,승강기사고,154.0
2016-01-01,금천구,인명갇힘,107.0
2016-01-01,금천구,폭발사고,1.0
2016-01-01,금천구,화재,7.0
2016-01-01,노원구,건물사고,1.0
2016-01-01,노원구,교통사고,104.0
2016-01-01,노원구,기계사고,7.0
2016-01-01,노원구,기타/미상,233.0
2016-01-01,노원구,산악사고,123.0
2016-01-01,노원구,수난사고,11.0
2016-01-01,노원구,승강기사고,557.0
2016-01-01,노원구,인명갇힘,514.0
2016-01-01,노원구,폭발사고,0.0
2016-01-01,노원구,화재,33.0
2016-01-01,도봉구,건물사고,1.0
2016-01-01,도봉구,교통사고,46.0
2016-01-01,도봉구,기계사고,7.0
2016-01-01,도봉구,기타/미상,358.0
2016-01-01,도봉구,산악사고,180.0
2016-01-01,도봉구,수난사고,2.0
2016-01-01,도봉구,승강기사고,156.0
2016-01-01,도봉구,인명갇힘,242.0
2016-01-01,도봉구,폭발사고,0.0
2016-01-01,도봉구,화재,41.0
2016-01-01,동대문구,건물사고,0.0
2016-01-01,동대문구,교통사고,44.0
2016-01-01,동대문구,기계사고,8.0
2016-01-01,동대문구,기타/미상,140.0
2016-01-01,동대문구,산악사고,2.0
2016-01-01,동대문구,수난사고,0.0
2016-01-01,동대문구,승강기사고,284.0
2016-01-01,동대문구,인명갇힘,257.0
2016-01-01,동대문구,폭발사고,0.0
2016-01-01,동대문구,화재,43.0
2016-01-01,동작구,건물사고,0.0
2016-01-01,동작구,교통사고,75.0
2016-01-01,동작구,기계사고,11.0
2016-01-01,동작구,기타/미상,77.0
2016-01-01,동작구,산악사고,2.0
2016-01-01,동작구,수난사고,12.0
2016-01-01,동작구,승강기사고,223.0
2016-01-01,동작구,인명갇힘,203.0
2016-01-01,동작구,폭발사고,0.0
2016-01-01,동작구,화재,18.0
2016-01-01,마포구,건물사고,0.0
2016-01-01,마포구,교통사고,119.0
2016-01-01,마포구,기계사고,5.0
2016-01-01,마포구,기타/미상,160.0
2016-01-01,마포구,산악사고,1.0
2016-01-01,마포구,수난사고,122.0
2016-01-01,마포구,승강기사고,311.0
2016-01-01,마포구,인명갇힘,290.0
2016-01-01,마포구,폭발사고,1.0
2016-01-01,마포구,화재,24.0
2016-01-01,서대문구,건물사고,5.0
2016-01-01,서대문구,교통사고,76.0
2016-01-01,서대문구,기계사고,6.0
2016-01-01,서대문구,기타/미상,98.0
2016-01-01,서대문구,산악사고,23.0
2016-01-01,서대문구,수난사고,1.0
2016-01-01,서대문구,승강기사고,258.0
2016-01-01,서대문구,인명갇힘,193.0
2016-01-01,서대문구,폭발사고,0.0
2016-01-01,서대문구,화재,7.0
2016-01-01,서초구,건물사고,1.0
2016-01-01,서초구,교통사고,90.0
2016-01-01,서초구,기계사고,14.0
2016-01-01,서초구,기타/미상,129.0
2016-01-01,서초구,산악사고,38.0
2016-01-01,서초구,수난사고,30.0
2016-01-01,서초구,승강기사고,339.0
2016-01-01,서초구,인명갇힘,140.0
2016-01-01,서초구,폭발사고,0.0
2016-01-01,서초구,화재,58.0
2016-01-01,성동구,건물사고,1.0
2016-01-01,성동구,교통사고,309.0
2016-01-01,성동구,기계사고,8.0
2016-01-01,성동구,기타/미상,80.0
2016-01-01,성동구,산악사고,0.0
2016-01-01,성동구,수난사고,69.0
2016-01-01,성동구,승강기사고,182.0
2016-01-01,성동구,인명갇힘,144.0
2016-01-01,성동구,폭발사고,2.0
2016-01-01,성동구,화재,60.0
2016-01-01,성북구,건물사고,0.0
2016-01-01,성북구,교통사고,44.0
2016-01-01,성북구,기계사고,6.0
2016-01-01,성북구,기타/미상,141.0
2016-01-01,성북구,산악사고,22.0
2016-01-01,성북구,수난사고,0.0
2016-01-01,성북구,승강기사고,189.0
2016-01-01,성북구,인명갇힘,191.0
2016-01-01,성북구,폭발사고,0.0
2016-01-01,성북구,화재,29.0
2016-01-01,송파구,건물사고,0.0
2016-01-01,송파구,교통사고,81.0
2016-01-01,송파구,기계사고,9.0
2016-01-01,송파구,기타/미상,129.0
2016-01-01,송파구,산악사고,5.0
2016-01-01,송파구,수난사고,65.0
2016-01-01,송파구,승강기사고,270.0
2016-01-01,송파구,인명갇힘,309.0
2016-01-01,송파구,폭발사고,4.0
2016-01-01,송파구,화재,32.0
2016-01-01,양천구,건물사고,5.0
2016-01-01,양천구,교통사고,39.0
2016-01-01,양천구,기계사고,9.0
2016-01-01,양천구,기타/미상,96.0
2016-01-01,양천구,산악사고,0.0
2016-01-01,양천구,수난사고,3.0
2016-01-01,양천구,승강기사고,437.0
2016-01-01,양천구,인명갇힘,167.0
2016-01-01,양천구,폭발사고,0.0
2016-01-01,양천구,화재,5.0
2016-01-01,영등포구,건물사고,6.0
2016-01-01,영등포구,교통사고,104.0
2016-01-01,영등포구,기계사고,9.0
2016-01-01,영등포구,기타/미상,180.0
2016-01-01,영등포구,산악사고,0.0
2016-01-01,영등포구,수난사고,329.0
2016-01-01,영등포구,승강기사고,511.0
2016-01-01,영등포구,인명갇힘,290.0
2016-01-01,영등포구,폭발사고,0.0
2016-01-01,영등포구,화재,66.0
2016-01-01,용산구,건물사고,0.0
2016-01-01,용산구,교통사고,120.0
2016-01-01,용산구,기계사고,5.0
2016-01-01,용산구,기타/미상,109.0
2016-01-01,용산구,산악사고,0.0
2016-01-01,용산구,수난사고,92.0
2016-01-01,용산구,승강기사고,175.0
2016-01-01,용산구,인명갇힘,194.0
2016-01-01,용산구,폭발사고,0.0
2016-01-01,용산구,화재,79.0
2016-01-01,은평구,건물사고,0.0
2016-01-01,은평구,교통사고,42.0
2016-01-01,은평구,기계사고,10.0
2016-01-01,은평구,기타/미상,117.0
2016-01-01,은평구,산악사고,196.0
2016-01-01,은평구,수난사고,1.0
2016-01-01,은평구,승강기사고,176.0
2016-01-01,은평구,인명갇힘,307.0
2016-01-01,은평구,폭발사고,0.0
2016-01-01,은평구,화재,22.0
2016-01-01,종로구,건물사고,6.0
2016-01-01,종로구,교통사고,52.0
2016-01-01,종로구,기계사고,8.0
2016-01-01,종로구,기타/미상,356.0
2016-01-01,종로구,산악사고,131.0
2016-01-01,종로구,수난사고,0.0
2016-01-01,종로구,승강기사고,287.0
2016-01-01,종로구,인명갇힘,135.0
2016-01-01,종로구,폭발사고,1.0
2016-01-01,종로구,화재,18.0
2016-01-01,중구,건물사고,0.0
2016-01-01,중구,교통사고,48.0
2016-01-01,중구,기계사고,16.0
2016-01-01,중구,기타/미상,98.0
2016-01-01,중구,산악사고,0.0
2016-01-01,중구,수난사고,0.0
2016-01-01,중구,승강기사고,200.0
2016-01-01,중구,인명갇힘,149.0
2016-01-01,중구,폭발사고,0.0
2016-01-01,중구,화재,10.0
2016-01-01,중랑구,건물사고,2.0
2016-01-01,중랑구,교통사고,38.0
2016-01-01,중랑구,기계사고,6.0
2016-01-01,중랑구,기타/미상,77.0
2016-01-01,중랑구,산악사고,39.0
2016-01-01,중랑구,수난사고,0.0
2016-01-01,중랑구,승강기사고,191.0
2016-01-01,중랑구,인명갇힘,190.0
2016-01-01,중랑구,폭발사고,0.0
2016-01-01,중랑구,화재,128.0
2017-01-01,강남구,건물사고,6.0
2017-01-01,강남구,교통사고,169.0
2017-01-01,강남구,기계사고,8.0
2017-01-01,강남구,기타/미상,268.0
2017-01-01,강남구,산악사고,8.0
2017-01-01,강남구,수난사고,32.0
2017-01-01,강남구,승강기사고,580.0
2017-01-01,강남구,인명갇힘,337.0
2017-01-01,강남구,폭발사고,0.0
2017-01-01,강남구,화재,36.0
2017-01-01,강동구,건물사고,0.0
2017-01-01,강동구,교통사고,58.0
2017-01-01,강동구,기계사고,3.0
2017-01-01,강동구,기타/미상,158.0
2017-01-01,강동구,산악사고,2.0
2017-01-01,강동구,수난사고,26.0
2017-01-01,강동구,승강기사고,356.0
2017-01-01,강동구,인명갇힘,301.0
2017-01-01,강동구,폭발사고,0.0
2017-01-01,강동구,화재,13.0
2017-01-01,강북구,건물사고,1.0
2017-01-01,강북구,교통사고,25.0
2017-01-01,강북구,기계사고,5.0
2017-01-01,강북구,기타/미상,90.0
2017-01-01,강북구,산악사고,56.0
2017-01-01,강북구,수난사고,0.0
2017-01-01,강북구,승강기사고,199.0
2017-01-01,강북구,인명갇힘,148.0
2017-01-01,강북구,폭발사고,0.0
2017-01-01,강북구,화재,17.0
2017-01-01,강서구,건물사고,0.0
2017-01-01,강서구,교통사고,97.0
2017-01-01,강서구,기계사고,4.0
2017-01-01,강서구,기타/미상,116.0
2017-01-01,강서구,산악사고,6.0
2017-01-01,강서구,수난사고,21.0
2017-01-01,강서구,승강기사고,407.0
2017-01-01,강서구,인명갇힘,286.0
2017-01-01,강서구,폭발사고,0.0
2017-01-01,강서구,화재,27.0
2017-01-01,관악구,건물사고,0.0
2017-01-01,관악구,교통사고,64.0
2017-01-01,관악구,기계사고,3.0
2017-01-01,관악구,기타/미상,288.0
2017-01-01,관악구,산악사고,202.0
2017-01-01,관악구,수난사고,4.0
2017-01-01,관악구,승강기사고,346.0
2017-01-01,관악구,인명갇힘,348.0
2017-01-01,관악구,폭발사고,0.0
2017-01-01,관악구,화재,48.0
2017-01-01,광진구,건물사고,3.0
2017-01-01,광진구,교통사고,113.0
2017-01-01,광진구,기계사고,3.0
2017-01-01,광진구,기타/미상,165.0
2017-01-01,광진구,산악사고,34.0
2017-01-01,광진구,수난사고,59.0
2017-01-01,광진구,승강기사고,294.0
2017-01-01,광진구,인명갇힘,282.0
2017-01-01,광진구,폭발사고,0.0
2017-01-01,광진구,화재,68.0
2017-01-01,구로구,건물사고,1.0
2017-01-01,구로구,교통사고,57.0
2017-01-01,구로구,기계사고,7.0
2017-01-01,구로구,기타/미상,125.0
2017-01-01,구로구,산악사고,3.0
2017-01-01,구로구,수난사고,1.0
2017-01-01,구로구,승강기사고,389.0
2017-01-01,구로구,인명갇힘,256.0
2017-01-01,구로구,폭발사고,0.0
2017-01-01,구로구,화재,62.0
2017-01-01,금천구,건물사고,0.0
2017-01-01,금천구,교통사고,26.0
2017-01-01,금천구,기계사고,5.0
2017-01-01,금천구,기타/미상,40.0
2017-01-01,금천구,산악사고,24.0
2017-01-01,금천구,수난사고,0.0
2017-01-01,금천구,승강기사고,182.0
2017-01-01,금천구,인명갇힘,119.0
2017-01-01,금천구,폭발사고,1.0
2017-01-01,금천구,화재,33.0
2017-01-01,노원구,건물사고,1.0
2017-01-01,노원구,교통사고,108.0
2017-01-01,노원구,기계사고,4.0
2017-01-01,노원구,기타/미상,274.0
2017-01-01,노원구,산악사고,77.0
2017-01-01,노원구,수난사고,5.0
2017-01-01,노원구,승강기사고,663.0
2017-01-01,노원구,인명갇힘,467.0
2017-01-01,노원구,폭발사고,0.0
2017-01-01,노원구,화재,85.0
2017-01-01,도봉구,건물사고,2.0
2017-01-01,도봉구,교통사고,59.0
2017-01-01,도봉구,기계사고,0.0
2017-01-01,도봉구,기타/미상,367.0
2017-01-01,도봉구,산악사고,201.0
2017-01-01,도봉구,수난사고,3.0
2017-01-01,도봉구,승강기사고,212.0
2017-01-01,도봉구,인명갇힘,234.0
2017-01-01,도봉구,폭발사고,0.0
2017-01-01,도봉구,화재,46.0
2017-01-01,동대문구,건물사고,0.0
2017-01-01,동대문구,교통사고,80.0
2017-01-01,동대문구,기계사고,5.0
2017-01-01,동대문구,기타/미상,104.0
2017-01-01,동대문구,산악사고,4.0
2017-01-01,동대문구,수난사고,0.0
2017-01-01,동대문구,승강기사고,365.0
2017-01-01,동대문구,인명갇힘,222.0
2017-01-01,동대문구,폭발사고,0.0
2017-01-01,동대문구,화재,31.0
2017-01-01,동작구,건물사고,0.0
2017-01-01,동작구,교통사고,90.0
2017-01-01,동작구,기계사고,7.0
2017-01-01,동작구,기타/미상,88.0
2017-01-01,동작구,산악사고,3.0
2017-01-01,동작구,수난사고,28.0
2017-01-01,동작구,승강기사고,158.0
2017-01-01,동작구,인명갇힘,178.0
2017-01-01,동작구,폭발사고,0.0
2017-01-01,동작구,화재,39.0
2017-01-01,마포구,건물사고,0.0
2017-01-01,마포구,교통사고,111.0
2017-01-01,마포구,기계사고,2.0
2017-01-01,마포구,기타/미상,201.0
2017-01-01,마포구,산악사고,0.0
2017-01-01,마포구,수난사고,128.0
2017-01-01,마포구,승강기사고,533.0
2017-01-01,마포구,인명갇힘,258.0
2017-01-01,마포구,폭발사고,0.0
2017-01-01,마포구,화재,26.0
2017-01-01,서대문구,건물사고,0.0
2017-01-01,서대문구,교통사고,62.0
2017-01-01,서대문구,기계사고,2.0
2017-01-01,서대문구,기타/미상,107.0
2017-01-01,서대문구,산악사고,21.0
2017-01-01,서대문구,수난사고,1.0
2017-01-01,서대문구,승강기사고,244.0
2017-01-01,서대문구,인명갇힘,158.0
2017-01-01,서대문구,폭발사고,0.0
2017-01-01,서대문구,화재,35.0
2017-01-01,서초구,건물사고,0.0
2017-01-01,서초구,교통사고,85.0
2017-01-01,서초구,기계사고,5.0
2017-01-01,서초구,기타/미상,126.0
2017-01-01,서초구,산악사고,33.0
2017-01-01,서초구,수난사고,30.0
2017-01-01,서초구,승강기사고,398.0
2017-01-01,서초구,인명갇힘,167.0
2017-01-01,서초구,폭발사고,0.0
2017-01-01,서초구,화재,48.0
2017-01-01,성동구,건물사고,2.0
2017-01-01,성동구,교통사고,89.0
2017-01-01,성동구,기계사고,10.0
2017-01-01,성동구,기타/미상,127.0
2017-01-01,성동구,산악사고,0.0
2017-01-01,성동구,수난사고,33.0
2017-01-01,성동구,승강기사고,233.0
2017-01-01,성동구,인명갇힘,165.0
2017-01-01,성동구,폭발사고,0.0
2017-01-01,성동구,화재,60.0
2017-01-01,성북구,건물사고,0.0
2017-01-01,성북구,교통사고,81.0
2017-01-01,성북구,기계사고,3.0
2017-01-01,성북구,기타/미상,117.0
2017-01-01,성북구,산악사고,28.0
2017-01-01,성북구,수난사고,0.0
2017-01-01,성북구,승강기사고,271.0
2017-01-01,성북구,인명갇힘,197.0
2017-01-01,성북구,폭발사고,0.0
2017-01-01,성북구,화재,20.0
2017-01-01,송파구,건물사고,0.0
2017-01-01,송파구,교통사고,161.0
2017-01-01,송파구,기계사고,146.0
2017-01-01,송파구,기타/미상,136.0
2017-01-01,송파구,산악사고,8.0
2017-01-01,송파구,수난사고,44.0
2017-01-01,송파구,승강기사고,369.0
2017-01-01,송파구,인명갇힘,236.0
2017-01-01,송파구,폭발사고,0.0
2017-01-01,송파구,화재,77.0
2017-01-01,양천구,건물사고,0.0
2017-01-01,양천구,교통사고,39.0
2017-01-01,양천구,기계사고,0.0
2017-01-01,양천구,기타/미상,89.0
2017-01-01,양천구,산악사고,0.0
2017-01-01,양천구,수난사고,2.0
2017-01-01,양천구,승강기사고,439.0
2017-01-01,양천구,인명갇힘,200.0
2017-01-01,양천구,폭발사고,0.0
2017-01-01,양천구,화재,100.0
2017-01-01,영등포구,건물사고,0.0
2017-01-01,영등포구,교통사고,186.0
2017-01-01,영등포구,기계사고,13.0
2017-01-01,영등포구,기타/미상,341.0
2017-01-01,영등포구,산악사고,0.0
2017-01-01,영등포구,수난사고,274.0
2017-01-01,영등포구,승강기사고,376.0
2017-01-01,영등포구,인명갇힘,327.0
2017-01-01,영등포구,폭발사고,0.0
2017-01-01,영등포구,화재,134.0
2017-01-01,용산구,건물사고,0.0
2017-01-01,용산구,교통사고,60.0
2017-01-01,용산구,기계사고,1.0
2017-01-01,용산구,기타/미상,110.0
2017-01-01,용산구,산악사고,0.0
2017-01-01,용산구,수난사고,125.0
2017-01-01,용산구,승강기사고,357.0
2017-01-01,용산구,인명갇힘,163.0
2017-01-01,용산구,폭발사고,0.0
2017-01-01,용산구,화재,29.0
2017-01-01,은평구,건물사고,0.0
2017-01-01,은평구,교통사고,50.0
2017-01-01,은평구,기계사고,2.0
2017-01-01,은평구,기타/미상,107.0
2017-01-01,은평구,산악사고,128.0
2017-01-01,은평구,수난사고,0.0
2017-01-01,은평구,승강기사고,276.0
2017-01-01,은평구,인명갇힘,267.0
2017-01-01,은평구,폭발사고,0.0
2017-01-01,은평구,화재,16.0
2017-01-01,종로구,건물사고,10.0
2017-01-01,종로구,교통사고,44.0
2017-01-01,종로구,기계사고,5.0
2017-01-01,종로구,기타/미상,200.0
2017-01-01,종로구,산악사고,106.0
2017-01-01,종로구,수난사고,9.0
2017-01-01,종로구,승강기사고,151.0
2017-01-01,종로구,인명갇힘,110.0
2017-01-01,종로구,폭발사고,0.0
2017-01-01,종로구,화재,8.0
2017-01-01,중구,건물사고,0.0
2017-01-01,중구,교통사고,37.0
2017-01-01,중구,기계사고,7.0
2017-01-01,중구,기타/미상,79.0
2017-01-01,중구,산악사고,0.0
2017-01-01,중구,수난사고,0.0
2017-01-01,중구,승강기사고,432.0
2017-01-01,중구,인명갇힘,130.0
2017-01-01,중구,폭발사고,0.0
2017-01-01,중구,화재,17.0
2017-01-01,중랑구,건물사고,0.0
2017-01-01,중랑구,교통사고,45.0
2017-01-01,중랑구,기계사고,5.0
2017-01-01,중랑구,기타/미상,91.0
2017-01-01,중랑구,산악사고,29.0
2017-01-01,중랑구,수난사고,2.0
2017-01-01,중랑구,승강기사고,234.0
2017-01-01,중랑구,인명갇힘,178.0
2017-01-01,중랑구,폭발사고,0.0
2017-01-01,중랑구,화재,108.0
2018-01-01,강남구,건물사고,0.0
2018-01-01,강남구,교통사고,53.0
2018-01-01,강남구,기계사고,6.0
2018-01-01,강남구,기타/미상,167.0
2018-01-01,강남구,산악사고,4.0
2018-01-01,강남구,수난사고,28.0
2018-01-01,강남구,승강기사고,467.0
2018-01-01,강남구,인명갇힘,268.0
2018-01-01,강남구,폭발사고,0.0
2018-01-01,강남구,화재,42.0
2018-01-01,강동구,건물사고,0.0
2018-01-01,강동구,교통사고,53.0
2018-01-01,강동구,기계사고,5.0
2018-01-01,강동구,기타/미상,129.0
2018-01-01,강동구,산악사고,5.0
2018-01-01,강동구,수난사고,39.0
2018-01-01,강동구,승강기사고,359.0
2018-01-01,강동구,인명갇힘,171.0
2018-01-01,강동구,폭발사고,0.0
2018-01-01,강동구,화재,25.0
2018-01-01,강북구,건물사고,0.0
2018-01-01,강북구,교통사고,15.0
2018-01-01,강북구,기계사고,1.0
2018-01-01,강북구,기타/미상,67.0
2018-01-01,강북구,산악사고,80.0
2018-01-01,강북구,수난사고,0.0
2018-01-01,강북구,승강기사고,180.0
2018-01-01,강북구,인명갇힘,113.0
2018-01-01,강북구,폭발사고,0.0
2018-01-01,강북구,화재,12.0
2018-01-01,강서구,건물사고,0.0
2018-01-01,강서구,교통사고,72.0
2018-01-01,강서구,기계사고,3.0
2018-01-01,강서구,기타/미상,116.0
2018-01-01,강서구,산악사고,3.0
2018-01-01,강서구,수난사고,19.0
2018-01-01,강서구,승강기사고,364.0
2018-01-01,강서구,인명갇힘,243.0
2018-01-01,강서구,폭발사고,0.0
2018-01-01,강서구,화재,25.0
2018-01-01,관악구,건물사고,1.0
2018-01-01,관악구,교통사고,43.0
2018-01-01,관악구,기계사고,5.0
2018-01-01,관악구,기타/미상,125.0
2018-01-01,관악구,산악사고,188.0
2018-01-01,관악구,수난사고,1.0
2018-01-01,관악구,승강기사고,313.0
2018-01-01,관악구,인명갇힘,272.0
2018-01-01,관악구,폭발사고,0.0
2018-01-01,관악구,화재,40.0
2018-01-01,광진구,건물사고,0.0
2018-01-01,광진구,교통사고,40.0
2018-01-01,광진구,기계사고,4.0
2018-01-01,광진구,기타/미상,120.0
2018-01-01,광진구,산악사고,31.0
2018-01-01,광진구,수난사고,61.0
2018-01-01,광진구,승강기사고,176.0
2018-01-01,광진구,인명갇힘,202.0
2018-01-01,광진구,폭발사고,1.0
2018-01-01,광진구,화재,82.0
2018-01-01,구로구,건물사고,3.0
2018-01-01,구로구,교통사고,28.0
2018-01-01,구로구,기계사고,6.0
2018-01-01,구로구,기타/미상,77.0
2018-01-01,구로구,산악사고,8.0
2018-01-01,구로구,수난사고,0.0
2018-01-01,구로구,승강기사고,434.0
2018-01-01,구로구,인명갇힘,194.0
2018-01-01,구로구,폭발사고,0.0
2018-01-01,구로구,화재,17.0
2018-01-01,금천구,건물사고,0.0
2018-01-01,금천구,교통사고,23.0
2018-01-01,금천구,기계사고,11.0
2018-01-01,금천구,기타/미상,38.0
2018-01-01,금천구,산악사고,24.0
2018-01-01,금천구,수난사고,0.0
2018-01-01,금천구,승강기사고,180.0
2018-01-01,금천구,인명갇힘,100.0
2018-01-01,금천구,폭발사고,0.0
2018-01-01,금천구,화재,33.0
2018-01-01,노원구,건물사고,0.0
2018-01-01,노원구,교통사고,82.0
2018-01-01,노원구,기계사고,3.0
2018-01-01,노원구,기타/미상,126.0
2018-01-01,노원구,산악사고,93.0
2018-01-01,노원구,수난사고,11.0
2018-01-01,노원구,승강기사고,464.0
2018-01-01,노원구,인명갇힘,235.0
2018-01-01,노원구,폭발사고,0.0
2018-01-01,노원구,화재,40.0
2018-01-01,도봉구,건물사고,0.0
2018-01-01,도봉구,교통사고,30.0
2018-01-01,도봉구,기계사고,1.0
2018-01-01,도봉구,기타/미상,465.0
2018-01-01,도봉구,산악사고,168.0
2018-01-01,도봉구,수난사고,2.0
2018-01-01,도봉구,승강기사고,245.0
2018-01-01,도봉구,인명갇힘,219.0
2018-01-01,도봉구,폭발사고,0.0
2018-01-01,도봉구,화재,47.0
2018-01-01,동대문구,건물사고,0.0
2018-01-01,동대문구,교통사고,58.0
2018-01-01,동대문구,기계사고,4.0
2018-01-01,동대문구,기타/미상,107.0
2018-01-01,동대문구,산악사고,4.0
2018-01-01,동대문구,수난사고,1.0
2018-01-01,동대문구,승강기사고,340.0
2018-01-01,동대문구,인명갇힘,188.0
2018-01-01,동대문구,폭발사고,0.0
2018-01-01,동대문구,화재,10.0
2018-01-01,동작구,건물사고,1.0
2018-01-01,동작구,교통사고,26.0
2018-01-01,동작구,기계사고,3.0
2018-01-01,동작구,기타/미상,77.0
2018-01-01,동작구,산악사고,3.0
2018-01-01,동작구,수난사고,28.0
2018-01-01,동작구,승강기사고,239.0
2018-01-01,동작구,인명갇힘,176.0
2018-01-01,동작구,폭발사고,0.0
2018-01-01,동작구,화재,14.0
2018-01-01,마포구,건물사고,0.0
2018-01-01,마포구,교통사고,48.0
2018-01-01,마포구,기계사고,2.0
2018-01-01,마포구,기타/미상,135.0
2018-01-01,마포구,산악사고,0.0
2018-01-01,마포구,수난사고,142.0
2018-01-01,마포구,승강기사고,297.0
2018-01-01,마포구,인명갇힘,184.0
2018-01-01,마포구,폭발사고,0.0
2018-01-01,마포구,화재,12.0
2018-01-01,서대문구,건물사고,0.0
2018-01-01,서대문구,교통사고,72.0
2018-01-01,서대문구,기계사고,7.0
2018-01-01,서대문구,기타/미상,138.0
2018-01-01,서대문구,산악사고,28.0
2018-01-01,서대문구,수난사고,0.0
2018-01-01,서대문구,승강기사고,186.0
2018-01-01,서대문구,인명갇힘,174.0
2018-01-01,서대문구,폭발사고,0.0
2018-01-01,서대문구,화재,25.0
2018-01-01,서초구,건물사고,0.0
2018-01-01,서초구,교통사고,76.0
2018-01-01,서초구,기계사고,1.0
2018-01-01,서초구,기타/미상,115.0
2018-01-01,서초구,산악사고,28.0
2018-01-01,서초구,수난사고,13.0
2018-01-01,서초구,승강기사고,350.0
2018-01-01,서초구,인명갇힘,121.0
2018-01-01,서초구,폭발사고,0.0
2018-01-01,서초구,화재,41.0
2018-01-01,성동구,건물사고,0.0
2018-01-01,성동구,교통사고,56.0
2018-01-01,성동구,기계사고,7.0
2018-01-01,성동구,기타/미상,96.0
2018-01-01,성동구,산악사고,0.0
2018-01-01,성동구,수난사고,29.0
2018-01-01,성동구,승강기사고,253.0
2018-01-01,성동구,인명갇힘,151.0
2018-01-01,성동구,폭발사고,0.0
2018-01-01,성동구,화재,12.0
2018-01-01,성북구,건물사고,0.0
2018-01-01,성북구,교통사고,34.0
2018-01-01,성북구,기계사고,3.0
2018-01-01,성북구,기타/미상,62.0
2018-01-01,성북구,산악사고,27.0
2018-01-01,성북구,수난사고,1.0
2018-01-01,성북구,승강기사고,162.0
2018-01-01,성북구,인명갇힘,118.0
2018-01-01,성북구,폭발사고,0.0
2018-01-01,성북구,화재,6.0
2018-01-01,송파구,건물사고,0.0
2018-01-01,송파구,교통사고,89.0
2018-01-01,송파구,기계사고,9.0
2018-01-01,송파구,기타/미상,157.0
2018-01-01,송파구,산악사고,2.0
2018-01-01,송파구,수난사고,47.0
2018-01-01,송파구,승강기사고,372.0
2018-01-01,송파구,인명갇힘,202.0
2018-01-01,송파구,폭발사고,0.0
2018-01-01,송파구,화재,38.0
2018-01-01,양천구,건물사고,0.0
2018-01-01,양천구,교통사고,20.0
2018-01-01,양천구,기계사고,1.0
2018-01-01,양천구,기타/미상,69.0
2018-01-01,양천구,산악사고,2.0
2018-01-01,양천구,수난사고,0.0
2018-01-01,양천구,승강기사고,351.0
2018-01-01,양천구,인명갇힘,91.0
2018-01-01,양천구,폭발사고,0.0
2018-01-01,양천구,화재,13.0
2018-01-01,영등포구,건물사고,0.0
2018-01-01,영등포구,교통사고,102.0
2018-01-01,영등포구,기계사고,8.0
2018-01-01,영등포구,기타/미상,305.0
2018-01-01,영등포구,산악사고,0.0
2018-01-01,영등포구,수난사고,364.0
2018-01-01,영등포구,승강기사고,511.0
2018-01-01,영등포구,인명갇힘,292.0
2018-01-01,영등포구,폭발사고,0.0
2018-01-01,영등포구,화재,72.0
2018-01-01,용산구,건물사고,0.0
2018-01-01,용산구,교통사고,25.0
2018-01-01,용산구,기계사고,1.0
2018-01-01,용산구,기타/미상,120.0
2018-01-01,용산구,산악사고,0.0
2018-01-01,용산구,수난사고,103.0
2018-01-01,용산구,승강기사고,193.0
2018-01-01,용산구,인명갇힘,92.0
2018-01-01,용산구,폭발사고,0.0
2018-01-01,용산구,화재,24.0
2018-01-01,은평구,건물사고,0.0
2018-01-01,은평구,교통사고,24.0
2018-01-01,은평구,기계사고,1.0
2018-01-01,은평구,기타/미상,86.0
2018-01-01,은평구,산악사고,171.0
2018-01-01,은평구,수난사고,0.0
2018-01-01,은평구,승강기사고,216.0
2018-01-01,은평구,인명갇힘,233.0
2018-01-01,은평구,폭발사고,0.0
2018-01-01,은평구,화재,14.0
2018-01-01,종로구,건물사고,0.0
2018-01-01,종로구,교통사고,28.0
2018-01-01,종로구,기계사고,4.0
2018-01-01,종로구,기타/미상,114.0
2018-01-01,종로구,산악사고,77.0
2018-01-01,종로구,수난사고,0.0
2018-01-01,종로구,승강기사고,181.0
2018-01-01,종로구,인명갇힘,84.0
2018-01-01,종로구,폭발사고,0.0
2018-01-01,종로구,화재,26.0
2018-01-01,중구,건물사고,0.0
2018-01-01,중구,교통사고,24.0
2018-01-01,중구,기계사고,11.0
2018-01-01,중구,기타/미상,115.0
2018-01-01,중구,산악사고,2.0
2018-01-01,중구,수난사고,0.0
2018-01-01,중구,승강기사고,351.0
2018-01-01,중구,인명갇힘,147.0
2018-01-01,중구,폭발사고,0.0
2018-01-01,중구,화재,38.0
2018-01-01,중랑구,건물사고,1.0
2018-01-01,중랑구,교통사고,36.0
2018-01-01,중랑구,기계사고,5.0
2018-01-01,중랑구,기타/미상,80.0
2018-01-01,중랑구,산악사고,18.0
2018-01-01,중랑구,수난사고,6.0
2018-01-01,중랑구,승강기사고,163.0
2018-01-01,중랑구,인명갇힘,152.0
2018-01-01,중랑구,폭발사고,0.0
2018-01-01,중랑구,화재,35.0
2019-01-01,강남구,교통사고,29.0
2019-01-01,강남구,기계사고,1.0
2019-01-01,강남구,기타/미상,174.0
2019-01-01,강남구,산악사고,8.0
2019-01-01,강남구,수난사고,71.0
2019-01-01,강남구,승강기사고,434.0
2019-01-01,강남구,인명갇힘,226.0
2019-01-01,강남구,폭발사고,0.0
2019-01-01,강남구,화재,7.0
2019-01-01,강동구,교통사고,47.0
2019-01-01,강동구,기계사고,2.0
2019-01-01,강동구,기타/미상,67.0
2019-01-01,강동구,산악사고,5.0
2019-01-01,강동구,수난사고,54.0
2019-01-01,강동구,승강기사고,255.0
2019-01-01,강동구,인명갇힘,140.0
2019-01-01,강동구,폭발사고,0.0
2019-01-01,강동구,화재,61.0
2019-01-01,강북구,교통사고,6.0
2019-01-01,강북구,기계사고,0.0
2019-01-01,강북구,기타/미상,71.0
2019-01-01,강북구,산악사고,77.0
2019-01-01,강북구,수난사고,1.0
2019-01-01,강북구,승강기사고,100.0
2019-01-01,강북구,인명갇힘,108.0
2019-01-01,강북구,폭발사고,0.0
2019-01-01,강북구,화재,4.0
2019-01-01,강서구,교통사고,34.0
2019-01-01,강서구,기계사고,3.0
2019-01-01,강서구,기타/미상,74.0
2019-01-01,강서구,산악사고,1.0
2019-01-01,강서구,수난사고,26.0
2019-01-01,강서구,승강기사고,139.0
2019-01-01,강서구,인명갇힘,109.0
2019-01-01,강서구,폭발사고,0.0
2019-01-01,강서구,화재,6.0
2019-01-01,관악구,교통사고,32.0
2019-01-01,관악구,기계사고,0.0
2019-01-01,관악구,기타/미상,114.0
2019-01-01,관악구,산악사고,164.0
2019-01-01,관악구,수난사고,4.0
2019-01-01,관악구,승강기사고,192.0
2019-01-01,관악구,인명갇힘,285.0
2019-01-01,관악구,폭발사고,0.0
2019-01-01,관악구,화재,32.0
2019-01-01,광진구,교통사고,34.0
2019-01-01,광진구,기계사고,2.0
2019-01-01,광진구,기타/미상,92.0
2019-01-01,광진구,산악사고,28.0
2019-01-01,광진구,수난사고,89.0
2019-01-01,광진구,승강기사고,182.0
2019-01-01,광진구,인명갇힘,179.0
2019-01-01,광진구,폭발사고,0.0
2019-01-01,광진구,화재,29.0
2019-01-01,구로구,교통사고,66.0
2019-01-01,구로구,기계사고,3.0
2019-01-01,구로구,기타/미상,74.0
2019-01-01,구로구,산악사고,1.0
2019-01-01,구로구,수난사고,0.0
2019-01-01,구로구,승강기사고,304.0
2019-01-01,구로구,인명갇힘,166.0
2019-01-01,구로구,폭발사고,0.0
2019-01-01,구로구,화재,17.0
2019-01-01,금천구,교통사고,81.0
2019-01-01,금천구,기계사고,7.0
2019-01-01,금천구,기타/미상,54.0
2019-01-01,금천구,산악사고,21.0
2019-01-01,금천구,수난사고,0.0
2019-01-01,금천구,승강기사고,219.0
2019-01-01,금천구,인명갇힘,81.0
2019-01-01,금천구,폭발사고,0.0
2019-01-01,금천구,화재,23.0
2019-01-01,노원구,교통사고,39.0
2019-01-01,노원구,기계사고,2.0
2019-01-01,노원구,기타/미상,123.0
2019-01-01,노원구,산악사고,78.0
2019-01-01,노원구,수난사고,4.0
2019-01-01,노원구,승강기사고,277.0
2019-01-01,노원구,인명갇힘,234.0
2019-01-01,노원구,폭발사고,0.0
2019-01-01,노원구,화재,43.0
2019-01-01,도봉구,교통사고,522.0
2019-01-01,도봉구,기계사고,2.0
2019-01-01,도봉구,기타/미상,299.0
2019-01-01,도봉구,산악사고,103.0
2019-01-01,도봉구,수난사고,1.0
2019-01-01,도봉구,승강기사고,270.0
2019-01-01,도봉구,인명갇힘,191.0
2019-01-01,도봉구,폭발사고,0.0
2019-01-01,도봉구,화재,89.0
2019-01-01,동대문구,교통사고,28.0
2019-01-01,동대문구,기계사고,3.0
2019-01-01,동대문구,기타/미상,75.0
2019-01-01,동대문구,산악사고,3.0
2019-01-01,동대문구,수난사고,0.0
2019-01-01,동대문구,승강기사고,222.0
2019-01-01,동대문구,인명갇힘,158.0
2019-01-01,동대문구,폭발사고,0.0
2019-01-01,동대문구,화재,26.0
2019-01-01,동작구,교통사고,23.0
2019-01-01,동작구,기계사고,4.0
2019-01-01,동작구,기타/미상,67.0
2019-01-01,동작구,산악사고,13.0
2019-01-01,동작구,수난사고,66.0
2019-01-01,동작구,승강기사고,190.0
2019-01-01,동작구,인명갇힘,152.0
2019-01-01,동작구,폭발사고,0.0
2019-01-01,동작구,화재,9.0
2019-01-01,마포구,교통사고,74.0
2019-01-01,마포구,기계사고,5.0
2019-01-01,마포구,기타/미상,194.0
2019-01-01,마포구,산악사고,3.0
2019-01-01,마포구,수난사고,242.0
2019-01-01,마포구,승강기사고,246.0
2019-01-01,마포구,인명갇힘,203.0
2019-01-01,마포구,폭발사고,0.0
2019-01-01,마포구,화재,18.0
2019-01-01,서대문구,교통사고,44.0
2019-01-01,서대문구,기계사고,2.0
2019-01-01,서대문구,기타/미상,112.0
2019-01-01,서대문구,산악사고,16.0
2019-01-01,서대문구,수난사고,1.0
2019-01-01,서대문구,승강기사고,130.0
2019-01-01,서대문구,인명갇힘,161.0
2019-01-01,서대문구,폭발사고,0.0
2019-01-01,서대문구,화재,9.0
2019-01-01,서초구,교통사고,46.0
2019-01-01,서초구,기계사고,3.0
2019-01-01,서초구,기타/미상,77.0
2019-01-01,서초구,산악사고,12.0
2019-01-01,서초구,수난사고,84.0
2019-01-01,서초구,승강기사고,260.0
2019-01-01,서초구,인명갇힘,89.0
2019-01-01,서초구,폭발사고,0.0
2019-01-01,서초구,화재,36.0
2019-01-01,성동구,교통사고,50.0
2019-01-01,성동구,기계사고,1.0
2019-01-01,성동구,기타/미상,102.0
2019-01-01,성동구,산악사고,0.0
2019-01-01,성동구,수난사고,46.0
2019-01-01,성동구,승강기사고,246.0
2019-01-01,성동구,인명갇힘,151.0
2019-01-01,성동구,폭발사고,0.0
2019-01-01,성동구,화재,15.0
2019-01-01,성북구,교통사고,17.0
2019-01-01,성북구,기계사고,4.0
2019-01-01,성북구,기타/미상,78.0
2019-01-01,성북구,산악사고,20.0
2019-01-01,성북구,수난사고,2.0
2019-01-01,성북구,승강기사고,147.0
2019-01-01,성북구,인명갇힘,106.0
2019-01-01,성북구,폭발사고,0.0
2019-01-01,성북구,화재,19.0
2019-01-01,송파구,교통사고,52.0
2019-01-01,송파구,기계사고,2.0
2019-01-01,송파구,기타/미상,117.0
2019-01-01,송파구,산악사고,10.0
2019-01-01,송파구,수난사고,66.0
2019-01-01,송파구,승강기사고,285.0
2019-01-01,송파구,인명갇힘,183.0
2019-01-01,송파구,폭발사고,0.0
2019-01-01,송파구,화재,19.0
2019-01-01,양천구,교통사고,32.0
2019-01-01,양천구,기계사고,3.0
2019-01-01,양천구,기타/미상,55.0
2019-01-01,양천구,산악사고,3.0
2019-01-01,양천구,수난사고,11.0
2019-01-01,양천구,승강기사고,229.0
2019-01-01,양천구,인명갇힘,92.0
2019-01-01,양천구,폭발사고,0.0
2019-01-01,양천구,화재,13.0
2019-01-01,영등포구,교통사고,172.0
2019-01-01,영등포구,기계사고,0.0
2019-01-01,영등포구,기타/미상,412.0
2019-01-01,영등포구,산악사고,0.0
2019-01-01,영등포구,수난사고,506.0
2019-01-01,영등포구,승강기사고,430.0
2019-01-01,영등포구,인명갇힘,272.0
2019-01-01,영등포구,폭발사고,1.0
2019-01-01,영등포구,화재,107.0
2019-01-01,용산구,교통사고,32.0
2019-01-01,용산구,기계사고,2.0
2019-01-01,용산구,기타/미상,123.0
2019-01-01,용산구,산악사고,0.0
2019-01-01,용산구,수난사고,205.0
2019-01-01,용산구,승강기사고,177.0
2019-01-01,용산구,인명갇힘,85.0
2019-01-01,용산구,폭발사고,0.0
2019-01-01,용산구,화재,15.0
2019-01-01,은평구,교통사고,36.0
2019-01-01,은평구,기계사고,4.0
2019-01-01,은평구,기타/미상,74.0
2019-01-01,은평구,산악사고,219.0
2019-01-01,은평구,수난사고,0.0
2019-01-01,은평구,승강기사고,166.0
2019-01-01,은평구,인명갇힘,166.0
2019-01-01,은평구,폭발사고,0.0
2019-01-01,은평구,화재,24.0
2019-01-01,종로구,교통사고,22.0
2019-01-01,종로구,기계사고,1.0
2019-01-01,종로구,기타/미상,69.0
2019-01-01,종로구,산악사고,86.0
2019-01-01,종로구,수난사고,0.0
2019-01-01,종로구,승강기사고,130.0
2019-01-01,종로구,인명갇힘,97.0
2019-01-01,종로구,폭발사고,2.0
2019-01-01,종로구,화재,14.0
2019-01-01,중구,교통사고,22.0
2019-01-01,중구,기계사고,8.0
2019-01-01,중구,기타/미상,77.0
2019-01-01,중구,산악사고,1.0
2019-01-01,중구,수난사고,1.0
2019-01-01,중구,승강기사고,240.0
2019-01-01,중구,인명갇힘,106.0
2019-01-01,중구,폭발사고,2.0
2019-01-01,중구,화재,21.0
2019-01-01,중랑구,교통사고,32.0
2019-01-01,중랑구,기계사고,1.0
2019-01-01,중랑구,기타/미상,84.0
2019-01-01,중랑구,산악사고,15.0
2019-01-01,중랑구,수난사고,1.0
2019-01-01,중랑구,승강기사고,192.0
2019-01-01,중랑구,인명갇힘,153.0
2019-01-01,중랑구,폭발사고,0.0
2019-01-01,중랑구,화재,16.0
2020-01-01,강남구,건물사고,0.0
2020-01-01,강남구,교통사고,33.0
2020-01-01,강남구,기계사고,0.0
2020-01-01,강남구,기타/미상,154.0
2020-01-01,강남구,산악사고,13.0
2020-01-01,강남구,수난사고,76.0
2020-01-01,강남구,승강기사고,286.0
2020-01-01,강남구,인명갇힘,204.0
2020-01-01,강남구,폭발사고,0.0
2020-01-01,강남구,화재,43.0
2020-01-01,강동구,건물사고,0.0
2020-01-01,강동구,교통사고,26.0
2020-01-01,강동구,기계사고,3.0
2020-01-01,강동구,기타/미상,66.0
2020-01-01,강동구,산악사고,5.0
2020-01-01,강동구,수난사고,34.0
2020-01-01,강동구,승강기사고,153.0
2020-01-01,강동구,인명갇힘,76.0
2020-01-01,강동구,폭발사고,0.0
2020-01-01,강동구,화재,11.0
2020-01-01,강북구,건물사고,8.0
2020-01-01,강북구,교통사고,8.0
2020-01-01,강북구,기계사고,0.0
2020-01-01,강북구,기타/미상,43.0
2020-01-01,강북구,산악사고,88.0
2020-01-01,강북구,수난사고,0.0
2020-01-01,강북구,승강기사고,63.0
2020-01-01,강북구,인명갇힘,92.0
2020-01-01,강북구,폭발사고,0.0
2020-01-01,강북구,화재,16.0
2020-01-01,강서구,건물사고,0.0
2020-01-01,강서구,교통사고,18.0
2020-01-01,강서구,기계사고,0.0
2020-01-01,강서구,기타/미상,46.0
2020-01-01,강서구,산악사고,5.0
2020-01-01,강서구,수난사고,27.0
2020-01-01,강서구,승강기사고,107.0
2020-01-01,강서구,인명갇힘,88.0
2020-01-01,강서구,폭발사고,0.0
2020-01-01,강서구,화재,2.0
2020-01-01,관악구,건물사고,0.0
2020-01-01,관악구,교통사고,27.0
2020-01-01,관악구,기계사고,1.0
2020-01-01,관악구,기타/미상,87.0
2020-01-01,관악구,산악사고,214.0
2020-01-01,관악구,수난사고,10.0
2020-01-01,관악구,승강기사고,170.0
2020-01-01,관악구,인명갇힘,185.0
2020-01-01,관악구,폭발사고,0.0
2020-01-01,관악구,화재,8.0
2020-01-01,광진구,건물사고,0.0
2020-01-01,광진구,교통사고,35.0
2020-01-01,광진구,기계사고,1.0
2020-01-01,광진구,기타/미상,64.0
2020-01-01,광진구,산악사고,34.0
2020-01-01,광진구,수난사고,109.0
2020-01-01,광진구,승강기사고,72.0
2020-01-01,광진구,인명갇힘,106.0
2020-01-01,광진구,폭발사고,0.0
2020-01-01,광진구,화재,4.0
2020-01-01,구로구,건물사고,0.0
2020-01-01,구로구,교통사고,18.0
2020-01-01,구로구,기계사고,2.0
2020-01-01,구로구,기타/미상,43.0
2020-01-01,구로구,산악사고,6.0
2020-01-01,구로구,수난사고,2.0
2020-01-01,구로구,승강기사고,198.0
2020-01-01,구로구,인명갇힘,110.0
2020-01-01,구로구,폭발사고,1.0
2020-01-01,구로구,화재,12.0
2020-01-01,금천구,건물사고,0.0
2020-01-01,금천구,교통사고,27.0
2020-01-01,금천구,기계사고,0.0
2020-01-01,금천구,기타/미상,30.0
2020-01-01,금천구,산악사고,19.0
2020-01-01,금천구,수난사고,0.0
2020-01-01,금천구,승강기사고,91.0
2020-01-01,금천구,인명갇힘,78.0
2020-01-01,금천구,폭발사고,0.0
2020-01-01,금천구,화재,3.0
2020-01-01,노원구,건물사고,0.0
2020-01-01,노원구,교통사고,29.0
2020-01-01,노원구,기계사고,0.0
2020-01-01,노원구,기타/미상,67.0
2020-01-01,노원구,산악사고,122.0
2020-01-01,노원구,수난사고,3.0
2020-01-01,노원구,승강기사고,160.0
2020-01-01,노원구,인명갇힘,140.0
2020-01-01,노원구,폭발사고,1.0
2020-01-01,노원구,화재,53.0
2020-01-01,도봉구,건물사고,0.0
2020-01-01,도봉구,교통사고,44.0
2020-01-01,도봉구,기계사고,0.0
2020-01-01,도봉구,기타/미상,60.0
2020-01-01,도봉구,산악사고,158.0
2020-01-01,도봉구,수난사고,4.0
2020-01-01,도봉구,승강기사고,154.0
2020-01-01,도봉구,인명갇힘,98.0
2020-01-01,도봉구,폭발사고,0.0
2020-01-01,도봉구,화재,28.0
2020-01-01,동대문구,건물사고,0.0
2020-01-01,동대문구,교통사고,22.0
2020-01-01,동대문구,기계사고,1.0
2020-01-01,동대문구,기타/미상,76.0
2020-01-01,동대문구,산악사고,7.0
2020-01-01,동대문구,수난사고,1.0
2020-01-01,동대문구,승강기사고,150.0
2020-01-01,동대문구,인명갇힘,108.0
2020-01-01,동대문구,폭발사고,0.0
2020-01-01,동대문구,화재,9.0
2020-01-01,동작구,건물사고,0.0
2020-01-01,동작구,교통사고,22.0
2020-01-01,동작구,기계사고,1.0
2020-01-01,동작구,기타/미상,48.0
2020-01-01,동작구,산악사고,18.0
2020-01-01,동작구,수난사고,85.0
2020-01-01,동작구,승강기사고,133.0
2020-01-01,동작구,인명갇힘,104.0
2020-01-01,동작구,폭발사고,0.0
2020-01-01,동작구,화재,2.0
2020-01-01,마포구,건물사고,0.0
2020-01-01,마포구,교통사고,60.0
2020-01-01,마포구,기계사고,1.0
2020-01-01,마포구,기타/미상,166.0
2020-01-01,마포구,산악사고,2.0
2020-01-01,마포구,수난사고,264.0
2020-01-01,마포구,승강기사고,194.0
2020-01-01,마포구,인명갇힘,153.0
2020-01-01,마포구,폭발사고,0.0
2020-01-01,마포구,화재,17.0
2020-01-01,서대문구,건물사고,1.0
2020-01-01,서대문구,교통사고,16.0
2020-01-01,서대문구,기계사고,1.0
2020-01-01,서대문구,기타/미상,62.0
2020-01-01,서대문구,산악사고,31.0
2020-01-01,서대문구,수난사고,1.0
2020-01-01,서대문구,승강기사고,75.0
2020-01-01,서대문구,인명갇힘,119.0
2020-01-01,서대문구,폭발사고,0.0
2020-01-01,서대문구,화재,24.0
2020-01-01,서초구,건물사고,0.0
2020-01-01,서초구,교통사고,24.0
2020-01-01,서초구,기계사고,1.0
2020-01-01,서초구,기타/미상,90.0
2020-01-01,서초구,산악사고,27.0
2020-01-01,서초구,수난사고,98.0
2020-01-01,서초구,승강기사고,181.0
2020-01-01,서초구,인명갇힘,77.0
2020-01-01,서초구,폭발사고,0.0
2020-01-01,서초구,화재,16.0
2020-01-01,성동구,건물사고,0.0
2020-01-01,성동구,교통사고,18.0
2020-01-01,성동구,기계사고,2.0
2020-01-01,성동구,기타/미상,67.0
2020-01-01,성동구,산악사고,1.0
2020-01-01,성동구,수난사고,63.0
2020-01-01,성동구,승강기사고,90.0
2020-01-01,성동구,인명갇힘,92.0
2020-01-01,성동구,폭발사고,0.0
2020-01-01,성동구,화재,27.0
2020-01-01,성북구,건물사고,0.0
2020-01-01,성북구,교통사고,23.0
2020-01-01,성북구,기계사고,1.0
2020-01-01,성북구,기타/미상,53.0
2020-01-01,성북구,산악사고,19.0
2020-01-01,성북구,수난사고,2.0
2020-01-01,성북구,승강기사고,131.0
2020-01-01,성북구,인명갇힘,92.0
2020-01-01,성북구,폭발사고,0.0
2020-01-01,성북구,화재,2.0
2020-01-01,송파구,건물사고,0.0
2020-01-01,송파구,교통사고,32.0
2020-01-01,송파구,기계사고,8.0
2020-01-01,송파구,기타/미상,94.0
2020-01-01,송파구,산악사고,5.0
2020-01-01,송파구,수난사고,95.0
2020-01-01,송파구,승강기사고,225.0
2020-01-01,송파구,인명갇힘,151.0
2020-01-01,송파구,폭발사고,1.0
2020-01-01,송파구,화재,15.0
2020-01-01,양천구,건물사고,0.0
2020-01-01,양천구,교통사고,10.0
2020-01-01,양천구,기계사고,2.0
2020-01-01,양천구,기타/미상,24.0
2020-01-01,양천구,산악사고,2.0
2020-01-01,양천구,수난사고,0.0
2020-01-01,양천구,승강기사고,147.0
2020-01-01,양천구,인명갇힘,53.0
2020-01-01,양천구,폭발사고,0.0
2020-01-01,양천구,화재,1.0
2020-01-01,영등포구,건물사고,3.0
2020-01-01,영등포구,교통사고,43.0
2020-01-01,영등포구,기계사고,2.0
2020-01-01,영등포구,기타/미상,235.0
2020-01-01,영등포구,산악사고,0.0
2020-01-01,영등포구,수난사고,422.0
2020-01-01,영등포구,승강기사고,308.0
2020-01-01,영등포구,인명갇힘,166.0
2020-01-01,영등포구,폭발사고,0.0
2020-01-01,영등포구,화재,20.0
2020-01-01,용산구,건물사고,0.0
2020-01-01,용산구,교통사고,20.0
2020-01-01,용산구,기계사고,0.0
2020-01-01,용산구,기타/미상,50.0
2020-01-01,용산구,산악사고,1.0
2020-01-01,용산구,수난사고,210.0
2020-01-01,용산구,승강기사고,69.0
2020-01-01,용산구,인명갇힘,35.0
2020-01-01,용산구,폭발사고,0.0
2020-01-01,용산구,화재,7.0
2020-01-01,은평구,건물사고,0.0
2020-01-01,은평구,교통사고,24.0
2020-01-01,은평구,기계사고,1.0
2020-01-01,은평구,기타/미상,68.0
2020-01-01,은평구,산악사고,163.0
2020-01-01,은평구,수난사고,10.0
2020-01-01,은평구,승강기사고,159.0
2020-01-01,은평구,인명갇힘,143.0
2020-01-01,은평구,폭발사고,0.0
2020-01-01,은평구,화재,10.0
2020-01-01,종로구,건물사고,0.0
2020-01-01,종로구,교통사고,15.0
2020-01-01,종로구,기계사고,2.0
2020-01-01,종로구,기타/미상,52.0
2020-01-01,종로구,산악사고,121.0
2020-01-01,종로구,수난사고,0.0
2020-01-01,종로구,승강기사고,119.0
2020-01-01,종로구,인명갇힘,65.0
2020-01-01,종로구,폭발사고,0.0
2020-01-01,종로구,화재,5.0
2020-01-01,중구,건물사고,0.0
2020-01-01,중구,교통사고,34.0
2020-01-01,중구,기계사고,4.0
2020-01-01,중구,기타/미상,56.0
2020-01-01,중구,산악사고,0.0
2020-01-01,중구,수난사고,0.0
2020-01-01,중구,승강기사고,101.0
2020-01-01,중구,인명갇힘,55.0
2020-01-01,중구,폭발사고,0.0
2020-01-01,중구,화재,131.0
2020-01-01,중랑구,건물사고,0.0
2020-01-01,중랑구,교통사고,28.0
2020-01-01,중랑구,기계사고,2.0
2020-01-01,중랑구,기타/미상,74.0
2020-01-01,중랑구,산악사고,29.0
2020-01-01,중랑구,수난사고,2.0
2020-01-01,중랑구,승강기사고,121.0
2020-01-01,중랑구,인명갇힘,96.0
2020-01-01,중랑구,폭발사고,0.0
2020-01-01,중랑구,화재,10.0
2021-01-01,강남구,건물사고,0.0
2021-01-01,강남구,교통사고,51.0
2021-01-01,강남구,기계사고,4.0
2021-01-01,강남구,기타/미상,246.0
2021-01-01,강남구,산악사고,18.0
2021-01-01,강남구,수난사고,144.0
2021-01-01,강남구,승강기사고,313.0
2021-01-01,강남구,인명갇힘,258.0
2021-01-01,강남구,폭발사고,0.0
2021-01-01,강남구,화재,51.0
2021-01-01,강동구,건물사고,0.0
2021-01-01,강동구,교통사고,16.0
2021-01-01,강동구,기계사고,1.0
2021-01-01,강동구,기타/미상,55.0
2021-01-01,강동구,산악사고,0.0
2021-01-01,강동구,수난사고,26.0
2021-01-01,강동구,승강기사고,127.0
2021-01-01,강동구,인명갇힘,73.0
2021-01-01,강동구,폭발사고,0.0
2021-01-01,강동구,화재,9.0
2021-01-01,강북구,건물사고,1.0
2021-01-01,강북구,교통사고,14.0
2021-01-01,강북구,기계사고,1.0
2021-01-01,강북구,기타/미상,74.0
2021-01-01,강북구,산악사고,129.0
2021-01-01,강북구,수난사고,3.0
2021-01-01,강북구,승강기사고,82.0
2021-01-01,강북구,인명갇힘,129.0
2021-01-01,강북구,폭발사고,0.0
2021-01-01,강북구,화재,7.0
2021-01-01,강서구,건물사고,0.0
2021-01-01,강서구,교통사고,10.0
2021-01-01,강서구,기계사고,2.0
2021-01-01,강서구,기타/미상,48.0
2021-01-01,강서구,산악사고,10.0
2021-01-01,강서구,수난사고,24.0
2021-01-01,강서구,승강기사고,143.0
2021-01-01,강서구,인명갇힘,86.0
2021-01-01,강서구,폭발사고,0.0
2021-01-01,강서구,화재,11.0
2021-01-01,관악구,건물사고,0.0
2021-01-01,관악구,교통사고,35.0
2021-01-01,관악구,기계사고,1.0
2021-01-01,관악구,기타/미상,187.0
2021-01-01,관악구,산악사고,265.0
2021-01-01,관악구,수난사고,2.0
2021-01-01,관악구,승강기사고,251.0
2021-01-01,관악구,인명갇힘,304.0
2021-01-01,관악구,폭발사고,1.0
2021-01-01,관악구,화재,23.0
2021-01-01,광진구,건물사고,0.0
2021-01-01,광진구,교통사고,23.0
2021-01-01,광진구,기계사고,4.0
2021-01-01,광진구,기타/미상,120.0
2021-01-01,광진구,산악사고,78.0
2021-01-01,광진구,수난사고,152.0
2021-01-01,광진구,승강기사고,64.0
2021-01-01,광진구,인명갇힘,144.0
2021-01-01,광진구,폭발사고,1.0
2021-01-01,광진구,화재,21.0
2021-01-01,구로구,건물사고,1.0
2021-01-01,구로구,교통사고,8.0
2021-01-01,구로구,기계사고,0.0
2021-01-01,구로구,기타/미상,54.0
2021-01-01,구로구,산악사고,3.0
2021-01-01,구로구,수난사고,0.0
2021-01-01,구로구,승강기사고,193.0
2021-01-01,구로구,인명갇힘,73.0
2021-01-01,구로구,폭발사고,0.0
2021-01-01,구로구,화재,7.0
2021-01-01,금천구,건물사고,0.0
2021-01-01,금천구,교통사고,20.0
2021-01-01,금천구,기계사고,0.0
2021-01-01,금천구,기타/미상,58.0
2021-01-01,금천구,산악사고,23.0
2021-01-01,금천구,수난사고,0.0
2021-01-01,금천구,승강기사고,66.0
2021-01-01,금천구,인명갇힘,73.0
2021-01-01,금천구,폭발사고,0.0
2021-01-01,금천구,화재,1.0
2021-01-01,노원구,건물사고,0.0
2021-01-01,노원구,교통사고,16.0
2021-01-01,노원구,기계사고,2.0
2021-01-01,노원구,기타/미상,70.0
2021-01-01,노원구,산악사고,137.0
2021-01-01,노원구,수난사고,1.0
2021-01-01,노원구,승강기사고,109.0
2021-01-01,노원구,인명갇힘,140.0
2021-01-01,노원구,폭발사고,0.0
2021-01-01,노원구,화재,24.0
2021-01-01,도봉구,건물사고,0.0
2021-01-01,도봉구,교통사고,13.0
2021-01-01,도봉구,기계사고,0.0
2021-01-01,도봉구,기타/미상,84.0
2021-01-01,도봉구,산악사고,180.0
2021-01-01,도봉구,수난사고,0.0
2021-01-01,도봉구,승강기사고,105.0
2021-01-01,도봉구,인명갇힘,81.0
2021-01-01,도봉구,폭발사고,0.0
2021-01-01,도봉구,화재,1.0
2021-01-01,동대문구,건물사고,0.0
2021-01-01,동대문구,교통사고,10.0
2021-01-01,동대문구,기계사고,4.0
2021-01-01,동대문구,기타/미상,72.0
2021-01-01,동대문구,산악사고,8.0
2021-01-01,동대문구,수난사고,1.0
2021-01-01,동대문구,승강기사고,100.0
2021-01-01,동대문구,인명갇힘,96.0
2021-01-01,동대문구,폭발사고,0.0
2021-01-01,동대문구,화재,14.0
2021-01-01,동작구,건물사고,0.0
2021-01-01,동작구,교통사고,11.0
2021-01-01,동작구,기계사고,0.0
2021-01-01,동작구,기타/미상,60.0
2021-01-01,동작구,산악사고,8.0
2021-01-01,동작구,수난사고,76.0
2021-01-01,동작구,승강기사고,115.0
2021-01-01,동작구,인명갇힘,90.0
2021-01-01,동작구,폭발사고,0.0
2021-01-01,동작구,화재,13.0
2021-01-01,마포구,건물사고,0.0
2021-01-01,마포구,교통사고,30.0
2021-01-01,마포구,기계사고,0.0
2021-01-01,마포구,기타/미상,109.0
2021-01-01,마포구,산악사고,5.0
2021-01-01,마포구,수난사고,312.0
2021-01-01,마포구,승강기사고,174.0
2021-01-01,마포구,인명갇힘,101.0
2021-01-01,마포구,폭발사고,0.0
2021-01-01,마포구,화재,10.0
2021-01-01,서대문구,건물사고,0.0
2021-01-01,서대문구,교통사고,12.0
2021-01-01,서대문구,기계사고,1.0
2021-01-01,서대문구,기타/미상,39.0
2021-01-01,서대문구,산악사고,18.0
2021-01-01,서대문구,수난사고,0.0
2021-01-01,서대문구,승강기사고,59.0
2021-01-01,서대문구,인명갇힘,60.0
2021-01-01,서대문구,폭발사고,0.0
2021-01-01,서대문구,화재,0.0
2021-01-01,서초구,건물사고,0.0
2021-01-01,서초구,교통사고,19.0
2021-01-01,서초구,기계사고,1.0
2021-01-01,서초구,기타/미상,72.0
2021-01-01,서초구,산악사고,28.0
2021-01-01,서초구,수난사고,141.0
2021-01-01,서초구,승강기사고,168.0
2021-01-01,서초구,인명갇힘,53.0
2021-01-01,서초구,폭발사고,0.0
2021-01-01,서초구,화재,12.0
2021-01-01,성동구,건물사고,0.0
2021-01-01,성동구,교통사고,31.0
2021-01-01,성동구,기계사고,3.0
2021-01-01,성동구,기타/미상,93.0
2021-01-01,성동구,산악사고,1.0
2021-01-01,성동구,수난사고,85.0
2021-01-01,성동구,승강기사고,90.0
2021-01-01,성동구,인명갇힘,117.0
2021-01-01,성동구,폭발사고,1.0
2021-01-01,성동구,화재,9.0
2021-01-01,성북구,건물사고,2.0
2021-01-01,성북구,교통사고,11.0
2021-01-01,성북구,기계사고,1.0
2021-01-01,성북구,기타/미상,60.0
2021-01-01,성북구,산악사고,23.0
2021-01-01,성북구,수난사고,1.0
2021-01-01,성북구,승강기사고,100.0
2021-01-01,성북구,인명갇힘,78.0
2021-01-01,성북구,폭발사고,0.0
2021-01-01,성북구,화재,40.0
2021-01-01,송파구,건물사고,1.0
2021-01-01,송파구,교통사고,28.0
2021-01-01,송파구,기계사고,3.0
2021-01-01,송파구,기타/미상,144.0
2021-01-01,송파구,산악사고,0.0
2021-01-01,송파구,수난사고,102.0
2021-01-01,송파구,승강기사고,189.0
2021-01-01,송파구,인명갇힘,148.0
2021-01-01,송파구,폭발사고,0.0
2021-01-01,송파구,화재,20.0
2021-01-01,양천구,건물사고,0.0
2021-01-01,양천구,교통사고,7.0
2021-01-01,양천구,기계사고,2.0
2021-01-01,양천구,기타/미상,34.0
2021-01-01,양천구,산악사고,4.0
2021-01-01,양천구,수난사고,0.0
2021-01-01,양천구,승강기사고,130.0
2021-01-01,양천구,인명갇힘,49.0
2021-01-01,양천구,폭발사고,0.0
2021-01-01,양천구,화재,10.0
2021-01-01,영등포구,건물사고,0.0
2021-01-01,영등포구,교통사고,44.0
2021-01-01,영등포구,기계사고,2.0
2021-01-01,영등포구,기타/미상,127.0
2021-01-01,영등포구,산악사고,0.0
2021-01-01,영등포구,수난사고,693.0
2021-01-01,영등포구,승강기사고,337.0
2021-01-01,영등포구,인명갇힘,172.0
2021-01-01,영등포구,폭발사고,0.0
2021-01-01,영등포구,화재,29.0
2021-01-01,용산구,건물사고,0.0
2021-01-01,용산구,교통사고,20.0
2021-01-01,용산구,기계사고,2.0
2021-01-01,용산구,기타/미상,72.0
2021-01-01,용산구,산악사고,0.0
2021-01-01,용산구,수난사고,340.0
2021-01-01,용산구,승강기사고,143.0
2021-01-01,용산구,인명갇힘,60.0
2021-01-01,용산구,폭발사고,0.0
2021-01-01,용산구,화재,6.0
2021-01-01,은평구,건물사고,0.0
2021-01-01,은평구,교통사고,11.0
2021-01-01,은평구,기계사고,1.0
2021-01-01,은평구,기타/미상,56.0
2021-01-01,은평구,산악사고,167.0
2021-01-01,은평구,수난사고,0.0
2021-01-01,은평구,승강기사고,119.0
2021-01-01,은평구,인명갇힘,113.0
2021-01-01,은평구,폭발사고,0.0
2021-01-01,은평구,화재,11.0
2021-01-01,종로구,건물사고,2.0
2021-01-01,종로구,교통사고,6.0
2021-01-01,종로구,기계사고,2.0
2021-01-01,종로구,기타/미상,53.0
2021-01-01,종로구,산악사고,116.0
2021-01-01,종로구,수난사고,1.0
2021-01-01,종로구,승강기사고,114.0
2021-01-01,종로구,인명갇힘,69.0
2021-01-01,종로구,폭발사고,1.0
2021-01-01,종로구,화재,39.0
2021-01-01,중구,건물사고,1.0
2021-01-01,중구,교통사고,6.0
2021-01-01,중구,기계사고,0.0
2021-01-01,중구,기타/미상,34.0
2021-01-01,중구,산악사고,5.0
2021-01-01,중구,수난사고,0.0
2021-01-01,중구,승강기사고,93.0
2021-01-01,중구,인명갇힘,36.0
2021-01-01,중구,폭발사고,0.0
2021-01-01,중구,화재,82.0
2021-01-01,중랑구,건물사고,0.0
2021-01-01,중랑구,교통사고,9.0
2021-01-01,중랑구,기계사고,3.0
2021-01-01,중랑구,기타/미상,43.0
2021-01-01,중랑구,산악사고,13.0
2021-01-01,중랑구,수난사고,5.0
2021-01-01,중랑구,승강기사고,81.0
2021-01-01,중랑구,인명갇힘,67.0
2021-01-01,중랑구,폭발사고,0.0
2021-01-01,중랑구,화재,3.0
2022-01-01,강남구,건물사고,3.0
2022-01-01,강남구,교통사고,34.0
2022-01-01,강남구,기계사고,32.0
2022-01-01,강남구,기타/미상,490.0
2022-01-01,강남구,산악사고,32.0
2022-01-01,강남구,수난사고,95.0
2022-01-01,강남구,승강기사고,447.0
2022-01-01,강남구,인명갇힘,253.0
2022-01-01,강남구,폭발사고,0.0
2022-01-01,강남구,화재,51.0
2022-01-01,강동구,건물사고,2.0
2022-01-01,강동구,교통사고,19.0
2022-01-01,강동구,기계사고,15.0
2022-01-01,강동구,기타/미상,254.0
2022-01-01,강동구,산악사고,15.0
2022-01-01,강동구,수난사고,48.0
2022-01-01,강동구,승강기사고,215.0
2022-01-01,강동구,인명갇힘,142.0
2022-01-01,강동구,폭발사고,0.0
2022-01-01,강동구,화재,12.0
2022-01-01,강북구,건물사고,1.0
2022-01-01,강북구,교통사고,16.0
2022-01-01,강북구,기계사고,18.0
2022-01-01,강북구,기타/미상,280.0
2022-01-01,강북구,산악사고,55.0
2022-01-01,강북구,수난사고,2.0
2022-01-01,강북구,승강기사고,212.0
2022-01-01,강북구,인명갇힘,101.0
2022-01-01,강북구,폭발사고,0.0
2022-01-01,강북구,화재,13.0
2022-01-01,강서구,건물사고,1.0
2022-01-01,강서구,교통사고,18.0
2022-01-01,강서구,기계사고,15.0
2022-01-01,강서구,기타/미상,273.0
2022-01-01,강서구,산악사고,15.0
2022-01-01,강서구,수난사고,18.0
2022-01-01,강서구,승강기사고,210.0
2022-01-01,강서구,인명갇힘,100.0
2022-01-01,강서구,폭발사고,0.0
2022-01-01,강서구,화재,12.0
2022-01-01,관악구,건물사고,3.0
2022-01-01,관악구,교통사고,32.0
2022-01-01,관악구,기계사고,34.0
2022-01-01,관악구,기타/미상,433.0
2022-01-01,관악구,산악사고,176.0
2022-01-01,관악구,수난사고,4.0
2022-01-01,관악구,승강기사고,375.0
2022-01-01,관악구,인명갇힘,214.0
2022-01-01,관악구,폭발사고,0.0
2022-01-01,관악구,화재,37.0
2022-01-01,광진구,건물사고,0.0
2022-01-01,광진구,교통사고,26.0
2022-01-01,광진구,기계사고,11.0
2022-01-01,광진구,기타/미상,215.0
2022-01-01,광진구,산악사고,34.0
2022-01-01,광진구,수난사고,28.0
2022-01-01,광진구,승강기사고,359.0
2022-01-01,광진구,인명갇힘,57.0
2022-01-01,광진구,폭발사고,0.0
2022-01-01,광진구,화재,17.0
2022-01-01,구로구,건물사고,1.0
2022-01-01,구로구,교통사고,17.0
2022-01-01,구로구,기계사고,15.0
2022-01-01,구로구,기타/미상,269.0
2022-01-01,구로구,산악사고,14.0
2022-01-01,구로구,수난사고,2.0
2022-01-01,구로구,승강기사고,204.0
2022-01-01,구로구,인명갇힘,97.0
2022-01-01,구로구,폭발사고,0.0
2022-01-01,구로구,화재,12.0
2022-01-01,금천구,건물사고,2.0
2022-01-01,금천구,교통사고,22.0
2022-01-01,금천구,기계사고,18.0
2022-01-01,금천구,기타/미상,319.0
2022-01-01,금천구,산악사고,18.0
2022-01-01,금천구,수난사고,3.0
2022-01-01,금천구,승강기사고,251.0
2022-01-01,금천구,인명갇힘,119.0
2022-01-01,금천구,폭발사고,0.0
2022-01-01,금천구,화재,14.0
2022-01-01,노원구,건물사고,1.0
2022-01-01,노원구,교통사고,22.0
2022-01-01,노원구,기계사고,17.0
2022-01-01,노원구,기타/미상,275.0
2022-01-01,노원구,산악사고,67.0
2022-01-01,노원구,수난사고,2.0
2022-01-01,노원구,승강기사고,218.0
2022-01-01,노원구,인명갇힘,104.0
2022-01-01,노원구,폭발사고,0.0
2022-01-01,노원구,화재,13.0
2022-01-01,도봉구,건물사고,3.0
2022-01-01,도봉구,교통사고,11.0
2022-01-01,도봉구,기계사고,15.0
2022-01-01,도봉구,기타/미상,188.0
2022-01-01,도봉구,산악사고,181.0
2022-01-01,도봉구,수난사고,1.0
2022-01-01,도봉구,승강기사고,145.0
2022-01-01,도봉구,인명갇힘,69.0
2022-01-01,도봉구,폭발사고,0.0
2022-01-01,도봉구,화재,16.0
2022-01-01,동대문구,건물사고,1.0
2022-01-01,동대문구,교통사고,14.0
2022-01-01,동대문구,기계사고,13.0
2022-01-01,동대문구,기타/미상,239.0
2022-01-01,동대문구,산악사고,13.0
2022-01-01,동대문구,수난사고,22.0
2022-01-01,동대문구,승강기사고,183.0
2022-01-01,동대문구,인명갇힘,103.0
2022-01-01,동대문구,폭발사고,0.0
2022-01-01,동대문구,화재,12.0
2022-01-01,동작구,건물사고,1.0
2022-01-01,동작구,교통사고,16.0
2022-01-01,동작구,기계사고,15.0
2022-01-01,동작구,기타/미상,279.0
2022-01-01,동작구,산악사고,50.0
2022-01-01,동작구,수난사고,99.0
2022-01-01,동작구,승강기사고,212.0
2022-01-01,동작구,인명갇힘,134.0
2022-01-01,동작구,폭발사고,0.0
2022-01-01,동작구,화재,12.0
2022-01-01,마포구,건물사고,3.0
2022-01-01,마포구,교통사고,19.0
2022-01-01,마포구,기계사고,19.0
2022-01-01,마포구,기타/미상,249.0
2022-01-01,마포구,산악사고,26.0
2022-01-01,마포구,수난사고,319.0
2022-01-01,마포구,승강기사고,234.0
2022-01-01,마포구,인명갇힘,111.0
2022-01-01,마포구,폭발사고,0.0
2022-01-01,마포구,화재,18.0
2022-01-01,서대문구,건물사고,1.0
2022-01-01,서대문구,교통사고,19.0
2022-01-01,서대문구,기계사고,12.0
2022-01-01,서대문구,기타/미상,226.0
2022-01-01,서대문구,산악사고,22.0
2022-01-01,서대문구,수난사고,2.0
2022-01-01,서대문구,승강기사고,172.0
2022-01-01,서대문구,인명갇힘,83.0
2022-01-01,서대문구,폭발사고,0.0
2022-01-01,서대문구,화재,14.0
2022-01-01,서초구,건물사고,3.0
2022-01-01,서초구,교통사고,18.0
2022-01-01,서초구,기계사고,18.0
2022-01-01,서초구,기타/미상,239.0
2022-01-01,서초구,산악사고,33.0
2022-01-01,서초구,수난사고,88.0
2022-01-01,서초구,승강기사고,188.0
2022-01-01,서초구,인명갇힘,139.0
2022-01-01,서초구,폭발사고,0.0
2022-01-01,서초구,화재,16.0
2022-01-01,성동구,건물사고,1.0
2022-01-01,성동구,교통사고,14.0
2022-01-01,성동구,기계사고,15.0
2022-01-01,성동구,기타/미상,227.0
2022-01-01,성동구,산악사고,22.0
2022-01-01,성동구,수난사고,32.0
2022-01-01,성동구,승강기사고,173.0
2022-01-01,성동구,인명갇힘,98.0
2022-01-01,성동구,폭발사고,0.0
2022-01-01,성동구,화재,11.0
2022-01-01,성북구,건물사고,1.0
2022-01-01,성북구,교통사고,13.0
2022-01-01,성북구,기계사고,12.0
2022-01-01,성북구,기타/미상,205.0
2022-01-01,성북구,산악사고,28.0
2022-01-01,성북구,수난사고,1.0
2022-01-01,성북구,승강기사고,143.0
2022-01-01,성북구,인명갇힘,84.0
2022-01-01,성북구,폭발사고,0.0
2022-01-01,성북구,화재,11.0
2022-01-01,송파구,건물사고,2.0
2022-01-01,송파구,교통사고,24.0
2022-01-01,송파구,기계사고,23.0
2022-01-01,송파구,기타/미상,405.0
2022-01-01,송파구,산악사고,41.0
2022-01-01,송파구,수난사고,65.0
2022-01-01,송파구,승강기사고,262.0
2022-01-01,송파구,인명갇힘,164.0
2022-01-01,송파구,폭발사고,0.0
2022-01-01,송파구,화재,18.0
2022-01-01,양천구,건물사고,1.0
2022-01-01,양천구,교통사고,18.0
2022-01-01,양천구,기계사고,11.0
2022-01-01,양천구,기타/미상,215.0
2022-01-01,양천구,산악사고,11.0
2022-01-01,양천구,수난사고,2.0
2022-01-01,양천구,승강기사고,157.0
2022-01-01,양천구,인명갇힘,75.0
2022-01-01,양천구,폭발사고,0.0
2022-01-01,양천구,화재,14.0
2022-01-01,영등포구,건물사고,3.0
2022-01-01,영등포구,교통사고,38.0
2022-01-01,영등포구,기계사고,45.0
2022-01-01,영등포구,기타/미상,410.0
2022-01-01,영등포구,산악사고,32.0
2022-01-01,영등포구,수난사고,291.0
2022-01-01,영등포구,승강기사고,453.0
2022-01-01,영등포구,인명갇힘,256.0
2022-01-01,영등포구,폭발사고,0.0
2022-01-01,영등포구,화재,27.0
2022-01-01,용산구,건물사고,1.0
2022-01-01,용산구,교통사고,24.0
2022-01-01,용산구,기계사고,13.0
2022-01-01,용산구,기타/미상,544.0
2022-01-01,용산구,산악사고,0.0
2022-01-01,용산구,수난사고,59.0
2022-01-01,용산구,승강기사고,352.0
2022-01-01,용산구,인명갇힘,85.0
2022-01-01,용산구,폭발사고,0.0
2022-01-01,용산구,화재,18.0
2022-01-01,은평구,건물사고,1.0
2022-01-01,은평구,교통사고,25.0
2022-01-01,은평구,기계사고,13.0
2022-01-01,은평구,기타/미상,213.0
2022-01-01,은평구,산악사고,137.0
2022-01-01,은평구,수난사고,1.0
2022-01-01,은평구,승강기사고,152.0
2022-01-01,은평구,인명갇힘,63.0
2022-01-01,은평구,폭발사고,0.0
2022-01-01,은평구,화재,20.0
2022-01-01,종로구,건물사고,2.0
2022-01-01,종로구,교통사고,21.0
2022-01-01,종로구,기계사고,20.0
2022-01-01,종로구,기타/미상,84.0
2022-01-01,종로구,산악사고,59.0
2022-01-01,종로구,수난사고,0.0
2022-01-01,종로구,승강기사고,388.0
2022-01-01,종로구,인명갇힘,60.0
2022-01-01,종로구,폭발사고,0.0
2022-01-01,종로구,화재,13.0
2022-01-01,중구,건물사고,0.0
2022-01-01,중구,교통사고,12.0
2022-01-01,중구,기계사고,12.0
2022-01-01,중구,기타/미상,38.0
2022-01-01,중구,산악사고,0.0
2022-01-01,중구,수난사고,0.0
2022-01-01,중구,승강기사고,186.0
2022-01-01,중구,인명갇힘,37.0
2022-01-01,중구,폭발사고,0.0
2022-01-01,중구,화재,11.0
2022-01-01,중랑구,건물사고,1.0
2022-01-01,중랑구,교통사고,12.0
2022-01-01,중랑구,기계사고,11.0
2022-01-01,중랑구,기타/미상,218.0
2022-01-01,중랑구,산악사고,11.0
2022-01-01,중랑구,수난사고,2.0
2022-01-01,중랑구,승강기사고,164.0
2022-01-01,중랑구,인명갇힘,94.0
2022-01-01,중랑구,폭발사고,0.0
2022-01-01,중랑구,화재,12.0
2023-01-01,강남구,건물사고,2.0
2023-01-01,강남구,교통사고,56.0
2023-01-01,강남구,기계사고,18.0
2023-01-01,강남구,기타/미상,632.0
2023-01-01,강남구,산악사고,14.0
2023-01-01,강남구,수난사고,57.0
2023-01-01,강남구,승강기사고,428.0
2023-01-01,강남구,인명갇힘,136.0
2023-01-01,강남구,폭발사고,0.0
2023-01-01,강남구,화재,10.0
2023-01-01,강동구,건물사고,1.0
2023-01-01,강동구,교통사고,33.0
2023-01-01,강동구,기계사고,21.0
2023-01-01,강동구,기타/미상,270.0
2023-01-01,강동구,산악사고,9.0
2023-01-01,강동구,수난사고,10.0
2023-01-01,강동구,승강기사고,256.0
2023-01-01,강동구,인명갇힘,59.0
2023-01-01,강동구,폭발사고,0.0
2023-01-01,강동구,화재,18.0
2023-01-01,강북구,건물사고,0.0
2023-01-01,강북구,교통사고,12.0
2023-01-01,강북구,기계사고,18.0
2023-01-01,강북구,기타/미상,196.0
2023-01-01,강북구,산악사고,128.0
2023-01-01,강북구,수난사고,0.0
2023-01-01,강북구,승강기사고,132.0
2023-01-01,강북구,인명갇힘,51.0
2023-01-01,강북구,폭발사고,0.0
2023-01-01,강북구,화재,5.0
2023-01-01,강서구,건물사고,0.0
2023-01-01,강서구,교통사고,53.0
2023-01-01,강서구,기계사고,18.0
2023-01-01,강서구,기타/미상,202.0
2023-01-01,강서구,산악사고,10.0
2023-01-01,강서구,수난사고,21.0
2023-01-01,강서구,승강기사고,229.0
2023-01-01,강서구,인명갇힘,78.0
2023-01-01,강서구,폭발사고,0.0
2023-01-01,강서구,화재,13.0
2023-01-01,관악구,건물사고,0.0
2023-01-01,관악구,교통사고,38.0
2023-01-01,관악구,기계사고,11.0
2023-01-01,관악구,기타/미상,601.0
2023-01-01,관악구,산악사고,244.0
2023-01-01,관악구,수난사고,0.0
2023-01-01,관악구,승강기사고,259.0
2023-01-01,관악구,인명갇힘,136.0
2023-01-01,관악구,폭발사고,0.0
2023-01-01,관악구,화재,128.0
2023-01-01,광진구,건물사고,0.0
2023-01-01,광진구,교통사고,35.0
2023-01-01,광진구,기계사고,9.0
2023-01-01,광진구,기타/미상,200.0
2023-01-01,광진구,산악사고,50.0
2023-01-01,광진구,수난사고,41.0
2023-01-01,광진구,승강기사고,144.0
2023-01-01,광진구,인명갇힘,87.0
2023-01-01,광진구,폭발사고,0.0
2023-01-01,광진구,화재,16.0
2023-01-01,구로구,건물사고,1.0
2023-01-01,구로구,교통사고,20.0
2023-01-01,구로구,기계사고,11.0
2023-01-01,구로구,기타/미상,169.0
2023-01-01,구로구,산악사고,2.0
2023-01-01,구로구,수난사고,1.0
2023-01-01,구로구,승강기사고,246.0
2023-01-01,구로구,인명갇힘,65.0
2023-01-01,구로구,폭발사고,0.0
2023-01-01,구로구,화재,21.0
2023-01-01,금천구,건물사고,0.0
2023-01-01,금천구,교통사고,23.0
2023-01-01,금천구,기계사고,8.0
2023-01-01,금천구,기타/미상,230.0
2023-01-01,금천구,산악사고,20.0
2023-01-01,금천구,수난사고,2.0
2023-01-01,금천구,승강기사고,179.0
2023-01-01,금천구,인명갇힘,73.0
2023-01-01,금천구,폭발사고,0.0
2023-01-01,금천구,화재,5.0
2023-01-01,노원구,건물사고,2.0
2023-01-01,노원구,교통사고,18.0
2023-01-01,노원구,기계사고,13.0
2023-01-01,노원구,기타/미상,149.0
2023-01-01,노원구,산악사고,125.0
2023-01-01,노원구,수난사고,1.0
2023-01-01,노원구,승강기사고,191.0
2023-01-01,노원구,인명갇힘,66.0
2023-01-01,노원구,폭발사고,0.0
2023-01-01,노원구,화재,13.0
2023-01-01,도봉구,건물사고,3.0
2023-01-01,도봉구,교통사고,16.0
2023-01-01,도봉구,기계사고,11.0
2023-01-01,도봉구,기타/미상,159.0
2023-01-01,도봉구,산악사고,186.0
2023-01-01,도봉구,수난사고,3.0
2023-01-01,도봉구,승강기사고,132.0
2023-01-01,도봉구,인명갇힘,44.0
2023-01-01,도봉구,폭발사고,0.0
2023-01-01,도봉구,화재,19.0
2023-01-01,동대문구,건물사고,1.0
2023-01-01,동대문구,교통사고,17.0
2023-01-01,동대문구,기계사고,17.0
2023-01-01,동대문구,기타/미상,212.0
2023-01-01,동대문구,산악사고,10.0
2023-01-01,동대문구,수난사고,1.0
2023-01-01,동대문구,승강기사고,224.0
2023-01-01,동대문구,인명갇힘,107.0
2023-01-01,동대문구,폭발사고,0.0
2023-01-01,동대문구,화재,10.0
2023-01-01,동작구,건물사고,0.0
2023-01-01,동작구,교통사고,8.0
2023-01-01,동작구,기계사고,5.0
2023-01-01,동작구,기타/미상,245.0
2023-01-01,동작구,산악사고,11.0
2023-01-01,동작구,수난사고,49.0
2023-01-01,동작구,승강기사고,223.0
2023-01-01,동작구,인명갇힘,78.0
2023-01-01,동작구,폭발사고,0.0
2023-01-01,동작구,화재,36.0
2023-01-01,마포구,건물사고,0.0
2023-01-01,마포구,교통사고,31.0
2023-01-01,마포구,기계사고,15.0
2023-01-01,마포구,기타/미상,684.0
2023-01-01,마포구,산악사고,5.0
2023-01-01,마포구,수난사고,213.0
2023-01-01,마포구,승강기사고,252.0
2023-01-01,마포구,인명갇힘,87.0
2023-01-01,마포구,폭발사고,0.0
2023-01-01,마포구,화재,24.0
2023-01-01,서대문구,건물사고,0.0
2023-01-01,서대문구,교통사고,16.0
2023-01-01,서대문구,기계사고,7.0
2023-01-01,서대문구,기타/미상,170.0
2023-01-01,서대문구,산악사고,32.0
2023-01-01,서대문구,수난사고,9.0
2023-01-01,서대문구,승강기사고,232.0
2023-01-01,서대문구,인명갇힘,90.0
2023-01-01,서대문구,폭발사고,0.0
2023-01-01,서대문구,화재,20.0
2023-01-01,서초구,건물사고,1.0
2023-01-01,서초구,교통사고,32.0
2023-01-01,서초구,기계사고,13.0
2023-01-01,서초구,기타/미상,397.0
2023-01-01,서초구,산악사고,37.0
2023-01-01,서초구,수난사고,62.0
2023-01-01,서초구,승강기사고,232.0
2023-01-01,서초구,인명갇힘,74.0
2023-01-01,서초구,폭발사고,0.0
2023-01-01,서초구,화재,18.0
2023-01-01,성동구,건물사고,2.0
2023-01-01,성동구,교통사고,41.0
2023-01-01,성동구,기계사고,14.0
2023-01-01,성동구,기타/미상,138.0
2023-01-01,성동구,산악사고,0.0
2023-01-01,성동구,수난사고,27.0
2023-01-01,성동구,승강기사고,210.0
2023-01-01,성동구,인명갇힘,60.0
2023-01-01,성동구,폭발사고,0.0
2023-01-01,성동구,화재,9.0
2023-01-01,성북구,건물사고,2.0
2023-01-01,성북구,교통사고,19.0
2023-01-01,성북구,기계사고,13.0
2023-01-01,성북구,기타/미상,242.0
2023-01-01,성북구,산악사고,22.0
2023-01-01,성북구,수난사고,0.0
2023-01-01,성북구,승강기사고,167.0
2023-01-01,성북구,인명갇힘,109.0
2023-01-01,성북구,폭발사고,0.0
2023-01-01,성북구,화재,10.0
2023-01-01,송파구,건물사고,0.0
2023-01-01,송파구,교통사고,58.0
2023-01-01,송파구,기계사고,33.0
2023-01-01,송파구,기타/미상,415.0
2023-01-01,송파구,산악사고,3.0
2023-01-01,송파구,수난사고,281.0
2023-01-01,송파구,승강기사고,338.0
2023-01-01,송파구,인명갇힘,130.0
2023-01-01,송파구,폭발사고,0.0
2023-01-01,송파구,화재,34.0
2023-01-01,양천구,건물사고,0.0
2023-01-01,양천구,교통사고,21.0
2023-01-01,양천구,기계사고,6.0
2023-01-01,양천구,기타/미상,225.0
2023-01-01,양천구,산악사고,3.0
2023-01-01,양천구,수난사고,0.0
2023-01-01,양천구,승강기사고,209.0
2023-01-01,양천구,인명갇힘,27.0
2023-01-01,양천구,폭발사고,0.0
2023-01-01,양천구,화재,2.0
2023-01-01,영등포구,건물사고,2.0
2023-01-01,영등포구,교통사고,67.0
2023-01-01,영등포구,기계사고,18.0
2023-01-01,영등포구,기타/미상,657.0
2023-01-01,영등포구,산악사고,0.0
2023-01-01,영등포구,수난사고,131.0
2023-01-01,영등포구,승강기사고,409.0
2023-01-01,영등포구,인명갇힘,130.0
2023-01-01,영등포구,폭발사고,0.0
2023-01-01,영등포구,화재,36.0
2023-01-01,용산구,건물사고,0.0
2023-01-01,용산구,교통사고,37.0
2023-01-01,용산구,기계사고,11.0
2023-01-01,용산구,기타/미상,362.0
2023-01-01,용산구,산악사고,3.0
2023-01-01,용산구,수난사고,95.0
2023-01-01,용산구,승강기사고,171.0
2023-01-01,용산구,인명갇힘,58.0
2023-01-01,용산구,폭발사고,0.0
2023-01-01,용산구,화재,17.0
2023-01-01,은평구,건물사고,3.0
2023-01-01,은평구,교통사고,44.0
2023-01-01,은평구,기계사고,22.0
2023-01-01,은평구,기타/미상,262.0
2023-01-01,은평구,산악사고,218.0
2023-01-01,은평구,수난사고,1.0
2023-01-01,은평구,승강기사고,210.0
2023-01-01,은평구,인명갇힘,111.0
2023-01-01,은평구,폭발사고,0.0
2023-01-01,은평구,화재,17.0
2023-01-01,종로구,건물사고,2.0
2023-01-01,종로구,교통사고,34.0
2023-01-01,종로구,기계사고,5.0
2023-01-01,종로구,기타/미상,203.0
2023-01-01,종로구,산악사고,102.0
2023-01-01,종로구,수난사고,0.0
2023-01-01,종로구,승강기사고,125.0
2023-01-01,종로구,인명갇힘,79.0
2023-01-01,종로구,폭발사고,0.0
2023-01-01,종로구,화재,17.0
2023-01-01,중구,건물사고,0.0
2023-01-01,중구,교통사고,9.0
2023-01-01,중구,기계사고,12.0
2023-01-01,중구,기타/미상,286.0
2023-01-01,중구,산악사고,1.0
2023-01-01,중구,수난사고,1.0
2023-01-01,중구,승강기사고,114.0
2023-01-01,중구,인명갇힘,32.0
2023-01-01,중구,폭발사고,0.0
2023-01-01,중구,화재,13.0
2023-01-01,중랑구,건물사고,6.0
2023-01-01,중랑구,교통사고,26.0
2023-01-01,중랑구,기계사고,10.0
2023-01-01,중랑구,기타/미상,157.0
2023-01-01,중랑구,산악사고,34.0
2023-01-01,중랑구,수난사고,0.0
2023-01-01,중랑구,승강기사고,197.0
2023-01-01,중랑구,인명갇힘,78.0
2023-01-01,중랑구,폭발사고,0.0
2023-01-01,중랑구,화재,34.0
2024-01-01,강남구,교통사고,38.0
2024-01-01,강남구,기타/미상,80.0
2024-01-01,강남구,산악사고,10.0
2024-01-01,강남구,수난사고,36.0
2024-01-01,강남구,승강기사고,356.0
2024-01-01,강남구,안전조치,29.0
2024-01-01,강남구,위치추적,155.0
2024-01-01,강남구,인명갇힘,103.0
2024-01-01,강남구,자살추정,82.0
2024-01-01,강남구,잠금장치개방,19.0
2024-01-01,강남구,화재,43.0
2024-01-01,강동구,교통사고,13.0
2024-01-01,강동구,기타/미상,38.0
2024-01-01,강동구,산악사고,0.0
2024-01-01,강동구,수난사고,31.0
2024-01-01,강동구,승강기사고,219.0
2024-01-01,강동구,안전조치,7.0
2024-01-01,강동구,위치추적,54.0
2024-01-01,강동구,인명갇힘,59.0
2024-01-01,강동구,자살추정,80.0
2024-01-01,강동구,잠금장치개방,16.0
2024-01-01,강동구,화재,60.0
2024-01-01,강북구,교통사고,20.0
2024-01-01,강북구,기타/미상,51.0
2024-01-01,강북구,산악사고,158.0
2024-01-01,강북구,수난사고,1.0
2024-01-01,강북구,승강기사고,124.0
2024-01-01,강북구,안전조치,4.0
2024-01-01,강북구,위치추적,101.0
2024-01-01,강북구,인명갇힘,97.0
2024-01-01,강북구,자살추정,26.0
2024-01-01,강북구,잠금장치개방,8.0
2024-01-01,강북구,화재,6.0
2024-01-01,강서구,교통사고,39.0
2024-01-01,강서구,기타/미상,52.0
2024-01-01,강서구,산악사고,9.0
2024-01-01,강서구,수난사고,9.0
2024-01-01,강서구,승강기사고,311.0
2024-01-01,강서구,안전조치,11.0
2024-01-01,강서구,위치추적,94.0
2024-01-01,강서구,인명갇힘,87.0
2024-01-01,강서구,자살추정,104.0
2024-01-01,강서구,잠금장치개방,30.0
2024-01-01,강서구,화재,20.0
2024-01-01,관악구,교통사고,53.0
2024-01-01,관악구,기타/미상,307.0
2024-01-01,관악구,산악사고,302.0
2024-01-01,관악구,수난사고,0.0
2024-01-01,관악구,승강기사고,381.0
2024-01-01,관악구,안전조치,12.0
2024-01-01,관악구,위치추적,313.0
2024-01-01,관악구,인명갇힘,155.0
2024-01-01,관악구,자살추정,66.0
2024-01-01,관악구,잠금장치개방,64.0
2024-01-01,관악구,화재,118.0
2024-01-01,광진구,교통사고,27.0
2024-01-01,광진구,기타/미상,26.0
2024-01-01,광진구,산악사고,36.0
2024-01-01,광진구,수난사고,14.0
2024-01-01,광진구,승강기사고,128.0
2024-01-01,광진구,안전조치,5.0
2024-01-01,광진구,위치추적,80.0
2024-01-01,광진구,인명갇힘,105.0
2024-01-01,광진구,자살추정,58.0
2024-01-01,광진구,잠금장치개방,10.0
2024-01-01,광진구,화재,16.0
2024-01-01,구로구,교통사고,31.0
2024-01-01,구로구,기타/미상,33.0
2024-01-01,구로구,산악사고,3.0
2024-01-01,구로구,수난사고,1.0
2024-01-01,구로구,승강기사고,322.0
2024-01-01,구로구,안전조치,15.0
2024-01-01,구로구,위치추적,92.0
2024-01-01,구로구,인명갇힘,78.0
2024-01-01,구로구,자살추정,40.0
2024-01-01,구로구,잠금장치개방,14.0
2024-01-01,구로구,화재,13.0
2024-01-01,금천구,교통사고,33.0
2024-01-01,금천구,기타/미상,12.0
2024-01-01,금천구,산악사고,17.0
2024-01-01,금천구,수난사고,1.0
2024-01-01,금천구,승강기사고,134.0
2024-01-01,금천구,안전조치,6.0
2024-01-01,금천구,위치추적,70.0
2024-01-01,금천구,인명갇힘,60.0
2024-01-01,금천구,자살추정,28.0
2024-01-01,금천구,잠금장치개방,6.0
2024-01-01,금천구,화재,28.0
2024-01-01,노원구,교통사고,10.0
2024-01-01,노원구,기타/미상,88.0
2024-01-01,노원구,산악사고,109.0
2024-01-01,노원구,수난사고,0.0
2024-01-01,노원구,승강기사고,156.0
2024-01-01,노원구,안전조치,6.0
2024-01-01,노원구,위치추적,138.0
2024-01-01,노원구,인명갇힘,71.0
2024-01-01,노원구,자살추정,20.0
2024-01-01,노원구,잠금장치개방,12.0
2024-01-01,노원구,화재,3.0
2024-01-01,도봉구,교통사고,22.0
2024-01-01,도봉구,기타/미상,33.0
2024-01-01,도봉구,산악사고,185.0
2024-01-01,도봉구,수난사고,0.0
2024-01-01,도봉구,승강기사고,90.0
2024-01-01,도봉구,안전조치,6.0
2024-01-01,도봉구,위치추적,39.0
2024-01-01,도봉구,인명갇힘,43.0
2024-01-01,도봉구,자살추정,19.0
2024-01-01,도봉구,잠금장치개방,16.0
2024-01-01,도봉구,화재,2.0
2024-01-01,동대문구,교통사고,20.0
2024-01-01,동대문구,기타/미상,102.0
2024-01-01,동대문구,산악사고,5.0
2024-01-01,동대문구,수난사고,1.0
2024-01-01,동대문구,승강기사고,236.0
2024-01-01,동대문구,안전조치,10.0
2024-01-01,동대문구,위치추적,121.0
2024-01-01,동대문구,인명갇힘,112.0
2024-01-01,동대문구,자살추정,35.0
2024-01-01,동대문구,잠금장치개방,36.0
2024-01-01,동대문구,화재,52.0
2024-01-01,동작구,교통사고,30.0
2024-01-01,동작구,기타/미상,79.0
2024-01-01,동작구,산악사고,13.0
2024-01-01,동작구,수난사고,37.0
2024-01-01,동작구,승강기사고,270.0
2024-01-01,동작구,안전조치,4.0
2024-01-01,동작구,위치추적,110.0
2024-01-01,동작구,인명갇힘,65.0
2024-01-01,동작구,자살추정,115.0
2024-01-01,동작구,잠금장치개방,19.0
2024-01-01,동작구,화재,55.0
2024-01-01,마포구,교통사고,19.0
2024-01-01,마포구,기타/미상,70.0
2024-01-01,마포구,산악사고,11.0
2024-01-01,마포구,수난사고,42.0
2024-01-01,마포구,승강기사고,207.0
2024-01-01,마포구,안전조치,5.0
2024-01-01,마포구,위치추적,90.0
2024-01-01,마포구,인명갇힘,97.0
2024-01-01,마포구,자살추정,480.0
2024-01-01,마포구,잠금장치개방,22.0
2024-01-01,마포구,화재,8.0
2024-01-01,서대문구,교통사고,15.0
2024-01-01,서대문구,기타/미상,22.0
2024-01-01,서대문구,산악사고,33.0
2024-01-01,서대문구,수난사고,0.0
2024-01-01,서대문구,승강기사고,152.0
2024-01-01,서대문구,안전조치,7.0
2024-01-01,서대문구,위치추적,72.0
2024-01-01,서대문구,인명갇힘,102.0
2024-01-01,서대문구,자살추정,25.0
2024-01-01,서대문구,잠금장치개방,9.0
2024-01-01,서대문구,화재,22.0
2024-01-01,서초구,교통사고,45.0
2024-01-01,서초구,기타/미상,82.0
2024-01-01,서초구,산악사고,38.0
2024-01-01,서초구,수난사고,82.0
2024-01-01,서초구,승강기사고,221.0
2024-01-01,서초구,안전조치,9.0
2024-01-01,서초구,위치추적,95.0
2024-01-01,서초구,인명갇힘,80.0
2024-01-01,서초구,자살추정,133.0
2024-01-01,서초구,잠금장치개방,17.0
2024-01-01,서초구,화재,20.0
2024-01-01,성동구,교통사고,71.0
2024-01-01,성동구,기타/미상,47.0
2024-01-01,성동구,산악사고,0.0
2024-01-01,성동구,수난사고,10.0
2024-01-01,성동구,승강기사고,173.0
2024-01-01,성동구,안전조치,1.0
2024-01-01,성동구,위치추적,54.0
2024-01-01,성동구,인명갇힘,70.0
2024-01-01,성동구,자살추정,43.0
2024-01-01,성동구,잠금장치개방,21.0
2024-01-01,성동구,화재,19.0
2024-01-01,성북구,교통사고,47.0
2024-01-01,성북구,기타/미상,89.0
2024-01-01,성북구,산악사고,24.0
2024-01-01,성북구,수난사고,0.0
2024-01-01,성북구,승강기사고,205.0
2024-01-01,성북구,안전조치,6.0
2024-01-01,성북구,위치추적,98.0
2024-01-01,성북구,인명갇힘,90.0
2024-01-01,성북구,자살추정,36.0
2024-01-01,성북구,잠금장치개방,25.0
2024-01-01,성북구,화재,8.0
2024-01-01,송파구,교통사고,62.0
2024-01-01,송파구,기타/미상,118.0
2024-01-01,송파구,산악사고,2.0
2024-01-01,송파구,수난사고,72.0
2024-01-01,송파구,승강기사고,342.0
2024-01-01,송파구,안전조치,10.0
2024-01-01,송파구,위치추적,188.0
2024-01-01,송파구,인명갇힘,92.0
2024-01-01,송파구,자살추정,115.0
2024-01-01,송파구,잠금장치개방,37.0
2024-01-01,송파구,화재,74.0
2024-01-01,양천구,교통사고,27.0
2024-01-01,양천구,기타/미상,53.0
2024-01-01,양천구,산악사고,1.0
2024-01-01,양천구,수난사고,0.0
2024-01-01,양천구,승강기사고,209.0
2024-01-01,양천구,안전조치,11.0
2024-01-01,양천구,위치추적,27.0
2024-01-01,양천구,인명갇힘,33.0
2024-01-01,양천구,자살추정,12.0
2024-01-01,양천구,잠금장치개방,27.0
2024-01-01,양천구,화재,50.0
2024-01-01,영등포구,교통사고,56.0
2024-01-01,영등포구,기타/미상,80.0
2024-01-01,영등포구,산악사고,0.0
2024-01-01,영등포구,수난사고,36.0
2024-01-01,영등포구,승강기사고,350.0
2024-01-01,영등포구,안전조치,12.0
2024-01-01,영등포구,위치추적,185.0
2024-01-01,영등포구,인명갇힘,135.0
2024-01-01,영등포구,자살추정,201.0
2024-01-01,영등포구,잠금장치개방,37.0
2024-01-01,영등포구,화재,10.0
2024-01-01,용산구,교통사고,18.0
2024-01-01,용산구,기타/미상,54.0
2024-01-01,용산구,산악사고,0.0
2024-01-01,용산구,수난사고,51.0
2024-01-01,용산구,승강기사고,125.0
2024-01-01,용산구,안전조치,6.0
2024-01-01,용산구,위치추적,68.0
2024-01-01,용산구,인명갇힘,48.0
2024-01-01,용산구,자살추정,127.0
2024-01-01,용산구,잠금장치개방,13.0
2024-01-01,용산구,화재,11.0
2024-01-01,은평구,교통사고,22.0
2024-01-01,은평구,기타/미상,68.0
2024-01-01,은평구,산악사고,159.0
2024-01-01,은평구,수난사고,0.0
2024-01-01,은평구,승강기사고,190.0
2024-01-01,은평구,안전조치,13.0
2024-01-01,은평구,위치추적,84.0
2024-01-01,은평구,인명갇힘,92.0
2024-01-01,은평구,자살추정,24.0
2024-01-01,은평구,잠금장치개방,41.0
2024-01-01,은평구,화재,25.0
2024-01-01,종로구,교통사고,24.0
2024-01-01,종로구,기타/미상,68.0
2024-01-01,종로구,산악사고,100.0
2024-01-01,종로구,수난사고,0.0
2024-01-01,종로구,승강기사고,93.0
2024-01-01,종로구,안전조치,12.0
2024-01-01,종로구,위치추적,38.0
2024-01-01,종로구,인명갇힘,42.0
2024-01-01,종로구,자살추정,18.0
2024-01-01,종로구,잠금장치개방,9.0
2024-01-01,종로구,화재,12.0
2024-01-01,중구,교통사고,19.0
2024-01-01,중구,기타/미상,27.0
2024-01-01,중구,산악사고,0.0
2024-01-01,중구,수난사고,0.0
2024-01-01,중구,승강기사고,160.0
2024-01-01,중구,안전조치,4.0
2024-01-01,중구,위치추적,25.0
2024-01-01,중구,인명갇힘,32.0
2024-01-01,중구,자살추정,21.0
2024-01-01,중구,잠금장치개방,12.0
2024-01-01,중구,화재,1.0
2024-01-01,중랑구,교통사고,23.0
2024-01-01,중랑구,기타/미상,53.0
2024-01-01,중랑구,산악사고,15.0
2024-01-01,중랑구,수난사고,1.0
2024-01-01,중랑구,승강기사고,178.0
2024-01-01,중랑구,안전조치,13.0
2024-01-01,중랑구,위치추적,89.0
2024-01-01,중랑구,인명갇힘,55.0
2024-01-01,중랑구,자살추정,30.0
2024-01-01,중랑구,잠금장치개방,5.0
2024-01-01,중랑구,화재,13.0
2025-01-01,강남구,교통사고,38.0
2025-01-01,강남구,기타/미상,49.0
2025-01-01,강남구,산악사고,13.0
2025-01-01,강남구,수난사고,53.0
2025-01-01,강남구,승강기사고,321.0
2025-01-01,강남구,안전조치,26.0
2025-01-01,강남구,위치추적,88.0
2025-01-01,강남구,인명갇힘,102.0
2025-01-01,강남구,자살추정,83.0
2025-01-01,강남구,잠금장치개방,8.0
2025-01-01,강남구,화재,37.0
2025-01-01,강동구,교통사고,18.0
2025-01-01,강동구,기타/미상,22.0
2025-01-01,강동구,산악사고,3.0
2025-01-01,강동구,수난사고,35.0
2025-01-01,강동구,승강기사고,174.0
2025-01-01,강동구,안전조치,7.0
2025-01-01,강동구,위치추적,41.0
2025-01-01,강동구,인명갇힘,58.0
2025-01-01,강동구,자살추정,64.0
2025-01-01,강동구,잠금장치개방,11.0
2025-01-01,강동구,화재,15.0
2025-01-01,강북구,교통사고,7.0
2025-01-01,강북구,기타/미상,41.0
2025-01-01,강북구,산악사고,142.0
2025-01-01,강북구,수난사고,0.0
2025-01-01,강북구,승강기사고,96.0
2025-01-01,강북구,안전조치,0.0
2025-01-01,강북구,위치추적,58.0
2025-01-01,강북구,인명갇힘,25.0
2025-01-01,강북구,자살추정,29.0
2025-01-01,강북구,잠금장치개방,23.0
2025-01-01,강북구,화재,9.0
2025-01-01,강서구,교통사고,35.0
2025-01-01,강서구,기타/미상,39.0
2025-01-01,강서구,산악사고,18.0
2025-01-01,강서구,수난사고,29.0
2025-01-01,강서구,승강기사고,281.0
2025-01-01,강서구,안전조치,4.0
2025-01-01,강서구,위치추적,96.0
2025-01-01,강서구,인명갇힘,75.0
2025-01-01,강서구,자살추정,85.0
2025-01-01,강서구,잠금장치개방,16.0
2025-01-01,강서구,화재,33.0
2025-01-01,관악구,교통사고,25.0
2025-01-01,관악구,기타/미상,313.0
2025-01-01,관악구,산악사고,200.0
2025-01-01,관악구,수난사고,0.0
2025-01-01,관악구,승강기사고,210.0
2025-01-01,관악구,안전조치,10.0
2025-01-01,관악구,위치추적,267.0
2025-01-01,관악구,인명갇힘,162.0
2025-01-01,관악구,자살추정,69.0
2025-01-01,관악구,잠금장치개방,69.0
2025-01-01,관악구,화재,137.0
2025-01-01,광진구,교통사고,20.0
2025-01-01,광진구,기타/미상,29.0
2025-01-01,광진구,산악사고,27.0
2025-01-01,광진구,수난사고,30.0
2025-01-01,광진구,승강기사고,177.0
2025-01-01,광진구,안전조치,8.0
2025-01-01,광진구,위치추적,83.0
2025-01-01,광진구,인명갇힘,104.0
2025-01-01,광진구,자살추정,37.0
2025-01-01,광진구,잠금장치개방,12.0
2025-01-01,광진구,화재,8.0
2025-01-01,구로구,교통사고,23.0
2025-01-01,구로구,기타/미상,40.0
2025-01-01,구로구,산악사고,6.0
2025-01-01,구로구,수난사고,2.0
2025-01-01,구로구,승강기사고,320.0
2025-01-01,구로구,안전조치,18.0
2025-01-01,구로구,위치추적,103.0
2025-01-01,구로구,인명갇힘,65.0
2025-01-01,구로구,자살추정,20.0
2025-01-01,구로구,잠금장치개방,13.0
2025-01-01,구로구,화재,12.0
2025-01-01,금천구,교통사고,43.0
2025-01-01,금천구,기타/미상,15.0
2025-01-01,금천구,산악사고,19.0
2025-01-01,금천구,수난사고,2.0
2025-01-01,금천구,승강기사고,214.0
2025-01-01,금천구,안전조치,6.0
2025-01-01,금천구,위치추적,63.0
2025-01-01,금천구,인명갇힘,51.0
2025-01-01,금천구,자살추정,30.0
2025-01-01,금천구,잠금장치개방,4.0
2025-01-01,금천구,화재,23.0
2025-01-01,노원구,교통사고,17.0
2025-01-01,노원구,기타/미상,31.0
2025-01-01,노원구,산악사고,110.0
2025-01-01,노원구,수난사고,1.0
2025-01-01,노원구,승강기사고,143.0
2025-01-01,노원구,안전조치,7.0
2025-01-01,노원구,위치추적,108.0
2025-01-01,노원구,인명갇힘,53.0
2025-01-01,노원구,자살추정,24.0
2025-01-01,노원구,잠금장치개방,17.0
2025-01-01,노원구,화재,8.0
2025-01-01,도봉구,교통사고,3.0
2025-01-01,도봉구,기타/미상,32.0
2025-01-01,도봉구,산악사고,123.0
2025-01-01,도봉구,수난사고,2.0
2025-01-01,도봉구,승강기사고,91.0
2025-01-01,도봉구,안전조치,3.0
2025-01-01,도봉구,위치추적,41.0
2025-01-01,도봉구,인명갇힘,31.0
2025-01-01,도봉구,자살추정,9.0
2025-01-01,도봉구,잠금장치개방,19.0
2025-01-01,도봉구,화재,8.0
2025-01-01,동대문구,교통사고,20.0
2025-01-01,동대문구,기타/미상,53.0
2025-01-01,동대문구,산악사고,5.0
2025-01-01,동대문구,수난사고,1.0
2025-01-01,동대문구,승강기사고,184.0
2025-01-01,동대문구,안전조치,12.0
2025-01-01,동대문구,위치추적,110.0
2025-01-01,동대문구,인명갇힘,98.0
2025-01-01,동대문구,자살추정,29.0
2025-01-01,동대문구,잠금장치개방,21.0
2025-01-01,동대문구,화재,19.0
2025-01-01,동작구,교통사고,20.0
2025-01-01,동작구,기타/미상,50.0
2025-01-01,동작구,산악사고,3.0
2025-01-01,동작구,수난사고,57.0
2025-01-01,동작구,승강기사고,201.0
2025-01-01,동작구,안전조치,11.0
2025-01-01,동작구,위치추적,89.0
2025-01-01,동작구,인명갇힘,80.0
2025-01-01,동작구,자살추정,92.0
2025-01-01,동작구,잠금장치개방,14.0
2025-01-01,동작구,화재,36.0
2025-01-01,마포구,교통사고,10.0
2025-01-01,마포구,기타/미상,29.0
2025-01-01,마포구,산악사고,2.0
2025-01-01,마포구,수난사고,188.0
2025-01-01,마포구,승강기사고,154.0
2025-01-01,마포구,안전조치,6.0
2025-01-01,마포구,위치추적,99.0
2025-01-01,마포구,인명갇힘,77.0
2025-01-01,마포구,자살추정,469.0
2025-01-01,마포구,잠금장치개방,18.0
2025-01-01,마포구,화재,9.0
2025-01-01,서대문구,교통사고,28.0
2025-01-01,서대문구,기타/미상,34.0
2025-01-01,서대문구,산악사고,27.0
2025-01-01,서대문구,수난사고,2.0
2025-01-01,서대문구,승강기사고,120.0
2025-01-01,서대문구,안전조치,6.0
2025-01-01,서대문구,위치추적,47.0
2025-01-01,서대문구,인명갇힘,100.0
2025-01-01,서대문구,자살추정,20.0
2025-01-01,서대문구,잠금장치개방,6.0
2025-01-01,서대문구,화재,15.0
2025-01-01,서초구,교통사고,29.0
2025-01-01,서초구,기타/미상,53.0
2025-01-01,서초구,산악사고,20.0
2025-01-01,서초구,수난사고,74.0
2025-01-01,서초구,승강기사고,206.0
2025-01-01,서초구,안전조치,10.0
2025-01-01,서초구,위치추적,56.0
2025-01-01,서초구,인명갇힘,64.0
2025-01-01,서초구,자살추정,145.0
2025-01-01,서초구,잠금장치개방,8.0
2025-01-01,서초구,화재,30.0
2025-01-01,성동구,교통사고,32.0
2025-01-01,성동구,기타/미상,26.0
2025-01-01,성동구,산악사고,1.0
2025-01-01,성동구,수난사고,27.0
2025-01-01,성동구,승강기사고,156.0
2025-01-01,성동구,안전조치,4.0
2025-01-01,성동구,위치추적,60.0
2025-01-01,성동구,인명갇힘,64.0
2025-01-01,성동구,자살추정,26.0
2025-01-01,성동구,잠금장치개방,21.0
2025-01-01,성동구,화재,18.0
2025-01-01,성북구,교통사고,19.0
2025-01-01,성북구,기타/미상,29.0
2025-01-01,성북구,산악사고,24.0
2025-01-01,성북구,수난사고,0.0
2025-01-01,성북구,승강기사고,165.0
2025-01-01,성북구,안전조치,2.0
2025-01-01,성북구,위치추적,68.0
2025-01-01,성북구,인명갇힘,77.0
2025-01-01,성북구,자살추정,13.0
2025-01-01,성북구,잠금장치개방,18.0
2025-01-01,성북구,화재,8.0
2025-01-01,송파구,교통사고,34.0
2025-01-01,송파구,기타/미상,51.0
2025-01-01,송파구,산악사고,2.0
2025-01-01,송파구,수난사고,114.0
2025-01-01,송파구,승강기사고,307.0
2025-01-01,송파구,안전조치,7.0
2025-01-01,송파구,위치추적,124.0
2025-01-01,송파구,인명갇힘,96.0
2025-01-01,송파구,자살추정,80.0
2025-01-01,송파구,잠금장치개방,19.0
2025-01-01,송파구,화재,33.0
2025-01-01,양천구,교통사고,27.0
2025-01-01,양천구,기타/미상,9.0
2025-01-01,양천구,산악사고,0.0
2025-01-01,양천구,수난사고,0.0
2025-01-01,양천구,승강기사고,246.0
2025-01-01,양천구,안전조치,13.0
2025-01-01,양천구,위치추적,28.0
2025-01-01,양천구,인명갇힘,21.0
2025-01-01,양천구,자살추정,9.0
2025-01-01,양천구,잠금장치개방,21.0
2025-01-01,양천구,화재,19.0
2025-01-01,영등포구,교통사고,58.0
2025-01-01,영등포구,기타/미상,48.0
2025-01-01,영등포구,산악사고,0.0
2025-01-01,영등포구,수난사고,99.0
2025-01-01,영등포구,승강기사고,388.0
2025-01-01,영등포구,안전조치,23.0
2025-01-01,영등포구,위치추적,131.0
2025-01-01,영등포구,인명갇힘,120.0
2025-01-01,영등포구,자살추정,192.0
2025-01-01,영등포구,잠금장치개방,33.0
2025-01-01,영등포구,화재,11.0
2025-01-01,용산구,교통사고,27.0
2025-01-01,용산구,기타/미상,42.0
2025-01-01,용산구,산악사고,0.0
2025-01-01,용산구,수난사고,58.0
2025-01-01,용산구,승강기사고,129.0
2025-01-01,용산구,안전조치,9.0
2025-01-01,용산구,위치추적,46.0
2025-01-01,용산구,인명갇힘,48.0
2025-01-01,용산구,자살추정,117.0
2025-01-01,용산구,잠금장치개방,24.0
2025-01-01,용산구,화재,4.0
2025-01-01,은평구,교통사고,20.0
2025-01-01,은평구,기타/미상,46.0
2025-01-01,은평구,산악사고,111.0
2025-01-01,은평구,수난사고,9.0
2025-01-01,은평구,승강기사고,183.0
2025-01-01,은평구,안전조치,10.0
2025-01-01,은평구,위치추적,121.0
2025-01-01,은평구,인명갇힘,83.0
2025-01-01,은평구,자살추정,32.0
2025-01-01,은평구,잠금장치개방,39.0
2025-01-01,은평구,화재,84.0
2025-01-01,종로구,교통사고,30.0
2025-01-01,종로구,기타/미상,49.0
2025-01-01,종로구,산악사고,81.0
2025-01-01,종로구,수난사고,0.0
2025-01-01,종로구,승강기사고,103.0
2025-01-01,종로구,안전조치,5.0
2025-01-01,종로구,위치추적,29.0
2025-01-01,종로구,인명갇힘,70.0
2025-01-01,종로구,자살추정,17.0
2025-01-01,종로구,잠금장치개방,19.0
2025-01-01,종로구,화재,7.0
2025-01-01,중구,교통사고,23.0
2025-01-01,중구,기타/미상,45.0
2025-01-01,중구,산악사고,3.0
2025-01-01,중구,수난사고,0.0
2025-01-01,중구,승강기사고,115.0
2025-01-01,중구,안전조치,4.0
2025-01-01,중구,위치추적,32.0
2025-01-01,중구,인명갇힘,60.0
2025-01-01,중구,자살추정,19.0
2025-01-01,중구,잠금장치개방,11.0
2025-01-01,중구,화재,5.0
2025-01-01,중랑구,교통사고,16.0
2025-01-01,중랑구,기타/미상,36.0
2025-01-01,중랑구,산악사고,20.0
2025-01-01,중랑구,수난사고,1.0
2025-01-01,중랑구,승강기사고,109.0
2025-01-01,중랑구,안전조치,6.0
2025-01-01,중랑구,위치추적,65.0
2025-01-01,중랑구,인명갇힘,42.0
2025-01-01,중랑구,자살추정,13.0
2025-01-01,중랑구,잠금장치개방,9.0
2025-01-01,중랑구,화재,7.0
